frame_num,filename,timestamp,mu_x,mu_y,sigma_x,sigma_y,fwhm_x,fwhm_y,amp_x,amp_y,offset_x,offset_y,fit_ok,n_peaks_x,n_peaks_y
1,overnight0001 25-11-05 16-15-39.fits,2025-11-05 16:15:39,2559.999691708835,1050.9201927230704,1279.9999999700503,3.356522823063039,3014.169657569089,7.904007225352715,22.310790375326835,1735.6275698719244,29084.34502823263,38789.30948018372,False,2,1
2,overnight0002 25-11-05 16-16-38.fits,2025-11-05 16:16:38,2516.214530234746,1050.240289753313,47.07097847202944,3.264546133623168,110.84368364515521,7.687418673384119,55.704315239597676,1653.362304330489,29093.79071398987,38787.48517199231,True,1,1
3,overnight0003 25-11-05 16-17-39.fits,2025-11-05 16:17:39,2219.012780004045,1052.0153623337976,1279.9999999727663,4.515799752533835,3014.1696575754845,10.633895776612475,26.903947692643282,1331.6164631426825,29078.933135656407,38789.39107232168,False,2,1
4,overnight0004 25-11-05 16-18-39.fits,2025-11-05 16:18:39,1337.4299856846162,1050.8014042458249,4.2889009908946845,3.485331157500083,10.099590024511905,8.207327673252117,1370.0710218431348,1620.0108011984294,29079.708517260646,38773.24473418796,True,1,1
5,overnight0005 25-11-05 16-19-39.fits,2025-11-05 16:19:39,2559.999999962892,1052.89940424248,1279.9999995898233,3.6773409889190303,3014.169656673723,8.659476273120466,18.770879909796765,1559.6548015781,29082.3516527044,38783.94714998758,False,1,1
6,overnight0006 25-11-05 16-20-39.fits,2025-11-05 16:20:39,1336.963712343303,430.7199925359457,4.858532958548108,959.9999982124386,11.440970800232607,2260.627239020326,1264.0412397062748,28.054390805349936,29080.100714119493,38759.93602151624,False,1,1
7,overnight0007 25-11-05 16-21-39.fits,2025-11-05 16:21:39,2312.553615582035,1052.2387974662963,1279.999999999832,4.190490730720519,3014.1696576392196,9.867851571217068,19.92044977227907,1426.929435433616,29079.892129559747,38783.3961090497,False,1,1
8,overnight0008 25-11-05 16-22-40.fits,2025-11-05 16:22:40,2559.9999971571547,73.77655682614918,1279.999999999822,11.589749513880228,3014.169657639196,27.29177447217286,14.429905767673048,152.48024052846662,29089.968540977454,38795.822092219285,False,1,1
9,overnight0009 25-11-05 16-23-40.fits,2025-11-05 16:23:40,2559.999999302731,1053.4109979083228,1279.9999996289107,3.2796158365805255,3014.169656765767,7.722905111980768,20.13922686059411,1550.8543606964245,29085.743180899102,38790.40769318278,False,2,2
10,overnight0010 25-11-05 16-24-40.fits,2025-11-05 16:24:40,2157.59748894436,1051.3107330884425,1279.9999999726306,3.6097601770903665,3014.1696575751653,8.500335622766864,21.608643840770974,1561.6464662144695,29079.121722239055,38785.65037094499,False,2,1
11,overnight0011 25-11-05 16-25-40.fits,2025-11-05 16:25:40,1336.626690766843,1052.3253876876745,4.704502797896329,3.5802019197974446,11.078257490390461,8.43073124599731,1242.7763827026838,1548.7548123295883,29092.60454469042,38790.53339051556,True,2,1
12,overnight0012 25-11-05 16-26-40.fits,2025-11-05 16:26:40,2030.3654718832724,1051.666052134132,1279.9999998619219,4.803013926916921,3014.169657314466,11.31023347166678,27.424059726307217,1322.8259334262864,29069.644487999885,38778.91302515068,False,1,1
13,overnight0013 25-11-05 16-27-40.fits,2025-11-05 16:27:40,1888.2911916878343,1054.9102875300778,1279.9999999325657,3.030551957325764,3014.1696574808198,7.136404496618487,24.97152543173733,1865.032416538254,29079.666917878865,38791.79861580041,False,2,1
14,overnight0014 25-11-05 16-28-39.fits,2025-11-05 16:28:39,2559.999993066265,1054.981544391256,1279.9999988559389,3.3133479552684553,3014.169654945557,7.802338181228468,21.811592039051128,1664.034216182731,29082.96267933843,38787.4758562078,False,1,1
15,overnight0015 25-11-05 16-29-40.fits,2025-11-05 16:29:40,2502.920836164942,1054.292980909512,39.634086160283054,3.348373757602819,93.33114055671827,7.88481764265872,48.68938426097718,1642.4495659357244,29100.510932800928,38795.82745312536,True,2,1
16,overnight0016 25-11-05 16-30-40.fits,2025-11-05 16:30:40,2558.824061728423,1054.6987601673243,1279.9999999999452,3.6969800093499403,3014.169657639486,8.705722632095945,27.241161778713092,1602.874188645323,29075.575815308097,38781.43189458137,False,1,1
17,overnight0017 25-11-05 16-31-40.fits,2025-11-05 16:31:40,1336.076507792183,1054.8165058388793,4.236957480024105,3.9243695284201077,9.97727240390458,9.241184029632324,1382.5414284292715,1429.829247427887,29089.657324207543,38786.53169882653,True,1,1
18,overnight0018 25-11-05 16-32-40.fits,2025-11-05 16:32:40,1938.4415400814692,1054.7754189898944,1279.9999999294553,3.5154757423030314,3014.169657473495,8.278312745795235,28.21016794856817,1684.3386428368224,29071.446878306655,38783.48886625386,False,1,1
19,overnight0019 25-11-05 16-33-40.fits,2025-11-05 16:33:40,2173.9132325397645,1055.1001552825865,1279.9999999999884,3.5179406149665895,3014.169657639588,8.28411707735183,25.044747167614705,1557.130469547421,29078.579607215663,38788.29841648359,False,1,1
20,overnight0020 25-11-05 16-34-40.fits,2025-11-05 16:34:40,2446.560903058412,1055.9290879249224,1279.9999999998665,3.377480966329459,3014.169657639301,7.95335988122311,25.177761926001715,1767.8615708922641,29081.023839009682,38788.24329483165,False,1,1
21,overnight0021 25-11-05 16-35-40.fits,2025-11-05 16:35:40,1334.2168668381423,1055.1044850019616,4.9292950459737535,3.5030598412254528,11.60760278213075,8.249075533060632,1235.8440295356459,1617.62561351965,29058.86368043405,38745.70668833459,True,2,1
22,overnight0022 25-11-05 16-36-39.fits,2025-11-05 16:36:39,1838.026809224408,1058.1603862897111,1279.9999989810894,3.261459877900333,3014.169655240264,7.680151096543897,19.09763440806772,1663.2406991451562,29050.192840003605,38746.87112619257,False,1,1
23,overnight0023 25-11-05 16-37-40.fits,2025-11-05 16:37:40,1334.660290352826,1057.7194515909919,4.65252741198733,3.0471194562024673,10.95586480980373,7.175417975069376,1343.6130676725286,1855.1261891408683,29056.127958503075,38742.28518435727,True,1,1
24,overnight0024 25-11-05 16-38-40.fits,2025-11-05 16:38:40,1333.0246641305687,1059.081774003026,4.642195078836499,4.392779647571959,10.931534024588217,10.344205567506437,1315.4682113256215,1356.7388226178448,29064.12065357638,38752.35253110232,True,1,1
25,overnight0025 25-11-05 16-39-40.fits,2025-11-05 16:39:40,2537.7047931453194,1058.6950847471298,60.288901270152984,3.363935336831578,141.9695132038481,7.921462361358937,54.15770194944577,1658.9118278059452,29064.625629609236,38748.281682695546,True,1,1
26,overnight0026 25-11-05 16-40-40.fits,2025-11-05 16:40:40,2131.555723546707,1057.8312935997433,1279.9999999599738,3.2013844905412383,3014.1696575453607,7.538684370177702,23.41349387721641,1785.0981252234037,29049.578341591652,38748.12247764632,False,1,1
27,overnight0027 25-11-05 16-41-40.fits,2025-11-05 16:41:40,1330.1237320831233,1059.5898985456095,4.159212127236641,3.881691835676431,9.794196088752658,9.140685743283843,1498.7854930320943,1512.6084412076189,29051.41455620441,38735.692386784765,True,1,1
28,overnight0028 25-11-05 16-42-40.fits,2025-11-05 16:42:40,2082.950929881747,1060.097759280453,1279.9999994042607,3.423356053910861,3014.1696562367565,8.061387457027347,25.66910449934589,1609.6249697830863,29046.868563313372,38747.41701959504,False,1,1
29,overnight0029 25-11-05 16-43-40.fits,2025-11-05 16:43:40,2228.1457018428946,1060.86747010374,1279.9999999999188,3.0781575558224543,3014.169657639424,7.248507114214188,22.04735213731712,1815.9022849836679,29049.229802906182,38745.68899324329,False,1,1
30,overnight0030 25-11-05 16-44-40.fits,2025-11-05 16:44:40,1330.2186074802244,1061.4626649629727,4.933751798624652,3.405098765843324,11.61809763260883,8.018394829118007,1239.1456848552978,1674.895279148029,29059.215775000557,38746.156894837935,True,1,1
31,overnight0031 25-11-05 16-45-40.fits,2025-11-05 16:45:40,2082.0646920840504,1060.0230765865815,1279.9999971373231,3.3116469360550265,3014.1696508985265,7.798332587087703,25.33637439882466,1714.3833612025549,29047.62891039163,38747.89051427272,False,1,1
32,overnight0032 25-11-05 16-46-40.fits,2025-11-05 16:46:40,1329.2188885029561,1059.7933824220818,5.139874911110753,3.8759583900025496,12.10348046963527,9.12718451048389,1233.0364473356526,1494.6268087786418,29058.6858826263,38745.6254288179,True,1,1
33,overnight0033 25-11-05 16-47-39.fits,2025-11-05 16:47:39,2075.147741334726,1059.9595790278183,1279.9999995291669,3.316110842193,3014.169656530888,7.808844282740539,22.20632854321479,1754.660895331791,29050.27611347626,38748.184274640815,False,1,1
34,overnight0034 25-11-05 16-48-40.fits,2025-11-05 16:48:40,2435.868662634495,1060.0149697372074,1279.9999999999225,3.4498215141906647,3014.1696576394324,8.123708853395199,21.658615654079593,1726.1521043299829,29057.08861415321,38753.468352865035,False,1,1
35,overnight0035 25-11-05 16-49-40.fits,2025-11-05 16:49:40,1328.2902144938594,1059.8934846393204,4.423669787886731,3.483655661497227,10.416946289113483,8.203382181679222,1390.8794553641874,1700.3838060811509,29058.859858999906,38745.44575931806,True,1,1
36,overnight0036 25-11-05 16-50-40.fits,2025-11-05 16:50:40,1327.5196248149848,1061.0712078006673,4.984312667706975,3.285848277555299,11.73715938061807,7.737581388917636,1268.680854408268,1853.2548987406385,29059.257160516998,38745.981693217705,True,2,1
37,overnight0037 25-11-05 16-51-40.fits,2025-11-05 16:51:40,1327.3603078107192,1062.2705840254255,4.164906739862037,3.365183715121132,9.807605876711627,7.924402067578962,1396.9980916266504,1707.0086517901148,29059.961139558673,38746.71142200198,True,1,1
38,overnight0038 25-11-05 16-52-40.fits,2025-11-05 16:52:40,2559.999999947736,1063.1977004004489,117.40546762196124,3.4636793980225478,276.4687485524264,8.156341676024228,41.80833479423519,1683.5043800970343,29062.743350455545,38745.90497450794,True,1,1
39,overnight0039 25-11-05 16-53-40.fits,2025-11-05 16:53:40,2472.903991511178,1061.6358360524375,1279.9999999999998,3.784996866925082,3014.169657639615,8.912986492614523,21.778607613220533,1683.2647066738614,29050.236769370367,38743.53952662642,False,1,1
40,overnight0040 25-11-05 16-54-39.fits,2025-11-05 16:54:39,1326.7008656924475,1062.446907839594,4.70955700058009,3.65320796863773,11.09015922818183,8.602647353214923,1310.156620871415,1614.9562383750688,29057.484944757507,38743.6663891548,True,1,1
41,overnight0041 25-11-05 16-55-40.fits,2025-11-05 16:55:40,1325.7952370612973,1060.8698576774725,4.917504675882823,3.2765963193174703,11.579838582302292,7.715794692203408,1265.7107005736548,1759.5603098552438,29060.40015585186,38747.79914763757,True,1,1
42,overnight0042 25-11-05 16-56-40.fits,2025-11-05 16:56:40,2559.9999207696737,1060.4084044500332,1279.9999994798552,3.4029497464747673,3014.169656414768,8.013334275231768,19.12465738178327,1659.1373451080794,29054.24166470973,38746.86597627666,False,1,1
43,overnight0043 25-11-05 16-57-40.fits,2025-11-05 16:57:40,1762.851332087354,1058.5859854365033,1279.9999995487935,3.4653609466913684,3014.1696565771053,8.16030142053626,23.360793348522574,1657.1234683064893,29042.786376975604,38741.55344247408,False,1,1
44,overnight0044 25-11-05 16-58-40.fits,2025-11-05 16:58:40,2480.1595355353516,1059.9697872773793,1279.9999999999998,2.9660995718278502,3014.169657639615,6.9846307272979375,15.53725889404724,1770.5461161282649,29057.690684166915,38749.671953460704,False,2,1
45,overnight0045 25-11-05 16-59-40.fits,2025-11-05 16:59:40,2300.2607363061666,1059.9325213685393,1279.9999999833199,3.5592572295818514,3014.1696576003364,8.381410269640668,23.686756810805885,1774.033125654581,29043.722175429328,38738.25705565645,False,1,1
46,overnight0046 25-11-05 17-00-40.fits,2025-11-05 17:00:40,1325.0340741899936,1060.861458662071,4.310510553052447,4.045953374692571,10.150476654645345,9.527492107986681,1443.5391675383373,1511.0844149672369,29058.408898128582,38744.686996600554,True,1,1
47,overnight0047 25-11-05 17-01-40.fits,2025-11-05 17:01:40,1323.8757721686675,1061.5898390109212,4.734065927417244,3.894931091432123,11.147873340380157,9.171861808118637,1302.5930144158854,1579.6980639215055,29054.75145441877,38739.68655190392,True,1,1
48,overnight0048 25-11-05 17-02-40.fits,2025-11-05 17:02:40,1323.6716616289991,1061.4964140471684,4.433449731024385,3.7682785918772588,10.439976295253294,8.873617963413569,1378.5950208472261,1735.9474510001246,29061.05494496689,38747.5123994087,True,1,1
49,overnight0049 25-11-05 17-03-40.fits,2025-11-05 17:03:40,1993.6922167161824,792.067399967167,1279.9999985074749,959.9999999870789,3014.169654124987,2260.6272431992847,25.840087422220456,36.072520333063004,29049.08916216088,38727.97540732025,False,2,1
50,overnight0050 25-11-05 17-04-40.fits,2025-11-05 17:04:40,1322.3558858765202,1058.995341524255,4.754940144593948,3.3687160344971097,11.197028365412189,7.932720044050964,1282.019624889745,1699.4673171362401,29057.08116326404,38743.25911245797,True,1,1
51,overnight0051 25-11-05 17-05-40.fits,2025-11-05 17:05:40,2018.1101350633273,1381.9966205061876,1279.9999999944446,959.9999999142789,3014.169657626533,2260.6272430278536,19.58450220923907,31.093492596993226,29046.552769862934,38723.74859523716,False,1,1
52,overnight0052 25-11-05 17-06-40.fits,2025-11-05 17:06:40,1321.9800089692742,1057.6623524994525,4.541825189100738,3.564978469456063,10.6951809963209,8.394882759978891,1307.9494996999426,1656.3632726558667,29056.21266793661,38741.66333968132,True,1,1
53,overnight0053 25-11-05 17-07-40.fits,2025-11-05 17:07:40,1322.1319102846783,1058.6332966985474,5.333023431839064,3.4806868630595593,12.558310477914372,8.196391195608545,1211.8448471944405,1723.6715412692074,29056.80670717633,38743.013714080276,True,2,1
54,overnight0054 25-11-05 17-08-39.fits,2025-11-05 17:08:39,1321.5540599040662,1057.2942299110516,4.787567421067272,3.361101258954724,11.27385973006634,7.9147886179653435,1274.6371773755122,1706.2053328893837,29059.18614178852,38746.06154500367,True,1,1
55,overnight0055 25-11-05 17-09-40.fits,2025-11-05 17:09:40,2311.0432958453666,1845.4958960459223,1279.9999999858728,122.94417568360119,3014.169657606348,289.5114093195507,24.37030804367741,15.27701342146802,29043.66571785987,38745.158367174045,False,1,1
56,overnight0056 25-11-05 17-10-40.fits,2025-11-05 17:10:40,2559.9999999258603,1056.5071694951291,106.93041126700348,3.6011386864321047,251.80187587494305,8.480033563746742,43.88313022640622,1581.0287187719423,29064.712825842493,38748.56901180595,True,1,1
57,overnight0057 25-11-05 17-11-40.fits,2025-11-05 17:11:40,1320.2098562072822,1055.1162600473717,5.330930542088648,2.9031524152913524,12.553382099178053,6.836401501308091,1196.357209697206,1964.721442308433,29061.23300151966,38749.19035342497,True,1,1
58,overnight0058 25-11-05 17-12-40.fits,2025-11-05 17:12:40,1319.6505872658893,1056.439334811795,4.008185128289126,3.6141203692218777,9.438554684290182,8.510603090598334,1481.7865435488764,1654.7298796308844,29057.684939786413,38743.52623849137,True,1,1
59,overnight0059 25-11-05 17-13-40.fits,2025-11-05 17:13:40,1318.6931789244363,1056.0703895447734,3.91330305329011,3.673836613227632,9.215124472168368,8.651224098997043,1506.1177877232615,1518.488408546371,29058.344607520914,38744.87100375149,True,1,1
60,overnight0060 25-11-05 17-14-40.fits,2025-11-05 17:14:40,1935.7472391881554,1055.0545331359247,1279.9999999782754,3.112649986560964,3014.1696575884575,7.3297305815190725,31.618297970049024,1845.6106003205025,29040.233710182707,38745.66566289096,False,1,1
61,overnight0061 25-11-05 17-15-40.fits,2025-11-05 17:15:40,1921.1162789585674,1054.6547679660475,1279.9999978844983,2.8924858667459885,3014.1696526579894,6.811283698982173,27.120256323876184,1923.014873977838,29037.517638169156,38737.725207399824,False,1,1
62,overnight0062 25-11-05 17-16-40.fits,2025-11-05 17:16:40,1948.3773815198074,1053.6376281610753,1279.9999936178142,3.1656604082516866,3014.169642610716,7.45456058511193,27.138195977940025,1668.0723712995452,29045.83868218713,38748.98730333336,False,1,1
63,overnight0063 25-11-05 17-17-40.fits,2025-11-05 17:17:40,2559.999997235589,1054.1520900077737,1279.9999966285059,3.1008228370050572,3014.169649700353,7.301879772669245,15.29995518753777,1795.0749647562432,29056.001007418858,38746.26644896976,False,1,1
64,overnight0064 25-11-05 17-18-40.fits,2025-11-05 17:18:40,1935.0295498216442,1054.0066805680954,1279.9999992728908,3.458813356272298,3014.1696559274037,8.144883023370781,26.751470179477575,1752.768699436685,29043.04057581985,38743.94196177354,False,1,1
65,overnight0065 25-11-05 17-19-40.fits,2025-11-05 17:19:40,2559.9999999999827,1054.506330492533,125.6560805600769,3.570805418135524,295.8974572828929,8.408604175530652,44.17017056494161,1676.482461844127,29056.787451062573,38738.17934311503,True,1,1
66,overnight0066 25-11-05 17-20-40.fits,2025-11-05 17:20:40,2559.999999994414,1055.1011057845183,120.43872900556558,3.263894827947094,283.6115332603562,7.685884965722659,48.37047024814578,1771.623163412761,29060.04757013004,38742.97119453246,True,1,1
67,overnight0067 25-11-05 17-21-39.fits,2025-11-05 17:21:39,1313.5898365510595,1054.5923061985368,4.244531290486779,3.270523963789004,9.99510736459935,7.701495387684421,1407.361435766948,1733.8191332045456,29060.11188721844,38747.21154782519,True,1,1
68,overnight0068 25-11-05 17-22-40.fits,2025-11-05 17:22:40,2131.686145766581,1054.471489863092,1279.999999988689,2.8593579873324786,3014.16965761298,6.733273504489872,23.787262489027615,1966.5114923865362,29048.071682550904,38746.59652532033,False,1,1
69,overnight0069 25-11-05 17-23-40.fits,2025-11-05 17:23:40,1846.3577932949136,1053.5499393635519,1279.9999938035633,2.9507872549782883,3014.1696430481215,6.948572976644725,28.07352887565759,1849.822609434944,29040.308709789966,38743.15767575898,False,1,1
70,overnight0070 25-11-05 17-24-40.fits,2025-11-05 17:24:40,1821.6901765603188,1054.875858014066,1279.999998795499,3.5306692312567463,3014.1696548032323,8.314090678137399,36.74790030367134,1608.9127612162379,29034.42500702655,38744.4859379549,False,1,1
71,overnight0071 25-11-05 17-25-40.fits,2025-11-05 17:25:40,2205.6506921567716,1054.8087932494857,1279.9999999833194,3.866174461235405,3014.1696576003355,9.104145118903862,18.560690706213844,1583.6131233949075,29051.428054156764,38744.81515971262,False,1,1
72,overnight0072 25-11-05 17-26-40.fits,2025-11-05 17:26:40,1896.2221943753177,1053.8979161808907,1279.9999748017865,3.108286472565696,3014.169598302357,7.319455291296243,28.821675739883815,1722.0213180852031,29045.093803125746,38750.08134528908,False,1,1
73,overnight0073 25-11-05 17-27-40.fits,2025-11-05 17:27:40,1310.55799161685,1054.0693143124074,3.6726473591468656,3.737159484332934,8.64842361964902,8.800338065184718,1605.7698026281698,1583.3299897041784,29059.90560338836,38746.5150456981,True,1,1
74,overnight0074 25-11-05 17-28-39.fits,2025-11-05 17:28:39,2174.9001707917587,1053.852333423307,1279.999999910592,3.181907260422661,3014.169657429075,7.492818998272795,16.03879688201098,1738.069470357848,29053.612723688664,38746.300730973715,False,1,1
75,overnight0075 25-11-05 17-29-40.fits,2025-11-05 17:29:40,2559.9998749906927,1053.1510450203914,1279.9999998276778,3.5976833174309513,3014.1696572338274,8.471896791559848,15.590603817182199,1645.4478016256567,29053.02681552154,38742.07096962233,False,1,1
76,overnight0076 25-11-05 17-30-40.fits,2025-11-05 17:30:40,2559.9999920077175,1052.0617858514827,1279.9999999473214,3.5791527107353502,3014.1696575155665,8.428260547466461,14.866831459143437,1543.7137887970043,29062.279535893227,38754.34604637884,False,1,1
77,overnight0077 25-11-05 17-31-40.fits,2025-11-05 17:31:40,1310.3855993540285,1054.3168805642058,4.134284178747896,3.2263124250547186,9.73549525596986,7.597385170051264,1467.108618072285,1818.9424563369946,29062.287182300093,38749.973390886415,True,1,1
78,overnight0078 25-11-05 17-32-40.fits,2025-11-05 17:32:40,1309.5275549499315,1054.1898474317557,4.317312932887567,3.2194061616809044,10.166495035035,7.581122162622343,1387.0786489121858,1629.180801230357,29059.0817091367,38746.41288955917,True,1,1
79,overnight0079 25-11-05 17-33-40.fits,2025-11-05 17:33:40,2049.1875369156987,1054.2467778071214,1279.9999999764757,3.7490746145111786,3014.1696575842197,8.828396052567603,17.839075489289968,1671.8246767693238,29050.70897414745,38743.99060763354,False,1,1
80,overnight0080 25-11-05 17-34-40.fits,2025-11-05 17:34:40,2002.4432762146394,1054.0232417904808,1279.999999987498,3.5385705738177204,3014.1696576101754,8.332696917982636,19.621467117709486,1649.9501716119569,29049.657538578576,38745.238613663256,False,1,1
81,overnight0081 25-11-05 17-35-39.fits,2025-11-05 17:35:39,1991.4512195540303,1053.7639067648242,1279.9999996792646,3.659686950308535,3014.1696568843413,8.617904189124722,26.023944306239283,1542.2853555373938,29038.81805269646,38737.651502175664,False,1,1
82,overnight0082 25-11-05 17-36-40.fits,2025-11-05 17:36:40,1306.6117584980852,1855.8930651812827,4.3128886679223095,46.87772121436885,10.156076687210284,110.38859758096834,1434.2446761750452,32.019686143552875,29050.120177810204,38739.780932135094,True,1,1
83,overnight0083 25-11-05 17-37-40.fits,2025-11-05 17:37:40,1797.8205344341065,1053.1211657996748,1279.999998846829,3.982220360592071,3014.1696549241046,9.377412328852584,23.47503396347747,1449.8331351733252,29046.64586884597,38746.59002276141,False,1,1
84,overnight0084 25-11-05 17-38-40.fits,2025-11-05 17:38:40,1930.3749763433848,1052.8575160623604,1279.99999952912,3.3463390855506105,3014.1696565307775,7.880026356125114,22.67722059102008,1819.703856206924,29051.537865080143,38751.033475375676,False,1,1
85,overnight0085 25-11-05 17-39-40.fits,2025-11-05 17:39:40,2559.99999603178,1699.7301985153456,114.15878970821781,959.9977209108492,268.82340632138414,2260.6218763848947,37.81890682177392,32.74550041619619,29061.936679326303,38729.39223440989,False,1,1
86,overnight0086 25-11-05 17-40-40.fits,2025-11-05 17:40:40,2559.9998831906328,1052.7782403419578,1279.9999999999939,3.80773076841334,3014.1696576396007,8.966520739540833,16.319989168192045,1621.0015611239633,29055.804723737172,38746.026689712606,False,1,1
87,overnight0087 25-11-05 17-41-40.fits,2025-11-05 17:41:40,1306.9891122186825,1051.9320061629655,4.06202300399595,3.284496609140039,9.565333193186495,7.734398453039147,1475.6784535634843,1696.333629893099,29058.432683190345,38745.128679555906,True,1,1
88,overnight0088 25-11-05 17-42-40.fits,2025-11-05 17:42:40,2519.6026368098765,1052.7179296356367,49.70244622607942,3.503769020373837,117.04031666024467,8.250745522334764,53.91074677666348,1706.2303952473335,29062.707852473774,38745.23217790587,True,1,1
89,overnight0089 25-11-05 17-43-40.fits,2025-11-05 17:43:40,2141.337838520195,1051.5298307022197,1279.999999998867,4.1710223663192965,3014.1696576369472,9.822007076481103,20.157324466875885,1430.678486276746,29052.49672420883,38748.439565923305,False,1,1
90,overnight0090 25-11-05 17-44-40.fits,2025-11-05 17:44:40,1304.0911110522102,1050.372610942592,4.3890099575666,3.95760450019191,10.335328625918265,9.319446407356601,1437.9103774518726,1605.62684019372,29058.636977159127,38744.79259946197,True,1,1
91,overnight0091 25-11-05 17-45-40.fits,2025-11-05 17:45:40,2211.6690633204207,1050.3648861569704,1279.9999996679298,4.101635191140124,3014.16965685765,9.658612765501113,21.038814072716796,1423.4043711675192,29046.582397831793,38741.02270238502,False,1,1
92,overnight0092 25-11-05 17-46-40.fits,2025-11-05 17:46:40,2132.890046933588,1051.0172542319342,1279.9999999974098,3.2506499242000966,3014.1696576335157,7.654695600884724,21.714581040965633,1746.1104864470653,29047.736280194942,38744.051246428855,False,1,1
93,overnight0093 25-11-05 17-47-40.fits,2025-11-05 17:47:40,1301.7613351421144,1050.1488628367827,4.236444073765007,3.2619970139092445,9.976063424554413,7.6814159551845895,1402.0929702643493,1693.6209248852047,29051.06090142497,38735.29006016704,True,1,1
94,overnight0094 25-11-05 17-48-40.fits,2025-11-05 17:48:40,1303.1636506440173,1049.026735827732,4.530785639924151,3.270875486569077,10.669184844631767,7.702323160573222,1363.8511571577062,1675.6372633405701,29059.342870583467,38746.702432095044,True,1,1
95,overnight0095 25-11-05 17-49-40.fits,2025-11-05 17:49:40,1301.9612856658925,1050.0826818720336,4.2376084174490165,3.0115925301004234,9.978805244400823,7.09175845734595,1375.7199600717752,1785.6059715813724,29048.028106446513,38731.29456370704,True,1,1
96,overnight0096 25-11-05 17-50-40.fits,2025-11-05 17:50:40,2087.860761090501,1666.6570901498687,1279.999999965958,126.84743622198658,3014.1696575594524,298.7028854763189,18.442223153137697,13.28287497324003,29051.029213148555,38750.81257734116,False,1,1
97,overnight0097 25-11-05 17-51-39.fits,2025-11-05 17:51:39,2494.0344956217446,1049.5058450450706,1279.9999999999998,3.6609374026572246,3014.169657639615,8.620848779380772,20.163533297766833,1636.8284089907497,29043.89460730782,38734.03982568821,False,1,1
98,overnight0098 25-11-05 17-52-39.fits,2025-11-05 17:52:39,2072.371161408767,854.8642348997189,1279.9999992261385,959.999998169095,3014.1696558173103,2260.6272389182595,24.157812846009442,52.052631754947456,29045.109796323944,38706.505390922306,False,1,1
99,overnight0099 25-11-05 17-53-40.fits,2025-11-05 17:53:40,1803.544069284715,1049.6467769353474,1279.999999996566,3.75676420791427,3014.1696576315285,8.84650366125134,32.86370251317747,1529.6522005226389,29040.17284055734,38748.053934236705,False,1,1
100,overnight0100 25-11-05 17-54-40.fits,2025-11-05 17:54:40,1300.7700914075167,1050.1553279825996,3.7753101370545052,3.3900624341184793,8.89017598694449,7.982986973768607,1484.2093211562637,1647.9536815341146,29056.63026687862,38742.19547154712,True,1,1
101,overnight0101 25-11-05 17-55-40.fits,2025-11-05 17:55:40,1300.725370762602,1287.163361907886,3.7379775905106167,455.2775586143772,8.80226455801089,1072.0967210778883,1532.9483753354475,37.149732519625395,29057.98347750051,38731.249587929095,False,1,1
102,overnight0102 25-11-05 17-56-40.fits,2025-11-05 17:56:40,1301.487578440395,1049.6002067857664,4.008001632204731,4.065818672975775,9.438122584032463,9.57427131058449,1491.623662184179,1514.261267236836,29059.546210195815,38745.828860559384,True,1,1
103,overnight0103 25-11-05 17-57-40.fits,2025-11-05 17:57:40,1300.1456887249465,1049.5881880770821,4.137514135598833,3.5527047796075304,9.743101223107033,8.365980429097073,1448.916141344454,1696.545245938146,29062.457807233215,38749.90142615897,True,1,1
104,overnight0104 25-11-05 17-58-40.fits,2025-11-05 17:58:40,1905.7806910077366,1048.0577790096938,1279.9999999871227,3.7167117234272085,3014.1696576092913,8.752187267927916,24.18414472306336,1570.6953597077588,29039.48390265245,38737.030599303915,False,1,1
105,overnight0105 25-11-05 17-59-40.fits,2025-11-05 17:59:40,1835.2865654101643,1050.0215473330754,1279.9999999998586,4.050554542289854,3014.169657639282,9.53832702967531,32.466203520179654,1502.0113661058656,29039.367456209577,38745.853503286635,False,1,1
106,overnight0106 25-11-05 18-00-40.fits,2025-11-05 18:00:40,2081.8315307594085,1049.4419659387388,1279.9999998182586,3.3649115922968917,3014.169657211647,7.9237612672977304,16.038234989045986,1711.373513974675,29052.67814513625,38745.29545772743,False,1,1
107,overnight0107 25-11-05 18-01-40.fits,2025-11-05 18:01:40,2069.085058275987,1047.3922055890896,1279.99999999973,3.5788452025038913,3014.1696576389795,8.42753642091901,19.95716998042976,1738.3168827367053,29050.155703866712,38745.30356603848,False,1,1
108,overnight0108 25-11-05 18-02-40.fits,2025-11-05 18:02:40,2140.3363691480567,1048.631949886647,1279.9999999995985,3.2368433425501797,3014.1696576386694,7.6221835856621425,18.72485458096089,1722.68084104929,29047.65561811826,38741.11193769276,False,1,1
109,overnight0109 25-11-05 18-03-40.fits,2025-11-05 18:03:40,1297.7900628470004,1919.9988983347919,3.8321400842740685,708.6174425132664,9.024000285815168,1668.666557888806,1508.8511359843646,2.181327453491679e-10,29057.80560631288,38751.289581289966,False,1,1
110,overnight0110 25-11-05 18-04-40.fits,2025-11-05 18:04:40,2109.626856630569,1048.8052275212253,1279.9999999998704,3.1992513706501775,3014.16965763931,7.533661256699777,17.138298496026806,1855.236418268061,29047.845457372398,38739.54491646526,False,1,1
111,overnight0111 25-11-05 18-05-40.fits,2025-11-05 18:05:40,1733.9187587374474,1050.1446093613044,1206.3307530999182,3.2188386521931056,2840.6918383369684,7.5797857799047295,22.612571912812655,1944.0971116602332,29048.101607773202,38746.773533693144,False,1,1
112,overnight0112 25-11-05 18-06-40.fits,2025-11-05 18:06:40,2042.6799348459278,1051.0254204300493,1279.9999999723473,3.4184579889700353,3014.1696575744977,8.049853395522828,23.20078530677384,1737.6456964301155,29044.625034872643,38741.73565393669,False,1,1
113,overnight0113 25-11-05 18-07-39.fits,2025-11-05 18:07:39,2149.301940599235,1051.6134143267832,1279.9999999999966,3.573521398403611,3014.169657639607,8.414999820307852,15.610499845855625,1710.792417803374,29052.316305128435,38743.54874706441,False,1,1
114,overnight0114 25-11-05 18-08-39.fits,2025-11-05 18:08:39,1896.6032549948075,1053.6096414926126,1279.9999999504369,3.398612157245196,3014.169657522903,8.003120033166864,20.297666739550642,1687.3271058663902,29050.92504498078,38748.400814401975,False,1,1
115,overnight0115 25-11-05 18-09-40.fits,2025-11-05 18:09:40,1292.285906998036,0.00013476551902524044,4.7860155731627,189.7145133898811,11.270205407513815,446.74353896378443,1239.51437245397,24.88594650416538,29061.247203564748,38752.98561051821,True,2,1
116,overnight0116 25-11-05 18-10-40.fits,2025-11-05 18:10:40,2006.7372143256252,1054.2085943309462,1279.999999942937,3.4028048584032917,3014.169657505242,8.012993089896773,23.12550487348608,1848.5922084956,29046.472831185227,38743.9392235006,False,1,1
117,overnight0117 25-11-05 18-11-40.fits,2025-11-05 18:11:40,1945.4815807259183,1054.8102486324474,1279.9999999855377,3.5221262529227864,3014.1696576055588,8.293973501512324,33.87077694405425,1731.2105322601294,29037.478688827534,38743.77381698003,False,1,1
118,overnight0118 25-11-05 18-12-40.fits,2025-11-05 18:12:40,1949.2221950948565,1054.3649170481574,1279.9999984226865,3.5184791987521704,3014.1696539253257,8.285385345246045,18.07667970910242,1770.774388824323,29049.48446981786,38743.22219835175,False,1,1
119,overnight0119 25-11-05 18-13-40.fits,2025-11-05 18:13:40,1976.8175794663507,1054.8743415813606,1279.99999989906,3.2213291766300958,3014.1696574019197,7.585650516771593,27.218825593741137,1785.7121211349402,29044.64425200408,38746.624976739025,False,1,1
120,overnight0120 25-11-05 18-14-40.fits,2025-11-05 18:14:40,2218.016247916264,1055.0626982427711,1279.9999999928384,3.5633635471576652,3014.169657622751,8.391079908579457,21.037225553210984,1706.1537572578832,29052.432706555643,38748.454993307336,False,1,1
121,overnight0121 25-11-05 18-15-40.fits,2025-11-05 18:15:40,1291.2479160870955,1054.1118931477074,4.8768492026277395,3.351275457299722,11.484102258941002,7.891650623269646,1261.6976597295366,1737.5949806842318,29058.790407201974,38745.48463748021,True,1,1
122,overnight0122 25-11-05 18-16-39.fits,2025-11-05 18:16:39,2279.083755133073,1054.6994442593227,1279.9999999867591,3.573425204350533,3014.169657608435,8.414773300623452,22.531960416650897,1616.0726355493427,29044.26578906779,38738.82887268719,False,1,1
123,overnight0123 25-11-05 18-17-40.fits,2025-11-05 18:17:40,1290.840030680077,1054.9183447326106,5.39681793805394,3.7877276718915103,12.708535059912014,8.919417046888539,1144.1435102619075,1626.8192070121393,29062.166498673607,38749.57202424303,True,1,1
124,overnight0124 25-11-05 18-18-40.fits,2025-11-05 18:18:40,1289.4262266464125,1054.1083306381724,4.5658824063576855,4.265421231788407,10.751831413745224,10.044299417115944,1245.005624618987,1390.976644998719,29059.023807818678,38745.0405835553,True,1,1
125,overnight0125 25-11-05 18-19-40.fits,2025-11-05 18:19:40,1289.6361093699543,1053.9955023466364,4.923343484055345,4.113267285057849,11.59358792482604,9.686004253424255,1228.8062750627066,1598.657245148865,29057.623949843502,38742.81205886932,True,1,1
126,overnight0126 25-11-05 18-20-40.fits,2025-11-05 18:20:40,2147.0224659536884,1053.2707992042674,1279.9999999999984,4.171489236000887,3014.1696576396116,9.823106470565728,19.19868305219249,1421.079818894393,29052.35824623376,38747.33576016425,False,1,1
127,overnight0127 25-11-05 18-21-40.fits,2025-11-05 18:21:40,1289.0639875911365,1052.964388201949,5.852638648639114,4.046694394136978,13.781910806138232,9.529237075428128,1050.4776826118937,1478.7943447264543,29059.58987624254,38746.33373063941,True,2,1
128,overnight0128 25-11-05 18-22-40.fits,2025-11-05 18:22:40,2105.228771540794,1053.0656500363732,1279.9999999999507,3.9785990650694187,3014.169657639499,9.368884829566861,18.49651382860019,1513.7456602938228,29048.981078839817,38742.30813173081,False,2,1
129,overnight0129 25-11-05 18-23-39.fits,2025-11-05 18:23:39,2559.9999999999995,1222.7968446144732,111.14672804486835,288.97719553321537,261.7305431396596,680.4892925984436,44.38770848012932,34.7527277548002,29066.101916024218,38745.004759654126,True,1,1
130,overnight0130 25-11-05 18-24-40.fits,2025-11-05 18:24:40,2320.147263162719,1052.4633478268574,1279.9999999999948,4.460105139145559,3014.169657639603,10.502744984605513,22.03146958127866,1411.4525089620624,29044.483812728482,38737.613128663994,False,1,1
131,overnight0131 25-11-05 18-25-40.fits,2025-11-05 18:25:40,1891.9042571185387,1052.4977274752075,1279.9999995824674,4.478237693984101,3014.169656656401,10.545443888206936,20.30003893064865,1432.6576776211077,29047.105424151872,38742.44792727995,False,2,1
132,overnight0132 25-11-05 18-26-40.fits,2025-11-05 18:26:40,1285.9507825455078,1053.3955592033326,6.0060103413162045,3.8323763325615605,14.143073542394571,9.024556608018159,1013.1537709801423,1501.570882474025,29063.608256562515,38751.909060024154,True,2,1
133,overnight0133 25-11-05 18-27-40.fits,2025-11-05 18:27:40,2211.7467675778116,1053.2698063503765,1279.9999999994013,4.169331605409589,3014.1696576382055,9.818025638799568,17.883751280789543,1471.297943893283,29042.990488815554,38732.86693615509,False,1,1
134,overnight0134 25-11-05 18-28-40.fits,2025-11-05 18:28:40,1285.5096983469211,1053.2190747846923,5.7469279381368175,4.708214415073102,13.532981106072961,11.086997680917808,1023.8064079829171,1323.0113840265901,29052.739315155948,38736.53497871222,True,2,1
135,overnight0135 25-11-05 18-29-40.fits,2025-11-05 18:29:40,2070.540231765478,1052.6200842396331,1279.9999999376719,4.831363066318843,3014.1696574928437,11.376990593389804,15.31548295749502,1353.8805575451074,29051.5183268043,38742.07027216846,False,2,1
136,overnight0136 25-11-05 18-30-39.fits,2025-11-05 18:30:39,2559.9999999773004,1053.4867702398128,117.79060892078832,4.4365672953198745,277.37568700307366,10.447317598147984,44.887953509191355,1392.9581383706914,29061.499099275272,38744.03706055197,True,2,1
137,overnight0137 25-11-05 18-31-40.fits,2025-11-05 18:31:40,1283.4493027400235,1052.6097867213493,5.064010843587033,4.484513801213205,11.924834242732832,10.560222991314793,1137.6606690180115,1436.4069339063528,29060.100780763667,38745.912675297965,True,2,1
138,overnight0138 25-11-05 18-32-40.fits,2025-11-05 18:32:40,2271.6351272278625,1052.3193559741464,1279.9999999999975,4.745041848747576,3014.1696576396093,11.173719659941506,22.16850569277357,1316.0851824641552,29053.110074763183,38749.74031719576,False,2,1
139,overnight0139 25-11-05 18-33-40.fits,2025-11-05 18:33:40,1282.8444696579018,1052.4993968931935,6.623284028975697,4.6676793564308765,15.596641995365319,10.99154491230059,910.2897843959537,1301.4489353976985,29060.577448386037,38747.377015143495,True,2,1
140,overnight0140 25-11-05 18-34-40.fits,2025-11-05 18:34:40,1995.6872993241313,1442.78557052743,1279.9999996342908,554.9319426934875,3014.1696567784356,1306.7648622825905,19.722492376068672,27.96791716274906,29051.387114907313,38739.09873008426,False,2,1
141,overnight0141 25-11-05 18-35-40.fits,2025-11-05 18:35:40,1281.722351657402,1052.7974092778147,5.587793917064045,4.460182081385712,13.158249123404419,10.502926169734936,1064.0711457635923,1274.1199171889543,29061.595728062744,38749.137664445436,True,2,1
142,overnight0142 25-11-05 18-36-40.fits,2025-11-05 18:36:40,1903.9002792265892,1919.9999393639637,1279.9999999637494,959.9999964206359,3014.1696575542514,2260.627234800953,29.84442502824552,17.965643128346436,29041.17415596602,38742.11060745377,False,2,1
143,overnight0143 25-11-05 18-37-40.fits,2025-11-05 18:37:40,1893.618305955712,1054.0829709292937,1279.9999996385977,4.948390167910546,3014.169656788578,11.652568358029818,20.401321484338748,1394.8532956196275,29049.64147769106,38745.29091348553,False,1,1
144,overnight0144 25-11-05 18-38-40.fits,2025-11-05 18:38:40,1278.7036932896722,1055.3861395189597,5.823269945634304,4.776344053857156,13.712752795605946,11.247430719987214,1019.7762367819113,1262.5393690697153,29060.24318657817,38746.87094963734,True,2,1
145,overnight0145 25-11-05 18-39-40.fits,2025-11-05 18:39:40,2301.6153665181473,1054.5102068488993,1279.9999999991621,3.7248517016270934,3014.169657637642,8.77135545175912,22.395589376951268,1599.2903569141067,29043.80687068171,38737.649852107905,False,1,1
146,overnight0146 25-11-05 18-40-39.fits,2025-11-05 18:40:39,1276.786632115081,1054.4885327073728,5.307630889103503,4.6312800417874325,12.49851560928637,10.905831076552818,1101.1612809151038,1389.3762234308992,29057.58158848344,38742.67180926635,True,1,1
147,overnight0147 25-11-05 18-41-39.fits,2025-11-05 18:41:39,1276.3337478065494,1053.4694917514214,5.430834839257985,4.4763533689605355,12.788638740737136,10.54100664187009,1030.574388294937,1279.8884687815998,29059.712775011223,38746.11090750904,True,2,1
148,overnight0148 25-11-05 18-42-40.fits,2025-11-05 18:42:40,1276.5129345342134,1055.9028612370273,4.789790394507177,3.997379309300124,11.2790944324822,9.413108925131903,1197.4977826560867,1571.3264838760392,29060.340848940556,38746.40906069351,True,1,1
149,overnight0149 25-11-05 18-43-40.fits,2025-11-05 18:43:40,1942.9429032801893,1055.6697244162322,1279.9999998750725,4.809483728806826,3014.1696573454333,11.325468690844508,30.29747961730946,1263.3218028873018,29039.84691637514,38743.28016294578,False,1,1
150,overnight0150 25-11-05 18-44-40.fits,2025-11-05 18:44:40,2559.9999900957046,1056.1107693233403,1279.9999999998909,4.126578352823697,3014.1696576393583,9.717349422620039,16.133180073634456,1501.159090460326,29057.018775278408,38747.467350822924,False,2,1
151,overnight0151 25-11-05 18-45-40.fits,2025-11-05 18:45:40,1275.5295820008262,1055.7353794073958,5.380428172939719,4.146337685111883,12.669940112487698,9.763879094368686,1090.6294405259653,1479.838666474714,29055.204285745913,38739.92268355057,True,1,1
152,overnight0152 25-11-05 18-46-40.fits,2025-11-05 18:46:40,1915.3432312748823,1056.251818337787,1279.9999985142115,5.156987674644266,3014.1696541408505,12.143777948229861,32.30624412346811,1264.3091257828223,29035.899307307605,38739.78214423087,False,1,1
153,overnight0153 25-11-05 18-47-40.fits,2025-11-05 18:47:40,1274.507593367884,1053.9142649755327,4.758684892510312,4.118292158345273,11.20584657286923,9.697836925765221,1221.398729555437,1524.6520183805535,29065.227283429933,38753.02707038835,True,1,1
154,overnight0154 25-11-05 18-48-40.fits,2025-11-05 18:48:40,1273.881761264555,1054.5393984284738,5.694431897713389,5.0962758896020475,13.409362377799116,12.000812619842835,1031.507838054261,1276.0281986561447,29064.03649945613,38751.2273004507,True,2,1
155,overnight0155 25-11-05 18-49-39.fits,2025-11-05 18:49:39,1272.3308759668819,1055.8326364960494,5.437106570307353,6.752949145076837,12.803407538729232,15.901980009901548,1120.7580723817302,537.3903058372439,29054.741955705416,38742.70190042059,True,1,1
156,overnight0156 25-11-05 18-50-40.fits,2025-11-05 18:50:40,1269.3942330865013,1056.166212828261,5.3417182441232365,3.623841224115402,12.578785196168923,8.533493954556441,1111.3571497145504,1563.7643928747475,29055.384085530906,38740.86424685393,True,2,1
157,overnight0157 25-11-05 18-51-40.fits,2025-11-05 18:51:40,1270.2878848810117,1055.8145144071543,4.562343440916294,3.7626521657406067,10.743497786985163,8.860368742365095,1250.8957273811377,1628.7873288893586,29060.47095020532,38746.744259261526,True,1,1
158,overnight0158 25-11-05 18-52-40.fits,2025-11-05 18:52:40,1268.2321924070811,1053.9542141517948,5.656153210821534,4.171727301868964,13.319222958608714,9.823667072843914,1024.9038123924327,1501.0877636181044,29063.165251292296,38750.279776488926,True,2,1
159,overnight0159 25-11-05 18-53-40.fits,2025-11-05 18:53:40,2268.7288100326896,1919.9999784749511,1279.9999999998852,959.9999980563468,3014.1696576393447,2260.627238652758,21.990462484268946,19.282412291618012,29047.56075168133,38738.82641184342,False,1,1
160,overnight0160 25-11-05 18-54-40.fits,2025-11-05 18:54:40,1268.012091655788,1054.5133372860869,5.393662557555823,4.332760769598829,12.701104706665348,10.202871910575045,1132.0795626070992,1425.2693238282432,29060.4032771274,38747.11390132169,True,2,1
161,overnight0161 25-11-05 18-55-39.fits,2025-11-05 18:55:39,1917.0692132050708,1055.070962368898,1279.999999998245,3.589277937172619,3014.169657635482,8.45210363364142,25.926103142105813,1614.0506974733744,29044.69214593493,38745.77417143425,False,1,1
162,overnight0162 25-11-05 18-56-40.fits,2025-11-05 18:56:40,2073.6312360430084,1056.4381840194096,1279.9999977399395,3.687058538334174,3014.1696523175797,8.682359353271826,22.10777042515314,1627.485557765522,29043.56672412878,38738.9143957321,False,2,1
163,overnight0163 25-11-05 18-57-40.fits,2025-11-05 18:57:40,1966.267313964479,1055.6744320003927,1279.9999977187622,3.5934099341878247,3014.1696522677107,8.461833743038834,20.567036929450484,1669.379419615066,29052.778230952532,38750.387149506576,False,2,1
164,overnight0164 25-11-05 18-58-40.fits,2025-11-05 18:58:40,2013.043690987635,1057.4373238248083,1279.9999992931193,3.505931340656789,3014.1696559750385,8.255837397480835,21.747692463662162,1708.6479801429437,29045.39969876581,38741.45431651241,False,1,1
165,overnight0165 25-11-05 18-59-40.fits,2025-11-05 18:59:40,1264.9725033921256,1057.567430640953,5.098188906823079,4.249790437926989,12.00531743114141,10.00749171041133,1199.125688554761,1405.3534679938384,29057.01174050806,38742.86628569463,True,1,1
166,overnight0166 25-11-05 19-00-40.fits,2025-11-05 19:00:40,1262.81003882253,1057.3903459375188,4.661685845184548,3.6815869633599343,10.977431271877617,8.669474778844597,1242.7810476011882,1537.7306372468522,29055.83279777274,38741.28294413416,True,1,1
167,overnight0167 25-11-05 19-01-40.fits,2025-11-05 19:01:40,1262.0955670241362,1057.0301210765526,4.184739197543964,7.185480264645765,9.854307745603256,16.92051296036214,1341.2983144357602,468.52158146583884,29059.7770845769,38748.427174319164,True,1,1
168,overnight0168 25-11-05 19-02-39.fits,2025-11-05 19:02:39,1928.5717741584424,1056.8693006415228,1279.9999992380033,3.551181356245749,3014.16965584525,8.362393041227682,24.11665254439338,1662.5509085769725,29045.709084113965,38745.01448804448,False,1,1
169,overnight0169 25-11-05 19-03-40.fits,2025-11-05 19:03:40,1804.1063945778465,1056.7348475332553,1279.9999897853613,3.6424050545170163,3014.169633585979,8.577208434498719,16.27021971396708,1644.3432003833857,29049.673482163722,38742.56556817141,False,1,1
170,overnight0170 25-11-05 19-04-40.fits,2025-11-05 19:04:40,1261.32198084384,1058.3882130379675,4.3264951456358824,3.3779365347258974,10.188117493672472,7.954432662814926,1321.8389118334992,1757.1973026957692,29058.94990983499,38744.98354378948,True,1,1
171,overnight0171 25-11-05 19-05-40.fits,2025-11-05 19:05:40,1936.1236492193796,1059.0798294153603,1279.9999987116437,3.654696447000976,3014.169654605768,8.60615245190129,19.521796549313834,1701.7056346765592,29047.861902130855,38742.64569448201,False,2,1
172,overnight0172 25-11-05 19-06-39.fits,2025-11-05 19:06:39,1260.3624989281102,1058.5008913362904,4.594811568766047,3.3919776333447764,10.819954385270389,7.987496923296919,1247.1735932364907,1725.9281193119305,29056.749491152194,38742.17105316726,True,1,1
173,overnight0173 25-11-05 19-07-39.fits,2025-11-05 19:07:39,1259.350991738665,1062.0933176692088,4.682109193649999,3.48427050608319,11.025524582230712,8.204830030034826,1283.6268133098704,1537.332065353324,29053.627719223776,38739.02359053279,True,1,1
174,overnight0174 25-11-05 19-08-40.fits,2025-11-05 19:08:40,2176.3859126531356,1060.7833097177468,1279.999999532538,3.4002829130102814,3014.169656538826,8.007054362332838,21.094482290827365,1712.3798824075977,29049.41275999323,38745.152586578115,False,1,1
175,overnight0175 25-11-05 19-09-40.fits,2025-11-05 19:09:40,2231.7922711806636,1060.3883277509713,1279.999999999874,3.33881174141707,3014.1696576393183,7.862300815273607,16.432273831435364,1655.5642408419387,29051.176755445405,38743.07568652149,False,1,1
176,overnight0176 25-11-05 19-10-40.fits,2025-11-05 19:10:40,1256.6670136196446,1060.9034600207312,4.6635977282027605,3.404718710090992,10.981933412332658,8.017499866214186,1230.993043770563,1732.5138493690947,29059.794455882286,38746.186508238905,True,1,1
177,overnight0177 25-11-05 19-11-40.fits,2025-11-05 19:11:40,2392.817213188108,1062.5237207452612,1279.9999999999998,4.189652547093512,3014.169657639615,9.865877799610777,15.818073631209085,1526.479937827633,29055.781958075077,38746.46617603683,False,1,1
178,overnight0178 25-11-05 19-12-40.fits,2025-11-05 19:12:40,2559.9999995740136,1064.5816090184462,108.79208581099688,3.5924357245111955,256.18578440846255,8.459539654564244,51.369905226210854,1763.3308769504306,29060.188032994905,38742.28196877693,True,1,1
179,overnight0179 25-11-05 19-13-41.fits,2025-11-05 19:13:41,2018.516753853053,1066.531423567699,1279.9999999931947,4.223633627618771,3014.16965762359,9.945897129183466,20.13258996095176,1475.7374423964234,29044.132720918275,38737.77304708098,False,1,1
180,overnight0180 25-11-05 19-14-41.fits,2025-11-05 19:14:41,2121.153422171657,1066.7256901357844,1279.9999999883103,3.1994226624982387,3014.169657612088,7.534064618177142,19.80969390358257,1807.906908801156,29053.565772661008,38749.911465852725,False,2,1
181,overnight0181 25-11-05 19-15-41.fits,2025-11-05 19:15:41,1947.6620126225562,1066.6857379614949,1279.9999999878708,3.6845196816239363,3014.169657611053,8.676380802599096,23.498555405383062,1664.761995576257,29037.234039310923,38732.63735536382,False,1,1
182,overnight0182 25-11-05 19-16-41.fits,2025-11-05 19:16:41,1252.2788394277266,1066.7188670091302,4.3767419071184035,3.666898747685575,10.306439574809401,8.634886674148877,1336.5071454894692,1703.2517575468867,29052.20131268342,38735.751287897176,True,1,1
183,overnight0183 25-11-05 19-17-41.fits,2025-11-05 19:17:41,2559.9998855837916,1066.0994875318595,1279.9999999971972,3.4870215777126887,3014.169657633015,8.211308308653285,19.17663413682487,1673.6319445222287,29052.463708498068,38744.28871909454,False,1,1
184,overnight0184 25-11-05 19-18-40.fits,2025-11-05 19:18:40,1250.9529368283313,1067.2507082683837,5.302152165074195,3.2859017333058156,12.485614200120962,7.7377072675904754,1152.4314035088519,1836.6437358325907,29059.225618029526,38745.73251097071,True,2,1
185,overnight0185 25-11-05 19-19-41.fits,2025-11-05 19:19:41,1250.172682182015,1067.7869739937098,4.6165171793897555,3.5324632640392974,10.871067192256735,8.318315302495193,1259.5356942956228,1730.0500338031784,29060.55772982366,38747.02299315894,True,1,1
186,overnight0186 25-11-05 19-20-41.fits,2025-11-05 19:20:41,1905.2103237456924,1069.7767890607515,1279.9999995529215,3.2956224108058074,3014.1696565868256,7.760597713818737,23.135561049173138,1808.6103403273103,29049.244174637704,38748.789192838216,False,1,1
187,overnight0187 25-11-05 19-21-41.fits,2025-11-05 19:21:41,1917.962052091706,1073.0870387490386,1279.9999995652481,3.546754972117332,3014.1696566158525,8.35196970315508,19.95629413299599,1727.4010608270514,29049.76584458728,38745.86287500232,False,1,1
188,overnight0188 25-11-05 19-22-41.fits,2025-11-05 19:22:41,1869.2940094645053,1073.0924842635934,1279.999999852527,3.557525455455967,3014.169657292343,8.377332253215569,27.370967914256923,1713.0077469042815,29032.695704988695,38731.262205819236,False,1,1
189,overnight0189 25-11-05 19-23-41.fits,2025-11-05 19:23:41,2559.9999915033923,1072.7528279836874,1279.9999999999727,3.5722698138468227,3014.1696576395507,8.412052563905476,12.240910365634898,1649.6177260277864,29055.775943238506,38743.10090693153,False,1,1
190,overnight0190 25-11-05 19-24-41.fits,2025-11-05 19:24:41,2330.7201257169863,1073.5574638357907,1279.9999999999998,3.4510608947880925,3014.169657639615,8.126627371669445,17.303046708258947,1679.375271789018,29057.81031496296,38751.69766621052,False,1,1
191,overnight0191 25-11-05 19-25-40.fits,2025-11-05 19:25:40,2559.9999999999995,1074.760886255096,124.86845488903215,3.3066420688088223,294.04274056473577,7.786547025373622,44.37705105383587,1819.6734087606476,29057.201251390114,38738.685206247326,True,1,1
192,overnight0192 25-11-05 19-26-41.fits,2025-11-05 19:26:41,1894.8829695581917,1075.3580602879556,1279.99999999056,3.2186111770091363,3014.1696576173854,7.579250116781771,22.45977741799342,1741.8113295822372,29047.463958752644,38746.23557650207,False,1,1
193,overnight0193 25-11-05 19-27-41.fits,2025-11-05 19:27:41,2231.4278638211676,1078.717506087318,1279.9999999999995,3.514996384113202,3014.169657639614,8.277183943521075,22.3155738519498,1653.662920012292,29051.542597859705,38748.7046481187,False,1,1
194,overnight0194 25-11-05 19-28-41.fits,2025-11-05 19:28:41,2559.9999993890815,1077.6982744716565,134.6518417989386,3.607870437001428,317.0808561684768,8.495885624925533,39.60036339991771,1610.0435416132748,29065.06398249937,38749.305430330634,True,1,1
195,overnight0195 25-11-05 19-29-41.fits,2025-11-05 19:29:41,1245.0730334185178,1079.5271381690095,3.8749378462966417,3.5128377725702524,9.124781313708388,8.272100801790302,1440.755303881158,1688.8664552910388,29065.351524321326,38753.34525606744,True,1,1
196,overnight0196 25-11-05 19-30-41.fits,2025-11-05 19:30:41,1245.5213752088825,1079.9435314122084,4.3796828068621965,3.5000050420875106,10.313364864476512,8.241882030817061,1353.1819959005798,1612.1211061937486,29057.658377994736,38743.915375198405,True,1,1
197,overnight0197 25-11-05 19-31-41.fits,2025-11-05 19:31:41,1975.9166098313667,1081.1850228693309,1279.9999999976587,3.8441005695918125,3014.169657634102,9.05216507638969,20.5028508360492,1607.3905204305756,29049.288583326448,38745.371675545124,False,1,1
198,overnight0198 25-11-05 19-32-42.fits,2025-11-05 19:32:42,1931.3223598185627,1082.2119187764351,1279.9999999975762,3.169036574200109,3014.1696576339077,7.462510848362626,26.5187191864478,1714.1438764567083,29045.404103906818,38747.7034022875,False,1,1
199,overnight0199 25-11-05 19-33-42.fits,2025-11-05 19:33:42,1244.1937007751685,1083.3596176539775,4.948701817137167,3.5328824056365686,11.653302235875683,8.319302305530153,1247.2181615582863,1707.9767495610417,29053.82766116971,38738.61708433866,True,1,1
200,overnight0200 25-11-05 19-34-42.fits,2025-11-05 19:34:42,2253.8323432151574,1087.1671266570272,1279.9999999997665,3.697849979008263,3014.1696576390655,8.707771254085934,20.74189404627549,1488.2974136256114,29050.044486275263,38745.454046810635,False,1,1
201,overnight0201 25-11-05 19-35-42.fits,2025-11-05 19:35:42,2019.498602215731,1087.6973658681534,1279.9999977990544,3.5864422796438187,3014.169652456784,8.445426170451757,17.85244275945113,1629.575214305265,29047.364771555694,38740.27360323942,False,1,1
202,overnight0202 25-11-05 19-36-42.fits,2025-11-05 19:36:42,2056.7844774500454,1089.6273462345996,1279.9999999581041,3.484318885588965,3014.169657540958,8.204943955064794,20.8390396922315,1651.4183139263307,29048.23036432023,38744.31233873206,False,1,1
203,overnight0203 25-11-05 19-37-42.fits,2025-11-05 19:37:42,1673.2962955909466,1091.4038886734209,1279.9999999272322,3.3428308550670187,3014.16965746826,7.871765104659763,23.257556600656624,1710.7353687520485,29047.114455725357,38747.676743465214,False,1,1
204,overnight0204 25-11-05 19-38-42.fits,2025-11-05 19:38:42,2559.9999985641216,1092.3897699407432,94.7179461324471,3.5069141458717183,223.0437181768481,8.258151726901312,50.110586149842526,1668.6867164397293,29061.418109485112,38744.00279119603,True,1,1
205,overnight0205 25-11-05 19-39-41.fits,2025-11-05 19:39:41,1659.2412718860023,1095.342137779538,1279.9999999429742,3.7729358456260673,3014.1696575053297,8.884584957896058,27.25629927224587,1566.9403310283599,29043.203989817943,38746.69265651628,False,1,1
206,overnight0206 25-11-05 19-40-42.fits,2025-11-05 19:40:42,1608.4956440157482,1096.6833358998178,1279.9999999856582,3.283960381554605,3014.1696576058425,7.733135733572268,21.493400539669008,1780.229382999345,29045.439922807094,38743.573303568286,False,1,1
207,overnight0207 25-11-05 19-41-42.fits,2025-11-05 19:41:42,2559.9999957668083,1098.716772705959,1279.9999999999998,3.782502168558392,3014.169657639615,8.907111926894336,17.082541571927518,1630.55290596667,29054.037408879,38744.284476475026,False,1,1
208,overnight0208 25-11-05 19-42-42.fits,2025-11-05 19:42:42,1816.140857995005,1100.6902047575588,1279.9999998325086,3.4256736029819517,3014.169657245203,8.066844868035293,19.667814266069758,1740.648007491891,29049.37355185992,38745.79335754409,False,1,1
209,overnight0209 25-11-05 19-43-42.fits,2025-11-05 19:43:42,2559.9999999999995,1102.806277936622,105.5505708950709,3.8244926158634267,248.55260010817327,9.005991873908048,47.00316258945144,1554.5225340048844,29063.180680193807,38746.37210588697,True,1,1
210,overnight0210 25-11-05 19-44-42.fits,2025-11-05 19:44:42,2036.2475552406988,1105.9740516518905,1279.9999999997856,3.310633075782777,3014.16965763911,7.79594512859575,16.766411283528626,1684.4232104313387,29051.153764166524,38744.482692389225,False,1,1
211,overnight0211 25-11-05 19-45-42.fits,2025-11-05 19:45:42,1771.2381279754081,1107.3964168190673,1279.9999999791385,3.307669609812704,3014.16965759049,7.788966699526655,26.15002033938316,1736.15278765204,29044.480348671306,38746.786659774305,False,1,1
212,overnight0212 25-11-05 19-46-42.fits,2025-11-05 19:46:42,1719.3540366484594,1109.3513003855346,1279.999999998036,3.883259468056952,3014.16965763499,9.144377235436732,21.18131964394601,1555.2682213308915,29047.37833534024,38745.12562153297,False,1,1
213,overnight0213 25-11-05 19-47-41.fits,2025-11-05 19:47:41,2131.992949269986,1111.584041671621,1279.9999999984238,3.2630879009195533,3014.1696576359036,7.683984797783328,20.168772366357928,1835.012500199974,29051.29944589871,38746.89624658928,False,1,1
214,overnight0214 25-11-05 19-48-41.fits,2025-11-05 19:48:41,2042.0051666528364,1111.9499116921268,1279.9999999815107,3.5824866429415962,3014.169657596076,8.436111357854504,18.58066969691001,1617.172720960769,29047.968650889277,38741.74471346775,False,1,1
215,overnight0215 25-11-05 19-49-42.fits,2025-11-05 19:49:42,1790.8800927669186,1114.355972751556,1279.9999999834508,3.9723677363570875,3014.1696576006448,9.354211171807886,24.017396882132605,1490.627279392373,29046.132644728885,38746.33669403571,False,1,1
216,overnight0216 25-11-05 19-50-42.fits,2025-11-05 19:50:42,2225.390122790938,1116.91783457422,1279.9999999968775,3.5263948481256904,3014.169657632262,8.304025275060246,21.75930980777308,1631.662242483735,29046.43018347859,38741.49486893199,False,1,1
217,overnight0217 25-11-05 19-51-42.fits,2025-11-05 19:51:42,2559.9999998329554,1119.7960022063721,1279.9999999999998,3.397029113913658,3014.169657639615,7.999392250997606,8.394773992303476,1694.7908756864047,29060.531696514157,38746.55245023559,False,1,1
218,overnight0218 25-11-05 19-52-42.fits,2025-11-05 19:52:42,1232.789315480517,1832.1557839513023,4.17111786001569,43.65781807027566,9.822231946951545,102.80630511419952,1392.3120170435034,34.10294242748818,29060.743266604557,38753.34034331585,True,1,1
219,overnight0219 25-11-05 19-53-42.fits,2025-11-05 19:53:42,1232.430411532071,1122.8652847707401,4.1291206378456895,3.468516520921134,9.723336046350008,8.167732229986097,1406.6981679522526,1739.635710610054,29063.779857053854,38751.41204024982,True,1,1
220,overnight0220 25-11-05 19-54-42.fits,2025-11-05 19:54:42,1232.921623156256,1124.0984560271095,4.025682374666125,2.95001096370401,9.479757550791584,6.946744950391271,1446.035226827591,1836.5872095499979,29055.96102291104,38741.80792047554,True,1,1
221,overnight0221 25-11-05 19-55-41.fits,2025-11-05 19:55:41,1648.5514620226559,1126.0540887247873,1279.9999998332685,3.531818176437259,3014.1696572469923,8.316796237279112,17.657202424912878,1675.0617712519515,29053.23343603744,38749.47955885883,False,1,1
222,overnight0222 25-11-05 19-56-41.fits,2025-11-05 19:56:41,2559.9997511930674,1129.6812291496449,1279.9999999999998,3.8275861271945324,3014.169657639615,9.013276536400065,12.842561359216054,1505.9248553567102,29050.00952925036,38736.06023514693,False,1,1
223,overnight0223 25-11-05 19-57-42.fits,2025-11-05 19:57:42,1231.7142960341432,1131.3755033522168,4.3306850839739,3.6908339107346224,10.197984044458279,8.691249675877858,1358.0694995767733,1503.033087066816,29063.313901694786,38751.52115431826,True,1,1
224,overnight0224 25-11-05 19-58-42.fits,2025-11-05 19:58:42,1229.3111041360196,1132.8908113507366,4.56860871741548,3.594194298583326,10.758251385673109,8.463680780039969,1294.4621492020924,1717.0501193700643,29057.577763061476,38743.10081498794,True,1,1
225,overnight0225 25-11-05 19-59-42.fits,2025-11-05 19:59:42,2559.999867852838,1133.0226166268626,1279.9999999999652,3.509914656282871,3014.1696576395334,8.265217388962819,12.416829667747407,1637.0311270594432,29059.41723163923,38748.28818547683,False,1,1
226,overnight0226 25-11-05 20-00-42.fits,2025-11-05 20:00:42,1977.9053135648282,1135.6741372825804,1279.999999666555,3.6905473225814616,3014.169656854412,8.690574812350127,26.25863038163558,1661.4612207532418,29049.98124331429,38752.25109594963,False,1,1
227,overnight0227 25-11-05 20-01-41.fits,2025-11-05 20:01:41,2559.9999999934416,1137.3632351928945,1279.9999999999998,6.251048456791918,3014.169657639615,14.720094208513391,15.23088339226732,470.29215834239824,29053.488795051515,38745.28348277175,False,1,1
228,overnight0228 25-11-05 20-02-41.fits,2025-11-05 20:02:41,1875.0585050220209,1137.68841117693,1279.9999999239792,3.3325105472516046,3014.1696574606,7.847462636945137,20.853003747030385,1720.5432340096754,29045.658451396237,38742.087851082535,False,1,1
229,overnight0229 25-11-05 20-03-41.fits,2025-11-05 20:03:41,2559.999871095205,1140.5470880488238,1279.9999999999998,3.102285478429681,3014.169657639615,7.305324030014641,15.468355379142043,1798.9480615399252,29052.671791994275,38741.94264711914,False,1,1
230,overnight0230 25-11-05 20-04-42.fits,2025-11-05 20:04:42,1228.3399791800289,1143.138374761726,4.469648945769244,3.1972898726322203,10.525218931748865,7.529042281848803,1326.937106476219,1778.4103330001574,29057.794660322113,38744.045873763906,True,1,1
231,overnight0231 25-11-05 20-05-42.fits,2025-11-05 20:05:42,1228.067761466045,1144.565713417253,4.4174452278470735,3.4743543480360812,10.402288570360598,8.181479262295799,1386.808281993615,1609.9249819525583,29059.69805473412,38746.959531439345,True,1,1
232,overnight0232 25-11-05 20-06-42.fits,2025-11-05 20:06:42,1228.3304561500443,1145.977949850481,4.835442556317472,3.105799130815615,11.386597058212077,7.31359804908431,1276.4685425476548,1987.812522512641,29057.675532258894,38743.565475365336,True,1,1
233,overnight0233 25-11-05 20-07-42.fits,2025-11-05 20:07:42,1226.8880493807799,1147.4659030579612,4.355445468386652,3.3826847617778952,10.256290293996098,7.96561388305533,1332.7752798261527,1751.2195129946695,29052.041972202325,38735.90061269108,True,1,1
234,overnight0234 25-11-05 20-08-42.fits,2025-11-05 20:08:42,1227.3936856790958,1147.7789179238362,4.06554547847314,3.274257268364128,9.573627986693493,7.710286648132128,1407.0674388465068,1750.0204426438015,29060.800328630925,38747.72134218031,True,1,1
235,overnight0235 25-11-05 20-09-42.fits,2025-11-05 20:09:42,1649.8880121451543,1149.5007631773765,1279.9998741410734,3.480214322076416,3014.1693612644917,8.19527844662934,23.579832673936103,1670.7111158282366,29046.076718298602,38746.62467628068,False,1,1
236,overnight0236 25-11-05 20-10-42.fits,2025-11-05 20:10:42,2559.9999988508093,1150.6474439735184,100.06906705880033,3.4240131466789037,235.64464499760928,8.062934792248978,42.86664066255319,1756.6936494887984,29062.83600891162,38745.38425829809,True,1,1
237,overnight0237 25-11-05 20-11-42.fits,2025-11-05 20:11:42,2010.4263851355797,1151.5809344179768,1279.9999999531074,4.017217131333437,3014.169657529191,9.459823426105705,27.45010977090079,1448.8224630053442,29043.653484679,38745.159810294586,False,1,1
238,overnight0238 25-11-05 20-12-42.fits,2025-11-05 20:12:42,1978.7210192774442,1152.7824457368624,1279.999999999995,3.699982119769742,3014.1696576396034,8.71279206188989,20.440342227990584,1594.8626946905085,29049.175130060565,38745.50129070288,False,1,1
239,overnight0239 25-11-05 20-13-42.fits,2025-11-05 20:13:42,2320.5122137720905,1155.1198990505495,1279.9999999999998,3.860875520703806,3014.169657639615,9.091667067522627,17.052977506615818,1568.9018069896463,29053.80749092055,38745.86641347286,False,1,1
240,overnight0240 25-11-05 20-14-41.fits,2025-11-05 20:14:41,1810.3004356676274,1155.7181983358253,1279.9999997788352,3.972262514548374,3014.1696571188118,9.353963393383554,20.117749920473507,1590.7476849776233,29049.20598060078,38745.61663974643,False,1,1
241,overnight0241 25-11-05 20-15-41.fits,2025-11-05 20:15:41,1225.3629071405328,1158.4629750246236,4.680709824545047,3.4690139843118675,11.022229319811974,8.168903666750264,1286.2068330486545,1689.1607908684082,29058.153981603966,38744.41502819003,True,1,1
242,overnight0242 25-11-05 20-16-42.fits,2025-11-05 20:16:42,2535.8364979545067,1159.5033751242026,96.3490088986851,3.3656969712153084,226.88457747348897,7.925610693317762,47.91729184239349,1744.5639116632974,29061.43676593714,38744.515050642505,True,1,1
243,overnight0243 25-11-05 20-17-42.fits,2025-11-05 20:17:42,2559.9834276077218,1161.2663340259423,149.97725903148861,3.362531887092082,353.1694558661484,7.91815748978018,39.62468274605445,1720.9994674977788,29060.00831034213,38742.99133007483,True,1,1
244,overnight0244 25-11-05 20-18-42.fits,2025-11-05 20:18:42,1895.6630580005942,1778.3639992389387,1279.9999974024915,72.25733086245583,3014.16965152295,170.15301111534444,19.518731567200646,25.52351316773765,29048.025052185814,38748.861202966065,False,1,1
245,overnight0245 25-11-05 20-19-42.fits,2025-11-05 20:19:42,1225.9672475853379,1160.8602646188954,4.2478727206643825,3.862233269637125,10.002975831360642,9.094864321926925,1408.682598356587,1528.972413659595,29059.32600627507,38745.870696912956,True,1,1
246,overnight0246 25-11-05 20-20-41.fits,2025-11-05 20:20:41,1683.286223342581,1163.808273928871,1279.9999999959487,3.28943229484123,3014.169657630075,7.746021104664283,19.670989465911095,1766.5273613480722,29051.852924735846,38749.88036642016,False,1,1
247,overnight0247 25-11-05 20-21-42.fits,2025-11-05 20:21:42,1225.0199886484306,1164.4038847796821,3.9949210995882876,3.2799462515775333,9.40732028362758,7.7236831798389005,1417.3815364528912,1704.9587559001527,29053.01119141134,38737.43984418133,True,1,1
248,overnight0248 25-11-05 20-22-42.fits,2025-11-05 20:22:42,1225.745643857013,1165.147182064784,3.861411688490012,3.840003764239809,9.092929646173085,9.042517837026201,1514.071661661959,1466.5215339736196,29058.14965353432,38744.48023577483,True,1,1
249,overnight0249 25-11-05 20-23-42.fits,2025-11-05 20:23:42,2559.9999999909223,1167.0548875384318,143.26704236357793,3.6261136107685847,337.3681031500515,8.538845016197417,43.996754235624216,1598.5187968997325,29059.887112057077,38743.051850451404,True,1,1
250,overnight0250 25-11-05 20-24-42.fits,2025-11-05 20:24:42,1224.8474532374057,1168.3654143282265,3.9670322635507174,3.3456118810162097,9.341647093493728,7.87831392031067,1414.0660029472454,1701.3898158430484,29055.721368784172,38740.854060230406,True,1,1
251,overnight0251 25-11-05 20-25-42.fits,2025-11-05 20:25:42,1863.3319881747216,1167.7887973312165,1279.9999999312545,3.629184375817074,3014.169657477732,8.54607611528718,27.995455451093584,1643.914452407271,29044.321475505403,38747.63608521382,False,1,1
252,overnight0252 25-11-05 20-26-42.fits,2025-11-05 20:26:42,1922.2842264817423,1167.3598085695362,1279.9999998256922,3.3383033405765956,3014.1696572291517,7.861103622783547,20.50938527118929,1698.3662189899574,29047.245341705173,38743.6506592985,False,1,1
253,overnight0253 25-11-05 20-27-41.fits,2025-11-05 20:27:41,1225.425680324954,1171.5777726790734,4.1566348582297294,3.8249384097063763,9.788127084033745,9.007041638185378,1376.759162419118,1626.7153173664228,29052.430607677576,38735.922158079935,True,1,1
254,overnight0254 25-11-05 20-28-42.fits,2025-11-05 20:28:42,1993.0319633477097,1171.3251810142872,1279.9999999088222,3.778605805799455,3014.169657424908,8.897936693766878,32.25825420557501,1542.5166203051697,29038.392638029472,38743.19893802664,False,1,1
255,overnight0255 25-11-05 20-29-42.fits,2025-11-05 20:29:42,1990.6401275773494,1172.9872007343818,1279.9999999992328,3.3294408320816515,3014.1696576378085,7.840234010130396,20.67889033736774,1751.9804589028986,29048.323127380532,38744.62111890954,False,1,1
256,overnight0256 25-11-05 20-30-42.fits,2025-11-05 20:30:42,1995.1273621441264,1172.928260086722,1279.9999970184954,3.4620778539729593,3014.169650618708,8.152570327993256,19.081135286538778,1561.5535015606517,29047.51262558663,38742.437300314086,False,1,1
257,overnight0257 25-11-05 20-31-42.fits,2025-11-05 20:31:42,1225.9257791946904,1174.609361571771,4.0163202882625,3.398630166976382,9.457711522065017,8.003162442842866,1436.9782048142724,1768.3716178192208,29058.260286724617,38744.035448415576,True,1,1
258,overnight0258 25-11-05 20-32-42.fits,2025-11-05 20:32:42,1806.9846115577045,1174.3852641294789,1279.9999999896247,3.87795932429485,3014.169657615183,9.131896350664189,24.51287853927819,1453.2045521985742,29043.057414619685,38743.047904265266,False,1,1
259,overnight0259 25-11-05 20-33-41.fits,2025-11-05 20:33:41,2196.716343880182,1174.9713754373795,1279.9999999999848,3.3483624218886923,3014.1696576395793,7.884790949091869,16.62430369083902,1599.834353397655,29050.034549187083,38742.18043250579,False,1,1
260,overnight0260 25-11-05 20-34-41.fits,2025-11-05 20:34:41,1227.130211715237,1176.2541803946124,4.067711511490296,3.7660395144569176,9.57872860466049,8.868345339021774,1396.784346255707,1604.3874272113026,29059.405488522112,38745.403377396695,True,1,1
261,overnight0261 25-11-05 20-35-42.fits,2025-11-05 20:35:42,1654.3345737248524,1175.9401531143674,1279.9999998937035,4.062435563821715,3014.169657389306,9.566304697333981,28.979394456871553,1529.6568768102993,29034.704136615608,38736.89608319356,False,1,1
262,overnight0262 25-11-05 20-36-42.fits,2025-11-05 20:36:42,2323.630329213332,1175.7109894011796,1279.9999999999998,3.340214254719843,3014.169657639615,7.8656034817124,16.493197263590538,1614.2788872889657,29055.661007574112,38748.680815998676,False,1,1
263,overnight0263 25-11-05 20-37-42.fits,2025-11-05 20:37:42,1226.6318899493858,1177.7475265639116,4.28815142712757,3.6477217003261324,10.097824936728074,8.589728178622353,1366.1388949969114,1596.7240306739723,29061.24907970334,38748.376240623606,True,1,1
264,overnight0264 25-11-05 20-38-42.fits,2025-11-05 20:38:42,1827.290113475448,1178.5056144964526,1279.9999993081017,3.701797275782369,3014.169656010319,8.717066427653284,21.66887329272298,1515.8288562251887,29040.068866414465,38735.92998905377,False,1,1
265,overnight0265 25-11-05 20-39-42.fits,2025-11-05 20:39:42,2121.7107469430925,1179.1207380559986,1279.9999999996144,3.2326345765983784,3014.169657638707,7.612272699233997,19.78850251473559,1755.02243404844,29052.542888807096,38748.66772395158,False,1,1
266,overnight0266 25-11-05 20-40-41.fits,2025-11-05 20:40:41,2559.999939138998,1178.731524657354,1279.9999999999998,3.310000844106314,3014.169657639615,7.79445633677091,15.493025181389166,1663.6656421754797,29053.344931083877,38742.956595390395,False,1,1
267,overnight0267 25-11-05 20-41-41.fits,2025-11-05 20:41:41,2020.2899734378148,1178.1853514093364,1279.9999999670217,3.802114592967855,3014.169657561957,8.953295657025393,20.37324349784035,1609.2370310065921,29044.246572143555,38738.30634679616,False,1,1
268,overnight0268 25-11-05 20-42-42.fits,2025-11-05 20:42:42,1226.0087585442575,1178.12425480737,4.086017737625502,3.646766979686816,9.621836472912543,8.587479983323487,1427.7609233712308,1672.18644405709,29057.538941578634,38743.04030964643,True,1,1
269,overnight0269 25-11-05 20-43-42.fits,2025-11-05 20:43:42,1226.0267023815818,1179.5583379052139,4.489313027900974,3.39558692103448,10.5715243065198,7.995996146296917,1313.5458029517818,1724.0345920783927,29055.660006987488,38740.935897947056,True,1,1
270,overnight0270 25-11-05 20-44-42.fits,2025-11-05 20:44:42,1226.7535947448878,1178.782001860604,4.430045321968661,3.2311034151359395,10.43195952456739,7.608667089530067,1371.791925463057,1754.5014546303112,29056.4195188687,38742.42551320766,True,1,1
271,overnight0271 25-11-05 20-45-42.fits,2025-11-05 20:45:42,1841.3265087794962,1178.914063391076,1279.9999998723263,3.575856020568165,3014.1696573389663,8.420497435378516,24.241007309309264,1773.6973246794807,29044.693781776798,38743.80403364896,False,1,1
272,overnight0272 25-11-05 20-46-42.fits,2025-11-05 20:46:42,1226.6287904861906,1179.8141277796383,4.679762042238157,3.506600397862386,11.019997463037384,8.257412906799848,1265.5949277651132,1750.1849768912555,29055.55274805363,38740.456938862095,True,1,1
273,overnight0273 25-11-05 20-47-42.fits,2025-11-05 20:47:42,1226.5187705224275,1180.3235747730305,4.831298572096649,3.374901266994018,11.376838721102592,7.9472851535178615,1272.779717609051,1730.8310148607675,29056.570427527273,38742.49574075054,True,1,1
274,overnight0274 25-11-05 20-48-41.fits,2025-11-05 20:48:41,2559.999101987552,1180.6462763483605,1279.9999999999998,3.648732537986791,3014.169657639615,8.592108519407946,21.67261394768134,1761.4035801515292,29054.752418866603,38748.55894495369,False,1,1
275,overnight0275 25-11-05 20-49-42.fits,2025-11-05 20:49:42,1810.0699747545475,1181.2165083924292,1279.9999999770014,3.347786724246006,3014.1696575854576,7.883435284742994,25.28720192038289,1764.3623914523882,29043.353163865715,38743.90056052404,False,2,1
276,overnight0276 25-11-05 20-50-42.fits,2025-11-05 20:50:42,1738.0741430364951,1181.8939240347577,1279.9999999943973,3.737051696108313,3014.1696576264217,8.800084243312764,19.389327627252474,1669.0311741599573,29047.979656281248,38743.63151993962,False,1,1
277,overnight0277 25-11-05 20-51-42.fits,2025-11-05 20:51:42,1223.4185018157477,1181.448079627163,4.812412063804141,3.4208729061412124,11.33236439279475,8.055540090884604,1257.9229538247769,1715.1960228111452,29060.41162725489,38747.45856239388,True,1,1
278,overnight0278 25-11-05 20-52-42.fits,2025-11-05 20:52:42,1223.27123256325,1181.673722143858,5.049200304598737,3.6185780739446485,11.889958088645482,8.521100183034344,1197.053005881113,1590.308675144506,29060.272084621425,38747.407404310565,True,2,1
279,overnight0279 25-11-05 20-53-41.fits,2025-11-05 20:53:41,2559.999997672337,1181.9160435112417,126.33607165150603,3.6968589611952853,297.49871393543265,8.70543758547495,34.08049320057923,1565.10023458433,29060.98585011302,38743.22904270629,True,1,1
280,overnight0280 25-11-05 20-54-41.fits,2025-11-05 20:54:41,1222.635972497548,1180.4716454004597,5.208968083678748,3.883925397620221,12.266182457373167,9.145945379720896,1105.722116622632,1566.2930739990782,29057.355720803513,38742.71836673599,True,2,1
281,overnight0281 25-11-05 20-55-42.fits,2025-11-05 20:55:42,2559.9999999950396,1801.208581888705,119.71364881046144,2.4517331963356974,281.90409988267004,5.773390475799101,43.639980005789255,55.49004622004428,29062.296533160305,38752.90692945446,True,2,1
282,overnight0282 25-11-05 20-56-42.fits,2025-11-05 20:56:42,1223.294726019787,1179.7909193731687,5.240206362568561,4.527456826690652,12.339742982675165,10.66134608850336,1139.0840713184014,1374.7492662721716,29063.519080700447,38751.0257551376,True,1,1
283,overnight0283 25-11-05 20-57-42.fits,2025-11-05 20:57:42,2499.814899940619,1178.3249006708497,41.646402259515305,4.258650954370572,98.06978284412887,10.028356632142007,43.89655749480104,1452.0610348425098,29056.405614072886,38736.00648914283,True,1,1
284,overnight0284 25-11-05 20-58-42.fits,2025-11-05 20:58:42,2559.999930988045,1177.3221124691195,1279.9999999999998,4.309619187950684,3014.169657639615,10.148377650236274,12.580826953622978,1370.0795414790218,29054.91565007206,38742.20966691534,False,2,1
285,overnight0285 25-11-05 20-59-42.fits,2025-11-05 20:59:42,2559.999985031464,1176.6705267071752,1279.9999995796252,4.89075395875284,3014.169656649708,11.516845457385656,14.210505658218143,1280.8761918457303,29056.80481482637,38745.55799566913,False,2,1
286,overnight0286 25-11-05 21-00-41.fits,2025-11-05 21:00:41,2533.152059775806,1174.7811172737254,107.95754630807714,5.6756720354970325,254.22059405861702,13.365186278210022,40.593866058399534,1187.9957752753864,29058.78805195056,38739.660219622034,True,2,1
287,overnight0287 25-11-05 21-01-42.fits,2025-11-05 21:01:42,1866.4828254977997,1173.8582589478292,1279.999999668579,4.387213740203551,3014.1696568591783,10.331098857266525,20.823232983977668,1302.970250868643,29047.041348038212,38743.97139976257,False,2,1
288,overnight0288 25-11-05 21-02-42.fits,2025-11-05 21:02:42,1226.0223295237597,1172.2164433500725,5.454785589208492,5.569974133600742,12.845038446814115,13.116286740106922,1063.140187993957,1182.5715978075893,29057.363498753668,38742.12297251629,True,2,1
289,overnight0289 25-11-05 21-03-42.fits,2025-11-05 21:03:42,1226.084353902705,1169.5284259372338,5.226118811755773,5.287683469903793,12.306569335635821,12.451543026708256,1064.6951249782633,1081.7845014151856,29058.886156518507,38744.977994952016,True,2,1
290,overnight0290 25-11-05 21-04-41.fits,2025-11-05 21:04:41,1227.0271523464771,1168.3004836555635,6.170141669571143,5.582010570381785,14.529573284186855,13.14463038270967,964.6544303863211,1104.9448974242225,29060.84156713698,38747.50707433048,True,2,1
291,overnight0291 25-11-05 21-05-42.fits,2025-11-05 21:05:42,1966.8941359753035,1167.5769178385208,1279.9999999643828,5.79091654855854,3014.169657555743,13.636566367647092,27.761762972644018,1108.4255668807482,29041.150874051484,38741.73982005959,False,2,1
292,overnight0292 25-11-05 21-06-42.fits,2025-11-05 21:06:42,1229.643858991046,1164.0413208225316,6.8160924504549,5.654587161519865,16.050671131115323,13.315535194321637,911.2735910692708,1074.2404884429816,29056.407233210084,38742.055089120986,True,2,1
293,overnight0293 25-11-05 21-07-42.fits,2025-11-05 21:07:42,1230.1650586754145,1163.3936667203068,7.0065333390705264,5.823150972511369,16.499125153020906,13.712472635311238,860.9946963674206,1039.0512219281127,29054.61779071642,38739.4669348613,True,2,1
294,overnight0294 25-11-05 21-08-42.fits,2025-11-05 21:08:42,2169.844790303999,1161.9975672521964,1279.9999999999998,6.106001358778007,3014.169657639615,14.378534394636665,15.93920846331288,1002.8990549197607,29053.326134790303,38745.07872545821,False,2,1
295,overnight0295 25-11-05 21-09-42.fits,2025-11-05 21:09:42,2072.677205389022,1161.4564216179774,1279.9999999942252,8.318129740807041,3014.1696576260165,19.587698650820517,20.16927219404113,817.7140298058448,29044.987755595706,38737.84129512656,False,1,3
296,overnight0296 25-11-05 21-10-42.fits,2025-11-05 21:10:42,1232.6342071479764,1159.8829742482012,6.083065740531654,6.300204210671301,14.324525141044974,14.835847163077169,939.6897253597446,915.3979785654291,29058.306494333192,38744.34207696105,True,2,4
297,overnight0297 25-11-05 21-11-41.fits,2025-11-05 21:11:41,1985.6108701804928,1159.1195632792699,1279.9999999992206,6.390862497024908,3014.16965763778,15.049331113030798,19.87511658532107,878.916904980011,29047.69812813049,38743.279779164586,False,2,3
298,overnight0298 25-11-05 21-12-41.fits,2025-11-05 21:12:41,2559.999999970985,1902.6060873248061,1279.9999999999998,1.4869783272856962,3014.169657639615,3.501566371618949,12.275235481790467,240.64644463326593,29060.76440209086,38757.00574833519,False,2,18
299,overnight0299 25-11-05 21-13-41.fits,2025-11-05 21:13:41,2559.9998812657373,1158.5515197453667,1279.9999999996307,7.061644753679937,3014.169657638746,16.628902616853157,14.304238999309918,932.0353166055423,29056.250326532954,38744.47922855262,False,2,1
300,overnight0300 25-11-05 21-14-42.fits,2025-11-05 21:14:42,1235.998872391138,1156.2025281038593,6.950114674236055,6.036798043866713,16.36626935015481,14.21557304150096,824.5089910126289,964.624354743918,29060.730444142206,38747.5194248292,True,2,1
301,overnight0301 25-11-05 21-15-42.fits,2025-11-05 21:15:42,1236.2193083714612,1157.0082176380813,6.0208172922120875,8.221750207132063,14.177941247169986,19.360742192991943,905.5980179031577,817.394028241865,29059.04404654776,38743.73668303668,True,2,2
302,overnight0302 25-11-05 21-16-42.fits,2025-11-05 21:16:42,2062.5801381498227,1858.9680857064582,1279.9999999996955,144.071207932567,3014.169657638898,339.2617683514307,18.095251620489996,16.423280405179653,29046.10945114028,38744.16788942698,False,2,3
303,overnight0303 25-11-05 21-17-42.fits,2025-11-05 21:17:42,2184.5271579510204,1155.1144090678424,1279.9999999997242,7.316242089905425,3014.169657638966,17.22843352760842,19.00463994867007,869.8224829701003,29050.514292110773,38743.85481199219,False,2,2
304,overnight0304 25-11-05 21-18-41.fits,2025-11-05 21:18:41,2278.7666853685164,1154.8280824630347,1279.9999999999998,8.884032262214163,3014.169657639615,20.92029725176356,14.824871010309838,779.019894686321,29055.74745847871,38745.56980835882,False,2,2
305,overnight0305 25-11-05 21-19-42.fits,2025-11-05 21:19:42,1238.9066883779633,1154.2363342479632,6.1334284321960535,8.888610506564477,14.443120216898016,20.93107819333073,905.3936868159994,738.77503296428,29057.698544359013,38742.27487781712,True,2,3
306,overnight0306 25-11-05 21-20-42.fits,2025-11-05 21:20:42,2559.9999568718627,1153.7540060496403,1279.9999999999998,9.343260334011605,3014.169657639615,22.00169672047309,19.123798299328385,734.7575709548801,29054.383975386892,38745.463499219986,False,2,3
307,overnight0307 25-11-05 21-21-42.fits,2025-11-05 21:21:42,1243.1189798979733,1150.3047596531503,7.679130332085302,8.902756932205179,18.08297003439964,20.964390479994996,749.7707908435355,615.4409093707603,29061.726510945413,38749.33222954571,True,2,2
308,overnight0308 25-11-05 21-22-42.fits,2025-11-05 21:22:42,1940.5938000288554,1150.022611386878,1279.9999995812163,9.471156936078664,3014.169656653455,22.302870202711947,24.758229042866876,672.5398842186383,29045.017166475325,38744.0637773738,False,2,11
309,overnight0309 25-11-05 21-23-42.fits,2025-11-05 21:23:42,1938.9643229074356,1147.8805930344329,1279.9999999881936,10.483874148878828,3014.1696576118134,24.687636995361647,22.069318819538925,636.7008793535572,29041.330231301654,38735.96980515158,False,2,14
310,overnight0310 25-11-05 21-24-41.fits,2025-11-05 21:24:41,1246.6966327942084,1145.8999479226327,7.931783866591812,9.02082908632798,18.677923641903487,21.242429155283354,708.1044321462541,736.8090396863247,29053.619313962237,38736.81425691286,True,2,2
311,overnight0311 25-11-05 21-25-41.fits,2025-11-05 21:25:41,1247.8835408920938,1145.8022855015602,6.907318338312282,10.192725951979487,16.26549168046763,24.00203538522846,801.0904816758487,668.5417406870527,29056.417912362733,38740.218320946835,True,2,5
312,overnight0312 25-11-05 21-26-42.fits,2025-11-05 21:26:42,1944.2409308793624,1144.691091221466,1279.99999999124,9.832162010236578,3014.169657618987,23.15297218769689,23.094972510886958,663.806037367632,29044.30116147735,38741.15318660906,False,2,8
313,overnight0313 25-11-05 21-27-42.fits,2025-11-05 21:27:42,2412.6648458741997,1144.3867461436225,1279.9999999999998,8.706158880440377,3014.169657639615,20.50143744688521,17.048101895235657,739.9691068856271,29052.270021286076,38742.6487381064,False,2,8
314,overnight0314 25-11-05 21-28-42.fits,2025-11-05 21:28:42,2026.9496719428687,1142.3423606624967,1279.999999678288,7.713268592047832,3014.1696568820416,18.163359493261883,26.288000058492837,826.0782766020803,29041.886246801343,38740.76112348033,False,2,1
315,overnight0315 25-11-05 21-29-42.fits,2025-11-05 21:29:42,1253.9013579355471,1142.2716157065054,7.669155184810648,9.022431849983821,18.059480357645146,21.246203375267573,743.666286092953,708.9311020819073,29056.629674380296,38741.26817562178,True,2,2
316,overnight0316 25-11-05 21-30-42.fits,2025-11-05 21:30:42,2559.999913034621,1142.3894560230435,1279.9999999999998,7.647512241543807,3014.169657639615,18.008515121006923,18.05086357792586,788.9172914252864,29052.557204023768,38743.25826728817,False,2,3
317,overnight0317 25-11-05 21-31-42.fits,2025-11-05 21:31:42,2559.999992301125,1140.9001614760714,1279.9999999999998,7.254697398977556,3014.169657639615,17.08350685574624,17.18449838437443,815.0923498377334,29051.751831847436,38741.650356488644,False,2,5
318,overnight0318 25-11-05 21-32-42.fits,2025-11-05 21:32:42,1256.835738923573,1138.9482047260874,7.6198984604764215,8.175143517299029,17.94348963583035,19.250991825540574,736.9334762373505,718.7869839397623,29056.031790682322,38741.03520001846,True,2,2
319,overnight0319 25-11-05 21-33-42.fits,2025-11-05 21:33:42,2435.4341887475125,1139.1096921725461,1279.9999999999998,9.298429030457527,3014.169657639615,21.89612706821908,16.980547098369936,712.6865860677552,29053.533303943503,38743.86714120408,False,2,13
320,overnight0320 25-11-05 21-34-42.fits,2025-11-05 21:34:42,2313.427577717199,1138.354918825245,1279.9999999999998,8.49145514710113,3014.169657639615,19.99584879187497,19.962304719567925,691.6444095974808,29051.99332123755,38746.367397333575,False,2,3
321,overnight0321 25-11-05 21-35-43.fits,2025-11-05 21:35:43,2233.207952248153,1138.0227026400994,1279.999999999927,8.400010957457445,3014.1696576394434,19.780514181100408,21.099415440944583,692.4965468266555,29047.64704143866,38742.35104010396,False,2,14
322,overnight0322 25-11-05 21-36-43.fits,2025-11-05 21:36:43,2087.0482047420514,1138.584002534979,1279.99999999999,8.765448669186657,3014.1696576395916,20.6410542298906,18.537213316918205,791.3839679880658,29047.789125530235,38739.683818618476,False,2,3
323,overnight0323 25-11-05 21-37-43.fits,2025-11-05 21:37:43,2559.9999999994307,1138.847061914796,124.2685676520671,10.269228470579229,292.6301140743722,24.182185049522488,46.895534728447736,661.5703276890475,29056.795149257126,38737.31584716392,True,2,3
324,overnight0324 25-11-05 21-38-43.fits,2025-11-05 21:38:43,2144.0919036279206,1140.7422718878952,1279.9999999999604,9.280686749243829,3014.169657639522,21.85434718877249,18.523988931354907,729.7229736292011,29050.49326050101,38743.113169392025,False,2,17
325,overnight0325 25-11-05 21-39-43.fits,2025-11-05 21:39:43,1260.504056779907,1139.5715154097772,8.091094258739789,9.308956855531772,19.053070946715284,21.92091820173449,703.0677723257263,712.4063236060362,29055.523759914475,38739.46700181764,True,2,12
326,overnight0326 25-11-05 21-40-43.fits,2025-11-05 21:40:43,2559.9821240735932,1139.175114880686,1279.9999999999998,9.927910771224395,3014.169657639615,23.37844328935788,15.40662966679954,588.8029568265455,29049.53634443565,38737.367341385674,False,2,11
327,overnight0327 25-11-05 21-41-43.fits,2025-11-05 21:41:43,1261.5770808112404,1140.0619789866357,7.81317708231158,10.701495308200261,18.39862600880374,25.20009566355463,682.9571639417967,637.8975289503913,29058.111901507153,38742.203442098915,True,2,14
328,overnight0328 25-11-05 21-42-43.fits,2025-11-05 21:42:43,1262.4384559241907,1139.3428423772357,7.513909639600529,10.155948109257814,17.6939050358826,23.91543018397447,711.4027504148305,636.6694031163693,29059.369151978608,38744.36259792591,True,2,6
329,overnight0329 25-11-05 21-43-42.fits,2025-11-05 21:43:42,2206.597000650379,1139.2772005566233,1279.9999999997738,10.479739300725594,3014.1696576390823,24.677900172047252,18.914277664547008,621.926094615591,29052.256370362742,38745.73163589185,False,2,14
330,overnight0330 25-11-05 21-44-43.fits,2025-11-05 21:44:43,2559.9986793501675,1137.8565733358084,1279.9999999999998,9.426946666692723,3014.169657639615,22.198762974165717,18.428694672218153,644.6452441297719,29048.055481498566,38737.50006689158,False,2,14
331,overnight0331 25-11-05 21-45-43.fits,2025-11-05 21:45:43,2510.5536311417527,1138.259280761629,41.021391805903455,10.273320242291579,96.5979956996098,24.19182043557042,53.50618839612429,675.2026208343228,29064.63322870791,38746.32009926784,True,2,12
332,overnight0332 25-11-05 21-46-43.fits,2025-11-05 21:46:43,1265.1837138545582,1136.484210402005,8.177513526776917,9.982358879324039,19.256572771366017,23.50665878572493,651.414710910566,568.5419469037997,29062.39113668279,38749.39995178622,True,2,12
333,overnight0333 25-11-05 21-47-43.fits,2025-11-05 21:47:43,1267.3164722060947,1138.843534992495,8.200399997025391,10.378454257195072,19.31046629026713,24.43939212127975,649.772136744705,642.7070145304954,29058.969415353855,38743.54063735326,True,3,6
334,overnight0334 25-11-05 21-48-42.fits,2025-11-05 21:48:42,1268.7514135163701,1135.2724306002633,8.25073653336087,9.372820896429864,19.428999775027343,22.071306525397997,650.1245721211905,650.7195665178092,29063.937667729595,38750.95722846874,True,2,13
335,overnight0335 25-11-05 21-49-42.fits,2025-11-05 21:49:42,2066.4397895163543,1135.842313992424,1279.9999999999857,9.893183101444432,3014.1696576395816,23.296665876442805,15.055477443925497,675.8711030238685,29051.23649390669,38741.26686885201,False,2,4
336,overnight0336 25-11-05 21-50-43.fits,2025-11-05 21:50:43,2559.999999286204,1137.2851073127956,127.21256230626126,12.386658551322089,299.5626916985326,29.168351847607276,44.90702036104579,641.2383955201703,29061.64945283795,38742.21372410973,True,3,4
337,overnight0337 25-11-05 21-51-43.fits,2025-11-05 21:51:43,2032.847504802606,1136.3088428678116,1279.999999995986,10.405669439953803,3014.169657630163,24.503478979169188,18.074525076924537,617.7262224530758,29045.99461237381,38737.83060262444,False,3,6
338,overnight0338 25-11-05 21-52-43.fits,2025-11-05 21:52:43,1272.6383931195342,1137.6148494514969,8.193427866610588,11.273717250611575,19.294048177809778,26.547575363751342,678.5915599669378,636.8446977826347,29059.721941135067,38744.18145497465,True,2,13
339,overnight0339 25-11-05 21-53-43.fits,2025-11-05 21:53:43,2559.9999992685334,1135.3714121675268,1279.9999999999998,10.589386404531977,3014.169657639615,24.936099369970112,14.709699906465444,592.0201518866539,29053.150059180436,38741.07688590227,False,2,20
340,overnight0340 25-11-05 21-54-43.fits,2025-11-05 21:54:43,1275.0328264475281,1133.5296703651115,8.513363630365204,8.702929817885622,20.047439327421436,20.49383358565461,653.1366740015519,741.1855292138926,29056.855925459164,38741.312515738675,True,3,5
341,overnight0341 25-11-05 21-55-43.fits,2025-11-05 21:55:43,2092.1996506802707,1133.634453256438,1279.9999999972727,9.450815462086473,3014.169657633193,22.25496969200966,17.552026096703113,666.8461380364599,29048.99288107733,38741.11022266708,False,2,7
342,overnight0342 25-11-05 21-56-42.fits,2025-11-05 21:56:42,2524.2402089021566,1133.288703080302,47.79531523024152,9.858353195984161,112.54936636274576,23.214647716898426,54.63704373312204,640.2125427427353,29062.036691112837,38743.76643862475,True,2,7
343,overnight0343 25-11-05 21-57-42.fits,2025-11-05 21:57:42,2549.7960589085988,1132.2184856629647,1279.9999995608791,8.83182029028805,3014.1696566055643,20.797347453681358,23.087104117837114,672.58185426758,29048.700164434773,38742.35850103753,False,2,12
344,overnight0344 25-11-05 21-58-42.fits,2025-11-05 21:58:42,1281.0380911831096,1132.467875620655,8.223636416042947,8.63645052096334,19.365183875544407,20.337286804682456,675.9766454538619,662.9830798873132,29057.094018776552,38742.574216803965,True,2,13
345,overnight0345 25-11-05 21-59-43.fits,2025-11-05 21:59:43,2220.5562805810355,1133.0585978557856,1279.999999999231,9.362916052260697,3014.1696576378044,22.047982399805534,22.71645374956906,688.4289268438545,29051.155377228988,38747.833343892315,False,2,14
346,overnight0346 25-11-05 22-00-43.fits,2025-11-05 22:00:43,1282.2646858825233,1132.822527505438,7.87109628618274,8.728766503641996,18.535015311071778,20.554674331170887,691.2761130069765,732.2438916568185,29056.28913388874,38740.477952959685,True,2,5
347,overnight0347 25-11-05 22-01-43.fits,2025-11-05 22:01:43,2128.5256158464717,1131.5236457200222,1279.99999998546,8.715892950500322,3014.169657605376,20.524359430182102,14.196531560044631,699.4742628545869,29054.8366252964,38745.67043406423,False,2,8
348,overnight0348 25-11-05 22-02-43.fits,2025-11-05 22:02:43,1284.1506798336382,1133.4248854635478,7.7287578178779475,8.860498785277414,18.19983383272865,20.864880148543634,722.2321276690394,714.5003324447619,29062.08832353156,38748.47341867785,True,2,7
349,overnight0349 25-11-05 22-03-43.fits,2025-11-05 22:03:43,1284.677042443507,1133.3148211670457,7.981110327111837,8.893776907244678,18.79407857988647,20.94324413721313,710.3671112692334,670.15367560471,29059.27407231251,38745.31927131753,True,2,8
350,overnight0350 25-11-05 22-04-43.fits,2025-11-05 22:04:43,2559.99999996918,1131.7900214452898,107.50993965976782,7.85942306804513,253.1665609508891,18.507526983011314,52.02424512694256,731.1105943545533,29063.812136821693,38747.88523149005,True,2,9
351,overnight0351 25-11-05 22-05-42.fits,2025-11-05 22:05:42,2150.7930718080424,1131.8405301922219,1279.999999990714,8.379581182348517,3014.1696576177483,19.73240573715843,18.84474206159695,648.6345683212799,29048.515055208158,38742.485811646264,False,2,7
352,overnight0352 25-11-05 22-06-43.fits,2025-11-05 22:06:43,1286.1512883511161,1134.2563375633215,7.582078993686054,9.233708878163078,17.85443159734001,21.743722756278657,731.4938450340446,687.4922622608751,29057.80376079713,38742.69149182164,True,2,6
353,overnight0353 25-11-05 22-07-43.fits,2025-11-05 22:07:43,2125.0622994653827,1132.918441439866,1279.999999411606,7.389783323261769,3014.1696562540533,17.401609898052236,17.64492394381348,741.9718588496625,29052.910260250403,38747.28860877993,False,2,4
354,overnight0354 25-11-05 22-08-43.fits,2025-11-05 22:08:43,1289.1907377751038,1133.4802889101456,7.7359074933490435,9.139461591428597,18.216670031843453,21.52178735628652,746.1013516410998,703.2726357493906,29059.16027949602,38744.69091839841,True,2,10
355,overnight0355 25-11-05 22-09-43.fits,2025-11-05 22:09:43,1291.003115556802,1919.9997607441987,6.863441305423307,1.0003145945810608,16.16216916390419,2.355560858656489,806.4849867482526,2.1470838890405232e-10,29058.241857315785,38751.5489549734,True,2,1
356,overnight0356 25-11-05 22-10-43.fits,2025-11-05 22:10:43,2559.9996804802017,1130.473762956211,1279.9999999999998,6.3995683806145855,3014.169657639615,15.069831902217478,17.110109710242636,837.6368819536236,29051.630687614997,38742.151136794724,False,2,1
357,overnight0357 25-11-05 22-11-43.fits,2025-11-05 22:11:43,1292.164860551886,1128.4994483853166,7.37348249009149,7.622309025507508,17.36322436935216,17.9491660826854,749.9445117461141,842.1251903523571,29061.955113586286,38748.112555930435,True,2,4
358,overnight0358 25-11-05 22-12-42.fits,2025-11-05 22:12:42,2086.9568291911137,1837.020280758492,1279.9999999998647,51.52550477531518,3014.1696576392965,121.33329147525008,19.197580271177845,19.731209755021087,29049.176395397564,38749.9895162818,False,2,2
359,overnight0359 25-11-05 22-13-42.fits,2025-11-05 22:13:42,2559.9999998940616,1127.8223580343108,1279.999985465586,7.533720667308583,3014.1696234136857,17.74055644104219,13.695110651793948,787.5783437170938,29056.494648735974,38745.165720656754,False,2,5
360,overnight0360 25-11-05 22-14-43.fits,2025-11-05 22:14:43,2012.3424495134823,1128.1446128617706,1279.9999999725994,7.516946521313005,3014.1696575750916,17.70105634581353,24.014114292012444,890.3493058711377,29043.411577743886,38740.19263986076,False,2,2
361,overnight0361 25-11-05 22-15-43.fits,2025-11-05 22:15:43,1290.0604963245155,1129.0124679894893,7.039823026504884,7.410623491689284,16.577516376284144,17.45068474440717,811.0651260627628,860.0654159148572,29059.407330780774,38745.00974023789,True,2,2
362,overnight0362 25-11-05 22-16-43.fits,2025-11-05 22:16:43,2559.999999943413,1131.522775826882,68.51409222820594,8.815513856373162,161.33835774607851,20.758948736235606,73.26745587468011,779.2414297589856,29060.046945511574,38741.01871538633,True,2,4
363,overnight0363 25-11-05 22-17-43.fits,2025-11-05 22:17:43,2321.970542866144,1130.6416099568266,1279.9999999999986,6.27039743501427,3014.169657639612,14.765657570282253,19.621975421481682,955.0763897463452,29047.195968853834,38739.44350715832,False,2,2
364,overnight0364 25-11-05 22-18-43.fits,2025-11-05 22:18:43,2167.5326485123574,1132.2696668975907,1279.9999999293882,7.300998877405522,3014.169657473337,17.192538505262984,21.486504130015135,809.3369944119754,29041.79067043669,38735.3236523348,False,2,3
365,overnight0365 25-11-05 22-19-43.fits,2025-11-05 22:19:43,2559.999999965612,1134.6983275491289,115.23315181969153,8.174280746309185,271.3533357571042,19.248960155119416,50.00689556838658,704.5289502523173,29059.986265427222,38742.878272842936,True,2,5
366,overnight0366 25-11-05 22-20-43.fits,2025-11-05 22:20:43,2559.999987583843,1136.5071046821827,1279.9999999999998,7.7509919074498175,3014.169657639615,18.252191112535503,14.520789381184727,751.1609705448174,29046.408335413125,38732.52073016648,False,2,1
367,overnight0367 25-11-05 22-21-43.fits,2025-11-05 22:21:43,2075.7801138333657,1138.799539312121,1279.9999999166434,8.81574956580518,3014.1696574433254,20.75950378953093,24.982638746914997,733.5941220290985,29049.63449449404,38749.23707212015,False,2,5
368,overnight0368 25-11-05 22-22-42.fits,2025-11-05 22:22:42,1287.6733838692003,1139.8894173076214,7.913588057571403,9.855896071006047,18.635075786086674,23.208861629746817,743.0775847742767,699.1000608582334,29060.51054620095,38746.02900290064,True,2,12
369,overnight0369 25-11-05 22-23-43.fits,2025-11-05 22:23:43,1287.4758213946407,1140.2047681469046,8.150704816358292,8.141401849753997,19.19344308269081,19.171536270452762,731.235525404548,699.6839248037056,29057.326672876297,38743.44647010175,True,2,5
370,overnight0370 25-11-05 22-24-43.fits,2025-11-05 22:24:43,1288.1900791975083,1140.4923361181056,8.207445583121595,8.229943168718554,19.327057377635462,19.38003514316398,716.9362902771642,738.2923436801049,29057.505257338602,38743.08982579804,True,2,2
371,overnight0371 25-11-05 22-25-43.fits,2025-11-05 22:25:43,2432.5987135529895,1140.6382190185564,1279.9999999999998,8.921977371619194,3014.169657639615,21.00965115600142,20.09265340343809,815.8397560463757,29049.147482017506,38739.84556967635,False,2,1
372,overnight0372 25-11-05 22-26-43.fits,2025-11-05 22:26:43,2559.9999999983893,1141.0947737469833,1279.9999999999666,8.163491577407536,3014.1696576395366,19.22355360392059,16.90049823425685,758.9940462418149,29055.692360041143,38746.30876409215,False,2,7
373,overnight0373 25-11-05 22-27-43.fits,2025-11-05 22:27:43,2264.648258703144,1141.2436796409245,1279.9999999999845,9.829030579855994,3014.169657639579,23.14559823266707,16.399389572642228,675.5436529569982,29051.707649328186,38742.08809384407,False,2,6
374,overnight0374 25-11-05 22-28-42.fits,2025-11-05 22:28:42,1291.1262655460566,1142.196717536185,8.166654658617306,8.60706627184061,19.231002090957418,20.26809218584007,703.7379716892947,749.1743521752185,29061.439431088435,38747.67071682733,True,2,3
375,overnight0375 25-11-05 22-29-42.fits,2025-11-05 22:29:42,2559.999984224966,1143.6802159651693,1279.999990648113,9.531184753720277,3014.169635617604,22.44422491095388,19.818983009556337,675.7834231045665,29053.73467861685,38745.70560696251,False,2,19
376,overnight0376 25-11-05 22-30-43.fits,2025-11-05 22:30:43,1292.6993186073944,1144.5884454273041,7.8253978687709065,10.68762946162792,18.4274037617242,25.16744409010476,732.5626958984141,667.0581868951235,29056.088873580396,38739.628421021334,True,2,6
377,overnight0377 25-11-05 22-31-43.fits,2025-11-05 22:31:43,1292.7004558016345,152.94305309381494,7.891952082109658,29.871141164401184,18.58412695737556,70.34116198188104,724.7107057498002,57.37976416938385,29056.88735739043,38747.74540147036,True,2,1
378,overnight0378 25-11-05 22-32-43.fits,2025-11-05 22:32:43,1951.4300704880375,1141.9850933790867,1279.9999999981337,8.963086659931053,3014.1696576352206,21.10645613215514,20.99872477065601,669.7479237980492,29049.16802565749,38746.10765036328,False,2,11
379,overnight0379 25-11-05 22-33-43.fits,2025-11-05 22:33:43,2558.9374464832117,1140.7204554975954,1279.9999999999998,8.772078736625318,3014.169657639615,20.656666845595062,20.755035043161932,710.8344127895208,29045.150306702202,38735.284338954625,False,2,3
380,overnight0380 25-11-05 22-34-43.fits,2025-11-05 22:34:43,1296.4972448820517,1142.3277703092401,8.081383950027439,9.590429914419015,19.030204917116006,22.583736602938348,743.3078117063772,706.6289234598262,29062.269060406685,38748.68692345268,True,2,3
381,overnight0381 25-11-05 22-35-43.fits,2025-11-05 22:35:43,2559.9997196483796,1143.315537182361,1279.9999999803842,8.583259894134878,3014.1696575934234,20.212032450419034,20.385093401951238,724.0103279148941,29053.65904795243,38746.352024649364,False,2,6
382,overnight0382 25-11-05 22-36-43.fits,2025-11-05 22:36:43,1299.193888022203,1142.345141091706,8.171640203215828,9.080133987017925,19.24274215131341,21.382081524196604,748.1333465823193,747.434839585122,29056.960854212524,38741.7354134541,True,2,8
383,overnight0383 25-11-05 22-37-42.fits,2025-11-05 22:37:42,2535.8678679775644,1140.090969584201,1279.9999999999998,6.30190209805975,3014.169657639615,14.839845382333694,22.912835333298535,952.6417037205201,29045.240605774696,38737.66644297014,False,2,1
384,overnight0384 25-11-05 22-38-43.fits,2025-11-05 22:38:43,1301.8968711496318,1140.4415432075382,7.580427364983627,7.01553921375425,17.850542308964584,16.520332367249175,787.888659956155,883.5557480279634,29062.77815643596,38750.07571033107,True,2,4
385,overnight0385 25-11-05 22-39-43.fits,2025-11-05 22:39:43,2559.9999960029863,1141.700016732204,112.01708108141845,7.395364778865019,263.7800679163813,17.414753221587222,52.806733214948935,892.4392225410983,29062.795986997568,38745.625765601355,True,2,1
386,overnight0386 25-11-05 22-40-43.fits,2025-11-05 22:40:43,1303.7109540871134,4.145781578744807e-06,6.858029027728423,172.05685082198204,16.149424223899004,405.1629212005031,836.9947467902774,23.10014157994097,29060.82953791415,38752.66619971377,True,2,1
387,overnight0387 25-11-05 22-41-42.fits,2025-11-05 22:41:42,2463.310840335857,1142.2798593830726,1279.9999999999998,6.873631980744416,3014.169657639615,16.18616637042274,16.26580638670028,896.6849561181915,29044.81451167983,38732.040333712,False,2,1
388,overnight0388 25-11-05 22-42-43.fits,2025-11-05 22:42:43,2559.999902665629,1144.2565067229636,1279.9999999984564,6.950288725773885,3014.16965763598,16.36667921020496,13.384225696165936,864.8592001248333,29058.494612378683,38747.48312729855,False,2,6
389,overnight0389 25-11-05 22-43-43.fits,2025-11-05 22:43:43,2166.449490099396,1143.5664232366566,1279.9999999957179,7.496350118129653,3014.1696576295317,17.65255552274183,21.317547452822172,909.9436074403891,29046.456000985796,38740.19929537715,False,2,2
390,overnight0390 25-11-05 22-44-43.fits,2025-11-05 22:44:43,1306.9789637919916,1608.7877331722595,7.947575508801099,503.46611202689735,18.715110117521874,1185.5720925947353,786.097983628537,20.846401251346805,29058.340100258545,38742.597221356154,False,2,4
391,overnight0391 25-11-05 22-45-43.fits,2025-11-05 22:45:43,2330.300516961116,1143.0226572120835,1279.9999999998984,8.37676597501258,3014.1696576393756,19.725776430492846,18.64154406264614,741.1507044480238,29050.248652820115,38742.28006962093,False,2,4
392,overnight0392 25-11-05 22-46-43.fits,2025-11-05 22:46:43,1986.6126111388883,1145.3819855237034,1279.9999998145145,7.08072498430457,3014.16965720283,16.673833126391855,26.9556317753575,861.007668918197,29038.808950115967,38738.04228855336,False,2,1
393,overnight0393 25-11-05 22-47-42.fits,2025-11-05 22:47:42,1309.400426027596,1144.6760293768575,6.974890892421434,6.3087450531793205,16.4246128853778,14.855959310216507,879.0963202252954,980.3782273488656,29061.766545218285,38748.95240294052,True,2,1
394,overnight0394 25-11-05 22-48-42.fits,2025-11-05 22:48:42,2559.9999983838807,1144.5607001594985,77.73451785688931,6.963300070226307,183.0508008402192,16.397318584934325,58.939666092128356,806.8668136399535,29060.644620052433,38743.16646871631,True,2,1
395,overnight0395 25-11-05 22-49-43.fits,2025-11-05 22:49:43,2559.9999961085546,1146.7990117882198,74.69213664236764,7.045572175998944,175.886540571638,16.591054588754638,59.84987916132896,840.38199861259,29062.308677668356,38744.91735617788,True,2,1
396,overnight0396 25-11-05 22-50-43.fits,2025-11-05 22:50:43,2559.999998734026,1144.1513989578123,1279.999999999876,6.7871935164490855,3014.1696576393233,15.982619342038403,15.82774901640919,875.3666227099623,29052.962353000094,38742.14604828424,False,2,1
397,overnight0397 25-11-05 22-51-43.fits,2025-11-05 22:51:43,1935.8733415030367,1143.9987989987956,1279.999999989741,6.05856449123005,3014.169657615457,14.266829108061257,33.623805909360854,1007.2258385907395,29038.898690890084,38745.501403666975,False,2,2
398,overnight0398 25-11-05 22-52-43.fits,2025-11-05 22:52:43,1922.2655893699787,1143.6261258654013,1279.9999999771592,6.269794413992503,3014.169657585829,14.76423756429262,27.5402786425942,923.1229068823816,29044.81501291674,38747.589666530526,False,2,1
399,overnight0399 25-11-05 22-53-43.fits,2025-11-05 22:53:43,2559.999998342029,1143.9930922012375,72.05230263902193,6.767630985129121,169.67020654500521,15.936553101154605,59.27888267043578,971.8840011326376,29062.471681859028,38744.14792848819,True,2,1
400,overnight0400 25-11-05 22-54-42.fits,2025-11-05 22:54:42,1308.1622000002235,1144.7435834356456,6.326303356210674,6.141097698632618,14.897305954151465,14.46117995923352,939.7099501715263,937.6680735932462,29056.6368633192,38742.42606987738,True,2,2
401,overnight0401 25-11-05 22-55-43.fits,2025-11-05 22:55:43,1307.8360317403944,1146.0714716265543,6.635686390483214,6.825515426943859,15.625847324848941,16.07286054503538,905.0745289563829,848.0543794745379,29057.382701210234,38743.460735333036,True,2,1
402,overnight0402 25-11-05 22-56-43.fits,2025-11-05 22:56:43,1933.6185631235471,1145.798027698392,1279.9999284313024,6.166959712554773,3014.169489108211,14.52208034802228,30.379278781815206,988.3730194999684,29041.725939975997,38745.92940489211,False,2,2
403,overnight0403 25-11-05 22-57-43.fits,2025-11-05 22:57:43,1307.3803857405926,1148.2086123865527,6.885979840349293,6.115536930693073,16.21524335773353,14.400988950523097,885.0828835675723,988.2165068105325,29056.084744395434,38741.5131540594,True,2,1
404,overnight0404 25-11-05 22-58-43.fits,2025-11-05 22:58:43,1306.7549062946216,1149.388197392481,6.629193776524939,6.458735984490583,15.610558387355347,15.209160961841128,895.1300058418137,909.0311459949528,29058.761989112194,38745.09797062941,True,2,2
405,overnight0405 25-11-05 22-59-43.fits,2025-11-05 22:59:43,1307.5194014255956,1151.025027384986,7.037606411869296,6.581944060617793,16.572296647708153,15.49929380921518,845.4219451319083,866.0748983452266,29056.515311006744,38742.3458721052,True,2,2
406,overnight0406 25-11-05 23-00-43.fits,2025-11-05 23:00:43,1308.460205817132,1151.9962392657494,7.050912362741432,7.084903407429012,16.603629767540056,16.683672560921913,884.0918713102816,868.3065997875638,29059.638494470022,38746.291433718005,True,2,1
407,overnight0407 25-11-05 23-01-43.fits,2025-11-05 23:01:43,2559.9998831828393,1151.8272647772856,80.21802913244355,6.408141804659461,188.89902297395471,15.090020773012903,70.64709072939458,963.638982814909,29066.77210406898,38751.31522461451,True,2,1
408,overnight0408 25-11-05 23-02-42.fits,2025-11-05 23:02:42,1309.1211945419182,1153.8632367849398,6.662291655673319,7.400135503713753,15.688497936621962,17.425987420090348,919.0516532525893,893.4781187904694,29060.298804553833,38746.42683683777,True,2,2
409,overnight0409 25-11-05 23-03-43.fits,2025-11-05 23:03:43,1309.7662773098189,1153.7622990241152,7.116355229668386,6.543577127490193,16.757735942383942,15.408946586019946,855.9538829858251,918.8098167312625,29059.322830324414,38745.86687059685,True,2,4
410,overnight0410 25-11-05 23-04-43.fits,2025-11-05 23:04:43,1310.5434950876306,1153.2320787395774,7.219706205382835,5.609587040856387,17.00110889166983,13.209568008154466,865.0990353517396,1016.6230863961255,29058.136796555355,38744.891203542145,True,2,1
411,overnight0411 25-11-05 23-05-43.fits,2025-11-05 23:05:43,2328.9689861944003,1152.5322364455978,1279.9999999999804,6.149835871792394,3014.169657639569,14.481756784547112,17.515728861232564,951.2217847145832,29053.719090133905,38746.37530251312,False,2,1
412,overnight0412 25-11-05 23-06-43.fits,2025-11-05 23:06:43,2559.9995404655497,1154.2349845529868,1279.9999999999998,5.230316343607874,3014.169657639615,12.316453767780803,16.046411188315812,1053.487583314451,29052.437455347146,38742.18348664827,False,2,1
413,overnight0413 25-11-05 23-07-43.fits,2025-11-05 23:07:43,1312.8698622059194,1153.2426321485934,6.658365448171531,6.592061515708195,15.679252424495802,15.52311859526676,886.6228856520735,963.5852459349205,29056.371571188505,38741.243158365614,True,2,1
414,overnight0414 25-11-05 23-08-43.fits,2025-11-05 23:08:43,2559.9999997733844,1153.7974768499578,64.66433442272147,5.477476694672772,152.27287089720934,12.898471916805313,55.702091615086154,1017.0235709720091,29060.964254046023,38743.01628561884,True,2,1
415,overnight0415 25-11-05 23-09-42.fits,2025-11-05 23:09:42,2267.2198408858617,1155.080144049956,1279.9999999766032,6.7774293803290995,3014.16965758452,15.959626558580648,15.977460605623065,901.4955583796403,29052.936036782776,38744.01195113019,False,2,1
416,overnight0416 25-11-05 23-10-42.fits,2025-11-05 23:10:42,2210.621124071246,1154.9265299569206,1279.99999999966,6.328507598957643,3014.169657638815,14.90249654915614,15.442530933068007,1008.7277530300856,29054.800009969556,38745.98871543901,False,2,2
417,overnight0417 25-11-05 23-11-43.fits,2025-11-05 23:11:43,1316.8230872586207,1153.1381133899015,6.755881727503001,5.766102595909236,15.908885713782386,13.57813397455206,934.4639325718695,1164.2306727496818,29058.50130286223,38744.146260454356,True,2,1
418,overnight0418 25-11-05 23-12-43.fits,2025-11-05 23:12:43,2135.2877662545316,1154.4753427895037,1279.9999999999463,3.967146574032311,3014.169657639489,9.341916274107144,21.239230882078527,1331.505426636136,29045.868818805422,38741.59390343017,False,2,1
419,overnight0419 25-11-05 23-13-43.fits,2025-11-05 23:13:43,1318.9199385187678,1155.610222598836,6.603735625261258,5.265006913226788,15.5506090224502,12.398143816492965,959.1448635011902,1116.6956254720544,29055.858659820828,38741.73828339241,True,2,1
420,overnight0420 25-11-05 23-14-43.fits,2025-11-05 23:14:43,1984.422783217076,1154.6436514209815,1279.999999827707,5.394077089562127,3014.169657233896,12.7020808549431,25.339229874725547,1096.2392472344225,29046.61908928495,38747.05823338482,False,2,1
421,overnight0421 25-11-05 23-15-42.fits,2025-11-05 23:15:42,1988.4000006750687,1157.9798640216952,1279.9999995375333,5.211027451645832,3014.1696565505895,12.271031898342152,24.230855976565234,1261.770653467323,29051.16123397812,38751.08469504254,False,1,1
422,overnight0422 25-11-05 23-16-42.fits,2025-11-05 23:16:42,2226.2679377231107,1156.9832573589404,1279.9999999955471,4.178382508460538,3014.1696576291292,9.839338886729575,20.579623541949008,1479.6775198934624,29050.824103864947,38745.67884008242,False,2,1
423,overnight0423 25-11-05 23-17-43.fits,2025-11-05 23:17:43,2056.5051195896935,1158.305899131811,1279.9999997091036,5.889572533648552,3014.1696569546066,13.868883458899326,30.376845710518495,1099.1418393933413,29044.753279617064,38748.283022372445,False,2,1
424,overnight0424 25-11-05 23-18-43.fits,2025-11-05 23:18:43,1322.5363776801369,1745.9584776320726,6.247751354068839,647.5733651597061,14.712330124930558,1524.9187409062224,1007.9823040274222,20.024246424847323,29059.32937523026,38743.800471313945,False,2,1
425,overnight0425 25-11-05 23-19-43.fits,2025-11-05 23:19:43,1321.609891652975,1156.963282782085,5.085911314358569,5.012158640582419,11.97640591030126,11.802731635718553,1163.005109872169,1174.7174352302034,29061.23142265669,38748.3439052979,True,1,1
426,overnight0426 25-11-05 23-20-43.fits,2025-11-05 23:20:43,1885.8229460511889,1156.162917173628,1279.9999999831373,3.6978918218277883,3014.1696575999063,8.707869786396092,35.711700493937215,1530.9281597045633,29038.337369231715,38748.011697470014,False,1,1
427,overnight0427 25-11-05 23-21-43.fits,2025-11-05 23:21:43,1326.8132384059563,1155.980561889626,5.63802607118689,4.494088153481669,13.27653680683798,10.582768867954758,1107.8719406315206,1376.848981443354,29060.042996512806,38746.80040860854,True,1,1
428,overnight0428 25-11-05 23-22-43.fits,2025-11-05 23:22:43,1326.8869172386096,1155.2358940791496,4.9072503339718025,4.154882439119815,11.555691452421621,9.784000452386422,1192.4807429218906,1434.825235192497,29059.681526869746,38746.098781180706,True,1,1
429,overnight0429 25-11-05 23-23-43.fits,2025-11-05 23:23:43,2559.9999950401593,1155.2819799379797,98.20147082395602,4.132152313943954,231.24679194777357,9.730475097996242,60.2850987148631,1520.8428433122394,29067.243912101127,38751.96951034331,True,1,1
430,overnight0430 25-11-05 23-24-43.fits,2025-11-05 23:24:43,2141.637777443215,1155.3421036870693,1279.9999999712884,4.52287071806835,3014.1696575720043,10.650546627990874,22.372073297403883,1356.7608868051784,29044.945835370825,38740.298536810486,False,1,1
431,overnight0431 25-11-05 23-25-43.fits,2025-11-05 23:25:43,2423.985959123448,1919.9999720484527,1279.9999999999795,1.0001008511584515,3014.169657639567,2.3550575313604356,26.33821234447765,6.265614941919524e-09,29045.333218508364,38749.69218771318,False,1,1
432,overnight0432 25-11-05 23-26-43.fits,2025-11-05 23:26:43,1763.2418436214625,1155.0002284144168,1279.999997455171,3.748013485431419,3014.169651647001,8.825897284540218,27.821362635165826,1486.3259030971208,29038.621361571077,38741.05945393437,False,1,1
433,overnight0433 25-11-05 23-27-42.fits,2025-11-05 23:27:42,1912.6749584610782,1153.5783306732274,1279.9999999949812,4.437579180267533,3014.169657627797,10.449700405105995,37.40413150346269,1398.519048247618,29036.485153236823,38746.32956615699,False,1,1
434,overnight0434 25-11-05 23-28-42.fits,2025-11-05 23:28:42,1328.0941199410913,1153.129610896586,4.5104821614909545,3.843360889836306,10.621373806633423,9.050423263674519,1334.020613422194,1599.765869627666,29061.099776048435,38747.961485552434,True,1,1
435,overnight0435 25-11-05 23-29-42.fits,2025-11-05 23:29:42,1928.3344474587977,1152.6217414754763,1279.999999996249,3.9613216868059054,3014.1696576307822,9.328199712906358,32.834448398957115,1479.8770563678465,29032.360568204043,38736.350245091446,False,1,1
436,overnight0436 25-11-05 23-30-43.fits,2025-11-05 23:30:43,1329.9761055695487,1151.0452988345312,5.172699628790299,4.4796825079830445,12.180776772799545,10.54884616517299,1230.4940152979302,1374.2259983948481,29060.742723182324,38747.92966420577,True,1,1
437,overnight0437 25-11-05 23-31-43.fits,2025-11-05 23:31:43,1972.873877047296,1153.8539883871524,1279.9999995873113,3.8047012568268017,3014.1696566678074,8.9593867849302,22.845364866530637,1594.5338760216948,29049.192507576987,38747.817174724114,False,1,1
438,overnight0438 25-11-05 23-32-43.fits,2025-11-05 23:32:43,1332.508019019113,1152.8589958265695,4.5653384842534255,3.487599567223301,10.750550575071177,8.212669369938693,1331.6272006297347,1469.5418443287892,29054.436086799808,38740.4937995755,True,1,1
439,overnight0439 25-11-05 23-33-43.fits,2025-11-05 23:33:43,1331.7760971839894,1153.4094465795474,4.704912998230848,3.726371108033155,11.079223438360666,8.774933380420663,1316.9677296628033,1570.3392828314595,29057.830227835468,38744.22346156826,True,1,1
440,overnight0440 25-11-05 23-34-43.fits,2025-11-05 23:34:43,2257.786478405273,1152.4333555620703,1279.999999999622,3.8535319986002503,3014.1696576387253,9.074374394472045,20.758242357066067,1528.410337017472,29052.803983020196,38748.61172686484,False,1,1
441,overnight0441 25-11-05 23-35-43.fits,2025-11-05 23:35:43,1978.74122964557,1152.1225292299978,1279.9999999041465,3.0301780891409664,3014.1696574138973,7.135524104322727,26.67977488311277,1656.247511952048,29043.22246969159,38745.11766781316,False,1,1
442,overnight0442 25-11-05 23-36-42.fits,2025-11-05 23:36:42,1330.2245185597153,1152.7767185080309,3.906780728661774,4.393043957821967,9.199765571393364,10.344827970581264,1563.4783494556948,1403.464406508423,29059.419177979118,38745.81741212945,True,1,1
443,overnight0443 25-11-05 23-37-43.fits,2025-11-05 23:37:43,2228.72852258561,1152.3050210909255,1279.9999999894153,3.967303296623411,3014.16965761469,9.342285327606174,22.769288629445235,1418.3110011354597,29051.831667096816,38749.7815254036,False,1,1
444,overnight0444 25-11-05 23-38-43.fits,2025-11-05 23:38:43,2559.9999359793264,1152.7831375025912,1279.9999999999998,4.323875929121966,3014.169657639615,10.181949710123225,16.55969519150224,1332.633534655579,29050.895370166832,38740.20752696678,False,1,1
445,overnight0445 25-11-05 23-39-43.fits,2025-11-05 23:39:43,1331.7663788726456,1153.7180159130075,4.176035425671281,3.7799033476514254,9.833811929130086,8.900992171329166,1471.7556950349995,1521.5401049437055,29055.783985208996,38741.56077740211,True,1,1
446,overnight0446 25-11-05 23-40-43.fits,2025-11-05 23:40:43,1330.9476323171655,1154.3253935230591,4.037787162239689,3.6932126104098932,9.508262147210653,8.696851085554295,1463.2273003551193,1574.066100125665,29058.166928828505,38744.34638829214,True,1,1
447,overnight0447 25-11-05 23-41-43.fits,2025-11-05 23:41:43,1331.7237281896585,1154.9504390347508,4.164622229672956,3.8414451488545045,9.806935906415362,9.045912038409487,1476.2635196509277,1667.8470745182206,29056.81876920263,38742.087070514586,True,1,1
448,overnight0448 25-11-05 23-42-43.fits,2025-11-05 23:42:43,1332.3493030261031,1156.262313568093,3.9993727821537495,4.247174642361447,9.417803194966845,10.001331982579888,1538.048747519687,1513.2456622685777,29056.128575077055,38741.144715331095,True,1,1
449,overnight0449 25-11-05 23-43-43.fits,2025-11-05 23:43:43,2241.4551050122,1155.0311408436316,1279.9999999910992,3.907307003268299,3014.1696576186555,9.201004853386,20.374933008274525,1514.5635633380248,29052.172958479052,38747.50995453641,False,1,1
450,overnight0450 25-11-05 23-44-42.fits,2025-11-05 23:44:42,1330.541688818213,1155.063062587758,4.290019577324123,4.559161626579821,10.102224094258045,10.736005186806072,1419.3951262086287,1359.5226988745544,29058.170920581062,38744.08552434906,True,1,1
451,overnight0451 25-11-05 23-45-43.fits,2025-11-05 23:45:43,2160.7538068816943,1155.3806558412455,1279.9999999702684,4.010560104063432,3014.1696575696024,9.44414732484998,23.02852745887591,1440.5345188067615,29045.40513659382,38741.85485959276,False,1,1
452,overnight0452 25-11-05 23-46-43.fits,2025-11-05 23:46:43,1332.8467040086869,1156.6078213373464,3.7219098213488815,4.712772256788501,8.764427853109906,11.097730577951307,1646.631546106001,1385.6458611047515,29055.601110365755,38740.27715226507,True,1,1
453,overnight0453 25-11-05 23-47-43.fits,2025-11-05 23:47:43,1332.8434302225426,1155.7113963901904,4.344909288497238,4.566637928345432,10.231479486394456,10.75361053206643,1460.2109452021125,1244.582360124734,29056.844037799863,38743.32158084781,True,1,1
454,overnight0454 25-11-05 23-48-43.fits,2025-11-05 23:48:43,2559.999964728879,1156.217683203549,1279.9999999999939,4.46905982831438,3014.1696576396007,10.523831666157276,15.955760954795792,1331.474557293883,29054.34947672932,38744.085656358824,False,1,1
455,overnight0455 25-11-05 23-49-43.fits,2025-11-05 23:49:43,1810.7551929857627,1157.0077862301796,1279.9999999134595,4.928561886983747,3014.169657435828,11.605876324644887,25.18642916571494,1396.5709894851,29038.161314796143,38735.59096907954,False,1,1
456,overnight0456 25-11-05 23-50-42.fits,2025-11-05 23:50:42,2439.001222851855,1155.3293869757758,1279.9999999999998,3.6699418945671582,3014.169657639615,8.642052737425603,16.64541398650886,1477.2347484640732,29049.39459832399,38739.611276788215,False,1,1
457,overnight0457 25-11-05 23-51-42.fits,2025-11-05 23:51:42,2182.022510048026,1154.9748759780127,1279.9999995848384,4.493279978155492,3014.1696566619844,10.580865760496778,25.921748550353445,1333.9615348226669,29044.865688632814,38743.434694985495,False,1,2
458,overnight0458 25-11-05 23-52-43.fits,2025-11-05 23:52:43,1334.1100874881197,1154.927990831378,3.4937617604405986,4.177990239314271,8.227180226048139,9.838415163480898,1704.8411712431189,1386.3433438979769,29062.426854572903,38750.116815444824,True,1,1
459,overnight0459 25-11-05 23-53-43.fits,2025-11-05 23:53:43,1333.4108483846069,1155.2066986653072,3.627041279928462,4.001571529096106,8.541029510130253,9.422980848340657,1635.7262616333524,1412.2971000689379,29055.511546362915,38741.049490234356,True,1,1
460,overnight0460 25-11-05 23-54-43.fits,2025-11-05 23:54:43,1332.8547085155594,1154.4268871193328,3.803317685033901,4.914691236798821,8.956128722338537,11.573213439551811,1595.5159245800614,1291.6376731028424,29058.937165271127,38744.884334804985,True,1,1
461,overnight0461 25-11-05 23-55-43.fits,2025-11-05 23:55:43,1333.0076615986352,1154.680842377879,3.19178247312168,4.260987438540246,7.516073347085389,10.033858631899651,1753.4241040635447,1380.931852055311,29052.55958348429,38736.370658936954,True,1,1
462,overnight0462 25-11-05 23-56-43.fits,2025-11-05 23:56:43,2108.8023171879245,1153.800968992208,1279.9999999140998,4.480385973555429,3014.1696574373354,10.550502700003829,21.977587535715525,1411.2176881551618,29047.585937096712,38743.452651454456,False,1,1
463,overnight0463 25-11-05 23-57-43.fits,2025-11-05 23:57:43,2355.2091740563073,1153.7283437968988,1279.9999998407404,5.308431683787572,3014.1696572645874,12.500401336660369,24.258560418930347,1240.848903323717,29044.4198278437,38738.80100819032,False,1,1
464,overnight0464 25-11-05 23-58-42.fits,2025-11-05 23:58:42,1336.5808293601997,1153.0433815724439,3.605305680003599,5.759309464153472,8.489846083736413,13.562137371725052,1669.6284773985467,1106.0071135585822,29056.224335282142,38741.17509678165,True,1,2
465,overnight0465 25-11-05 23-59-42.fits,2025-11-05 23:59:42,1335.294360142658,1154.0651475074167,3.522990347555227,4.38972353154193,8.2960082888736,10.337008964218985,1670.5681475769627,1289.128795231709,29060.170898959164,38747.190204997256,True,1,1
466,overnight0466 25-11-06 00-00-43.fits,2025-11-06 00:00:43,1334.4339063687767,1153.9701242015901,3.569748010002015,4.835727624572522,8.406114169662086,11.387268342653272,1671.8616694537109,1267.7166044585533,29050.87153494532,38734.28361248026,True,1,1
467,overnight0467 25-11-06 00-01-43.fits,2025-11-06 00:01:43,1964.681460017362,1153.8673829735376,1279.9999999908446,5.749550160252453,3014.1696576180557,13.539155967273384,30.203535343271106,1098.3315072140708,29038.10526749574,38740.34940768193,False,1,3
468,overnight0468 25-11-06 00-02-43.fits,2025-11-06 00:02:43,1334.1901924072286,1154.7066231208184,3.5638043303985474,4.080760059096072,8.3921178737906,9.609455586121111,1612.4244347410356,1476.5751452757572,29061.018358810798,38747.659994164016,True,1,1
469,overnight0469 25-11-06 00-03-43.fits,2025-11-06 00:03:43,2323.2336471240237,1154.329010624137,1279.9999999995564,4.525511703935503,3014.1696576385707,10.656765674449488,19.180729811961534,1277.6263477046928,29048.192823010733,38740.63536115341,False,1,1
470,overnight0470 25-11-06 00-04-43.fits,2025-11-06 00:04:43,1337.3608300224116,1156.9099582096078,3.7679342177968613,4.37419692792447,8.87280702442606,10.300446606789341,1575.5919694587171,1373.2964295718587,29060.175325196244,38746.8085994361,True,1,1
471,overnight0471 25-11-06 00-05-43.fits,2025-11-06 00:05:43,1335.629313807347,695.874716220867,3.653357938985597,959.9999999582964,8.60300050639624,2260.627243131507,1694.9865729950834,25.319328579955943,29056.221864643485,38728.62152003227,False,1,1
472,overnight0472 25-11-06 00-06-43.fits,2025-11-06 00:06:43,2537.359825955567,1158.1112378106518,1279.9999993259091,4.9241495504826895,3014.1696560522523,11.595486066206776,24.46944633840839,1114.3664654924412,29050.885572730236,38747.10852120229,False,1,1
473,overnight0473 25-11-06 00-07-43.fits,2025-11-06 00:07:43,2559.999999992803,1157.7328417147999,137.98611000890818,4.8777787583250936,324.9324577848227,11.486291195330105,42.98735126354621,1288.8233484265756,29060.247759159356,38742.65043897833,True,1,1
474,overnight0474 25-11-06 00-08-43.fits,2025-11-06 00:08:43,1937.8757575080979,1157.732633693757,1279.9999919210459,5.554702584020263,3014.169638615132,13.080324989036127,20.479835128606457,1035.1295041304998,29047.891333557847,38744.282446418954,False,1,1
475,overnight0475 25-11-06 00-09-42.fits,2025-11-06 00:09:42,1833.6014796055565,1157.345994466857,1279.9999987500248,5.492511655085921,3014.1696546961484,12.933876542962443,21.524858601899506,1118.7399852704957,29049.164279230175,38747.17215638867,False,1,1
476,overnight0476 25-11-06 00-10-43.fits,2025-11-06 00:10:43,1883.0716043393109,1156.6431254593076,1279.999999557694,6.482310049535849,3014.169656598064,15.264673642752584,21.014095821071333,1031.648086473239,29048.842111935122,38745.211466993016,False,1,1
477,overnight0477 25-11-06 00-11-43.fits,2025-11-06 00:11:43,2048.74042318543,1155.1113628313458,1279.9999991471686,5.155452390280374,3014.169655631351,12.140162629834945,25.691193959172033,1162.1141658237498,29040.800542168763,38739.02095201854,False,1,1
478,overnight0478 25-11-06 00-12-43.fits,2025-11-06 00:12:43,1845.8971670378803,1158.1744367435244,1279.9999989547618,5.51520450131982,3014.1696551782675,12.987314112152832,31.652277941795905,1130.7375504068366,29033.032624828506,38736.25262617204,False,1,1
479,overnight0479 25-11-06 00-13-43.fits,2025-11-06 00:13:43,2231.8387189151895,1159.3105001986773,1279.9999999932857,5.212938863463779,3014.169657623804,12.275532929205362,28.748946628646824,1165.5491948324513,29042.90220728126,38742.86191940568,False,1,1
480,overnight0480 25-11-06 00-14-43.fits,2025-11-06 00:14:43,2091.800490533824,1160.1153788804793,1279.999999997642,5.366042901564316,3014.1696576340623,12.636065387099688,23.43047532183916,1064.2200837811615,29044.769676188826,38742.06485499759,False,1,1
481,overnight0481 25-11-06 00-15-43.fits,2025-11-06 00:15:43,2559.9999912347184,1161.0833489079216,1279.9999999366519,4.850696568860667,3014.1696574904418,11.422517512715947,16.009620087835412,1189.922475802836,29054.23172359543,38744.20461443814,False,1,3
482,overnight0482 25-11-06 00-16-43.fits,2025-11-06 00:16:43,2559.99999682076,1160.7900135320724,1279.999999980485,7.063669121997145,3014.1696575936608,16.633669639945044,16.922670422410203,903.3209658690602,29057.55996098567,38748.57541951058,False,1,1
483,overnight0483 25-11-06 00-17-43.fits,2025-11-06 00:17:43,1937.6345255332558,1160.9337167031101,1279.9999999931301,5.763514545802057,3014.1696576234376,13.57203958228213,30.300828038038475,1099.0801876686403,29035.070823738864,38736.62583389406,False,1,3
484,overnight0484 25-11-06 00-18-44.fits,2025-11-06 00:18:44,1949.5416421351015,1163.514673493011,1279.9999999901856,5.648626772955805,3014.169657616504,13.301499551854816,31.739626461605145,1084.4102817236308,29034.24599710857,38737.18011800539,False,1,1
485,overnight0485 25-11-06 00-19-44.fits,2025-11-06 00:19:44,2510.0894834743826,1797.8896923151926,1279.9999998857777,6.471457939505347,3014.169657370642,15.239118876521877,25.398499347358793,104.4485563324453,29048.628307326795,38751.43941931364,False,1,1
486,overnight0486 25-11-06 00-20-44.fits,2025-11-06 00:20:44,1924.0424728943626,1161.1684779592129,1279.9999999010697,6.360579673822342,3014.1696574066523,14.97802051393327,29.340924859902273,995.1745677567734,29034.91976105484,38735.55121139826,False,1,1
487,overnight0487 25-11-06 00-21-44.fits,2025-11-06 00:21:44,2559.9999995581234,1163.102384015056,1279.9999969965004,4.61262456747838,3014.1696505669142,10.861900791700302,24.59856331720076,1206.6622868321488,29048.659805201027,38743.89239976194,False,1,3
488,overnight0488 25-11-06 00-22-44.fits,2025-11-06 00:22:44,2039.5777520281044,1162.1470171069388,1279.9999999914194,5.503687019822272,3014.1696576194095,12.960192515854134,25.299945844790592,1074.9315631132397,29048.120311857467,38748.563838187845,False,1,1
489,overnight0489 25-11-06 00-23-43.fits,2025-11-06 00:23:43,2007.3424144650385,1163.115034154491,1279.9999999908084,6.6066251920539125,3014.1696576179706,15.557413432254998,32.45566263274016,972.6219324563871,29038.709076500127,38742.8942900626,False,1,2
490,overnight0490 25-11-06 00-24-43.fits,2025-11-06 00:24:43,1798.8136328277071,2.0432585790605825e-06,1279.9999999584838,185.9018680676327,3014.169657541852,437.76544533436044,19.002784484901568,21.159631963612885,29049.525465151255,38750.575709525576,False,1,2
491,overnight0491 25-11-06 00-25-44.fits,2025-11-06 00:25:44,1340.3218487216925,1164.833690874333,3.194055028404257,6.471403694765084,7.521424805818242,15.238991139920167,1785.5247515707456,1053.8495355765458,29060.127163181536,38745.37816743192,True,1,1
492,overnight0492 25-11-06 00-26-44.fits,2025-11-06 00:26:44,1341.731267545516,1165.2817789415224,6.388795622270768,5.732046951837376,15.044463994929183,13.497939061245205,597.385499151526,1013.9606301263503,29060.151820261694,38744.27776100611,True,1,4
493,overnight0493 25-11-06 00-27-44.fits,2025-11-06 00:27:44,2285.1218926050697,1164.7554617110272,1279.9999999882723,5.868888709276759,3014.1696576119984,13.820176774660728,22.127463708323724,1048.2340087945815,29044.042774309877,38737.61421934641,False,1,1
494,overnight0494 25-11-06 00-28-44.fits,2025-11-06 00:28:44,1963.2207961707677,1165.8165169708336,1279.9999999865977,5.416886004657812,3014.169657608055,12.755791745415827,30.873981583413254,1088.48721237782,29041.00647856944,38745.46895331293,False,1,1
495,overnight0495 25-11-06 00-29-44.fits,2025-11-06 00:29:44,2191.321054607106,1165.6019799196831,1279.9999999979877,5.817164377522858,3014.169657634877,13.698375281430812,18.879937283231595,1061.9728296773797,29053.488830702925,38747.89628977677,False,1,2
496,overnight0496 25-11-06 00-30-43.fits,2025-11-06 00:30:43,1974.6016925041197,1165.4727314029892,1279.99999999354,6.2120440382018165,3014.169657624403,14.628245821772643,26.998238484609967,1021.6494932709331,29038.221220244388,38737.077398075104,False,1,4
497,overnight0497 25-11-06 00-31-44.fits,2025-11-06 00:31:44,2045.9808890407423,1166.600947854459,1279.9999980521966,6.466432531463935,3014.1696530528884,15.2272849449315,22.266694842575262,991.3518218828425,29042.27551818367,38737.02512249659,False,1,1
498,overnight0498 25-11-06 00-32-44.fits,2025-11-06 00:32:44,1342.5562602588395,1167.5024071262003,3.737540662361164,5.872057664300879,8.801235670846319,13.827639093473326,1582.1252210412613,1030.8702822037353,29057.203383566393,38742.75497520695,True,1,1
499,overnight0499 25-11-06 00-33-44.fits,2025-11-06 00:33:44,2088.89801635076,1166.8376513704313,1279.999999993827,6.747624222801809,3014.169657625079,15.88944077619008,27.74928377043871,980.0408954712284,29043.974070954995,38744.12333246904,False,1,1
500,overnight0500 25-11-06 00-34-44.fits,2025-11-06 00:34:44,2022.3526566798125,1167.1922880902491,1279.999999832297,5.517645824218479,3014.1696572447045,12.993062988250989,28.725418128278683,1023.9485170202018,29042.144707028336,38744.55473359904,False,1,1
501,overnight0501 25-11-06 00-35-44.fits,2025-11-06 00:35:44,2258.9224386909227,1167.7779958100236,1279.9999994678872,5.873314031689014,3014.1696563865853,13.83059761258283,22.215770104147996,1101.49225098409,29046.85122446524,38741.25812198985,False,1,1
502,overnight0502 25-11-06 00-36-44.fits,2025-11-06 00:36:44,1341.1611419036867,1166.6114515345448,3.226361306770444,5.95647820217916,7.597500277695289,14.026434268281399,1705.1945502038825,1083.669616871308,29056.574453005847,38740.854728802806,True,1,1
503,overnight0503 25-11-06 00-37-44.fits,2025-11-06 00:37:44,1915.9662876131006,1171.0731535252737,1279.9999999777006,5.068909958865438,3014.1696575871038,11.93637077759334,32.93876336752937,1206.9227694223175,29035.530649305514,38740.470829444996,False,1,2
504,overnight0504 25-11-06 00-38-43.fits,2025-11-06 00:38:43,1818.5526155918242,1170.4719406036495,1279.9999999740255,5.817207136865772,3014.16965757845,13.698475971988616,33.11790392143434,1096.8450701797217,29035.56804735518,38741.23659914623,False,1,1
505,overnight0505 25-11-06 00-39-44.fits,2025-11-06 00:39:44,1340.8385836391487,1169.738482683957,3.4359639063693317,6.518108596150625,8.091076680721347,15.348972777904033,1669.7759475413122,982.5254515309376,29058.988182394056,38744.44689173168,True,1,1
506,overnight0506 25-11-06 00-40-44.fits,2025-11-06 00:40:44,2198.187573140994,1170.004740876183,1279.999999995178,6.462656882987339,3014.16965762826,15.218393972215821,21.56424830301849,966.5208459570164,29047.808729937267,38742.73274288728,False,1,3
507,overnight0507 25-11-06 00-41-44.fits,2025-11-06 00:41:44,1341.5888617587677,1172.5433241570165,3.9635133862170826,6.019914496028696,9.333360770612481,14.175815324620759,1468.3744479716431,1036.5407299952676,29059.40571071873,38745.32600194307,True,1,3
508,overnight0508 25-11-06 00-42-44.fits,2025-11-06 00:42:44,1735.5583687271114,1171.7609321567004,1279.9999985600575,4.905604465346072,3014.16965424881,11.551815727990263,32.65505136443428,1158.9891419359249,29036.040056780243,38742.91013483625,False,1,1
509,overnight0509 25-11-06 00-43-44.fits,2025-11-06 00:43:44,2150.2312989577586,1171.031773723815,1279.9999999993881,5.926325901510945,3014.169657638174,13.955431026264085,27.905135276216257,1035.5340201497863,29041.725190382604,38741.28648054068,False,1,1
510,overnight0510 25-11-06 00-44-44.fits,2025-11-06 00:44:44,1876.8547051801936,1717.9978255428714,1279.999999971798,57.92465840952266,3014.1696575732044,136.4021467243145,34.204512529435085,16.43212419343225,29034.389283942048,38747.39469426567,False,1,5
511,overnight0511 25-11-06 00-45-44.fits,2025-11-06 00:45:44,2278.5728734692525,1173.3437682161111,1279.999999999997,4.865258600764586,3014.169657639608,11.456808477339678,17.86632230432687,1182.3189046909852,29049.781375819017,38741.93393448166,False,1,1
512,overnight0512 25-11-06 00-46-44.fits,2025-11-06 00:46:44,1975.3111264218442,1174.2720767440837,1279.999995858496,6.807972425478555,3014.1696478871186,16.031549933534873,23.282368847181502,897.4908039862889,29043.594249829173,38740.727744240314,False,1,1
513,overnight0513 25-11-06 00-47-43.fits,2025-11-06 00:47:43,2291.8608769449306,1177.9222895729165,1279.9999999999234,6.0303654536558495,3014.1696576394347,14.200425449130949,19.602876578659547,1030.8278946731273,29050.478167002202,38743.74641895673,False,1,1
514,overnight0514 25-11-06 00-48-43.fits,2025-11-06 00:48:43,1339.4021155167381,1179.1475792925426,3.299662837687988,6.538726092764832,7.770112192031378,15.397523272209524,1732.685921463762,1013.9418591610821,29059.65074449533,38745.009549434944,True,1,1
515,overnight0515 25-11-06 00-49-44.fits,2025-11-06 00:49:44,1339.9512215759205,1179.1488053543872,3.4723404893664904,6.31090312282788,8.176736987532788,14.861041175883507,1661.8928668241138,974.146982736085,29058.380900690012,38744.01556402467,True,1,1
516,overnight0516 25-11-06 00-50-44.fits,2025-11-06 00:50:44,2266.459906619813,1182.293723697388,1279.9999998396042,5.7057730741378165,3014.169657261912,13.436068807377591,23.638488839499214,1087.6773341306696,29047.56956811116,38743.80612728272,False,1,1
517,overnight0517 25-11-06 00-51-44.fits,2025-11-06 00:51:44,2559.9998910028244,1182.7385714571317,1279.9999999998413,5.661735885128164,3014.1696576392414,13.332369151970845,21.761079560421276,1093.441124495786,29051.47725878473,38744.57084827091,False,1,1
518,overnight0518 25-11-06 00-52-44.fits,2025-11-06 00:52:44,1999.2285144440216,1183.8179548075955,1279.9999961463193,5.502304078152829,3014.1696485648904,12.95693593708982,24.055297638889556,1027.9566495791687,29047.467747356695,38747.09749189336,False,1,2
519,overnight0519 25-11-06 00-53-43.fits,2025-11-06 00:53:43,1968.8412612518123,1183.4475631744392,1279.9999998905218,4.845283432107251,3014.169657381814,11.40977054978251,23.060573168819303,1155.7869318621515,29045.780026391134,38744.126350358885,False,1,1
520,overnight0520 25-11-06 00-54-43.fits,2025-11-06 00:54:43,2116.675955661425,1186.393683753933,1279.9999894753655,5.840577715744769,3014.1696328559947,13.753509479596856,20.048803559999854,1066.4004770304246,29047.77286717,38741.873817357846,False,1,2
521,overnight0521 25-11-06 00-55-44.fits,2025-11-06 00:55:44,2285.7846287458005,1185.4837926132739,1279.9999934530292,6.468730721432883,3014.169642222677,15.232696768737666,17.685485261359705,908.655347097687,29051.895179359046,38744.37105363724,False,1,2
522,overnight0522 25-11-06 00-56-44.fits,2025-11-06 00:56:44,2353.475024496064,1919.9999385605138,1279.9999996592894,924.3603244379311,3014.169656837303,2176.702220817752,27.181324972646625,21.832595375359126,29045.853366303738,38739.25216726331,False,1,2
523,overnight0523 25-11-06 00-57-44.fits,2025-11-06 00:57:44,2559.6860238304093,1804.004098316868,1279.9999999999998,81.45590914738521,3014.169657639615,191.81400764648257,18.23506437742855,7.944577035945471,29048.426763507054,38744.99826987986,False,1,1
524,overnight0524 25-11-06 00-58-44.fits,2025-11-06 00:58:44,1967.3792838253878,1188.9351869964369,1279.999999990359,6.406503735915408,3014.169657616912,15.086163415899264,30.069807592000508,967.6906495819559,29035.84803379768,38737.32766845492,False,1,1
525,overnight0525 25-11-06 00-59-44.fits,2025-11-06 00:59:44,2218.3060931412083,1189.2057030943224,1279.9999999669315,4.913424098197935,3014.1696575617448,11.570229556174613,19.98057644255927,1100.8947628056167,29048.658968454067,38743.301166372265,False,1,1
526,overnight0526 25-11-06 01-00-44.fits,2025-11-06 01:00:44,1341.0382160526838,1188.9743699000069,3.5609858480915544,4.199909164713118,8.385480855157528,9.890030288375641,1643.9723178509998,1395.2889305422802,29063.12452797162,38750.824969117806,True,1,1
527,overnight0527 25-11-06 01-01-43.fits,2025-11-06 01:01:43,1341.87222678912,1191.2533873385446,3.4033986543873187,5.048775737843981,8.014391372582619,11.888958310340927,1707.7813520600637,1202.53461441749,29059.35227455029,38745.46481177001,True,1,1
528,overnight0528 25-11-06 01-02-43.fits,2025-11-06 01:02:43,1339.7855049714838,1190.777724589955,3.9836863720711824,5.199675493026431,9.38086452206984,12.244300078634824,1453.775830120738,1272.748109448676,29060.324666282104,38746.020542707454,True,1,1
529,overnight0529 25-11-06 01-03-44.fits,2025-11-06 01:03:44,2559.999964499781,1190.6288581384636,1279.9999684501718,4.974972579155458,3014.1695833454473,11.715165152874594,17.000469414965387,1168.462452465442,29052.26539295697,38742.31916548077,False,1,1
530,overnight0530 25-11-06 01-04-44.fits,2025-11-06 01:04:44,1674.2134951631183,1.1689764921699063e-06,1279.9999911059354,121.27236582291745,3014.1696366956935,285.57459794813224,30.866400580010442,28.591271687722706,29036.177046554218,38746.677108930155,False,1,1
531,overnight0531 25-11-06 01-05-44.fits,2025-11-06 01:05:44,2424.4607912254614,1192.6847604516386,1279.9999999999998,5.612343830130358,3014.169657639615,13.216059750796742,14.931310056460946,1087.8204529102582,29057.891832620462,38748.68358170771,False,1,2
532,overnight0532 25-11-06 01-06-44.fits,2025-11-06 01:06:44,1340.5040944714867,1193.1545473517222,3.2937795939964474,5.845925410021965,7.7562582118567365,13.766102337275495,1728.4673856958336,1080.3711494045647,29059.50558103874,38745.19464293518,True,1,1
533,overnight0533 25-11-06 01-07-44.fits,2025-11-06 01:07:44,1340.9958613698307,1192.902441034719,3.3453727990056175,4.582492425681768,7.877750925199721,10.790945020197926,1743.6137525611516,1239.485692588842,29057.01044605585,38742.88047778322,True,1,1
534,overnight0534 25-11-06 01-08-43.fits,2025-11-06 01:08:43,1341.3825768399936,1193.4718866106614,3.0930964017547247,4.750702878957576,7.283685408065128,11.187050367355539,1803.1109427806798,1286.6736278399223,29058.535173003922,38744.014569624815,True,1,1
535,overnight0535 25-11-06 01-09-43.fits,2025-11-06 01:09:43,1946.7497627539772,1193.0636267809136,1279.9999999997121,5.277362453763133,3014.169657638937,12.427238891015142,23.346744576226044,1173.1890439951892,29049.553775772485,38748.83781381888,False,1,1
536,overnight0536 25-11-06 01-10-44.fits,2025-11-06 01:10:44,2203.2033195259132,1193.5764943492654,1279.999999990915,4.965685407334983,3014.1696576182217,11.693295534510094,26.161463819101,1227.4462992652227,29045.000565705297,38743.500947624954,False,1,1
537,overnight0537 25-11-06 01-11-44.fits,2025-11-06 01:11:44,2204.6124719448158,1194.8746930723444,1279.9999995945357,4.693491835965495,3014.1696566848195,11.05232865652066,22.24352193079763,1289.8976206989314,29048.139004737266,38744.014355056475,False,1,1
538,overnight0538 25-11-06 01-12-44.fits,2025-11-06 01:12:44,1343.0531735495565,1196.4027491113286,3.7237138272412142,4.091648186445062,8.768675962346524,9.635095166655363,1568.5657453328752,1432.2079273943532,29055.05939846774,38740.05413035462,True,1,1
539,overnight0539 25-11-06 01-13-44.fits,2025-11-06 01:13:44,2018.1585653174352,1197.8779185169722,1279.9999995570556,4.4650351177798315,3014.169656596561,10.514354197115074,23.971984708289757,1249.4721032506661,29041.61437132551,38739.162332860295,False,1,2
540,overnight0540 25-11-06 01-14-44.fits,2025-11-06 01:14:44,1834.193830185181,1196.8156652661007,1279.9999922573036,4.11616141713954,3014.1696394069586,9.692819413663187,37.60543499306636,1409.3185701886546,29028.46853861091,38737.184944105495,False,1,1
541,overnight0541 25-11-06 01-15-44.fits,2025-11-06 01:15:44,2145.7994969420656,1197.3288230580308,1279.9999988294244,4.399780067484287,3014.16965488312,10.360690296639623,26.65609568595881,1401.8999758049172,29045.263435046934,38744.79843100094,False,1,1
542,overnight0542 25-11-06 01-16-43.fits,2025-11-06 01:16:43,2005.3936433266,1198.1925499382442,1279.9999994306781,4.4258875028226985,3014.1696562989646,10.422168608698863,23.30319968600212,1236.522251187923,29043.31370424232,38740.98539293712,False,1,2
543,overnight0543 25-11-06 01-17-43.fits,2025-11-06 01:17:43,2212.3668550302236,1198.7746286079782,1279.9999999963175,4.100147300089438,3014.169657630943,9.655109049830136,19.096338805291534,1429.726777421929,29050.196029981063,38743.970270042904,False,1,1
544,overnight0544 25-11-06 01-18-44.fits,2025-11-06 01:18:44,1966.5051134663597,1198.5102077968536,1279.99999955055,4.447063469786453,3014.1696565812413,10.472034200178026,26.499004393135763,1283.66015530716,29045.29240540816,38746.89211816392,False,1,1
545,overnight0545 25-11-06 01-19-44.fits,2025-11-06 01:19:44,2559.9999950890374,844.6730048401931,1279.9999867977153,959.9999921224628,3014.1696265506107,2260.627224679529,21.954815389111264,41.008581204139546,29052.98133239979,38719.902579136884,False,1,1
546,overnight0546 25-11-06 01-20-44.fits,2025-11-06 01:20:44,1946.3798136762657,1198.305696066731,1279.9999999828497,4.042485565183318,3014.169657599229,9.519326040641944,28.506524989099827,1548.27990539783,29043.105147136295,38745.49909706779,False,1,1
547,overnight0547 25-11-06 01-21-44.fits,2025-11-06 01:21:44,1343.58200371019,1198.3404094591504,3.6869139865758926,3.9538897249858405,8.682018959893881,9.310698780238564,1628.8201384994409,1476.431194468686,29059.373396740415,38746.05009955908,True,1,1
548,overnight0548 25-11-06 01-22-44.fits,2025-11-06 01:22:44,2559.999963131947,1197.9562912894419,1279.999994533727,3.6685155773825864,3014.169644767526,8.6386940171288,15.941508060716037,1460.1099140114886,29059.439249688246,38751.63614903892,False,1,1
549,overnight0549 25-11-06 01-23-43.fits,2025-11-06 01:23:43,1874.7620073942617,1198.344065317403,1279.9999999893562,4.43123516527181,3014.169657614551,10.434761391428088,28.9902025488066,1363.3887239495114,29043.876464460733,38747.90844539439,False,1,1
550,overnight0550 25-11-06 01-24-43.fits,2025-11-06 01:24:43,1345.2187623949605,1199.5386891174503,3.7311644298477216,4.209220413636947,8.786220790711887,9.911956603985747,1619.3537780146971,1346.2221275586753,29057.64170445232,38744.01253977612,True,1,1
551,overnight0551 25-11-06 01-25-44.fits,2025-11-06 01:25:44,2124.837421444383,1199.8365140285907,1279.9999999994297,5.422888606572366,3014.1696576382724,12.769926792726562,15.908747560789843,1186.4714039948806,29049.345491819302,38739.59952982486,False,1,1
552,overnight0552 25-11-06 01-26-44.fits,2025-11-06 01:26:44,1343.2387294914845,1199.70630035069,3.6177024385914605,4.030373458993664,8.519038219352518,9.490804210199004,1643.8293093134766,1541.304349852751,29058.37123794915,38744.148825300705,True,1,1
553,overnight0553 25-11-06 01-27-44.fits,2025-11-06 01:27:44,2026.768282278966,1201.7331240731792,1279.999999667046,3.524330742152193,3014.1696568555685,8.299164676938787,25.266413284239384,1603.8215676233406,29043.147650534316,38742.35132302956,False,1,1
554,overnight0554 25-11-06 01-28-44.fits,2025-11-06 01:28:44,2037.500715714249,1200.790691830281,1279.9999999500706,4.106005832663836,3014.1696575220403,9.668904839770795,22.257258514787836,1376.0010599297204,29046.959553102388,38744.3171250806,False,1,1
555,overnight0555 25-11-06 01-29-44.fits,2025-11-06 01:29:44,2559.9999999996894,1200.8159195411743,96.41370775775741,3.2308970247523874,227.03693164372308,7.608181077317777,52.0227922423492,1626.8870289968506,29059.148730159613,38741.92989510793,True,1,1
556,overnight0556 25-11-06 01-30-43.fits,2025-11-06 01:30:43,2199.4698562283597,1202.134674804001,1279.9999999140277,3.494836302192638,3014.169657437166,8.229710578505063,19.98143651042463,1548.2878269795226,29046.215130161087,38740.18573076144,False,1,1
557,overnight0557 25-11-06 01-31-43.fits,2025-11-06 01:31:43,2003.3886439360608,1200.9272079961015,1279.9999998818284,3.3187603831901225,3014.1696573613426,7.815083474990695,25.69215842986536,1667.6797828077565,29043.046893417828,38742.99621925154,False,1,1
558,overnight0558 25-11-06 01-32-43.fits,2025-11-06 01:32:43,1980.8806348974024,1200.995419226596,1279.9999997645682,3.5637291087273533,3014.1696570852155,8.391940740291451,32.5335997361232,1620.884709019722,29037.080805395282,38741.92381631596,False,1,1
559,overnight0559 25-11-06 01-33-44.fits,2025-11-06 01:33:44,2384.7845802037414,1202.3544330709913,1279.9999999999754,4.700527750610687,3014.1696576395575,11.068896969362283,20.040504760563334,1331.9659557108089,29046.811528224727,38738.42611635215,False,1,1
560,overnight0560 25-11-06 01-34-44.fits,2025-11-06 01:34:44,2209.309662108736,1201.561662924143,1279.9999999999977,4.270704712719257,3014.16965763961,10.056741063919448,21.076785852166015,1386.9703367090258,29051.037250296133,38746.90645134444,False,1,1
561,overnight0561 25-11-06 01-35-44.fits,2025-11-06 01:35:44,1991.6922824732922,1202.4357197239706,1279.9999940782047,3.996144973047159,3014.1696436948528,9.410202285381112,23.698177312555842,1465.1998544205348,29046.223580584476,38744.871517114545,False,1,1
562,overnight0562 25-11-06 01-36-44.fits,2025-11-06 01:36:44,2326.930606037512,1202.5987466904019,1279.9999999960291,3.695102347154856,3014.1696576302643,8.701301075521163,25.852429127210005,1432.4746255780055,29044.812219255982,38742.73024203896,False,1,1
563,overnight0563 25-11-06 01-37-44.fits,2025-11-06 01:37:44,1946.9348941386554,1203.0315215720552,1279.999999979604,4.036366825977157,3014.169657591586,9.504917510908959,26.79317428131958,1515.4753350811852,29043.68965532634,38744.68433272315,False,1,1
564,overnight0564 25-11-06 01-38-43.fits,2025-11-06 01:38:43,1967.6864215647777,1202.704777106592,1279.9999999291756,3.620024006705307,3014.169657472836,8.524505094482908,28.801341743256195,1543.35057250007,29037.65450729837,38739.227371217065,False,1,1
565,overnight0565 25-11-06 01-39-43.fits,2025-11-06 01:39:43,2522.187601250581,1204.099756697302,1279.9999999999998,3.47136327308822,3014.169657639615,8.174435819052386,17.79590144234799,1630.9418304285675,29051.798304238808,38742.829945030695,False,1,1
566,overnight0566 25-11-06 01-40-44.fits,2025-11-06 01:40:44,2033.9599146108453,1204.052005936054,1279.9999975849241,4.399649535418241,3014.1696519525462,10.360382917113979,22.168124341415677,1327.1375270672306,29047.996780098132,38745.38955614848,False,1,2
567,overnight0567 25-11-06 01-41-44.fits,2025-11-06 01:41:44,2052.4354950740235,1204.768645153952,1279.9999999671227,4.077551405161433,3014.169657562195,9.601899783518256,20.419429386108686,1450.197611473002,29049.23677290522,38745.05659741587,False,1,1
568,overnight0568 25-11-06 01-42-44.fits,2025-11-06 01:42:44,1793.769434702257,1205.1186909109774,1279.9999999984746,4.060680781373373,3014.169657636023,9.562172500449956,30.554277620722402,1446.5247362037949,29040.74284499692,38746.23769705575,False,1,1
569,overnight0569 25-11-06 01-43-44.fits,2025-11-06 01:43:44,1913.6859314824865,1205.8525623547855,1279.9999999707063,4.285254778152654,3014.1696575706337,10.091003849658524,31.347651284378703,1363.3306938097796,29039.73236676318,38744.79100400149,False,1,1
570,overnight0570 25-11-06 01-44-44.fits,2025-11-06 01:44:44,1672.6423621961615,867.7409070554493,1279.9999994873506,959.9999999198159,3014.169656432418,2260.627243040892,29.271344996069196,61.67146208160476,29039.125977532014,38698.53216575679,False,1,1
571,overnight0571 25-11-06 01-45-44.fits,2025-11-06 01:45:44,2229.2882493825837,1207.1129296539602,1279.9999999905767,3.9462136583397327,3014.169657617425,9.292623024633317,25.086767461891963,1489.5560172421676,29046.791780811967,38744.901444034345,False,1,1
572,overnight0572 25-11-06 01-46-43.fits,2025-11-06 01:46:43,2559.999996169906,1206.657718489134,1279.9999997807115,4.5765157992457395,3014.16965712323,10.776871140464703,18.783202504190488,1333.5180094068282,29054.562252830136,38746.42467860862,False,1,1
573,overnight0573 25-11-06 01-47-43.fits,2025-11-06 01:47:43,1346.5294759711298,1207.3390066648826,3.474718387408518,4.259752379830819,8.182336509507193,10.030950290893903,1654.2864594925381,1364.265622038955,29058.355644718973,38744.39161244399,True,1,1
574,overnight0574 25-11-06 01-48-44.fits,2025-11-06 01:48:44,1994.701483857563,1206.6918532693426,1279.999999857529,3.8697430909190493,3014.1696573041218,9.1125485996162,22.977264253934074,1592.1321212063735,29046.756637177106,38744.42411800237,False,1,1
575,overnight0575 25-11-06 01-49-44.fits,2025-11-06 01:49:44,1345.9722161814557,1208.4461707475893,4.039003869720961,3.5698162448922934,9.511127274376493,8.406274850549485,1443.1536583051222,1641.8093585759684,29060.019572807665,38746.65091545077,True,1,1
576,overnight0576 25-11-06 01-50-44.fits,2025-11-06 01:50:44,2176.751637932466,1208.8220152165738,1279.9999999792524,3.5533026915553414,3014.169657590758,8.367388404136943,20.931378762834488,1598.955747149191,29050.49418713521,38746.61948257945,False,1,1
577,overnight0577 25-11-06 01-51-44.fits,2025-11-06 01:51:44,2060.525961127804,1207.5089574334745,1279.999999022161,3.772650989425772,3014.1696553369807,8.883914172805651,24.51484272280755,1429.2999377207184,29045.892991520243,38745.314913602066,False,1,1
578,overnight0578 25-11-06 01-52-44.fits,2025-11-06 01:52:44,1889.5209262032586,1207.7373078766182,1279.9999999498982,4.027687814733992,3014.1696575216342,9.484480001262504,27.32399749394311,1386.6418942629741,29044.150533021384,38746.998218588684,False,1,1
579,overnight0579 25-11-06 01-53-44.fits,2025-11-06 01:53:44,1940.3495136770066,1206.799521123864,1279.9999996288177,3.699880114633531,3014.1696567655476,8.712551858150444,24.69324700364576,1645.9138642647333,29040.17107389857,38737.90230518586,False,1,1
580,overnight0580 25-11-06 01-54-43.fits,2025-11-06 01:54:43,1347.4246339280191,1208.1462557419,3.823252472913703,3.6535927452429906,9.003071560431334,8.603553432877849,1531.165542441412,1527.5195773725097,29062.50746747861,38750.3664957883,True,1,1
581,overnight0581 25-11-06 01-55-43.fits,2025-11-06 01:55:43,2114.226037114246,1209.4107987667917,1279.9999998579565,3.3065778615098074,3014.169657305128,7.786395828738865,23.066771800071574,1666.7203832951964,29050.565230972104,38749.510218075404,False,1,1
582,overnight0582 25-11-06 01-56-43.fits,2025-11-06 01:56:43,2264.3540352748155,1209.8035354822402,1279.9999995148387,3.4012847842592855,3014.1696564971476,8.009413588832533,25.243712117116168,1744.884915177135,29042.898847011405,38739.43517494756,False,1,1
583,overnight0583 25-11-06 01-57-44.fits,2025-11-06 01:57:44,2130.5628970044454,1208.1550555150475,1279.9999999978097,3.663505648091308,3014.1696576344575,8.62689653520951,23.67188160534155,1672.5428198145216,29044.92962600073,38741.64581293625,False,1,1
584,overnight0584 25-11-06 01-58-44.fits,2025-11-06 01:58:44,1852.8261562317937,1207.6323955871649,1279.9999999965316,3.555096843876244,3014.169657631448,8.371613309986042,26.571474153216638,1551.7797402595374,29036.599578555746,38736.49250805504,False,1,1
585,overnight0585 25-11-06 01-59-44.fits,2025-11-06 01:59:44,2559.9999849958726,1208.0404933315892,1279.9999999999998,3.491798142440482,3014.169657639615,8.222556259020681,14.96668737798103,1660.1749588040943,29055.882324491085,38745.541190766824,False,1,1
586,overnight0586 25-11-06 02-00-44.fits,2025-11-06 02:00:44,2325.1478223784497,2.3396140693322679e-07,1279.9999999340855,122.19684084759815,3014.169657484398,287.7515702673808,20.618081929182054,23.880412247993707,29051.62635688287,38752.12799214669,False,1,1
587,overnight0587 25-11-06 02-01-44.fits,2025-11-06 02:01:44,1932.7432519884085,1208.787069264976,1279.999999991755,3.4028542486963347,3014.1696576202,8.01310939514886,29.22104850983515,1626.013660220452,29041.847656905044,38745.62896167847,False,1,1
588,overnight0588 25-11-06 02-02-44.fits,2025-11-06 02:02:44,1348.588343095499,1209.6849604999095,4.038099794456,3.4833930523034087,9.508998339820346,8.202763784285608,1481.1139512649427,1729.745335556684,29053.32271178696,38737.705523372,True,1,1
589,overnight0589 25-11-06 02-03-43.fits,2025-11-06 02:03:43,1869.9404971655265,1209.8429362338875,1279.9999999999054,3.3485957437459293,3014.1696576393924,7.885340380078234,30.834613425170925,1583.557229834178,29033.889362149424,38737.54589571636,False,1,1
590,overnight0590 25-11-06 02-04-43.fits,2025-11-06 02:04:43,2559.9999926319156,1211.1947950020215,72.13196751826682,3.7288784100776367,169.85780299953603,8.780837625533955,59.48998923475295,1604.2968467930302,29061.434613552075,38743.55509294068,True,1,1
591,overnight0591 25-11-06 02-05-44.fits,2025-11-06 02:05:44,1347.921712227319,1210.43214979671,3.6986168651145563,4.758540652721644,8.709577132861288,11.205506914123584,1605.13068000115,1312.1973937988378,29056.235836323798,38741.246484614836,True,1,1
592,overnight0592 25-11-06 02-06-44.fits,2025-11-06 02:06:44,1968.4215913581081,1210.603848000753,1279.999999779185,3.220589254621242,3014.1696571196353,7.5839081335933844,24.660346354892,1718.6709179998409,29044.699569818917,38744.420041086814,False,1,1
593,overnight0593 25-11-06 02-07-44.fits,2025-11-06 02:07:44,1348.574496076795,1211.8264757413233,4.383142031515295,4.093032378976873,10.321510716029893,9.638354690975454,1393.2313867776838,1564.990272338713,29058.89870909345,38744.808152334095,True,1,1
594,overnight0594 25-11-06 02-08-44.fits,2025-11-06 02:08:44,2288.0963365326693,1211.0699722678971,1279.9999998077653,3.0815619545694295,3014.169657186937,7.256523860624844,21.18886328224924,1773.6606906036125,29046.578903604717,38741.00711401001,False,1,1
595,overnight0595 25-11-06 02-09-44.fits,2025-11-06 02:09:44,2193.070210664011,1209.4136654100537,1279.9999867410625,3.613895032680749,3014.1696264172033,8.510072463594406,17.343285242525084,1555.0779941488536,29049.063946321137,38741.2500147009,False,1,1
596,overnight0596 25-11-06 02-10-44.fits,2025-11-06 02:10:44,2078.300912659307,1210.8472895211048,1279.9999916691286,3.4126301796326737,3014.1696380219123,8.036129953276589,20.0251523955874,1643.5650745307314,29050.137355645187,38746.08261633394,False,1,1
597,overnight0597 25-11-06 02-11-43.fits,2025-11-06 02:11:43,2081.1358855220187,1210.595194707151,1279.9999999682866,3.857104269739135,3014.1696575649357,9.082786450156178,27.026863207143172,1562.8428649983377,29045.91401793008,38746.83173161396,False,1,1
598,overnight0598 25-11-06 02-12-43.fits,2025-11-06 02:12:43,1862.066055127114,1210.2096599601607,1279.9999999972904,3.765400872727491,3014.1696576332347,8.866841452675725,31.24173172650529,1497.6286451548754,29038.69979193819,38744.01754764514,False,1,1
599,overnight0599 25-11-06 02-13-44.fits,2025-11-06 02:13:44,1973.016316548742,1209.6171623910652,1279.9999999922245,3.43929108734638,3014.1696576213053,8.098911593179544,28.70726373133895,1646.443939565582,29036.542713805462,38737.5020660489,False,1,1
600,overnight0600 25-11-06 02-14-44.fits,2025-11-06 02:14:44,1891.964941237666,1209.196055655617,1279.9999993385438,3.1672517372408726,3014.169656082005,7.458307878513904,19.89981656467283,1727.1135400178193,29048.085431797845,38744.56782998842,False,1,1
601,overnight0601 25-11-06 02-15-44.fits,2025-11-06 02:15:44,2559.999999998143,1211.0740166725288,1279.999965678169,3.5812095880347288,3014.1695768178797,8.433104123361208,19.255799306029925,1617.7275886318005,29055.50855736411,38748.4672113064,False,1,1
602,overnight0602 25-11-06 02-16-44.fits,2025-11-06 02:16:44,1994.4440880405723,1211.4156585381083,1279.9999997054092,3.4502005630521797,3014.169656945907,8.12460144525234,23.86914945776246,1649.9205353948973,29047.02262890742,38746.303060539394,False,1,1
603,overnight0603 25-11-06 02-17-43.fits,2025-11-06 02:17:43,1349.5766953007312,1211.7581430843636,4.357703563699167,3.546880872862261,10.261607702101601,8.352266176752922,1350.3547968359032,1683.122277118478,29060.264406835267,38746.907731636114,True,1,1
604,overnight0604 25-11-06 02-18-43.fits,2025-11-06 02:18:43,2459.7061032270904,7.460055396807906e-05,1279.9999999997692,959.9999971541213,3014.169657639072,2260.6272365281793,25.43112171298127,2.8089368754027744,29040.84711950283,38740.85776038464,False,1,1
605,overnight0605 25-11-06 02-19-43.fits,2025-11-06 02:19:43,2227.8027836141514,1211.0046465283103,1279.9999999765055,3.4952598779613107,3014.16965758429,8.230708023215724,17.428449782734482,1596.8034964475228,29056.93521443922,38751.64369686949,False,1,1
606,overnight0606 25-11-06 02-20-44.fits,2025-11-06 02:20:44,2475.544617571794,1211.769905284972,1279.999999992726,3.6373044309087184,3014.1696576224863,8.56519738378374,25.819211008524515,1562.9149845746192,29049.987306085663,38747.45121123099,False,1,1
607,overnight0607 25-11-06 02-21-44.fits,2025-11-06 02:21:44,1349.8275863257074,839.3005063065641,3.5750674336447847,959.9999999954912,8.418640455084093,2260.627243219094,1612.4519531992594,29.603361662062788,29062.026652078242,38731.70580831898,False,1,1
608,overnight0608 25-11-06 02-22-44.fits,2025-11-06 02:22:44,1349.7100026863632,1211.7123312105082,4.546817059442067,3.6645252345757426,10.706935952662857,8.6292974779007,1337.0454529893723,1591.7119805567818,29054.116973451157,38739.144357472185,True,1,1
609,overnight0609 25-11-06 02-23-44.fits,2025-11-06 02:23:44,1350.103127114776,1211.7510445961836,3.8090162299726065,3.423837478762451,8.96954777018771,8.062521125918046,1527.6274296598026,1665.9608906630103,29059.16036620801,38745.697002141,True,1,1
610,overnight0610 25-11-06 02-24-44.fits,2025-11-06 02:24:44,1349.5887567912744,1211.534462912581,4.279018827621522,3.5897084763136387,10.076319308347992,8.453117475840862,1392.394374140909,1635.438512748932,29055.714181188265,38741.066259537205,True,1,1
611,overnight0611 25-11-06 02-25-44.fits,2025-11-06 02:25:44,1892.3392265785944,1210.9787674517745,1279.9999999784197,3.7415523687384202,3014.1696575887977,8.810682517438261,26.77354755548643,1609.0591454994626,29043.142229940884,38744.48497271575,False,1,1
612,overnight0612 25-11-06 02-26-44.fits,2025-11-06 02:26:44,2049.163123532255,1210.2282854979665,1279.9999849613296,3.769271112867865,3014.1696222262526,8.875955171737363,24.691941444210162,1450.701918804896,29045.624211535574,38745.12944474743,False,1,1
613,overnight0613 25-11-06 02-27-45.fits,2025-11-06 02:27:45,2117.5914353909,1211.0748000730143,1279.9999990949045,3.7802357964096194,3014.169655508278,8.901775028328906,17.80662449942599,1614.63568370983,29053.75595926699,38747.81160622444,False,1,1
614,overnight0614 25-11-06 02-28-45.fits,2025-11-06 02:28:45,2071.8459152873093,1210.2737964060652,1279.9999999977908,3.785368363826712,3014.169657634413,8.913861300965149,24.543041017048132,1514.979798812034,29044.249782226572,38742.60994628039,False,1,1
615,overnight0615 25-11-06 02-29-45.fits,2025-11-06 02:29:45,2516.1961610694134,1211.1384361367006,54.906360839832594,3.6124130368286873,129.29459910534015,8.506582630055318,53.87159886229648,1576.5337798047856,29061.17180155754,38743.82475177745,True,1,1
616,overnight0616 25-11-06 02-30-45.fits,2025-11-06 02:30:45,2559.999976274754,1210.4827568670953,1279.9999999682855,3.346209069673791,3014.169657564933,7.879720192132208,16.655516400226006,1643.327392916005,29053.073227942525,38743.531384926144,False,1,1
617,overnight0617 25-11-06 02-31-44.fits,2025-11-06 02:31:44,2009.6927839648883,1209.6467288125898,1279.9999993436998,3.9944027437919827,3014.1696560941464,9.406099649007984,25.831853460970162,1470.772801928515,29041.899477744664,38741.111933596076,False,1,1
618,overnight0618 25-11-06 02-32-44.fits,2025-11-06 02:32:44,1804.7568060944036,1210.0099883016337,1279.9999926026726,3.269967489811627,3014.16964022024,7.700184991607956,34.398398068590524,1788.6588312711503,29034.50418340926,38742.00161019075,False,1,1
619,overnight0619 25-11-06 02-33-45.fits,2025-11-06 02:33:45,1348.8799397918524,1209.4973214070162,3.7002517760694627,3.858621247111935,8.713427053949742,9.086358658881505,1569.4733827446905,1397.695880872433,29060.819097636067,38748.29963799126,True,1,1
620,overnight0620 25-11-06 02-34-45.fits,2025-11-06 02:34:45,2059.4904575280343,1209.3844305120433,1279.9999999638883,3.4728983309150117,3014.1696575545784,8.178050603993196,22.438162005862303,1737.334201624326,29043.797761967675,38739.61669015657,False,1,1
621,overnight0621 25-11-06 02-35-45.fits,2025-11-06 02:35:45,2375.1765367791795,1209.3270903969094,1279.9999999995382,3.6124599280878025,3014.1696576385275,8.506693050532219,13.668880608210436,1672.9838865499198,29058.34157297689,38748.569256935734,False,1,1
622,overnight0622 25-11-06 02-36-45.fits,2025-11-06 02:36:45,2438.2295555478468,1208.2953253406658,1279.999999998844,3.661140141410456,3014.169657636893,8.621326192660787,18.471683686910794,1561.6502779572595,29055.128049869883,38748.429454172656,False,1,1
623,overnight0623 25-11-06 02-37-45.fits,2025-11-06 02:37:45,2516.852129773455,1423.6585171322727,46.95614367768223,312.3620642154638,110.57326836955939,735.5564501218188,58.8122744299137,34.9973950016494,29061.116268576632,38737.63444867782,True,1,1
624,overnight0624 25-11-06 02-38-44.fits,2025-11-06 02:38:44,1347.9873886068126,1208.442848833745,4.240009728938102,3.1697213169987597,9.984459900829684,7.464123294430579,1391.8656115521653,1777.2506827581556,29057.752763180804,38744.02040980886,True,1,1
625,overnight0625 25-11-06 02-39-44.fits,2025-11-06 02:39:44,2257.4390669471622,1208.6314054096058,1279.9999999997608,4.29047477150486,3014.169657639052,10.103295994639225,21.457688945722143,1416.790524536969,29055.720120834758,38752.904139933096,False,1,1
626,overnight0626 25-11-06 02-40-44.fits,2025-11-06 02:40:44,2559.9997106908163,1209.004584035336,1279.999999997197,3.599228926786826,3014.1696576330146,8.47553642345285,18.124688437308695,1618.1732784439325,29048.774776093727,38738.54685185132,False,1,1
627,overnight0627 25-11-06 02-41-45.fits,2025-11-06 02:41:45,2559.999999942932,1209.4421335108211,81.03486916850427,3.7935803803520645,190.8225342644543,8.933199122089174,66.63898687362126,1632.1665827328027,29063.55051597698,38746.82477682564,True,1,1
628,overnight0628 25-11-06 02-42-45.fits,2025-11-06 02:42:45,2398.2541661580813,1208.1667955594876,1279.99999998766,3.307878272000962,3014.1696576105564,7.789458061430204,20.739388134729555,1619.0534554148858,29048.609679551246,38742.49761563626,False,1,1
629,overnight0629 25-11-06 02-43-45.fits,2025-11-06 02:43:45,2559.999999769681,1207.1930040873763,137.92309088753424,3.4223995905463065,324.7840590945911,8.059135157924157,40.93824281022499,1557.9031952049522,29059.401110804236,38742.58241739295,True,1,1
630,overnight0630 25-11-06 02-44-45.fits,2025-11-06 02:44:45,1987.7176008987217,1207.5937576295596,1279.9999999573417,3.894236906694583,3014.1696575391625,9.170227127983722,21.748178625729956,1450.2898381950793,29042.440598073863,38738.13288254243,False,1,1
631,overnight0631 25-11-06 02-45-45.fits,2025-11-06 02:45:45,2405.956025723274,1207.8816336992336,1279.9999999952886,3.934103683716305,3014.169657628521,9.264106213645253,20.008206083902138,1517.1759249886782,29053.77905230105,38747.88886412859,False,1,1
632,overnight0632 25-11-06 02-46-45.fits,2025-11-06 02:46:45,2304.6424850315198,1207.4745709260264,1279.9999999914398,4.000681826807457,3014.1696576194577,9.420885759557237,25.38371193302562,1585.8204288539355,29045.588746918136,38742.20418770189,False,1,1
633,overnight0633 25-11-06 02-47-44.fits,2025-11-06 02:47:44,2186.172311190982,1206.8303801981822,1279.999972083689,3.930810497822514,3014.1695919017266,9.25635135349054,28.048167340538182,1496.493575876979,29041.09603329498,38740.54214998092,False,1,1
634,overnight0634 25-11-06 02-48-44.fits,2025-11-06 02:48:44,2362.368271062343,1206.5647874639142,1279.99999994627,3.9454099407960515,3014.169657513091,9.290730414450913,22.2438153058685,1475.8016700789144,29045.95255702269,38739.98947888654,False,1,1
635,overnight0635 25-11-06 02-49-45.fits,2025-11-06 02:49:45,1348.4567784215526,1207.4113773659803,4.928139170991716,3.5458008251920363,11.604880904553497,8.349722858849487,1272.547619338461,1612.3061198815133,29059.93445419074,38747.30302905242,True,1,1
636,overnight0636 25-11-06 02-50-45.fits,2025-11-06 02:50:45,2174.8157709903544,1207.017071204882,1279.9999993487338,3.9223677405149706,3014.1696561060003,9.236470179347407,20.006738502171295,1511.764634986896,29051.656376831,38746.9741949173,False,1,1
637,overnight0637 25-11-06 02-51-45.fits,2025-11-06 02:51:45,1989.076245393209,1207.7292708766995,1279.9999995435135,3.620101794107308,3014.1696565646716,8.52468826981639,24.907993221399277,1641.4844349099278,29040.303134705875,38738.120708639144,False,1,1
638,overnight0638 25-11-06 02-52-44.fits,2025-11-06 02:52:44,2559.9999961718895,1207.4102516328312,1279.9999872485714,3.9230990368267546,3014.1696276122957,9.238192250561251,20.83312183115874,1444.835830588319,29048.155981743017,38740.084814713264,False,1,1
639,overnight0639 25-11-06 02-53-44.fits,2025-11-06 02:53:44,2359.1454354629536,1207.6087724081988,1279.9999999998752,3.6858984149181895,3014.169657639321,8.679627471397156,20.95561744984496,1557.7777291178681,29051.535762824427,38746.42938309726,False,1,1
640,overnight0640 25-11-06 02-54-45.fits,2025-11-06 02:54:45,1937.5510283310082,1206.1537689992745,1279.9999999468473,3.5235192324751443,3014.16965751445,8.297253717684535,27.859210888190326,1547.968039010735,29040.678700050616,38742.7172445349,False,1,1
641,overnight0641 25-11-06 02-55-45.fits,2025-11-06 02:55:45,2013.316798104766,1206.3959260417337,1279.9999973831048,4.216542944387904,3014.169651477298,9.929199846178456,26.788883598957447,1447.8314579702057,29041.068687388986,38740.64501382744,False,1,1
642,overnight0642 25-11-06 02-56-45.fits,2025-11-06 02:56:45,2088.248632956043,1207.3925998603343,1279.999996274125,3.5695237129693376,3014.16964886585,8.405585990513497,23.349261781249705,1675.3885969685577,29050.904227289855,38749.84089185166,False,1,1
643,overnight0643 25-11-06 02-57-45.fits,2025-11-06 02:57:45,1783.393130799387,1208.0002130493224,1279.9999999832708,3.366273942074733,3014.169657600221,7.926969355862934,32.17088342438287,1741.682366135907,29036.78950999076,38742.801921160804,False,1,1
644,overnight0644 25-11-06 02-58-45.fits,2025-11-06 02:58:45,2192.6525942215267,1208.4629553356783,1279.9999999876477,3.5949752808478634,3014.169657610528,8.465519852731315,23.927633488641924,1714.0504609872946,29048.21402296019,38745.67772613722,False,1,1
645,overnight0645 25-11-06 02-59-44.fits,2025-11-06 02:59:44,1347.5493570707579,1206.6008514789858,4.439301528353781,3.9497165294732364,10.453756224904012,9.300871655793651,1389.7103855016996,1548.1395022415848,29058.464355170996,38744.69046329071,True,1,1
646,overnight0646 25-11-06 03-00-44.fits,2025-11-06 03:00:44,2559.9999515864383,1206.740094115269,1279.9999999999998,3.49273840673759,3014.169657639615,8.224770412235138,16.690109675104864,1707.6146355390586,29055.06426063817,38745.60616627615,False,1,1
647,overnight0647 25-11-06 03-01-45.fits,2025-11-06 03:01:45,1992.0094976069536,1209.6754117401138,1279.9999997005878,3.8329294585662064,3014.169656934553,9.025859120221327,25.972003319273377,1577.6606226139147,29048.065998923335,38749.39857485137,False,1,1
648,overnight0648 25-11-06 03-02-45.fits,2025-11-06 03:02:45,1347.9392717776084,1208.7501275451498,4.259341208247248,3.3361794737478396,10.029982055806963,7.856102298602217,1389.8750795488618,1731.7274522154241,29055.2190939178,38740.47829276244,True,1,1
649,overnight0649 25-11-06 03-03-45.fits,2025-11-06 03:03:45,2049.386665306243,1208.4172629395719,1279.9999993845777,3.8338359211395048,3014.1696561904064,9.027993676459,20.287992388407766,1526.5712416171216,29049.598818542065,38745.50762919021,False,1,1
650,overnight0650 25-11-06 03-04-45.fits,2025-11-06 03:04:45,1947.0395522082447,1207.33670895111,1279.9999999698098,3.5147263988701383,3014.169657568523,8.276548176858846,29.304569307463648,1627.9625866984427,29040.746122954493,38743.87576371444,False,1,1
651,overnight0651 25-11-06 03-05-44.fits,2025-11-06 03:05:44,1781.6235179303062,1209.328110778745,1279.99999999025,3.8017515831677113,3014.1696576166555,8.952440834271473,33.38045922849334,1638.8714832148762,29035.39405422481,38741.78137830591,False,1,1
652,overnight0652 25-11-06 03-06-44.fits,2025-11-06 03:06:44,2283.80403122206,1209.1586270681562,1279.9999998753851,3.19965575480517,3014.1696573461695,7.534613508613846,23.717263721414305,1663.6423100985705,29048.020754004363,38745.468234582,False,1,1
653,overnight0653 25-11-06 03-07-44.fits,2025-11-06 03:07:44,2010.8599851019471,1209.318392609896,1279.9999995926833,3.4862404757810594,3014.1696566804576,8.209468954167473,25.902616450076778,1568.1509656855912,29044.981006299186,38745.81530473333,False,1,1
654,overnight0654 25-11-06 03-08-45.fits,2025-11-06 03:08:45,2213.766057547697,1210.6704789595149,1279.99999949373,3.1751521666468188,3014.1696564474405,7.476911968043378,19.75183189626746,1722.6508728571546,29050.535977754975,38745.54403584531,False,1,1
655,overnight0655 25-11-06 03-09-45.fits,2025-11-06 03:09:45,1674.832609325107,1210.4009991582989,1279.9999999998106,3.3662820833258924,3014.169657639169,7.926988527044356,33.75256386836116,1785.5085913146627,29037.03386606447,38745.42283678831,False,1,1
656,overnight0656 25-11-06 03-10-45.fits,2025-11-06 03:10:45,1942.2720524071615,1210.5764894298911,1279.999999297797,3.420859135179068,3014.169655986054,8.055507662746907,26.6563600701683,1621.2625872928686,29044.249224920342,38746.0713341232,False,1,1
657,overnight0657 25-11-06 03-11-45.fits,2025-11-06 03:11:45,2559.9999689625447,1209.6184583939275,1279.9999999989986,3.131321595678227,3014.169657637257,7.373698860941387,18.562822857373998,1813.7613899763235,29051.526846703055,38742.75452048875,False,1,1
658,overnight0658 25-11-06 03-12-44.fits,2025-11-06 03:12:44,2028.2570928622804,1211.040445776182,1279.999999575911,3.4285395473822073,3014.169656640962,8.07359365135696,24.260434352985616,1684.6341019074762,29049.73661931433,38749.94694243809,False,1,1
659,overnight0659 25-11-06 03-13-44.fits,2025-11-06 03:13:44,1814.635017090944,1211.0836608160955,1279.9999986225853,3.538850688361937,3014.1696543960516,8.333356537326262,28.478372710557153,1595.092295307193,29039.48742574444,38742.481042223204,False,1,1
660,overnight0660 25-11-06 03-14-45.fits,2025-11-06 03:14:45,2226.005581302252,1211.829886858323,1279.99999977816,3.460509439140537,3014.1696571172215,8.148876993306944,26.439293199290095,1734.2433960417202,29045.486902291694,38744.302503737556,False,1,1
661,overnight0661 25-11-06 03-15-45.fits,2025-11-06 03:15:45,1997.7032489645837,1213.3811646060192,1279.9999995085934,3.3936463386288938,3014.169656482441,7.991426423949208,22.861779734639292,1762.201090682549,29043.654817893184,38740.38470975069,False,1,1
662,overnight0662 25-11-06 03-16-45.fits,2025-11-06 03:16:45,2559.999999308465,1213.5642375930888,67.00481625592062,3.965228572412436,157.78428443305748,9.337399725446259,59.18841993894458,1496.754747629772,29063.315650024982,38745.91261698892,True,1,1
663,overnight0663 25-11-06 03-17-45.fits,2025-11-06 03:17:45,1350.5344948522068,1214.1248353073997,4.351449349399206,3.2563933532956204,10.246880152902134,7.668220342846077,1371.8304365327745,1764.6284655566994,29058.389768039797,38744.8109899831,True,1,1
664,overnight0664 25-11-06 03-18-44.fits,2025-11-06 03:18:44,2236.2721096290534,1214.98998236096,1279.9999999962074,3.5477315932317,3014.1696576306845,8.354269470131593,30.59679912319444,1613.2026904511167,29039.649096424113,38740.662520601014,False,1,1
665,overnight0665 25-11-06 03-19-44.fits,2025-11-06 03:19:44,2251.8843298065044,1215.7842890833713,1279.9999999762629,3.4607074476146638,3014.1696575837186,8.149343267630904,25.304852337283712,1617.965120554557,29040.408290525575,38736.73418038073,False,1,1
666,overnight0666 25-11-06 03-20-44.fits,2025-11-06 03:20:44,2088.697708143049,1217.3334078927264,1279.999997040642,6.369385963204235,3014.1696506708595,14.998757740692094,21.29345307902415,582.6719933991037,29047.04720787917,38745.63853759889,False,1,1
667,overnight0667 25-11-06 03-21-45.fits,2025-11-06 03:21:45,2186.8349837027804,1218.1031133493098,1279.9999999819572,3.7335354860673022,3014.1696575971278,8.791804201425652,25.62230014459234,1625.3987892902205,29050.525394434124,38750.55081576685,False,1,1
668,overnight0668 25-11-06 03-22-45.fits,2025-11-06 03:22:45,1838.4139865495324,1218.5378310343237,1279.9999999577037,3.286322714619495,3014.169657540015,7.738698602826511,28.316144134267198,1673.2688422776444,29038.99224705089,38741.666301166464,False,1,1
669,overnight0669 25-11-06 03-23-45.fits,2025-11-06 03:23:45,2221.763280914175,1219.3447848265523,1279.9999995342014,4.020005954629505,3014.1696565427433,9.466390603105335,29.315113582329797,1518.8894123603395,29042.90977965211,38743.47795151961,False,1,1
670,overnight0670 25-11-06 03-24-44.fits,2025-11-06 03:24:44,2264.931523765052,1220.5209919434903,1279.9999999686133,3.4898540869928696,3014.169657565705,8.217978358283991,24.192855474831372,1621.6115903567313,29049.22284491177,38747.2507915208,False,1,1
671,overnight0671 25-11-06 03-25-44.fits,2025-11-06 03:25:44,1870.4838476783827,1220.980096113829,1279.999999998538,3.6494334756295967,3014.1696576361724,8.593759101419542,34.271930140390104,1659.7632969092167,29038.099020679565,38745.80461556737,False,1,1
672,overnight0672 25-11-06 03-26-44.fits,2025-11-06 03:26:44,2084.1211804935447,1223.5418096023495,1279.9999999980932,3.5617475995417367,3014.169657635125,8.387274642741747,29.898996337217795,1608.7647501612714,29037.869103068333,38739.31301297904,False,1,1
673,overnight0673 25-11-06 03-27-45.fits,2025-11-06 03:27:45,1961.254331726072,1223.9426603606275,1279.999999728926,4.134090266556087,3014.1696570012846,9.735038627653614,32.74208151345824,1555.0975227733222,29037.482621585783,38742.020366438475,False,1,1
674,overnight0674 25-11-06 03-28-45.fits,2025-11-06 03:28:45,2093.3684979498266,1227.1066348530533,1279.9999995988983,3.775519291648811,3014.1696566950927,8.89066850837567,20.59624343237025,1586.5202998970267,29045.682889286247,38740.10492293999,False,1,1
675,overnight0675 25-11-06 03-29-45.fits,2025-11-06 03:29:45,2047.7048351064618,1228.1113604903155,1279.9999992483395,3.8353910995289393,3014.16965586959,9.031655841704039,22.062302186828084,1607.224515104077,29044.499971046782,38740.09442947654,False,1,1
676,overnight0676 25-11-06 03-30-45.fits,2025-11-06 03:30:45,1891.1161782604872,1228.4881235460725,1279.9999998623325,3.5966207160941375,3014.169657315433,8.469394556632041,22.900848574688045,1768.263312001658,29047.813803866822,38746.20594500149,False,1,1
677,overnight0677 25-11-06 03-31-44.fits,2025-11-06 03:31:44,2124.4712685675213,1229.3715272866032,1279.9999984762076,3.444413858357152,3014.169654051358,8.110974797041814,24.574765710311326,1794.8074849403376,29047.94389726202,38746.527538630726,False,1,1
678,overnight0678 25-11-06 03-32-44.fits,2025-11-06 03:32:44,1354.7280784827967,1230.2182920912276,4.278324658218001,3.164245365904893,10.074684664321932,7.451228415029132,1366.3831005371917,1744.8822280537051,29061.4182327907,38748.9814140449,True,1,1
679,overnight0679 25-11-06 03-33-45.fits,2025-11-06 03:33:45,2051.9786044206585,72.55546077903469,1279.999997494598,112.75359067898388,3014.169651739844,265.51441548008603,28.26697600994547,24.57798387502404,29046.33082231007,38754.08709755542,False,1,1
680,overnight0680 25-11-06 03-34-45.fits,2025-11-06 03:34:45,2036.608470295335,1230.6791238676262,1279.9999999827332,3.501493105638652,3014.169657598955,8.24538615269557,19.259662522216054,1550.0708427139225,29048.550529757045,38743.71568678863,False,1,1
681,overnight0681 25-11-06 03-35-45.fits,2025-11-06 03:35:45,1861.6266400748698,1232.1949811087738,1279.999999973374,3.508311277943776,3014.169657576916,8.261441721510149,17.417991679915698,1629.2323462303457,29050.82269771924,38745.43149904538,False,1,1
682,overnight0682 25-11-06 03-36-45.fits,2025-11-06 03:36:45,2372.9899940182263,1233.7885220318014,1279.99999999974,3.749481368303126,3014.169657639003,8.829353884550272,23.10882488705425,1608.5686725435971,29047.96814231498,38743.065508973326,False,1,1
683,overnight0683 25-11-06 03-37-44.fits,2025-11-06 03:37:44,1979.8722745236494,1233.8276039593602,1279.9999910860736,3.6662963358833656,3014.1696366489227,8.633468102761672,14.26950081137054,1577.2398563650295,29055.500470088205,38747.75317674884,False,1,1
684,overnight0684 25-11-06 03-38-45.fits,2025-11-06 03:38:45,2559.999995454733,1235.850222322663,1279.9999999999998,3.3625641946236575,3014.169657639615,7.918233568203139,19.80444395379537,1672.9331636262075,29053.060560220823,38745.86007852933,False,1,1
685,overnight0685 25-11-06 03-39-45.fits,2025-11-06 03:39:45,1358.1827780937904,1235.870269860116,4.440400102460219,3.3157166888666056,10.456343169230806,7.807916122586731,1383.9646440730212,1815.1939324381847,29054.57299805431,38739.59605966402,True,1,1
686,overnight0686 25-11-06 03-40-45.fits,2025-11-06 03:40:45,1758.6164925017617,1236.5049314711948,1279.9999983167118,3.454101301685668,3014.169653675774,8.133786982776906,30.4883382101667,1761.6178744378262,29041.572407114007,38747.24721444208,False,1,1
687,overnight0687 25-11-06 03-41-45.fits,2025-11-06 03:41:45,2327.239222487133,1236.5021644690073,1279.9999999989595,3.1467714019645925,3014.169657637165,7.410080374476365,21.70025300011087,1668.4460721044284,29049.57747424523,38745.40711153225,False,1,1
688,overnight0688 25-11-06 03-42-45.fits,2025-11-06 03:42:45,1880.0685404443177,1237.382144603789,1279.9999999737256,3.843858467427286,3014.1696575777437,9.051594969359718,27.887157952988364,1581.283967760017,29042.50200637247,38744.821943951654,False,1,1
689,overnight0689 25-11-06 03-43-45.fits,2025-11-06 03:43:45,2296.2274471138157,1238.0754284777781,1279.9999999567847,3.371321112648916,3014.169657537851,7.9388545343017105,17.19772481338345,1783.3053242167312,29048.774681730472,38739.5161004769,False,1,1
690,overnight0690 25-11-06 03-44-44.fits,2025-11-06 03:44:44,2559.9996681449647,1239.4416749317052,1279.9999997333543,3.9074223514394806,3014.1696570117124,9.201276477571655,20.981762646251298,1546.4363197440318,29049.60811307801,38741.65078046397,False,1,1
691,overnight0691 25-11-06 03-45-45.fits,2025-11-06 03:45:45,1359.2074731490186,1240.1653028495057,4.436799252416899,3.7610159764163993,10.447863815369644,8.856515810946986,1334.3794606089689,1548.7728659169356,29059.987431092195,38746.7744749052,True,1,1
692,overnight0692 25-11-06 03-46-45.fits,2025-11-06 03:46:45,2021.760657049786,1242.2971719488812,1279.9999957591758,3.3740926156533795,3014.1696476532375,7.945380925131484,28.568443249345023,1710.0780729197097,29041.19720188321,38742.98117219428,False,1,1
693,overnight0693 25-11-06 03-47-45.fits,2025-11-06 03:47:45,1948.1507264807017,1243.8165754666622,1279.9999999840488,3.175084697098933,3014.169657602053,7.476753089399587,30.5748500193265,1723.1395754406028,29033.646749775195,38736.0426826332,False,1,1
694,overnight0694 25-11-06 03-48-45.fits,2025-11-06 03:48:45,2064.7178742585647,1243.604469004764,1279.9999999969796,4.258296441303103,3014.1696576325025,10.027521817664505,20.659925182010443,1342.852066322949,29050.869107884144,38747.642417866286,False,1,1
695,overnight0695 25-11-06 03-49-45.fits,2025-11-06 03:49:45,1359.3383172453312,1242.6306721864507,4.323475507230164,3.40249052316071,10.181006788625941,8.012252886966682,1420.161193105716,1640.756204103764,29061.137196021282,38748.91060052683,True,1,1
696,overnight0696 25-11-06 03-50-45.fits,2025-11-06 03:50:45,2180.849562504692,1244.4680169619023,1279.9999990268384,3.4232450075567185,3014.1696553479946,8.061125962846685,24.297416692758805,1741.7971142220001,29048.27928638971,38746.485407577275,False,1,1
697,overnight0697 25-11-06 03-51-44.fits,2025-11-06 03:51:44,2544.305579512787,1244.9700314763302,1279.9999999999998,3.5997801577067103,3014.169657639615,8.476834473072433,23.01040744027812,1583.1521009682294,29047.369767924913,38740.894649284935,False,1,1
698,overnight0698 25-11-06 03-52-44.fits,2025-11-06 03:52:44,2028.142117413254,1244.689762027133,1279.9999998621536,3.3653705709446204,3014.1696573150116,7.924842079417643,27.485475817543506,1582.8387656746195,29042.853577154747,38744.614372228105,False,1,1
699,overnight0699 25-11-06 03-53-44.fits,2025-11-06 03:53:44,1872.0188504805662,1245.0667235962942,1279.9999999990814,3.230091836402049,3014.169657637452,7.606285003650376,23.879191908561282,1714.931607687056,29046.385042577604,38746.52698799879,False,1,1
700,overnight0700 25-11-06 03-54-45.fits,2025-11-06 03:54:45,1826.9017674017884,1245.0519502336701,1279.9999994470313,3.8752025314423313,3014.1696563374735,9.125404599595079,34.08430774842151,1476.2538042679607,29036.644349496153,38744.496419198185,False,1,1
701,overnight0701 25-11-06 03-55-45.fits,2025-11-06 03:55:45,2042.1107853111205,1247.0582709893783,1279.9999978879646,3.871238910943117,3014.1696526661517,9.116070986592634,27.772893569100745,1483.646528095394,29041.579647564606,38742.533361832546,False,1,1
702,overnight0702 25-11-06 03-56-45.fits,2025-11-06 03:56:45,2072.8820385400713,1245.9503988890467,1279.9999961393376,3.5627598149314244,3014.16964854845,8.389658227831273,21.64978196609125,1597.1152302924552,29043.906192296083,38739.32236420292,False,1,1
703,overnight0703 25-11-06 03-57-45.fits,2025-11-06 03:57:45,1858.4918349650936,1246.35348190347,1279.9999999979027,3.4531892635854886,3014.1696576346762,8.131639297176772,28.797975873036496,1592.4318778408285,29039.367841569623,38742.528713365245,False,1,1
704,overnight0704 25-11-06 03-58-45.fits,2025-11-06 03:58:45,2108.330670247547,1246.3680878997325,1279.999995689021,4.092311722433592,3014.1696474880355,9.636657674501752,30.586770359706552,1393.9178436657273,29041.8249973423,38745.04235632871,False,1,1
705,overnight0705 25-11-06 03-59-44.fits,2025-11-06 03:59:44,1937.3633051415204,1244.9363841832856,1279.999999993104,3.743459702989692,3014.169657623376,8.81517394636573,26.37907848240496,1607.590909056669,29042.041813893724,38742.263141605064,False,1,1
706,overnight0706 25-11-06 04-00-45.fits,2025-11-06 04:00:45,1361.7553937812602,1245.423703664616,4.03130342413527,3.8647664520313856,9.492994110755637,9.10082951060665,1473.5905413228602,1478.0688057640664,29052.1751555891,38736.53133324412,True,1,1
707,overnight0707 25-11-06 04-01-45.fits,2025-11-06 04:01:45,2134.480645191444,750.2907070344281,1279.9999999984013,959.9999987209809,3014.1696576358504,2260.6272402178515,24.750146281841012,15.631895014060875,29045.15997075332,38737.81656107754,False,1,1
708,overnight0708 25-11-06 04-02-45.fits,2025-11-06 04:02:45,1362.5689781054884,1244.6094628489768,3.866161832274973,3.9031168260305424,9.10411537997469,9.191137740034298,1548.9972925770057,1513.9513022085746,29059.10063277135,38745.57135970797,True,1,1
709,overnight0709 25-11-06 04-03-45.fits,2025-11-06 04:03:45,1925.8699417279063,1245.171189298184,1279.99999996883,3.884882309077835,3014.1696575662154,9.148198734002605,33.00424038224219,1554.8379639938044,29040.113975911157,38746.656279442395,False,1,1
710,overnight0710 25-11-06 04-04-45.fits,2025-11-06 04:04:45,2255.3143259834737,1245.145891469144,1279.9999986290095,3.9252814975029504,3014.169654411179,9.24333155270905,23.238945272435544,1482.1950256586133,29041.602885580847,38736.09133056222,False,1,1
711,overnight0711 25-11-06 04-05-45.fits,2025-11-06 04:05:45,2454.5191213736916,1244.9516457915076,1279.999999999999,3.5917049644621217,3014.169657639613,8.457818846152577,18.54094545067066,1561.2219193471844,29049.779245033908,38741.36885988828,False,1,1
712,overnight0712 25-11-06 04-06-44.fits,2025-11-06 04:06:44,2368.2493166709905,1243.8783723676142,1279.9999999999552,3.434183550964299,3014.1696576395098,8.086884264126295,17.29650606708021,1618.6931965528006,29053.878026200615,38746.48694285245,False,1,1
713,overnight0713 25-11-06 04-07-44.fits,2025-11-06 04:07:44,2320.997169537494,1245.7952175590246,1279.9999998877272,3.9289143273553147,3014.169657375233,9.251886213265584,21.58874012362035,1461.081781759459,29048.793772933917,38743.67749357614,False,1,1
714,overnight0714 25-11-06 04-08-44.fits,2025-11-06 04:08:44,2229.0624760905284,1246.2165804485903,1279.9999999747054,3.4334349655465153,3014.1696575800506,8.085121480179081,22.999862745550963,1661.5997426950482,29042.229163410113,38737.089426605104,False,1,1
715,overnight0715 25-11-06 04-09-45.fits,2025-11-06 04:09:45,2559.9999998649146,1244.7777387104409,1279.999999139284,3.7210836629674784,3014.169655612784,8.762482398793008,16.82314743001137,1574.2449013540825,29059.44955138825,38751.69814050798,False,1,1
716,overnight0716 25-11-06 04-10-45.fits,2025-11-06 04:10:45,2559.9999989211456,1245.1415580579153,136.26189946755713,3.7655491704145194,320.87225224019556,8.867190667041772,40.96102726966244,1515.5400821735846,29059.356325187917,38741.99066234351,True,1,1
717,overnight0717 25-11-06 04-11-45.fits,2025-11-06 04:11:45,2542.282186378154,1198.6527225314876,1279.9999999999977,934.0875197537832,3014.16965763961,2199.6080153294515,21.507808808586237,8.412542224440163e-12,29050.627221339557,38751.489062188746,False,1,1
718,overnight0718 25-11-06 04-12-45.fits,2025-11-06 04:12:45,1906.2095975273376,1245.870829170967,1279.9999999963668,3.705354459718456,3014.1696576310596,8.725442955689843,32.995014297799884,1654.7175785105144,29038.066016885317,38743.98493336365,False,1,1
719,overnight0719 25-11-06 04-13-45.fits,2025-11-06 04:13:45,2034.2274883168152,1243.7513101699112,1279.999999986187,3.532112939724437,3014.169657607088,8.317490351776298,28.44905143580596,1656.879377335112,29041.012972758355,38742.390362871556,False,1,1
720,overnight0720 25-11-06 04-14-45.fits,2025-11-06 04:14:45,2086.4176454142466,1244.5087915068561,1279.9999995828307,3.4694461461038717,3014.1696566572564,8.169921330000772,26.99050419096522,1585.1504470536277,29046.593098073106,38748.34143849021,False,1,1
721,overnight0721 25-11-06 04-15-45.fits,2025-11-06 04:15:45,1936.4000704790735,1244.2863490829504,1279.9999990778836,3.409058153531588,3014.1696554681967,8.027718474612378,22.9698369510896,1743.8757869535568,29042.71166002383,38739.717270908055,False,1,1
722,overnight0722 25-11-06 04-16-44.fits,2025-11-06 04:16:44,1363.6502596463386,1243.732531786671,4.735463941659835,3.976826220756887,11.151165412341848,9.364710100242993,1283.341518142998,1544.183239292745,29055.403388596707,38740.45464849371,True,1,1
723,overnight0723 25-11-06 04-17-44.fits,2025-11-06 04:17:44,1976.6142663642122,1243.5800489235571,1279.9999999808902,3.7981822373340224,3014.169657594615,8.944035667154655,28.899896602400275,1552.3156631955635,29040.62472296412,38742.805716335606,False,1,1
724,overnight0724 25-11-06 04-18-44.fits,2025-11-06 04:18:44,2367.668903025973,1244.2377451813095,1279.9999999999109,3.700160164901519,3014.169657639405,8.71321132613512,22.508220146497912,1543.6754816795833,29047.18448922008,38741.96016871894,False,1,1
725,overnight0725 25-11-06 04-19-45.fits,2025-11-06 04:19:45,1929.0818505231543,1245.6122490196371,1279.9999999943302,3.5239194620168095,3014.169657626264,8.298196186231863,25.184669368131722,1744.0467420755738,29045.39079101784,38745.382584777304,False,1,1
726,overnight0726 25-11-06 04-20-45.fits,2025-11-06 04:20:45,2126.6053141769557,1244.5729065322307,1279.9999998272451,3.2285867005288815,3014.1696572328083,7.602740679525745,21.513397653375584,1789.9234891946326,29045.024645434256,38740.15436862969,False,1,1
727,overnight0727 25-11-06 04-21-45.fits,2025-11-06 04:21:45,2110.750928822299,1244.9148630303991,1279.9999996884524,3.4817556702948202,3014.1696569059764,8.198908044310413,16.487054695756857,1612.4991862279587,29048.94576568695,38740.78487819232,False,1,1
728,overnight0728 25-11-06 04-22-45.fits,2025-11-06 04:22:45,1363.2269681280222,1246.5839719516146,4.266866114843622,4.434186959892881,10.04770185669709,10.441712336570603,1399.1976901390146,1417.6931585217435,29059.494123012915,38745.57944855153,True,1,1
729,overnight0729 25-11-06 04-23-45.fits,2025-11-06 04:23:45,2149.5872371730325,1245.8126685524276,1279.9999992198443,3.569762247663363,3014.1696558024887,8.406147696792424,26.193321438963146,1613.8114886620988,29038.756811547988,38736.169534738394,False,1,1
730,overnight0730 25-11-06 04-24-44.fits,2025-11-06 04:24:44,2002.7919667514827,1246.1615446749875,1279.9999996152503,3.770378187519217,3014.169656733599,8.878562133317711,24.798356995937823,1561.9929487592974,29045.682904536636,38745.142553990976,False,1,1
731,overnight0731 25-11-06 04-25-44.fits,2025-11-06 04:25:44,2361.1703606516835,1244.9335601727355,1279.9999997643642,4.133230089010544,3014.1696570847353,9.733013064327084,19.95636619842591,1388.6595219020608,29050.224967869286,38743.78324616803,False,1,1
732,overnight0732 25-11-06 04-26-45.fits,2025-11-06 04:26:45,1951.8588027386093,1244.3064302395805,1279.9999999543493,3.563028880485655,3014.1696575321157,8.390291828791803,27.00149833214007,1657.6725789048091,29038.97119148842,38738.8437567733,False,1,1
733,overnight0733 25-11-06 04-27-45.fits,2025-11-06 04:27:45,1874.8425063309005,1243.7295144486523,1279.9999999331799,3.582830311394992,3014.169657482266,8.436920635217405,28.546484261385956,1631.5387959747989,29039.782422281114,38742.23616542126,False,1,1
734,overnight0734 25-11-06 04-28-45.fits,2025-11-06 04:28:45,2230.2743516388136,1245.5321515802016,1279.9999023564637,3.4626938860083065,3014.1694277066586,8.154020972578474,26.192277484543645,1595.1234494934558,29047.857920457922,38747.81241077136,False,1,1
735,overnight0735 25-11-06 04-29-45.fits,2025-11-06 04:29:45,1365.9181049468282,1244.8234144750597,4.3118872582178085,3.629225110792627,10.153718547564836,8.546172038824146,1351.1521798118374,1584.008777342349,29057.568103082554,38743.5250441648,True,1,1
736,overnight0736 25-11-06 04-30-45.fits,2025-11-06 04:30:45,2559.628164340445,1244.8168208996851,1279.9999999999998,4.112604165071741,3014.169657639615,9.684442725188708,24.00195147917364,1443.2083967852407,29042.97214991968,38735.35484203772,False,1,1
737,overnight0737 25-11-06 04-31-44.fits,2025-11-06 04:31:44,1364.7648052591107,1247.1025664285057,4.380656972997198,3.360409995919218,10.315658850418403,7.913160817912945,1388.1685514650853,1749.6734006326615,29063.948424706843,38752.19425952866,True,1,1
738,overnight0738 25-11-06 04-32-44.fits,2025-11-06 04:32:44,1990.2865948958695,1246.486354242366,1279.9999999960198,3.9290200273973657,3014.1696576302425,9.252135117843366,26.419475886363355,1498.4323548277312,29043.907183303207,38744.53361982163,False,1,1
739,overnight0739 25-11-06 04-33-45.fits,2025-11-06 04:33:45,2278.5629368181862,1246.931619120411,1279.999999958555,3.644352388344826,3014.1696575420196,8.58179405523081,20.078823335301866,1662.390029408195,29055.05677799272,38750.599482290185,False,1,1
740,overnight0740 25-11-06 04-34-45.fits,2025-11-06 04:34:45,1364.124497994375,1246.7993872259144,4.837215841751399,4.003811802853957,11.39077282629745,9.428256289892003,1277.0249992270603,1611.6859008338338,29056.39294594749,38741.497401502325,True,1,1
741,overnight0741 25-11-06 04-35-45.fits,2025-11-06 04:35:45,2096.27917278401,1247.4873047827614,1279.9999999659315,3.2078940124670874,3014.16965755939,7.554013122892259,27.797684582431252,1788.7661334281624,29044.781934680428,38746.31850801755,False,2,1
742,overnight0742 25-11-06 04-36-45.fits,2025-11-06 04:36:45,2311.647234218412,1248.551669278652,1279.9999998440323,3.734979047167392,3014.1696572723395,8.79520352804037,21.738010973191688,1602.6832636294814,29053.55147607668,38749.91841259866,False,1,1
743,overnight0743 25-11-06 04-37-45.fits,2025-11-06 04:37:45,1365.82354701827,1248.2156408685603,4.331904245087954,3.437274008562219,10.200854949487777,8.094161735626196,1383.2470768337207,1581.7446379063713,29055.663690642876,38741.60975961767,True,1,1
744,overnight0744 25-11-06 04-38-45.fits,2025-11-06 04:38:45,2559.999999933886,1248.3483031421142,114.04904857660003,3.8597376853612317,268.5649857048862,9.088987670049988,41.16659159098169,1563.6735758962325,29063.2645524514,38746.19404755893,True,1,1
745,overnight0745 25-11-06 04-39-44.fits,2025-11-06 04:39:44,1365.8106342923934,1246.6649979117833,4.451237229326844,3.9422550045476026,10.481862652806877,9.28330110733227,1355.092244442184,1502.4338401238908,29060.059932292283,38746.88869663022,True,1,1
746,overnight0746 25-11-06 04-40-45.fits,2025-11-06 04:40:45,2559.999977271665,1247.2673718540382,1279.9999999999998,3.8070266639807753,3014.169657639615,8.964862700309235,21.234032241128983,1537.161717521329,29054.35843623361,38748.43446464361,False,1,1
747,overnight0747 25-11-06 04-41-45.fits,2025-11-06 04:41:45,2161.2834213676206,1248.2377007497425,1279.9999995167232,3.3465920025031712,3014.169656501585,7.880621930034732,29.387374913927857,1642.6570026926086,29040.774811795498,38742.16838821771,False,1,1
748,overnight0748 25-11-06 04-42-45.fits,2025-11-06 04:42:45,2232.477501134725,1246.380622054522,1279.9999982599259,4.027512639742838,3014.1696535420538,9.484067495681947,27.45518533889109,1437.89342532819,29038.284449834082,38735.858218698624,False,1,1
749,overnight0749 25-11-06 04-43-45.fits,2025-11-06 04:43:45,2037.533384792049,1248.2272266053337,1279.999999608891,3.469238010504127,3014.1696567186236,8.169431208118409,25.37856569997102,1682.07351713752,29047.95270281738,38748.54194643587,False,1,1
750,overnight0750 25-11-06 04-44-45.fits,2025-11-06 04:44:45,2559.9999905929117,1248.0608437522221,1279.9999999999998,3.557262076941649,3014.169657639615,8.376712044210622,20.70173380065864,1575.3184332101434,29054.65447193107,38748.72880470465,False,1,1
751,overnight0751 25-11-06 04-45-44.fits,2025-11-06 04:45:44,2124.069234602297,1247.7577522073423,1279.999992369543,3.6669599260569776,3014.169639671262,8.635030738204179,23.51262535118954,1569.948105843903,29048.749999531774,38747.1231767911,False,1,1
752,overnight0752 25-11-06 04-46-44.fits,2025-11-06 04:46:44,2111.57745526867,1249.4998301018538,1279.999999900732,3.975820448373517,3014.169657405857,9.362341687273895,34.260044871198694,1510.684919266854,29042.347907023537,38748.915447496074,False,1,1
753,overnight0753 25-11-06 04-47-45.fits,2025-11-06 04:47:45,2559.9999999927404,1248.9079071692022,130.89126612654036,3.5557653548977286,308.22537719425776,8.37318753313976,37.59009805813587,1589.4067426108918,29064.57742896178,38748.59356580096,True,1,1
754,overnight0754 25-11-06 04-48-45.fits,2025-11-06 04:48:45,2447.5809742534466,1247.9995304152078,1279.9999999999998,3.3847768579961692,3014.169657639615,7.970540393166255,21.797277316353732,1748.368877276724,29049.365166673066,38743.22613471025,False,1,1
755,overnight0755 25-11-06 04-49-45.fits,2025-11-06 04:49:45,1999.667784540014,1249.2486919029957,1279.9999994221903,3.487768574371285,3014.169656278977,8.21306735135852,27.259008684633727,1712.5742143058073,29034.6646887772,38732.8753919716,False,1,1
756,overnight0756 25-11-06 04-50-44.fits,2025-11-06 04:50:44,1953.630502078385,1249.646815676702,1279.9999999750441,3.6480746912361885,3014.1696575808487,8.590559408693068,29.934606737724526,1573.3723376188696,29033.38578818822,38734.63151333872,False,1,1
757,overnight0757 25-11-06 04-51-44.fits,2025-11-06 04:51:44,1366.9742396917654,1249.3810041707056,4.4078608606174186,3.7273818565305197,10.379719110289269,8.777313511242742,1378.6501743414192,1589.9171379588756,29052.50838878413,38736.87455654949,True,1,1
758,overnight0758 25-11-06 04-52-45.fits,2025-11-06 04:52:45,2004.671207053362,1248.6983778658046,1279.999999818731,3.7589277769485276,3014.1696572127594,8.851598476982018,25.720996828178095,1643.1632690759416,29047.478131344113,38748.085276093065,False,1,1
759,overnight0759 25-11-06 04-53-45.fits,2025-11-06 04:53:45,2169.247476166132,1249.0927649345517,1279.999999168918,3.7968895291130775,3014.169655682567,8.940991571923597,25.882474318438256,1599.0769543581878,29044.71916247103,38743.22445830575,False,1,1
760,overnight0760 25-11-06 04-54-45.fits,2025-11-06 04:54:45,2198.2666572707094,1249.0210248791211,1279.9999998312608,4.15984047122711,3014.1696572422647,9.795675725776588,22.8671683174247,1388.1282163003511,29047.7212218311,38744.4686176602,False,1,1
761,overnight0761 25-11-06 04-55-45.fits,2025-11-06 04:55:45,2559.999999563774,1250.7142208746545,140.46834741728733,3.680740738509187,330.7776801905996,8.667482071603454,39.65176561006924,1533.1199825936824,29065.535973996575,38750.306277887415,True,1,1
762,overnight0762 25-11-06 04-56-44.fits,2025-11-06 04:56:44,2017.4549075609448,1250.2369437308303,1279.9999982557463,3.56663030722442,3014.1696535322117,8.398772540666958,24.689722427699174,1609.660461754556,29044.306011167533,38743.2725453794,False,1,1
763,overnight0763 25-11-06 04-57-44.fits,2025-11-06 04:57:44,2107.4230174857785,1249.8325919567446,1279.9999999806969,3.8411163884598363,3014.1696575941596,9.04513786684211,22.015538927040506,1519.720774758187,29042.6526130006,38737.55663906227,False,1,1
764,overnight0764 25-11-06 04-58-45.fits,2025-11-06 04:58:45,2068.2707140714656,1249.4130273733956,1279.999980065293,3.892871379378645,3014.169610696967,9.167011556888115,23.033480189925683,1512.8351653504612,29043.884071097935,38740.4462408798,False,1,1
765,overnight0765 25-11-06 04-59-45.fits,2025-11-06 04:59:45,2559.9998279239717,1250.026000966815,1279.9999977887662,3.551813211121102,3014.1696524325575,8.363880945753714,21.137372735012494,1675.4652126179726,29049.395922327323,38741.61156606374,False,1,1
766,overnight0766 25-11-06 05-00-45.fits,2025-11-06 05:00:45,1366.6595588286941,1249.9928276701207,4.107932680030547,3.812992324101833,9.673442218573642,8.978910756344142,1397.2412410997745,1555.6333140795725,29052.89590734639,38736.94408275153,True,1,1
767,overnight0767 25-11-06 05-01-45.fits,2025-11-06 05:01:45,1366.9099981725196,1249.2011125017425,4.405583864823311,3.4416988207953167,10.374357194950852,8.104581372168193,1337.337226891165,1637.5052780590088,29055.784206862936,38741.37976271039,True,1,1
768,overnight0768 25-11-06 05-02-45.fits,2025-11-06 05:02:45,1943.4588315340777,1249.4378861452863,1279.9999999994834,3.644669898708088,3014.169657638399,8.582541734998726,28.618632191045506,1619.3484321759813,29040.389471110746,38742.48536649913,False,1,1
769,overnight0769 25-11-06 05-03-44.fits,2025-11-06 05:03:44,2541.643596227037,1250.1035899132328,1279.9999999999998,3.5633260336252186,3014.169657639615,8.390991570961292,24.701420349814974,1704.1754233120114,29047.55251998428,38742.04032184262,False,1,1
770,overnight0770 25-11-06 05-04-44.fits,2025-11-06 05:04:44,1924.3742865422887,1250.2074576703742,1279.9999999898498,3.5195915143470486,3014.1696576157133,8.288004648305265,28.906474201536305,1675.657011501993,29037.766637532695,38739.4556449857,False,1,1
771,overnight0771 25-11-06 05-05-45.fits,2025-11-06 05:05:45,1943.6951772847026,1251.2926707270924,1279.9999967108376,3.6972941427993127,3014.1696498942297,8.706462359839342,18.45999649625352,1665.835047356492,29046.033432678494,38739.1413908829,False,1,1
772,overnight0772 25-11-06 05-06-45.fits,2025-11-06 05:06:45,2056.633266760099,1251.0725156957276,1279.9999998800324,3.3350154316421263,3014.169657357113,7.853361188918423,30.117447418741104,1779.2124637398933,29038.70049901028,38740.65646730552,False,1,1
773,overnight0773 25-11-06 05-07-45.fits,2025-11-06 05:07:45,1366.827417827348,1251.043088784882,4.9367671356509195,3.4820501293169372,11.625198208680809,8.199601442318134,1239.487966086782,1705.3519297029645,29064.097571275386,38752.36632199453,True,1,1
774,overnight0774 25-11-06 05-08-45.fits,2025-11-06 05:08:45,2049.2022399236275,1252.379977796499,1279.9999998179312,3.684066803788566,3014.169657210876,8.675314356794416,28.187504964962287,1640.5673183317906,29041.372728810922,38742.21512495846,False,1,1
775,overnight0775 25-11-06 05-09-45.fits,2025-11-06 05:09:45,1366.7344667225668,1252.3552118639257,4.546614217883806,3.5413668239155984,10.706458297295498,8.33928158376404,1303.6269131674019,1579.8306901030462,29059.879684366628,38746.940112712975,True,1,1
776,overnight0776 25-11-06 05-10-44.fits,2025-11-06 05:10:44,2079.8450581723528,1251.9033119294922,1279.9999997657271,3.458061420166209,3014.169657087945,8.143112349155581,24.497364629037047,1765.7528212562966,29047.130710638256,38745.8532931943,False,1,1
777,overnight0777 25-11-06 05-11-44.fits,2025-11-06 05:11:44,2184.6337591290426,1251.5673077536892,1279.9999912854769,3.94611988649743,3014.169637118481,9.292402208819404,31.818614871667855,1525.2874771104696,29039.41930379255,38741.744107557766,False,1,1
778,overnight0778 25-11-06 05-12-44.fits,2025-11-06 05:12:44,2242.5117616249977,1252.097517422624,1279.9999999996817,3.4688251136303854,3014.1696576388654,8.168458910283592,22.09264347648025,1768.8110986963188,29052.26096157075,38748.93598438023,False,1,1
779,overnight0779 25-11-06 05-13-45.fits,2025-11-06 05:13:45,2559.999567660894,1252.5914068807008,1279.9999999999998,3.335593030514948,3014.169657639615,7.854721330322131,20.63847316315878,1765.551541890252,29046.044641011133,38736.8260736783,False,1,1
780,overnight0780 25-11-06 05-14-45.fits,2025-11-06 05:14:45,1957.2204344730542,1252.6106823879127,1279.9999999725192,3.65341543975877,3014.169657574903,8.603135910369513,27.403363173500388,1707.3371654417588,29041.59448263506,38742.28001327023,False,1,1
781,overnight0781 25-11-06 05-15-45.fits,2025-11-06 05:15:45,1367.1370815534196,1253.416262800277,4.6070395018743735,3.4574009491187376,10.848748967263175,8.141557058693833,1285.7235454841102,1750.0710211600715,29055.935660253235,38741.081328790235,True,1,1
782,overnight0782 25-11-06 05-16-45.fits,2025-11-06 05:16:45,2206.019882788349,1253.457030855424,1279.9999999075533,3.506178121678458,3014.1696574219195,8.256418522377396,20.544470111893084,1641.5145972105277,29050.461194537493,38745.880335898575,False,1,1
783,overnight0783 25-11-06 05-17-45.fits,2025-11-06 05:17:45,2287.528986740058,1256.1704871724125,1279.999999656578,3.6257237164892806,3014.169656830918,8.537926885333068,24.137645458541105,1612.7755087132316,29048.469329286385,38745.73049233178,False,1,1
784,overnight0784 25-11-06 05-18-44.fits,2025-11-06 05:18:44,2091.65290744092,1255.21998314586,1279.9999996794413,3.431174778625337,3014.169656884757,8.079799146711574,17.33987088887963,1713.854032124377,29053.2496066138,38747.13004707314,False,1,1
785,overnight0785 25-11-06 05-19-44.fits,2025-11-06 05:19:44,2099.188286612814,1256.8103361867934,1279.9999998360245,3.2911007879700347,3014.1696572534825,7.74995010572899,21.599537643868317,1643.8626433132085,29046.57772503715,38743.00200318428,False,1,1
786,overnight0786 25-11-06 05-20-45.fits,2025-11-06 05:20:45,1945.6043426189256,1257.0354620432536,1279.9999995725168,3.677975034992583,3014.1696566329692,8.660969337523943,34.419512581781824,1616.5134723368055,29035.56413731252,38741.986901626486,False,1,1
787,overnight0787 25-11-06 05-21-45.fits,2025-11-06 05:21:45,2126.1151397898193,1256.6364622618923,1279.999993020332,3.404887662834969,3014.169641203753,8.017897719522367,22.336488833653984,1667.947782877408,29044.06559558554,38739.81323947488,False,1,1
788,overnight0788 25-11-06 05-22-45.fits,2025-11-06 05:22:45,1367.569445165432,1256.9408630299342,5.130640438932874,3.7574317757500677,12.081734949445519,8.848075663372494,1180.8990592729472,1686.188659526749,29059.989812361597,38746.291488462935,True,1,1
789,overnight0789 25-11-06 05-23-45.fits,2025-11-06 05:23:45,2549.3578447896903,1256.650045720836,1279.9999999999998,3.7274930859606585,3014.169657639615,8.77757543653443,12.975065334538876,1625.2190405697734,29052.875510150505,38739.66555422246,False,2,1
790,overnight0790 25-11-06 05-24-45.fits,2025-11-06 05:24:45,1367.5257780546638,1257.30042015018,5.059220844968647,3.204697457962099,11.913554657970586,7.5464858122688785,1199.9353754406766,1865.5954266591457,29052.814420437575,38737.20609345666,True,1,1
791,overnight0791 25-11-06 05-25-45.fits,2025-11-06 05:25:45,2035.3234183205277,1258.7993548681334,1279.9999996672673,3.798850163655579,3014.1696568560897,8.94560851344526,27.93534151007417,1573.5732526086636,29044.396501422954,38746.209872488944,False,1,1
792,overnight0792 25-11-06 05-26-44.fits,2025-11-06 05:26:44,1368.2311530319498,1259.876579731195,4.712728479721946,3.6503522257532857,11.09762749083747,8.595922592627177,1253.491822039637,1644.0995974634634,29054.85094836878,38739.678314351375,True,1,1
793,overnight0793 25-11-06 05-27-44.fits,2025-11-06 05:27:44,2341.9968414621558,1259.8960098388668,1279.9999993770703,3.421469817240216,3014.1696561727276,8.056945709105639,21.437775598548722,1676.6419297287316,29049.54008301923,38744.35548276701,False,1,1
794,overnight0794 25-11-06 05-28-44.fits,2025-11-06 05:28:44,2559.999999725718,1259.944632017692,134.30279785768388,3.7737289270501964,316.25892049901364,8.88645252193094,40.780505495394976,1573.6043275888926,29060.78557327365,38743.5259106711,True,1,1
795,overnight0795 25-11-06 05-29-45.fits,2025-11-06 05:29:45,1915.185516524133,1261.2419959076474,1279.9999999338559,3.8374837687590544,3014.1696574838575,9.036583701154733,22.060173012602522,1530.9419271465315,29046.14575456225,38743.57950370493,False,1,1
796,overnight0796 25-11-06 05-30-45.fits,2025-11-06 05:30:45,2113.2768502753315,1262.3876442720261,1279.9999748078685,3.3088848574279446,3014.1695983166787,7.791828388970699,26.20596313447735,1694.3867639163323,29044.068707928524,38743.81068308934,False,1,1
797,overnight0797 25-11-06 05-31-45.fits,2025-11-06 05:31:45,2172.6977124909213,1262.210084097459,1279.9999911834868,3.4362779083896946,3014.169636878313,8.091816098973077,28.14553102508732,1782.0486642541618,29038.14825867181,38736.53248690425,False,1,1
798,overnight0798 25-11-06 05-32-44.fits,2025-11-06 05:32:44,2137.0617369260563,1261.032846740816,1279.999999992304,3.834367698366668,3014.1696576214927,9.029245916133014,24.778921552803077,1544.9259180915856,29044.781803086513,38742.73500012108,False,1,1
799,overnight0799 25-11-06 05-33-44.fits,2025-11-06 05:33:44,2559.999785078148,1263.016486383823,1279.9999999814959,4.407658419856752,3014.1696575960414,10.379242398728119,21.45458326780981,1463.436788323453,29053.312878934175,38746.43511547212,False,1,1
800,overnight0800 25-11-06 05-34-45.fits,2025-11-06 05:34:45,2321.5881385184853,1263.2374910661526,1279.999993228367,3.6826814471342715,3014.169641693638,8.672052091175367,23.198680742488087,1585.9447561846657,29045.087684453,38740.04998125265,False,2,1
801,overnight0801 25-11-06 05-35-45.fits,2025-11-06 05:35:45,2351.1305369709844,67.48609008061548,1279.9999997871419,11.853211938477507,3014.1696571383727,27.91218107072699,29.118360444930715,85.9565037683874,29039.056177961218,38743.27722666064,False,1,1
802,overnight0802 25-11-06 05-36-45.fits,2025-11-06 05:36:45,1784.6908929478616,1263.1527141654824,1279.999999995629,3.997169684097631,3014.169657629322,9.412615295503128,38.01131181148542,1502.479017958705,29027.642771048537,38736.71460096582,False,1,1
803,overnight0803 25-11-06 05-37-44.fits,2025-11-06 05:37:44,1929.3805184464254,1264.448687016244,1279.999999999428,3.876109103419492,3014.169657638268,9.12753941345916,31.391786236011317,1449.584978131545,29040.16008711844,38745.55566849461,False,2,1
804,overnight0804 25-11-06 05-38-44.fits,2025-11-06 05:38:44,2233.589247651213,1263.6915733869712,1279.9999999914064,3.970372328321113,3014.169657619379,9.349512344966758,20.02515072310103,1562.1474171910809,29046.528810682717,38739.34850114588,False,1,1
805,overnight0805 25-11-06 05-39-45.fits,2025-11-06 05:39:45,2445.2263081967194,1263.462590319433,1279.999999999999,3.5844482442227754,3014.169657639613,8.440730575871783,26.06264020559659,1643.7008533779706,29047.57069309808,38744.50757612995,False,1,1
806,overnight0806 25-11-06 05-40-45.fits,2025-11-06 05:40:45,2390.7038700005032,1264.4656397133433,1279.9999999999693,3.7448228549421545,3014.169657639543,8.818383923907813,16.898822476240262,1645.6312704989195,29053.24916829296,38744.349301358394,False,1,1
807,overnight0807 25-11-06 05-41-45.fits,2025-11-06 05:41:45,1369.86245077555,1265.443327563354,5.484371687959745,4.0864569162139865,12.91470838520783,9.622870659456055,1116.4168833092479,1444.6421781154852,29056.556759071525,38742.3620833984,True,1,1
808,overnight0808 25-11-06 05-42-45.fits,2025-11-06 05:42:45,1369.5299554025937,1266.9333054056206,5.1793342115655205,3.8909620254581676,12.196400021309055,9.162515372003115,1185.4011378679859,1634.2163241051562,29060.87630211209,38747.54904625836,True,1,1
809,overnight0809 25-11-06 05-43-45.fits,2025-11-06 05:43:45,2465.8729408144086,1266.4246155386209,1279.9999999999932,4.061460475715747,3014.169657639599,9.564008540316376,23.31409780022919,1487.6374807420625,29044.20244417723,38737.27916666448,False,1,1
810,overnight0810 25-11-06 05-44-44.fits,2025-11-06 05:44:44,1370.9338438887721,1267.0972637689865,5.410895821885532,5.101440293349786,12.741685942950264,12.012973861308643,1098.8562559045024,1290.7453269171801,29057.42113192589,38742.39411686616,True,2,1
811,overnight0811 25-11-06 05-45-44.fits,2025-11-06 05:45:44,1370.8732370100329,1267.5438479231489,5.691932536461762,4.537435729351047,13.403476831824012,10.684844608515473,1079.5130601761607,1378.8668755898047,29057.984759247513,38743.83345337638,True,2,1
812,overnight0812 25-11-06 05-46-44.fits,2025-11-06 05:46:44,2284.504691421118,1267.598298421339,1279.9999999315635,4.16069842403195,3014.1696574784596,9.797696050239116,24.052175610152894,1360.0960965151276,29043.35632707303,38739.1104774398,False,1,1
813,overnight0813 25-11-06 05-47-45.fits,2025-11-06 05:47:45,2559.9977157593203,1919.9999859637892,1279.999999999985,1.0001141872027237,3014.16965763958,2.355088935344809,25.756677461813418,5.82274126590082e-09,29049.85554970921,38753.67656284854,False,1,1
814,overnight0814 25-11-06 05-48-45.fits,2025-11-06 05:48:45,2017.2638050223006,1267.0056758923465,1279.9999999884037,4.633560245082421,3014.169657612308,10.911200544978604,30.952523954283674,1369.3629426657228,29039.564904568273,38742.51269749708,False,2,1
815,overnight0815 25-11-06 05-49-45.fits,2025-11-06 05:49:45,2559.9999138922763,1266.9743797061142,1279.9999998203873,4.652435209666536,3014.1696572166597,10.955647689930528,22.952267532967287,1307.1956767653749,29051.461833143618,38745.64249020011,False,2,1
816,overnight0816 25-11-06 05-50-45.fits,2025-11-06 05:50:45,1372.4652578966943,1267.3780656350293,5.1189460899540515,4.353820965779353,12.054196862056601,10.252464882693229,1132.3842008920144,1439.1103122146071,29057.787517277393,38743.10437398052,True,1,1
817,overnight0817 25-11-06 05-51-45.fits,2025-11-06 05:51:45,1373.1342223154338,1267.1606274295998,5.241160276360623,4.220792307705608,12.341989277993946,9.939206332097605,1141.0781021315981,1461.7303431179039,29057.69450235847,38743.34581004472,True,1,1
818,overnight0818 25-11-06 05-52-44.fits,2025-11-06 05:52:44,1952.2318011061118,1267.7341910148161,1279.9999999942327,4.586357712473107,3014.169657626034,10.800047075013962,31.505548991978603,1244.4603728821041,29040.73987220762,38746.11631133747,False,2,1
819,overnight0819 25-11-06 05-53-44.fits,2025-11-06 05:53:44,1373.39097900265,1268.1371088535154,5.681220243874933,4.765935980944486,13.378251310512312,11.222921581262318,1106.1920859425136,1296.0164609860565,29057.77540714062,38743.84126564657,True,2,1
820,overnight0820 25-11-06 05-54-45.fits,2025-11-06 05:54:45,2540.536495785455,1268.34414742867,1279.999999999972,4.313855770290821,3014.1696576395493,10.15835403925325,20.830523367924894,1296.0035669414287,29052.873649224948,38746.65625604281,False,2,1
821,overnight0821 25-11-06 05-55-45.fits,2025-11-06 05:55:45,1372.4598862473943,1269.161152032675,5.9847329297664755,4.538017587708838,14.092969067170896,10.686214780239766,1024.043206865626,1286.433365444693,29055.822583963698,38741.476386445116,True,1,1
822,overnight0822 25-11-06 05-56-45.fits,2025-11-06 05:56:45,1372.127211968589,1269.5030844089786,5.4064686387803516,4.177704910159594,12.731260723431163,9.837743264668033,1100.4544035428098,1382.322733158663,29057.012747659053,38742.91165668934,True,2,1
823,overnight0823 25-11-06 05-57-45.fits,2025-11-06 05:57:45,2300.426725345691,1269.515925938151,1279.9999997818109,3.9532570787451426,3014.169657125819,9.309209012189555,23.915067853199453,1399.7590920608,29045.21847255533,38741.47724107167,False,1,1
824,overnight0824 25-11-06 05-58-45.fits,2025-11-06 05:58:45,2273.506935888876,1269.665881276066,1279.9999998168585,4.2007852966789185,3014.1696572083497,9.8920934214908,27.11021326878624,1343.893466357043,29047.31875350602,38747.33128171733,False,2,1
825,overnight0825 25-11-06 05-59-44.fits,2025-11-06 05:59:44,1372.5159923980345,1270.4639974261243,5.538436138675979,4.74214139148931,13.042020437478007,11.166889605049985,1075.0140529748721,1277.2587220026414,29056.63507586154,38742.045572530726,True,2,1
826,overnight0826 25-11-06 06-00-45.fits,2025-11-06 06:00:45,2092.646454047091,1270.2251953835166,1279.9999959372333,3.824638681554196,3014.1696480725304,9.006335832324563,26.343962359234478,1477.19373565511,29046.197214612937,38746.91990686177,False,2,1
827,overnight0827 25-11-06 06-01-45.fits,2025-11-06 06:01:45,2559.999999977009,1270.188533997948,109.81465259011985,3.9545972738981168,258.59374515732407,9.312364930600033,51.563249196054635,1459.4568495066135,29063.718365352837,38747.772309520966,True,2,1
828,overnight0828 25-11-06 06-02-45.fits,2025-11-06 06:02:45,2232.092133169992,1270.6372786036302,1279.9999998616167,4.520603212289299,3014.1696573137474,10.645207059930142,22.303360719001954,1370.0417074654754,29049.369967352388,38745.29344321872,False,2,1
829,overnight0829 25-11-06 06-03-45.fits,2025-11-06 06:03:45,2559.999778207047,1270.3984427406274,1279.9999997434988,4.25446859599957,3014.169657035601,10.018507930814467,25.694282347798843,1379.0189312849698,29047.99990963604,38743.4930365065,False,1,1
830,overnight0830 25-11-06 06-04-45.fits,2025-11-06 06:04:45,2559.999400541283,1270.6000974067608,1279.9999999980944,4.529690648837945,3014.169657635128,10.666606337672839,19.510930163349528,1300.4835309564648,29057.36263274821,38751.01561666507,False,2,1
831,overnight0831 25-11-06 06-05-44.fits,2025-11-06 06:05:44,1373.9729401956201,1271.1403591118267,5.793635734424342,4.433574854388228,13.642969561030046,10.440270938258571,1027.1919253939516,1302.4547575535598,29059.54164622565,38746.28614486523,True,2,1
832,overnight0832 25-11-06 06-06-45.fits,2025-11-06 06:06:45,2298.313495745295,1271.0805272869788,1279.9999997542898,4.385902549029114,3014.1696570610115,10.328011238006095,22.02113191658954,1349.4112062140591,29051.532869235893,38747.69104487814,False,1,1
833,overnight0833 25-11-06 06-07-45.fits,2025-11-06 06:07:45,1783.4038318527382,1271.305346782141,1279.999999812229,4.73046741339245,3014.169657197448,11.139399487422248,35.408062187446866,1264.3091760913555,29038.203195905273,38748.028345980405,False,2,1
834,overnight0834 25-11-06 06-08-45.fits,2025-11-06 06:08:45,1373.2252439824936,1271.025486632455,5.414579291982563,4.452046548674137,12.750359852170025,10.483768454228715,1101.965956429409,1327.4427295700098,29059.71786954719,38746.36470618474,True,2,1
835,overnight0835 25-11-06 06-09-44.fits,2025-11-06 06:09:44,1374.292607775264,1270.930965101086,5.883614298543964,4.61511341610116,13.854852887442036,10.867761582326272,1048.4903132290203,1355.8959907624183,29062.06555830313,38749.3049418473,True,2,1
836,overnight0836 25-11-06 06-10-44.fits,2025-11-06 06:10:44,2223.3625765022284,1271.1108581698402,1279.9999998294547,4.244205320960099,3014.169657238012,9.994339765023856,23.79660667673412,1431.9338604451052,29046.6914353958,38743.35268952881,False,1,1
837,overnight0837 25-11-06 06-11-45.fits,2025-11-06 06:11:45,2011.5755351348794,1270.9826183405835,1279.999999874562,4.071733893752661,3014.1696573442314,9.588200591040684,31.09361275382462,1401.9730640004477,29042.253614402343,38747.129171685185,False,2,1
838,overnight0838 25-11-06 06-12-45.fits,2025-11-06 06:12:45,2284.9211283365084,1271.2069380332991,1279.9999999950667,3.8041261060222475,3014.169657627998,8.95803240828672,20.126630603095535,1473.61948266699,29048.695299198236,38742.700654744694,False,1,1
839,overnight0839 25-11-06 06-13-45.fits,2025-11-06 06:13:45,1373.0665901316077,1272.3948068243599,5.344632563344705,4.462583278852202,12.585647893489256,10.508580557661105,1104.3788533232153,1384.7038256926844,29054.498292436994,38738.96960996708,True,1,1
840,overnight0840 25-11-06 06-14-45.fits,2025-11-06 06:14:45,2178.335885010633,1272.5349748156514,1279.9999999946326,4.1385496259080305,3014.169657626976,9.745539616443567,20.960789875730118,1444.4272674447109,29051.455855792716,38747.53062106569,False,2,1
841,overnight0841 25-11-06 06-15-46.fits,2025-11-06 06:15:46,2286.0951743359046,1272.6569479812015,1279.999999881937,4.899970509353904,3014.1696573615977,11.538548775487083,24.1286142099427,1327.3929145879947,29052.633801045697,38750.43147037601,False,2,1
842,overnight0842 25-11-06 06-16-46.fits,2025-11-06 06:16:46,2282.765868772321,1272.8831391168612,1279.999999994802,4.085550036125548,3014.169657627375,9.62073512004536,19.15933941130501,1383.06056857004,29050.89111384298,38744.701113841795,False,2,1
843,overnight0843 25-11-06 06-17-46.fits,2025-11-06 06:17:46,2273.3067157534574,1273.4277193825596,1279.9999999944134,4.2772095795463585,3014.16965762646,10.072058854714165,22.852792174018408,1371.7864229311417,29052.731778029534,38750.343522939955,False,2,1
844,overnight0844 25-11-06 06-18-46.fits,2025-11-06 06:18:46,2074.098244905354,1274.0940101339922,1279.9999999748684,4.831081528210983,3014.169657580435,11.376327621809974,24.019915542291443,1244.0709867518322,29043.19687452172,38740.307105052154,False,1,1
845,overnight0845 25-11-06 06-19-46.fits,2025-11-06 06:19:46,1375.4821655296316,1273.6453407787967,6.335098800925387,4.617797152352679,14.918017643670632,10.874081298246926,956.784643630776,1320.5559547723024,29058.091605754566,38744.07418307524,True,2,1
846,overnight0846 25-11-06 06-20-46.fits,2025-11-06 06:20:46,2559.9999469159075,1273.917852152478,1279.9999998597718,4.6274636855553215,3014.169657309403,10.896844244398466,21.695727279450526,1271.4402532212723,29050.556572579288,38743.692262103206,False,1,1
847,overnight0847 25-11-06 06-21-46.fits,2025-11-06 06:21:46,2043.9075664808943,1273.0358686721925,1279.9999987858207,4.706004268794699,3014.1696547804413,11.081793184158972,25.367766708880414,1221.38915073792,29048.038831786307,38748.70637766754,False,2,1
848,overnight0848 25-11-06 06-22-46.fits,2025-11-06 06:22:46,2101.642351512799,1274.8439566026352,1279.9999998987307,3.940282014943398,3014.1696574011444,9.278655071863652,24.922412213053487,1456.4202407939197,29044.983402811347,38743.70166459312,False,2,1
849,overnight0849 25-11-06 06-23-47.fits,2025-11-06 06:23:47,1980.7291409604807,1274.2334124924362,1279.9999999566523,4.707523853339708,3014.169657537539,11.08537153230568,31.59523327807831,1266.5462735611593,29041.30830753648,38746.3571553357,False,2,1
850,overnight0850 25-11-06 06-24-47.fits,2025-11-06 06:24:47,2205.1853512482858,1275.0527924511123,1279.9999999964139,4.735048183516222,3014.1696576311706,11.150186376731384,26.008495906028383,1276.267108259611,29042.98541580685,38740.71717628195,False,1,1
851,overnight0851 25-11-06 06-25-47.fits,2025-11-06 06:25:47,2135.8011913508676,1274.6489753261042,1279.9999999756512,4.502185798045929,3014.169657582278,10.601837363692214,18.72340427178772,1314.668839077255,29048.869406827813,38742.31227058736,False,1,1
852,overnight0852 25-11-06 06-26-47.fits,2025-11-06 06:26:47,1375.5245024589385,1274.3787796171302,4.8475422100474415,4.649031352262943,11.415089565353343,10.947632218286119,1168.3430200535336,1269.3912941432143,29055.879484318026,38740.86212697676,True,1,1
853,overnight0853 25-11-06 06-27-47.fits,2025-11-06 06:27:47,2001.9808736174612,1274.8630892235485,1279.9999999954575,4.251941825884103,3014.1696576289182,10.01255784189738,22.93753763899334,1304.836911133095,29047.188362068988,38745.70624954132,False,2,1
854,overnight0854 25-11-06 06-28-47.fits,2025-11-06 06:28:47,1375.880942775988,1276.2104025857948,6.443286613412158,4.569931379564361,15.17278047314253,10.761366017014096,944.9940740661374,1339.8542521196416,29059.479871928565,38745.92854677001,True,2,1
855,overnight0855 25-11-06 06-29-47.fits,2025-11-06 06:29:47,2152.571234024123,1276.7943133603,1279.9999998431083,4.805947772930558,3014.1696572701635,11.317142151068728,28.40547507982894,1305.5852067497563,29042.251974067658,38742.26873675241,False,2,1
856,overnight0856 25-11-06 06-30-47.fits,2025-11-06 06:30:47,1377.1388243039733,1278.2456512057813,5.709701734434265,4.558427078832591,13.445320095393786,10.734275459046861,1058.9081661514415,1318.3557764282962,29055.316718995688,38740.46984102384,True,2,1
857,overnight0857 25-11-06 06-31-48.fits,2025-11-06 06:31:48,2328.806000719962,1276.4750676442814,1279.9999373916016,5.023752342643131,3014.1695102081035,11.830032717727235,21.82494524746715,1198.5407210150258,29049.868513506543,38744.886541986074,False,2,1
858,overnight0858 25-11-06 06-32-48.fits,2025-11-06 06:32:48,2424.0759999027932,1277.8236890756439,1279.999999999986,4.666767255104324,3014.169657639582,10.989397077813726,22.114081097460566,1245.430683714399,29045.167629438023,38738.26100923755,False,2,1
859,overnight0859 25-11-06 06-33-48.fits,2025-11-06 06:33:48,1378.1859617548441,1277.9292678150575,6.251200547988007,4.5280783266748,14.720452355910613,10.662809609124018,985.2280125779715,1309.9826218581816,29059.968372133644,38746.921053752354,True,2,1
860,overnight0860 25-11-06 06-34-48.fits,2025-11-06 06:34:48,1376.9160027608132,1278.0941496173625,5.532847770497954,4.566756898329904,13.02886083607338,10.753890684970623,1038.729067379138,1231.889965790051,29055.137531997447,38740.34185208131,True,2,1
861,overnight0861 25-11-06 06-35-48.fits,2025-11-06 06:35:48,2559.99999579191,1277.7681643588285,1279.9999997485818,4.06716190680301,3014.1696570475706,9.577434384526025,17.56172655371151,1375.7401520004018,29054.674305683362,38746.262769562956,False,2,1
862,overnight0862 25-11-06 06-36-48.fits,2025-11-06 06:36:48,2328.0289537993613,1278.3907705517195,1279.9999999938009,4.533856155028416,3014.1696576250174,10.676415355147862,21.551100702916344,1309.299918723487,29049.39923610857,38744.13292168995,False,2,1
863,overnight0863 25-11-06 06-37-47.fits,2025-11-06 06:37:47,2559.9999160457296,1278.7617919651996,1279.9999999999784,4.215986488798503,3014.1696576395643,9.927889493402365,18.53604273802661,1412.7111922246713,29054.369032088078,38746.16176764692,False,2,1
864,overnight0864 25-11-06 06-38-47.fits,2025-11-06 06:38:47,1377.74711304336,1277.2373761658384,5.57544212733762,4.66665073235011,13.129162881364627,10.9891226876964,1058.1542319941768,1261.3288307063756,29060.62527386519,38747.517985392304,True,2,1
865,overnight0865 25-11-06 06-39-48.fits,2025-11-06 06:39:48,2195.8427075393765,1278.0989099643302,1279.9999999659005,4.57779789313934,3014.169657559317,10.779890240864965,23.781905903610532,1287.8365827036023,29043.16193374405,38739.12202298935,False,2,1
866,overnight0866 25-11-06 06-40-48.fits,2025-11-06 06:40:48,2185.567631147408,1279.3837102305342,1279.9999970285505,5.148847283835011,3014.1696506423864,12.12460879277784,20.35421395129572,1241.0051405818303,29052.75941959296,38748.09493859806,False,2,1
867,overnight0867 25-11-06 06-41-48.fits,2025-11-06 06:41:48,1378.2622763849372,1279.5187899019884,5.308962258395943,4.958562944909018,12.501650744383545,11.676523417219451,1085.7849643219001,1265.432350929817,29054.67648964013,38738.90239294317,True,2,1
868,overnight0868 25-11-06 06-42-48.fits,2025-11-06 06:42:48,2421.3898667003646,1280.0603760295494,1279.9999999998192,4.637814851663335,3014.1696576391896,10.92121937783906,19.622950055996235,1331.8156366837732,29050.66134020564,38742.9970172599,False,2,1
869,overnight0869 25-11-06 06-43-47.fits,2025-11-06 06:43:47,1378.7941600768213,1280.2578895590725,5.735661704343722,4.281932446855546,13.506451152904976,10.08318035732386,1035.6929302928459,1318.4271818165041,29056.676822188325,38742.620854313616,True,2,1
870,overnight0870 25-11-06 06-44-47.fits,2025-11-06 06:44:47,1379.264050241,1280.707816004724,5.785676048088521,4.384207808791177,13.624225932094296,10.32402042972268,1029.3976596709908,1297.729659243543,29054.94223441651,38740.27057134471,True,1,1
871,overnight0871 25-11-06 06-45-48.fits,2025-11-06 06:45:48,2257.1483077325865,1280.8505318291811,1279.9999990616957,4.588200171628955,3014.1696554300775,10.804385734766306,27.429027309431056,1301.9038076213967,29044.05448032892,38743.0228742073,False,2,1
872,overnight0872 25-11-06 06-46-48.fits,2025-11-06 06:46:48,2208.0763963201393,1280.5866953254763,1279.9999941212466,3.9627935199549387,3014.1696437962087,9.331665615108642,22.918961789608318,1387.1704607902873,29043.677389376317,38739.40202529382,False,1,1
873,overnight0873 25-11-06 06-47-48.fits,2025-11-06 06:47:48,1380.5590344334282,1281.5691212377726,5.417326855265592,4.805151646393975,12.756829869263893,11.315267416342001,1103.7067392224485,1171.8117234014717,29061.21895242434,38748.74679439155,True,2,1
874,overnight0874 25-11-06 06-48-48.fits,2025-11-06 06:48:48,2028.9073575264026,1281.7177453474915,1279.9999997420741,4.764322650999595,3014.169657032246,11.219122479568837,31.11174382767516,1311.8492161424836,29035.192672509216,38736.84968250795,False,1,1
875,overnight0875 25-11-06 06-49-48.fits,2025-11-06 06:49:48,1380.444941387739,1280.7122250436387,6.390250794154212,4.068282821752244,15.04789066284928,9.580073937517257,963.5176890854733,1394.290617045015,29053.63726160583,38738.815875244225,True,1,1
876,overnight0876 25-11-06 06-50-47.fits,2025-11-06 06:50:47,2175.515454618151,1281.3793241130081,1279.9999999975864,4.501903877913793,3014.169657633932,10.601173492513963,26.176496065416455,1225.0343876307659,29045.497170505783,38745.20936324256,False,2,1
877,overnight0877 25-11-06 06-51-47.fits,2025-11-06 06:51:47,2292.0182200743293,1282.24049353126,1279.9999999992506,4.260521372701731,3014.1696576378504,10.03276113072081,20.537810959908136,1323.910710836061,29049.13370930715,38743.55741567859,False,2,1
878,overnight0878 25-11-06 06-52-47.fits,2025-11-06 06:52:47,1380.3780646045814,1283.1519527614491,5.767481031626779,5.241106749475144,13.581379942610518,12.341863231811072,1013.5201476548024,1214.7121665981774,29052.126409810095,38735.488391220686,True,2,1
879,overnight0879 25-11-06 06-53-48.fits,2025-11-06 06:53:48,2381.1102948874764,1284.0668185509371,1279.9999999981635,4.740999877044636,3014.1696576352906,11.164201543953975,23.755131534814545,1281.0849987238578,29051.133640234544,38747.71754311743,False,2,1
880,overnight0880 25-11-06 06-54-48.fits,2025-11-06 06:54:48,1381.2866325000048,1284.0157862527983,5.167020085976652,5.043554766464379,12.167402471535361,11.87666386228171,1114.8089695202702,1212.7335546084357,29063.06102291065,38750.28293644584,True,2,1
881,overnight0881 25-11-06 06-55-48.fits,2025-11-06 06:55:48,1380.7604622024865,1283.7797839268108,5.432163906285338,4.512690813964827,12.791768454414338,10.626574785751405,1052.1486229220714,1268.9975269319064,29056.633401181483,38742.16331190564,True,2,1
882,overnight0882 25-11-06 06-56-48.fits,2025-11-06 06:56:48,1380.6403485954756,1283.5210206738939,5.028794413162528,4.404700052437321,11.84190588645477,10.372275975828277,1133.9717096603167,1270.934141618443,29056.862470944605,38742.619627666,True,1,1
883,overnight0883 25-11-06 06-57-48.fits,2025-11-06 06:57:48,1380.8918208886967,1283.99769630105,6.022321925678073,4.96202105729162,14.181484388216113,11.684666649575972,986.9470015944527,1226.1108959608318,29052.66340701856,38736.70140803621,True,2,1
884,overnight0884 25-11-06 06-58-47.fits,2025-11-06 06:58:47,1381.8450142810723,1284.142508167166,6.3905043078511445,4.929340237352964,15.048487641984508,11.607709199696377,954.4182133924779,1274.953748376323,29058.314663462752,38744.17741737267,True,2,1
885,overnight0885 25-11-06 06-59-47.fits,2025-11-06 06:59:47,2227.5756976044513,1285.2129431565425,1279.999999992693,5.288762974274621,3014.169657622408,12.454085065239381,18.553460977179185,1134.0952553887125,29048.957672354893,38741.519969459514,False,2,1
886,overnight0886 25-11-06 07-00-47.fits,2025-11-06 07:00:47,1978.8275401792012,1285.0439609697742,1279.9999999727431,4.206299807711761,3014.16965757543,9.905079102609482,28.746462849239055,1386.2802727350563,29042.416735102215,38745.10238211816,False,2,1
887,overnight0887 25-11-06 07-01-48.fits,2025-11-06 07:01:48,1859.9019530016915,1285.9966666088505,1279.9999999997428,4.74872408070261,3014.1696576390095,11.182390653559674,31.042909846438338,1340.1203882067014,29039.1295006892,38743.451647717084,False,2,1
888,overnight0888 25-11-06 07-02-48.fits,2025-11-06 07:02:48,2304.281188667572,1285.632597686881,1279.9999993701642,4.861855109663037,3014.1696561564654,11.448793868270664,20.637448300629618,1197.464853659732,29049.782073510327,38744.17326001798,False,2,1
889,overnight0889 25-11-06 07-03-47.fits,2025-11-06 07:03:47,2340.9369992230604,1286.223232515481,1279.9999669716892,4.878501927209283,3014.169579863887,11.487994127914536,22.540164272546267,1171.8101915725715,29045.61106639313,38740.136152381456,False,1,1
890,overnight0890 25-11-06 07-04-47.fits,2025-11-06 07:04:47,2559.9999998104745,1285.5430418039914,127.41679676794048,4.072227190124271,300.04362710278093,9.589362215224691,43.34874020534229,1395.5012279702817,29065.383269827453,38750.01944672767,True,2,1
891,overnight0891 25-11-06 07-05-47.fits,2025-11-06 07:05:47,2299.862076232485,1286.2024039590513,1279.9999999809909,4.614408036907201,3014.169657594852,10.86610054126099,19.581448444308116,1232.2365181701425,29052.856524252304,38747.5266698491,False,1,1
892,overnight0892 25-11-06 07-06-48.fits,2025-11-06 07:06:48,2559.999963546824,1287.2285698750734,1279.9999998293508,4.41098890971863,3014.169657237767,10.387085103014643,18.478543620981213,1265.6196487738387,29053.683493528293,38745.689276614656,False,2,1
893,overnight0893 25-11-06 07-07-48.fits,2025-11-06 07:07:48,2257.7793770627904,1288.0609939485073,1279.9999962576562,4.373953900847869,3014.169648827069,10.299874321757876,24.674146547277882,1334.3085356442425,29048.271247576187,38746.26552392641,False,2,1
894,overnight0894 25-11-06 07-08-48.fits,2025-11-06 07:08:48,1384.0742606853075,1286.770417535167,5.928889092221895,4.842771128944342,13.961466879129468,11.403854527935298,1040.8654129138954,1270.6174885374305,29060.470373728756,38747.31715616806,True,2,1
895,overnight0895 25-11-06 07-09-48.fits,2025-11-06 07:09:48,1384.5247770185022,1286.210647261951,6.6427390514824545,4.596948225147834,15.64245507234076,10.824985826547564,940.4403401098175,1326.67815835713,29060.312048055308,38747.276510047945,True,2,1
896,overnight0896 25-11-06 07-10-48.fits,2025-11-06 07:10:48,1384.4582346123887,1286.5109894244777,5.946539390570088,3.722688299480439,14.003030155480568,8.766261029018715,994.0543778061069,1437.4784479885018,29057.659320394312,38744.2767290132,True,2,1
897,overnight0897 25-11-06 07-11-47.fits,2025-11-06 07:11:47,1384.7187571850768,1286.9737500931137,5.637195176494349,4.364708903591763,13.274580199360674,10.27810401690294,1058.7476986760196,1301.7285410697982,29058.199422444068,38744.64019528153,True,1,1
898,overnight0898 25-11-06 07-12-47.fits,2025-11-06 07:12:47,2273.0450375490345,1286.8683958080069,1279.9999999947263,4.395554855752265,3014.1696576271966,10.350740683358557,22.86252647776642,1439.9132009575058,29049.268575980208,38745.13437736743,False,2,1
899,overnight0899 25-11-06 07-13-48.fits,2025-11-06 07:13:48,2281.9787750841365,1287.6547223672274,1279.9999999423467,4.676319185891735,3014.169657503852,11.011890155900668,19.416381662787572,1297.2928376590703,29054.335233634712,38748.99187537044,False,2,1
900,overnight0900 25-11-06 07-14-48.fits,2025-11-06 07:14:48,2203.056148347737,1286.3334510303791,1279.9999998540509,4.846465094701541,3014.1696572959313,11.412553152546007,22.842479295236465,1174.6851006180605,29051.91819710358,38750.105515044364,False,2,1
901,overnight0901 25-11-06 07-15-48.fits,2025-11-06 07:15:48,1386.5298706967685,1285.8942265208707,6.481633463854493,4.729805024466387,15.263080405227946,11.137839680701548,956.0521385885871,1254.5622149771593,29056.046084836038,38741.73806360983,True,2,1
902,overnight0902 25-11-06 07-16-48.fits,2025-11-06 07:16:48,2559.99999972993,1286.4282502818664,1279.9999916498862,4.382099352939447,3014.1696379766,10.319055395618962,22.589597102534984,1309.247541347237,29045.009170468187,38737.19939575999,False,1,1
903,overnight0903 25-11-06 07-17-47.fits,2025-11-06 07:17:47,2060.0278536417695,1287.318107340483,1279.9999983312778,4.771776952525962,3014.1696537100747,11.236676018224832,34.10000802473063,1298.1875110831634,29039.704908206757,38745.60067029308,False,2,1
904,overnight0904 25-11-06 07-18-47.fits,2025-11-06 07:18:47,2103.1461373668553,1285.1836043967855,1279.999999882897,4.232557031009687,3014.1696573638587,9.966910138358292,23.809343557362965,1367.8935002669702,29043.706604567273,38740.82364906142,False,2,1
905,overnight0905 25-11-06 07-19-48.fits,2025-11-06 07:19:48,2025.4373593558053,1286.0994680707497,1279.9999997188172,5.090752627074061,3014.1696569774804,11.987806330527965,28.087786861525142,1300.8512361688674,29042.01914403139,38742.443919705045,False,2,1
906,overnight0906 25-11-06 07-20-48.fits,2025-11-06 07:20:48,2559.999862203381,1286.1032146636974,1279.9999955752223,4.435092920027024,3014.16964722006,10.443845709654482,21.1638195450898,1355.4717025502275,29054.04299859648,38747.749503008454,False,2,1
907,overnight0907 25-11-06 07-21-48.fits,2025-11-06 07:21:48,2172.727454052028,1285.8076650100936,1279.9999999896154,4.386529402635488,3014.169657615161,10.329487365443683,22.40740516664686,1291.7389611253955,29046.60010835838,38742.89469540693,False,2,1
908,overnight0908 25-11-06 07-22-48.fits,2025-11-06 07:22:48,1386.182844234463,1286.9366889892847,5.647484076646597,3.7941927222942877,13.298808707680509,8.934641077169134,1015.4729553579663,1486.0357393040817,29061.412820059046,38748.67649102135,True,2,1
909,overnight0909 25-11-06 07-23-47.fits,2025-11-06 07:23:47,2559.999999509214,1286.1646106742974,1279.9999908193038,4.568424682742148,3014.1696360207275,10.757818017135365,22.220561905160334,1314.636677644677,29045.21421910213,38736.82794018125,False,2,1
910,overnight0910 25-11-06 07-24-47.fits,2025-11-06 07:24:47,2159.788861654442,1286.8211574697166,1279.9999987366073,4.110405632225496,3014.1696546645526,9.67926557597271,22.32435298648835,1498.8637384837675,29047.176419886906,38743.04521807232,False,1,1
911,overnight0911 25-11-06 07-25-47.fits,2025-11-06 07:25:47,2559.9999562280473,1286.9755286007648,1279.9999045763645,3.900697252560412,3014.169432934126,9.18544007992641,16.534482943262642,1394.4769558841067,29054.2807576932,38745.12258583076,False,2,1
912,overnight0912 25-11-06 07-26-47.fits,2025-11-06 07:26:47,2151.9842939183904,1285.8516864501917,1279.9999908769466,4.982614337125736,3014.1696361564664,11.73316011772228,29.229860088185326,1164.7729049506506,29039.662463487144,38740.23411280169,False,2,1
913,overnight0913 25-11-06 07-27-47.fits,2025-11-06 07:27:47,1974.7579684989043,1286.201996338541,1279.9999559206456,4.789160722430811,3014.169553840668,11.277611668054977,38.03835734762498,1306.5580355165619,29028.543595561332,38735.629809196755,False,1,1
914,overnight0914 25-11-06 07-28-48.fits,2025-11-06 07:28:48,2084.1043485684313,1287.0318416579341,1279.9999999725364,3.9586951350222463,3014.1696575749434,9.322014656116886,28.982263829629375,1471.3933266520996,29043.456312328777,38745.73041542041,False,2,1
915,overnight0915 25-11-06 07-29-48.fits,2025-11-06 07:29:48,2175.4128845067025,1287.0669278042456,1279.9999987429455,4.086225630824561,3014.1696546794783,9.622326023984913,23.5299667247594,1348.6205700687453,29046.03690420463,38743.39976731153,False,2,1
916,overnight0916 25-11-06 07-30-48.fits,2025-11-06 07:30:48,2462.6520597051926,1286.8631906592725,1279.99999999986,5.0156892883121795,3014.169657639285,11.811045675764536,22.59005334554833,1147.0998811296722,29047.15064235919,38741.01100142747,False,2,1
917,overnight0917 25-11-06 07-31-47.fits,2025-11-06 07:31:47,2365.0448926767353,1287.4112374747456,1279.999999999972,4.927996493972863,3014.1696576395493,11.604544925849538,20.587066856857188,1171.6810589674155,29050.007679009912,38743.9727227386,False,2,1
918,overnight0918 25-11-06 07-32-47.fits,2025-11-06 07:32:47,2056.4109221123176,1288.150209236749,1279.9999999889787,4.274497030165211,3014.169657613662,10.0656712890583,27.326633426501157,1320.5926555679175,29038.882011673842,38738.48510977751,False,1,1
919,overnight0919 25-11-06 07-33-47.fits,2025-11-06 07:33:47,2256.238865437696,1289.2947946702304,1279.9999990900342,4.712622505231018,3014.1696554968094,11.097377939981971,18.901086075568976,1280.8447168861737,29049.03788749709,38741.6904409666,False,2,1
920,overnight0920 25-11-06 07-34-48.fits,2025-11-06 07:34:48,1387.2371723566898,1289.0180332494242,6.1890930944876175,4.2583581173075835,14.57420047946207,10.027667053556153,1020.1201716964507,1405.1439906347946,29055.503165947594,38741.101730811315,True,2,1
921,overnight0921 25-11-06 07-35-48.fits,2025-11-06 07:35:48,2345.21341529623,1289.7078636884996,1279.9999999932668,5.136948431139874,3014.1696576237596,12.096589135938464,20.396208806545527,1175.6078906752414,29049.226196091404,38742.585613922056,False,2,1
922,overnight0922 25-11-06 07-36-48.fits,2025-11-06 07:36:48,2059.90520400361,1290.3840886320925,1279.9999997895468,4.365223193093995,3014.1696571440357,10.279315076131747,27.220860108772094,1277.530038298404,29046.96452067679,38749.212644092804,False,2,1
923,overnight0923 25-11-06 07-37-47.fits,2025-11-06 07:37:47,2559.9999999999764,1289.9651684833086,119.4299315119866,4.625847133006571,281.23599670109945,10.893037554052823,44.50281318155023,1216.142592033748,29062.423408399925,38746.0111911635,True,1,1
924,overnight0924 25-11-06 07-38-47.fits,2025-11-06 07:38:47,2186.446928436768,1290.1283060531575,1279.9999993272666,4.3656335845403484,3014.1696560554487,10.280281474135927,24.783287826191014,1365.0927755649286,29046.022878994714,38743.89310500433,False,2,1
925,overnight0925 25-11-06 07-39-47.fits,2025-11-06 07:39:47,2136.6311278213702,1290.5155252011252,1279.99999687213,4.9785173314275815,3014.169650274044,11.723512406579658,25.29685950250815,1227.9188092009929,29039.060893943497,38735.367417812944,False,2,1
926,overnight0926 25-11-06 07-40-48.fits,2025-11-06 07:40:48,2188.2805532762004,1289.5957453433246,1279.999995560251,4.62859328059805,3014.169647184805,10.89950423744785,27.503034552127346,1210.49780713768,29041.451786864312,38740.83937882976,False,2,1
927,overnight0927 25-11-06 07-41-48.fits,2025-11-06 07:41:48,1388.5568414359864,1290.4476153295436,5.046906379222304,4.54991128691268,11.884556307187252,10.714222301534543,1173.0890408567557,1302.5921427968299,29056.91428948468,38742.544281024144,True,1,1
928,overnight0928 25-11-06 07-42-48.fits,2025-11-06 07:42:48,2202.569062025245,1290.6382565946917,1279.9999972365324,4.275176031473187,3014.169651132146,10.067270214948925,22.947416905197027,1346.827284172716,29047.399000605677,38744.0989716141,False,2,1
929,overnight0929 25-11-06 07-43-47.fits,2025-11-06 07:43:47,2559.999949533328,1289.2800895378484,1279.9999996205033,4.852642806188769,3014.169656745969,11.42710055138855,24.258171175466817,1313.1766968136376,29052.91726362656,38748.24469713321,False,2,1
930,overnight0930 25-11-06 07-44-47.fits,2025-11-06 07:44:47,2245.2249530678314,1290.2934844630395,1279.999999892619,4.15135106438017,3014.169657386752,9.77568470036299,20.974890077124165,1343.8433066762752,29049.40272554446,38744.787556775664,False,2,1
931,overnight0931 25-11-06 07-45-47.fits,2025-11-06 07:45:47,2014.2073590909372,1290.3164422352002,1279.9999998628216,4.482832553286802,3014.1696573165846,10.556263954997034,26.236619484684677,1303.7328383596277,29046.688137836976,38747.90949039388,False,2,1
932,overnight0932 25-11-06 07-46-48.fits,2025-11-06 07:46:48,2148.4545917654973,1292.1243301976922,1279.999999610789,4.222932291388027,3014.1696567230933,9.944245608569004,22.9084574414513,1366.956379883385,29035.825223194217,38729.07621207871,False,2,1
933,overnight0933 25-11-06 07-47-48.fits,2025-11-06 07:47:48,2559.999999977785,1291.629417289814,128.01987332395532,4.465528077306257,301.4637638655729,10.51551502808929,43.536063372971164,1316.5928208807152,29092.46970511573,38785.910846334606,True,2,1
934,overnight0934 25-11-06 07-48-48.fits,2025-11-06 07:48:48,2559.999942457283,1284.7830645688407,1279.9999996558345,4.351474118381681,3014.1696568291673,10.24693847939856,26.192384716598593,1492.844704436454,29084.996980047825,38792.39830960936,False,1,1
935,overnight0935 25-11-06 07-49-48.fits,2025-11-06 07:49:48,2552.6552730428502,1289.8254911391284,1279.999999992202,3.8432651936062223,3014.169657621252,9.050197916273685,22.64310324875398,1549.3342667084712,29085.081594366085,38790.46316444334,False,1,1
936,overnight0936 25-11-06 07-50-47.fits,2025-11-06 07:50:47,2196.819745089352,1286.6977825360364,1279.9999999675276,5.549845997118667,3014.1696575631486,13.068888600849814,27.199968897817385,1083.1169881963042,29077.70104365967,38788.26162772185,False,1,1
937,overnight0937 25-11-06 07-51-47.fits,2025-11-06 07:51:47,2326.680919378778,1287.8456336236927,1279.9999999974782,4.980015556500096,3014.1696576336767,11.727040457012384,28.390117667521,1150.3544278537781,29078.40297532089,38789.231807634475,False,2,1
938,overnight0938 25-11-06 07-52-48.fits,2025-11-06 07:52:48,2366.5304514202835,1289.7322997420254,1279.9999999223605,4.80507377003937,3014.169657456788,11.315084031541144,19.499140600379338,1205.589987061571,29087.06146753644,38792.38084928244,False,1,1
939,overnight0939 25-11-06 07-53-48.fits,2025-11-06 07:53:48,2215.2382255488496,1287.5562240375964,1279.9999977152722,4.661652200947376,3014.1696522594925,10.977352045753525,31.273951711933243,1440.7466414203777,29072.88298400931,38784.56657988698,False,2,1
940,overnight0940 25-11-06 07-54-48.fits,2025-11-06 07:54:48,1981.5002286917777,1287.0703659881635,1279.9999999789668,4.367264737939813,3014.1696575900855,10.284122546857507,27.922795703106463,1430.0813303943382,29075.379360870316,38787.643095493135,False,2,1
941,overnight0941 25-11-06 07-55-48.fits,2025-11-06 07:55:48,1928.1129141677388,1287.2054883595313,1279.9999997755403,4.201308106250306,3014.169657111053,9.89332454394924,34.24770956448567,1347.094346175917,29072.753642837783,38791.946141094515,False,1,1
942,overnight0942 25-11-06 07-56-47.fits,2025-11-06 07:56:47,1893.228420228986,1288.028581278629,1279.9999999954443,5.224995757659652,3014.1696576288873,12.303924745338621,34.85660963879754,1199.883923457403,29070.26892761611,38788.82029882628,False,2,1
943,overnight0943 25-11-06 07-57-47.fits,2025-11-06 07:57:47,2373.6253375249244,1288.7178420188702,1279.999999993771,4.17627969357395,3014.1696576249474,9.834387136083649,27.98173544142481,1505.0827605022166,29081.404229638778,38791.59126071797,False,2,1
944,overnight0944 25-11-06 07-58-48.fits,2025-11-06 07:58:48,2058.004259969473,1286.515623912561,1279.999999994165,5.011469993755373,3014.1696576258746,11.801109996366279,29.32721347598598,1269.0919319256504,29078.615092626434,38792.51500191383,False,2,1
945,overnight0945 25-11-06 07-59-48.fits,2025-11-06 07:59:48,2126.4967667767196,1285.6833715545642,1279.9999996575732,3.9776735700859973,3014.169656833262,9.366705455428326,26.557864998033814,1520.4950369261505,29082.084023907355,38794.14053627144,False,2,1
946,overnight0946 25-11-06 08-00-47.fits,2025-11-06 08:00:47,2559.9999935073783,1284.906357980057,1279.9999999999927,5.180005362336203,3014.169657639598,12.197980460597098,26.138619223880745,1183.0452184704475,29081.469755977872,38788.132775632985,False,2,1
947,overnight0947 25-11-06 08-01-47.fits,2025-11-06 08:01:47,2078.365858572276,1283.1755654214821,1279.9999997837317,4.213473059941079,3014.1696571303423,9.921970820747145,26.482826367842367,1193.7061204737147,29079.961912782514,38793.017989914195,False,1,1
948,overnight0948 25-11-06 08-02-48.fits,2025-11-06 08:02:48,2109.579820532052,1288.1863827970856,1279.9999992921619,4.92650100171692,3014.169655972784,11.601023310708054,27.26721029131695,1276.7442064248976,29076.33174024327,38787.012815044145,False,1,1
949,overnight0949 25-11-06 08-03-48.fits,2025-11-06 08:03:48,2236.321911672252,1285.1259289704012,1279.999999975498,5.611898007539801,3014.1696575819174,13.215009918823968,27.6684086368911,1030.9319127962085,29077.892464171167,38788.83434391184,False,2,1
950,overnight0950 25-11-06 08-04-48.fits,2025-11-06 08:04:48,2559.9999999896386,1287.882793847077,1279.9999986030357,6.610306557543062,3014.1696543500157,15.566082385501932,22.421257046586987,906.4958521349262,29081.515302372685,38785.40715787355,False,2,1
951,overnight0951 25-11-06 08-05-47.fits,2025-11-06 08:05:47,2163.296817506597,1286.9492366490995,1279.9999996393574,6.830105180791455,3014.169656790367,16.083668589397455,29.70567948957118,927.1107022080569,29071.285695760704,38782.04394214252,False,2,1
952,overnight0952 25-11-06 08-06-47.fits,2025-11-06 08:06:47,2559.9999999999936,1286.6645705006545,128.6200880053322,8.063000443107839,302.877161428601,18.986915066523768,52.249760567846124,820.4378662727975,29096.655621433027,38791.27769553279,True,2,7
953,overnight0953 25-11-06 08-07-47.fits,2025-11-06 08:07:47,1420.0180545699545,1284.3088635782258,6.774380262527508,6.061205546034171,15.9524464348618,14.273048316854027,871.1522924675236,909.5955736269694,29090.08831671388,38787.29132410909,True,2,1
954,overnight0954 25-11-06 08-08-48.fits,2025-11-06 08:08:48,2059.548606141233,1284.5061746376505,1279.9999999927602,6.584723027931912,3014.169657622567,15.505837777150955,33.73948661804599,994.7986619138371,29070.94524827633,38786.43510281365,False,2,1
955,overnight0955 25-11-06 08-09-48.fits,2025-11-06 08:09:48,2334.27847696871,1286.5181360716215,1279.999998940299,6.466840829802608,3014.16965514421,15.22824641404376,24.544163551827012,1009.2633902606773,29082.39372676979,38789.97858055485,False,2,1
956,overnight0956 25-11-06 08-10-48.fits,2025-11-06 08:10:48,2559.9977309516776,1286.3740829895205,1279.9999999999998,7.419931608186091,3014.169657639615,17.472603683715334,24.257101291581467,874.4310665576719,29081.59601019311,38786.3309621967,False,2,2
957,overnight0957 25-11-06 08-11-48.fits,2025-11-06 08:11:48,2043.4264068901753,1286.538387663712,1279.9999997236707,6.798883456905641,3014.1696569889095,16.010147048150717,34.78454021107378,867.2584791388615,29067.174577115544,38783.495283205484,False,2,1
958,overnight0958 25-11-06 08-12-48.fits,2025-11-06 08:12:48,2250.567804636184,1288.0847005769292,1279.9999999331415,8.500946199635981,3014.1696574821754,20.01819851263248,21.926537504188417,714.4712271265226,29077.93906950977,38783.029967528164,False,2,9
959,overnight0959 25-11-06 08-13-47.fits,2025-11-06 08:13:47,2559.9999246861817,1285.2287459933082,1279.999999998967,6.84385912133752,3014.169657637183,16.11605664429349,28.10170981457237,830.9057673621006,29079.205250984873,38787.25510550596,False,2,6
960,overnight0960 25-11-06 08-14-48.fits,2025-11-06 08:14:48,2426.4002102432814,1287.12283192613,1279.9999999998847,8.301800489965178,3014.1696576393438,19.549246203617756,24.41762458495885,740.7643848346163,29085.296642557805,38793.27606393488,False,2,9
961,overnight0961 25-11-06 08-15-48.fits,2025-11-06 08:15:48,2158.0581229807754,1288.1974335338698,1279.9999998586713,6.981737969552529,3014.1696573068116,16.440736519855975,24.89018044206638,857.2241792097407,29078.710196014927,38787.809397823235,False,2,10
962,overnight0962 25-11-06 08-16-48.fits,2025-11-06 08:16:48,2559.9999825416626,1292.6935941807342,1279.9999857736627,8.180477674814274,3014.169624139151,19.263552806580822,18.451810648220878,790.7650237845128,29084.889713435816,38786.11928835043,False,2,12
963,overnight0963 25-11-06 08-17-48.fits,2025-11-06 08:17:48,2357.650064779252,1294.0617342063094,1279.9999995498172,6.627568111469569,3014.1696565795155,15.606730238696453,24.823455320436214,898.108006334138,29080.32768649899,38787.98222221615,False,2,3
964,overnight0964 25-11-06 08-18-47.fits,2025-11-06 08:18:47,2124.1857700464143,1294.7845267894272,1279.9999991595603,8.308332105214081,3014.1696556605307,19.564626982132303,24.73570995402111,777.0625595007318,29077.65922540035,38785.94998576401,False,1,5
965,overnight0965 25-11-06 08-19-47.fits,2025-11-06 08:19:47,2077.899620663981,1295.1351976285546,1279.9999999976712,5.383419250010059,3014.1696576341315,12.676983560729166,32.05802136001164,1001.2135544905271,29074.107560716162,38790.28405886987,False,2,1
966,overnight0966 25-11-06 08-20-48.fits,2025-11-06 08:20:48,2545.6664866043893,1292.3018423115313,1279.9999999999998,9.741715081830394,3014.169657639615,22.939985947674526,21.976413513794355,670.50124313055,29089.594231201732,38795.261523429,False,3,7
967,overnight0967 25-11-06 08-21-48.fits,2025-11-06 08:21:48,2049.360425410185,1293.609185681713,1279.9999995496657,6.92421976886554,3014.169656579159,16.305291507924142,29.734955044838337,910.2821097659537,29078.499552289635,38792.930072095245,False,2,6
968,overnight0968 25-11-06 08-22-48.fits,2025-11-06 08:22:48,2389.971167497747,1370.274613812369,1279.9999999999532,5.882434345171007,3014.1696576395047,13.852074309587195,25.84465572803647,1046.7205243447413,29078.957644444778,38786.43959689106,False,1,1
969,overnight0969 25-11-06 08-23-48.fits,2025-11-06 08:23:48,2030.6877853853719,1394.3820939028617,1279.9999996956988,6.982663623490569,3014.1696569230403,16.442916268304035,31.88004715436464,865.8096510401457,29070.422458257362,38784.84676239136,False,1,7
970,overnight0970 25-11-06 08-24-47.fits,2025-11-06 08:24:47,2559.9998193461006,1392.5902917987933,1279.9999869239964,5.46532045431622,3014.1696268479795,12.86984615834149,23.199081913645255,1063.716436768821,29083.42557218369,38788.80759799647,False,2,1
971,overnight0971 25-11-06 08-25-47.fits,2025-11-06 08:25:47,2362.688890573569,1394.8972143614826,1279.9999939484167,5.88632091946083,3014.1696433892253,13.86122649263137,30.515952697935706,916.1408852089331,29076.285082213908,38788.29922260707,False,2,3
972,overnight0972 25-11-06 08-26-47.fits,2025-11-06 08:26:47,2328.0087306229216,1398.2856870460128,1279.9999999188647,7.505757454499454,3014.169657448556,17.674708106995787,28.90918894153136,939.862548345178,29079.54868254637,38789.479318110374,False,2,1
973,overnight0973 25-11-06 08-27-48.fits,2025-11-06 08:27:48,2334.7604410781705,1400.114263214449,1279.9999999325926,7.110508166191938,3014.169657480883,16.743967160105033,24.684553395025112,920.0044564906075,29084.036356802826,38792.26999571296,False,2,4
974,overnight0974 25-11-06 08-28-48.fits,2025-11-06 08:28:48,2190.313242055547,1400.0205990759816,1279.9999976730996,6.618242271931611,3014.1696521601834,15.584769564815728,29.05577805354579,965.1205156362996,29077.75411322741,38789.676124491576,False,2,1
975,overnight0975 25-11-06 08-29-48.fits,2025-11-06 08:29:48,2321.8358841592735,1396.8533499040473,1279.9999994615107,6.249893435068088,3014.1696563715695,14.717374340205671,25.991518692345892,988.8894497256535,29078.97992857367,38787.30828126624,False,2,1
976,overnight0976 25-11-06 08-30-48.fits,2025-11-06 08:30:48,2285.2137279371277,1397.7227470775242,1279.99999966799,7.300165909773651,3014.169656857792,17.19057701638659,19.384268971901115,903.1625439742164,29087.209462223254,38792.081878736906,False,2,2
977,overnight0977 25-11-06 08-31-48.fits,2025-11-06 08:31:48,2058.7677708941396,1395.6863666378315,1279.9999983356984,5.009632855815625,3014.1696537204843,11.796783867120274,32.12693950091227,1087.3115323556178,29071.749757812064,38787.34495653331,False,2,1
978,overnight0978 25-11-06 08-32-48.fits,2025-11-06 08:32:48,1981.8211305630796,1394.8053415509944,1279.9998413949243,3.9434894995212684,3014.1692841532035,9.28620812084175,33.077396143531764,1147.9551292822691,29072.18087495726,38790.90292787735,False,2,1
979,overnight0979 25-11-06 08-33-47.fits,2025-11-06 08:33:47,2193.9645469358147,1394.455040959904,1279.9999998735664,6.894786229857742,3014.1696573418867,16.235980820272378,30.275655221550366,893.1138739540328,29076.366857382243,38789.24615159011,False,2,1
980,overnight0980 25-11-06 08-34-47.fits,2025-11-06 08:34:47,2559.9999985557247,1392.9896778878888,1279.999999423074,6.51073227191495,3014.1696562810585,15.331602861735218,24.751588358052924,858.0977870426698,29081.443306396268,38787.69836268093,False,2,3
981,overnight0981 25-11-06 08-35-47.fits,2025-11-06 08:35:47,2275.1153831982037,383.659465511472,1279.9999993487916,18.110954496230228,3014.1696561061362,42.64803868236634,28.478432584231186,78.40636534933498,29076.094238998714,38792.455032289494,False,2,2
982,overnight0982 25-11-06 08-36-48.fits,2025-11-06 08:36:48,2203.6915344750946,1392.6265872273048,1279.9999999256916,5.202942588924179,3014.169657464632,12.251993501543879,28.91071780281361,1203.6759479078084,29077.76905745289,38789.573357905414,False,2,1
983,overnight0983 25-11-06 08-37-48.fits,2025-11-06 08:37:48,2244.2103579283507,1390.2161414232799,1279.9999999880413,6.7330166172249735,3014.1696576114546,15.855042493767842,28.262352232074676,886.1060587393318,29081.95689505887,38794.485436076866,False,1,1
984,overnight0984 25-11-06 08-38-48.fits,2025-11-06 08:38:48,2374.3309147054924,1387.6657395348118,1279.9999999935972,6.153512528897945,3014.1696576245376,14.49041465039797,25.250871236164095,949.766657051731,29080.82629229037,38788.98919742967,False,2,1
985,overnight0985 25-11-06 08-39-48.fits,2025-11-06 08:39:48,2199.9378831173867,1392.4336098382557,1279.9999945258464,5.748416214547623,3014.1696447489685,13.536485729197674,35.40630625504151,1113.9163987875727,29069.32007089076,38784.32938528137,False,1,5
986,overnight0986 25-11-06 08-40-47.fits,2025-11-06 08:40:47,2559.9999798656117,1385.8436744370083,1279.9999999999998,3.8048083112589546,3014.169657639615,8.959638878852942,25.995448146057875,1511.3617466325866,29085.776071724824,38794.253531296934,False,2,1
987,overnight0987 25-11-06 08-41-47.fits,2025-11-06 08:41:47,2094.2014396446343,1387.2611515726653,1279.999999695581,4.3756492000805505,3014.1696569227634,10.30386644637332,33.13249772517328,1239.970845529518,29073.02089371786,38789.66762672327,False,1,2
988,overnight0988 25-11-06 08-42-47.fits,2025-11-06 08:42:47,2184.3701539225553,1381.9225014160083,1279.9999999731099,4.276352517861196,3014.169657576294,10.070040628678115,26.803281986319003,1329.7295212653785,29077.94736359046,38788.76371275227,False,1,1
989,overnight0989 25-11-06 08-43-48.fits,2025-11-06 08:43:48,2559.9999902983427,1389.104280612177,1279.999999999136,5.155362606338474,3014.1696576375807,12.139951204808836,27.25439622164854,1246.3523887720876,29074.1853615604,38778.921830366766,False,1,1
990,overnight0990 25-11-06 08-44-48.fits,2025-11-06 08:44:48,2559.99999928725,1394.2847925098442,1279.9999994172024,7.170592931886461,3014.169656267232,16.885455970763484,27.38816891517943,887.5177099215691,29082.68818140511,38790.4457015071,False,2,2
991,overnight0991 25-11-06 08-45-48.fits,2025-11-06 08:45:48,2090.2089547925552,1396.071531208992,1279.9999999764732,3.802351861354979,3014.169657584214,8.953854381379447,34.437268563414634,1396.804460946075,29073.465147463325,38791.74632349212,False,2,1
992,overnight0992 25-11-06 08-46-47.fits,2025-11-06 08:46:47,2514.2864086205946,1393.105833215565,1279.9999999999866,5.448305030427899,3014.1696576395834,12.829777897094573,21.17810453839689,1185.3475380860914,29083.04100174325,38786.27544600079,False,2,1
993,overnight0993 25-11-06 08-47-47.fits,2025-11-06 08:47:47,2454.6255084537793,1392.7323823816141,1279.9999985777733,5.146848234304205,3014.1696542905274,12.11990139087169,28.76776530656737,1130.645137327968,29082.1722324478,38792.914208863855,False,1,2
994,overnight0994 25-11-06 08-48-47.fits,2025-11-06 08:48:47,1432.615340622488,1391.9637789464641,6.312843280861485,4.009766935485204,14.865609898911568,9.44227955558288,1022.269242440531,1318.0160257571526,29089.652602001286,38787.72897251228,True,2,1
995,overnight0995 25-11-06 08-49-48.fits,2025-11-06 08:49:48,2017.6904831656009,1385.9510115023086,1279.99999996616,5.382557236588048,3014.169657559928,12.67495367424393,45.30078465506189,1265.3088137060586,29059.995020542126,38783.683523266984,False,1,1
996,overnight0996 25-11-06 08-50-48.fits,2025-11-06 08:50:48,2559.99999139446,1385.67246145125,1279.9999999999998,4.957859237282632,3014.169657639615,11.674866312394995,27.726222369076464,1245.6770707379696,29081.86494002222,38789.863195583814,False,2,1
997,overnight0997 25-11-06 08-51-48.fits,2025-11-06 08:51:48,1427.3540300879026,1384.092319755524,5.795438139837699,5.818332821009946,13.64721390142669,13.701126755575691,1099.2866419152092,1122.1769414748796,29086.77720814504,38782.16287772402,True,2,1
998,overnight0998 25-11-06 08-52-47.fits,2025-11-06 08:52:47,1911.522188838334,1382.971275629047,1279.9999998716291,5.175448290151629,3014.1696573373247,12.18724937567021,36.06160151037482,1231.835351428201,29063.010081548684,38780.08306891749,False,1,1
999,overnight0999 25-11-06 08-53-47.fits,2025-11-06 08:53:47,2232.401605291186,1380.3041235668086,1279.999999992689,4.199043752924469,3014.169657622399,9.887992399348525,23.305579209508426,1264.5294177614348,29080.836153777593,38789.33764018676,False,2,1
1000,overnight1000 25-11-06 08-54-48.fits,2025-11-06 08:54:48,2381.490813473125,1380.6348652391216,1279.9999999757554,5.200534322306642,3014.1696575825235,12.246322467039125,18.03697633523848,1229.641024296135,29081.51551767814,38782.7972071218,False,2,1
1001,overnight1001 25-11-06 08-55-48.fits,2025-11-06 08:55:48,2559.999998743559,1381.152636594726,1279.999999712293,4.457272775425162,3014.1696569621167,10.496075277741905,26.005092009267763,1335.362787467718,29080.27108633853,38786.65799868172,False,2,1
1002,overnight1002 25-11-06 08-56-48.fits,2025-11-06 08:56:48,2064.2094616908917,1378.308642158557,1279.999999749852,5.344497877819126,3014.1696570505615,12.585330733313848,30.294754106130526,1189.4277952416726,29078.533035571258,38793.31334838588,False,2,1
1003,overnight1003 25-11-06 08-57-47.fits,2025-11-06 08:57:47,2559.999974995886,1375.8953490814495,1279.9999998681046,3.63442367446966,3014.169657329025,8.558413720776194,22.23954776373513,1513.689378120388,29084.434116058485,38789.79482496292,False,1,1
1004,overnight1004 25-11-06 08-58-47.fits,2025-11-06 08:58:47,1423.634635278221,1376.097691242446,5.810327583420635,3.921265520827782,13.682275861635148,9.233874650333986,1054.8289404492198,1386.7992526347286,29089.539500657982,38786.95465370082,True,1,1
1005,overnight1005 25-11-06 08-59-48.fits,2025-11-06 08:59:48,2249.537319954182,1376.5677725639991,1279.9999791170392,4.516102376393038,3014.1696084640002,10.63460840134223,25.938188145926645,1438.8967889503986,29079.00265008582,38787.63198700459,False,1,1
1006,overnight1006 25-11-06 09-00-48.fits,2025-11-06 09:00:48,1424.0606131289862,1377.1585834108125,4.945733300176842,4.674119945144576,11.646311912633497,11.00671133970541,1166.9946667274658,1271.3713455010302,29091.962356597436,38789.06002905203,True,2,1
1007,overnight1007 25-11-06 09-01-48.fits,2025-11-06 09:01:48,2228.6128238717934,1376.2787337332902,1279.9999998183557,4.200933052887408,3014.1696572118753,9.892441360772331,24.754541621289178,1384.3433552632857,29077.87323628624,38786.12011385763,False,1,1
1008,overnight1008 25-11-06 09-02-47.fits,2025-11-06 09:02:47,2531.24431549416,1376.2560351141517,1279.9999999999998,5.298184040939687,3014.169657639615,12.476269981867851,20.89788533589555,1091.3214859513832,29084.200157043448,38788.316468672594,False,1,1
1009,overnight1009 25-11-06 09-03-47.fits,2025-11-06 09:03:47,2375.4052639224824,1376.3260288621261,1279.9999999552526,5.296747919658866,3014.169657534243,12.472888174688679,28.276055854670258,1104.7794997846647,29072.5921870269,38780.645763916415,False,1,3
1010,overnight1010 25-11-06 09-04-48.fits,2025-11-06 09:04:48,2209.127015446592,1375.404320780492,1279.9999907258823,4.979421506523331,3014.169635800737,11.725641576219347,30.457268900438855,1235.660926036275,29076.34665876169,38789.22188824565,False,2,1
1011,overnight1011 25-11-06 09-05-48.fits,2025-11-06 09:05:48,2559.999999999994,1377.6333698004082,117.24320969701579,5.54639522114169,276.08666033829974,13.060762644408317,50.34107306101691,1118.513432536582,29092.49528102116,38785.73415945362,True,2,2
1012,overnight1012 25-11-06 09-06-48.fits,2025-11-06 09:06:48,2559.999998957102,1374.3587877549173,1279.9999995575984,3.6401695184057226,3014.169656597839,8.571944149252452,26.85350174022303,1340.6203772175586,29083.95125845582,38793.640854048506,False,2,1
1013,overnight1013 25-11-06 09-07-47.fits,2025-11-06 09:07:47,2533.1510014131204,1376.5446901812434,1279.9999999864026,4.196249787625637,3014.1696576075956,9.881413113857713,27.797877097426834,1449.814114802585,29080.888020040402,38789.073031027096,False,1,1
1014,overnight1014 25-11-06 09-08-47.fits,2025-11-06 09:08:47,2559.9999925491793,1376.5713910784934,1279.999999999872,4.622261783037947,3014.1696576393138,10.884594700078255,22.564338940420154,1284.934450778041,29086.89771165755,38792.76686147871,False,2,1
1015,overnight1015 25-11-06 09-09-47.fits,2025-11-06 09:09:47,2492.4858936067017,1376.1884859943266,1279.999999998268,3.6424670097413943,3014.1696576355366,8.577354327902977,23.920749387875066,1444.2039859033289,29079.284646676493,38785.30467119002,False,1,1
1016,overnight1016 25-11-06 09-10-47.fits,2025-11-06 09:10:47,1418.9558137977263,1375.1053255840663,5.287756376753943,3.511582986644198,12.45171470922041,8.269146006739406,1145.8727449522864,1668.829195793938,29092.019569849464,38789.61905012106,True,2,1
1017,overnight1017 25-11-06 09-11-48.fits,2025-11-06 09:11:48,2121.275364257538,1374.295433339344,1279.9999886130406,3.570754825239015,3014.169630825375,8.408485038363816,32.156419617438026,1606.6526784229989,29070.668813345572,38784.85185764856,False,2,1
1018,overnight1018 25-11-06 09-12-48.fits,2025-11-06 09:12:48,2046.5614739311957,1373.2100061296517,1279.9999990336255,4.405091596196517,3014.169655363977,10.373197990920938,25.666910420013544,1460.4364429347165,29077.690266586706,38787.624462033134,False,2,1
1019,overnight1019 25-11-06 09-13-48.fits,2025-11-06 09:13:48,1991.0943675651047,1372.7935763696405,1279.9999999951124,3.8050412529268036,3014.1696576281056,8.960187414561716,26.94058043295087,1360.7029253586984,29073.039344974644,38784.8290911248,False,1,1
1020,overnight1020 25-11-06 09-14-48.fits,2025-11-06 09:14:48,2531.039663750617,1370.5932395065677,1279.9999999999998,5.128228852745171,3014.169657639615,12.076056097950397,21.54680029310672,1204.0594563231646,29083.867254288485,38787.88767776448,False,1,1
1021,overnight1021 25-11-06 09-15-47.fits,2025-11-06 09:15:47,2424.78907526696,1372.5080695801964,1279.9999998312082,4.502291792539045,3014.169657242141,10.602086961649267,26.158881325017397,1249.9882924292644,29071.208843679487,38776.682899570864,False,1,2
1022,overnight1022 25-11-06 09-16-47.fits,2025-11-06 09:16:47,2559.9999989117264,1372.1958057917263,1279.9999102526904,3.4878254232525645,3014.1694463008516,8.213201220243693,25.2714229917203,1555.0779200531051,29080.791832978666,38787.457004441116,False,2,1
1023,overnight1023 25-11-06 09-17-47.fits,2025-11-06 09:17:47,2347.6740846803796,1371.6484052079734,1279.9999999689026,3.8570015216984035,3014.1696575663864,9.082544497010275,24.97070521052808,1529.2542933186528,29079.767424961945,38787.54013740472,False,1,1
1024,overnight1024 25-11-06 09-18-48.fits,2025-11-06 09:18:48,2225.32786725465,1372.2858382383895,1279.9999976753643,3.748070228104426,3014.1696521655163,8.826030903324025,20.43712791503237,1525.673077781699,29082.68953039895,38788.64597538254,False,1,1
1025,overnight1025 25-11-06 09-19-48.fits,2025-11-06 09:19:48,2229.3988905796637,1372.2457109101526,1279.9999971075376,3.957758929505111,3014.1696508283867,9.319810060598869,24.329682051689026,1580.1570693682006,29079.777257131802,38787.680648763824,False,1,1
1026,overnight1026 25-11-06 09-20-48.fits,2025-11-06 09:20:48,1420.0857370481403,1372.4092316820786,5.609603018345114,3.5921750512262673,13.20960563226519,8.458925815887692,1122.0861443748865,1591.1008366530116,29096.54497423084,38796.14913238055,True,2,1
1027,overnight1027 25-11-06 09-21-48.fits,2025-11-06 09:21:48,2331.883154779325,1373.0350273777515,1279.9999996497766,3.3286250190867226,3014.169656814902,7.838312917336941,24.828590252981005,1728.007860481829,29054.209668157368,38753.690702796375,False,1,1
1028,overnight1028 25-11-06 09-22-47.fits,2025-11-06 09:22:47,2315.8461499653426,1374.2701878497146,1279.9999609219403,3.5294622419398256,3014.1695656178167,8.311248435499776,19.53685553599813,1731.7578490857134,29052.715016446793,38746.6135687384,False,1,1
1029,overnight1029 25-11-06 09-23-47.fits,2025-11-06 09:23:47,1419.4672006124836,1375.4031237730462,4.906358000765014,4.234104599718258,11.553590168299428,9.970554384174298,1189.3594003223668,1462.9963631486887,29061.169438936042,38747.75715739001,True,2,1
1030,overnight1030 25-11-06 09-24-47.fits,2025-11-06 09:24:47,1418.9917608396013,1376.2230751977863,4.958114874377031,3.389430610530531,11.67546829174914,7.981499142918783,1251.209927014916,1663.7469528398963,29059.888974273967,38747.255591091554,True,1,1
1031,overnight1031 25-11-06 09-25-47.fits,2025-11-06 09:25:47,2182.8948765593473,1377.0168370081658,1279.9999996000497,3.7537779241590328,3014.1696566978044,8.839471500404358,23.13473004419676,1608.5410168739213,29084.471709437646,38793.51391315519,False,2,1
1032,overnight1032 25-11-06 09-26-48.fits,2025-11-06 09:26:48,2559.9999998427793,1374.8724239321562,1279.9999999999998,3.926005260991421,3014.169657639615,9.245035885479561,16.865969534769786,1430.0053585582377,29090.22628859341,38793.08607606867,False,1,1
1033,overnight1033 25-11-06 09-27-48.fits,2025-11-06 09:27:48,2091.4474856483525,1374.294270700526,1279.9999990247316,3.5455893379463186,3014.1696553430334,8.349224844444004,33.19867544693212,1630.029017392509,29072.090020537948,38788.062061805955,False,2,1
1034,overnight1034 25-11-06 09-28-47.fits,2025-11-06 09:28:47,2559.999993599729,1373.9904032047257,1231.0725023352986,4.244206401273656,2898.954205385571,9.994342308967875,29.186580441860578,1367.1310819953396,29084.4888167811,38794.30967390229,False,2,1
1035,overnight1035 25-11-06 09-29-48.fits,2025-11-06 09:29:48,2559.9999999971424,1374.5400134779366,155.42122648094264,3.7020007367432517,365.9890195406187,8.717545541602352,50.49848112016584,1589.371253864338,29096.308424966955,38792.506440747115,True,1,1
1036,overnight1036 25-11-06 09-30-48.fits,2025-11-06 09:30:48,2106.636840063092,1373.879846282037,1279.9999997985894,4.17767784373643,3014.1696571653297,9.83767952811222,34.22040999572699,1446.157744630292,29067.53784384423,38782.477084275524,False,1,1
1037,overnight1037 25-11-06 09-31-48.fits,2025-11-06 09:31:48,1420.5283191292303,1373.3376634319127,5.130231148399457,3.793722048864678,12.08077114389319,8.933532725942426,1221.938182622029,1752.5772347674338,29098.495072337853,38797.49737121242,True,2,1
1038,overnight1038 25-11-06 09-32-48.fits,2025-11-06 09:32:48,2484.2116603313384,1374.2297497070426,1279.9999953472368,3.5384151247061206,3014.169646683195,8.33233086329866,26.06271859180403,1605.1807923846395,29080.68517669528,38788.492116017755,False,1,1
1039,overnight1039 25-11-06 09-33-48.fits,2025-11-06 09:33:48,2559.999884785173,1374.9076657491873,1279.9999934100072,3.7239449194283956,3014.169642121368,8.76922014286115,19.147146631687566,1563.9930105105175,29088.36141942432,38792.14418530751,False,2,1
1040,overnight1040 25-11-06 09-34-47.fits,2025-11-06 09:34:47,2555.2662409551344,1374.2065050787849,80.78694285262719,3.7491000759493263,190.2387124061363,8.828456009672529,62.42765476053409,1559.4697267168185,29093.875361915852,38787.63058691992,True,1,1
1041,overnight1041 25-11-06 09-35-47.fits,2025-11-06 09:35:47,2089.8496790233817,1374.019959332627,1279.999999976343,3.738092908202184,3014.169657583907,8.80253611042254,25.674050985132958,1509.7783826908653,29072.664703614955,38781.58091789999,False,2,1
1042,overnight1042 25-11-06 09-36-47.fits,2025-11-06 09:36:47,2559.999996611639,1372.6664994599012,1279.9999569318186,3.294173672788039,3014.1695562217983,7.757186196494497,24.514879267222216,1632.3628554917561,29078.44461892552,38783.78496925333,False,1,1
1043,overnight1043 25-11-06 09-37-48.fits,2025-11-06 09:37:48,2559.9999992609182,1373.9888323958037,1279.9999999999998,3.839821789926488,3014.169657639615,9.042089320265513,16.70045487983984,1465.0502821374846,29086.84713723551,38788.4337929325,False,1,1
1044,overnight1044 25-11-06 09-38-48.fits,2025-11-06 09:38:48,1903.3097308679348,1376.0893449148093,1279.9999999993638,3.9058508384676855,3014.169657638117,9.197575847324647,33.34299122584669,1576.1731118694029,29070.43872414984,38787.508047749485,False,2,1
1045,overnight1045 25-11-06 09-39-48.fits,2025-11-06 09:39:48,1943.1009812975224,1375.5892549857365,1279.9999788717516,3.909311991332942,3014.1696078863924,9.20572623947067,32.86484428003146,1549.4830936506992,29071.334635508734,38787.948602960234,False,1,1
1046,overnight1046 25-11-06 09-40-48.fits,2025-11-06 09:40:48,2559.9999999892752,1374.8041390865692,104.30463214368375,6.924249240334144,245.61863856152596,16.305360907929167,56.140412444754,449.25122608428876,29096.81758940976,38794.920491821926,True,1,1
1047,overnight1047 25-11-06 09-41-48.fits,2025-11-06 09:41:48,2252.7503069415734,1375.6896764579046,1279.9999999515726,3.251033720946277,3014.1696575255773,7.655599373155846,30.79208568342163,1736.243575947692,29079.83533367033,38794.32975002633,False,1,1
1048,overnight1048 25-11-06 09-42-47.fits,2025-11-06 09:42:47,2351.278973003677,1375.483255259997,1279.9999999918107,3.5016155534292674,3014.169657620331,8.24567449520738,27.036888649325263,1596.2389527116047,29081.784001497777,38792.42990310471,False,1,1
1049,overnight1049 25-11-06 09-43-47.fits,2025-11-06 09:43:47,2117.803298754498,1375.9901222407098,1279.9999549130398,3.7142448190991613,3014.1695514679377,8.746378152167058,21.585171736725233,1634.7499596110536,29084.507964615692,38792.55473963412,False,1,1
1050,overnight1050 25-11-06 09-44-47.fits,2025-11-06 09:44:47,2090.687258889721,1374.0671782892075,1279.9999997577795,3.790338735797567,3014.1696570692293,8.92556563251338,32.325267766689684,1462.8991336164188,29060.845618084168,38772.520853562615,False,1,1
1051,overnight1051 25-11-06 09-45-47.fits,2025-11-06 09:45:47,2299.387320177257,1375.0807375827453,1279.9999999983454,4.092279914693216,3014.169657635719,9.636582772997128,23.24538779125812,1578.1777696174174,29082.19666248313,38788.97517146634,False,1,1
1052,overnight1052 25-11-06 09-46-48.fits,2025-11-06 09:46:48,2559.999979396516,1374.1071550529623,81.78618849095533,3.5741234163912696,192.59175606518113,8.41641746433266,51.1554118203679,1571.0440163002372,29096.544512960398,38790.779697090904,True,1,1
1053,overnight1053 25-11-06 09-47-48.fits,2025-11-06 09:47:48,2559.9998265548734,1374.6615803906125,1279.999999999459,3.677094187432837,3014.1696576383415,8.658895100033636,16.519472721425153,1635.9269507929012,29087.444030962284,38788.576293777565,False,2,1
1054,overnight1054 25-11-06 09-48-48.fits,2025-11-06 09:48:48,2559.9993251885685,1376.159911460514,1279.9999999998759,4.572498165915285,3014.169657639323,10.767410336964563,22.95420704572889,1334.6548823856044,29084.996996916016,38790.33009475633,False,1,1
1055,overnight1055 25-11-06 09-49-48.fits,2025-11-06 09:49:48,2048.2812201747606,1376.3729999364252,1234.3769688644193,6.488755152422594,2906.7356294064784,15.279850700222577,29.77686618086886,567.7300795700431,29077.479560770604,38794.54942736588,False,1,1
1056,overnight1056 25-11-06 09-50-47.fits,2025-11-06 09:50:47,2225.1961994592843,896.2292896167809,1279.9999999924123,959.9999999115181,3014.1696576217473,2260.6272430213526,26.998593820799183,45.44625615611287,29069.149219149545,38745.39572391136,False,1,1
1057,overnight1057 25-11-06 09-51-47.fits,2025-11-06 09:51:47,2111.4160152033514,1375.3812071419804,1279.9999941604585,3.474348028039039,3014.169643888546,8.18146437984008,27.0068868835776,1699.5884482257457,29082.088315890473,38794.91742491621,False,1,1
1058,overnight1058 25-11-06 09-52-47.fits,2025-11-06 09:52:47,2559.99977059952,1375.8687627797253,1279.9999984703204,4.197363911756139,3014.169654037495,9.884036675692874,20.756651422894326,1380.0459867007364,29085.168505646154,38789.21157150304,False,1,1
1059,overnight1059 25-11-06 09-53-48.fits,2025-11-06 09:53:48,2559.999999971242,1376.058174581965,1279.9999984075384,3.9628144376476255,3014.169653889655,9.331714872510677,25.494429031254086,1532.6461695250712,29082.720981358638,38789.358730020664,False,1,1
1060,overnight1060 25-11-06 09-54-48.fits,2025-11-06 09:54:48,1420.3229293215245,1378.2468898775726,4.361348520755852,3.7920372294795888,10.27019092004196,8.929565279482162,1399.4851215334304,1551.1021286573302,29089.534936510252,38786.33615677702,True,1,1
1061,overnight1061 25-11-06 09-55-48.fits,2025-11-06 09:55:48,2559.9999957786686,1376.8694541363022,1279.999999820567,3.725966767510578,3014.1696572170827,8.77398123125308,29.39457635138768,1483.0053285917732,29072.597774631653,38779.686095361256,False,1,1
1062,overnight1062 25-11-06 09-56-48.fits,2025-11-06 09:56:48,2268.16925339685,1379.4421755185153,1279.9999969786293,4.374746782301825,3014.1696505248306,10.301741414898984,20.31231060170826,1441.5265042311355,29083.940806982984,38789.086675219056,False,1,1
1063,overnight1063 25-11-06 09-57-47.fits,2025-11-06 09:57:47,2414.6851641032567,1378.8840700358705,1279.9999999999504,3.7511178690844087,3014.1696576394984,8.833207549393746,22.205646801007326,1609.1786305470796,29080.396111098355,38785.10804341154,False,1,1
1064,overnight1064 25-11-06 09-58-47.fits,2025-11-06 09:58:47,1419.974835749407,1379.803088204635,4.812770348438562,4.642361687425445,11.333208088633713,10.93192635783314,1285.7524653696767,1394.0397636818464,29058.75777564884,38744.64011048667,True,1,1
1065,overnight1065 25-11-06 09-59-48.fits,2025-11-06 09:59:48,2430.052945922976,1391.6764387672297,1279.9999999984834,4.347843604389319,3014.1696576360437,10.238389272275581,20.497862828171552,1333.0037070973326,29083.17581544741,38787.521539293084,False,1,1
1066,overnight1066 25-11-06 10-00-48.fits,2025-11-06 10:00:48,2485.2181144233537,1400.3699509798025,1279.9999999976433,3.6273634847544445,3014.1696576340655,8.541788244513082,21.741607791368402,1584.1556605411618,29084.54520211875,38789.95111503716,False,1,1
1067,overnight1067 25-11-06 10-01-48.fits,2025-11-06 10:01:48,2180.575611976188,1402.3438866136485,1279.9999913259312,4.071586386341744,3014.169637213744,9.587853237632666,32.00352707563489,1585.9924877231226,29071.600172985734,38784.30491370806,False,1,1
1068,overnight1068 25-11-06 10-02-48.fits,2025-11-06 10:02:48,2559.9999938208193,1432.2075575448287,1279.999999777089,4.083856029722483,3014.1696571147,9.616746039811012,26.714867551920175,1202.2901891755794,29107.723611288606,38825.187763057314,False,2,1
1069,overnight1069 25-11-06 10-03-47.fits,2025-11-06 10:03:47,2559.999998994064,1425.279378969756,1279.9999961039682,3.9004694954222767,3014.1696484651616,9.18490375285213,22.516181520280192,1192.233571836596,29113.51478976778,38829.90078123382,False,1,2
1070,overnight1070 25-11-06 10-04-48.fits,2025-11-06 10:04:48,1408.744141779614,1398.4783853318982,3.9721800550826893,3.80688669672671,9.353769216180858,8.964533102613714,1370.2384363274516,1441.7933498042325,29089.850327708016,38786.40716627202,True,1,1
1071,overnight1071 25-11-06 10-05-48.fits,2025-11-06 10:05:48,2559.9975866386776,1399.887393064966,1279.9999999999998,4.035409836038949,3014.169657639615,9.502663971819572,25.11461323637703,1357.905057887717,29084.439487543896,38792.122614810185,False,1,1
1072,overnight1072 25-11-06 10-06-48.fits,2025-11-06 10:06:48,2559.999998353674,50.44570176689777,1279.9999939119443,8.16152495945183,3014.1696433033394,19.218922572537576,18.721349496543688,151.63058285211181,29091.36408307191,38801.796330665435,False,2,1
1073,overnight1073 25-11-06 10-07-47.fits,2025-11-06 10:07:47,2559.999999736879,438.50772182941597,127.82502774636656,645.9401269850307,301.0049375937812,1521.072758914187,51.40886036657143,3.489794483934336e-07,29094.129589949778,38796.44888710044,False,1,1
1074,overnight1074 25-11-06 10-08-47.fits,2025-11-06 10:08:47,2559.9999972966084,1401.077237333481,70.84720677194328,3.8402044249310667,166.83242264102444,9.042990356844225,61.79132787354633,1398.6459031445518,29091.55398676943,38784.56806430819,True,1,1
1075,overnight1075 25-11-06 10-09-47.fits,2025-11-06 10:09:47,2559.999999999757,1407.35156647187,115.44251536001502,3.477028237489042,271.8463492185566,8.187775790777827,53.245331905370996,1508.8961269508745,29089.201476305243,38782.75106181732,True,1,1
1076,overnight1076 25-11-06 10-10-48.fits,2025-11-06 10:10:48,2559.999999945113,613.9486194202312,120.34670578692125,74.837274710019,283.3948351404843,176.22831460264047,57.61713915822783,34.96860861609589,29118.078627538773,38825.19945786046,True,1,2
1077,overnight1077 25-11-06 10-11-48.fits,2025-11-06 10:11:48,2559.99999848628,1394.994841758752,1279.999999645727,3.515221908357898,3014.1696568053662,8.277715012533125,19.23429587613511,1475.7378494758066,29093.579228952243,38800.00195336077,False,1,1
1078,overnight1078 25-11-06 10-12-48.fits,2025-11-06 10:12:48,2073.2496503476264,1396.2464905241413,1279.9999992143225,3.374319416017963,3014.169655789486,7.945914999176226,27.90489029784084,1528.3606983480465,29079.77858262654,38794.06868428717,False,1,1
1079,overnight1079 25-11-06 10-13-47.fits,2025-11-06 10:13:47,2373.7327656731286,1397.1700149727988,1279.9999999728097,3.74656020318057,3014.169657575587,8.822475066364833,25.998589507271284,1502.1769017325519,29082.34743648455,38791.963388329284,False,1,1
1080,overnight1080 25-11-06 10-14-47.fits,2025-11-06 10:14:47,2559.9999966881596,1395.7514949689441,1279.999998855794,3.8757583387450967,3014.169654945216,9.126713425772806,19.03698410152762,1416.1061137284591,29084.785497722638,38787.72677503876,False,1,1
1081,overnight1081 25-11-06 10-15-48.fits,2025-11-06 10:15:48,2508.0846489675982,1396.6323292188467,43.89064937865137,4.397818194057306,103.35458094627342,10.356070437767954,50.60013684568694,1371.5744083740926,29097.964859134063,38791.96103197144,True,1,1
1082,overnight1082 25-11-06 10-16-48.fits,2025-11-06 10:16:48,2559.999999071199,1398.3033872482013,133.0204924751536,3.953496928459481,313.23932208038025,9.309773815104675,50.31044751769867,1464.264432331682,29094.883818452876,38789.97615458067,True,1,1
1083,overnight1083 25-11-06 10-17-48.fits,2025-11-06 10:17:48,2185.890932552586,1399.0926421147224,1279.999999924309,4.160791769578498,3014.169657461376,9.797915862203244,17.59106283266426,1387.7153972574356,29088.7441972431,38794.239448617285,False,1,1
1084,overnight1084 25-11-06 10-18-48.fits,2025-11-06 10:18:48,2559.999920645698,1399.5350105066514,1279.999962080923,5.223622185107003,3014.1695683470125,12.30069022915834,22.303634164037835,1180.6151346374625,29087.636028151326,38793.24604390005,False,1,1
1085,overnight1085 25-11-06 10-19-47.fits,2025-11-06 10:19:47,2558.9225589241205,1399.3933471311675,1279.9999999999998,4.092648721968043,3014.169657639615,9.637451247760644,22.733157974350465,1341.6370806094162,29086.919739360426,38793.52733434035,False,1,1
1086,overnight1086 25-11-06 10-20-47.fits,2025-11-06 10:20:47,2445.9368166602007,1399.8750024466847,1279.9999999990323,3.726265508492065,3014.1696576373365,8.774684712504557,19.423651762991955,1444.0618585392658,29087.991345004284,38793.43173895533,False,1,1
1087,overnight1087 25-11-06 10-21-47.fits,2025-11-06 10:21:47,2191.2842420657594,1400.0377938998647,1279.9999993861352,3.643869968189372,3014.169656194074,8.580658042578621,24.69456376907848,1540.612698189125,29078.86365981665,38788.002244468735,False,1,1
1088,overnight1088 25-11-06 10-22-48.fits,2025-11-06 10:22:48,2146.972017625087,1398.673504863115,1279.9999830030722,4.236514344295476,3014.169617614909,9.976228899008136,19.965835890895786,1342.6506491678185,29084.1291444119,38790.753593979825,False,1,1
1089,overnight1089 25-11-06 10-23-48.fits,2025-11-06 10:23:48,2559.999989438534,1389.8032166280182,1279.9999990051297,4.048243768805844,3014.1696552968747,9.532885573955637,22.122672607604063,1624.7036704039667,29087.87978585388,38792.891361069574,False,1,1
1090,overnight1090 25-11-06 10-24-48.fits,2025-11-06 10:24:48,2559.9999995755848,1390.235108851464,1279.9999933318156,4.3003474108154025,3014.169641937241,10.126544283585053,22.91076254532515,1344.935084387473,29085.623371221278,38791.54710616266,False,1,1
