frame_num,filename,timestamp,mu_x,mu_y,sigma_x,sigma_y,fwhm_x,fwhm_y,amp_x,amp_y,offset_x,offset_y,fit_ok,n_peaks_x,n_peaks_y
1,bigshakeB0001 25-09-23 10-03-49.fits,2025-09-23 10:03:49,382.5396659971022,231.6824513969101,3.3966639325821624,6.431504694365862,7.998532314678129,15.145036174003382,922.7124238430956,539.7359952132147,7729.604478136191,10304.378551470601,True,1,1
2,bigshakeB0002 25-09-23 10-03-49.fits,2025-09-23 10:03:49,387.3786856795323,234.23185039754284,3.211622040854707,6.503861636135474,7.56279195886787,15.3154237508796,1034.5323623935203,564.0845906170194,7727.036968806946,10300.908046543844,True,1,1
3,bigshakeB0003 25-09-23 10-03-49.fits,2025-09-23 10:03:49,388.7941815322423,236.88533699057706,2.904428761481451,6.965038861138683,6.839407066900935,16.401413124628906,1157.683730031613,543.1927644236044,7727.783887840304,10301.513595986771,True,1,1
4,bigshakeB0004 25-09-23 10-03-49.fits,2025-09-23 10:03:49,382.3592016856198,230.83044375848021,2.8997102175311387,6.472375014339698,6.82829574502338,15.241278422724598,1063.6132817130608,560.3487060381159,7729.228330500902,10302.804152600374,True,1,1
5,bigshakeB0005 25-09-23 10-03-49.fits,2025-09-23 10:03:49,378.0514108518801,231.87359649270826,2.860757726625795,6.3500213211593834,6.736569638635591,14.953157493440028,1074.3832768779935,561.910747225946,7730.18398751864,10304.329138095649,True,1,1
6,bigshakeB0006 25-09-23 10-03-49.fits,2025-09-23 10:03:49,378.81021278129674,225.94054103578088,2.919588648844172,6.059479860527214,6.875105873543081,14.268984638030826,1049.3742228355045,561.407206990576,7729.838031263823,10304.685130280694,True,1,1
7,bigshakeB0007 25-09-23 10-03-49.fits,2025-09-23 10:03:49,384.7527256772195,233.04115795477261,3.010230022401048,6.807713747351259,7.088549996903952,16.030940793095503,1132.1643962465741,564.5674550409284,7727.690972189609,10301.314564029375,True,1,1
8,bigshakeB0008 25-09-23 10-03-49.fits,2025-09-23 10:03:49,387.8467043724588,234.31438872693064,2.9253763259442582,6.637520566953052,6.888734811592531,15.630166480366238,1124.9301760693565,559.8921765314918,7731.312620496726,10306.19505786443,True,1,1
9,bigshakeB0009 25-09-23 10-03-49.fits,2025-09-23 10:03:49,384.2292899718673,229.0673907654358,2.95377976624102,6.6255123719463995,6.955619802151185,15.601889342059932,1134.3219631624618,545.3771986928931,7729.522575875105,10304.65737692883,True,1,1
10,bigshakeB0010 25-09-23 10-03-49.fits,2025-09-23 10:03:49,379.55686442257917,237.0431879732439,2.8697581530657668,6.424218101221097,6.757764023230263,15.127877558406103,1119.3137410118618,576.5857686911424,7729.589546230846,10303.550346443737,True,1,1
11,bigshakeB0011 25-09-23 10-03-49.fits,2025-09-23 10:03:49,378.89350164601666,234.8668571622035,2.9625084039370697,7.2333779146143415,6.976174173163656,17.033303306618016,1208.6664541534115,547.5511936303909,7730.661804561742,10305.564866620947,True,1,1
12,bigshakeB0012 25-09-23 10-03-49.fits,2025-09-23 10:03:49,381.3683362022086,221.65317412513312,3.0218838052438155,5.945892667016257,7.115992558342538,14.001507237892413,1025.7545304889097,564.9209920502744,7727.445588678098,10301.906951943747,True,1,1
13,bigshakeB0013 25-09-23 10-03-49.fits,2025-09-23 10:03:49,387.9413235438147,227.6642877133984,3.2034739706991453,6.351002994036735,7.543604719937235,14.955469156409277,1054.528974796755,573.282894503919,7728.375341167021,10303.128257338256,True,1,1
14,bigshakeB0014 25-09-23 10-03-49.fits,2025-09-23 10:03:49,390.8954245521592,240.59435903530496,3.100559743854433,6.467641447992965,7.3012602356444445,15.230131725806828,1050.0729816537676,553.3625504541949,7728.373257082885,10302.810211059075,True,1,1
15,bigshakeB0015 25-09-23 10-03-49.fits,2025-09-23 10:03:49,385.98986646017,237.29802125736168,3.013825315203949,6.876058868286214,7.097016264463978,16.1918812538532,1100.0183558542712,548.6977590119956,7730.679480631584,10305.182910610692,True,1,1
16,bigshakeB0016 25-09-23 10-03-49.fits,2025-09-23 10:03:49,379.8651865954371,224.91706168317083,2.8706798686082142,6.439984820445925,6.7599344974654345,15.165005344881104,1118.595666488428,543.2054781944659,7735.804516555196,10312.906719064089,True,1,1
17,bigshakeB0017 25-09-23 10-03-49.fits,2025-09-23 10:03:49,379.4223554022752,225.91605047973155,2.925503868564089,6.881171438155795,6.8890351515103045,16.20392043586371,1204.5958227185147,563.3464317735362,7730.257058252678,10305.168952421174,True,1,1
18,bigshakeB0018 25-09-23 10-03-49.fits,2025-09-23 10:03:49,383.44004942546337,236.48206400145187,2.971845747749458,6.008958601092529,6.998161937540414,14.15001616361382,1000.0189117894279,561.3675996649918,7729.164916469533,10303.457405433817,True,1,1
19,bigshakeB0019 25-09-23 10-03-49.fits,2025-09-23 10:03:49,386.05265984906896,235.0641086860453,3.0033795345018963,6.609118919865112,7.0724183306807875,15.56328571249166,1115.6045355969447,557.4315411127948,7729.500518489212,10304.258858755175,True,1,1
20,bigshakeB0020 25-09-23 10-03-49.fits,2025-09-23 10:03:49,389.3935022970847,230.58710906358849,3.041658663974524,6.460166267386455,7.162558792069265,15.212529020674392,1115.6026237339543,566.3764376033741,7727.256722542922,10301.621943761329,True,1,1
21,bigshakeB0021 25-09-23 10-03-49.fits,2025-09-23 10:03:49,391.1725351447964,231.16491940384216,2.8859980246545525,6.790028603615153,6.796005998376264,15.989295462126469,1162.2536677070327,563.6386433554183,7731.348613373572,10305.99547188149,True,1,1
22,bigshakeB0022 25-09-23 10-03-49.fits,2025-09-23 10:03:49,383.24498411320997,231.49583847971195,2.9297787012969114,6.432508271967455,6.8991016133187095,15.147399418656356,1057.722389504835,551.7590911635909,7729.597231824186,10303.778099303232,True,1,1
23,bigshakeB0023 25-09-23 10-03-49.fits,2025-09-23 10:03:49,375.76279922027817,241.1374303458045,2.924441804862025,6.140563178084192,6.886534182615584,14.459921259531606,1070.5946734368026,562.3142530359612,7729.754715689516,10304.657911590597,True,1,1
24,bigshakeB0024 25-09-23 10-03-49.fits,2025-09-23 10:03:49,378.4258956109992,223.72508903220427,3.196411140005254,5.858387192792917,7.5269730246446,13.795447593141354,981.1372037323497,580.5959374893641,7728.551434733464,10303.350136184521,True,1,1
25,bigshakeB0025 25-09-23 10-03-49.fits,2025-09-23 10:03:49,389.805499584739,225.41032520572074,3.3376213838884996,6.378630845884414,7.859497737504576,15.02052777574134,1053.3439106425171,589.7620358759377,7726.9977176801885,10301.377873915617,True,1,1
26,bigshakeB0026 25-09-23 10-03-49.fits,2025-09-23 10:03:49,392.38301012400717,229.3524466878649,2.905970110257818,5.681932227005272,6.843036665895908,13.379927902659357,1022.7242335414599,581.262768989863,7729.655133739392,10304.47993682783,True,1,1
27,bigshakeB0027 25-09-23 10-03-49.fits,2025-09-23 10:03:49,388.0118426790379,239.08040870916895,2.8850755401818238,5.823020741203762,6.793833713448652,13.712165964017595,1068.3960287510486,579.1681792274105,7728.502438842433,10303.154948516338,True,1,1
28,bigshakeB0028 25-09-23 10-03-49.fits,2025-09-23 10:03:49,377.8821727137283,225.16086332441265,2.9818794934607107,6.090212612294465,7.021789603068015,14.341354737931308,1101.7732090473787,584.9394126479577,7727.199744404403,10301.486195682,True,1,1
29,bigshakeB0029 25-09-23 10-03-49.fits,2025-09-23 10:03:49,376.527280828866,229.09713284854163,2.9548041927387203,6.762943343052878,6.958032142202631,15.925514547629536,1213.9348169753594,579.5206671383559,7727.476368064073,10301.566371743767,True,1,1
30,bigshakeB0030 25-09-23 10-03-50.fits,2025-09-23 10:03:50,382.5973391859584,213.88273199746428,2.9394818494127097,5.685267681916094,6.921950781001695,13.387782298742657,1095.9571596093324,595.8996225943112,7728.676220717065,10304.033171337896,True,1,1
31,bigshakeB0031 25-09-23 10-03-50.fits,2025-09-23 10:03:50,387.54329529047607,239.84186670012213,3.071143431345156,5.926042390955364,7.231990113296705,13.954763409924825,1053.0996980166867,608.0850935659548,7734.03126898416,10310.113061784808,True,1,1
32,bigshakeB0032 25-09-23 10-03-50.fits,2025-09-23 10:03:50,384.4308295233722,231.4718945542729,3.0405448561810364,5.7634401906397565,7.15993597515085,13.571864489255494,1090.3936444653168,598.278810676509,7726.85866829977,10301.784967493995,True,1,1
33,bigshakeB0033 25-09-23 10-03-50.fits,2025-09-23 10:03:50,380.81976965124545,239.61542346474968,2.983778357933323,5.92768309061461,7.02626108719092,13.958626962370293,1087.0683572321775,614.9541177301962,7729.822770508697,10304.33271968342,True,1,1
34,bigshakeB0034 25-09-23 10-03-50.fits,2025-09-23 10:03:50,379.5492135989402,219.78926042465713,2.8995975023520346,6.444162057616622,6.828030321060246,15.174841986703509,1199.9982257454622,605.2568171259562,7729.592433116247,10303.925447325311,True,1,1
35,bigshakeB0035 25-09-23 10-03-50.fits,2025-09-23 10:03:50,382.2089054121837,237.02954495881355,2.875742415986428,6.384628397191384,6.771855885510572,15.034650929780092,1198.8000276695598,584.9244277583887,7729.207108124771,10304.110278671105,True,1,1
36,bigshakeB0036 25-09-23 10-03-50.fits,2025-09-23 10:03:50,381.4332960046256,235.47760967160488,2.982825794404199,6.191440754735963,7.024017971498373,14.579728796873795,1099.7050318561467,577.300491230359,7736.0635725096345,10313.215633209833,True,1,1
37,bigshakeB0037 25-09-23 10-03-50.fits,2025-09-23 10:03:50,381.6257521627691,232.52452310139103,3.1912177935622386,5.668953573585768,7.514743628339797,13.3493655094296,952.6256578155491,581.1886108894965,7728.5230623941225,10303.367361426634,True,1,1
38,bigshakeB0038 25-09-23 10-03-50.fits,2025-09-23 10:03:50,384.5085961119938,225.5868207212373,3.2603305360306623,5.668786454301712,7.677491699671503,13.348971973589592,1017.6657761098527,602.7108089860635,7735.837798213007,10313.934909174752,True,1,1
39,bigshakeB0039 25-09-23 10-03-50.fits,2025-09-23 10:03:50,389.79905697769624,230.82647771202417,3.2079986163506424,5.5965985536311,7.554259446214043,13.178982458081734,1018.2089792357781,604.1128055319864,7729.320807539586,10305.162807963665,True,1,1
40,bigshakeB0040 25-09-23 10-03-50.fits,2025-09-23 10:03:50,386.8256003403906,233.99889314529602,2.903844791209958,5.782351112581753,6.838031921999921,13.616396307314524,1118.399388879219,593.643897730607,7728.934887544902,10304.280424524208,True,1,1
41,bigshakeB0041 25-09-23 10-03-50.fits,2025-09-23 10:03:50,379.2918022055651,231.4749538803976,2.807587132482516,6.003708000652574,6.611362457740792,14.137651944449365,1227.2718078400956,587.0546844098482,7731.39684342981,10308.117450727244,True,1,1
42,bigshakeB0042 25-09-23 10-03-50.fits,2025-09-23 10:03:50,375.90749480203766,223.75577647851384,2.827700366972004,5.533987943526192,6.6587255054870464,13.031545738375078,1126.9583222089252,607.3681481089387,7730.16894768904,10305.980835901202,True,1,1
43,bigshakeB0043 25-09-23 10-03-50.fits,2025-09-23 10:03:50,383.27891305990914,220.38636296235345,3.040138613228863,5.729702403659506,7.158979346103919,13.492418072199417,1040.2003731405982,610.054249034003,7727.703368364992,10301.865121020255,True,1,1
44,bigshakeB0044 25-09-23 10-03-50.fits,2025-09-23 10:03:50,388.6275151881867,234.28878671099088,2.930077793365087,5.558316694010815,6.899805921316158,13.088835567686823,1050.6432989597663,610.6948709989273,7729.506919656307,10304.359191683534,True,1,1
45,bigshakeB0045 25-09-23 10-03-50.fits,2025-09-23 10:03:50,386.59603809774393,237.43110357432423,2.931274604876671,5.401785392761604,6.902624197053761,12.720232521830404,1105.0591211407389,624.0370666423551,7729.238203336359,10304.963272657415,True,1,1
46,bigshakeB0046 25-09-23 10-03-50.fits,2025-09-23 10:03:50,378.314148101254,234.94852260454013,2.9148392664768594,5.742586556350028,6.863921932743017,13.522757933218296,1152.2270526942461,631.8622709745579,7731.659917063148,10307.470082685906,True,1,1
47,bigshakeB0047 25-09-23 10-03-50.fits,2025-09-23 10:03:50,377.8700171530154,217.47722777262868,2.9772410955279076,5.9094169975575905,7.0108670106390205,13.915613600295222,1146.1679737618595,601.2566488814763,7728.922399326526,10304.495330380274,True,1,1
48,bigshakeB0048 25-09-23 10-03-50.fits,2025-09-23 10:03:50,383.0218430924983,227.86759294206266,2.9420023601076224,5.745524995127213,6.9278861301097905,13.52967742775191,1109.8798345739663,610.2802924340006,7729.573725262227,10304.839181370715,True,1,1
49,bigshakeB0049 25-09-23 10-03-50.fits,2025-09-23 10:03:50,385.7747147406897,240.07162213978475,3.0115084038316273,5.575947937867764,7.091560355121875,13.130353974139997,1092.3303826151234,623.0458469178741,7728.092641501288,10303.15998935127,True,1,1
50,bigshakeB0050 25-09-23 10-03-50.fits,2025-09-23 10:03:50,383.14904215494994,235.29363383548892,3.044262899150023,5.097993404482876,7.168691297262506,12.004857058311849,1020.5637019754479,625.5975794875778,7728.247259867255,10303.899228456765,True,1,1
51,bigshakeB0051 25-09-23 10-03-50.fits,2025-09-23 10:03:50,382.3352407733811,228.24809970816693,3.1696674135839658,5.673480504380354,7.463996361588927,13.360025616807158,1087.345095432047,629.4424036335442,7729.649765176244,10305.548971998829,True,1,1
52,bigshakeB0052 25-09-23 10-03-50.fits,2025-09-23 10:03:50,384.7355500726572,222.86595490717664,3.190209876633813,5.633057145761019,7.512370165353015,13.264835881642874,1024.1823242845408,619.7989040766635,7729.017111949087,10304.186357657185,True,1,1
53,bigshakeB0053 25-09-23 10-03-50.fits,2025-09-23 10:03:50,386.3874077262649,235.5806048963502,2.9759968298802986,6.166844695846352,7.0079369889506875,14.52180950437178,1122.875206344597,605.2815786192003,7730.191668495579,10304.88034386864,True,1,1
54,bigshakeB0054 25-09-23 10-03-50.fits,2025-09-23 10:03:50,382.84947962585994,233.7611173623654,2.894305867282022,5.607873054253349,6.815569472726391,13.205531878144718,1161.7070050312223,619.2291801351481,7729.485742212425,10305.405388215531,True,1,1
55,bigshakeB0055 25-09-23 10-03-50.fits,2025-09-23 10:03:50,376.8890947868098,228.50897848796666,2.942030256331723,5.301419587106791,6.9279518206974835,12.48388911083877,1119.5961994768033,664.6032431677557,7731.471019507942,10307.429780619937,True,1,1
56,bigshakeB0056 25-09-23 10-03-50.fits,2025-09-23 10:03:50,378.6911119744476,228.55278100231791,2.9608759412628616,5.294239142312986,6.972330017335667,12.46698045550608,1048.7632443906143,634.0736844471244,7728.403551330544,10303.223760408555,True,1,1
57,bigshakeB0057 25-09-23 10-03-50.fits,2025-09-23 10:03:50,383.08077372509734,233.29232178175127,3.1582538907665443,5.504475228921095,7.437119569274045,12.962048606439717,1052.599982907123,648.1040035809013,7726.032843954653,10300.107651519296,True,1,1
58,bigshakeB0058 25-09-23 10-03-50.fits,2025-09-23 10:03:50,386.0625105495993,234.9452677282165,3.124217688114087,5.332422875863019,7.356970437011302,12.556896276663819,1032.9745651482065,634.2325828462389,7730.163305413845,10306.076234096045,True,1,1
59,bigshakeB0059 25-09-23 10-03-50.fits,2025-09-23 10:03:50,383.5759262096507,232.4933689870878,3.0342388756787186,5.418740904722069,7.1450865258604175,12.760159701268671,1094.3287932669884,642.0076477501391,7736.741958897341,10314.828663163471,True,1,1
60,bigshakeB0060 25-09-23 10-03-50.fits,2025-09-23 10:03:50,383.3011834633471,222.6496321896863,2.976150698083818,6.042814150681369,7.008299320880627,14.229739890421158,1154.5711324375743,636.9526786281094,7729.648093541005,10304.041710853971,True,1,1
61,bigshakeB0061 25-09-23 10-03-50.fits,2025-09-23 10:03:50,383.44398759825566,236.3547625995899,2.9361136212949273,5.350040640291174,6.914019209913704,12.598382941487872,1082.09656198602,613.0680912927513,7729.595382473433,10305.590440934617,True,1,1
62,bigshakeB0062 25-09-23 10-03-50.fits,2025-09-23 10:03:50,384.62865653044906,233.70204972371465,2.960188738453059,5.7425158694327445,6.970711778384142,13.522591478248556,1163.0672166869122,654.4650660177296,7730.192083329507,10305.275831341925,True,1,1
63,bigshakeB0063 25-09-23 10-03-50.fits,2025-09-23 10:03:50,384.2520457476412,232.87135442286979,3.1455540615983018,5.816619446934161,7.407213756980198,13.697092067957396,1065.2869545383599,623.6858496480723,7729.049210828831,10303.953325451292,True,1,1
64,bigshakeB0064 25-09-23 10-03-50.fits,2025-09-23 10:03:50,385.57523804863257,228.89099243604673,3.02440651911648,5.330154755492917,7.121933095537766,12.55155526135176,1022.9781948913345,631.537005504121,7730.271465566772,10305.606693823545,True,1,1
65,bigshakeB0065 25-09-23 10-03-50.fits,2025-09-23 10:03:50,385.9044542617803,229.03109115338498,2.928320518753338,4.818896356966028,6.895667855835788,11.34763373631022,1024.7075704351264,642.1814062204908,7727.492859703639,10302.833279173397,True,1,1
66,bigshakeB0066 25-09-23 10-03-50.fits,2025-09-23 10:03:50,385.33292615283244,230.17769792420327,2.952319177186931,5.559683449591788,6.952180377769064,13.092054031125558,1125.6072225696703,633.0026894027195,7730.164209006731,10305.861326477065,True,1,1
67,bigshakeB0067 25-09-23 10-03-50.fits,2025-09-23 10:03:50,382.43350347320035,231.9074610449041,2.985540645439751,5.420994845816737,7.030410957136164,12.765467326938714,1116.060764003063,654.7644816636963,7728.463753684079,10303.48288730164,True,1,1
68,bigshakeB0068 25-09-23 10-03-50.fits,2025-09-23 10:03:50,379.5919029020937,233.97310363052796,2.9875513623515118,5.4832535502372215,7.035145833624861,12.912075372085727,1158.4204195618322,660.8055299711785,7727.934311471951,10303.063693071836,True,1,1
69,bigshakeB0069 25-09-23 10-03-50.fits,2025-09-23 10:03:50,379.69411634784495,224.1862414471032,3.166342331944688,5.237845285915318,7.456166392693391,12.334183072044254,1004.5965579326117,630.3781101908104,7729.11511659836,10304.855327243804,True,1,1
70,bigshakeB0070 25-09-23 10-03-50.fits,2025-09-23 10:03:50,380.6815885810676,231.3812020103389,3.140649814446898,5.194750570296506,7.395665137482287,12.232702771870168,1007.9363174991216,648.6496519112386,7731.000125278267,10306.934859728965,True,1,1
71,bigshakeB0071 25-09-23 10-03-50.fits,2025-09-23 10:03:50,384.754379556154,228.04791024436003,3.2356039548925204,4.91496314795838,7.619265050762323,11.573853741400809,978.5704475184887,656.5327765947387,7728.428667329988,10304.255261766168,True,1,1
72,bigshakeB0072 25-09-23 10-03-50.fits,2025-09-23 10:03:50,389.4801988775498,235.41874766095614,3.037262146334641,4.922681665324389,7.152205784202537,11.592029460812206,1077.5412192340607,672.583033473211,7727.645889463193,10303.32869572116,True,1,1
73,bigshakeB0073 25-09-23 10-03-50.fits,2025-09-23 10:03:50,387.607655195246,240.10003477267927,2.9566009216153186,5.104766988695583,6.9622631153767305,12.020807630192635,1135.9747156862834,670.1933713060998,7729.856528733797,10306.148689539557,True,1,1
74,bigshakeB0074 25-09-23 10-03-50.fits,2025-09-23 10:03:50,380.980056311279,220.2872242221052,2.9244423172279577,5.019963355663006,6.886535389145153,11.821110335236076,1016.8861901176284,639.3399244121019,7728.332384615831,10303.212644410338,True,1,1
75,bigshakeB0075 25-09-23 10-03-50.fits,2025-09-23 10:03:50,374.61678416629326,229.09207983369637,2.910597589984337,4.740474393422234,6.853933547913889,11.162964124586608,1064.111365198281,682.8786687740699,7729.169485891117,10304.828377181911,True,1,1
76,bigshakeB0076 25-09-23 10-03-50.fits,2025-09-23 10:03:50,376.1287006500655,233.13111421255067,3.2161546672218755,4.904811299543427,7.573465478293914,11.549947965259161,1086.747288874721,690.868682774159,7728.726507484884,10305.52518386089,True,1,1
77,bigshakeB0077 25-09-23 10-03-50.fits,2025-09-23 10:03:50,382.2191681531741,233.97951943336756,3.0807976808701563,5.270707535221699,7.254724133597906,12.411567755435724,1097.5898138061054,664.2010696005469,7730.884306912627,10307.22244107323,True,1,1
78,bigshakeB0078 25-09-23 10-03-50.fits,2025-09-23 10:03:50,385.64587643795306,232.2588177119759,3.030755144707249,5.0378486071581685,7.136882966337305,11.863226883967304,1090.0199635741365,682.3946998853571,7728.918974858442,10304.524396539024,True,1,1
79,bigshakeB0079 25-09-23 10-03-50.fits,2025-09-23 10:03:50,384.68055837866086,231.445226551472,2.927599566699001,4.703986935930335,6.893970143486729,11.077042728292469,1125.9530607795925,694.1197811454409,7729.641096442313,10306.351108046852,True,1,1
80,bigshakeB0080 25-09-23 10-03-50.fits,2025-09-23 10:03:50,384.26093371764017,226.43391360064112,2.9489785748845727,4.647137708073535,6.9443138605049946,10.943173026990744,1051.410109476024,695.4974676715701,7726.056224606258,10300.721657638405,True,1,1
81,bigshakeB0081 25-09-23 10-03-51.fits,2025-09-23 10:03:51,384.05421519324307,237.6278332310463,3.1936572227962423,4.993368162533613,7.520488045198464,11.75848344135351,995.223875891601,641.8081383117991,7728.467066979462,10304.484993743868,True,1,1
82,bigshakeB0082 25-09-23 10-03-51.fits,2025-09-23 10:03:51,383.9460279460119,227.05275720891416,3.086283685251816,4.729751521125518,7.267642686682966,11.137713689961993,1060.595864725587,701.8929599820465,7731.295397477588,10308.151140312113,True,1,1
83,bigshakeB0083 25-09-23 10-03-51.fits,2025-09-23 10:03:51,383.0382386509022,237.31363560931035,2.9774365360182746,4.905679934875409,7.011327237823347,11.551993445150735,1123.5850554528045,703.6112636661585,7726.384871499495,10301.291441859981,True,1,1
84,bigshakeB0084 25-09-23 10-03-51.fits,2025-09-23 10:03:51,383.25190394199046,228.40859335630992,2.9363137604256146,5.451764518957704,6.914490501550442,12.837924370030112,1191.4917916662748,679.1344711260667,7733.995821876834,10310.929699796769,True,1,1
85,bigshakeB0085 25-09-23 10-03-51.fits,2025-09-23 10:03:51,379.8335528701372,236.78707419783615,2.9424328909091306,5.046391099034455,6.928899952671185,11.883342915072097,1117.0802418091068,688.4194886514347,7729.7685612310415,10305.381017077441,True,1,1
86,bigshakeB0086 25-09-23 10-03-51.fits,2025-09-23 10:03:51,379.85308266359056,225.33431669953288,3.1486708731173643,4.616681551609728,7.41455328722187,10.871454259255174,1051.901464052204,732.0608587192633,7730.824715304345,10307.413268376435,True,1,1
87,bigshakeB0087 25-09-23 10-03-51.fits,2025-09-23 10:03:51,384.54452978917834,231.44309479308072,3.3110681619288296,4.908232510106898,7.796969678173789,11.558004300472295,1003.5674387492178,683.7906798007683,7736.51371023094,10315.177593850543,True,1,1
88,bigshakeB0088 25-09-23 10-03-51.fits,2025-09-23 10:03:51,390.06460274329464,231.27459376870178,3.196196520792762,4.9576638425460615,7.526467635020975,11.674406192952626,1027.744395828288,677.6763693097784,7735.406319224236,10313.48437908075,True,1,1
89,bigshakeB0089 25-09-23 10-03-51.fits,2025-09-23 10:03:51,383.49010712082026,229.38123742898895,2.9079867630386884,4.426915024812066,6.847785520288169,10.424588238076137,1082.3546160752444,708.7916544611988,7727.447586631583,10303.314168748362,True,1,1
90,bigshakeB0090 25-09-23 10-03-51.fits,2025-09-23 10:03:51,380.40181535333744,235.80938828704382,2.9825023484213378,4.785582283561946,7.023256314414446,11.269185088476656,1088.7269727111259,701.7059387062338,7729.274453503213,10305.119922930526,True,1,1
91,bigshakeB0091 25-09-23 10-03-51.fits,2025-09-23 10:03:51,382.1902969438518,225.25167685112172,2.8830263556383926,4.731444921817567,6.789008252609813,11.1417013438559,1108.6036028424273,707.3811072975972,7728.769502558473,10304.238497346161,True,1,1
92,bigshakeB0092 25-09-23 10-03-51.fits,2025-09-23 10:03:51,383.55229460539346,224.02882678258547,2.868270765108917,4.334085321268227,6.754261492254735,10.205990991396822,1054.164818077779,702.4505799724022,7729.557630040154,10305.967955158554,True,1,1
93,bigshakeB0093 25-09-23 10-03-51.fits,2025-09-23 10:03:51,383.72756108157193,231.17007530482698,2.8686393370972953,4.532876568723216,6.755129412961006,10.674108605680539,1104.5587017677096,711.852030520039,7731.427416286074,10308.266185050179,True,1,1
94,bigshakeB0094 25-09-23 10-03-51.fits,2025-09-23 10:03:51,381.12372739519674,237.53620885277633,2.91463609242066,4.406552561995602,6.863443494402849,10.376638302469727,1120.260031838987,751.4130721240008,7729.14137794207,10305.281666357261,True,1,1
95,bigshakeB0095 25-09-23 10-03-51.fits,2025-09-23 10:03:51,376.4594605411741,233.14854601098966,3.021561848966321,4.981177966009534,7.11523440924667,11.729777722225744,1127.8697480537046,670.5546714675573,7730.3227981445525,10307.451000348923,True,1,1
96,bigshakeB0096 25-09-23 10-03-51.fits,2025-09-23 10:03:51,380.78190419335544,225.00149555174823,3.159920426851991,4.556043105509996,7.441043961853822,10.728661630879996,1032.8676861691972,728.8670195277178,7731.387371128593,10308.218990127543,True,1,1
97,bigshakeB0097 25-09-23 10-03-51.fits,2025-09-23 10:03:51,387.1319624384814,220.70250614814594,3.1223700520397095,4.952782895091983,7.352619586547436,11.662912440049018,1054.6986196737405,690.172428346778,7729.325427457427,10305.113869256917,True,1,1
98,bigshakeB0098 25-09-23 10-03-51.fits,2025-09-23 10:03:51,389.13933384749436,244.67972727240172,2.959833214220109,4.713767177438078,6.969874582793897,11.100073437040146,1063.3320171073776,698.5162468187515,7728.978008394583,10304.544933468454,True,1,1
99,bigshakeB0099 25-09-23 10-03-51.fits,2025-09-23 10:03:51,380.9028475824952,232.7280080556912,2.8949294519693796,4.534813871445579,6.8170379024479555,10.67867060496445,1069.559547146561,718.4325641004525,7730.687075457221,10306.738563467236,True,1,1
100,bigshakeB0100 25-09-23 10-03-51.fits,2025-09-23 10:03:51,376.09553766395163,232.44197286404818,2.872206605775665,4.774100693494124,6.763529688750841,11.24214801003612,1153.0485977914914,711.3239998793592,7728.516506282965,10304.249291295231,True,1,1
101,bigshakeB0101 25-09-23 10-03-51.fits,2025-09-23 10:03:51,377.3099925697044,222.01687437866727,2.9875547150735917,4.7510774942129625,7.03515372868202,11.187932518868099,1122.891358932257,748.3259773986574,7728.851587025773,10304.08759866309,True,1,1
102,bigshakeB0102 25-09-23 10-03-51.fits,2025-09-23 10:03:51,382.42447173081746,233.66629573654717,2.9680430555854547,4.861352117036028,6.989207281807537,11.447609411150081,1108.1191163393191,715.3771389339349,7732.521620074354,10309.043121720333,True,1,1
103,bigshakeB0103 25-09-23 10-03-51.fits,2025-09-23 10:03:51,383.6876297966024,233.3608080702379,3.0138207283571092,4.869263999348509,7.097005463265097,11.466240470213437,1141.5785776135065,717.4048547227895,7730.254550597285,10306.73075376392,True,1,1
104,bigshakeB0104 25-09-23 10-03-51.fits,2025-09-23 10:03:51,385.2311548207178,238.34474285448306,2.9278395840504325,4.53358766379511,6.894535341157035,10.675783106609758,1127.3854938136901,732.6987280628981,7731.054861991782,10307.963745240084,True,1,1
105,bigshakeB0105 25-09-23 10-03-51.fits,2025-09-23 10:03:51,386.89674382793686,219.66400044221325,2.9149366180322525,4.822309026495521,6.864151178137072,11.355669958925336,1117.5572572502479,723.423746444931,7729.302166009398,10304.530092960576,True,1,1
106,bigshakeB0106 25-09-23 10-03-51.fits,2025-09-23 10:03:51,387.6953665057845,234.91597482486756,2.888264303901233,4.7832142152916,6.801342678173985,11.263608713845642,1085.6364209435087,700.5265740342192,7730.376881320837,10306.045559409818,True,1,1
107,bigshakeB0107 25-09-23 10-03-51.fits,2025-09-23 10:03:51,381.83334860958917,230.02158923467522,2.898454646920729,4.611277422901474,6.825339102182036,10.858728508647049,1120.3704376297298,724.7070971273757,7732.753310102929,10309.844345363706,True,1,1
108,bigshakeB0108 25-09-23 10-03-51.fits,2025-09-23 10:03:51,377.74563289411435,236.72320718079874,2.9347273045273,4.5258895459116735,6.910754683400533,10.65765542430883,1118.2084030800743,732.3923765579779,7735.054932152108,10313.233774116228,True,1,1
109,bigshakeB0109 25-09-23 10-03-51.fits,2025-09-23 10:03:51,380.6447732992989,218.13555412208004,2.965731327115901,4.741105937148111,6.983763577268763,11.164451296411617,1141.9383942624243,743.2980991288001,7727.090384319859,10302.069800034189,True,1,1
110,bigshakeB0110 25-09-23 10-03-51.fits,2025-09-23 10:03:51,386.4725908266018,230.5856397285791,3.061165828204474,4.740812265479186,7.208494653419662,11.163759752478974,1112.49683557647,731.6012156472431,7727.735287376272,10303.318855322126,True,1,1
111,bigshakeB0111 25-09-23 10-03-51.fits,2025-09-23 10:03:51,386.4784019358328,231.88167799126683,2.9103852668664003,4.9083594717079855,6.853433565179748,11.558303272195484,1095.7623404643218,716.9636212573524,7728.801774066678,10303.345596633213,True,1,1
112,bigshakeB0112 25-09-23 10-03-51.fits,2025-09-23 10:03:51,380.83964699023636,240.63798458143748,2.9447592014877366,4.551786821267333,6.934377995452654,10.718638847428023,1095.5842085145896,731.4412955584265,7737.893806956285,10316.653166522288,True,1,1
113,bigshakeB0113 25-09-23 10-03-51.fits,2025-09-23 10:03:51,375.84130402594735,234.0950526168277,3.020211021447835,4.664269966401774,7.11205345352876,10.98351641231873,1147.5326309563043,742.4332452698137,7728.074298497816,10304.11411284879,True,1,1
114,bigshakeB0114 25-09-23 10-03-51.fits,2025-09-23 10:03:51,379.2598359968325,227.23212203630348,3.0778849291357724,4.473813200931379,7.24786512742758,10.535025003277285,1017.6437715259638,716.2484800400276,7729.904317050949,10306.162199678016,True,1,1
115,bigshakeB0115 25-09-23 10-03-51.fits,2025-09-23 10:03:51,385.75076665873837,225.904011866018,3.0605093954069655,4.507236665375262,7.206948872309874,10.613731247324122,1073.8091446072406,710.4443345847486,7728.312827152758,10304.857132184285,True,1,1
116,bigshakeB0116 25-09-23 10-03-51.fits,2025-09-23 10:03:51,389.88360873163947,236.76990007997338,2.889351562502016,5.135120091874322,6.8039029765212415,12.092283725986825,1153.2453317926902,676.6212033341305,7734.796227680066,10312.31800419382,True,1,1
117,bigshakeB0117 25-09-23 10-03-51.fits,2025-09-23 10:03:51,381.78075252799977,241.50080236018263,2.882138019092172,4.437370223103689,6.7869163799040395,10.449208348588023,1087.1940904635544,709.7105890206594,7728.971284562724,10305.212509010958,True,1,1
118,bigshakeB0118 25-09-23 10-03-51.fits,2025-09-23 10:03:51,376.8208671955776,232.05898432321388,2.7795743477814687,4.543671082184756,6.5453973908096295,10.699527742356128,1177.9411133099757,728.0726999538485,7736.546657211058,10315.218261815276,True,1,1
119,bigshakeB0119 25-09-23 10-03-51.fits,2025-09-23 10:03:51,376.6522715737351,222.4947401670545,2.845831987400235,4.729135504790001,6.701422208720337,11.136263082347051,1181.0045587595823,722.4309715510885,7729.286517791213,10305.425353705283,True,1,1
120,bigshakeB0120 25-09-23 10-03-51.fits,2025-09-23 10:03:51,379.83694919657,234.70468936096523,3.0810986864835703,4.978433164702722,7.25543294765004,11.723314209088834,1067.5947655918933,692.0458592051523,7730.493414236922,10306.510215490145,True,1,1
121,bigshakeB0121 25-09-23 10-03-51.fits,2025-09-23 10:03:51,382.43948953883785,230.93475048164012,3.0567648735483166,4.82424378650565,7.198131197178071,11.360225970579512,1083.4369912727466,722.003831904906,7730.607059461747,10306.581472206668,True,1,1
122,bigshakeB0122 25-09-23 10-03-51.fits,2025-09-23 10:03:51,387.3136201113794,230.8049419343783,2.889223807889099,4.820491376840374,6.803602137397899,11.351389721082551,1152.443344797492,709.881532284388,7729.276192471186,10305.219528493482,True,1,1
123,bigshakeB0123 25-09-23 10-03-51.fits,2025-09-23 10:03:51,388.58383795077344,232.55154669488184,2.838761081574249,4.777198780900399,6.684771497944779,11.249443448361674,1151.2329742348427,703.5187745217431,7728.154921705076,10303.722084977937,True,1,1
124,bigshakeB0124 25-09-23 10-03-51.fits,2025-09-23 10:03:51,386.8087983754182,229.24872223004166,2.763849776158507,4.436140121795409,6.508368854352354,10.446311681369867,1202.7828105830085,750.7229067907056,7728.906543827431,10305.177386991527,True,1,1
125,bigshakeB0125 25-09-23 10-03-51.fits,2025-09-23 10:03:51,381.4857856283704,229.16160622477958,2.8492088681655074,4.828230939507329,6.70937415523608,11.369614998390471,1212.7930451102022,724.3290964349524,7725.261475380864,10300.130727137937,True,1,1
126,bigshakeB0126 25-09-23 10-03-51.fits,2025-09-23 10:03:51,380.472661197759,236.5687162033603,2.7850513195166218,5.35107834196949,6.558294673637636,12.600826542200732,1279.6433528157063,703.2534291602259,7730.69640102122,10306.554471311623,True,1,1
127,bigshakeB0127 25-09-23 10-03-51.fits,2025-09-23 10:03:51,381.0187285462874,231.08498250762412,2.795348455817808,4.773255730064307,6.582542576606086,11.240158273214268,1188.2557361498812,725.5059779754993,7728.801580474779,10304.330171246684,True,1,1
128,bigshakeB0128 25-09-23 10-03-51.fits,2025-09-23 10:03:51,380.95717183423056,235.80162864457407,2.7649573445614326,4.755480043572681,6.510976978628807,11.198299730349602,1160.3326357749886,707.2886561440755,7730.573529835746,10306.620756441838,True,1,1
129,bigshakeB0129 25-09-23 10-03-51.fits,2025-09-23 10:03:51,381.9277378901925,227.11380706505378,2.8430169455340506,4.455897008123203,6.694793291706245,10.492835593321953,1099.7855879611514,720.441651588061,7728.919535400495,10304.789973581836,True,1,1
130,bigshakeB0130 25-09-23 10-03-51.fits,2025-09-23 10:03:51,389.45364844210764,229.62887999378427,2.9167133566008348,4.887300531080433,6.868335077733149,11.508713256678607,1162.9518268359727,708.4863534870727,7727.880506399053,10303.472051460689,True,1,1
131,bigshakeB0131 25-09-23 10-03-51.fits,2025-09-23 10:03:51,389.51458201873163,232.61129223981155,2.795693011310263,5.0878780741779766,6.583353942786344,11.981037275747763,1211.12209790947,694.7275540346105,7730.598036238007,10306.687184135782,True,1,1
132,bigshakeB0132 25-09-23 10-03-51.fits,2025-09-23 10:03:51,384.36414013967754,238.86263610261773,2.7908429402630985,5.3960464660460135,6.571932898264657,12.706718382163569,1162.8930565459532,685.3634229146846,7728.456029001051,10302.243447443549,True,1,1
133,bigshakeB0133 25-09-23 10-03-51.fits,2025-09-23 10:03:51,378.2607812663874,227.81176989431236,2.8047415742153525,4.674486014706695,6.604661680093972,11.007573367648163,1097.236732262654,724.8897846448601,7726.532715643784,10300.419421402254,True,1,1
134,bigshakeB0134 25-09-23 10-03-52.fits,2025-09-23 10:03:52,381.168019553251,230.6156482664696,2.8835224338839907,5.412942163800185,6.790176427606451,12.746504709909876,1226.8423266202715,688.3075021618043,7729.094505008687,10304.47683922633,True,1,1
135,bigshakeB0135 25-09-23 10-03-52.fits,2025-09-23 10:03:52,386.5354246443868,224.72520220036827,2.823407590870536,4.770745996199246,6.64861679027448,11.23424830160113,1136.4834392170956,725.7389184039687,7732.091939939372,10308.131793165412,True,1,1
136,bigshakeB0136 25-09-23 10-03-52.fits,2025-09-23 10:03:52,390.3484344653875,240.65836503033816,2.793359525334134,4.880889116201544,6.577859003234957,11.49361552840479,1180.396689368274,725.4193117623769,7730.20150614701,10305.664173471145,True,1,1
137,bigshakeB0137 25-09-23 10-03-52.fits,2025-09-23 10:03:52,385.06594454681255,224.04188306322678,2.7295910928934926,4.43224838452262,6.427695820283533,10.43714734042991,1113.787399756509,714.7312408466827,7730.447481885501,10306.59653446124,True,1,1
138,bigshakeB0138 25-09-23 10-03-52.fits,2025-09-23 10:03:52,380.7401162358245,238.3241756083763,2.789954087075445,4.952297272131611,6.56983980896128,11.661768885367609,1262.912637751326,718.5423773427646,7727.287460619978,10302.867343904094,True,1,1
139,bigshakeB0139 25-09-23 10-03-52.fits,2025-09-23 10:03:52,377.945598033432,227.43343042268242,2.853158743595098,4.538322398890229,6.718675401073056,10.686932555719656,1115.0038212023114,724.9678327547264,7735.12297863489,10312.928849323438,True,1,1
140,bigshakeB0140 25-09-23 10-03-52.fits,2025-09-23 10:03:52,380.30361763352124,237.4315348277728,2.941585972799881,4.691290418468799,6.926905612931025,11.047144714471958,1121.8379912406056,705.4816314959633,7729.056514935365,10305.358364348076,True,1,1
141,bigshakeB0141 25-09-23 10-03-52.fits,2025-09-23 10:03:52,381.9266881028174,235.40465541870233,2.8967327138363013,4.516478916659853,6.821284259638623,10.63549508591029,1095.1598664860812,716.9534086506973,7730.395326605725,10306.850572007439,True,1,1
142,bigshakeB0142 25-09-23 10-03-52.fits,2025-09-23 10:03:52,387.82014563249646,233.50468451212436,2.819668184198415,4.694385022737547,6.639811160486446,11.054431950635445,1171.358234518555,714.9560442244069,7731.185943738631,10307.968867283027,True,1,1
143,bigshakeB0143 25-09-23 10-03-52.fits,2025-09-23 10:03:52,391.33010349059936,216.71108377230934,2.7781904059847293,4.430863476323008,6.542138456925512,10.433886130840934,1148.0520724974226,737.3491888133748,7727.562642088412,10303.011689230754,True,1,1
144,bigshakeB0144 25-09-23 10-03-52.fits,2025-09-23 10:03:52,388.26020989161435,233.6611122518172,2.779051328191464,4.284249467082367,6.544165773795143,10.088636522998721,1083.7307318991093,714.192889404977,7728.058873458363,10303.827640977677,True,1,1
145,bigshakeB0145 25-09-23 10-03-52.fits,2025-09-23 10:03:52,380.6810720177042,228.1846365243095,2.807010796180128,4.564113413527883,6.61000528946325,10.74766575397009,1112.3520493932886,719.2683323850689,7730.828661641062,10306.933718630082,True,1,1
146,bigshakeB0146 25-09-23 10-03-52.fits,2025-09-23 10:03:52,374.7582163162695,245.87327896810572,2.7959411315372735,4.640840183818106,6.583938221270486,10.928343490639993,1142.1413397963993,724.583504634803,7726.988177591114,10301.76670967858,True,1,1
147,bigshakeB0147 25-09-23 10-03-52.fits,2025-09-23 10:03:52,375.74873167495247,228.67694130433102,2.748927684296976,5.233449641015137,6.473230013323029,12.323832119322471,1283.2289484726036,711.2135387380036,7728.706030910155,10303.925163124002,True,1,1
148,bigshakeB0148 25-09-23 10-03-52.fits,2025-09-23 10:03:52,379.60570380282627,231.42002591602795,2.7886109939515378,4.593470662463006,6.566677066350761,10.81679679222948,1165.8914363517315,723.8034623894322,7730.050634130493,10306.350078300906,True,1,1
149,bigshakeB0149 25-09-23 10-03-52.fits,2025-09-23 10:03:52,384.5597468686469,228.23169055535547,2.794817968625937,4.19860490052313,6.581293374733035,9.886958980917042,1087.2749301936203,721.9665534077762,7729.496905698157,10306.034952604557,True,1,1
150,bigshakeB0150 25-09-23 10-03-52.fits,2025-09-23 10:03:52,388.49781638031305,239.80197809992382,2.7187711302547033,4.964308688266239,6.402216755375226,11.690053608850636,1235.1871644637345,699.2743749822597,7728.830098404729,10304.515533075868,True,1,1
151,bigshakeB0151 25-09-23 10-03-52.fits,2025-09-23 10:03:52,389.7783390051512,235.0124470078703,2.820463541744034,4.679004449431858,6.641684084377837,11.01821346831114,1151.715808146761,702.9819620244017,7728.885215276677,10304.966788726326,True,1,1
152,bigshakeB0152 25-09-23 10-03-52.fits,2025-09-23 10:03:52,385.34306787665815,227.75796396180033,2.812878334442718,4.642328920539817,6.623822286178983,10.93184919771405,1136.2403271103683,701.9914901903168,7731.253985680624,10308.010855804047,True,1,1
153,bigshakeB0153 25-09-23 10-03-52.fits,2025-09-23 10:03:52,377.89402976891097,232.52321220382854,2.74428423923227,4.813096862696357,6.462295535806659,11.333976970952955,1208.3183273351453,712.2086620675009,7728.240778892168,10303.73636572943,True,1,1
154,bigshakeB0154 25-09-23 10-03-52.fits,2025-09-23 10:03:52,377.39764352423896,234.1661047081911,2.804985525428742,4.599084351480465,6.605236141301272,10.830016019654362,1122.124393174112,725.5309382895836,7730.87075081148,10306.839454076695,True,1,1
155,bigshakeB0155 25-09-23 10-03-52.fits,2025-09-23 10:03:52,379.21695257885614,235.84676843334432,2.828123109037316,4.890612057225357,6.65972098697632,11.516511304824318,1127.9701904328892,720.9856966550562,7729.933998661106,10304.823906131423,True,1,1
156,bigshakeB0156 25-09-23 10-03-52.fits,2025-09-23 10:03:52,385.939850691224,228.3287157314126,2.771508356032577,4.458400964505079,6.526403431756285,10.498731960001876,1100.9691535477082,720.3715879534956,7724.46470597513,10298.448850990957,True,1,1
157,bigshakeB0157 25-09-23 10-03-52.fits,2025-09-23 10:03:52,391.13870256711175,223.1547550658744,2.8377746457360415,4.990831214858536,6.682448619059832,11.752509386115046,1105.675573250574,676.402831628945,7727.793839794721,10302.481444318153,True,1,1
158,bigshakeB0158 25-09-23 10-03-52.fits,2025-09-23 10:03:52,391.187220063353,241.3327978540045,2.75668299119897,5.1989663490568,6.491492365471211,12.242630172200323,1161.6251226114698,667.9990756382437,7728.483115908069,10303.230664259761,True,1,1
159,bigshakeB0159 25-09-23 10-03-52.fits,2025-09-23 10:03:52,385.1788713132276,236.91428989395573,2.7884759308966083,5.349096144250126,6.56635901716167,12.596158823277959,1160.4183753868479,640.6529925398135,7728.459461660983,10303.614581956144,True,1,1
160,bigshakeB0160 25-09-23 10-03-52.fits,2025-09-23 10:03:52,379.46425052354545,227.90797582180969,2.946171939520861,5.228318254102556,6.9377047392914335,12.311748626561915,1157.0593329865033,673.5502483338969,7725.6596336793045,10300.291293017666,True,1,1
161,bigshakeB0161 25-09-23 10-03-52.fits,2025-09-23 10:03:52,375.536580454647,225.13298796258138,2.759473279890256,4.998516333878451,6.498062993212875,11.770606458431589,1184.4908675165502,666.4963953363101,7730.501418385547,10307.006635732369,True,1,1
162,bigshakeB0162 25-09-23 10-03-52.fits,2025-09-23 10:03:52,376.788704437272,231.91848257257394,2.771650565472633,5.014140715610336,6.526738309396322,11.807399065725047,1184.4196254717945,682.6405929547815,7730.436324071645,10306.517025808329,True,1,1
163,bigshakeB0163 25-09-23 10-03-52.fits,2025-09-23 10:03:52,385.29474971455505,230.9806952388289,3.151449479964912,5.338947659132547,7.421096406323737,12.572260967096385,1048.0780112974007,647.4002042949587,7733.94796059736,10311.129167251751,True,1,1
164,bigshakeB0164 25-09-23 10-03-52.fits,2025-09-23 10:03:52,389.2294869253441,227.0739115755871,3.0474943257544655,4.823620823611805,7.176300725404693,11.358759005069777,1041.0584324894185,703.748462046061,7728.931909125053,10304.083250445095,True,1,1
165,bigshakeB0165 25-09-23 10-03-52.fits,2025-09-23 10:03:52,390.7565552243402,233.3066532813705,2.7814595492938863,4.870057561021671,6.549836701119993,11.468109165148366,1092.3756665069543,665.6868733610384,7729.574787244362,10305.036829365987,True,1,1
166,bigshakeB0166 25-09-23 10-03-52.fits,2025-09-23 10:03:52,384.8435308941799,234.55303360576625,2.7438606154388325,4.733444817405835,6.4612979780063196,11.146410738075122,1116.6619785457956,678.532436879968,7729.743404906925,10305.552545244593,True,1,1
167,bigshakeB0167 25-09-23 10-03-52.fits,2025-09-23 10:03:52,377.97301869251396,235.12637148508023,2.8746816095140946,5.002460923089737,6.769357877165622,11.77989525617574,1126.7553258900791,687.6379383036425,7734.935739949277,10312.198947351382,True,1,1
168,bigshakeB0168 25-09-23 10-03-52.fits,2025-09-23 10:03:52,375.1386357110891,230.39377865536116,2.751570681480705,4.813203354371013,6.479453796070233,11.334227739683065,1154.3693711531273,681.2227379499665,7729.426756447142,10305.366891396934,True,1,1
169,bigshakeB0169 25-09-23 10-03-52.fits,2025-09-23 10:03:52,378.5187545787719,226.9378267286624,2.813951738998598,5.0940812365397194,6.626349960743597,11.995644606819777,1109.4916277256068,650.5373403713004,7735.109635028935,10312.47772807654,True,1,1
170,bigshakeB0170 25-09-23 10-03-52.fits,2025-09-23 10:03:52,384.9461684298444,233.55150108808127,2.8914637940627506,4.905770845406753,6.808876901740206,11.552207523092248,1113.7392812746248,684.9200814226274,7727.655957350004,10302.811617030702,True,1,1
171,bigshakeB0171 25-09-23 10-03-52.fits,2025-09-23 10:03:52,391.2177750869883,238.544247215148,2.763603412528146,5.400044544637305,6.507788712337215,12.716133137771951,1197.4909163217546,648.3071704599124,7730.111858589436,10305.815783665315,True,1,1
172,bigshakeB0172 25-09-23 10-03-52.fits,2025-09-23 10:03:52,387.96005595911083,229.09063643443002,2.8269214517681074,5.047812183523249,6.656891300351531,11.88668931331199,1108.4354168181974,647.3540565480029,7727.761845191198,10302.981325855479,True,1,1
173,bigshakeB0173 25-09-23 10-03-52.fits,2025-09-23 10:03:52,378.7000927604639,241.79183289539802,2.840451900479398,5.291953736726861,6.688753072195142,12.461598736620848,1072.9551944615962,627.6857265060451,7731.59938297277,10307.368277921789,True,1,1
174,bigshakeB0174 25-09-23 10-03-52.fits,2025-09-23 10:03:52,374.48833679699226,231.17255399165987,2.7507753971234945,5.208368336507545,6.477581044524375,12.264770160712466,1144.1363102541193,646.3419664779742,7730.953100078162,10306.793164752327,True,1,1
175,bigshakeB0175 25-09-23 10-03-52.fits,2025-09-23 10:03:52,378.42425186373094,224.721800764357,3.0267379740108646,5.124629556133303,7.127423252257149,12.067580402140758,1097.9648714217753,656.2080823322544,7728.501316633593,10304.46177489405,True,1,1
176,bigshakeB0176 25-09-23 10-03-52.fits,2025-09-23 10:03:52,389.1929017444358,221.80608946891888,3.061750017090759,5.281161863898875,7.209870313119171,12.436185818162082,1043.4488367442495,649.4076540441876,7730.315430296493,10305.860833641238,True,1,1
177,bigshakeB0177 25-09-23 10-03-52.fits,2025-09-23 10:03:52,395.1177311665058,235.65750409977528,2.818367470199115,5.227330943594552,6.636748213088043,12.309423687986998,1151.9175621840895,669.4390243090215,7728.5893182240325,10303.465326737629,True,1,1
178,bigshakeB0178 25-09-23 10-03-52.fits,2025-09-23 10:03:52,388.4051297554496,242.74820671178577,2.8277979339115906,5.255071583767168,6.658955258072117,12.374747903527465,1128.8502130879485,640.9132089399382,7733.125688646989,10309.91575769336,True,1,1
179,bigshakeB0179 25-09-23 10-03-52.fits,2025-09-23 10:03:52,376.11174164729607,231.9977693390618,2.8500452878591696,4.942880207334298,6.711343773096774,11.63959339241754,1124.537494183269,683.9502842467264,7725.639530512301,10299.93516893392,True,1,1
180,bigshakeB0180 25-09-23 10-03-52.fits,2025-09-23 10:03:52,371.97770630315665,220.17403751757004,2.7658897430053617,5.1959738581933514,6.513172609174527,12.235583394730503,1138.55468939046,654.3854204009767,7729.773960853335,10305.05424770287,True,1,1
181,bigshakeB0181 25-09-23 10-03-52.fits,2025-09-23 10:03:52,380.0080869527691,222.4540525615444,3.175335545263734,5.4284245793552435,7.47734379168632,12.782963012404426,1016.1770127073742,633.6284541972371,7730.2903985213225,10305.942063886716,True,1,1
182,bigshakeB0182 25-09-23 10-03-52.fits,2025-09-23 10:03:52,389.91795338599036,237.46136268790323,3.080016787537999,5.076053242453788,7.252885270326311,11.953191924974524,1039.0891844674445,678.1397988341923,7729.269931968756,10304.430206981615,True,1,1
183,bigshakeB0183 25-09-23 10-03-52.fits,2025-09-23 10:03:52,391.9670409003651,243.87855779381394,2.8912182966716107,5.364212637866151,6.808298799562547,12.631755445455557,1104.9597809578918,638.6662247293164,7728.981445226391,10304.100913192013,True,1,1
184,bigshakeB0184 25-09-23 10-03-52.fits,2025-09-23 10:03:52,387.19257575421074,229.6234610839156,2.797364507110598,5.3573832853424115,6.587290014602157,12.615673549238073,1086.7204273270918,644.0595001705084,7727.585886678115,10301.304052721378,True,1,1
185,bigshakeB0185 25-09-23 10-03-52.fits,2025-09-23 10:03:52,380.6004902806495,219.058146748575,2.824685889387913,4.58936449732231,6.651626953246733,10.807127512247963,1063.3636674789404,686.303819776567,7731.768624990649,10308.26224368577,True,1,1
186,bigshakeB0186 25-09-23 10-03-53.fits,2025-09-23 10:03:53,379.04359762971563,236.91613236097072,2.9858208615429596,5.467688920933598,7.03107081563294,12.875423471008077,1069.6926508648758,649.1332052494369,7729.937583281708,10304.727767611657,True,1,1
187,bigshakeB0187 25-09-23 10-03-53.fits,2025-09-23 10:03:53,381.3651050301382,235.97116115404938,2.9865571052811077,5.3740801132799,7.03280453714556,12.654991574353705,1109.0446232463166,670.6135273517147,7729.572629551578,10304.57351063356,True,1,1
188,bigshakeB0188 25-09-23 10-03-53.fits,2025-09-23 10:03:53,385.3496978155176,232.5917087555735,3.013059932372916,5.570564932976561,7.095213925631339,13.117677966319693,1043.6594061582337,623.6849929681192,7730.368180973183,10305.435994072963,True,1,1
189,bigshakeB0189 25-09-23 10-03-53.fits,2025-09-23 10:03:53,391.0865481811049,226.70523816553296,2.9666760170172775,5.473295438413598,6.985988151984863,12.8886258107528,1155.5536206783077,660.3105727670631,7731.013897230341,10307.047620432435,True,1,1
190,bigshakeB0190 25-09-23 10-03-53.fits,2025-09-23 10:03:53,391.34173230232653,235.49443162534868,2.9062929936277064,5.207066637211319,6.843796998127528,12.26170489311711,1114.3624133781327,648.7441475066017,7729.874803219045,10305.771821481734,True,1,1
191,bigshakeB0191 25-09-23 10-03-53.fits,2025-09-23 10:03:53,376.0762037562026,234.00895584517616,2.827442266196283,5.4808197318338205,6.65811772460674,12.906344167723432,1129.4470296465336,636.0419409199433,7733.570652012868,10309.899615780882,True,1,1
192,bigshakeB0192 25-09-23 10-03-53.fits,2025-09-23 10:03:53,377.29605247784906,231.15656132666237,3.027603320607389,5.3424715812593995,7.129460987768544,12.580559169557826,1080.2490277596698,650.776448083552,7730.888918647316,10306.775142525625,True,1,1
193,bigshakeB0193 25-09-23 10-03-53.fits,2025-09-23 10:03:53,385.4033696641131,230.72874031854386,3.0245257103424485,5.317822446990749,7.122213769425868,12.52251489408935,983.1333594063259,624.0704621450823,7731.275797561769,10306.56513121155,True,1,1
194,bigshakeB0194 25-09-23 10-03-53.fits,2025-09-23 10:03:53,390.97973874073716,232.34596739884662,3.115649316501497,5.390449965174997,7.336793463784701,12.693539629730466,1033.3042600848241,612.8795557075109,7729.523635254443,10305.59137654528,True,1,1
195,bigshakeB0195 25-09-23 10-03-53.fits,2025-09-23 10:03:53,390.6745210151405,233.96353398953187,2.9278761872800905,5.463380119061763,6.894621535175947,12.865277017990215,1104.3111498158473,644.4425741165294,7731.155239207689,10306.705366806433,True,1,1
196,bigshakeB0196 25-09-23 10-03-53.fits,2025-09-23 10:03:53,382.34402702605274,235.33066751791273,2.920335639279126,4.968420693484276,6.876864901592758,11.699736641163344,1028.6578549174822,621.048236749378,7728.701598442644,10304.5093235911,True,1,1
197,bigshakeB0197 25-09-23 10-03-53.fits,2025-09-23 10:03:53,376.5083962921075,228.6334777391582,2.871503403128012,5.003894675861653,6.7618737730604295,11.783271485942665,1066.631884083225,657.1368838273536,7726.31032181553,10300.56999006419,True,1,1
198,bigshakeB0198 25-09-23 10-03-53.fits,2025-09-23 10:03:53,379.9854489684494,222.97124875363778,3.059507609687902,5.102591772566235,7.204589847217798,12.015685387648974,1052.6894211979486,638.6943311617197,7734.398240626824,10312.331057030397,True,1,1
199,bigshakeB0199 25-09-23 10-03-53.fits,2025-09-23 10:03:53,386.2831914500772,234.74111843606119,2.9914976507892934,5.589597969869715,7.044438632741623,13.162497343113504,1052.7924219884485,630.9382401727779,7731.089936869127,10306.149784079922,True,1,1
200,bigshakeB0200 25-09-23 10-03-53.fits,2025-09-23 10:03:53,387.18845995895083,239.90785347194108,2.8667387662998247,5.308804171930405,6.750653910750121,12.501278479205649,1108.9756323147908,649.6546468301575,7728.793858081226,10303.649826174165,True,1,1
201,bigshakeB0201 25-09-23 10-03-53.fits,2025-09-23 10:03:53,384.3044620790288,233.67289831487815,2.925144272132927,5.294519659440759,6.888188366626082,12.467641022861535,1113.512724713196,631.6170028474197,7728.955386028289,10304.81992234663,True,1,1
202,bigshakeB0202 25-09-23 10-03-53.fits,2025-09-23 10:03:53,380.9126134089879,228.60085810226226,2.9324649276168504,5.541847232914232,6.905427192902391,13.050052950565734,1054.2822009053405,616.1288163279962,7731.075615280519,10306.414871602485,True,1,1
203,bigshakeB0203 25-09-23 10-03-53.fits,2025-09-23 10:03:53,381.18840360748135,223.85858168541674,2.9828703634912745,5.615212077146581,7.024122923678007,13.222813956364643,1078.2001066601936,614.2993831821676,7730.720866779192,10306.409547904886,True,1,1
204,bigshakeB0204 25-09-23 10-03-53.fits,2025-09-23 10:03:53,384.66506116929327,236.2595490061534,2.9515139539477784,6.204681584791331,6.9502842219447825,14.610908568901024,1158.349635526807,611.678776224805,7729.77207172893,10304.39721624086,True,1,1
205,bigshakeB0205 25-09-23 10-03-53.fits,2025-09-23 10:03:53,384.3395325091257,243.49261570813815,2.959241505427556,5.419646575296487,6.968481215068372,12.762292392491505,1020.814981188717,615.5024544868393,7729.117002969945,10303.844531120083,True,1,1
206,bigshakeB0206 25-09-23 10-03-53.fits,2025-09-23 10:03:53,384.49761861523933,236.41722938088114,2.945706566460926,5.37231626492542,6.936608869481481,12.65083802889218,1048.0422487231656,624.2528417019731,7728.010116702877,10302.62200338516,True,1,1
207,bigshakeB0207 25-09-23 10-03-53.fits,2025-09-23 10:03:53,385.69631089456806,221.8158956033955,2.9372051711778018,5.618039133409849,6.916589613458048,13.229471165121817,1040.1686239416267,609.2236904000699,7730.194965181236,10305.007723857312,True,1,1
208,bigshakeB0208 25-09-23 10-03-53.fits,2025-09-23 10:03:53,388.31915537503505,225.7747205822291,2.934819075562844,5.777593219776844,6.910970787674586,13.605192325965415,1101.6161485301589,626.4018686180387,7729.623375435747,10304.148486811579,True,1,1
209,bigshakeB0209 25-09-23 10-03-53.fits,2025-09-23 10:03:53,384.1765482451947,233.7325754735402,2.9798209544817027,5.512788415179274,7.01694211421677,12.981624664078552,1022.3506818749634,596.6064410450776,7727.719925803158,10302.359973217059,True,1,1
210,bigshakeB0210 25-09-23 10-03-53.fits,2025-09-23 10:03:53,376.9447150606946,243.97925657901132,2.909002659892005,5.5853811764452805,6.8501777745620425,13.152567553431892,1026.241709190868,582.1501538371064,7731.5200979579795,10307.303378505618,True,1,1
211,bigshakeB0211 25-09-23 10-03-53.fits,2025-09-23 10:03:53,377.3753845840165,230.97141978617995,3.0626322447348846,5.4967221642281885,7.211947800459838,12.94379153429044,1078.0085096377454,626.425429057598,7727.441027200125,10302.514501251215,True,1,1
212,bigshakeB0212 25-09-23 10-03-53.fits,2025-09-23 10:03:53,384.332816344096,228.28865308860634,3.0484911716395464,5.331846245511368,7.178648118076688,12.555538415953178,1073.285983038809,642.2431691389299,7729.393055966185,10305.061349879674,True,1,1
213,bigshakeB0213 25-09-23 10-03-53.fits,2025-09-23 10:03:53,390.5071314597886,226.65939056338746,3.0072706852069366,5.453295611579118,7.081581290359252,12.841529817625817,1094.150207625609,632.1282228799305,7729.169024491918,10304.739991600343,True,1,1
214,bigshakeB0214 25-09-23 10-03-53.fits,2025-09-23 10:03:53,387.36315136612467,237.83654033621832,3.1014077374903257,5.451468276964875,7.303257108056304,12.837226773447219,1028.1954723164115,616.34728424046,7731.324577995919,10307.539030926817,True,1,1
215,bigshakeB0215 25-09-23 10-03-53.fits,2025-09-23 10:03:53,381.9467853376708,238.8803042127657,3.0041765145788335,5.3145747097050595,7.074295075341449,12.514867057228013,1027.9331099000947,626.7399043913525,7729.736406258962,10305.047462613591,True,1,1
216,bigshakeB0216 25-09-23 10-03-53.fits,2025-09-23 10:03:53,381.43220077806444,227.2956158953303,3.011160451918342,5.513830824852038,7.0907409909817645,12.984079351271111,1088.1571518150884,617.6713331504715,7730.049597247039,10306.058516165469,True,1,1
217,bigshakeB0217 25-09-23 10-03-53.fits,2025-09-23 10:03:53,384.9722586545805,223.7444282145896,2.993307382905182,6.44408734272301,7.048700226204254,15.174666046574368,1218.3377473725616,604.7588848410201,7729.724498717694,10304.992439861646,True,1,1
218,bigshakeB0218 25-09-23 10-03-53.fits,2025-09-23 10:03:53,385.2281781128905,237.29360789919377,2.929500691784605,5.366262642587435,6.898446950946421,12.636582837665644,1051.7672201923813,607.1048579678522,7736.647961366295,10314.607699060627,True,1,1
219,bigshakeB0219 25-09-23 10-03-53.fits,2025-09-23 10:03:53,383.10619298375826,238.51705547911575,2.993689535995104,5.198567737004307,7.049600127960673,12.241691512548922,1010.6578307902647,624.6035199955909,7730.553056388787,10306.247642570615,True,1,1
220,bigshakeB0220 25-09-23 10-03-53.fits,2025-09-23 10:03:53,383.5028268171173,233.71966939943445,3.0744047690198233,5.229285126583549,7.239669976626626,12.314025437261146,1029.4278769337348,603.0873384649835,7728.937230288122,10305.307931635338,True,1,1
221,bigshakeB0221 25-09-23 10-03-53.fits,2025-09-23 10:03:53,388.86585738989703,229.80984343896978,2.9837655726500385,5.965755755275466,7.02623098014956,14.048281236281417,1131.4189503167925,597.0636996292758,7730.632658439269,10306.538645831763,True,1,1
222,bigshakeB0222 25-09-23 10-03-53.fits,2025-09-23 10:03:53,389.71526724240545,223.5873028999923,3.059110589655544,5.577844064937343,7.203654936487322,13.134819012171368,995.0708685359133,614.8072406297092,7729.4902245947915,10303.975046592443,True,1,1
223,bigshakeB0223 25-09-23 10-03-53.fits,2025-09-23 10:03:53,379.9166177627964,243.76985491243516,3.0476475871152195,5.602664076800893,7.176661628329126,13.193265673625561,1014.0530214131425,610.7369728459984,7728.838007601869,10303.38736338911,True,1,1
224,bigshakeB0224 25-09-23 10-03-53.fits,2025-09-23 10:03:53,376.0573707670772,235.09477110215977,3.1212842971264068,5.3503085179374,7.3500628291136,12.59901374513882,1047.077039225094,632.0409906003009,7729.755897664226,10305.749062483634,True,1,1
225,bigshakeB0225 25-09-23 10-03-53.fits,2025-09-23 10:03:53,381.70970121303856,237.68701585417057,3.124690340098992,5.77637769207587,7.358083447379681,13.60232997696987,1082.4074088215223,609.4990895714064,7735.957987489546,10313.887336440288,True,1,1
226,bigshakeB0226 25-09-23 10-03-53.fits,2025-09-23 10:03:53,391.50171824909427,222.27971575700198,3.1508874612867936,5.818185669571872,7.419772953474821,13.700780240419661,1080.2981380691192,617.3616418320325,7730.090145913273,10305.804958530858,True,1,1
227,bigshakeB0227 25-09-23 10-03-53.fits,2025-09-23 10:03:53,393.9018844125729,227.85892722606317,2.970295361114555,5.332070883764278,6.994511056014996,12.55606739861401,1070.0451587992575,629.3264610140283,7729.520402490214,10305.101510049997,True,1,1
228,bigshakeB0228 25-09-23 10-03-53.fits,2025-09-23 10:03:53,387.8043204277206,231.70605884332818,3.164127963506282,5.440326181488613,7.450951953507549,12.81098914367607,1009.1670774967561,625.0064162653479,7727.610938449884,10302.399719496012,True,1,1
229,bigshakeB0229 25-09-23 10-03-53.fits,2025-09-23 10:03:53,377.71081232611107,243.07385480931683,3.0327103218925533,5.5437104470003975,7.141487056764847,13.05444048444402,1041.0313365113582,628.7018061389854,7728.701886511701,10303.22197140667,True,1,1
230,bigshakeB0230 25-09-23 10-03-53.fits,2025-09-23 10:03:53,375.495545855879,234.1945465532477,3.126129089420648,5.4830414607127755,7.361471443122091,12.911575939422221,1081.1151649321068,664.8499400193746,7728.367710104441,10303.102787130007,True,1,1
231,bigshakeB0231 25-09-23 10-03-53.fits,2025-09-23 10:03:53,380.62302310715114,223.89356779103147,3.118089166840993,5.626560419938612,7.342538872271022,13.2495372614492,1071.9148646889055,613.6556345533293,7728.685985665467,10304.337891305515,True,1,1
232,bigshakeB0232 25-09-23 10-03-53.fits,2025-09-23 10:03:53,386.8730932338039,223.55595607087122,3.2439919066672904,5.70881198392654,7.639017167738304,13.443224893063118,999.5348507263487,600.7734929020489,7731.661407057674,10307.904186867832,True,1,1
233,bigshakeB0233 25-09-23 10-03-53.fits,2025-09-23 10:03:53,389.6629477257149,239.01776106620375,3.0582514436370567,5.859051369462622,7.20163180222138,13.797011609676618,997.7280714346514,599.4258196075466,7728.914870056736,10302.813654966316,True,1,1
234,bigshakeB0234 25-09-23 10-03-53.fits,2025-09-23 10:03:53,386.67514815943264,244.62036688473117,2.989244633683122,6.116066377228035,7.0391331828982135,14.402235701836396,1135.143401364689,604.0050146588426,7727.867899211054,10302.252452817755,True,1,1
235,bigshakeB0235 25-09-23 10-03-53.fits,2025-09-23 10:03:53,386.1607612574871,230.2994995709571,3.068787167310582,5.879811575391689,7.226441535516704,13.845898158737354,1013.6855731335917,575.9029639831813,7730.892840097994,10306.418860508658,True,1,1
236,bigshakeB0236 25-09-23 10-03-53.fits,2025-09-23 10:03:53,386.1427153657899,220.53348604617128,3.0052991473078623,5.909451804357721,7.076938673394974,13.915695564045873,1095.9990481803527,583.6142182971664,7728.27289881732,10303.554249789486,True,1,1
237,bigshakeB0237 25-09-23 10-03-53.fits,2025-09-23 10:03:53,384.9720820658463,231.06647067373584,2.973453507161906,5.286548113269635,7.001947921632434,12.448869466147883,1021.5137114339404,607.8104376071707,7730.416106722722,10306.303446032573,True,1,1
238,bigshakeB0238 25-09-23 10-03-54.fits,2025-09-23 10:03:54,380.75502519280235,238.51448299152145,2.9780664933050955,5.538033566994977,7.012810673869867,13.04107245361402,1070.0447249991005,627.2099796198713,7728.08315165453,10302.61292045519,True,1,1
239,bigshakeB0239 25-09-23 10-03-54.fits,2025-09-23 10:03:54,381.9709316756229,237.57202949438476,3.042002895901467,6.250546236006336,7.16336939631097,14.718911568940472,1145.6057853752015,582.1803514976773,7729.925875927092,10305.76357720674,True,1,1
240,bigshakeB0240 25-09-23 10-03-54.fits,2025-09-23 10:03:54,386.1542094686997,214.57874632473508,2.976487311850878,6.1672450629387345,7.009091985726734,14.52275229682629,1131.3505059456675,603.8014620254908,7729.045396166612,10303.532997339347,True,1,1
241,bigshakeB0241 25-09-23 10-03-54.fits,2025-09-23 10:03:54,387.305093997703,231.27201879408048,3.1214424300541266,5.3700757400354995,7.350435203701574,12.645561995970004,996.1789205511681,623.7519182746919,7730.533752192137,10306.124604900735,True,1,1
242,bigshakeB0242 25-09-23 10-03-54.fits,2025-09-23 10:03:54,384.16858259374527,232.8118041486618,3.0614915119467767,5.931283865986671,7.209261580024378,13.967106140394076,1048.1038890780012,611.3774207970376,7729.979419607559,10304.459024199887,True,1,1
243,bigshakeB0243 25-09-23 10-03-54.fits,2025-09-23 10:03:54,381.9244352588093,236.8663222590966,3.1469490112221155,5.917680334541736,7.410498612316164,13.935072271864335,1078.1511262262516,611.5668929631282,7736.850460099196,10314.619517613102,True,1,1
244,bigshakeB0244 25-09-23 10-03-54.fits,2025-09-23 10:03:54,382.91771773262974,234.17472203749227,3.0956586468711538,5.664286739309841,7.289719034225578,13.338375954529807,1052.7603459421111,610.7235295197612,7725.54051854736,10299.674557805023,True,1,1
245,bigshakeB0245 25-09-23 10-03-54.fits,2025-09-23 10:03:54,385.69434199957294,231.12075630287578,2.9735505718616357,5.875397807937395,7.002176491533022,13.835504530661877,1076.2118162042611,597.715370238585,7730.570879279162,10305.800382868942,True,1,1
246,bigshakeB0246 25-09-23 10-03-54.fits,2025-09-23 10:03:54,387.06715974010325,224.9821774284594,2.9578630265980883,5.793807126776515,6.96523514548909,13.643373159176507,1089.3852049482557,591.2725114112469,7729.889080435011,10305.456242014236,True,1,1
247,bigshakeB0247 25-09-23 10-03-54.fits,2025-09-23 10:03:54,389.0541970001482,234.35839146688275,2.9819399536628595,5.645575853408739,7.021931975963962,13.294315185349607,1083.556180076693,606.5856531211155,7728.7403667526205,10303.977058361032,True,1,1
248,bigshakeB0248 25-09-23 10-03-54.fits,2025-09-23 10:03:54,386.9467629316901,235.93203152039897,2.945189936758882,5.289805995168614,6.935392299503249,12.45654119174794,1049.467422891884,656.1667249178973,7728.506735248532,10302.690638760792,True,1,1
249,bigshakeB0249 25-09-23 10-03-54.fits,2025-09-23 10:03:54,384.9671214732826,230.24117257199003,2.9249049474855227,5.565986328644047,6.887624800149105,13.106896177059223,1065.2946156337202,612.015179610305,7727.8103645709425,10302.22968893184,True,1,1
250,bigshakeB0250 25-09-23 10-03-54.fits,2025-09-23 10:03:54,384.1638336611818,225.6473261550319,2.919158738794147,5.43337684747272,6.874093512739723,12.794624712635828,1097.4116347819452,630.9496083599647,7730.896827013678,10306.689186559348,True,1,1
251,bigshakeB0251 25-09-23 10-03-54.fits,2025-09-23 10:03:54,384.0981877545709,234.88426890190124,2.9116521600050698,5.787461552346409,6.8564168705376,13.628430473311258,1100.4431340243814,615.8500730106714,7729.802333162902,10304.522612285451,True,1,1
252,bigshakeB0252 25-09-23 10-03-54.fits,2025-09-23 10:03:54,381.2345640283048,239.02088187073247,2.942711465321275,5.7223250923327615,6.929555945280936,13.475045831608766,1114.8774011380826,617.1042186634467,7729.47241863751,10304.655034122003,True,1,1
253,bigshakeB0253 25-09-23 10-03-54.fits,2025-09-23 10:03:54,381.6181450564625,235.83374605157653,2.8769013998198454,5.525847093964885,6.77458508387337,13.012375502644533,1114.3069835253084,591.3507285037276,7735.627145463757,10313.845950905164,True,1,1
254,bigshakeB0254 25-09-23 10-03-54.fits,2025-09-23 10:03:54,385.4900008618132,220.93541300128547,2.9200944049869233,5.699781207277604,6.8762968382459295,13.421959039188005,1109.5449041444704,622.2888284567616,7730.057163880374,10305.140030579492,True,1,1
255,bigshakeB0255 25-09-23 10-03-54.fits,2025-09-23 10:03:54,394.11676011450396,229.0881228302599,2.914912085404665,6.624339542252163,6.864093408213871,15.599127539186536,1273.6832054216095,621.6409843128176,7730.041726485625,10304.60583883329,True,1,1
256,bigshakeB0256 25-09-23 10-03-54.fits,2025-09-23 10:03:54,391.3119365183577,233.14859939376635,2.941731080778102,5.477063702261106,6.927247316106833,12.897499393995876,1091.1708032677016,607.3185989825768,7725.9951500456245,10300.719053296696,True,1,1
257,bigshakeB0257 25-09-23 10-03-54.fits,2025-09-23 10:03:54,382.29613559921927,243.05215393929257,2.8751069097989093,5.521078290136393,6.770359382801461,13.001145827798378,1097.5789237104568,619.1430175695725,7728.3358462051765,10303.07604091688,True,1,1
258,bigshakeB0258 25-09-23 10-03-54.fits,2025-09-23 10:03:54,377.4744570807024,232.49224754940295,2.8824661211067943,5.386344767782563,6.787689001104887,12.683872628621954,1110.3854390014499,629.3830190689304,7729.434631562518,10304.923635058722,True,1,1
259,bigshakeB0259 25-09-23 10-03-54.fits,2025-09-23 10:03:54,382.1613752559873,225.76868273616944,2.8734032587481555,5.837705008130003,6.766347591157408,13.746744770122092,1113.1440337949894,614.9460938352862,7731.455500234755,10306.56358458456,True,1,1
260,bigshakeB0260 25-09-23 10-03-54.fits,2025-09-23 10:03:54,388.41191920629075,224.3970420326188,2.823199202011458,5.949912679406991,6.648126072011962,14.010973643651388,1188.873983638015,602.733091965307,7728.8729413563415,10303.96397178023,True,1,1
261,bigshakeB0261 25-09-23 10-03-54.fits,2025-09-23 10:03:54,390.42814863952304,236.02837162166202,2.813276168499524,5.521325491870697,6.624759113790546,13.001727943397484,1075.0879619539999,606.4944691002256,7730.049459843021,10305.03993911108,True,1,1
262,bigshakeB0262 25-09-23 10-03-54.fits,2025-09-23 10:03:54,386.5748552683335,226.60292826074803,2.8750300861313005,5.665277712618778,6.770178476889043,13.340709518341784,1147.0194945566332,619.5688374769875,7730.649770225601,10306.424293216141,True,1,1
263,bigshakeB0263 25-09-23 10-03-54.fits,2025-09-23 10:03:54,380.96901303916627,243.91055310557994,2.8611632261865756,5.6981203215117855,6.737524517129568,13.41804795209415,1099.2166445666992,596.1935994383713,7729.15399721866,10304.221927870172,True,1,1
264,bigshakeB0264 25-09-23 10-03-54.fits,2025-09-23 10:03:54,376.1324195122171,228.4162061503978,2.8267025620007,5.6933000963091995,6.656375854339588,13.406697189165538,1110.1554496587091,608.5275980159079,7735.125002835673,10311.795230334472,True,1,1
265,bigshakeB0265 25-09-23 10-03-54.fits,2025-09-23 10:03:54,378.0076927935998,234.37567658979992,2.948310471528364,5.858043787680916,6.942740597329641,13.794638935900048,1112.7342710402645,620.8376645681269,7728.164905390791,10302.359704388353,True,1,1
266,bigshakeB0266 25-09-23 10-03-54.fits,2025-09-23 10:03:54,383.2149005116892,229.7598004078219,2.877675417706534,5.580146346430159,6.7764077567081555,13.140240470779956,1112.364389336651,611.2662310974414,7730.20034935945,10305.837507676828,True,1,1
267,bigshakeB0267 25-09-23 10-03-54.fits,2025-09-23 10:03:54,391.04545174071495,233.5193998721178,2.8254918886641427,5.953773869578696,6.653524936498679,14.020066051665395,1173.6605614115808,620.0266341894398,7732.189997709818,10307.626637086805,True,1,1
268,bigshakeB0268 25-09-23 10-03-54.fits,2025-09-23 10:03:54,393.43908926843875,226.599047826178,2.8093559409340836,6.089440738235082,6.615527683338364,14.339537113424033,1259.4567456569127,609.9298034685709,7731.027955779504,10307.118860906976,True,1,1
269,bigshakeB0269 25-09-23 10-03-54.fits,2025-09-23 10:03:54,386.8872925683929,237.57986998017097,2.771635299687553,5.775081396437978,6.526702361219612,13.599277434017477,1139.5062365434203,610.9717954475026,7728.238010429612,10302.384548110715,True,1,1
270,bigshakeB0270 25-09-23 10-03-54.fits,2025-09-23 10:03:54,378.2532531297473,230.10736610259625,2.8065348579985554,5.900004276550784,6.608884540693087,13.893448336190112,1172.520277710233,621.4991652860531,7728.736547863062,10303.01786623446,True,1,1
271,bigshakeB0271 25-09-23 10-03-54.fits,2025-09-23 10:03:54,374.5958923838994,240.8687183774279,2.8556558739870255,5.575153006263267,6.724555693775022,13.128482053263298,1150.0563246445388,608.2185102386113,7736.035654536459,10314.156762424576,True,1,1
272,bigshakeB0272 25-09-23 10-03-54.fits,2025-09-23 10:03:54,378.0881350310606,229.36380880079278,2.8712993048344657,5.8452051796834725,6.76139315830763,13.764406324437372,1150.5986880296693,619.4228238023892,7731.279404763977,10306.7174324337,True,1,1
273,bigshakeB0273 25-09-23 10-03-54.fits,2025-09-23 10:03:54,385.55724156674876,228.74711291737145,2.742272457288139,5.944016760133537,6.457558151358388,13.997089814762374,1178.2161470583876,616.247995591466,7728.779859205558,10302.783853478873,True,1,1
274,bigshakeB0274 25-09-23 10-03-54.fits,2025-09-23 10:03:54,389.9829364941869,230.78371246240675,2.7980692388338735,5.464758580603792,6.588949530990496,12.86852304686069,1031.2257383285523,605.9542144075641,7730.945737441494,10305.703265506003,True,1,1
275,bigshakeB0275 25-09-23 10-03-54.fits,2025-09-23 10:03:54,390.6738560651541,234.53440618876328,2.8237236866468725,5.39009372868239,6.649361138944746,12.692700756896905,1123.8764882995977,618.0904996550121,7729.108083449185,10304.652089901076,True,1,1
276,bigshakeB0276 25-09-23 10-03-54.fits,2025-09-23 10:03:54,387.38877986276697,245.7299717452052,2.819926275403648,6.1722979907736955,6.640418918829976,14.534651032578152,1242.8357012745216,630.1682504763479,7728.623448792236,10302.821360810234,True,1,1
277,bigshakeB0277 25-09-23 10-03-54.fits,2025-09-23 10:03:54,383.46702385050503,229.4420000590676,2.808641062719677,5.396486916298464,6.613844273789324,12.707755563246877,1114.797541572749,606.0308993189633,7735.521220398023,10313.300475191938,True,1,1
278,bigshakeB0278 25-09-23 10-03-54.fits,2025-09-23 10:03:54,379.907430385903,223.06380660469725,2.88233975775753,5.4211170199497065,6.787391438157083,12.765755025036015,1094.192913978831,634.3486914146158,7727.041415878131,10301.233354061993,True,1,1
279,bigshakeB0279 25-09-23 10-03-54.fits,2025-09-23 10:03:54,380.70497735752167,227.66123760517445,2.7431256383480163,4.976341347277763,6.4595672392202275,11.718388355485995,1126.0838373250174,668.7581970953611,7732.259455806674,10308.431288828951,True,1,1
280,bigshakeB0280 25-09-23 10-03-54.fits,2025-09-23 10:03:54,385.6230515407371,239.28749378470593,2.753381590203803,5.4446100784160425,6.483718160231105,12.821076950031626,1161.1707741261448,644.4818976108097,7729.7030357112,10304.64241689697,True,1,1
281,bigshakeB0281 25-09-23 10-03-54.fits,2025-09-23 10:03:54,388.11307487517485,234.74382259505884,2.708593260077049,5.972456120310344,6.378249702665162,14.064059390174574,1299.763851559155,616.2817368078896,7729.238024889889,10304.814196099844,True,1,1
282,bigshakeB0282 25-09-23 10-03-54.fits,2025-09-23 10:03:54,387.40938070616886,229.77991921087187,2.744726843675453,5.320319765223467,6.463337789621486,12.528395629122574,1156.337514578075,636.7425114904105,7732.320916308549,10308.644502383791,True,1,1
283,bigshakeB0283 25-09-23 10-03-54.fits,2025-09-23 10:03:54,383.6240691753466,220.9439257878794,2.6755251161604203,5.4898511284232185,6.300380174518317,12.927611481446771,1231.783693688471,644.7972906838061,7736.879663876011,10314.564446096096,True,1,1
284,bigshakeB0284 25-09-23 10-03-54.fits,2025-09-23 10:03:54,381.71639092101344,241.90588993627662,2.814995846234581,5.542441031481707,6.628808645392052,13.051451239335135,1114.7502905867534,623.3325786107141,7729.534619939343,10304.391959567834,True,1,1
285,bigshakeB0285 25-09-23 10-03-54.fits,2025-09-23 10:03:54,380.5199468415876,239.22034251713012,2.6752381761846014,5.53755529414991,6.299704482511538,13.039946207131463,1179.0776944037814,633.0703525714547,7728.975481547361,10303.465850625762,True,1,1
286,bigshakeB0286 25-09-23 10-03-54.fits,2025-09-23 10:03:54,383.60434453516535,233.32738755083457,2.6555420207709592,5.293717984488529,6.253323580933448,12.465753222614424,1216.2346671869216,644.1838382264989,7730.244041537427,10306.05016210206,True,1,1
287,bigshakeB0287 25-09-23 10-03-54.fits,2025-09-23 10:03:54,388.2191791301466,224.69646488314953,2.7521007364375927,5.416585050303814,6.480701980107681,12.755083052070395,1133.5587737486117,649.2536702512293,7729.1846127248145,10303.505928720253,True,1,1
288,bigshakeB0288 25-09-23 10-03-54.fits,2025-09-23 10:03:54,391.06317140208,229.02701502493562,2.719734229703595,5.43465639597672,6.404484681262834,12.797637819101638,1197.0119202351443,622.7548819431646,7729.991461812448,10305.98212473209,True,1,1
289,bigshakeB0289 25-09-23 10-03-54.fits,2025-09-23 10:03:54,388.3593044456009,236.52484052442594,2.7463409903381426,6.9426784958200765,6.467138814538407,16.348758488162435,1359.1800984809463,619.073557441434,7728.200512680185,10301.315499581504,True,1,1
290,bigshakeB0290 25-09-23 10-03-54.fits,2025-09-23 10:03:54,381.3515674637435,236.55023588491326,2.7514640110422177,5.230760771230977,6.479202606383471,12.317500314856252,1108.1445722272538,618.7612025095539,7729.464438256983,10304.973057121357,True,1,1
291,bigshakeB0291 25-09-23 10-03-54.fits,2025-09-23 10:03:54,377.3134140350254,227.48602150838227,2.8082963351305015,5.701016636620159,6.613032502352257,13.424868252968075,1174.1527354346701,627.9869815195157,7734.902690739353,10311.726789822533,True,1,1
292,bigshakeB0292 25-09-23 10-03-55.fits,2025-09-23 10:03:55,380.58024262480944,232.35320870747384,2.7702920012156533,5.1981635866159905,6.523539135051523,12.240739811113308,1105.558764183536,650.180897594955,7729.338903032622,10304.129648841577,True,1,1
293,bigshakeB0293 25-09-23 10-03-55.fits,2025-09-23 10:03:55,386.2454687165724,235.945130063992,2.839630347088213,5.436826025028025,6.686818461801516,12.80274690508193,1148.3746900913652,639.264437702298,7728.014041272277,10302.897998205128,True,1,1
294,bigshakeB0294 25-09-23 10-03-55.fits,2025-09-23 10:03:55,388.77423509079966,230.41149384261388,2.7237682511255263,6.014478533775076,6.413984075769282,14.163014611741902,1270.7061549318157,614.3515253932322,7734.755134556239,10311.785413215328,True,1,1
295,bigshakeB0295 25-09-23 10-03-55.fits,2025-09-23 10:03:55,386.2337736582089,230.74627803137707,2.6572776662959035,5.061333065162727,6.257410713806656,11.918528556423126,1098.487090762853,633.7352182576333,7729.070608017296,10303.92057702913,True,1,1
296,bigshakeB0296 25-09-23 10-03-55.fits,2025-09-23 10:03:55,384.04861649806304,227.70546104423903,2.7183703059939375,5.796230244836655,6.401272886371439,13.649079166156003,1235.4233584341284,643.5881976808039,7727.387335281419,10301.240230288862,True,1,1
297,bigshakeB0297 25-09-23 10-03-55.fits,2025-09-23 10:03:55,381.3062611582285,238.04802958949986,2.700942951873643,5.481651142075324,6.360234603557117,12.90830198922577,1142.9871158497958,632.0406222871379,7735.108875127823,10311.507229184077,True,1,1
298,bigshakeB0298 25-09-23 10-03-55.fits,2025-09-23 10:03:55,380.67746391776245,240.48349460272735,2.738624354152782,5.530969877817713,6.448967524968909,13.024438736747532,1162.665684206205,650.1408578760027,7729.735364817605,10304.163315771242,True,1,1
299,bigshakeB0299 25-09-23 10-03-55.fits,2025-09-23 10:03:55,382.9553081205215,235.2448119982634,2.705002945293268,5.608703610726328,6.369795157444344,13.20748768917582,1236.233237387427,670.2091813745948,7728.813747785024,10302.917859678677,True,1,1
300,bigshakeB0300 25-09-23 10-03-55.fits,2025-09-23 10:03:55,388.93710260424797,223.25196603830997,2.6968707931017075,5.517456143680817,6.350645402454415,12.99261632471875,1179.263810741904,637.4927017028677,7730.743929109278,10305.898627205494,True,1,1
301,bigshakeB0301 25-09-23 10-03-55.fits,2025-09-23 10:03:55,393.5972293340698,222.17764440258134,2.64003897012261,5.67456576818291,6.216816686507586,13.362581217763562,1241.4401050321271,617.6367034961643,7730.732266433319,10306.455664273824,True,1,1
302,bigshakeB0302 25-09-23 10-03-55.fits,2025-09-23 10:03:55,390.6548945950163,233.35063890388062,2.778154465518657,6.286356009151353,6.542053823595578,14.803237140550369,1302.564898659661,639.1592936464082,7729.708121660582,10304.192521957604,True,1,1
303,bigshakeB0303 25-09-23 10-03-55.fits,2025-09-23 10:03:55,379.98165335135303,244.14232471214834,2.6973377827885106,5.474698993571514,6.351745079129722,12.891930930572965,1129.4615830449422,632.8342200710624,7734.531965929627,10310.52623679267,True,1,1
304,bigshakeB0304 25-09-23 10-03-55.fits,2025-09-23 10:03:55,375.37316769728056,231.2815311831559,2.684706350601317,5.723985039084822,6.322000329417869,13.478954707494202,1261.0575213151212,656.9437039128401,7729.0072448089,10303.385907557718,True,1,1
305,bigshakeB0305 25-09-23 10-03-55.fits,2025-09-23 10:03:55,378.74401703972586,227.82626014204976,2.7367682587922366,5.292136209266136,6.4445967544084075,12.462028426614,1142.3285527297094,645.3806118496916,7728.789932484613,10303.54324218698,True,1,1
306,bigshakeB0306 25-09-23 10-03-55.fits,2025-09-23 10:03:55,386.6054477912099,229.0417540427453,2.889138788038988,5.619458674020423,6.803401930950631,13.232813927806331,1130.688317559261,613.8502436858473,7731.668060349276,10307.936188614398,True,1,1
307,bigshakeB0307 25-09-23 10-03-55.fits,2025-09-23 10:03:55,389.17735529035764,227.2840175355608,2.605246603222073,5.643302812938573,6.134886923516129,13.288962584087292,1210.7933609578404,638.8745321974218,7730.204771003152,10304.584784488396,True,1,1
308,bigshakeB0308 25-09-23 10-03-55.fits,2025-09-23 10:03:55,385.43665335418115,236.280315730204,2.662909814903618,5.00123654182064,6.270673410244695,11.77701205862051,1102.4540375732622,652.2611613068256,7730.4393780401315,10305.548118617804,True,1,1
309,bigshakeB0309 25-09-23 10-03-55.fits,2025-09-23 10:03:55,385.15939854775337,234.14600804065014,2.6451025133766044,5.602316662071029,6.228740419660973,13.19244757445574,1237.4694647860606,624.0305769498963,7729.762843953074,10305.187052476498,True,1,1
310,bigshakeB0310 25-09-23 10-03-55.fits,2025-09-23 10:03:55,385.20814117043767,228.59488467356113,2.68485955352085,5.419758706207554,6.3223610947237425,12.76255644060855,1206.2399508180674,631.5023005870906,7730.625111921637,10306.539247719322,True,1,1
311,bigshakeB0311 25-09-23 10-03-55.fits,2025-09-23 10:03:55,383.4487797726343,230.14552943822036,2.658762063269567,5.336093850981788,6.260906201555022,12.565540762458307,1211.6054138576467,644.4025327922263,7728.917533744469,10304.089014756526,True,1,1
312,bigshakeB0312 25-09-23 10-03-55.fits,2025-09-23 10:03:55,379.716581846984,234.14800448915005,2.763891102465294,5.600990791296324,6.5084661703679645,13.189325387378341,1220.4520805396808,627.7679316937458,7730.794765482216,10306.979975334581,True,1,1
313,bigshakeB0313 25-09-23 10-03-55.fits,2025-09-23 10:03:55,382.35100122464445,230.88136090009573,2.645979325066446,5.397384841205038,6.230805153403929,12.709870014815811,1214.2058395192619,688.4422996902216,7728.177806331834,10301.610209698261,True,1,1
314,bigshakeB0314 25-09-23 10-03-55.fits,2025-09-23 10:03:55,386.628101180053,233.5543286708901,2.632919214413869,5.859991828206186,6.200050943048919,13.799226220777486,1244.1467988835225,628.5483933248471,7729.1889726225445,10303.457010481741,True,1,1
315,bigshakeB0315 25-09-23 10-03-55.fits,2025-09-23 10:03:55,390.165958979687,224.195847152327,2.7677899664789183,6.042731934472512,6.517647293500096,14.229546286044515,1298.1438241140306,627.7962880176578,7728.144861015228,10303.145506763445,True,1,1
316,bigshakeB0316 25-09-23 10-03-55.fits,2025-09-23 10:03:55,388.99579033167305,227.9290697633809,2.6464136110012797,5.878253394637161,6.231827818628551,13.84222892346281,1261.0983885056,641.1872601396491,7729.34751410276,10303.5424263654,True,1,1
317,bigshakeB0317 25-09-23 10-03-55.fits,2025-09-23 10:03:55,384.6429716726376,237.42320781228688,2.6777080302175347,5.695701401562673,6.30552054429659,13.412351830910653,1254.5345874550849,658.5102985260359,7730.166469436274,10304.84467582796,True,1,1
318,bigshakeB0318 25-09-23 10-03-55.fits,2025-09-23 10:03:55,380.18999397409823,238.85218839180962,2.629589172640549,5.592420435746594,6.192209293930315,13.169143742336797,1225.4811761944093,622.9877667981075,7730.367750349031,10305.791423399602,True,1,1
319,bigshakeB0319 25-09-23 10-03-55.fits,2025-09-23 10:03:55,380.0031959369426,228.92278150782556,2.6687885189732796,5.548373434915609,6.284516700426739,13.065420981856498,1202.9926244601681,647.6594111799847,7730.28341788229,10305.044876885688,True,1,1
320,bigshakeB0320 25-09-23 10-03-55.fits,2025-09-23 10:03:55,383.2407125430914,222.14067637600232,2.7217872840694275,5.817887325547298,6.409319254837034,13.700077693930279,1258.4373814490375,663.0571948797102,7728.966093255192,10303.03010560447,True,1,1
321,bigshakeB0321 25-09-23 10-03-55.fits,2025-09-23 10:03:55,387.6440141429743,229.2020879097033,2.6644317407722387,5.418345717396133,6.274257271787174,12.759229106232013,1233.842526461963,658.4127974225598,7728.624197877763,10303.369964936332,True,1,1
322,bigshakeB0322 25-09-23 10-03-55.fits,2025-09-23 10:03:55,389.0087709440324,244.69687604624087,2.6886009698338005,5.583571679254051,6.3311714568542845,13.148306513174559,1193.8777628475495,635.4093927920806,7728.921987315523,10303.464269008404,True,1,1
323,bigshakeB0323 25-09-23 10-03-55.fits,2025-09-23 10:03:55,385.62302469371457,231.977047791309,2.67383038443109,5.655577017277688,6.296389386271139,13.317866126501848,1213.2715058787578,624.9446918420873,7728.550455921283,10303.217741216318,True,1,1
324,bigshakeB0324 25-09-23 10-03-55.fits,2025-09-23 10:03:55,381.920089656184,230.89708116402855,2.691164725058516,5.54075019096935,6.337208639047997,13.047469614203685,1204.3058123756045,647.3558439709267,7728.9578977469955,10303.471110243583,True,1,1
325,bigshakeB0325 25-09-23 10-03-55.fits,2025-09-23 10:03:55,381.5752567514036,231.0281562944873,2.6353172511061453,5.392616955418618,6.205697887920611,12.69864250179353,1230.2287373976612,646.5565482498245,7729.405317675232,10304.596479447506,True,1,1
326,bigshakeB0326 25-09-23 10-03-55.fits,2025-09-23 10:03:55,384.0167845685811,231.08424361017197,2.6600912216858634,5.467019588406652,6.264036130436738,12.873847313356833,1206.9568838188736,636.1633884951216,7729.740907233358,10304.925319041628,True,1,1
327,bigshakeB0327 25-09-23 10-03-55.fits,2025-09-23 10:03:55,386.8830372608731,238.69163421650956,2.6306717668930606,5.697273803290146,6.194758608576764,13.41605455401735,1297.7716230688593,651.309254621512,7729.303661056383,10304.188930542894,True,1,1
328,bigshakeB0328 25-09-23 10-03-55.fits,2025-09-23 10:03:55,387.4626371113274,231.48807291313963,2.6737220570575637,5.531330294859653,6.2961342948005345,13.025287454022461,1175.5888816911543,653.6776556287725,7729.401830021626,10303.401596982494,True,1,1
329,bigshakeB0329 25-09-23 10-03-55.fits,2025-09-23 10:03:55,385.7935366918746,228.50583868403402,2.7119349692865584,5.763331530690268,6.3861188264963795,13.571608614628346,1260.0306771848504,664.1312526908126,7730.172730066122,10304.753350173654,True,1,1
330,bigshakeB0330 25-09-23 10-03-55.fits,2025-09-23 10:03:55,384.2452792527771,235.0928999357325,2.6323060562278364,5.38987794129044,6.198607065861674,12.692192616420874,1232.9722594677883,668.4447300586397,7729.663416670525,10304.352147184574,True,1,1
331,bigshakeB0331 25-09-23 10-03-55.fits,2025-09-23 10:03:55,382.3447487411318,230.00440461402206,2.6622016186502684,5.373688346431655,6.269005735511491,12.65406903392648,1214.0809151981257,653.9182603127316,7729.706650190434,10304.803804618014,True,1,1
332,bigshakeB0332 25-09-23 10-03-55.fits,2025-09-23 10:03:55,383.75818441941,230.30193721713755,2.651852725319825,5.227887302382879,6.244635954053076,12.310733812813979,1187.4628778096262,656.5836512746946,7734.799509445265,10311.58517669326,True,1,1
333,bigshakeB0333 25-09-23 10-03-55.fits,2025-09-23 10:03:55,388.90985565627807,238.8752024227385,2.601348714048955,6.066979297373064,6.125708095957962,14.286644462241876,1388.536062041126,633.8166976056385,7729.587331220468,10304.898187477838,True,1,1
334,bigshakeB0334 25-09-23 10-03-55.fits,2025-09-23 10:03:55,390.1721183417432,233.56572484407727,2.678652164731158,5.466394684635057,6.3077438111744755,12.872375777429268,1204.8549331496747,660.3503390551242,7730.061155943273,10304.751530671489,True,1,1
335,bigshakeB0335 25-09-23 10-03-55.fits,2025-09-23 10:03:55,383.5327445374001,234.48444642723715,2.730903705610954,5.611743948863066,6.430786787021973,13.214647138363883,1267.2197428150273,642.993175739437,7731.036600155047,10307.277709269974,True,1,1
336,bigshakeB0336 25-09-23 10-03-55.fits,2025-09-23 10:03:55,376.36901088969796,227.21994459205064,2.6690897962251885,5.25002835525152,6.285226154138646,12.362872007927145,1208.2934338266105,667.9815102001944,7730.565647399646,10305.948855174467,True,1,1
337,bigshakeB0337 25-09-23 10-03-55.fits,2025-09-23 10:03:55,378.04899841011655,234.9387896248479,2.766833789838837,5.4768826442738145,6.515395669581443,12.897073035018089,1200.6755735161933,661.6871303633791,7729.718446937798,10304.714629880636,True,1,1
338,bigshakeB0338 25-09-23 10-03-55.fits,2025-09-23 10:03:55,387.38943440759664,232.12300055234036,2.751063612737689,5.784966853798038,6.47825974042997,13.622555907163246,1247.285210412186,641.5294582796045,7729.406021256858,10304.413196542686,True,1,1
339,bigshakeB0339 25-09-23 10-03-55.fits,2025-09-23 10:03:55,391.9907639676989,231.9516050585408,2.6377466217553858,5.448971715303302,6.211418618622252,12.831347820002891,1233.8319939792457,646.7212654282862,7726.51888688233,10300.618182246511,True,1,1
340,bigshakeB0340 25-09-23 10-03-55.fits,2025-09-23 10:03:55,390.342471428919,233.01675723668416,2.685248892956872,5.362334760417445,6.323277919032009,12.627333381997234,1236.7922759712217,665.1160127081816,7729.103514287039,10304.189422853004,True,1,1
341,bigshakeB0341 25-09-23 10-03-55.fits,2025-09-23 10:03:55,381.34996690231486,235.47277654004927,2.665134566780607,5.158939185476057,6.275912300559849,12.148373405054658,1168.5891044195841,670.5170945831652,7729.1222477295605,10303.696207236537,True,1,1
342,bigshakeB0342 25-09-23 10-03-55.fits,2025-09-23 10:03:55,379.5381916591376,225.16087311557527,2.7027359655631082,5.2485617120921,6.3644568281340845,12.359418327216437,1214.6845310557678,662.0845339455545,7729.4590791257915,10304.942683255758,True,1,1
343,bigshakeB0343 25-09-23 10-03-55.fits,2025-09-23 10:03:55,385.4872714296183,229.5247645473439,2.738078371441556,5.307323010897324,6.447681833936273,12.49779061151503,1230.0054679663103,682.1405061718906,7728.611013335416,10303.496152873367,True,1,1
344,bigshakeB0344 25-09-23 10-03-56.fits,2025-09-23 10:03:56,388.5099981448162,237.0809497047965,2.7026005996582856,5.132287124230285,6.364138065787995,12.085612596991723,1192.0227458767765,676.421880466378,7729.723036152116,10304.991689729532,True,1,1
345,bigshakeB0345 25-09-23 10-03-56.fits,2025-09-23 10:03:56,384.9409949254014,232.36791262811,2.615502822578727,5.274012522366805,6.159038474443413,12.41935040541359,1217.7821562378597,660.4753530374884,7730.528291454922,10305.813589909527,True,1,1
346,bigshakeB0346 25-09-23 10-03-56.fits,2025-09-23 10:03:56,383.066700004113,230.71687012141976,2.659559533198838,5.568302622503643,6.262784099729779,13.112350632269983,1217.59118740127,658.3753351038577,7736.748273941636,10313.43045366564,True,1,1
347,bigshakeB0347 25-09-23 10-03-56.fits,2025-09-23 10:03:56,383.77323218315786,228.68323884004954,2.732066320641805,5.1443189336816175,6.433524536201276,12.113945343065712,1184.947048342096,661.7898246130973,7729.981495504338,10305.769353133284,True,1,1
348,bigshakeB0348 25-09-23 10-03-56.fits,2025-09-23 10:03:56,385.7595718305162,229.44163050653754,2.731200823666657,5.256941346007813,6.431486446575283,12.379150857131178,1238.0490665858356,695.6496318270097,7728.9768528703735,10303.863098313745,True,1,1
349,bigshakeB0349 25-09-23 10-03-56.fits,2025-09-23 10:03:56,384.36004447083457,232.21746791127865,2.599029849195197,5.172720397762043,6.120247586518615,12.180825679990523,1188.4236199415568,682.7574821058167,7728.371337144698,10302.181889474406,True,1,1
350,bigshakeB0350 25-09-23 10-03-56.fits,2025-09-23 10:03:56,383.7572105255503,237.2451665253291,2.581901904528982,5.404019746400441,6.0799143590884315,12.725494022566826,1255.8087433470296,662.3102992404426,7728.204017472904,10302.513399275755,True,1,1
351,bigshakeB0351 25-09-23 10-03-56.fits,2025-09-23 10:03:56,383.61300483237994,229.7087408839398,2.665318586755453,4.957673478431901,6.276345634485303,11.674428883729751,1201.3398424575273,685.8809343917409,7728.956082883781,10304.238598113434,True,1,1
352,bigshakeB0352 25-09-23 10-03-56.fits,2025-09-23 10:03:56,384.268281251585,234.79652147625683,2.68648151119418,5.590497078734147,6.326180513165092,13.164614582690135,1269.1864842954703,668.2487998335488,7727.736382607215,10301.945063329718,True,1,1
353,bigshakeB0353 25-09-23 10-03-56.fits,2025-09-23 10:03:56,383.9070170688773,226.15628919832812,2.7094734604327324,5.099945323141406,6.380322416106369,12.009453475495226,1239.5270095883286,694.7929550425455,7727.227461450202,10302.004162764764,True,1,1
354,bigshakeB0354 25-09-23 10-03-56.fits,2025-09-23 10:03:56,384.9542692217571,232.84959923528234,2.658084092711101,5.814972313413286,6.259309702894005,13.693213364925597,1352.8127109017641,685.8263002688229,7729.899125917048,10304.484195139727,True,1,1
355,bigshakeB0355 25-09-23 10-03-56.fits,2025-09-23 10:03:56,386.72645919808923,230.2078807948671,2.5830775221345053,5.33712003437238,6.082682726991209,12.56795723967635,1259.804347418105,685.5629827804444,7731.112499566122,10306.03628701587,True,1,1
356,bigshakeB0356 25-09-23 10-03-56.fits,2025-09-23 10:03:56,385.91492899060324,235.43675493078982,2.5648943234851656,5.261528191381808,6.039864566328964,12.38995205256132,1249.3082979894077,697.5153900525314,7729.926408320236,10304.136837564358,True,1,1
357,bigshakeB0357 25-09-23 10-03-56.fits,2025-09-23 10:03:56,384.39746316063287,234.99920402841724,2.6873689281452235,5.206937371757468,6.328270220389709,12.261400496235254,1260.4891090898664,688.6279787802756,7736.186014408342,10313.879430164103,True,1,1
358,bigshakeB0358 25-09-23 10-03-56.fits,2025-09-23 10:03:56,383.2313426489845,226.9004069319992,2.6301650834770363,4.848436993117396,6.193565460312225,11.417196618462427,1229.4974357465132,731.1582444115597,7728.63455085226,10303.220971317147,True,1,1
359,bigshakeB0359 25-09-23 10-03-56.fits,2025-09-23 10:03:56,382.19570458990995,223.8471837584472,2.6234649964744783,5.324114468610414,6.1777879611351505,12.537331472723105,1310.1810658455697,680.2313421185333,7728.475284044155,10303.67066878835,True,1,1
360,bigshakeB0360 25-09-23 10-03-56.fits,2025-09-23 10:03:56,383.38875284516877,234.2878629418643,2.637260200806037,4.732501438670767,6.2102731848204025,11.144189250919728,1195.9958507458289,696.9474105520464,7730.20736370316,10306.190367437253,True,1,1
361,bigshakeB0361 25-09-23 10-03-56.fits,2025-09-23 10:03:56,384.5256222371424,232.52437725892173,2.646073360705206,5.121784484320884,6.2310265904110285,12.060880770007321,1266.5225444381583,680.8675354325683,7730.253918238297,10306.295299075135,True,1,1
362,bigshakeB0362 25-09-23 10-03-56.fits,2025-09-23 10:03:56,385.742749009348,236.14699425255213,2.6146326094066006,5.119330458697681,6.156989279022239,12.055101981278785,1223.6898503007026,676.1996027252721,7728.723506831655,10303.595483160216,True,1,1
363,bigshakeB0363 25-09-23 10-03-56.fits,2025-09-23 10:03:56,385.0563467968438,230.02037362036452,2.611600934885949,5.064217996629853,6.1498502310909995,11.925322050870454,1254.8830586152687,703.1215635987351,7730.370535997935,10305.680200224651,True,1,1
364,bigshakeB0364 25-09-23 10-03-56.fits,2025-09-23 10:03:56,382.1256249245846,232.41602893916388,2.6341392011342264,5.125196903564804,6.202923792232688,12.068916403244954,1245.0433353939602,697.7417007449942,7732.215965865674,10308.073203871598,True,1,1
365,bigshakeB0365 25-09-23 10-03-56.fits,2025-09-23 10:03:56,381.4168206391491,233.22779001368477,2.610942388512293,4.9479015080401565,6.148299472889732,11.651417651971823,1221.1652836702615,686.3774367424501,7729.467009304616,10304.871186760296,True,1,1
366,bigshakeB0366 25-09-23 10-03-56.fits,2025-09-23 10:03:56,384.9016650695669,225.41734992851082,2.6444184988179686,5.029015077198005,6.227129688467205,11.842425510548729,1264.0138516385693,696.6475088534378,7729.642797532399,10305.35031479486,True,1,1
367,bigshakeB0367 25-09-23 10-03-56.fits,2025-09-23 10:03:56,387.0091643294779,232.24570974885785,2.59121993905826,5.498170466151396,6.101856653578266,12.947202024690466,1298.993667137751,699.2090778771301,7730.949599442805,10305.43456603872,True,1,1
368,bigshakeB0368 25-09-23 10-03-56.fits,2025-09-23 10:03:56,383.87047691762666,238.06412465713038,2.6634363784328983,4.624624596911798,6.271913372598426,10.890158701551076,1127.9054216255079,696.976298580737,7728.5091049110215,10303.53437719646,True,1,1
369,bigshakeB0369 25-09-23 10-03-56.fits,2025-09-23 10:03:56,381.0450528116255,234.86681802853022,2.605008770604472,4.7531794108461085,6.134326870500841,11.192882154288814,1219.1118466916012,703.4777498968722,7728.827277049767,10304.225930779163,True,1,1
370,bigshakeB0370 25-09-23 10-03-56.fits,2025-09-23 10:03:56,381.279141497512,226.88902217516764,2.5502231407886624,5.027556519761257,6.005316571230927,11.838990870259845,1273.8011315678282,691.1195388181351,7734.600430304308,10311.619505743018,True,1,1
371,bigshakeB0371 25-09-23 10-03-56.fits,2025-09-23 10:03:56,384.9742292391348,230.16137070997158,2.579466070342001,4.854490444742224,6.0741784079185575,11.431451407690197,1287.2674464363745,719.7994498881731,7735.677866106355,10313.329562935298,True,1,1
372,bigshakeB0372 25-09-23 10-03-56.fits,2025-09-23 10:03:56,384.89875041334926,226.8138188106905,2.684653076597772,4.968807071973952,6.321874878726442,11.700646492975801,1234.2419150199676,720.1915948927239,7729.216029297706,10304.23760008159,True,1,1
373,bigshakeB0373 25-09-23 10-03-56.fits,2025-09-23 10:03:56,378.16208078871335,244.08575643134742,2.6212818333608436,5.098178403332025,6.172647004873591,12.005292697310134,1274.616045250298,690.6155878674017,7728.423491213826,10303.62595612687,True,1,1
374,bigshakeB0374 25-09-23 10-03-56.fits,2025-09-23 10:03:56,376.2247035405467,230.92052404819296,2.6680664213113228,5.027767999995625,6.282816290377893,11.839488868154863,1210.8231589258112,658.3608927232513,7727.497180393738,10302.914260978556,True,1,1
375,bigshakeB0375 25-09-23 10-03-56.fits,2025-09-23 10:03:56,379.5975524195983,236.88416941589608,2.883047009700069,4.8936918418793365,6.78905688920826,11.523763643461889,1146.8261846203563,696.2725203728629,7728.245625114696,10303.80011939834,True,1,1
376,bigshakeB0376 25-09-23 10-03-56.fits,2025-09-23 10:03:56,385.7388879578026,228.62793192179902,2.6934593078735767,5.011271965034982,6.342611968655885,11.800643674366011,1258.9235226750136,702.5048061247502,7729.420900395748,10305.217831121061,True,1,1
377,bigshakeB0377 25-09-23 10-03-56.fits,2025-09-23 10:03:56,386.6974332661592,231.15920612248047,2.618414452708897,4.841962302606391,6.165894839437653,11.401949887461742,1218.7967381878013,696.0230989742441,7728.961811879192,10304.34868315969,True,1,1
378,bigshakeB0378 25-09-23 10-03-56.fits,2025-09-23 10:03:56,384.79843834703485,230.94597237615253,2.6653616793319124,4.752151871671581,6.2764471097481405,11.190462484443582,1164.7428546753702,696.0831604349812,7728.5769849257795,10303.706962797529,True,1,1
379,bigshakeB0379 25-09-23 10-03-56.fits,2025-09-23 10:03:56,381.7346337053349,233.15499624989235,2.6253115395977877,4.584640026730814,6.182136237895933,10.79600223419695,1208.798108846696,722.1302842825526,7730.273884839167,10306.315181680951,True,1,1
380,bigshakeB0380 25-09-23 10-03-56.fits,2025-09-23 10:03:56,381.2136326228988,233.19953168514593,2.579591073529551,4.935893792059449,6.074472767930293,11.623141641685416,1289.2775160489928,709.8757605180141,7729.975677652818,10305.704368707566,True,1,1
381,bigshakeB0381 25-09-23 10-03-56.fits,2025-09-23 10:03:56,383.77677863891364,228.6533174744453,2.5842015924383435,5.85687935097498,6.085329710274711,13.79189689700374,1450.5547361113431,711.1939906246498,7728.948186084602,10303.08739007295,True,1,1
382,bigshakeB0382 25-09-23 10-03-56.fits,2025-09-23 10:03:56,383.25558203492886,224.97791512023306,2.5678193895224033,5.024831052750689,6.046752570466491,11.83257288591129,1312.378913378975,727.0686574432353,7729.885598408963,10305.033940338823,True,1,1
383,bigshakeB0383 25-09-23 10-03-56.fits,2025-09-23 10:03:56,381.22077877634354,233.19008246731332,2.5378618303671105,4.720274748279953,5.976207909667407,11.115397595303053,1281.2442187897902,758.3594816442526,7729.500617761051,10304.287729619058,True,1,1
384,bigshakeB0384 25-09-23 10-03-56.fits,2025-09-23 10:03:56,381.04590341865793,237.96614589781137,2.5370443759288834,4.88238921444402,5.97428295157037,11.497147989815687,1295.0388211149361,741.823115022612,7728.011398342637,10302.259000660095,True,1,1
385,bigshakeB0385 25-09-23 10-03-56.fits,2025-09-23 10:03:56,383.4311674364926,233.0439039659343,2.6194714497414333,5.194912573851929,6.168383877237408,12.233084261089845,1318.5480241156808,706.0159585349435,7730.530248981347,10306.257211634269,True,1,1
386,bigshakeB0386 25-09-23 10-03-56.fits,2025-09-23 10:03:56,385.93791663825954,228.82977169325426,2.529730002315928,4.937908128353848,5.9570589179697375,11.627885041168899,1383.4701994071252,744.1087913167287,7731.4973236676515,10307.751652783712,True,1,1
387,bigshakeB0387 25-09-23 10-03-56.fits,2025-09-23 10:03:56,386.2519649882627,229.00937411306217,2.62228064820664,5.05614089509881,6.174999034093747,11.906301930279405,1308.375100478918,722.5498415699818,7727.6249095444255,10302.338542343605,True,1,1
388,bigshakeB0388 25-09-23 10-03-56.fits,2025-09-23 10:03:56,383.8700357674622,228.28695196417726,2.6239841167922537,4.637910030605919,6.179010396065231,10.921443507120923,1238.560433239525,747.204471693836,7729.139923581291,10304.394504473175,True,1,1
389,bigshakeB0389 25-09-23 10-03-56.fits,2025-09-23 10:03:56,381.78442539134136,240.12053758490853,2.5232852100697114,4.703777422054742,5.941882592002286,11.07654936081851,1252.4766540064804,737.7012099111308,7728.269004297191,10302.741758887132,True,1,1
390,bigshakeB0390 25-09-23 10-03-56.fits,2025-09-23 10:03:56,382.53944921148945,233.65394784233303,2.5685132439005467,5.292397995825419,6.048386472664475,12.462644886851319,1373.0996648861208,715.6546730096684,7727.338377423948,10301.756399628817,True,1,1
391,bigshakeB0391 25-09-23 10-03-56.fits,2025-09-23 10:03:56,382.673006387814,234.8496853799554,2.5701674112648334,4.907488143705392,6.052281739131733,11.556251451549182,1229.5102213272924,708.0262877280221,7736.563963411367,10313.775818037719,True,1,1
392,bigshakeB0392 25-09-23 10-03-56.fits,2025-09-23 10:03:56,383.49937578875637,227.00833673255414,2.642837289142726,5.074532651073747,6.223406224228546,11.949611205912504,1305.6696504651898,733.1871433996303,7729.130385775764,10304.097674400591,True,1,1
393,bigshakeB0393 25-09-23 10-03-56.fits,2025-09-23 10:03:56,382.9705058750424,236.130269858193,2.5819087164517196,4.831359620027648,6.079930399940639,11.376982477994217,1216.149663358456,705.342084542663,7729.501904315031,10304.604185955259,True,1,1
394,bigshakeB0394 25-09-23 10-03-56.fits,2025-09-23 10:03:56,385.91366334779775,235.74638281770606,2.6191580780875414,4.744754290910757,6.167645943385279,11.17304251298326,1211.1443874178456,724.9311560849615,7732.052386584246,10308.00656399647,True,1,1
395,bigshakeB0395 25-09-23 10-03-56.fits,2025-09-23 10:03:56,387.8067126401516,227.64837791045727,2.644952695982735,4.984692055944334,6.228387626658795,11.738052771644252,1227.786152111373,701.5250841569008,7728.913881823983,10303.915844562687,True,1,1
396,bigshakeB0396 25-09-23 10-03-57.fits,2025-09-23 10:03:57,388.06841481648746,227.2563053046258,2.5999966079473786,5.084252097949398,6.122524129406962,11.9724987542419,1271.4984333475447,716.6571758518961,7730.275560325215,10305.270175849724,True,1,1
397,bigshakeB0397 25-09-23 10-03-57.fits,2025-09-23 10:03:57,384.34839578419064,231.503402619675,2.572653082263006,4.704669108012048,6.058135047023582,11.078649120784647,1224.9845147775723,713.5230653874956,7726.910094979763,10301.47401000539,True,1,1
398,bigshakeB0398 25-09-23 10-03-57.fits,2025-09-23 10:03:57,375.31887869150535,234.3137718943212,2.602726706288834,5.145661318286175,6.128953019706327,12.117106417240665,1312.023897460144,713.5369930996627,7729.664478769011,10304.878362986588,True,1,1
399,bigshakeB0399 25-09-23 10-03-57.fits,2025-09-23 10:03:57,372.9753492126296,233.0777397567937,2.6400760025214662,4.889911837228616,6.216903891142728,11.514862412740062,1154.9796797806218,695.7237744703519,7731.543286715927,10306.88204296397,True,1,1
400,bigshakeB0400 25-09-23 10-03-57.fits,2025-09-23 10:03:57,380.70014767405127,225.50655729822284,2.8811726743098314,5.028448645348979,6.784643166660218,11.841091665476497,1172.5658207546935,727.2353357059238,7730.307337136904,10305.622078008764,True,1,1
401,bigshakeB0401 25-09-23 10-03-57.fits,2025-09-23 10:03:57,389.41193289149317,230.32857915628307,2.9272582879982467,4.906699690705591,6.893166493561251,11.554394786620685,1116.3672354694968,701.0624982820665,7730.2978146678,10306.165503162143,True,1,1
402,bigshakeB0402 25-09-23 10-03-57.fits,2025-09-23 10:03:57,390.32813624857494,236.02097942799276,2.6429343060230366,4.986508562856068,6.2236346815230075,11.742330318531941,1249.631404016384,722.1425244374001,7727.842772765883,10302.232723077996,True,1,1
403,bigshakeB0403 25-09-23 10-03-57.fits,2025-09-23 10:03:57,383.65397377233774,227.46425909463974,2.763705694652078,4.986054781088183,6.508029568332898,11.741261744128854,1246.0135399583216,749.998418205243,7727.848653103038,10302.252875728012,True,1,1
404,bigshakeB0404 25-09-23 10-03-57.fits,2025-09-23 10:03:57,376.55723036346905,227.95844517707383,2.703183987724571,4.6448688286773825,6.365511839700516,10.937830224308927,1169.5059021178474,706.6978524655885,7727.071205266723,10302.129053120774,True,1,1
405,bigshakeB0405 25-09-23 10-03-57.fits,2025-09-23 10:03:57,375.5072972226508,230.42803886699582,2.614909587992043,5.182186493863854,6.157641513747284,12.20311663283926,1266.769502732768,698.5997332352964,7729.848163477396,10304.856913695483,True,1,1
406,bigshakeB0406 25-09-23 10-03-57.fits,2025-09-23 10:03:57,380.0027896877441,232.25130828218647,2.7325545512979783,4.898436314465947,6.434674231537031,11.534936022611939,1205.3236023479737,738.8660558244093,7729.278340302138,10304.003728255966,True,1,1
407,bigshakeB0407 25-09-23 10-03-57.fits,2025-09-23 10:03:57,385.00862641370423,233.8007153458847,2.694589180121906,4.892771373129107,6.345272614474576,11.521596105198023,1247.882009384814,707.2146604030384,7730.688107547728,10307.073886392693,True,1,1
408,bigshakeB0408 25-09-23 10-03-57.fits,2025-09-23 10:03:57,386.9619484978077,227.7054586111,2.579687358316328,4.854899946482541,6.074699501276227,11.43241571059677,1313.812166166673,732.2531109026753,7734.364802651742,10311.620619600026,True,1,1
409,bigshakeB0409 25-09-23 10-03-57.fits,2025-09-23 10:03:57,385.3825213421392,230.78782942336298,2.6216646674437696,4.536370018820441,6.173548510245986,10.6823350519958,1194.972183491057,730.2225688060284,7729.073740551132,10304.49300838114,True,1,1
410,bigshakeB0410 25-09-23 10-03-57.fits,2025-09-23 10:03:57,383.193993789295,229.9232640812765,2.5949212232065078,4.83928479055172,6.110572511682915,11.39564482840459,1234.6970298847518,726.9648536486824,7730.584233715544,10305.805639366949,True,1,1
411,bigshakeB0411 25-09-23 10-03-57.fits,2025-09-23 10:03:57,380.70206466762846,236.06593114644988,2.593186278214719,4.838321419963521,6.106487028439225,11.393376264032707,1270.6951719510007,697.0754476432844,7729.044196306713,10304.98741106003,True,1,1
412,bigshakeB0412 25-09-23 10-03-57.fits,2025-09-23 10:03:57,381.42080600365057,232.74410702526237,2.5858182584468787,4.838337969635764,6.08913666779773,11.393415235532641,1239.9676549791209,748.1027353440609,7730.685812581229,10305.423070407584,True,1,1
413,bigshakeB0413 25-09-23 10-03-57.fits,2025-09-23 10:03:57,381.7766011102172,234.32370076329394,2.5669471987404178,4.839775194542849,6.04469871812998,11.396799641553063,1302.2017154254174,724.5973862874771,7728.42365025701,10303.707362998925,True,1,1
414,bigshakeB0414 25-09-23 10-03-57.fits,2025-09-23 10:03:57,383.22483319872094,228.98606403733945,2.608479056605664,4.8966972150555215,6.142498769538438,11.530840756459968,1312.279837179394,737.3596336282435,7731.058866992981,10307.098959608644,True,1,1
415,bigshakeB0415 25-09-23 10-03-57.fits,2025-09-23 10:03:57,382.26219759228576,233.67270311481084,2.5638928813565727,4.720717609036015,6.037506350330615,11.116440452688584,1223.163235940104,729.2196570908156,7729.520413364523,10304.42725493643,True,1,1
416,bigshakeB0416 25-09-23 10-03-57.fits,2025-09-23 10:03:57,379.72487067066197,230.70170368165748,2.6325648873108385,4.483865699224211,6.199216566484205,10.558696827759885,1184.6995841052303,743.9337528529492,7734.070830357647,10310.96175516333,True,1,1
417,bigshakeB0417 25-09-23 10-03-57.fits,2025-09-23 10:03:57,383.70413313175794,229.75303601000397,2.875408037603953,4.4710668932681115,6.771068484592894,10.528557942942001,1092.971530937973,735.1974585415973,7730.66925194886,10306.805040715119,True,1,1
418,bigshakeB0418 25-09-23 10-03-57.fits,2025-09-23 10:03:57,388.61439652482585,231.81794482746622,2.7002541525381965,5.116851956676485,6.358612605075003,12.049265555037621,1293.2918431949852,729.8793362099669,7727.864548363519,10302.553196273428,True,1,1
419,bigshakeB0419 25-09-23 10-03-57.fits,2025-09-23 10:03:57,388.20739306505493,228.6130227376031,2.6470857367062446,4.509039090810112,6.233410553711383,10.61797563486778,1243.641435762823,750.1815375866171,7730.33143091479,10306.635592743167,True,1,1
420,bigshakeB0420 25-09-23 10-03-57.fits,2025-09-23 10:03:57,379.0971463769328,225.9386089153002,2.659205302593712,4.462045550838807,6.261949950400264,10.507314304956386,1197.238339518684,792.6889204229619,7730.954126865427,10306.093792755344,True,1,1
421,bigshakeB0421 25-09-23 10-03-57.fits,2025-09-23 10:03:57,372.10394230349607,239.22600013511789,2.6618312259476844,4.5457458547584215,6.268133527350913,10.704413458401477,1218.321218582697,732.7470028947429,7730.2470173071,10306.536912235884,True,1,1
422,bigshakeB0422 25-09-23 10-03-57.fits,2025-09-23 10:03:57,374.77517011182715,229.7616789408315,2.7793982422309242,4.219420656537893,6.544982693929167,9.93597634043308,1152.9861213050178,798.9053601413125,7728.750374974717,10304.132004548257,True,1,1
423,bigshakeB0423 25-09-23 10-03-57.fits,2025-09-23 10:03:57,384.5867677666946,232.41620582952638,2.9591258936026827,4.836174385976983,6.968208970025717,11.388320385363842,1155.2514560586262,740.1852976526167,7728.792194954857,10304.214812609682,True,1,1
424,bigshakeB0424 25-09-23 10-03-57.fits,2025-09-23 10:03:57,391.0904851428579,227.83566972891418,2.633215113642502,4.7205033917612,6.200747732483813,11.115936009555858,1249.114561581648,736.458550396742,7737.045671885556,10315.082957059412,True,1,1
425,bigshakeB0425 25-09-23 10-03-57.fits,2025-09-23 10:03:57,387.55815670096825,232.1129173849189,2.7123359532757823,4.872808722343707,6.387063071631941,11.47458765497661,1195.4990981576775,725.7046947055347,7728.2125300366115,10302.750021970904,True,1,1
426,bigshakeB0426 25-09-23 10-03-57.fits,2025-09-23 10:03:57,376.662490830711,238.1633439641663,2.771685913301137,4.444278743734953,6.526821547171432,10.465476671452034,1095.741621800634,702.1780345367843,7730.001938349822,10306.232558388345,True,1,1
427,bigshakeB0427 25-09-23 10-03-57.fits,2025-09-23 10:03:57,374.9971116977151,228.6192724952929,2.6209172024823038,4.627503921025521,6.171788364771769,10.896938991690211,1237.7578862571117,728.3766775229259,7730.072414265679,10306.102591947089,True,1,1
428,bigshakeB0428 25-09-23 10-03-57.fits,2025-09-23 10:03:57,379.1811222707724,229.65700286639924,2.643924171836523,4.687933046765304,6.2259656373824965,11.039238708285948,1215.2815179860377,751.0317812778029,7726.4592533711075,10300.33895102327,True,1,1
429,bigshakeB0429 25-09-23 10-03-57.fits,2025-09-23 10:03:57,388.31068584451646,235.32119876348509,2.648175840334826,4.97867639217768,6.235977551587127,11.723886966022368,1308.2513077198869,734.7081654810383,7728.570058926377,10303.750143973655,True,1,1
430,bigshakeB0430 25-09-23 10-03-57.fits,2025-09-23 10:03:57,388.9194078958784,225.24649568087813,2.6321587663720822,4.326511380654914,6.198260224756915,10.188155724220719,1176.467206403606,759.9324643897338,7729.1716459158415,10304.563679260129,True,1,1
431,bigshakeB0431 25-09-23 10-03-57.fits,2025-09-23 10:03:57,383.68994166849905,237.3991768936155,2.7073462397620003,4.790735594872046,6.375313194230725,11.281320209247962,1180.6058644323823,719.682973610682,7727.256315418854,10301.695041384557,True,1,1
432,bigshakeB0432 25-09-23 10-03-57.fits,2025-09-23 10:03:57,378.30424803922256,229.20356035013458,2.673950448425084,4.653410057042835,6.296672115370883,10.957943280073081,1170.020110444382,724.7898887056064,7728.923161629982,10303.955798186402,True,1,1
433,bigshakeB0433 25-09-23 10-03-57.fits,2025-09-23 10:03:57,378.54181805969165,228.00187549883157,2.7208893736865893,4.540033773372082,6.4072048374688855,10.690962534654076,1200.8515308571598,747.9152657459351,7728.424816337627,10303.897066409561,True,1,1
434,bigshakeB0434 25-09-23 10-03-57.fits,2025-09-23 10:03:57,385.19025109521044,227.22492961484494,2.707540087090969,5.175346675443231,6.375769669806656,12.187010091318005,1257.2628462761625,691.8246572738645,7728.667520107084,10303.969139188312,True,1,1
435,bigshakeB0435 25-09-23 10-03-57.fits,2025-09-23 10:03:57,388.3851615650203,235.576513576065,2.6584517242820294,5.1195809049571945,6.260175409086413,12.05569173715089,1285.1270978799769,716.6359652990869,7735.053490577297,10312.08644202952,True,1,1
436,bigshakeB0436 25-09-23 10-03-57.fits,2025-09-23 10:03:57,385.5508811487375,234.06115068815112,2.6444313247583517,4.951751174343191,6.227159891248715,11.660482923348889,1245.2163119779145,724.7843336483518,7731.62336136344,10307.285067192382,True,1,1
437,bigshakeB0437 25-09-23 10-03-57.fits,2025-09-23 10:03:57,380.30929839693493,227.85579079612845,2.7328101733911443,4.862671566580288,6.435276175565971,11.450716477385312,1199.5363728158504,708.8330015749115,7736.626576265187,10314.621038145937,True,1,1
438,bigshakeB0438 25-09-23 10-03-57.fits,2025-09-23 10:03:57,380.52487225923306,228.0231942929718,2.7600720527006954,4.732985322444053,6.499472995429317,11.145328710128528,1183.5755205549747,707.4336294249327,7729.430410574902,10305.481508882262,True,1,1
439,bigshakeB0439 25-09-23 10-03-57.fits,2025-09-23 10:03:57,386.73536878914103,232.99429922512454,2.8455875972264315,5.000907240248035,6.7008467138402565,11.776236612676477,1157.777433324762,709.8198965022628,7726.632453138753,10300.843984742083,True,1,1
440,bigshakeB0440 25-09-23 10-03-57.fits,2025-09-23 10:03:57,388.45385760693557,233.69525652293186,2.8289091191549374,4.6574865283393025,6.661571899356892,10.967542636394997,1203.2423455925068,755.0130853626827,7731.4246564833165,10307.978195269887,True,1,1
441,bigshakeB0441 25-09-23 10-03-57.fits,2025-09-23 10:03:57,386.1326206633566,230.10446136977848,2.7748230878014706,4.581615829867054,6.534209028569577,10.788880794802047,1114.3052987560127,710.905593605372,7729.1336018727525,10304.649313058475,True,1,1
442,bigshakeB0442 25-09-23 10-03-57.fits,2025-09-23 10:03:57,382.54442145618594,229.96167024664916,2.730469937166218,4.4757100361903195,6.429765340393407,10.53949170896716,1130.471178633252,723.5993801062897,7728.691791355668,10304.129127107228,True,1,1
443,bigshakeB0443 25-09-23 10-03-57.fits,2025-09-23 10:03:57,381.87734674269194,227.60737784346662,2.7294873005844793,4.672061378161183,6.427451408073748,11.001863784908876,1192.8348017408814,725.6262867138212,7728.871641988228,10304.460630511881,True,1,1
444,bigshakeB0444 25-09-23 10-03-57.fits,2025-09-23 10:03:57,384.6394067303172,234.60835932819492,2.787242376884557,4.699840474899281,6.563454219447462,11.067278558740602,1118.7290145587551,724.2536902367668,7729.40610879053,10304.382804481284,True,1,1
445,bigshakeB0445 25-09-23 10-03-57.fits,2025-09-23 10:03:57,386.2552847468244,229.08919840728507,2.9059969538131174,5.132114024778831,6.843099877638006,12.085204978933653,1176.7514860481826,732.2054363118111,7728.628504881737,10303.072266772173,True,1,1
446,bigshakeB0446 25-09-23 10-03-57.fits,2025-09-23 10:03:57,384.08714820628006,231.33087933617372,2.858157571420799,4.559789488753284,6.730446741038675,10.737483689237658,1125.3592223184328,737.3627139916264,7728.805539849286,10304.312848767757,True,1,1
447,bigshakeB0447 25-09-23 10-03-57.fits,2025-09-23 10:03:57,382.96790109697554,230.33798371790718,2.8153155740283085,4.657947561561589,6.629561546809675,10.968628286668263,1158.0470429250406,736.6242366654315,7728.577688062924,10303.877843086188,True,1,1
448,bigshakeB0448 25-09-23 10-03-57.fits,2025-09-23 10:03:57,383.4346272667926,230.30838301735545,2.7929023499387076,4.731165883158512,6.576782437449712,11.14104425802822,1177.6494304023952,738.681683002386,7728.466483677096,10303.547440399945,True,1,1
449,bigshakeB0449 25-09-23 10-03-57.fits,2025-09-23 10:03:57,383.7100766658308,229.4751491194284,2.840504374475334,4.842030662763658,6.688876639012615,11.402110863330353,1155.103613971442,719.2337721117486,7728.163374921672,10303.165701548636,True,1,1
450,bigshakeB0450 25-09-23 10-03-58.fits,2025-09-23 10:03:58,380.7415461066853,237.03683860929974,2.9158543626040996,4.773735125399992,6.866312301451075,11.241287162960234,1106.0523474328331,715.2896620770207,7731.5592255110605,10307.75595543587,True,1,1
451,bigshakeB0451 25-09-23 10-03-58.fits,2025-09-23 10:03:58,378.0397410996669,229.89140696045104,3.006561944421162,4.598303077389141,7.07991233335018,10.828176259763449,1016.4385351347224,709.25887130513,7733.876219593962,10310.76232188093,True,1,1
452,bigshakeB0452 25-09-23 10-03-58.fits,2025-09-23 10:03:58,383.59858911487345,227.00995636335497,3.184182421465053,4.43202976583603,7.4981765931010935,10.436632532764508,940.7856105800942,703.7305704637637,7727.886033767179,10303.204040879618,True,1,1
453,bigshakeB0453 25-09-23 10-03-58.fits,2025-09-23 10:03:58,390.1028328714526,227.4065993712993,3.0537021649571447,4.856601661621766,7.190919069595491,11.43642294351755,1106.1202306398886,707.2831356408941,7737.933135794737,10316.945314160484,True,1,1
454,bigshakeB0454 25-09-23 10-03-58.fits,2025-09-23 10:03:58,390.903602114827,230.64165151852438,2.889549685304211,4.70336070132325,6.804369520067227,11.075568058486814,1139.5180852649019,729.2771095029566,7729.928812197191,10305.854440462652,True,1,1
455,bigshakeB0455 25-09-23 10-03-58.fits,2025-09-23 10:03:58,376.8347701943186,234.5417407816146,3.1762255970452027,4.866132697396482,7.479439703462438,11.45886681760976,1062.9273830126492,724.0006337902945,7727.350592806878,10302.36654196645,True,1,1
456,bigshakeB0456 25-09-23 10-03-58.fits,2025-09-23 10:03:58,366.1276163775091,241.61277428392324,2.846223630587,4.513392942703304,6.7023444579470315,10.628228172578964,1093.8805173264866,724.3255044977197,7732.8371748364525,10309.636285461222,True,1,1
457,bigshakeB0457 25-09-23 10-03-58.fits,2025-09-23 10:03:58,370.05579038922014,221.05642914929965,3.0229837587169897,4.5613599661326445,7.11858275082977,10.741181880850844,1056.993990321207,725.3223916107521,7727.090049482183,10302.195686126453,True,1,1
458,bigshakeB0458 25-09-23 10-03-58.fits,2025-09-23 10:03:58,383.3872757905994,232.57319121898692,3.3259447499686283,4.59460814274677,7.832001365891575,10.819475353602515,968.3596214245804,738.1028638466219,7728.927930856106,10304.346433343148,True,1,1
459,bigshakeB0459 25-09-23 10-03-58.fits,2025-09-23 10:03:58,393.6918991869672,235.0283287512283,2.8926483756247405,4.920068935254277,6.811666378147354,11.585876951670851,1181.003568984427,729.0385427705982,7730.654353376754,10306.647760814882,True,1,1
460,bigshakeB0460 25-09-23 10-03-58.fits,2025-09-23 10:03:58,391.02980099941493,230.18035078384716,3.0213824143358305,4.664740944924206,7.114811872982019,10.98462548198413,1089.507801415208,743.559544683006,7735.27598693029,10312.77860023227,True,1,1
461,bigshakeB0461 25-09-23 10-03-58.fits,2025-09-23 10:03:58,378.7415751380349,229.9304344437882,3.056824668414893,4.795810372591596,7.198272003328475,11.293270397546037,1067.434610472587,720.5706876760768,7735.273392309552,10312.691236646973,True,1,1
462,bigshakeB0462 25-09-23 10-03-58.fits,2025-09-23 10:03:58,370.64865633709263,226.08316370383534,2.838904340919371,4.303862777963643,6.685108847922311,10.134822340611374,1138.9197859683986,734.4781296961293,7728.97868451791,10305.681905620379,True,1,1
463,bigshakeB0463 25-09-23 10-03-58.fits,2025-09-23 10:03:58,372.05478328246267,235.3202877769117,3.1819149515858625,4.7674017314220105,7.492837109578072,11.226373159867805,1017.1090951898535,742.7052439357501,7729.155721810871,10303.951239813996,True,1,1
464,bigshakeB0464 25-09-23 10-03-58.fits,2025-09-23 10:03:58,381.99489575239903,238.84004659663137,3.2342573463250175,4.811178192498867,7.616094029914756,11.329458847912102,1089.2184593370578,742.6925564632171,7729.24940284345,10305.402604367779,True,1,1
465,bigshakeB0465 25-09-23 10-03-58.fits,2025-09-23 10:03:58,389.10208488568423,229.75861939938562,2.9471626990837603,4.575585374944005,6.9400377997699545,10.774680158668595,1146.607103295594,742.1548368668531,7728.113292611988,10304.064603559314,True,1,1
466,bigshakeB0466 25-09-23 10-03-58.fits,2025-09-23 10:03:58,390.1635697471675,230.4156724682698,2.870285226047167,4.590833937250419,6.759005185252059,10.810587778845644,1131.7353602215303,742.079726210458,7728.592906999806,10303.963556350323,True,1,1
467,bigshakeB0467 25-09-23 10-03-58.fits,2025-09-23 10:03:58,385.0552903879038,225.3876973606261,2.786300669758627,4.680535809899798,6.561236668630774,11.021819546637213,1131.0851856884651,713.9598602524391,7729.67226902901,10305.236590551525,True,1,1
468,bigshakeB0468 25-09-23 10-03-58.fits,2025-09-23 10:03:58,379.6139902773097,238.40539223694768,2.8913891093687676,4.8581698738534715,6.808701032725757,11.440115801115633,1101.9704391002733,719.6408028090216,7731.1051836051265,10306.521840564415,True,1,1
469,bigshakeB0469 25-09-23 10-03-58.fits,2025-09-23 10:03:58,379.50471276231997,242.21174256394434,2.823837295674389,4.6950466032662135,6.649628667760039,11.05598985372575,1200.4093650756995,765.9697478055216,7732.5377029630445,10308.971882956928,True,1,1
470,bigshakeB0470 25-09-23 10-03-58.fits,2025-09-23 10:03:58,379.30274491564415,232.10559477069148,2.8488125148076358,4.405122925623877,6.708440814404049,10.373271766084484,1151.2224460453488,748.0823743768394,7727.944092996875,10303.84306286205,True,1,1
471,bigshakeB0471 25-09-23 10-03-58.fits,2025-09-23 10:03:58,382.0080090976365,222.9762275997247,2.985499294817173,4.486943859081911,7.0303135838612425,10.565945340294606,1032.4583068704153,730.6950775714379,7729.1602501788875,10304.522498202508,True,1,1
472,bigshakeB0472 25-09-23 10-03-58.fits,2025-09-23 10:03:58,387.14291796222113,230.18162926180474,2.9935595207179158,4.600650512970196,7.049293965379789,10.833704048124137,1070.2982074810168,749.6097719881262,7730.063686758981,10305.473770123372,True,1,1
473,bigshakeB0473 25-09-23 10-03-58.fits,2025-09-23 10:03:58,394.2452680390969,234.243691530542,2.891604814785601,4.688279753699787,6.809208980165138,11.04005514072502,1165.0947135817685,738.7436576557734,7729.5315401206435,10305.548856364805,True,1,1
474,bigshakeB0474 25-09-23 10-03-58.fits,2025-09-23 10:03:58,390.80163562538434,236.8624115645381,2.9026048246940808,4.574991764244404,6.835112023993166,10.773282312294228,1102.0348978440716,738.9762406419821,7727.460731458417,10302.330344839442,True,1,1
475,bigshakeB0475 25-09-23 10-03-58.fits,2025-09-23 10:03:58,376.7527559634408,221.22581421438022,2.8685625300925444,4.598818837310751,6.754948546286619,10.82939078156528,1074.797290486241,709.1485314366773,7734.798056446306,10312.133894801234,True,1,1
476,bigshakeB0476 25-09-23 10-03-58.fits,2025-09-23 10:03:58,376.4111874620977,239.01734069673952,3.011859979044102,4.597456186140346,7.092388251479546,10.826181983274827,1133.719452098759,755.9427294038642,7728.676338206401,10304.584229291517,True,1,1
477,bigshakeB0477 25-09-23 10-03-58.fits,2025-09-23 10:03:58,381.7357444351585,238.01822071302644,2.955682868309262,4.5665532164414016,6.960101265049222,10.753411050776768,1098.0902347194913,736.14738358299,7728.472610920619,10304.024119818028,True,1,1
478,bigshakeB0478 25-09-23 10-03-58.fits,2025-09-23 10:03:58,387.25613346765095,234.3555786584245,2.8985567195864985,4.798740398639806,6.825579464941439,11.300170081616823,1190.5878997902867,740.5514470694686,7730.496342999283,10306.791999247172,True,1,1
479,bigshakeB0479 25-09-23 10-03-58.fits,2025-09-23 10:03:58,388.06034526291245,220.67905724834506,2.9302171642772357,4.392698527195498,6.900134114733781,10.344014543617888,1089.0203670061003,734.7239969555703,7730.472161418365,10307.106365037731,True,1,1
480,bigshakeB0480 25-09-23 10-03-58.fits,2025-09-23 10:03:58,388.52586108653514,229.47071287029019,2.945408382336976,4.658393699515135,6.935906699529293,10.969678861264121,1137.4695078888894,771.5804256436647,7730.092207269902,10305.515338208965,True,1,1
481,bigshakeB0481 25-09-23 10-03-58.fits,2025-09-23 10:03:58,387.6023144340499,235.62284656795674,2.883084112271833,4.675369007710537,6.789144259087972,11.009652657273232,1114.039345077805,744.8574735974137,7729.23599688902,10304.234808904637,True,1,1
482,bigshakeB0482 25-09-23 10-03-58.fits,2025-09-23 10:03:58,383.24975945045156,239.29954404798988,2.895797416269122,4.65821424684615,6.81908180217936,10.96925628252206,1133.1248035649473,723.6697556515039,7730.364063979391,10306.683612733776,True,1,1
483,bigshakeB0483 25-09-23 10-03-58.fits,2025-09-23 10:03:58,379.44734281177364,221.83649702328609,2.859841380535001,4.164999149563298,6.734411808492804,9.80782348492851,1045.122570697936,736.8076623170566,7730.431213925891,10306.824272724338,True,1,1
484,bigshakeB0484 25-09-23 10-03-58.fits,2025-09-23 10:03:58,379.54328898880385,231.08831957243143,2.9282193962325183,4.237876825443264,6.895429730496758,9.979437296925923,1056.3402085441605,772.0118266609862,7727.988293326428,10303.05226407962,True,1,1
485,bigshakeB0485 25-09-23 10-03-58.fits,2025-09-23 10:03:58,386.00270070150265,228.06213656414377,3.097014494359691,4.279846446637091,7.29291181106959,10.078268202195503,1042.9974135093564,799.4550960791025,7729.46897535013,10304.959288385493,True,1,1
486,bigshakeB0486 25-09-23 10-03-58.fits,2025-09-23 10:03:58,389.56691529471385,237.7233510390276,2.986089087795161,4.946671951365149,7.031702440188227,11.648522267267014,1171.882129114857,731.4338725915753,7729.575694201822,10305.48043596791,True,1,1
487,bigshakeB0487 25-09-23 10-03-58.fits,2025-09-23 10:03:58,386.49901890597846,232.32041195411307,2.860242640500185,4.462621386398452,6.735356703502086,10.50867029407488,1120.079609897293,764.2547115913857,7730.414869290876,10306.139469145004,True,1,1
488,bigshakeB0488 25-09-23 10-03-58.fits,2025-09-23 10:03:58,381.16289235241373,229.45547245888102,2.9250258208897164,4.130116303392988,6.887909435264212,9.725680659538934,1104.4468043846095,768.9379056150681,7727.417575896504,10303.509255111365,True,1,1
489,bigshakeB0489 25-09-23 10-03-58.fits,2025-09-23 10:03:58,382.43350926802975,228.07243264517356,2.8750911136729123,4.644355643187684,6.77032218576733,10.936621764830965,1230.3624710954475,767.5789627920994,7729.531316555011,10305.898117870312,True,1,1
490,bigshakeB0490 25-09-23 10-03-58.fits,2025-09-23 10:03:58,384.4091264711882,232.49430987772448,2.8484146287248646,4.596383645556273,6.7075038642807,10.823656343208341,1200.2016132799545,774.096780072811,7727.974469565295,10303.238128839394,True,1,1
491,bigshakeB0491 25-09-23 10-03-58.fits,2025-09-23 10:03:58,384.6684639177054,235.16745544949043,2.858481221811898,4.39221976750361,6.731208879467217,10.342887150698676,1134.8827373687686,764.7766100836552,7729.505304876117,10305.406391291905,True,1,1
492,bigshakeB0492 25-09-23 10-03-58.fits,2025-09-23 10:03:58,382.7339584908984,226.93388452494528,2.9806711017547274,4.290461748259386,7.018944058056516,10.103265327239733,1044.808445164596,763.1452151689251,7731.088722152536,10307.282675032491,True,1,1
493,bigshakeB0493 25-09-23 10-03-58.fits,2025-09-23 10:03:58,384.8573918724878,234.19022762471613,3.154190765509115,4.498816294676311,7.4275516404723785,10.593902789615639,1091.2357926119003,782.4712434306783,7737.472298522296,10316.221210896192,True,1,1
494,bigshakeB0494 25-09-23 10-03-58.fits,2025-09-23 10:03:58,387.04241662620007,226.1437320684133,3.0859665049493175,4.502549557751578,7.266895784148753,10.602693952338653,1063.1233373714754,760.6455756412914,7727.916166683275,10303.13580872867,True,1,1
495,bigshakeB0495 25-09-23 10-03-58.fits,2025-09-23 10:03:58,386.1676614386639,234.66664981660944,2.8240026643357474,4.486216156004076,6.650018081198626,10.56423173050009,1145.3099683532264,742.1997841430099,7728.579165278495,10304.274496636448,True,1,1
496,bigshakeB0496 25-09-23 10-03-58.fits,2025-09-23 10:03:58,381.3908965915478,228.43839347179116,2.830682464305325,4.2520963541794465,6.665747808063784,10.01292172822478,1103.464556837077,764.8002494022882,7728.7943777711025,10304.388404044856,True,1,1
497,bigshakeB0497 25-09-23 10-03-58.fits,2025-09-23 10:03:58,379.08948375511767,236.49276510321664,2.9012817284438115,4.364408389577558,6.8319963704215265,10.277396360478479,1076.4923348392122,754.4060354535221,7729.667624482139,10305.339241853788,True,1,1
498,bigshakeB0498 25-09-23 10-03-58.fits,2025-09-23 10:03:58,383.73006593882917,226.5372521965034,2.872121968184488,4.1552135514656685,6.763330382454575,9.784780162375597,1069.2392350525452,787.0440013368661,7730.298720191245,10306.023924095714,True,1,1
499,bigshakeB0499 25-09-23 10-03-58.fits,2025-09-23 10:03:58,386.8152465495514,229.9033405658487,2.9431042852591127,4.596671907640045,6.9304809655446435,10.82433514854143,1129.13294299315,737.6134297159011,7729.839192501066,10306.100227215033,True,1,1
500,bigshakeB0500 25-09-23 10-03-58.fits,2025-09-23 10:03:58,384.83786994868433,229.67560270673408,2.9358981375737887,4.559274849077809,6.913511784527789,10.736271805413882,1079.0179827873503,739.4087376107033,7727.79888306304,10302.670282964742,True,1,1
501,bigshakeB0501 25-09-23 10-03-58.fits,2025-09-23 10:03:58,380.9328171987849,237.47273409592063,2.837489827483456,4.356537345854927,6.681777923329453,10.258861468945112,1081.4914070602283,752.6622041273183,7730.462277358652,10306.184923695328,True,1,1
502,bigshakeB0502 25-09-23 10-03-58.fits,2025-09-23 10:03:58,381.30916719903706,226.8076810806948,2.821372708400815,4.73887212481505,6.643825008245499,11.159191070352886,1217.7130927257792,755.8113848426613,7729.075268020452,10304.670887068272,True,1,1
503,bigshakeB0503 25-09-23 10-03-59.fits,2025-09-23 10:03:59,383.64271069973756,231.50331889984992,2.8569052910026516,4.20669152667239,6.7274978460080215,9.906001530269991,1035.1554481958697,744.3866999905872,7728.973508182547,10304.389023181178,True,1,1
504,bigshakeB0504 25-09-23 10-03-59.fits,2025-09-23 10:03:59,386.2351651288041,227.10446616901433,2.9869907597690255,4.252589711994603,7.033825715426326,10.014083497097284,1089.4995315546041,771.5320173764,7730.7697138365365,10307.553603688824,True,1,1
505,bigshakeB0505 25-09-23 10-03-59.fits,2025-09-23 10:03:59,385.16421021864625,238.05009313131492,2.9719762959379596,4.147074145158116,6.99846935503154,9.76561332524792,1022.2824946663819,754.2868429157904,7729.05681816279,10304.939703212423,True,1,1
506,bigshakeB0506 25-09-23 10-03-59.fits,2025-09-23 10:03:59,382.1612436514189,234.75781292437114,2.8609552663996474,4.234716288918233,6.737034809254749,9.971994802163728,1090.9536970907573,769.5038884067934,7729.117793308216,10304.7725505653,True,1,1
507,bigshakeB0507 25-09-23 10-03-59.fits,2025-09-23 10:03:59,379.702907395169,226.74658617747235,2.8681130580182397,4.247573051280793,6.753890120436365,10.002270163889284,1116.7152000743429,786.6990922414832,7730.882198296238,10307.11863864665,True,1,1
508,bigshakeB0508 25-09-23 10-03-59.fits,2025-09-23 10:03:59,381.256109787085,226.63229619813313,2.950654224252545,4.734552374680511,6.948259713225139,11.14901883614655,1119.434566647413,735.4919591979753,7725.971008673014,10300.359074687487,True,1,1
509,bigshakeB0509 25-09-23 10-03-59.fits,2025-09-23 10:03:59,384.4290536059043,234.51559322414118,2.900424935579732,4.300761833808383,6.829978777410753,10.127520175156045,1093.045338894914,753.5034776251293,7726.784760180477,10302.012338872837,True,1,1
510,bigshakeB0510 25-09-23 10-03-59.fits,2025-09-23 10:03:59,385.35469061162,233.07207172647253,2.7712916466279327,4.839073556560258,6.525893120106282,11.395147410367304,1207.0386891384371,749.318562655953,7730.7846679025215,10306.245722332775,True,1,1
511,bigshakeB0511 25-09-23 10-03-59.fits,2025-09-23 10:03:59,382.93850217817777,233.0774767972328,2.8657321609243076,4.295500470415661,6.748283536234418,10.11513061117467,1040.0813690283514,741.5653927401315,7728.115245667841,10303.08416686516,True,1,1
512,bigshakeB0512 25-09-23 10-03-59.fits,2025-09-23 10:03:59,379.31055912590375,232.66496811364868,2.9436454117629975,4.286201740240796,6.93175522108289,10.093233774965565,1095.4009956312052,777.8531704303083,7728.142885977978,10303.618358467233,True,1,1
513,bigshakeB0513 25-09-23 10-03-59.fits,2025-09-23 10:03:59,380.30116678640525,228.55643295547253,2.965282705473025,4.198598443086667,6.982707154031484,9.88694377481622,1046.6800495248065,761.4621324698202,7727.362769041391,10302.662759599247,True,1,1
514,bigshakeB0514 25-09-23 10-03-59.fits,2025-09-23 10:03:59,385.19499929298615,235.83333079954855,2.899408557531538,4.32216143573874,6.827585390009536,10.177912386737331,1094.169689937589,774.9187641784289,7730.220093371148,10306.036437009003,True,1,1
515,bigshakeB0515 25-09-23 10-03-59.fits,2025-09-23 10:03:59,388.78958815558224,233.36240980547348,2.8161943177540087,4.593061761779635,6.6316308301493985,10.815833904703853,1128.5147943116556,741.556247906543,7735.672878421307,10313.040395600392,True,1,1
516,bigshakeB0516 25-09-23 10-03-59.fits,2025-09-23 10:03:59,387.503593689107,233.09430356020042,3.0637806491362363,4.425571445748842,7.214652086163943,10.421424351165971,1022.9718785542466,743.4176530957004,7729.4622223465085,10305.135568362895,True,1,1
517,bigshakeB0517 25-09-23 10-03-59.fits,2025-09-23 10:03:59,383.46783912292943,227.55982134753754,2.9219550537151497,4.153542860378283,6.8806783311679185,9.780845985513967,1037.3844066865988,791.5432719384145,7732.257706112066,10308.337366452939,True,1,1
518,bigshakeB0518 25-09-23 10-03-59.fits,2025-09-23 10:03:59,379.5468957597682,230.79362424255288,2.923901180710127,4.334802800653855,6.885261110025867,10.207680526235997,1070.507156153939,783.1909809310595,7729.42048480694,10304.510522925553,True,1,1
519,bigshakeB0519 25-09-23 10-03-59.fits,2025-09-23 10:03:59,382.681945876214,232.45497546506755,2.8494767249757222,4.681832273508499,6.710004909821972,11.024872485130636,1172.5788709437932,754.9212879970196,7730.1902544782415,10305.911532921487,True,1,1
520,bigshakeB0520 25-09-23 10-03-59.fits,2025-09-23 10:03:59,384.7291871488967,229.40892545055695,2.8532627936725508,4.561499945290339,6.718920420281128,10.741511506577268,1135.687237927452,781.659499448544,7729.608572331213,10304.446910855277,True,1,1
521,bigshakeB0521 25-09-23 10-03-59.fits,2025-09-23 10:03:59,385.19968910423324,233.2185112290351,2.8918934230166555,4.5980559186233565,6.809888600612787,10.827594245347475,1091.9071568818424,742.1929166981373,7726.754487846495,10301.007851502809,True,1,1
522,bigshakeB0522 25-09-23 10-03-59.fits,2025-09-23 10:03:59,384.2949683608365,233.18200671519003,2.8791385624286825,4.457892678870807,6.779853199228652,10.497535038801693,1107.8595968314842,763.609849352594,7728.730710466857,10303.85460387187,True,1,1
523,bigshakeB0523 25-09-23 10-03-59.fits,2025-09-23 10:03:59,383.9000456650087,225.51511268192743,2.8874603513594157,4.809087692128781,6.79944951461326,11.32453609573648,1182.8774310104905,747.3496780713425,7729.254034129906,10304.73958785348,True,1,1
524,bigshakeB0524 25-09-23 10-03-59.fits,2025-09-23 10:03:59,383.5897733394058,226.9149710819419,2.8886798980922483,4.328550117153966,6.802321327705586,10.192956581795224,1116.7486888288895,758.9776538237054,7726.6871780182555,10301.939671413738,True,1,1
525,bigshakeB0525 25-09-23 10-03-59.fits,2025-09-23 10:03:59,383.24778593999224,238.0013446944386,2.862632553040783,4.530960761335543,6.740984517458558,10.66959722404163,1139.089491483115,754.0816627502344,7728.467812357681,10303.809514613362,True,1,1
526,bigshakeB0526 25-09-23 10-03-59.fits,2025-09-23 10:03:59,382.34173795172353,227.08265234326964,2.9220497251738053,4.6171587512535215,6.880901265416453,10.872577978541859,1132.5542308982742,755.6477575015202,7729.360336051677,10304.87606285154,True,1,1
527,bigshakeB0527 25-09-23 10-03-59.fits,2025-09-23 10:03:59,385.8138126655604,232.96653883579685,2.86032496873693,5.087051065690834,6.7355505716842465,11.979089819584829,1221.6030951436342,732.5127020768666,7728.425601586432,10303.355160542153,True,1,1
528,bigshakeB0528 25-09-23 10-03-59.fits,2025-09-23 10:03:59,388.7178073132912,225.40892299315615,2.855909335469589,4.73204028343861,6.725152549954807,11.143103313335173,1178.7348136835767,760.5951252910588,7728.360605383832,10303.265055840391,True,1,1
529,bigshakeB0529 25-09-23 10-03-59.fits,2025-09-23 10:03:59,386.441810904156,237.64426938027876,2.9137538094360482,4.382389558041916,6.861365876745295,10.319738776411427,1119.3325114084498,747.5801178544084,7730.104271448866,10306.728783906387,True,1,1
530,bigshakeB0530 25-09-23 10-03-59.fits,2025-09-23 10:03:59,381.2542570466756,234.05760410504027,2.8095653093429296,4.391126768130382,6.61602070826431,10.340313333865394,1100.151927759152,752.3593592237237,7733.226782207206,10309.85799755723,True,1,1
531,bigshakeB0531 25-09-23 10-03-59.fits,2025-09-23 10:03:59,379.0949423953008,229.61699562367383,2.894814909580349,4.515558515495686,6.816768175734261,10.633327706799438,1165.2279420513066,747.9908528758078,7730.593506233017,10307.43462749893,True,1,1
532,bigshakeB0532 25-09-23 10-03-59.fits,2025-09-23 10:03:59,383.66905025836917,223.66553097344286,2.912536788081249,4.585408612137736,6.858500010463783,10.797812114519488,1091.4854302779192,735.22063492369,7727.269453275315,10302.021742928417,True,1,1
533,bigshakeB0533 25-09-23 10-03-59.fits,2025-09-23 10:03:59,387.4360336866458,234.76551519369073,2.8726610106085366,4.626418990161512,6.764599730359847,10.894384174744172,1066.9399127384813,735.3906369590798,7735.23327016492,10311.883096028805,True,1,1
534,bigshakeB0534 25-09-23 10-03-59.fits,2025-09-23 10:03:59,387.4878877458198,235.27857868207545,2.884402338061923,4.420155709831264,6.792248443602353,10.408671267668666,1098.4476736840832,746.5429222680581,7730.2641978294005,10306.332370582715,True,1,1
535,bigshakeB0535 25-09-23 10-03-59.fits,2025-09-23 10:03:59,385.57519349521317,235.55666846376172,2.877821495492376,5.005633582933586,6.776751743606391,11.787366299172099,1135.405090529952,721.8524280496218,7729.61345190414,10304.345266615117,True,1,1
536,bigshakeB0536 25-09-23 10-03-59.fits,2025-09-23 10:03:59,383.820954045952,227.46244308540162,2.996786750913515,4.535112780929531,7.056893511734316,10.67937448300891,1116.7977130102577,771.7299620794115,7729.755945287055,10305.541866212348,True,1,1
537,bigshakeB0537 25-09-23 10-03-59.fits,2025-09-23 10:03:59,381.18939865573157,233.7345990562518,2.860378765020875,4.223218618453799,6.735677252252028,9.944919857282919,1031.7398217731707,729.6148523729997,7729.313315876333,10305.071392857095,True,1,1
538,bigshakeB0538 25-09-23 10-03-59.fits,2025-09-23 10:03:59,382.7217090298555,223.83197204293094,2.84766889693397,4.484119621109462,6.7057478001112845,10.559294768105147,1162.8663895827076,765.0383937408693,7728.731882220562,10304.354067427017,True,1,1
539,bigshakeB0539 25-09-23 10-03-59.fits,2025-09-23 10:03:59,386.9939253282544,235.58595210055773,2.828795922036816,4.504465710460673,6.661305340514101,10.60720614714737,1177.785522522487,760.2902545285962,7729.132233235387,10305.024055586246,True,1,1
540,bigshakeB0540 25-09-23 10-03-59.fits,2025-09-23 10:03:59,389.86210746624465,234.68877309427188,2.9101046561983077,4.742734066268087,6.852772777553675,11.168285247499233,1183.161812410582,735.5581562211164,7736.216197302243,10314.717677239025,True,1,1
541,bigshakeB0541 25-09-23 10-03-59.fits,2025-09-23 10:03:59,384.84182109360415,235.01227758939586,2.8912766608928293,4.5972946157757395,6.808436236800585,10.825801514141569,1122.9797360303717,751.1695850778226,7727.084947289629,10301.70154278952,True,1,1
542,bigshakeB0542 25-09-23 10-03-59.fits,2025-09-23 10:03:59,379.5216253455754,231.88194916964844,2.8676206552969115,4.531128494178261,6.752730600637953,10.66999220470187,1111.0578604542825,752.5634278243634,7731.832266453397,10307.940612200564,True,1,1
543,bigshakeB0543 25-09-23 10-03-59.fits,2025-09-23 10:03:59,380.8178264398228,225.5649702337314,2.98799245701913,4.355618362050805,7.036184532189925,10.256697427462107,1006.6967802920053,745.6578361878971,7730.471962761949,10306.043688073945,True,1,1
544,bigshakeB0544 25-09-23 10-03-59.fits,2025-09-23 10:03:59,389.2034556837233,225.0475115669887,2.9614719794008266,4.721344769271113,6.973733579890549,11.117917302181638,1134.636966832259,762.1467893531835,7735.5956855306695,10312.883863964891,True,1,1
545,bigshakeB0545 25-09-23 10-03-59.fits,2025-09-23 10:03:59,392.14814946117804,233.30685600308541,2.8466201246242924,4.485895464040912,6.703278130053783,10.563476558636951,1080.9190188452503,755.2444516315982,7729.008110070013,10303.720155422741,True,1,1
546,bigshakeB0546 25-09-23 10-03-59.fits,2025-09-23 10:03:59,388.10914431829747,234.95207984949892,2.8691903243021804,4.845449816369219,6.756426888675624,11.41016235477777,1172.3343952390464,741.6106644763671,7730.480591470875,10306.107476169993,True,1,1
547,bigshakeB0547 25-09-23 10-03-59.fits,2025-09-23 10:03:59,382.50880747752825,225.32036800164923,2.7954735464965967,4.541162177477063,6.582837142643943,10.693619723259381,1116.1763247105364,750.586612560395,7728.558929236773,10303.239725935162,True,1,1
548,bigshakeB0548 25-09-23 10-03-59.fits,2025-09-23 10:03:59,380.52248044193516,229.7296673758044,2.832945835186029,4.717885662363804,6.671077639183005,11.109771727898403,1216.0910419358163,763.3275620231808,7727.07713229249,10301.953956760564,True,1,1
549,bigshakeB0549 25-09-23 10-03-59.fits,2025-09-23 10:03:59,382.1370690239209,231.6758718167088,2.8627064003145777,4.171736637454595,6.741158414499161,9.82368905646809,1011.147445552045,729.4519403291974,7729.353543773932,10305.029429496532,True,1,1
550,bigshakeB0550 25-09-23 10-03-59.fits,2025-09-23 10:03:59,386.40560650358844,230.05566853652084,2.8205157908183067,4.613046615077157,6.641807121545269,10.862894637845859,1149.1187356961516,762.0172880699254,7729.633981562385,10304.747181186556,True,1,1
551,bigshakeB0551 25-09-23 10-03-59.fits,2025-09-23 10:03:59,390.7457893294072,231.65295195717738,2.8325780324737715,4.785028255123198,6.670211529983565,11.267880451203574,1127.7706294882403,737.3850166594572,7729.7696565769465,10304.61581748094,True,1,1
552,bigshakeB0552 25-09-23 10-03-59.fits,2025-09-23 10:03:59,389.5039814286477,231.45114835285875,2.976358049733633,5.212863082455523,7.008787596701982,12.275354478568088,1138.2150960745553,722.9500017903314,7730.342509372992,10305.134212471019,True,1,1
553,bigshakeB0553 25-09-23 10-03-59.fits,2025-09-23 10:03:59,383.3329312100593,227.12471256451175,2.89648871928965,4.646432867344916,6.82070969638929,10.941513253914438,1095.2811960668178,712.8570956095251,7728.90905926216,10304.48216447264,True,1,1
554,bigshakeB0554 25-09-23 10-03-59.fits,2025-09-23 10:03:59,378.9349464469112,232.08641618155224,2.8194952272370637,4.628608886483098,6.639403877966929,10.899540986498781,1150.716230397733,765.3937790481198,7730.5896838574745,10305.895305909682,True,1,1
555,bigshakeB0555 25-09-23 10-03-59.fits,2025-09-23 10:03:59,377.42167698755105,234.22220192823292,2.918710796776406,4.725626740868192,6.873038689897335,11.128000574730693,1105.5051589884345,738.5720078010477,7729.023419172258,10303.988180868306,True,1,1
556,bigshakeB0556 25-09-23 10-04-00.fits,2025-09-23 10:04:00,382.64576114148286,230.63650410121957,2.810674277178268,4.984318608872219,6.61863212795226,11.737173370993078,1165.6571056891755,735.785786837058,7727.938402800385,10301.875446985381,True,1,1
557,bigshakeB0557 25-09-23 10-04-00.fits,2025-09-23 10:04:00,386.1507234175669,219.33905771606211,2.7535404468338993,4.610424718430112,6.484092239007943,10.856720543065398,1150.6475604656302,730.4188762794246,7727.24548872049,10301.953803967373,True,1,1
558,bigshakeB0558 25-09-23 10-04-00.fits,2025-09-23 10:04:00,389.9149708376305,232.8703421256283,2.924013529810711,4.844809169455144,6.885525671939964,11.408653746582718,1163.4692863108226,740.6143504369511,7728.913204332937,10304.245580967312,True,1,1
559,bigshakeB0559 25-09-23 10-04-00.fits,2025-09-23 10:04:00,387.5014783380662,235.46634797957194,2.798419157672547,4.8906843102830315,6.5897735268859385,11.516681447772847,1140.4122270695082,720.9986907322882,7732.436669197247,10308.16705222199,True,1,1
560,bigshakeB0560 25-09-23 10-04-00.fits,2025-09-23 10:04:00,379.95514725540426,237.81280012133345,2.890831759587187,4.740282906375612,6.807388574287998,11.162513207050857,1165.6754812530692,727.4585219403693,7729.3113046415265,10305.338011117181,True,1,1
561,bigshakeB0561 25-09-23 10-04-00.fits,2025-09-23 10:04:00,379.1300798620833,221.9018538334903,2.8122459597025933,4.638897890224201,6.622333157464966,10.923769738751728,1077.9734442527797,712.9130409534956,7731.95639070127,10307.835942551632,True,1,1
562,bigshakeB0562 25-09-23 10-04-00.fits,2025-09-23 10:04:00,385.55752321589284,220.63076325082923,2.9147042166576997,4.769302834824944,6.863603914721782,11.230849916268708,1090.9262293740633,716.045458354534,7730.07750889191,10305.541187722221,True,1,1
563,bigshakeB0563 25-09-23 10-04-00.fits,2025-09-23 10:04:00,387.57632846073466,235.98988560381557,2.7640173096880534,4.772907036933519,6.508763365665946,11.239337163640325,1127.9886607017952,688.3631914629864,7730.4060688095,10306.332268842465,True,1,1
564,bigshakeB0564 25-09-23 10-04-00.fits,2025-09-23 10:04:00,383.7153778828978,237.0653594232883,2.7872628022162957,4.699540014004931,6.563502317428068,11.06657102740384,1094.0720869545,705.3500426780274,7725.862689406181,10299.76453454644,True,1,1
565,bigshakeB0565 25-09-23 10-04-00.fits,2025-09-23 10:04:00,380.13769386829887,231.76580224002458,2.853040484272602,4.582650373433384,6.71839692164993,10.791316958729498,1108.47432260153,747.0585858205085,7728.854269747166,10303.776119330165,True,1,1
566,bigshakeB0566 25-09-23 10-04-00.fits,2025-09-23 10:04:00,380.1227791626496,224.20145960338246,2.968698214110731,4.922169104458314,6.990750062235531,11.590822472210474,1145.7043668468798,724.2454188090052,7729.681764543485,10305.387968910783,True,1,1
567,bigshakeB0567 25-09-23 10-04-00.fits,2025-09-23 10:04:00,383.8036929772457,230.7940190699344,2.9060912200247784,4.921054845412827,6.843321857602795,11.588198592674804,1120.8629092405163,731.0066278011606,7729.436070112087,10304.139263919644,True,1,1
568,bigshakeB0568 25-09-23 10-04-00.fits,2025-09-23 10:04:00,384.7375581948486,233.78106457313427,2.712058447536753,4.9354012301595205,6.386409595555063,11.621981747050045,1219.8088297390643,716.2518262507109,7729.389984820124,10304.668945319241,True,1,1
569,bigshakeB0569 25-09-23 10-04-00.fits,2025-09-23 10:04:00,384.6819492314863,230.89206638793354,2.833402293054084,4.827581276409496,6.6721525153204135,11.368085158705176,1103.5805138145909,697.5279060833323,7731.504773802778,10307.417184336275,True,1,1
570,bigshakeB0570 25-09-23 10-04-00.fits,2025-09-23 10:04:00,385.3888308837611,223.05140574803536,2.7228995713940245,4.5815209834551895,6.411938491324829,10.788657448570188,1110.799675671574,707.0625265515254,7728.524159758176,10303.577028572576,True,1,1
571,bigshakeB0571 25-09-23 10-04-00.fits,2025-09-23 10:04:00,385.030921075162,234.41761263811466,2.787368176568021,4.738070952319184,6.563750455063742,11.157304453300094,1063.3505037443872,700.6698310061772,7728.855438660827,10303.282160137578,True,1,1
572,bigshakeB0572 25-09-23 10-04-00.fits,2025-09-23 10:04:00,382.38547125565896,233.01803883851287,2.7990374604911707,4.935369740237826,6.591229518757133,11.621907593951223,1165.2592613908885,719.0990340389981,7728.931828719668,10303.741514772299,True,1,1
573,bigshakeB0573 25-09-23 10-04-00.fits,2025-09-23 10:04:00,380.5537885019168,236.0816899633155,2.7909229942723908,5.115509486482775,6.572121411050423,12.046104279315617,1212.7837418312033,707.4447927924983,7730.819686918546,10306.536794367481,True,1,1
574,bigshakeB0574 25-09-23 10-04-00.fits,2025-09-23 10:04:00,384.3711242182606,219.91361435620524,2.7070046100050673,5.232225527070745,6.37450871763112,12.320949551268814,1185.1439829119074,691.2909342493758,7732.720718235031,10308.159480029333,True,1,1
575,bigshakeB0575 25-09-23 10-04-00.fits,2025-09-23 10:04:00,388.7670628559495,229.4283890125007,2.632220285247975,4.978585748796048,6.198405090639015,11.723673517170353,1184.3665666720674,680.2140031432536,7729.727425010715,10304.89852909906,True,1,1
576,bigshakeB0576 25-09-23 10-04-00.fits,2025-09-23 10:04:00,386.2736177209739,237.21132612437967,2.767700316024451,4.958645504956132,6.517436182812871,11.676717831273313,1163.725090329906,691.0082911241279,7728.086790035946,10303.04192824207,True,1,1
577,bigshakeB0577 25-09-23 10-04-00.fits,2025-09-23 10:04:00,379.3677786793789,239.61960826172844,2.7849052803037395,4.749333929906726,6.55795077757178,11.183826738689971,1101.6222243488342,712.7659301528612,7729.513876800142,10304.361778472423,True,1,1
578,bigshakeB0578 25-09-23 10-04-00.fits,2025-09-23 10:04:00,376.94157204316264,223.43545889366726,2.806226565621852,5.429309110589644,6.608158567624696,12.78504592428565,1261.9491377515874,724.440532207922,7729.565998756305,10304.041459665548,True,1,1
579,bigshakeB0579 25-09-23 10-04-00.fits,2025-09-23 10:04:00,380.65792009631076,224.22434542404324,2.816223718182914,5.235663602465833,6.631700062868717,12.329045600125497,1191.5016904318963,704.9544398222769,7728.688937949946,10303.167239411918,True,1,1
580,bigshakeB0580 25-09-23 10-04-00.fits,2025-09-23 10:04:00,384.53451132300466,233.16632911462074,2.8846165449201884,5.255154116991216,6.79275286220598,12.374942254417833,1150.018724169563,672.7421499226824,7730.116568764778,10305.683661336243,True,1,1
581,bigshakeB0581 25-09-23 10-04-00.fits,2025-09-23 10:04:00,385.90593537813265,235.9113436533282,2.8877070479275235,4.725152706199556,6.80003044063688,11.12688430839095,1039.247575043578,697.1823357858397,7729.93984671612,10305.05506670769,True,1,1
582,bigshakeB0582 25-09-23 10-04-00.fits,2025-09-23 10:04:00,388.9711188103611,225.75643510450578,2.9644252175425856,4.640237659055437,6.9806879242645135,10.92692465325123,987.7293178402005,694.8170740944244,7729.2101059941215,10304.067372474883,True,1,1
583,bigshakeB0583 25-09-23 10-04-00.fits,2025-09-23 10:04:00,393.44282092650764,225.70181868217028,2.7289467906788225,5.227134664418119,6.426178604513369,12.308961485847911,1188.449098763549,687.7045892229984,7731.1491674981135,10306.363254032898,True,1,1
584,bigshakeB0584 25-09-23 10-04-00.fits,2025-09-23 10:04:00,389.0403327817668,232.84525061957947,2.9112590453636136,5.489474025871634,6.8554911562999035,12.926723472799269,1148.4845967012498,680.1584993048928,7739.07499640214,10316.729106020439,True,1,1
585,bigshakeB0585 25-09-23 10-04-00.fits,2025-09-23 10:04:00,376.4925675000528,233.01986177033058,3.020412040355805,4.709178080104159,7.112526816882678,11.089266938649637,1077.490343789904,704.5067332735995,7729.38166639719,10305.512271980417,True,1,1
586,bigshakeB0586 25-09-23 10-04-00.fits,2025-09-23 10:04:00,370.2143936551244,234.39336049791729,2.8176718310994024,5.532916708676028,6.635110108191932,13.029023173076977,1233.2764927585413,676.5240879535739,7731.1633529250075,10306.817314143229,True,1,1
587,bigshakeB0587 25-09-23 10-04-00.fits,2025-09-23 10:04:00,375.02356479101155,218.01581701170716,2.761149279075802,4.996342781583842,6.5020096696904535,11.765488133919323,1127.9462093099814,674.1295590779644,7729.544198528108,10304.733789315516,True,1,1
588,bigshakeB0588 25-09-23 10-04-00.fits,2025-09-23 10:04:00,383.6653434837302,239.46797727733016,2.866098517879649,5.243322069180342,6.749146240936492,12.347079911059025,1095.9378698532446,663.9361415137616,7728.69924279856,10303.155933094973,True,1,1
589,bigshakeB0589 25-09-23 10-04-00.fits,2025-09-23 10:04:00,388.7982213268051,234.21803708188628,2.776854328967608,5.145902045325595,6.538992235983889,12.117673286098473,1184.9074185545821,683.9387936442279,7728.291254141898,10303.19159752867,True,1,1
590,bigshakeB0590 25-09-23 10-04-00.fits,2025-09-23 10:04:00,388.5997465278651,227.42029556284874,2.748047479692321,5.255662467130325,6.471157289876259,12.376139327515302,1225.3780505899845,670.9447706042023,7728.63779266865,10304.020789300374,True,1,1
591,bigshakeB0591 25-09-23 10-04-00.fits,2025-09-23 10:04:00,384.40153069105406,225.37082842387568,2.6794854553695564,5.193332179052196,6.309706060673112,12.22936271573637,1184.0816473017144,671.7647168491335,7730.254916245446,10305.356526359838,True,1,1
592,bigshakeB0592 25-09-23 10-04-00.fits,2025-09-23 10:04:00,380.68038817217996,228.0853952693836,2.6988439012342806,5.2932028985229085,6.355291717036011,12.464540287857666,1137.3396675763827,657.6332007305016,7730.892029578514,10305.707212829266,True,1,1
593,bigshakeB0593 25-09-23 10-04-00.fits,2025-09-23 10:04:00,378.957677396569,236.08257607957697,2.7203126939165534,5.107360766236621,6.405846860386841,12.026915509538624,1139.2318607499205,674.3450626409754,7728.4637364112905,10302.816380445567,True,1,1
594,bigshakeB0594 25-09-23 10-04-00.fits,2025-09-23 10:04:00,381.14724109410747,242.71712858760418,2.721444366842568,5.579621382902974,6.408511746477439,13.139004276143229,1234.8859440762783,677.0994837187523,7734.8625641286435,10310.970961995561,True,1,1
595,bigshakeB0595 25-09-23 10-04-00.fits,2025-09-23 10:04:00,381.83416315753453,229.14334615159174,2.6915937023617618,5.340210151954493,6.338218803400544,12.575233910500213,1170.293637649075,650.4909494169668,7728.633177765107,10303.15328967717,True,1,1
596,bigshakeB0596 25-09-23 10-04-00.fits,2025-09-23 10:04:00,386.3214564537166,226.08183091093383,2.6585132088756036,5.182951027418288,6.2603201942398226,12.204916971778339,1197.2960385248393,676.3493772738957,7729.914583886334,10304.868855058781,True,1,1
597,bigshakeB0597 25-09-23 10-04-00.fits,2025-09-23 10:04:00,389.33603184540607,231.75660479075188,2.6552825826479363,5.6291424165891755,6.252712650840909,13.25561739891815,1220.684202838255,653.7746858991144,7727.474003549073,10301.006520097186,True,1,1
598,bigshakeB0598 25-09-23 10-04-00.fits,2025-09-23 10:04:00,391.75828029402385,236.0917184838267,2.6491685907731934,5.584866393931849,6.238315300219108,13.151355333250432,1178.3463749616212,606.2569357260869,7729.340958454032,10304.408119988182,True,1,1
599,bigshakeB0599 25-09-23 10-04-00.fits,2025-09-23 10:04:00,386.06898000378084,229.51102226585292,2.682889117713255,4.991417092950253,6.317721072986571,11.753889023589364,1096.1250274397978,642.1521236229562,7727.483676437788,10301.930483354461,True,1,1
600,bigshakeB0600 25-09-23 10-04-00.fits,2025-09-23 10:04:00,381.72501169831634,228.806173518562,2.674837202615682,5.251871673579985,6.29876026191392,12.367212690876388,1186.88020790709,651.6515803489848,7726.870591881003,10301.20070680422,True,1,1
601,bigshakeB0601 25-09-23 10-04-00.fits,2025-09-23 10:04:00,381.81282650954523,229.0839408132151,2.683935665021167,5.567690989761051,6.320185503565315,13.110910347227529,1259.7912179312682,644.3001762458049,7734.716550055538,10311.879295638093,True,1,1
602,bigshakeB0602 25-09-23 10-04-00.fits,2025-09-23 10:04:00,385.7493544381327,226.5703330579597,2.6879629639000897,5.6293339371948425,6.329669067692733,13.25606839547941,1256.4868062868818,640.54881610506,7736.50490426799,10314.146752863986,True,1,1
603,bigshakeB0603 25-09-23 10-04-00.fits,2025-09-23 10:04:00,385.77432280781943,224.76800484791332,2.6382657550098756,5.4518331556075905,6.212641084015967,12.838085996989088,1229.7808146793363,657.3338028780754,7729.759801741107,10304.57512681309,True,1,1
604,bigshakeB0604 25-09-23 10-04-00.fits,2025-09-23 10:04:00,385.44028323728924,239.89837991344382,2.690032251234806,5.468474561412151,6.334541866987451,12.877273512955162,1216.8422442212895,658.3995765382184,7727.74209557227,10301.947983223281,True,1,1
605,bigshakeB0605 25-09-23 10-04-00.fits,2025-09-23 10:04:00,381.93942995836056,227.34992703095224,2.69851939410921,5.87246809845758,6.35452756115314,13.828605592052693,1236.988217209288,636.1123825121856,7729.410598187441,10303.804928256053,True,1,1
606,bigshakeB0606 25-09-23 10-04-00.fits,2025-09-23 10:04:00,380.90664660437324,224.46320690631012,2.678330590673448,6.45859089268418,6.306986562137418,15.20881929674704,1364.0937528696052,637.8350881375312,7727.490700892117,10300.887302060328,True,1,1
607,bigshakeB0607 25-09-23 10-04-00.fits,2025-09-23 10:04:00,385.0905205844958,228.5192416028995,2.709280301936682,5.7345312600940375,6.379867562608002,13.503789160126027,1293.0702166884537,661.153954755382,7730.039929788941,10305.215311357222,True,1,1
608,bigshakeB0608 25-09-23 10-04-00.fits,2025-09-23 10:04:00,387.97383212580826,241.75125382805314,2.617511815434741,5.822788034191378,6.163769291091079,13.711617980880213,1227.2837727170006,609.4909327396497,7729.70880108152,10304.521115412485,True,1,1
609,bigshakeB0609 25-09-23 10-04-01.fits,2025-09-23 10:04:01,384.37696999739893,236.47126703681502,2.7342684392242753,5.8161371996742925,6.438710129180811,13.695956462443197,1200.9496305250614,634.6008457090458,7730.948340517148,10305.80462825416,True,1,1
610,bigshakeB0610 25-09-23 10-04-01.fits,2025-09-23 10:04:01,383.64784954888984,227.19784156092228,2.7756035764486096,5.562583095273101,6.536046938880779,13.0988821748994,1170.4766646638811,635.8920928353762,7729.699247121308,10304.759474849612,True,1,1
611,bigshakeB0611 25-09-23 10-04-01.fits,2025-09-23 10:04:01,389.72381072571375,216.65880211197643,2.788973532932182,5.436634364174342,6.567530780409486,12.80229557826183,1132.5254960240095,639.4917989931373,7730.157195242787,10305.215099717525,True,1,1
612,bigshakeB0612 25-09-23 10-04-01.fits,2025-09-23 10:04:01,390.9382936147684,232.7604707299536,2.6664096572476508,5.495819200756238,6.278914909150871,12.941665217806761,1187.334825536879,620.4444355293953,7729.744082486559,10305.051609309243,True,1,1
613,bigshakeB0613 25-09-23 10-04-01.fits,2025-09-23 10:04:01,385.0906186144954,241.5046435998728,2.654399832745866,5.723039780335037,6.250633933676765,13.476728793242465,1199.8734649870871,624.7963461783529,7727.371139851382,10301.120756647939,True,1,1
614,bigshakeB0614 25-09-23 10-04-01.fits,2025-09-23 10:04:01,380.9542100967967,226.2821640293232,2.6121839296874567,6.157697049947755,6.151223078935739,14.500268444444917,1283.0600252687732,612.5904713074578,7729.835645002889,10304.251314219686,True,1,1
615,bigshakeB0615 25-09-23 10-04-01.fits,2025-09-23 10:04:01,383.9374563054644,223.77519201973004,2.6540307883689516,6.212527323754605,6.249764900580501,14.629383872279822,1311.7100899825402,617.0278972527062,7731.290042892914,10306.548614871665,True,1,1
616,bigshakeB0616 25-09-23 10-04-01.fits,2025-09-23 10:04:01,383.9651586332462,236.74205740045966,2.7158835998855246,5.707105223281231,6.395417140981248,13.439205778883474,1177.1003513247956,617.6634710273016,7728.3416272411505,10302.7415808555,True,1,1
617,bigshakeB0617 25-09-23 10-04-01.fits,2025-09-23 10:04:01,385.6906070563291,229.8368460876346,2.787883277488771,5.7899406886140214,6.5649634250371385,13.634268393088595,1140.2641438085204,621.9896754027595,7729.421282619662,10303.68941954383,True,1,1
618,bigshakeB0618 25-09-23 10-04-01.fits,2025-09-23 10:04:01,388.27727893994717,230.82911934873925,2.8550657878677974,6.093204799902656,6.72316614715317,14.34840080128957,1192.0064327189325,612.6210209133492,7728.223906745391,10302.577488427578,True,1,1
619,bigshakeB0619 25-09-23 10-04-01.fits,2025-09-23 10:04:01,393.0007397044515,232.77484938971557,2.6503823081159656,6.203631454064245,6.24117338614687,14.60843570001498,1264.4894143617657,615.7223952460296,7732.967711249393,10308.177905907633,True,1,1
620,bigshakeB0620 25-09-23 10-04-01.fits,2025-09-23 10:04:01,388.8633721074713,234.22931839284047,2.692956270287513,5.560331160482531,6.3414274056648186,13.093579273714465,1131.7063951225125,608.0334413674683,7729.365171641229,10304.080046776924,True,1,1
621,bigshakeB0621 25-09-23 10-04-01.fits,2025-09-23 10:04:01,380.30444599387795,234.3739246557628,2.729843502156951,6.198647986676022,6.428290198676676,14.596700531115433,1198.8483923656004,607.4035178180679,7730.150994715372,10304.296546935473,True,1,1
622,bigshakeB0622 25-09-23 10-04-01.fits,2025-09-23 10:04:01,375.0362710702557,221.58940080757654,2.7450144999799697,5.696520948591955,6.464015168453441,13.414281716683053,1142.1061775449452,607.7531145259204,7726.6382416631595,10300.476784416034,True,1,1
623,bigshakeB0623 25-09-23 10-04-01.fits,2025-09-23 10:04:01,384.79929964552883,226.8657591337851,2.8586274764318658,6.150482372698677,6.731553282777996,14.483279177840357,1164.5731632955078,583.9322876916015,7729.887862235162,10305.146940992243,True,1,1
624,bigshakeB0624 25-09-23 10-04-01.fits,2025-09-23 10:04:01,390.9562065898431,233.47480969842977,2.769801602710513,5.873928034625286,6.522384334821566,13.832043479004872,1188.6117952863535,624.3733759186175,7729.96192364044,10304.655999888404,True,1,1
625,bigshakeB0625 25-09-23 10-04-01.fits,2025-09-23 10:04:01,390.77868046816053,235.8684249363124,2.658878774412994,6.272778302747211,6.261181035295041,14.771264085344349,1253.4027902978007,602.0036042604976,7727.481711123773,10300.992462935208,True,1,1
626,bigshakeB0626 25-09-23 10-04-01.fits,2025-09-23 10:04:01,383.35640841419536,225.87463279836814,2.5955678045602997,5.608819231798714,6.112095094415567,13.207759955994701,1186.232881506575,621.1518764365752,7727.0909721847365,10300.673096016899,True,1,1
627,bigshakeB0627 25-09-23 10-04-01.fits,2025-09-23 10:04:01,380.7933308794263,225.1412684217863,2.697163263588855,5.966752731378051,6.351334117820129,14.050628935592202,1178.2243888826963,572.8962379869998,7728.351995941671,10303.21357684315,True,1,1
628,bigshakeB0628 25-09-23 10-04-01.fits,2025-09-23 10:04:01,384.26685638122586,228.32571354332347,2.623733325756797,5.7167355321064255,6.178419828307824,13.461883423144881,1106.362063456823,591.6230231646337,7729.190252984319,10303.083752645605,True,1,1
629,bigshakeB0629 25-09-23 10-04-01.fits,2025-09-23 10:04:01,387.8980855850885,242.55661226653376,2.6170753945498624,6.568019061206924,6.162741598443296,15.46650294147542,1247.9115040549705,586.5530827421334,7735.3260259849485,10310.704656368735,True,1,1
630,bigshakeB0630 25-09-23 10-04-01.fits,2025-09-23 10:04:01,383.7464567191253,220.29902536205833,2.588144260048209,5.357332481590213,6.094613982993317,12.615553915544032,1151.1006152582822,627.4489118310158,7729.340963786016,10303.791850581943,True,1,1
631,bigshakeB0631 25-09-23 10-04-01.fits,2025-09-23 10:04:01,381.16424228806613,232.7345522567841,2.7479850851793244,6.263839223249885,6.4710103620263535,14.75021416175992,1249.2349327936843,581.6191174193917,7735.820388323364,10313.329021812277,True,1,1
632,bigshakeB0632 25-09-23 10-04-01.fits,2025-09-23 10:04:01,382.55602266725657,227.48530830889075,2.8679213026028014,5.572140598366165,6.7534385709403475,13.121388374763393,1114.7720506486007,616.7719132010424,7729.584550947396,10304.86118916834,True,1,1
633,bigshakeB0633 25-09-23 10-04-01.fits,2025-09-23 10:04:01,387.0741171331193,238.59269678078596,2.710180285014825,6.3248770960835605,6.381986860800601,14.89394736821471,1289.9400225899863,601.6708976769602,7728.531097976034,10303.09174986261,True,1,1
634,bigshakeB0634 25-09-23 10-04-01.fits,2025-09-23 10:04:01,385.57354438005865,228.8563940288803,2.6327655914704726,6.04815570734673,6.199689188662433,14.24231829512842,1263.6936766879674,597.7199132046346,7730.080350927643,10305.269334046841,True,1,1
635,bigshakeB0635 25-09-23 10-04-01.fits,2025-09-23 10:04:01,383.63235108011685,222.1617393011949,2.6329503953370503,6.013475356885885,6.200124368511848,14.160652310694523,1205.615495461275,581.111531505375,7730.448664387303,10305.592891270968,True,1,1
636,bigshakeB0636 25-09-23 10-04-01.fits,2025-09-23 10:04:01,384.54571330056507,222.1641894994319,2.6187895220579356,5.382837374066168,6.1667780602590465,12.67561334759277,1061.6617413900474,589.0964546919565,7731.512343756177,10306.642615903907,True,1,1
637,bigshakeB0637 25-09-23 10-04-01.fits,2025-09-23 10:04:01,385.7924336659049,244.51325296074052,2.7331473986979917,5.549730623094893,6.436070280478227,13.068616915785956,1111.5851379931216,589.0416249463417,7729.302417801728,10304.530783658529,True,1,1
638,bigshakeB0638 25-09-23 10-04-01.fits,2025-09-23 10:04:01,384.00587977279446,231.93460942358013,2.6320029161739535,5.785223977738996,6.1978932255863395,13.62316138777347,1259.6514138474076,635.2650196308423,7728.614857953669,10302.941175057726,True,1,1
639,bigshakeB0639 25-09-23 10-04-01.fits,2025-09-23 10:04:01,382.0966291546292,232.9858076970865,2.6317080964285804,6.35309785483309,6.197198978140263,14.960402176604084,1312.7883452947974,623.4575118096274,7731.7076731911375,10306.301103549322,True,1,1
640,bigshakeB0640 25-09-23 10-04-01.fits,2025-09-23 10:04:01,383.7557452224506,217.44483685422998,2.631791798996134,5.626324907952449,6.197396082624159,13.248982673103336,1180.1439065915117,615.9124427097177,7728.974501014852,10303.422337688418,True,1,1
641,bigshakeB0641 25-09-23 10-04-01.fits,2025-09-23 10:04:01,386.951385786308,234.80279526736544,2.634878944968991,5.714841682195363,6.20466575584298,13.457423747412031,1216.3755488313539,620.4151496685816,7729.856641495787,10304.69700638631,True,1,1
642,bigshakeB0642 25-09-23 10-04-01.fits,2025-09-23 10:04:01,386.91875684561813,239.72337481653727,2.605262518138343,5.460280785253075,6.134924400279978,12.857978644611274,1240.640131122301,604.7150923472199,7730.442332894824,10306.892351056156,True,1,1
643,bigshakeB0643 25-09-23 10-04-01.fits,2025-09-23 10:04:01,382.11605011517304,231.75574717967766,2.676122319090602,5.773088626491941,6.30178647994926,13.594584819403416,1198.4219446465443,622.0943204152591,7730.337395342189,10305.1097522111,True,1,1
644,bigshakeB0644 25-09-23 10-04-01.fits,2025-09-23 10:04:01,381.51655123631537,219.59698077725176,2.6448791123945417,5.610561436355378,6.228214350550332,13.21186253420728,1219.731765368701,626.2463699470254,7729.392983170107,10304.355680420203,True,1,1
645,bigshakeB0645 25-09-23 10-04-01.fits,2025-09-23 10:04:01,383.5115629501377,231.22240059509775,2.6774830546904367,5.872062394351669,6.304990767415738,13.827650231891742,1233.5801369389112,617.681799649834,7728.627941805309,10303.144361743427,True,1,1
646,bigshakeB0646 25-09-23 10-04-01.fits,2025-09-23 10:04:01,383.7981892163756,237.66099782749515,2.7716184735143568,5.812430826801735,6.526662738609689,13.687228621308538,1192.141871241393,626.0170755580634,7727.855770343877,10302.060790525149,True,1,1
647,bigshakeB0647 25-09-23 10-04-01.fits,2025-09-23 10:04:01,383.02555415347535,232.97957444906132,2.739156199972726,5.518686056735363,6.450219926166579,12.99551254863324,1130.0059382605025,634.238488420414,7729.886448153987,10304.400817085148,True,1,1
648,bigshakeB0648 25-09-23 10-04-01.fits,2025-09-23 10:04:01,385.9063768540697,220.66471245089045,2.750638529875404,5.2553006899570525,6.477258746785063,12.375287407375845,1092.8539040527926,613.7939250882905,7729.984312438069,10305.498833890235,True,1,1
649,bigshakeB0649 25-09-23 10-04-01.fits,2025-09-23 10:04:01,391.4104500582399,230.02550847478906,2.647976799031318,5.415777782460629,6.235508845135837,12.753182081571554,1153.9993918675964,627.2790407875339,7726.877088309335,10300.719734725762,True,1,1
650,bigshakeB0650 25-09-23 10-04-01.fits,2025-09-23 10:04:01,390.89123167854575,241.96195808514582,2.637702939462809,6.046510309010643,6.211315754684079,14.238443678144543,1308.5817578091194,623.3105743055444,7731.065619755541,10306.431009307504,True,1,1
651,bigshakeB0651 25-09-23 10-04-01.fits,2025-09-23 10:04:01,381.17108680958825,229.7345458157761,2.7167460642090946,5.3213732707220425,6.397448089258514,12.53087644498817,1133.0413794211981,648.7010598730686,7727.2892697932275,10301.100350255258,True,1,1
652,bigshakeB0652 25-09-23 10-04-01.fits,2025-09-23 10:04:01,374.7976323806942,230.1137259990267,2.7120405419474047,5.707769617111141,6.386367431114348,13.44077030679194,1260.6254232383828,639.1347078638308,7730.283079170477,10305.847365964873,True,1,1
653,bigshakeB0653 25-09-23 10-04-01.fits,2025-09-23 10:04:01,379.24462215524835,220.98790479498138,2.71447990311462,5.565624202859442,6.392111687687976,13.106043436002812,1128.0676576147275,620.2561586205112,7728.02876715968,10302.0017431833,True,1,1
654,bigshakeB0654 25-09-23 10-04-01.fits,2025-09-23 10:04:01,386.2557572842127,235.66364740906576,2.7662548934596347,5.678905198613558,6.514032472783701,13.37279979552567,1194.229913921973,617.652887652828,7731.253503660006,10307.272437971333,True,1,1
655,bigshakeB0655 25-09-23 10-04-01.fits,2025-09-23 10:04:01,389.0037639956396,237.10279603307427,2.7065248402138216,5.583973720256203,6.373378946109694,13.149253247385351,1212.760481168175,620.2587567495866,7729.19582445947,10304.64848212266,True,1,1
656,bigshakeB0656 25-09-23 10-04-01.fits,2025-09-23 10:04:01,387.61594895117304,226.56110589113638,2.6646950941044567,5.538132156181475,6.274877421492807,13.04130461340661,1223.5504053359105,630.3099154426563,7729.302214596449,10304.533361232241,True,1,1
657,bigshakeB0657 25-09-23 10-04-01.fits,2025-09-23 10:04:01,386.0078443293548,221.6347364043115,2.7313706564878713,5.188182417998206,6.431886372306983,12.217235955179316,1117.5523909453289,643.1453442165927,7729.885379693976,10305.029155522067,True,1,1
658,bigshakeB0658 25-09-23 10-04-01.fits,2025-09-23 10:04:01,385.2922092291465,237.91397211807273,2.717113277392805,5.4299206192939815,6.398312810224316,12.786485917240334,1138.8165325299706,640.4612825194678,7730.362119327768,10305.147529881235,True,1,1
659,bigshakeB0659 25-09-23 10-04-01.fits,2025-09-23 10:04:01,382.907008259594,235.28528044728597,2.635225603588562,5.276026911804029,6.205482074509128,12.424093930038863,1206.0185185444082,670.3450339663157,7729.980636374747,10304.768044362747,True,1,1
660,bigshakeB0660 25-09-23 10-04-01.fits,2025-09-23 10:04:01,380.02095120950867,237.8529531021109,2.7021023427785242,5.888191576185677,6.362964760499958,13.865631552584412,1246.7212545753687,648.412583547053,7730.013671594864,10304.339061699276,True,1,1
661,bigshakeB0661 25-09-23 10-04-01.fits,2025-09-23 10:04:01,382.1906376531672,216.9101027957527,2.7007106218100136,5.031294821381796,6.359687508066219,11.847793897850263,1120.7241389173917,657.5888760655844,7727.581342022033,10301.970336313458,True,1,1
662,bigshakeB0662 25-09-23 10-04-02.fits,2025-09-23 10:04:02,386.16522298904135,230.77723571400895,2.6946134592107205,5.572524856507067,6.345329787359591,13.122293233536055,1266.416661349824,666.8892581456391,7727.847066465469,10302.209844187017,True,1,1
663,bigshakeB0663 25-09-23 10-04-02.fits,2025-09-23 10:04:02,386.18634043975686,231.57141446197147,2.7015928611530815,5.618545095612683,6.36176502295579,13.230662615059078,1137.8365248663017,635.1202062704746,7730.030777022418,10304.125455256531,True,1,1
664,bigshakeB0664 25-09-23 10-04-02.fits,2025-09-23 10:04:02,384.3252502346755,234.1221682284705,2.8533231327750412,5.422169689420281,6.719062508009172,12.768233872206116,1138.3559169510818,651.0060598237814,7730.405043032146,10305.73529118765,True,1,1
665,bigshakeB0665 25-09-23 10-04-02.fits,2025-09-23 10:04:02,383.06320054306536,229.08541128363942,2.8637682298959577,5.948845607718079,6.743658832081801,14.008460881848851,1198.9555723657347,652.0131913179665,7730.024085033039,10304.37390877919,True,1,1
666,bigshakeB0666 25-09-23 10-04-02.fits,2025-09-23 10:04:02,384.0780895160905,232.86912168507553,2.7873587507488913,5.3861545881078285,6.563728258955915,12.683424789711731,1176.3288007507128,650.7249918129822,7728.1564702163405,10303.028135465058,True,1,1
667,bigshakeB0667 25-09-23 10-04-02.fits,2025-09-23 10:04:02,383.031200443593,228.11410861062313,2.706092625937831,5.509706217419871,6.372361159268843,12.974366643011962,1181.719773282053,661.8202252507463,7728.951868604538,10302.92654771343,True,1,1
668,bigshakeB0668 25-09-23 10-04-02.fits,2025-09-23 10:04:02,386.28667108649785,230.1527486513118,2.7649272644806935,5.025322143891731,6.5109061454517265,11.833729317174152,1075.4557712830956,663.020208568484,7728.580309354331,10302.902479118842,True,1,1
669,bigshakeB0669 25-09-23 10-04-02.fits,2025-09-23 10:04:02,388.7431084197931,223.23850171142044,2.7940072367198185,5.147475150255381,6.5793842469893615,12.121377665120068,1124.175837898477,675.5109975609338,7730.051237996907,10304.979191953895,True,1,1
670,bigshakeB0670 25-09-23 10-04-02.fits,2025-09-23 10:04:02,388.90066258449997,243.45130225416491,2.7598955079328986,5.452223306000594,6.499057264271263,12.839004730955109,1180.1298890101236,653.4858470500787,7730.345036761675,10305.529180979422,True,1,1
671,bigshakeB0671 25-09-23 10-04-02.fits,2025-09-23 10:04:02,382.52482245409124,230.77101688786155,2.8284862735609284,5.850416382095911,6.6605761740761675,13.776677768336898,1196.9053159176444,649.3286019193538,7730.414038745238,10305.05981979542,True,1,1
672,bigshakeB0672 25-09-23 10-04-02.fits,2025-09-23 10:04:02,377.720290942784,229.57113913582802,2.7409433532557155,5.774349537071819,6.454428350540905,13.597554036911902,1217.1049592698632,650.6071008104948,7731.929450941446,10307.041701357934,True,1,1
673,bigshakeB0673 25-09-23 10-04-02.fits,2025-09-23 10:04:02,378.6014530224979,220.9048963469305,2.8498626929685718,5.197979786615765,6.710913794988275,12.240306995188499,1145.699026229654,679.773537014828,7726.716634125333,10300.887409513156,True,1,1
674,bigshakeB0674 25-09-23 10-04-02.fits,2025-09-23 10:04:02,385.56736698570376,236.40581049922795,2.844280174748957,5.121290010597301,6.6977679691829755,12.059716373371288,1164.8613160753937,678.1542196516399,7729.204780287648,10304.771705756855,True,1,1
675,bigshakeB0675 25-09-23 10-04-02.fits,2025-09-23 10:04:02,389.0286122998152,233.19139164776715,2.742786784293028,5.287321520049058,6.458769298899201,12.45069069993503,1200.6573323178816,674.8962850652828,7726.480163215391,10300.536174117888,True,1,1
676,bigshakeB0676 25-09-23 10-04-02.fits,2025-09-23 10:04:02,389.63186546993916,232.99234817427742,2.694834224151981,5.4965019817235214,6.345849649068511,12.943273044114886,1245.9845288525619,681.9376427682338,7730.866312064392,10305.782242523097,True,1,1
677,bigshakeB0677 25-09-23 10-04-02.fits,2025-09-23 10:04:02,385.0094974599539,217.6953307580657,2.6528129597199475,5.19005077935503,6.246897133266413,12.221635609953724,1199.2412359211344,673.2208087234684,7729.196103629508,10303.96190628518,True,1,1
678,bigshakeB0678 25-09-23 10-04-02.fits,2025-09-23 10:04:02,380.32733867527486,228.10545672635234,2.712457680680068,4.943080789077038,6.387349717763582,11.64006572632601,1096.9107226821448,653.5600409618196,7730.843701478321,10306.458513519747,True,1,1
679,bigshakeB0679 25-09-23 10-04-02.fits,2025-09-23 10:04:02,378.0803665852019,237.60020639324574,2.854639923545997,4.7914794057650605,6.7221633133117304,11.283071750048546,1060.3017436521898,668.2275974823294,7734.976544456926,10312.388084727247,True,1,1
680,bigshakeB0680 25-09-23 10-04-02.fits,2025-09-23 10:04:02,382.2203467650369,244.02315347271866,2.887148777782226,5.144464324578111,6.798715814908192,12.11428771246314,1112.839454169379,661.7855052990334,7728.695892377891,10303.927300042682,True,1,1
681,bigshakeB0681 25-09-23 10-04-02.fits,2025-09-23 10:04:02,388.52739976307697,227.04139841319898,2.779423519364071,5.325598298528544,6.545042217028981,12.540825625157733,1172.725758082915,676.3331297948741,7728.786939443496,10303.261311133547,True,1,1
682,bigshakeB0682 25-09-23 10-04-02.fits,2025-09-23 10:04:02,390.25440832677936,231.70001753714573,2.698208748698754,5.28297657260982,6.3537960471137005,12.440459130610506,1219.2913141218444,661.254404725142,7729.164745929782,10304.490345874572,True,1,1
683,bigshakeB0683 25-09-23 10-04-02.fits,2025-09-23 10:04:02,386.686735213001,223.8220938142176,2.663827715915198,5.116557804337949,6.272834901946118,12.048572879214545,1174.3833568561583,673.856132873852,7728.5037141656285,10303.003306744715,True,1,1
684,bigshakeB0684 25-09-23 10-04-02.fits,2025-09-23 10:04:02,383.0255826338528,238.2623943849646,2.699846614964793,5.270539068128056,6.35765292742805,12.411171045746688,1213.6774994737718,678.5419463575978,7727.558473634097,10301.84706422219,True,1,1
685,bigshakeB0685 25-09-23 10-04-02.fits,2025-09-23 10:04:02,381.3129510527351,234.72464606401877,2.6949653346782383,5.252830819063685,6.346158390763857,12.369471305887505,1223.1575753329507,683.9665692633672,7728.936300955546,10303.700592726344,True,1,1
686,bigshakeB0686 25-09-23 10-04-02.fits,2025-09-23 10:04:02,381.34487893046867,234.6765620636285,2.70790984825209,5.164456716509516,6.376640390800738,12.161366197731327,1209.4796806018842,675.4812135544757,7729.642791373596,10305.076340794236,True,1,1
687,bigshakeB0687 25-09-23 10-04-02.fits,2025-09-23 10:04:02,383.11554177567035,227.39606593008315,2.7733106310019435,5.2545952896383925,6.530647464980807,12.373626316565694,1183.6384539366832,655.123536723589,7730.430858240499,10306.406583628697,True,1,1
688,bigshakeB0688 25-09-23 10-04-02.fits,2025-09-23 10:04:02,387.98657133480305,230.3594754006171,2.702694916499102,5.399109133543013,6.364360164975333,12.713930412976769,1279.3154310420655,703.6949853814144,7730.63606843957,10305.730212430568,True,1,1
689,bigshakeB0689 25-09-23 10-04-02.fits,2025-09-23 10:04:02,391.36743556923466,228.53017365740297,2.6676194421828217,4.962912512262895,6.281763734966388,11.686765865611573,1160.7850563185432,676.2533436424608,7729.843974013941,10305.102685048654,True,1,1
690,bigshakeB0690 25-09-23 10-04-02.fits,2025-09-23 10:04:02,388.85024625188004,235.92382116299885,2.76594870157848,5.403617829285949,6.513311446004332,12.72454758008918,1201.1694406334311,646.8311078494291,7729.757883999316,10305.44117166905,True,1,1
691,bigshakeB0691 25-09-23 10-04-02.fits,2025-09-23 10:04:02,383.0252296198819,224.56554655732347,2.701283456210269,4.855364013728708,6.361036429994424,11.433508505450286,1155.1359343016848,674.9589452763911,7731.231942958451,10307.49031161247,True,1,1
692,bigshakeB0692 25-09-23 10-04-02.fits,2025-09-23 10:04:02,381.0369926371525,238.28818067932923,2.789223217235985,5.767207582410891,6.568118742013011,13.580736018915648,1259.2067791102854,665.2753962603597,7729.9049971196655,10304.845032257446,True,1,1
693,bigshakeB0693 25-09-23 10-04-02.fits,2025-09-23 10:04:02,383.19755625999267,231.14003575928677,2.8256875168894537,5.326043382188015,6.653985605765015,12.54187371708077,1216.404311790585,687.6309312506937,7730.662923810168,10306.374676036856,True,1,1
694,bigshakeB0694 25-09-23 10-04-02.fits,2025-09-23 10:04:02,384.49977981642286,237.96110142358873,2.745806538997577,5.385370070349202,6.46588027780855,12.681577391568034,1218.8468551935387,685.9177978069462,7729.112535738881,10303.670234849804,True,1,1
695,bigshakeB0695 25-09-23 10-04-02.fits,2025-09-23 10:04:02,386.141747286401,226.37020640702136,2.7227749286352343,5.125211428670202,6.411644980057963,12.068950607254301,1179.0977784346796,677.4520763144269,7728.565118429064,10303.387027617528,True,1,1
696,bigshakeB0696 25-09-23 10-04-02.fits,2025-09-23 10:04:02,391.1594015745697,221.9241732400938,2.7616207529701127,5.463514825862777,6.503119905867485,12.865594228265444,1289.8183643480702,681.7428750026645,7728.400651954885,10303.684439209554,True,1,1
697,bigshakeB0697 25-09-23 10-04-02.fits,2025-09-23 10:04:02,392.4267517538896,232.58021892696328,2.8235768550963107,4.94069457331881,6.649015377066241,11.634446617626766,1125.2565946449924,698.9531884537561,7730.482529894807,10305.868385249738,True,1,1
698,bigshakeB0698 25-09-23 10-04-02.fits,2025-09-23 10:04:02,387.0674327343371,238.34252338215447,2.6884054292576183,5.0254911901987835,6.330710993985873,11.834127390806538,1179.6089509028027,674.4791741684511,7730.718456564634,10306.484500002556,True,1,1
699,bigshakeB0699 25-09-23 10-04-02.fits,2025-09-23 10:04:02,380.61552940461985,232.4852285442021,2.63150293307828,5.541472869106388,6.196715855370471,13.04917139116689,1218.3985996960082,669.4508865211349,7735.937811832253,10311.954272886898,True,1,1
700,bigshakeB0700 25-09-23 10-04-02.fits,2025-09-23 10:04:02,381.5818904762162,229.69185100493786,2.73168129811655,5.517675328049722,6.432617877441016,12.993132464464205,1254.6428335667783,672.3564686545773,7730.236050166475,10305.505829966445,True,1,1
701,bigshakeB0701 25-09-23 10-04-02.fits,2025-09-23 10:04:02,385.7039387470588,225.44285748241097,2.782043853014,4.78002500175435,6.551212631232503,11.256098689880242,1105.1694996906444,656.313372009978,7727.556321055621,10303.08170832387,True,1,1
702,bigshakeB0702 25-09-23 10-04-02.fits,2025-09-23 10:04:02,388.9414468991704,235.2063553201908,2.768715086233333,4.97494741288223,6.5198257840418465,11.715105890829937,1122.9965551779096,648.9368795087219,7729.148823790717,10304.909445780015,True,1,1
703,bigshakeB0703 25-09-23 10-04-02.fits,2025-09-23 10:04:02,388.4967643560663,232.68055662105436,2.750627376899209,5.418332817742282,6.477232483533157,12.759198729868551,1202.4199899292003,669.9032704103095,7731.321178477012,10306.744882863071,True,1,1
704,bigshakeB0704 25-09-23 10-04-02.fits,2025-09-23 10:04:02,385.51002352050267,234.97481640879823,2.767268805284776,5.5673310057457766,6.516420052673437,13.11006264965247,1262.5998911192605,651.4960675249449,7738.028059199845,10316.67546454169,True,1,1
705,bigshakeB0705 25-09-23 10-04-02.fits,2025-09-23 10:04:02,383.10629917689613,224.98789574661595,2.802294445374824,5.0850832958536625,6.5988991320475225,11.97445607572825,1173.8459238525443,704.2158271627645,7727.5695965039995,10301.903695469942,True,1,1
706,bigshakeB0706 25-09-23 10-04-02.fits,2025-09-23 10:04:02,382.6991768608926,232.4927453607908,2.8533607688643623,5.440604435616315,6.719151134226721,12.811644382073593,1161.4312966835325,663.5280258309177,7730.204809014063,10305.393933687648,True,1,1
707,bigshakeB0707 25-09-23 10-04-02.fits,2025-09-23 10:04:02,385.17002277643394,227.1824001925444,2.715558933301917,5.442225300208934,6.394652609602217,12.815461226506573,1193.2017990410666,655.4207191106725,7727.242185138002,10301.283310926101,True,1,1
708,bigshakeB0708 25-09-23 10-04-02.fits,2025-09-23 10:04:02,386.3660659185123,239.64432062583202,2.7421177367476646,5.521995222962753,6.4571938123283,13.003305039597837,1246.6333467337392,660.5953205129042,7729.011411367435,10304.150647586246,True,1,1
709,bigshakeB0709 25-09-23 10-04-02.fits,2025-09-23 10:04:02,386.3253766952693,233.15080990972658,2.7424738157919646,4.930622741175063,6.458032314399434,11.610729265404485,1144.2916849142948,656.6259809479868,7729.419881649751,10305.374172870004,True,1,1
710,bigshakeB0710 25-09-23 10-04-02.fits,2025-09-23 10:04:02,386.5049061657956,227.8232072323082,2.7944436880047623,5.302682049461207,6.580412011223826,12.486861982497045,1202.763049085472,676.5046535284181,7729.051699975154,10304.220832824787,True,1,1
711,bigshakeB0711 25-09-23 10-04-02.fits,2025-09-23 10:04:02,387.30015736773345,223.61460421188636,2.744809523378766,5.1645260220417954,6.463532485444165,12.16152939978797,1185.685289321542,686.2478755921974,7735.547230821172,10312.550303970509,True,1,1
712,bigshakeB0712 25-09-23 10-04-02.fits,2025-09-23 10:04:02,385.75338344221655,233.27926938752174,2.785656373021283,5.335695577463482,6.559719465758729,12.564602899993993,1203.9531831111244,655.9408342284386,7728.308235078105,10303.648021201134,True,1,1
713,bigshakeB0713 25-09-23 10-04-02.fits,2025-09-23 10:04:02,383.4276631665542,240.0999200530449,2.7711695801580807,5.143428228000362,6.525605675536249,12.111847891473268,1106.5883002846442,645.0039053180823,7728.917678931866,10303.91287970062,True,1,1
714,bigshakeB0714 25-09-23 10-04-02.fits,2025-09-23 10:04:02,383.5524696813076,236.43167318495168,2.8150797931125737,4.9748693464128735,6.629006325183067,11.714922058343053,1128.6640018154317,670.132043801748,7730.026159467001,10305.884071088109,True,1,1
715,bigshakeB0715 25-09-23 10-04-03.fits,2025-09-23 10:04:03,384.61147859341526,227.0087301428367,2.77810152863856,5.107926699949162,6.5419291667692026,12.028248181589074,1128.5052906588576,667.9193910193715,7730.616349998828,10306.044121245839,True,1,1
716,bigshakeB0716 25-09-23 10-04-03.fits,2025-09-23 10:04:03,385.48515648252163,225.6684935588391,2.7340530273275307,5.427732733886046,6.438202872928419,12.781333840825496,1180.6060164750947,644.3885777253789,7729.659384936263,10304.803947312812,True,1,1
717,bigshakeB0717 25-09-23 10-04-03.fits,2025-09-23 10:04:03,384.8042417998068,227.51941432837654,2.8668096547772626,4.814336012096044,6.750820840357754,11.336894944798127,1091.2009936682234,674.9350449229997,7728.152501776393,10303.570941856084,True,1,1
718,bigshakeB0718 25-09-23 10-04-03.fits,2025-09-23 10:04:03,382.9589683115692,237.1995974067815,2.8032185374602197,5.646671233102018,6.601075202613666,13.29689460740826,1192.822384552136,645.2617311403642,7731.639815953293,10307.287285848623,True,1,1
719,bigshakeB0719 25-09-23 10-04-03.fits,2025-09-23 10:04:03,382.50725762687165,223.827636431518,2.659752609199396,5.325164405292897,6.263238758966106,12.539803884669029,1201.2501138682337,669.1912884885652,7733.7863315045615,10309.790616069096,True,1,1
720,bigshakeB0720 25-09-23 10-04-03.fits,2025-09-23 10:04:03,385.1848184856671,221.13788972668632,2.762216605066176,5.055648853593827,6.504523030327168,11.905143261080484,1081.2610494875003,662.4124865750078,7731.146110030411,10306.303104342924,True,1,1
721,bigshakeB0721 25-09-23 10-04-03.fits,2025-09-23 10:04:03,387.2036229937771,241.122302949145,2.7883569386394464,5.570742413260446,6.566078811809302,13.118095900449784,1202.8540055560256,645.7924243999246,7729.795004804928,10305.12145077703,True,1,1
722,bigshakeB0722 25-09-23 10-04-03.fits,2025-09-23 10:04:03,388.3351190262538,236.62148832584856,2.8121615816119334,5.458263754840653,6.622134462245719,12.853228900964664,1169.939415793769,643.2896053327133,7726.70944670799,10301.124199305337,True,1,1
723,bigshakeB0723 25-09-23 10-04-03.fits,2025-09-23 10:04:03,383.3933493141995,230.04356479831046,2.7511458492712517,5.632537282216717,6.478453392667638,13.26361169654807,1288.8224930928468,652.9315138710717,7726.433048810942,10301.221813990658,True,1,1
724,bigshakeB0724 25-09-23 10-04-03.fits,2025-09-23 10:04:03,383.07033480114256,229.23756456073102,2.7886419143198626,5.0845633056924955,6.566749878253892,11.973231592473514,1165.7438024091687,652.6124941962381,7729.231792895522,10305.290378913676,True,1,1
725,bigshakeB0725 25-09-23 10-04-03.fits,2025-09-23 10:04:03,384.6810982469457,225.71995765962285,2.784326589106324,5.105695125086367,6.5565880639402225,12.022993224370177,1100.014268803843,635.8443598912693,7729.140158569714,10304.561277424127,True,1,1
726,bigshakeB0726 25-09-23 10-04-03.fits,2025-09-23 10:04:03,387.3389167504929,241.09506809751161,2.7240958389667744,5.618361444612278,6.414755486184362,13.230230150002033,1195.1328122344098,641.6437793317903,7729.517624707705,10304.199246833736,True,1,1
727,bigshakeB0727 25-09-23 10-04-03.fits,2025-09-23 10:04:03,385.92304310551134,235.30265881881522,2.7561303777277963,5.454039717082562,6.490191060192137,12.843282052180944,1224.65194072059,666.8951759653859,7727.83808834619,10302.416060863983,True,1,1
728,bigshakeB0728 25-09-23 10-04-03.fits,2025-09-23 10:04:03,387.4557391541136,232.3723927946167,2.786093524923932,5.011414723466022,6.56074887982181,11.80097984478102,1046.1322232007958,611.1220797699508,7730.575196172383,10306.660905972103,True,1,1
729,bigshakeB0729 25-09-23 10-04-03.fits,2025-09-23 10:04:03,385.4258691837598,221.4667586154938,2.773386159200872,5.429755568289453,6.530825320297609,12.786097251826417,1155.3499402506689,630.6180859177639,7730.63934787462,10306.37093531675,True,1,1
730,bigshakeB0730 25-09-23 10-04-03.fits,2025-09-23 10:04:03,385.54549705752663,233.4586975707651,2.7103372961495156,5.596297341252838,6.382356593767864,13.17827315713559,1228.9937366884244,661.3389049731411,7729.928831869205,10304.639261543445,True,1,1
731,bigshakeB0731 25-09-23 10-04-03.fits,2025-09-23 10:04:03,384.974105048802,232.77831545614364,2.803750078876468,5.390578393519312,6.602326886995412,12.693842055370009,1190.8341510980601,629.4338126255411,7729.302915851205,10305.454123763155,True,1,1
732,bigshakeB0732 25-09-23 10-04-03.fits,2025-09-23 10:04:03,383.8024896032071,237.26400488265085,2.8113995484818766,5.304750769934919,6.620340011356083,12.49173344693611,1150.3697098114478,654.855293152489,7728.756548385154,10303.757008553504,True,1,1
733,bigshakeB0733 25-09-23 10-04-03.fits,2025-09-23 10:04:03,381.2832498135145,229.68204380125474,2.753247299116335,5.566096438207199,6.483401928886467,13.107155465265684,1200.2322572012154,636.3107347044631,7728.668368864513,10303.652306063927,True,1,1
734,bigshakeB0734 25-09-23 10-04-03.fits,2025-09-23 10:04:03,383.99979990382917,228.1835751851582,2.8136633761975687,5.528540186682345,6.625670918239492,13.018717251358732,1204.9820182163037,673.8486377299373,7729.089832768873,10303.70376842908,True,1,1
735,bigshakeB0735 25-09-23 10-04-03.fits,2025-09-23 10:04:03,387.26977876079116,223.62545580260047,2.8273515091487,6.045202172032188,6.6579040080918634,14.23536325096603,1279.6325945407639,649.1177752377293,7728.856392539644,10303.543478893662,True,1,1
736,bigshakeB0736 25-09-23 10-04-03.fits,2025-09-23 10:04:03,388.0670053102178,239.04828112694312,2.755408178520617,5.695167650018048,6.488490411022566,13.411094942074305,1141.8387821876643,619.3680566050424,7729.72900954978,10304.314806443112,True,1,1
737,bigshakeB0737 25-09-23 10-04-03.fits,2025-09-23 10:04:03,385.81009558135685,233.4998900631276,2.793917465132159,5.455024196432236,6.579172851055266,12.845600323887476,1160.8539594953654,645.1139927464433,7729.77058896391,10304.920610948822,True,1,1
738,bigshakeB0738 25-09-23 10-04-03.fits,2025-09-23 10:04:03,384.8326689709512,230.77643106731222,2.7891909583740633,5.229780016359637,6.568042778198328,12.315190813625959,1122.9159634654927,667.1320430479351,7729.569019427928,10304.228103517378,True,1,1
739,bigshakeB0739 25-09-23 10-04-03.fits,2025-09-23 10:04:03,385.9771700859849,232.14452961363966,2.881530619719144,5.7401681716398985,6.785486063685094,13.517063072426287,1242.2350695663968,624.0720392549168,7731.417856032223,10308.542832356226,True,1,1
740,bigshakeB0740 25-09-23 10-04-03.fits,2025-09-23 10:04:03,388.46599642069623,231.1710731619579,2.7461369826384807,5.170357370625313,6.466658413117902,12.175261176322,1138.5903570286193,657.7794394799215,7729.406972639724,10304.44389709341,True,1,1
741,bigshakeB0741 25-09-23 10-04-03.fits,2025-09-23 10:04:03,386.33543639393736,229.68492399690808,2.7765074957989486,5.132401918374601,6.5381755062860485,12.08588291654381,1123.5305415522687,657.620869667266,7726.5649933298155,10300.751441423145,True,1,1
742,bigshakeB0742 25-09-23 10-04-03.fits,2025-09-23 10:04:03,383.5342443535244,228.91926489457134,2.726336504966421,5.259647004266212,6.4200318513945485,12.385522195433058,1113.4128964252695,636.9187338756516,7727.260990714646,10301.372658786451,True,1,1
743,bigshakeB0743 25-09-23 10-04-03.fits,2025-09-23 10:04:03,382.71067992535296,236.29326969630813,2.776952657066638,5.491182959547624,6.539223780962475,12.930747704075117,1186.230389184295,653.3101197245305,7727.1389088841925,10301.3200165305,True,1,1
744,bigshakeB0744 25-09-23 10-04-03.fits,2025-09-23 10:04:03,384.69543427917984,232.91007190381868,2.8088196175427864,5.1762166824157525,6.614264738265918,12.189058801176213,1126.8095446969942,667.9528006226302,7730.2070462392685,10305.415441407566,True,1,1
745,bigshakeB0745 25-09-23 10-04-03.fits,2025-09-23 10:04:03,384.45895122680696,234.47943871066704,2.8055099946455146,5.404981944492494,6.6064711719259295,12.727759825921284,1106.683904404907,641.0974677227749,7727.420919627651,10301.346315910747,True,1,1
746,bigshakeB0746 25-09-23 10-04-03.fits,2025-09-23 10:04:03,385.2690699089791,231.22478108658512,2.750465437287689,5.4418281423222545,6.476851144889865,12.814525991153978,1215.2312847185385,657.1323125691002,7730.651119054945,10306.315196879914,True,1,1
747,bigshakeB0747 25-09-23 10-04-03.fits,2025-09-23 10:04:03,385.7517984211352,233.63787331357923,2.831309299167085,5.596306838057389,6.66722389136118,13.17829552040131,1191.923403449735,647.7396060742208,7729.416987494673,10304.582497644566,True,1,1
748,bigshakeB0748 25-09-23 10-04-03.fits,2025-09-23 10:04:03,385.1672391908725,224.03371059348538,2.7641219605378233,5.3211561452782385,6.509009799584713,12.530365153640814,1103.6513950232859,635.4430893029119,7729.106581189955,10303.748662748581,True,1,1
749,bigshakeB0749 25-09-23 10-04-03.fits,2025-09-23 10:04:03,385.46482680884503,226.61846523993137,2.7579619873137196,5.354408242555205,6.49450417115974,12.608667858847934,1168.3263838251355,658.1705258560613,7729.790848417044,10304.81116038435,True,1,1
750,bigshakeB0750 25-09-23 10-04-03.fits,2025-09-23 10:04:03,385.57723971717087,233.06116775992373,2.84598373311378,5.454250107101805,6.701779542568341,12.843777482815533,1159.039897842616,663.3371474134692,7732.297834651563,10308.062504352883,True,1,1
751,bigshakeB0751 25-09-23 10-04-03.fits,2025-09-23 10:04:03,383.0043404767977,237.7813788917158,2.7744344440694495,5.507252193162093,6.533293842519038,12.968587857498754,1190.5717372888103,636.7626783021694,7735.3159338063915,10312.691092165143,True,1,1
752,bigshakeB0752 25-09-23 10-04-03.fits,2025-09-23 10:04:03,381.36734819400556,226.54631016025857,2.7783969688144077,5.1298705135772,6.542624875217396,12.079921913784801,1140.2120799931236,665.262989450724,7727.803277206246,10302.459577321904,True,1,1
753,bigshakeB0753 25-09-23 10-04-03.fits,2025-09-23 10:04:03,383.29029861611247,230.18409144936908,2.7577225154437817,5.060764337127912,6.493940258000189,11.917189304246572,1092.2434154675057,659.0051085231391,7730.013709838877,10304.998375759376,True,1,1
754,bigshakeB0754 25-09-23 10-04-03.fits,2025-09-23 10:04:03,385.35450001376273,226.4025465838384,2.7212500107808193,5.388076696638092,6.40805407292736,12.68795100940752,1171.4419692536653,652.2866281959364,7729.219381714214,10303.919330227443,True,1,1
755,bigshakeB0755 25-09-23 10-04-03.fits,2025-09-23 10:04:03,386.5228098763225,238.21143216620683,2.7389354692518593,5.353366589910968,6.449700145040527,12.606214954321326,1199.5809006225575,657.7219669849712,7729.880133775111,10305.277280538665,True,1,1
756,bigshakeB0756 25-09-23 10-04-03.fits,2025-09-23 10:04:03,386.9468870298644,231.5949746323111,2.783191342480784,5.563557374864211,6.553914762430349,13.101176428010012,1216.1474566780553,665.714118391458,7729.527558009988,10304.371049730078,True,1,1
757,bigshakeB0757 25-09-23 10-04-03.fits,2025-09-23 10:04:03,383.5454227281609,238.40985955814372,2.8234057290396724,5.323256919494541,6.6486124059978415,12.535312098875448,1155.9073765432934,633.7863692523301,7727.556842531015,10302.833579764783,True,1,1
758,bigshakeB0758 25-09-23 10-04-03.fits,2025-09-23 10:04:03,381.74881467561505,227.62493966511948,2.817779059182843,5.053107374530507,6.635362611032208,11.89915853523815,1148.3303428948493,661.0756951342538,7731.406561930971,10307.995087838863,True,1,1
759,bigshakeB0759 25-09-23 10-04-03.fits,2025-09-23 10:04:03,383.73030996036516,229.28058900302594,2.691192208424782,5.684586337513139,6.337273357429785,13.386177855285009,1313.5393408204882,686.3866773558073,7730.259534434436,10305.097035030434,True,1,1
760,bigshakeB0760 25-09-23 10-04-03.fits,2025-09-23 10:04:03,388.41567815501134,236.89874813087053,2.7029342369386273,5.222085742197582,6.364923721543513,12.297072182597189,1187.5995823433095,669.0085912439598,7729.7542410733695,10304.85790158604,True,1,1
761,bigshakeB0761 25-09-23 10-04-03.fits,2025-09-23 10:04:03,389.29432571199715,232.93323842044435,2.7460528907642177,5.096366347043821,6.466460391886764,12.001025630839946,1149.2901492488334,666.9183103509321,7728.75945663601,10303.74441945539,True,1,1
762,bigshakeB0762 25-09-23 10-04-03.fits,2025-09-23 10:04:03,388.1146547625723,225.7084079531119,2.7732393018920565,5.2163639241301025,6.530479497763051,12.283598330717867,1112.7387052775507,645.6291118340076,7732.774717333047,10308.893929243526,True,1,1
763,bigshakeB0763 25-09-23 10-04-03.fits,2025-09-23 10:04:03,388.3816973607959,231.60662549045642,2.7610566753053813,4.983814748927893,6.501791604475621,11.73598687149629,1205.963672015589,705.505806302789,7731.721241392351,10307.98837218244,True,1,1
764,bigshakeB0764 25-09-23 10-04-03.fits,2025-09-23 10:04:03,387.9215832313858,232.5934857743342,2.707315404799525,5.026884885854899,6.375240583443,11.83740929327423,1166.5594859219616,682.9388009902735,7729.952273626747,10305.167933183415,True,1,1
765,bigshakeB0765 25-09-23 10-04-03.fits,2025-09-23 10:04:03,381.04259306648765,233.92532335851772,2.825955322881943,5.173151838024696,6.654616240684308,12.181841644169252,1174.7793983852193,694.0918252094256,7729.153608946199,10304.12415464767,True,1,1
766,bigshakeB0766 25-09-23 10-04-03.fits,2025-09-23 10:04:03,377.0666398728536,225.40202773501755,2.786731634200576,5.177742915988819,6.5622515123373715,12.19265280658747,1140.1789438844776,658.9594673972949,7730.364855738165,10305.928287611534,True,1,1
767,bigshakeB0767 25-09-23 10-04-04.fits,2025-09-23 10:04:04,381.75159380759925,233.65510105622073,2.852807255120294,5.155225895858948,6.71784770896699,12.139629276231283,1109.896683558544,688.0964023604976,7729.012827304896,10303.360951229724,True,1,1
768,bigshakeB0768 25-09-23 10-04-04.fits,2025-09-23 10:04:04,391.2890023791165,232.22302622924872,2.893338713910887,5.220742761872338,6.8132920005814235,12.293909705607222,1152.889876047986,667.1391629791848,7731.5166215300205,10307.919810585649,True,1,1
769,bigshakeB0769 25-09-23 10-04-04.fits,2025-09-23 10:04:04,390.847613462594,236.30943646578552,2.7860556978031186,5.289098320231395,6.5606598037594726,12.454874744620412,1116.5541304201558,654.9499502817189,7729.506915454156,10304.164171509194,True,1,1
770,bigshakeB0770 25-09-23 10-04-04.fits,2025-09-23 10:04:04,386.46064473371695,226.12986128003138,2.7638106291730726,5.282655696185467,6.508276670246351,12.439703524374462,1195.161003670421,675.6087220173042,7729.340794964691,10304.399631195087,True,1,1
771,bigshakeB0771 25-09-23 10-04-04.fits,2025-09-23 10:04:04,380.86965849029656,228.31864962656286,2.687258798798648,5.526161615864377,6.328010885596847,13.013116145118056,1249.4620854883292,670.3226388570866,7730.607304314467,10305.66597648729,True,1,1
772,bigshakeB0772 25-09-23 10-04-04.fits,2025-09-23 10:04:04,381.3009689875132,233.4265298300102,2.739285056799527,5.231425247895633,6.450523360805269,12.31906503782564,1183.6873539303106,661.0027039086626,7729.7161959396035,10305.162737357596,True,1,1
773,bigshakeB0773 25-09-23 10-04-04.fits,2025-09-23 10:04:04,384.7228087276838,233.23156602393465,2.812631594369018,4.686848261282172,6.623241257707522,11.036684233685712,1070.6881671057636,683.6717140064201,7733.878766964996,10310.831452680564,True,1,1
774,bigshakeB0774 25-09-23 10-04-04.fits,2025-09-23 10:04:04,387.21097958611153,229.185015296321,2.7835408827691306,5.326715130192521,6.554737866907892,12.543455562746992,1195.2751223512382,678.2132397066446,7731.05969400537,10306.588401163457,True,1,1
775,bigshakeB0775 25-09-23 10-04-04.fits,2025-09-23 10:04:04,387.0221300872999,233.2244112974884,2.828420761823718,4.665513026996774,6.660421905724199,10.986443596325024,1087.9812800517514,691.8165955538717,7728.797548304541,10304.277932723471,True,1,1
776,bigshakeB0776 25-09-23 10-04-04.fits,2025-09-23 10:04:04,385.4455848647923,226.99046627961178,2.7617331800477882,4.872682369499178,6.5033846514036,11.474290116765568,1129.7538697933423,693.1553928580846,7731.11269123819,10306.805828488385,True,1,1
777,bigshakeB0777 25-09-23 10-04-04.fits,2025-09-23 10:04:04,382.258957843324,231.4422036343104,2.763730426606937,4.658948727850469,6.5080878076359525,10.970985853113726,1070.9998822415184,661.2973549787124,7729.817958127761,10305.792088406868,True,1,1
778,bigshakeB0778 25-09-23 10-04-04.fits,2025-09-23 10:04:04,382.01943633321434,228.96689289448716,2.8562124119229475,4.975692016032948,6.725866240462351,11.71685929725484,1183.9744075376072,703.9721876067936,7733.15684263067,10310.243564240685,True,1,1
779,bigshakeB0779 25-09-23 10-04-04.fits,2025-09-23 10:04:04,382.89498847082683,234.47816008093915,2.8859856910202635,5.16564199550684,6.795976954887013,12.16415731647318,1153.981178569676,688.752736643677,7727.101550701389,10301.614150910491,True,1,1
780,bigshakeB0780 25-09-23 10-04-04.fits,2025-09-23 10:04:04,383.0778436235428,229.7560566904256,2.831459936050712,5.246663164313954,6.667578614114266,12.354947588852008,1157.5438798956823,673.9288709862506,7729.760043387556,10304.997643272087,True,1,1
781,bigshakeB0781 25-09-23 10-04-04.fits,2025-09-23 10:04:04,385.1810758807666,236.5899260592993,2.9595444253175467,5.1607468688678955,6.96919453689736,12.152630174140828,1099.8936068844191,682.043242792436,7728.163224631709,10302.835496094023,True,1,1
782,bigshakeB0782 25-09-23 10-04-04.fits,2025-09-23 10:04:04,387.22833357544863,228.50998311104942,2.845451130371681,5.7383996464664975,6.700525358955208,13.512898513897822,1269.0540708738838,668.8194243330664,7730.036698031248,10305.530579419848,True,1,1
783,bigshakeB0783 25-09-23 10-04-04.fits,2025-09-23 10:04:04,384.4609057637079,229.5303593948576,2.7578998560724926,5.2495400896955235,6.494357863267475,12.361722230408587,1204.5308149037771,658.7805742736922,7727.953191613711,10303.225708090251,True,1,1
784,bigshakeB0784 25-09-23 10-04-04.fits,2025-09-23 10:04:04,379.62136482286104,228.34241777326483,2.8151442678000067,4.551151469714925,6.629158151469431,10.71714270885677,1049.565803473946,706.6553893029541,7727.527683885656,10302.005090729614,True,1,1
785,bigshakeB0785 25-09-23 10-04-04.fits,2025-09-23 10:04:04,382.40684731788775,234.94888597424273,2.8830253426758192,5.155726971887305,6.7890058672652405,12.140809220106945,1098.40717496998,661.7984025659033,7727.961204220029,10302.667196453784,True,1,1
786,bigshakeB0786 25-09-23 10-04-04.fits,2025-09-23 10:04:04,386.6366276960712,239.1381575357262,2.950677073165318,5.338129310492368,6.948313518302944,12.570333903314669,1147.8497942789477,674.1931689208071,7730.458148893793,10306.17045731553,True,1,1
787,bigshakeB0787 25-09-23 10-04-04.fits,2025-09-23 10:04:04,387.09814124462383,232.03254533274546,2.808098488141523,5.091409954506619,6.612566608296762,11.989354218342301,1124.2789780156575,660.4751480166469,7729.613060500382,10305.076742528265,True,1,1
788,bigshakeB0788 25-09-23 10-04-04.fits,2025-09-23 10:04:04,383.10919853252074,223.62435371018228,2.8231034109863913,4.743430475907846,6.647900501386,11.16992516687849,1089.2376642625238,688.7576515778143,7727.253189749012,10302.001374681216,True,1,1
789,bigshakeB0789 25-09-23 10-04-04.fits,2025-09-23 10:04:04,381.77102861835283,227.54005528809262,2.8676073254402215,4.595716277251631,6.752699211224223,10.822084810947151,1008.6067773692444,656.9319986537128,7730.378294780927,10306.508970950223,True,1,1
790,bigshakeB0790 25-09-23 10-04-04.fits,2025-09-23 10:04:04,382.6955097509292,237.81960305481923,2.8412895395926476,5.50892041204377,6.690725561569524,12.972516212760825,1178.837565306277,685.0796084506749,7728.956643787241,10303.058045768208,True,1,1
791,bigshakeB0791 25-09-23 10-04-04.fits,2025-09-23 10:04:04,385.2135269083884,234.30823246704298,2.7981928109765457,5.525700347295102,6.589240521149068,13.012029940644984,1194.3898745648178,648.5241847030449,7731.511741440835,10307.421607213342,True,1,1
792,bigshakeB0792 25-09-23 10-04-04.fits,2025-09-23 10:04:04,383.94069627169625,226.80431903687335,2.8542150194567393,5.279293017422466,6.721162740645131,12.431785021018348,1125.3676837749329,655.5001998623097,7729.893134913095,10305.22628806297,True,1,1
793,bigshakeB0793 25-09-23 10-04-04.fits,2025-09-23 10:04:04,382.8750366168792,233.75880842460518,2.966405007198854,5.175640106793581,6.985349972632039,12.187701069343648,1106.9662777043845,687.9561178937896,7728.881185770691,10303.728887684467,True,1,1
794,bigshakeB0794 25-09-23 10-04-04.fits,2025-09-23 10:04:04,383.01785261739195,232.72970331584136,2.9510737678924155,5.159019771836842,6.949247662998071,12.148563171432391,1056.302380153443,674.5065626410139,7736.661363366868,10313.655110924135,True,1,1
795,bigshakeB0795 25-09-23 10-04-04.fits,2025-09-23 10:04:04,384.8490395690726,225.21554855510752,2.911479847184456,5.27494639663826,6.856011104853602,12.421549511267552,1143.2580039635486,678.811675080231,7728.678915171415,10303.588600354109,True,1,1
796,bigshakeB0796 25-09-23 10-04-04.fits,2025-09-23 10:04:04,387.53197606698365,221.7212866278256,2.9538485144968867,4.733345770013201,6.955781691922161,11.14617749928954,1049.5892076682696,705.6893471148509,7731.586924018019,10307.529542803904,True,1,1
797,bigshakeB0797 25-09-23 10-04-04.fits,2025-09-23 10:04:04,388.25020150639614,243.45946802046046,2.8856716090579297,4.589319189158768,6.795237348386326,10.80702081967625,1023.3857964253239,691.7805465675438,7729.88677707956,10305.358233749716,True,1,1
798,bigshakeB0798 25-09-23 10-04-04.fits,2025-09-23 10:04:04,384.7211273918089,238.69027656629797,2.8540605305692788,5.089659306818829,6.720798947116204,11.985231758075306,1100.0755039169042,671.1236357695109,7727.779662709716,10302.264338654582,True,1,1
799,bigshakeB0799 25-09-23 10-04-04.fits,2025-09-23 10:04:04,379.9990972829961,235.01076701982973,2.899689395650984,5.319606655235136,6.828246713242616,12.52671638342774,1186.6571766833183,695.7879208629804,7731.031014756634,10306.681607315872,True,1,1
800,bigshakeB0800 25-09-23 10-04-04.fits,2025-09-23 10:04:04,383.3795787050683,221.7548737905283,2.7715533329558566,5.230822445161167,6.526509344316788,12.317645545863321,1204.2121583795417,661.8209863225964,7729.77036301056,10305.71121585892,True,1,1
801,bigshakeB0801 25-09-23 10-04-04.fits,2025-09-23 10:04:04,385.4565686213184,234.3307356436702,2.8406796601745024,4.833890925969835,6.689289405290624,11.382943247966985,1099.9811626588894,682.7884621296262,7729.307114656115,10304.824605906619,True,1,1
802,bigshakeB0802 25-09-23 10-04-04.fits,2025-09-23 10:04:04,386.58720338502474,238.43769389247808,2.7809487080886828,5.4229070648056705,6.5486337620101525,12.769970258544342,1176.7215396011145,672.2378582889735,7729.386412507838,10303.900266991608,True,1,1
803,bigshakeB0803 25-09-23 10-04-04.fits,2025-09-23 10:04:04,384.5467601351208,235.27918398173802,2.878634008311735,5.665129932059719,6.778665065080262,13.340361521719046,1256.517884776127,660.7987385920599,7728.970917775585,10304.634187917103,True,1,1
804,bigshakeB0804 25-09-23 10-04-04.fits,2025-09-23 10:04:04,387.4593935833288,226.42010183577815,2.887549488488299,5.056112458670989,6.799659416511111,11.906234967609162,1101.5214287156327,677.8094147164719,7729.803395886675,10305.117880838636,True,1,1
805,bigshakeB0805 25-09-23 10-04-04.fits,2025-09-23 10:04:04,385.40822335993875,225.86036087387433,2.9161147163881176,5.041300579981485,6.866925387760481,11.87135565876655,1075.0603543049494,655.0522225024806,7729.355815722364,10304.934007240663,True,1,1
806,bigshakeB0806 25-09-23 10-04-04.fits,2025-09-23 10:04:04,384.67954694674955,238.24454729122147,2.877019284926036,5.1477831773268,6.7748626820844375,12.122103013442258,1150.6318238776869,687.2278895234018,7729.1501296218885,10304.34645984945,True,1,1
807,bigshakeB0807 25-09-23 10-04-04.fits,2025-09-23 10:04:04,384.56888275717296,231.18659664210304,2.8514791727458233,5.188949859805788,6.714720313970134,12.219043142531206,1106.1155533643057,686.0384208471161,7728.7592661391545,10302.893452338933,True,1,1
808,bigshakeB0808 25-09-23 10-04-04.fits,2025-09-23 10:04:04,384.3409866603305,230.5777682803139,2.889586093595376,5.489365942220483,6.804455255041068,12.926468955250998,1212.4053395625926,687.6725017800569,7727.250632521134,10301.582841649682,True,1,1
809,bigshakeB0809 25-09-23 10-04-04.fits,2025-09-23 10:04:04,380.0668395441566,232.75697418443792,2.8990694707783558,5.016029458556553,6.8267869017261384,11.811846715474712,1080.7219816050756,662.6946156217741,7728.733613707471,10303.980682697047,True,1,1
810,bigshakeB0810 25-09-23 10-04-04.fits,2025-09-23 10:04:04,382.78410516660637,230.6501534775081,3.049260051866155,4.977301295959931,7.180458692646534,11.720648861884968,1090.5284367676757,692.1472061290399,7729.929214018995,10305.947088462084,True,1,1
811,bigshakeB0811 25-09-23 10-04-04.fits,2025-09-23 10:04:04,386.21470446655445,235.49797297930678,2.9492769655900988,5.804107992867401,6.945016516919618,13.667629845128506,1263.0312080953177,685.9814120716467,7728.12927713073,10302.832987426847,True,1,1
812,bigshakeB0812 25-09-23 10-04-04.fits,2025-09-23 10:04:04,386.5883755895056,238.77746167431704,2.8258077418624987,5.0962459360994306,6.6542687139414545,12.000742084734453,1167.6861127304314,707.0843127378806,7729.146855979943,10303.942554762629,True,1,1
813,bigshakeB0813 25-09-23 10-04-04.fits,2025-09-23 10:04:04,383.83027077849584,229.39504132923756,2.826646070005464,4.969124540740395,6.656242825856823,11.701394074790691,1109.2118003471305,679.9537562396005,7729.374757971856,10304.56180689434,True,1,1
814,bigshakeB0814 25-09-23 10-04-04.fits,2025-09-23 10:04:04,383.0350931937821,229.15714512647176,2.8903599588981495,4.809012126040935,6.806277568568193,11.324358151198096,1099.0960561664667,707.7401845307467,7727.731227076134,10302.457526328488,True,1,1
815,bigshakeB0815 25-09-23 10-04-04.fits,2025-09-23 10:04:04,385.1398255648578,229.66779579466453,2.9357025376086416,5.042419451084626,6.913051181809053,11.873990398868035,1116.2039961419096,671.8406914909671,7731.189332695602,10307.673518642066,True,1,1
816,bigshakeB0816 25-09-23 10-04-04.fits,2025-09-23 10:04:04,388.8930171926773,230.13401399210144,2.906435308590164,5.153962487379694,6.844132124253831,12.136654176619274,1122.1781670475812,704.7990161651048,7730.257087514937,10305.072194825103,True,1,1
817,bigshakeB0817 25-09-23 10-04-04.fits,2025-09-23 10:04:04,386.26099893171397,236.53502809886874,2.9366306444130044,4.815747720260323,6.915236706315897,11.340219263481107,1028.6570326485655,664.5830812286398,7728.896895297729,10304.257552696123,True,1,1
818,bigshakeB0818 25-09-23 10-04-04.fits,2025-09-23 10:04:04,382.5870600101022,227.59629422459852,2.9081185876945344,4.986924312857503,6.8480959436301845,11.743309334969041,1089.3744362008326,679.6098589867997,7728.178009858682,10303.082559113982,True,1,1
819,bigshakeB0819 25-09-23 10-04-04.fits,2025-09-23 10:04:04,380.70022966641704,236.14258106847885,2.9249217636324074,5.4135851385926035,6.8876643991488695,12.748018799839512,1121.843269842012,675.5836999464924,7729.228111137796,10303.673819830623,True,1,1
820,bigshakeB0820 25-09-23 10-04-04.fits,2025-09-23 10:04:04,382.00472190734524,238.4610048883292,2.9188432777690907,5.554526023286889,6.873350658794494,13.079909220282012,1184.5098981213835,659.6991683084065,7729.435291448454,10304.833169595448,True,1,1
821,bigshakeB0821 25-09-23 10-04-05.fits,2025-09-23 10:04:05,383.56795299407014,235.90121726833686,2.850423840912509,5.3060377962557075,6.712235197414886,12.494764162314784,1154.8754925170551,682.0508882056547,7727.699170142359,10301.890714322377,True,1,1
822,bigshakeB0822 25-09-23 10-04-05.fits,2025-09-23 10:04:05,385.1207464225607,225.089824522812,2.9866551362868416,4.971533689975584,7.033035382522897,11.707067187701186,1052.8655068091448,676.6189516332691,7735.198111951053,10312.452330836613,True,1,1
823,bigshakeB0823 25-09-23 10-04-05.fits,2025-09-23 10:04:05,386.3812672763925,225.92511687477477,2.961856829242171,4.919419695567816,6.974639832011274,11.584348109043145,1084.7755316812688,683.3705101060734,7726.030201788129,10300.59635685134,True,1,1
824,bigshakeB0824 25-09-23 10-04-05.fits,2025-09-23 10:04:05,388.39804300673705,224.863000353918,3.220858598552226,5.049873192956946,7.584542390081072,11.891542619639461,993.4893066158684,663.164745056194,7727.825107530729,10302.988662318056,True,1,1
825,bigshakeB0825 25-09-23 10-04-05.fits,2025-09-23 10:04:05,388.86377620831763,242.25627309490665,3.0071548603514455,5.17045833305416,7.081308543667829,12.175498924673246,1072.7905301915687,679.438716575333,7728.292966762686,10302.892064314143,True,1,1
826,bigshakeB0826 25-09-23 10-04-05.fits,2025-09-23 10:04:05,385.1601996460145,227.82797425167226,3.0437780611363507,5.470361152557738,7.167549590989317,12.881716095601567,1131.8885209418243,676.6389164173579,7727.106438333188,10301.470453342108,True,1,1
827,bigshakeB0827 25-09-23 10-04-05.fits,2025-09-23 10:04:05,379.1583169584401,237.77683948555762,2.955430974767824,4.798910487295455,6.9595081010886295,11.300570609792578,1041.932763294757,704.5689339343114,7728.298731636594,10302.822251260523,True,1,1
828,bigshakeB0828 25-09-23 10-04-05.fits,2025-09-23 10:04:05,381.76471834892277,228.92792166521355,3.1489783419059556,4.964509994319885,7.415277320888467,11.690527648380948,1018.9897345912804,691.1801236058486,7730.232484114118,10305.814227820963,True,1,1
829,bigshakeB0829 25-09-23 10-04-05.fits,2025-09-23 10:04:05,386.8206710823695,235.00953526048767,3.1632721809795927,4.753974360942781,7.448936739659514,11.194754118711257,991.9046855185704,706.5432014446213,7729.7313147706145,10305.15315771902,True,1,1
830,bigshakeB0830 25-09-23 10-04-05.fits,2025-09-23 10:04:05,390.6777115885048,232.77904539443242,3.034452562181005,5.836711233133062,7.145589719119354,13.744404608839046,1243.524756272775,672.4470005834282,7729.863197733602,10305.693307117772,True,1,1
831,bigshakeB0831 25-09-23 10-04-05.fits,2025-09-23 10:04:05,388.3842775038464,231.7153136972642,3.0528275502207824,5.2502109279184905,7.188859509282626,12.363301933703003,1119.6507760021855,690.6635483516778,7729.293893829752,10304.638836971379,True,1,1
832,bigshakeB0832 25-09-23 10-04-05.fits,2025-09-23 10:04:05,382.77797390168234,238.99726450562372,3.0779257401441056,5.494458374818712,7.247961230008061,12.938460717611276,1122.7518785272466,675.0194186256327,7733.429261083003,10309.917190357257,True,1,1
833,bigshakeB0833 25-09-23 10-04-05.fits,2025-09-23 10:04:05,379.9890115938711,240.4759006672062,3.0787586912369034,5.058137497095414,7.249922679937911,11.911003568682956,1070.828404313089,714.7741189679527,7729.206393930166,10303.944732358927,True,1,1
834,bigshakeB0834 25-09-23 10-04-05.fits,2025-09-23 10:04:05,380.038868543707,229.4455590190081,3.1419267271459,5.536544115472416,7.398672037101652,13.037565063312591,1106.4398119713533,674.8289133299676,7728.457930835289,10303.253510799732,True,1,1
835,bigshakeB0835 25-09-23 10-04-05.fits,2025-09-23 10:04:05,384.1661671005783,223.98580732724707,3.14221721454729,4.870725230750815,7.399356082657274,11.469681407210015,1048.0299936239844,687.1002006715364,7728.819261657107,10304.81276374488,True,1,1
836,bigshakeB0836 25-09-23 10-04-05.fits,2025-09-23 10:04:05,389.59046347876415,233.44946596269253,3.140925167350003,5.46171569668468,7.396313544017976,12.86135760281326,1139.3480784724654,681.0112783287282,7729.14650371018,10304.792960888537,True,1,1
837,bigshakeB0837 25-09-23 10-04-05.fits,2025-09-23 10:04:05,391.8200023832766,230.796106762609,3.042031989326534,4.672246296285925,7.163437906091498,11.002299233815709,1009.6690025111109,692.5239715757662,7731.637543915326,10307.99259764222,True,1,1
838,bigshakeB0838 25-09-23 10-04-05.fits,2025-09-23 10:04:05,385.9423612526663,242.88692541546413,3.113930896009141,4.696901628829278,7.3327468927635095,11.0603581051057,1059.6535484135552,711.1032450598289,7729.107670240407,10305.26647230255,True,1,1
839,bigshakeB0839 25-09-23 10-04-05.fits,2025-09-23 10:04:05,381.52139025057795,227.08485548069294,3.188628122510646,4.7956349437662515,7.508645419037471,11.292857294231638,1028.7021928533875,716.6505904494807,7730.652947525901,10306.719236346511,True,1,1
840,bigshakeB0840 25-09-23 10-04-05.fits,2025-09-23 10:04:05,380.7214370690556,233.54899964617857,3.183084393361625,5.016915887320464,7.495590934513134,11.81393409569646,1064.3984264625653,711.6940305711378,7727.527137330897,10302.416793662269,True,1,1
841,bigshakeB0841 25-09-23 10-04-05.fits,2025-09-23 10:04:05,385.8423074069595,231.04158536639375,3.2053729926261965,4.8636999832125705,7.548076574837009,11.453138213485653,1020.4850324006215,713.6446585707816,7728.980829335339,10304.263770379293,True,1,1
842,bigshakeB0842 25-09-23 10-04-05.fits,2025-09-23 10:04:05,388.0432435422744,236.97217604550238,3.101728677518089,4.86606285850619,7.304012864066933,11.458702359590976,1044.499455222273,720.0987720075873,7734.2205331816385,10310.913873953446,True,1,1
843,bigshakeB0843 25-09-23 10-04-05.fits,2025-09-23 10:04:05,387.1436350585893,225.51389134401404,3.1070377099783175,4.594322449341003,7.3165146801239995,10.81880259704388,1012.7276413775437,716.3782698919314,7735.029197115936,10312.616672123539,True,1,1
844,bigshakeB0844 25-09-23 10-04-05.fits,2025-09-23 10:04:05,383.55412654206214,235.34466347138334,3.1606104706983613,4.861632095861826,7.442668890935205,11.448268710901255,1032.1353328508699,715.4523970725877,7727.942082873548,10302.7943317766,True,1,1
845,bigshakeB0845 25-09-23 10-04-05.fits,2025-09-23 10:04:05,383.74802537298075,227.8986988607639,3.378950642832126,4.787715094341633,7.956820704911302,11.27420747405292,951.1319810473441,702.0599861223552,7728.861137213695,10304.37825550479,True,1,1
846,bigshakeB0846 25-09-23 10-04-05.fits,2025-09-23 10:04:05,384.6981192340305,240.06967649388167,3.2964018913515454,4.934379410122899,7.762433250232553,11.619575544745395,998.6093288610705,687.5911730682384,7729.261932384756,10305.15504590728,True,1,1
847,bigshakeB0847 25-09-23 10-04-05.fits,2025-09-23 10:04:05,384.6115958976154,227.71830154413422,3.1384085113822575,5.080062461549081,7.390387272098682,11.962632914465042,1068.664953775522,696.305204037102,7730.162502210848,10305.92576907277,True,1,1
848,bigshakeB0848 25-09-23 10-04-05.fits,2025-09-23 10:04:05,384.32176758134136,229.4065403086207,3.18485897575335,4.624233885975257,7.499769756700727,10.889238647605897,1008.475045329942,724.2356779915029,7729.176693701314,10304.852528675108,True,1,1
849,bigshakeB0849 25-09-23 10-04-05.fits,2025-09-23 10:04:05,386.76185753077135,224.17866414474435,3.315938390123594,4.488251848512527,7.808438189150695,10.56902542002451,927.8649140722962,709.8490990479703,7727.299608247194,10302.495684608091,True,1,1
850,bigshakeB0850 25-09-23 10-04-05.fits,2025-09-23 10:04:05,387.1269893840761,240.04789738785007,3.3396226168189433,5.037802364474932,7.864210280923961,11.863117990769883,1008.9364242897093,702.2581574011541,7728.792185928994,10304.176991093373,True,1,1
851,bigshakeB0851 25-09-23 10-04-05.fits,2025-09-23 10:04:05,383.86113386943026,233.50573021020708,3.3609392030175274,5.0682935223736605,7.914407005396017,11.934919180586013,1015.199312344396,708.0957864528327,7729.319259771575,10304.835664546245,True,1,1
852,bigshakeB0852 25-09-23 10-04-05.fits,2025-09-23 10:04:05,381.2919739252327,234.44374931333627,3.3196575130010926,4.9705263943800375,7.8171960542525625,11.704695187841523,1049.5066063359993,725.4407669757395,7727.2185950757075,10302.32196545291,True,1,1
853,bigshakeB0853 25-09-23 10-04-05.fits,2025-09-23 10:04:05,382.77752602095586,226.9136020768045,3.277431534103471,5.024393654601157,7.71776147272339,11.831542891981114,1036.9160067610915,718.4417338135113,7730.110033256673,10305.709871809888,True,1,1
854,bigshakeB0854 25-09-23 10-04-05.fits,2025-09-23 10:04:05,384.6545351795842,238.77405272684734,3.1289758149120086,4.529697383429336,7.3681749693718475,10.666622196423642,1008.7553649361425,703.2871037312035,7730.44242321112,10307.103520977655,True,1,1
855,bigshakeB0855 25-09-23 10-04-05.fits,2025-09-23 10:04:05,387.19099281487786,233.7219005522304,3.298994335777332,4.835508360570514,7.768537990332024,11.38675201538619,1032.3888087665982,699.2436106407987,7728.474707879027,10304.76165140717,True,1,1
856,bigshakeB0856 25-09-23 10-04-05.fits,2025-09-23 10:04:05,389.3589445019258,228.51383291516268,3.252677711339874,5.5176069958429395,7.659470674688527,12.992971554413952,1140.7959663531276,709.9989379981507,7728.935626274641,10304.167283331513,True,1,1
857,bigshakeB0857 25-09-23 10-04-05.fits,2025-09-23 10:04:05,387.8200069875703,231.8035041278582,3.3469217111035685,4.6841497376946215,7.881398334455967,11.030329696249758,985.9637837315215,744.7323827316334,7727.286356377871,10302.064130598534,True,1,1
858,bigshakeB0858 25-09-23 10-04-05.fits,2025-09-23 10:04:05,383.5238623616775,227.4596564637837,3.2910778394385884,4.538045158124655,7.749896066067136,10.686279703607582,944.0911895036536,724.2114473809152,7728.594861649901,10303.856157326305,True,1,1
859,bigshakeB0859 25-09-23 10-04-05.fits,2025-09-23 10:04:05,381.15026291947987,233.99059609636674,3.2949684015910052,4.723007275714952,7.759057639810086,11.121832205680585,1003.3304673143011,715.7000249377706,7726.114424753726,10301.097820146217,True,1,1
860,bigshakeB0860 25-09-23 10-04-05.fits,2025-09-23 10:04:05,381.95082590640527,240.48181590155372,3.256327018284897,4.970128571163866,7.668064135833138,11.703758385757704,1043.7087019980966,717.7384108122752,7734.970047898416,10312.4129683688,True,1,1
861,bigshakeB0861 25-09-23 10-04-05.fits,2025-09-23 10:04:05,384.99748645498073,235.6222067094901,3.333717628126631,4.714373784564218,7.8503050951856235,11.10150188766024,949.1441984647599,691.6817662719852,7735.018093889242,10312.852646351475,True,1,1
862,bigshakeB0862 25-09-23 10-04-05.fits,2025-09-23 10:04:05,386.0519127245845,225.95600243632973,3.263105326240233,4.695057125337828,7.684025831277756,11.056014631310905,968.0178723648364,710.9903704772405,7731.822191074645,10308.159422657689,True,1,1
863,bigshakeB0863 25-09-23 10-04-05.fits,2025-09-23 10:04:05,385.5313325016638,232.3438554645088,3.3382365726434213,4.812173310957793,7.860946396316144,11.331802172806363,1010.2506828326814,760.6926570665154,7729.52266717833,10304.525571629358,True,1,1
864,bigshakeB0864 25-09-23 10-04-05.fits,2025-09-23 10:04:05,384.9559604420412,230.8291329806986,3.3804180499861363,4.610531423647524,7.9602761846917875,10.85697181465027,983.1064446069028,731.861700779399,7728.226086339805,10304.035324949422,True,1,1
865,bigshakeB0865 25-09-23 10-04-05.fits,2025-09-23 10:04:05,380.8256890753399,233.46379962995763,3.469391511080658,4.538876261502203,8.169792674352948,10.688236802500525,955.5094696667317,755.9224685752278,7727.29911862613,10302.45971200369,True,1,1
866,bigshakeB0866 25-09-23 10-04-05.fits,2025-09-23 10:04:05,380.69699347545327,234.48769302546717,3.3232133580442835,4.793952266790269,7.825569429437292,11.288894892759282,1020.9550022012853,730.291412380359,7729.997473430519,10306.098623122089,True,1,1
867,bigshakeB0867 25-09-23 10-04-05.fits,2025-09-23 10:04:05,385.8036173508524,230.4390753980846,3.4261290706921486,4.855243037716396,8.06791741252913,11.433223628711527,1008.6972125469351,741.3634308052083,7729.326993841066,10305.019567576079,True,1,1
868,bigshakeB0868 25-09-23 10-04-05.fits,2025-09-23 10:04:05,386.160818844061,232.72086796657464,3.29002397194251,4.534604962248392,7.747414397762564,10.678178661399324,944.3558718619067,714.5480070146779,7729.039097839187,10304.689668261002,True,1,1
869,bigshakeB0869 25-09-23 10-04-05.fits,2025-09-23 10:04:05,384.2955010609643,231.33169639139905,3.37438260627697,4.8581489049095135,7.9460638008647875,11.440066423026078,1005.387005550241,730.2379050722569,7729.954862684886,10305.796821472486,True,1,1
870,bigshakeB0870 25-09-23 10-04-05.fits,2025-09-23 10:04:05,383.78203350630315,235.41051782954654,3.4861600841054967,4.741155917089811,8.209279646238404,11.16456899018018,986.6014410434341,718.795446387441,7729.063399953149,10305.582516983768,True,1,1
871,bigshakeB0871 25-09-23 10-04-05.fits,2025-09-23 10:04:05,385.59798904340323,226.86424533398218,3.422605145038442,4.964711511616914,8.059619201762583,11.691002185351413,974.5140004397447,714.0173432234407,7729.530391605139,10304.946412881414,True,1,1
872,bigshakeB0872 25-09-23 10-04-05.fits,2025-09-23 10:04:05,385.1293890448487,232.29415294959873,3.2853478536243683,5.0675763411029235,7.736402980614067,11.93323034775376,1042.9581203704379,699.7155320845505,7728.350137176184,10303.843421588537,True,1,1
873,bigshakeB0873 25-09-23 10-04-05.fits,2025-09-23 10:04:05,383.053075930614,239.97161948836364,3.2839030624527816,4.722850765496051,7.733000757402332,11.121463652279864,978.6230805226406,717.3609598490032,7729.708500568659,10305.367857466397,True,1,1
874,bigshakeB0874 25-09-23 10-04-06.fits,2025-09-23 10:04:06,381.96416779831515,240.39892627740687,3.29478311367415,5.072184496401459,7.758621320109373,11.944081724221366,1006.0332639141241,718.5143877300222,7729.578712483373,10304.382812125627,True,1,1
875,bigshakeB0875 25-09-23 10-04-06.fits,2025-09-23 10:04:06,381.5748107156499,230.9401379379156,3.2823897417193217,4.9825597231628596,7.729437159404619,11.73303151166776,982.4024155682768,685.6999220860629,7730.16883946129,10305.889587898677,True,1,1
876,bigshakeB0876 25-09-23 10-04-06.fits,2025-09-23 10:04:06,384.4770287688367,223.3688178009663,3.4744669868569726,4.771357449265528,8.181744506449084,11.235688163538207,950.9454365894505,718.7556930010404,7728.703169805926,10304.282641452135,True,1,1
877,bigshakeB0877 25-09-23 10-04-06.fits,2025-09-23 10:04:06,387.6629178014451,225.2841359620235,3.504039032204377,4.725381330729512,8.251381351605716,11.127422678016876,885.8265645379958,696.4283625796934,7729.285154505215,10304.737423172728,True,1,1
878,bigshakeB0878 25-09-23 10-04-06.fits,2025-09-23 10:04:06,387.4402607906314,241.60396110332096,3.343121994659462,4.77497544102416,7.8724506860079515,11.24420788305419,957.7883211815467,717.859191944737,7727.626200370144,10302.322666325243,True,1,1
879,bigshakeB0879 25-09-23 10-04-06.fits,2025-09-23 10:04:06,383.4629146228732,238.9273001421176,3.259525334356087,4.583698847558613,7.675595594627921,10.793785926616282,987.3370823121464,729.1439503601893,7729.9344421410215,10305.932096719132,True,1,1
880,bigshakeB0880 25-09-23 10-04-06.fits,2025-09-23 10:04:06,381.0404041371911,226.77922308277664,3.29710178423924,4.526702199133872,7.76408137203387,10.659569076406122,977.6747010570431,726.7400926719243,7728.715470779892,10304.608030800371,True,1,1
881,bigshakeB0881 25-09-23 10-04-06.fits,2025-09-23 10:04:06,384.8830424955825,219.2133868314738,3.4254352052885015,4.541069847135077,8.066283484368068,10.693402301919308,916.6654627035629,716.1122955438381,7726.528503115369,10301.45344901244,True,1,1
882,bigshakeB0882 25-09-23 10-04-06.fits,2025-09-23 10:04:06,387.77108205754746,239.087030968222,3.3996268215786243,4.597265646245167,8.005509385078199,10.82573329611028,924.4906698543975,701.5524959588016,7729.987280697803,10306.219925756242,True,1,1
883,bigshakeB0883 25-09-23 10-04-06.fits,2025-09-23 10:04:06,389.1802680801898,238.36532526115238,3.2614352634017045,4.60314306069542,7.680093133829128,10.839573549470689,1008.1932748869121,718.0276317100339,7729.074706943904,10305.344026148836,True,1,1
884,bigshakeB0884 25-09-23 10-04-06.fits,2025-09-23 10:04:06,383.3836952500248,232.54885862712723,3.268207098637435,4.410393056433008,7.696039587183873,10.38568197575376,971.1474712056381,722.8153455641062,7728.784663746478,10304.973167233746,True,1,1
885,bigshakeB0885 25-09-23 10-04-06.fits,2025-09-23 10:04:06,382.4973884035883,227.58153580125702,3.256398874022258,4.247829908548468,7.668233343163826,10.002875016531917,971.08687213962,780.7835231967229,7729.774100423632,10305.559223798717,True,1,1
886,bigshakeB0886 25-09-23 10-04-06.fits,2025-09-23 10:04:06,384.0090925669679,233.25211481775514,3.328538280295963,4.770172069944795,7.838108663093778,11.23289680855278,1037.3470428565279,723.0695110816437,7728.387484704659,10304.535881280424,True,1,1
887,bigshakeB0887 25-09-23 10-04-06.fits,2025-09-23 10:04:06,385.6455159845673,239.16870870513443,3.2421854349497212,4.54611782109449,7.634763251926991,10.705289372185728,998.9491943340394,753.8305795230093,7729.418103384091,10304.907871468125,True,1,1
888,bigshakeB0888 25-09-23 10-04-06.fits,2025-09-23 10:04:06,384.70830370428826,231.96526673898532,3.182310290861311,4.406629523880555,7.493768062428486,10.376819533859118,999.0800966213044,740.5282841492532,7728.472607803956,10304.192262269846,True,1,1
889,bigshakeB0889 25-09-23 10-04-06.fits,2025-09-23 10:04:06,386.2404352879996,233.88354720708335,3.1085737531360746,4.740297584200913,7.3201317853419186,11.162547770688095,1009.7056434198321,751.2834136315873,7731.477084977859,10306.42943188075,True,1,1
890,bigshakeB0890 25-09-23 10-04-06.fits,2025-09-23 10:04:06,384.85107287830334,237.15511240782405,3.1994569248196445,4.644044645631075,7.534145299778378,10.935889421550707,999.9581976769452,748.1893684608858,7727.910134465513,10302.44251490774,True,1,1
891,bigshakeB0891 25-09-23 10-04-06.fits,2025-09-23 10:04:06,384.31558524738176,232.4236160213874,3.0775346649599897,4.621350975728216,7.24704031832539,10.88244991276814,1056.7193395403408,754.9114657937869,7729.406591025518,10304.639789093591,True,1,1
892,bigshakeB0892 25-09-23 10-04-06.fits,2025-09-23 10:04:06,384.03636655137217,231.08946243880146,3.18000868037919,4.894245362817887,7.488348183929333,11.52506708566333,1122.9212513867421,730.1378131667581,7729.6673168460065,10306.209645873792,True,1,1
893,bigshakeB0893 25-09-23 10-04-06.fits,2025-09-23 10:04:06,385.13244453738093,241.084521072609,3.2078472205468964,4.529093105277886,7.5539029363406485,10.665199230119836,975.5999928160867,727.3714365023977,7728.772370311273,10304.169441377759,True,1,1
894,bigshakeB0894 25-09-23 10-04-06.fits,2025-09-23 10:04:06,383.7808076399373,234.04784697660227,3.1895860533655416,4.168183960128798,7.5109011738163325,9.815323140687775,964.2243005182858,752.8531023698914,7730.437381163736,10306.92317647527,True,1,1
895,bigshakeB0895 25-09-23 10-04-06.fits,2025-09-23 10:04:06,384.71804162994295,229.65220786416452,3.1297826424740434,4.4260781512660765,7.3700749030878105,10.422617551474882,1010.2140024331406,751.489441377836,7728.272917848089,10303.505366382955,True,1,1
896,bigshakeB0896 25-09-23 10-04-06.fits,2025-09-23 10:04:06,384.61311147329275,226.33915221709597,3.127398620834347,4.292098565625811,7.364460961142866,10.107119737584245,1000.6434864619018,739.1502784266869,7728.080827742644,10303.882723196744,True,1,1
897,bigshakeB0897 25-09-23 10-04-06.fits,2025-09-23 10:04:06,385.4884264683168,233.05043554474275,3.2356824045319503,4.646077554464648,7.619449785545777,10.940676556021726,980.5412183232621,720.7708129646261,7727.89870378603,10302.94564745422,True,1,1
898,bigshakeB0898 25-09-23 10-04-06.fits,2025-09-23 10:04:06,383.79905187473895,241.13799977779013,3.131737002811265,4.553794046711423,7.374677069985114,10.723365502138662,1035.6480077602484,776.6105133352178,7728.739154741511,10303.454683574348,True,1,1
899,bigshakeB0899 25-09-23 10-04-06.fits,2025-09-23 10:04:06,383.554433774689,236.06004854586087,3.205154560612586,4.429552246415784,7.5475622067528825,10.43079842037176,1066.4488317710045,767.7112592280199,7729.181266142939,10305.666493634246,True,1,1
900,bigshakeB0900 25-09-23 10-04-06.fits,2025-09-23 10:04:06,384.17957337666974,231.07360845253066,3.180800941890459,4.376965826194059,7.4902138172169765,10.306966863937221,1002.4617288974646,731.9907278459046,7730.356698199871,10307.06253682516,True,1,1
901,bigshakeB0901 25-09-23 10-04-06.fits,2025-09-23 10:04:06,386.19954248124145,229.58636801916407,3.1138136473355824,4.507550861957846,7.3324707932367605,10.61447112373487,1031.9860055120491,747.5270892803914,7727.778391174286,10302.88932287673,True,1,1
902,bigshakeB0902 25-09-23 10-04-06.fits,2025-09-23 10:04:06,383.5170646566422,239.80747345843255,3.12656192481047,4.3845881924055,7.362490692574243,10.32491616468249,1023.0475836159612,778.316647904283,7728.851944690523,10304.018511253838,True,1,1
903,bigshakeB0903 25-09-23 10-04-06.fits,2025-09-23 10:04:06,384.7003923610864,234.43918461926293,3.1848061924311284,4.308650428291232,7.499645461475516,10.146096395571378,1008.5085848926735,767.4836002297437,7730.58429632738,10306.950073210264,True,1,1
904,bigshakeB0904 25-09-23 10-04-06.fits,2025-09-23 10:04:06,384.01749583353796,227.9982146259747,3.2313010705812477,4.516872968796312,7.609132532534688,10.636423007780008,1029.4226124946404,744.9453396623223,7729.498462349209,10305.797163237909,True,1,1
905,bigshakeB0905 25-09-23 10-04-06.fits,2025-09-23 10:04:06,384.932963905187,235.7144427968638,3.1976582377246396,4.467271547929799,7.529909715352322,10.519620587661526,1042.8298530769634,762.554584875398,7729.030255610174,10304.99807192632,True,1,1
906,bigshakeB0906 25-09-23 10-04-06.fits,2025-09-23 10:04:06,383.1159631451426,234.08756019700755,3.171993628274522,4.36651622785274,7.469474178571294,10.28235994030056,1026.727559128998,769.8356732742099,7728.130437535963,10303.627019071553,True,1,1
907,bigshakeB0907 25-09-23 10-04-06.fits,2025-09-23 10:04:06,385.05388063434947,229.26854274964418,3.2167073486508246,4.684256818361265,7.57476694360132,11.030581851950007,1083.10348693839,768.0353541839086,7730.15756179208,10306.283263563291,True,1,1
908,bigshakeB0908 25-09-23 10-04-06.fits,2025-09-23 10:04:06,388.2728641254148,232.57006258839544,3.294445951792434,4.167654514992186,7.757827364551888,9.81407639266734,960.3759383232041,760.4260208931464,7727.556659691318,10303.381273688135,True,1,1
909,bigshakeB0909 25-09-23 10-04-06.fits,2025-09-23 10:04:06,387.9094153812514,238.0347869656989,3.1809228430901055,4.555852352016548,7.490500872605418,10.728212440729964,1047.6567376262017,747.0596849721552,7727.010348520166,10302.309805523792,True,1,1
910,bigshakeB0910 25-09-23 10-04-06.fits,2025-09-23 10:04:06,382.69090784795685,238.6279768661245,3.150654570557449,4.26384625705351,7.419224537717058,10.040590635039791,1046.3461054325749,750.8424654434697,7728.561657629896,10305.2460159205,True,1,1
911,bigshakeB0911 25-09-23 10-04-06.fits,2025-09-23 10:04:06,379.4048949080341,234.3388660743063,3.0685380722204902,4.5227853972071275,7.225854961405437,10.650345712716607,1108.9096027669043,766.3813483262866,7729.144714726671,10305.194956853937,True,1,1
912,bigshakeB0912 25-09-23 10-04-06.fits,2025-09-23 10:04:06,382.32919074055314,227.85809637632283,3.196871387253863,4.544262670086173,7.528056824091295,10.700920825404785,1060.3018095431646,768.8951956204703,7731.172517476878,10307.68476262871,True,1,1
913,bigshakeB0913 25-09-23 10-04-06.fits,2025-09-23 10:04:06,386.9663993053422,232.82448012006597,3.2368674196198692,4.661622426843863,7.622240282828473,10.977281933097748,1064.429370003717,801.4380501471244,7728.018157751755,10302.506734966304,True,1,1
914,bigshakeB0914 25-09-23 10-04-06.fits,2025-09-23 10:04:06,387.0053843239282,235.36651418854134,3.336923540635752,4.117134259473794,7.857854442224716,9.695110282292543,918.0428288635932,765.818087925556,7728.334527920141,10303.978461445173,True,1,1
915,bigshakeB0915 25-09-23 10-04-06.fits,2025-09-23 10:04:06,385.0513322530077,235.114912568768,3.1936434256629416,4.57582313826415,7.520455555432403,10.775240048500846,1065.4106355202675,775.9301967867444,7729.561082561762,10305.308682943118,True,1,1
916,bigshakeB0916 25-09-23 10-04-06.fits,2025-09-23 10:04:06,385.40924594233906,232.33917020061642,3.2486658794031165,4.657282094764066,7.650023532426555,10.967061232114153,1073.1647425114868,766.6017661674983,7729.087511382447,10305.011736459552,True,1,1
917,bigshakeB0917 25-09-23 10-04-06.fits,2025-09-23 10:04:06,385.29975988976884,231.70139269794612,3.2859034339639503,4.37508056607675,7.737711272334341,10.302527415622885,985.5010769975939,767.5951275240933,7728.584191376927,10304.152112532098,True,1,1
918,bigshakeB0918 25-09-23 10-04-06.fits,2025-09-23 10:04:06,382.37133780226503,233.74835226062172,3.2672310320450912,4.474146614672759,7.693741126006937,10.535810132638776,976.3012281661914,753.3077435880405,7729.147426477062,10304.58674327997,True,1,1
919,bigshakeB0919 25-09-23 10-04-06.fits,2025-09-23 10:04:06,383.0078332350501,239.23998196012013,3.354401726879942,4.23231199943081,7.89901242554332,9.966333133084687,957.85317358116,752.9925788063106,7735.490847411883,10314.124224030396,True,1,1
920,bigshakeB0920 25-09-23 10-04-06.fits,2025-09-23 10:04:06,384.8881270240211,234.6235436123582,3.1578978523676255,5.090831436167238,7.436281162915471,11.987991911760307,1136.64893268937,747.8407230779208,7737.363523864596,10315.347786736696,True,1,1
921,bigshakeB0921 25-09-23 10-04-06.fits,2025-09-23 10:04:06,387.0181597102984,230.7321594599232,3.178586367553288,4.105648520442405,7.484998893176595,9.668063433789435,1005.3971687988329,781.7606976294753,7735.006974076818,10313.270081314395,True,1,1
922,bigshakeB0922 25-09-23 10-04-06.fits,2025-09-23 10:04:06,385.42870337945516,226.4577740776203,3.1382443411539436,4.2257707194541165,7.390000680754251,9.95092959587541,1043.990518032114,777.3466804496279,7730.614906973281,10307.441676564387,True,1,1
923,bigshakeB0923 25-09-23 10-04-06.fits,2025-09-23 10:04:06,383.1779134404117,238.06433805683028,3.261915074066238,4.10377975877279,7.6812230015997915,9.66366283635044,973.4386696167089,751.8362815509912,7728.152762085916,10304.673172982311,True,1,1
924,bigshakeB0924 25-09-23 10-04-06.fits,2025-09-23 10:04:06,381.49320614654494,241.70646666617174,3.214887579953957,4.628914474593002,7.570481715796617,10.900260591505507,1074.3222175487479,762.7892694175688,7730.833662831802,10307.375792892755,True,1,1
925,bigshakeB0925 25-09-23 10-04-06.fits,2025-09-23 10:04:06,381.94728926397,234.43033857928475,3.2434430477128586,4.505199381867852,7.637724703670513,10.60893381128346,1094.0401625253542,814.4104508609336,7729.958339773106,10305.981201397415,True,1,1
926,bigshakeB0926 25-09-23 10-04-07.fits,2025-09-23 10:04:07,382.53946699699975,221.78908664005496,3.1545069628297315,4.4248251174052475,7.428296228261152,10.4196668822223,1069.2904278944945,776.564523131754,7727.904581282041,10303.543372195707,True,1,1
927,bigshakeB0927 25-09-23 10-04-07.fits,2025-09-23 10:04:07,386.86389688647813,229.5026429943281,3.276200601566818,4.049597607501076,7.714862848111998,9.536073620452907,914.6710262121998,767.3010588943903,7729.274254676711,10305.121360192195,True,1,1
928,bigshakeB0928 25-09-23 10-04-07.fits,2025-09-23 10:04:07,388.2364763332798,241.8127928377275,3.229183509814576,4.653741037925369,7.604146057994758,10.958722680489794,1105.927415823469,773.4935161110429,7728.481597481044,10304.493842312939,True,1,1
929,bigshakeB0929 25-09-23 10-04-07.fits,2025-09-23 10:04:07,387.3716393677362,242.9773744179411,3.260197510570124,4.484725794983571,7.677178448650529,10.560722198494672,1037.1495162251058,764.8697205733083,7726.836417275684,10302.193095985996,True,1,1
930,bigshakeB0930 25-09-23 10-04-07.fits,2025-09-23 10:04:07,381.9443086266211,228.88966251858605,3.1774671965979224,4.362948230460322,7.482363446977084,10.273957948520277,1024.1484217372374,746.7243968039646,7728.042086320813,10304.036678950994,True,1,1
931,bigshakeB0931 25-09-23 10-04-07.fits,2025-09-23 10:04:07,380.08997935757,227.90848169082383,3.2548936526644683,4.5760127297725255,7.664688817738294,10.775686502385136,1024.3059982101136,753.3443589206918,7727.395130555374,10302.601805873735,True,1,1
932,bigshakeB0932 25-09-23 10-04-07.fits,2025-09-23 10:04:07,383.0424727787808,229.15626749160904,3.21219877133784,4.592737895718928,7.564150055370133,10.815071258412193,1063.2170095124493,764.9270698646487,7726.8425027511175,10301.945708936417,True,1,1
933,bigshakeB0933 25-09-23 10-04-07.fits,2025-09-23 10:04:07,387.4336773681305,241.91063198536347,3.257671537900911,4.38926938193827,7.671230237575865,10.335939523628845,1024.4284367407672,768.8846791523014,7728.210549029726,10304.08442847564,True,1,1
934,bigshakeB0934 25-09-23 10-04-07.fits,2025-09-23 10:04:07,387.11987063986703,237.2841704470456,3.2279328142482524,4.080163764491238,7.601200895004949,9.608051419632904,1034.8174963214765,808.1968108429526,7728.653212577931,10305.094175855851,True,1,1
935,bigshakeB0935 25-09-23 10-04-07.fits,2025-09-23 10:04:07,386.61164069348365,224.58881560805935,3.279072022301284,4.4533755936480794,7.721624527215236,10.486898115974101,1024.3282925084195,776.9158127129767,7728.596282859809,10304.267337599817,True,1,1
936,bigshakeB0936 25-09-23 10-04-07.fits,2025-09-23 10:04:07,386.1946785042725,230.35841531120082,3.3186941023587084,4.604206927004889,7.81492739556028,10.842078763181462,1025.6045162712185,774.2546592661826,7730.580110008449,10306.598540984225,True,1,1
937,bigshakeB0937 25-09-23 10-04-07.fits,2025-09-23 10:04:07,383.8560386319539,238.3874059640331,3.3138536075207554,4.566076389214292,7.803528901287999,10.752288208464353,999.2684005143143,763.4939504047256,7727.302309302472,10302.157215507024,True,1,1
938,bigshakeB0938 25-09-23 10-04-07.fits,2025-09-23 10:04:07,380.6083591041183,240.23192655305695,3.236352013551127,4.354254827115306,7.621026594286469,10.253486548063893,998.7389782485702,771.1834244166125,7729.248278690397,10305.008166357624,True,1,1
939,bigshakeB0939 25-09-23 10-04-07.fits,2025-09-23 10:04:07,383.55557479167715,233.87515773575063,3.2511627377896093,4.330864311226044,7.655903184604672,10.198406092384245,994.1580092403818,778.0152501552473,7728.620550947664,10304.110354106353,True,1,1
940,bigshakeB0940 25-09-23 10-04-07.fits,2025-09-23 10:04:07,387.40193252542474,225.47107549037875,3.2641670772447124,4.639797522145625,7.686526063825936,10.925888210033449,1028.6903221513815,760.65781656782,7729.123751188375,10304.60283585037,True,1,1
941,bigshakeB0941 25-09-23 10-04-07.fits,2025-09-23 10:04:07,387.9497784001841,232.42492560462165,3.3478447853090927,4.683278455939589,7.883572008098186,11.028277984508136,1015.619353895543,763.1731493022315,7729.581442297786,10305.199851281168,True,1,1
942,bigshakeB0942 25-09-23 10-04-07.fits,2025-09-23 10:04:07,385.04684960608034,232.71936138122012,3.318381239880271,4.186308751149281,7.814190660724717,9.858003761894807,976.9380920295149,770.2195700169927,7726.812311742464,10302.507678392069,True,1,1
943,bigshakeB0943 25-09-23 10-04-07.fits,2025-09-23 10:04:07,382.4473606572214,240.4699929726758,3.2244340891020657,4.581199945872955,7.592962026898655,10.787901462836334,1047.9267064299133,763.3038497644523,7729.819026198802,10305.809798008107,True,1,1
944,bigshakeB0944 25-09-23 10-04-07.fits,2025-09-23 10:04:07,383.1045649882159,227.7910618901962,3.2138874872560033,4.175384574559492,7.568126677464586,9.832279291885714,1007.7033944668332,781.4563786278544,7729.471750067806,10305.835771784368,True,1,1
945,bigshakeB0945 25-09-23 10-04-07.fits,2025-09-23 10:04:07,383.04417194715523,232.50550909364367,3.2807664111899033,4.5033456783859,7.7256145081342344,10.604568673166616,983.8119535618482,747.6770337917843,7729.9429112007465,10305.862629023191,True,1,1
946,bigshakeB0946 25-09-23 10-04-07.fits,2025-09-23 10:04:07,384.83898882365406,233.3573746722867,3.364717544860444,4.157281051967678,7.9233043205046965,9.78964875400084,951.1956901651149,774.5059353829042,7729.29613141678,10305.627210206012,True,1,1
947,bigshakeB0947 25-09-23 10-04-07.fits,2025-09-23 10:04:07,386.1793346673206,238.47861616386422,3.4400002104654956,4.367157548610682,8.100581450514834,10.283870135276656,1001.0990651637849,774.5556838136597,7728.665189353715,10305.206379999678,True,1,1
948,bigshakeB0948 25-09-23 10-04-07.fits,2025-09-23 10:04:07,385.2636374167669,232.95026519041357,3.3568312134375935,4.555074176689408,7.90473342918841,10.726379977871067,992.0196548006359,770.2254323387358,7727.545033139583,10302.461792065928,True,1,1
949,bigshakeB0949 25-09-23 10-04-07.fits,2025-09-23 10:04:07,383.3544517432665,226.78420383504826,3.3915998148500184,4.8590978622628,7.98660722873208,11.442301046823477,1052.050321985726,739.2444608009429,7728.084398807381,10303.987578927496,True,1,1
950,bigshakeB0950 25-09-23 10-04-07.fits,2025-09-23 10:04:07,384.53412640138146,232.25806017416835,3.503228202135884,4.646342014417534,8.249471992707313,10.941299311619888,947.4766868598291,726.5633321110882,7734.471768165359,10312.333269832452,True,1,1
951,bigshakeB0951 25-09-23 10-04-07.fits,2025-09-23 10:04:07,387.00401545143427,236.99861048720527,3.44979627592333,4.708773355155036,8.123649421817378,11.088313884226716,1000.5112618854356,737.1679332213706,7726.747221951568,10302.227292528369,True,1,1
952,bigshakeB0952 25-09-23 10-04-07.fits,2025-09-23 10:04:07,386.6549030946502,240.74600897855674,3.405534498119658,4.5958562520226485,8.019420900216584,10.822414426343743,999.2750219164085,765.6503688592977,7728.410593197191,10303.94297648425,True,1,1
953,bigshakeB0953 25-09-23 10-04-07.fits,2025-09-23 10:04:07,386.1905145209759,227.74526652329524,3.3442500519531313,4.295824819404163,7.875107057935027,10.115894394674381,997.775341560558,780.2376582424681,7734.346651735448,10312.384110087749,True,1,1
954,bigshakeB0954 25-09-23 10-04-07.fits,2025-09-23 10:04:07,383.76969367660394,228.3572495556912,3.4640367345514553,4.261719403712059,8.157183139245321,10.0355822781585,864.6537517061046,716.880678942638,7729.097134604885,10305.149768574016,True,1,1
955,bigshakeB0955 25-09-23 10-04-07.fits,2025-09-23 10:04:07,383.5910442538786,226.99365239252944,3.55757345433728,4.577511984628467,8.377445281943423,10.779216977772517,958.6853914740379,740.3626502697058,7730.177983430838,10307.016644561822,True,1,1
956,bigshakeB0956 25-09-23 10-04-07.fits,2025-09-23 10:04:07,385.78405763632844,247.21571277320064,3.606602247425968,5.3365534391998946,8.49289926669234,12.566623010006763,1049.961174785378,723.1348311192883,7729.33737385656,10305.40583749278,True,1,1
957,bigshakeB0957 25-09-23 10-04-07.fits,2025-09-23 10:04:07,385.939678202758,234.5923914857873,3.6884031853787986,4.891540725190127,8.685525755086,11.518698150762937,985.8892303948847,749.0424895597595,7731.700007471405,10308.789134544411,True,1,1
958,bigshakeB0958 25-09-23 10-04-07.fits,2025-09-23 10:04:07,384.9717344607362,233.60399988025316,3.596292535276614,4.440850575101365,8.468621749864544,10.457403951235914,923.7926898234213,730.4633747018654,7727.7959491700385,10304.137087368257,True,1,1
959,bigshakeB0959 25-09-23 10-04-07.fits,2025-09-23 10:04:07,385.73319053495175,229.33829565832986,3.588406493872534,4.542671880118684,8.450051541490271,10.697174801301907,880.4834361978466,732.5525823027964,7728.389416485144,10303.64078696498,True,1,1
960,bigshakeB0960 25-09-23 10-04-07.fits,2025-09-23 10:04:07,384.828581555914,241.53306363387236,3.5472825543038,4.65307501131603,8.353212064263175,10.9571543076796,946.40510032882,743.68298434897,7729.599737539038,10305.59381594585,True,1,1
961,bigshakeB0961 25-09-23 10-04-07.fits,2025-09-23 10:04:07,383.6480003673689,229.45782537040932,3.566773525961785,4.937881420280479,8.399109795020529,11.627822148462366,992.874871658485,729.6194433834431,7729.853324027767,10306.150383517861,True,1,1
962,bigshakeB0962 25-09-23 10-04-07.fits,2025-09-23 10:04:07,386.3558572727201,229.28276937296354,3.5695118883794366,4.654398760154434,8.405558145732174,10.960271497978859,974.3098538036888,750.899698720845,7726.083471251308,10301.354932707463,True,1,1
963,bigshakeB0963 25-09-23 10-04-07.fits,2025-09-23 10:04:07,388.2825208924826,229.23629546161015,3.6722937189776323,4.444978398800402,8.64759086068978,10.46712423322476,885.0442883788579,716.2714989780409,7728.739219857687,10305.332017646842,True,1,1
964,bigshakeB0964 25-09-23 10-04-07.fits,2025-09-23 10:04:07,386.65328329390746,236.82702568828327,3.4869706265318956,4.093065767306059,8.211188327791437,9.63843331448229,918.3445006964661,745.1794470487334,7731.0580842544705,10308.872108529864,True,1,1
965,bigshakeB0965 25-09-23 10-04-07.fits,2025-09-23 10:04:07,383.5855823189262,230.2911394406423,3.619487936558795,4.36990470929019,8.52324274575636,10.290339204311683,934.1582245328182,752.2922313809423,7729.008832164545,10305.834576034165,True,1,1
966,bigshakeB0966 25-09-23 10-04-07.fits,2025-09-23 10:04:07,381.5199806692448,233.90202564607404,3.769448402180881,4.6578935118557,8.876372656165422,10.968501009337405,925.7600226932608,725.6095141956441,7728.240403664466,10304.893891786607,True,1,1
967,bigshakeB0967 25-09-23 10-04-07.fits,2025-09-23 10:04:07,382.6071530127799,234.87460412471916,3.7162028368986464,4.379374043645787,8.750988931729813,10.312637782665343,926.587410951642,764.8900472307154,7735.772983397062,10314.853016574107,True,1,1
968,bigshakeB0968 25-09-23 10-04-07.fits,2025-09-23 10:04:07,386.6406486173593,232.98105235267374,3.61978836547066,4.442732448201074,8.523950201780126,10.461835423733312,952.828336523881,768.3175223194636,7728.575853935575,10304.953753923262,True,1,1
969,bigshakeB0969 25-09-23 10-04-07.fits,2025-09-23 10:04:07,386.9069172454806,222.417929696209,3.517556797841133,4.787201807652184,8.283213257091179,11.272998776267757,1002.7527888305016,736.3568331931434,7728.532063693351,10304.72065174088,True,1,1
970,bigshakeB0970 25-09-23 10-04-07.fits,2025-09-23 10:04:07,385.10282705161865,236.97350105342775,3.5551426692211425,4.471857870209134,8.37172122042678,10.530420551297878,951.3965353137006,780.9857127038431,7727.685476262295,10303.005642229567,True,1,1
971,bigshakeB0971 25-09-23 10-04-07.fits,2025-09-23 10:04:07,383.7700936801407,241.6012094950122,3.603805129268789,4.376366361511967,8.486312556787496,10.305555232487542,909.1429728396303,755.7071822581995,7729.614606282272,10305.99156228382,True,1,1
972,bigshakeB0972 25-09-23 10-04-07.fits,2025-09-23 10:04:07,384.04642824276436,237.73442088183623,3.589257373064812,4.683692365249407,8.452055208868147,11.029252666447723,987.6126375654673,761.1033670536199,7728.608616040852,10304.707159634705,True,1,1
973,bigshakeB0973 25-09-23 10-04-07.fits,2025-09-23 10:04:07,384.78787415578773,226.35565381421043,3.6788884925478387,4.517912037455024,8.663120365685343,10.638869827485708,934.682798980817,754.5769139045685,7731.2245680821325,10308.45338158727,True,1,1
974,bigshakeB0974 25-09-23 10-04-07.fits,2025-09-23 10:04:07,386.79577857920447,225.6899245813221,3.661858514336555,4.273154032223686,8.623017831626973,10.062508770585163,857.0137356780169,747.2183462184009,7727.838345497422,10303.498725695385,True,1,1
975,bigshakeB0975 25-09-23 10-04-07.fits,2025-09-23 10:04:07,385.20485319158473,231.69179718702046,3.58332920909303,4.3906730923723645,8.438095449517165,10.33924500909647,908.195788886415,748.4441086505527,7735.971121770303,10314.462051701134,True,1,1
976,bigshakeB0976 25-09-23 10-04-07.fits,2025-09-23 10:04:07,386.4199550074292,248.8601826849505,3.636804838835144,4.836065805120182,8.564020934354549,11.38806469698574,956.3193918483105,726.8486269965449,7727.703249581551,10303.410378242217,True,1,1
977,bigshakeB0977 25-09-23 10-04-07.fits,2025-09-23 10:04:07,384.77948912890974,230.71744007280356,3.6116561282234567,4.7435435543972195,8.504800246499464,11.17019144637193,955.429879218069,737.7807308081052,7725.6490897988,10300.609511426768,True,1,1
978,bigshakeB0978 25-09-23 10-04-07.fits,2025-09-23 10:04:07,382.62311215025613,230.09853640215445,3.5502413717557855,4.553710676837823,8.360179546908698,10.723169181089157,969.0970397871973,755.0239015710233,7729.87949097127,10306.518354004154,True,1,1
979,bigshakeB0979 25-09-23 10-04-08.fits,2025-09-23 10:04:08,381.13531716547993,229.55551368548777,3.577582659904389,4.250008368298361,8.424563360297997,10.008004897218258,937.8508138463408,753.5637696861818,7734.968224267258,10314.087794004621,True,1,1
980,bigshakeB0980 25-09-23 10-04-08.fits,2025-09-23 10:04:08,384.11310353288206,237.95427719452013,3.7003214941773264,4.106975205909009,8.713591227547642,9.671187539319645,877.3579228235166,777.1230076857856,7730.800336428812,10308.020380670132,True,1,1
981,bigshakeB0981 25-09-23 10-04-08.fits,2025-09-23 10:04:08,386.4230253914562,233.8000853003142,3.6349136862761897,4.7088696673620065,8.559567610400512,11.088540682142272,975.4799548296103,747.0064045192773,7735.754740562929,10314.4870732795,True,1,1
982,bigshakeB0982 25-09-23 10-04-08.fits,2025-09-23 10:04:08,383.106782823181,229.07404544919163,3.658962722004404,4.347919190631599,8.616198761796976,10.23856726427403,870.6823084807146,765.1734763138409,7730.139685012821,10306.115973345568,True,1,1
983,bigshakeB0983 25-09-23 10-04-08.fits,2025-09-23 10:04:08,381.1192488283656,233.87081075155,3.773232410325661,4.71672330484887,8.885283314395311,11.107034585122744,896.0434838107727,734.3106239230067,7728.837717419263,10304.685817964513,True,1,1
984,bigshakeB0984 25-09-23 10-04-08.fits,2025-09-23 10:04:08,381.4674370569279,230.81531885727009,3.6347012707048174,4.874573310546841,8.559067409955167,11.478742942648577,962.3297549173733,737.9302270448959,7729.875566855776,10305.982124976226,True,1,1
985,bigshakeB0985 25-09-23 10-04-08.fits,2025-09-23 10:04:08,385.7200071701089,233.79950064123577,3.65483144313498,4.457342120560972,8.606470343503643,10.496238573057735,863.7296205508932,734.722784542478,7728.209547681112,10303.662533234954,True,1,1
986,bigshakeB0986 25-09-23 10-04-08.fits,2025-09-23 10:04:08,387.8138762917927,238.00904136377827,3.503556236002987,4.346160805670202,8.250244453433018,10.234426584120051,923.2282301946182,744.7456120098565,7728.131414444454,10304.16371922971,True,1,1
987,bigshakeB0987 25-09-23 10-04-08.fits,2025-09-23 10:04:08,386.594716790293,233.25923535784682,3.53749474742377,4.449370199969274,8.33016354042519,10.47746613465101,881.3340022714951,712.1891594627184,7735.6610139435525,10313.947944397356,True,1,1
988,bigshakeB0988 25-09-23 10-04-08.fits,2025-09-23 10:04:08,382.685977203705,231.94407889292486,3.5488438581814723,4.366538158040817,8.356888653930703,10.282411581947036,919.6151324991871,746.3249092989597,7727.5350654221265,10303.404706081354,True,1,1
989,bigshakeB0989 25-09-23 10-04-08.fits,2025-09-23 10:04:08,380.06989070831276,232.5486523478957,3.533792526980625,4.228700454525687,8.321445477514548,9.957828594748575,867.9541189493115,721.1160308150215,7727.783977354737,10303.804851307135,True,1,1
990,bigshakeB0990 25-09-23 10-04-08.fits,2025-09-23 10:04:08,380.44594730921864,237.53871912140508,3.6031354191515623,4.536748836871509,8.48473550997909,10.683227100335873,944.4922080099901,740.2596951982963,7729.472827779658,10306.1975187662,True,1,1
991,bigshakeB0991 25-09-23 10-04-08.fits,2025-09-23 10:04:08,384.64423192537544,233.68839710977008,3.5570320992426225,4.744889484523543,8.376170488115045,11.173360869612607,959.0614943775344,732.229704211904,7728.491963936412,10304.327288542254,True,1,1
992,bigshakeB0992 25-09-23 10-04-08.fits,2025-09-23 10:04:08,387.5484523166237,227.4549282126932,3.444359759232324,4.454947937292595,8.110847403338251,10.490600702305883,936.8963687688637,759.5443363366638,7730.548578322879,10306.579678161845,True,1,1
993,bigshakeB0993 25-09-23 10-04-08.fits,2025-09-23 10:04:08,388.4861183166102,229.16591302054667,3.4874338742683584,4.574249185306377,8.212279192847074,10.771533672525948,920.2473983121953,717.6797220593954,7731.866364045028,10308.771095178668,True,1,1
994,bigshakeB0994 25-09-23 10-04-08.fits,2025-09-23 10:04:08,385.8481763417366,238.06981717001983,3.4579195969594587,4.782331276810467,8.142778381025474,11.26152955261174,934.798778680722,722.4986676024652,7728.180354424131,10303.077141376081,True,1,1
995,bigshakeB0995 25-09-23 10-04-08.fits,2025-09-23 10:04:08,384.4223778889414,232.31156070785758,3.3938215799916773,4.474211257045078,7.991839085823009,10.535962353792872,953.684321151686,736.2773385760376,7728.212438473009,10303.982320511628,True,1,1
996,bigshakeB0996 25-09-23 10-04-08.fits,2025-09-23 10:04:08,381.9430247413866,231.04324153500528,3.380766768848005,4.766068526368765,7.961097354857797,11.223233701884286,1008.6936509210799,741.2900011430208,7732.956252496468,10309.966634770255,True,1,1
997,bigshakeB0997 25-09-23 10-04-08.fits,2025-09-23 10:04:08,380.9578546874205,229.88158447453432,3.5075524234743822,4.889572386241355,8.25965475579436,11.514063066750953,915.9736824935402,675.6490633488925,7729.0650628671465,10304.945864773494,True,1,1
998,bigshakeB0998 25-09-23 10-04-08.fits,2025-09-23 10:04:08,381.9512318213243,232.38130120645627,3.358893168235634,4.467826734684877,7.909588961678784,10.520927952561122,944.737416593583,743.5515105914693,7730.571541474794,10306.651733710469,True,1,1
999,bigshakeB0999 25-09-23 10-04-08.fits,2025-09-23 10:04:08,384.9861804163153,238.14172920984944,3.384602992597203,4.763316265266002,7.970130971439632,11.21675262227034,1037.7150058645598,752.3206138406579,7728.275135206983,10303.994572423955,True,1,1
1000,bigshakeB1000 25-09-23 10-04-08.fits,2025-09-23 10:04:08,386.17823611412064,233.1255087214418,3.432892753949002,5.200928177375544,8.083844669440609,12.24724992485021,1020.7645323151177,696.8723292934443,7730.495836638022,10306.700040126336,True,1,1
1001,bigshakeB1001 25-09-23 10-04-08.fits,2025-09-23 10:04:08,384.87503730617,228.24945653003275,3.385300323275073,4.706429175889106,7.971773059697894,11.082793763902158,945.7946069259626,717.6336416850107,7728.539500977778,10303.80184017323,True,1,1
1002,bigshakeB1002 25-09-23 10-04-08.fits,2025-09-23 10:04:08,382.4716459333478,230.10350612742127,3.3824408146659066,4.604576323588744,7.965039431506091,10.84294862566169,902.4357423459935,687.8274358419515,7729.085435782006,10304.848171706792,True,1,1
1003,bigshakeB1003 25-09-23 10-04-08.fits,2025-09-23 10:04:08,383.9439131035297,235.08282867439354,3.401405002810375,4.797180643629005,8.009696681886425,11.296497139252052,972.4732832350189,704.3241614915422,7729.561931917188,10305.711831243007,True,1,1
1004,bigshakeB1004 25-09-23 10-04-08.fits,2025-09-23 10:04:08,385.13766709677964,237.7628060058834,3.366239549141875,4.647601195722008,7.926888366695232,10.944264456995993,981.2285100458008,738.6740939595823,7728.086688958556,10303.436642107445,True,1,1
1005,bigshakeB1005 25-09-23 10-04-08.fits,2025-09-23 10:04:08,385.0960550812508,229.97374087284385,3.3765574388281245,4.702594490314129,7.951185140150831,11.073763769443811,934.7894399819272,697.9417896399447,7728.758051749757,10304.353962617664,True,1,1
1006,bigshakeB1006 25-09-23 10-04-08.fits,2025-09-23 10:04:08,383.66926298328707,231.67122426817147,3.247172775103824,4.843745888536954,7.64650754049326,11.406149911363066,1045.0680857896086,693.1131811911426,7727.160492576355,10303.069972548888,True,1,1
1007,bigshakeB1007 25-09-23 10-04-08.fits,2025-09-23 10:04:08,383.44452654376556,230.027443642281,3.31380690636812,4.92358196134158,7.803418928477647,11.59414949591995,989.79942457997,702.3879570981927,7729.172263763814,10304.632116629984,True,1,1
1008,bigshakeB1008 25-09-23 10-04-08.fits,2025-09-23 10:04:08,383.4498006374594,233.864017726175,3.233659764339828,5.144956126550772,7.614686831877483,12.115445817606547,1023.1326033857373,679.3093780459378,7729.713927764357,10305.311024375369,True,1,1
1009,bigshakeB1009 25-09-23 10-04-08.fits,2025-09-23 10:04:08,383.3026235344097,235.36950092628715,3.305866086546162,4.851197400794001,7.784719726786922,11.423696881791752,957.4170092007251,685.1014499369684,7727.744202881086,10302.831384539062,True,1,1
1010,bigshakeB1010 25-09-23 10-04-08.fits,2025-09-23 10:04:08,382.76751219947926,233.32661250340132,3.272179879105681,4.784953674102349,7.7053947702650065,11.2677048263207,1011.3578048631153,686.3012569084959,7728.526098602535,10304.834237450426,True,1,1
1011,bigshakeB1011 25-09-23 10-04-08.fits,2025-09-23 10:04:08,382.44209570679357,233.63079067739352,3.2394288321757134,4.87096850922375,7.628271948458569,11.470254284234606,986.2274019385769,696.4987151542086,7727.819984681586,10302.726988514605,True,1,1
1012,bigshakeB1012 25-09-23 10-04-08.fits,2025-09-23 10:04:08,383.50879435381506,232.5159695736835,3.2693547429342504,5.1705480351710875,7.69874208297858,12.175710157016267,1033.0657275389892,704.9705196188605,7726.673386622211,10300.833603218145,True,1,1
1013,bigshakeB1013 25-09-23 10-04-08.fits,2025-09-23 10:04:08,384.96742946089546,229.53351228303785,3.3008790627509828,4.487585217037108,7.772976183188987,10.567455622863546,965.4761436908468,742.6080706981008,7727.385275386518,10302.42003887727,True,1,1
1014,bigshakeB1014 25-09-23 10-04-08.fits,2025-09-23 10:04:08,385.8726774064773,237.56710180897193,3.1675741984263452,5.177664385491603,7.4590672165772,12.19246788139848,994.761107619396,658.2325846322535,7728.968227181609,10303.948211668863,True,1,1
1015,bigshakeB1015 25-09-23 10-04-08.fits,2025-09-23 10:04:08,386.13631429041476,232.52094156111698,3.2338089352281925,4.84727566647314,7.6150381024755385,11.414461903201703,994.8029184343309,689.2593415713299,7735.667453755582,10313.575582601332,True,1,1
1016,bigshakeB1016 25-09-23 10-04-08.fits,2025-09-23 10:04:08,385.22098324035176,232.80648803901983,3.2626604684702816,5.441200808319099,7.682978271283886,12.813048732468419,1072.5433175353348,680.208089046146,7728.955380739733,10304.21999116332,True,1,1
1017,bigshakeB1017 25-09-23 10-04-08.fits,2025-09-23 10:04:08,382.5497044811893,235.3000566455106,3.2213193312712627,4.919100223163293,7.585627332723262,11.583595809021139,969.8507285976951,688.4500797392798,7728.643429219487,10303.487845059717,True,1,1
1018,bigshakeB1018 25-09-23 10-04-08.fits,2025-09-23 10:04:08,380.4623518384751,232.44002923337015,3.308974879917716,4.851524787977312,7.792040375734117,11.4244678196935,968.3494429312705,670.8652793867977,7729.343986619987,10305.528391654312,True,1,1
1019,bigshakeB1019 25-09-23 10-04-08.fits,2025-09-23 10:04:08,383.0488708287576,226.52656401785916,3.2475480318593193,5.090294016877655,7.647391202623133,11.98672638604461,993.8029056604577,681.6916094576397,7727.257892310855,10301.743693772996,True,1,1
1020,bigshakeB1020 25-09-23 10-04-08.fits,2025-09-23 10:04:08,385.28942341959646,232.98590534335491,3.287060111092769,5.3552553943720005,7.740435038822912,12.610662748927309,992.4380788309999,668.2507116684658,7728.474794006621,10302.980513814573,True,1,1
1021,bigshakeB1021 25-09-23 10-04-08.fits,2025-09-23 10:04:08,383.46646686830513,238.78772240368136,3.2894401271845375,4.731851020856466,7.746039548423305,11.142657634012966,936.4130735476767,671.7149160194988,7727.9482753783395,10303.418323018408,True,1,1
1022,bigshakeB1022 25-09-23 10-04-08.fits,2025-09-23 10:04:08,382.98213786314165,232.60634746338363,3.1958484028163165,5.430596652720684,7.525647879832006,12.788077854304644,1034.8005337184543,660.5061711075513,7729.408462153766,10304.416392195006,True,1,1
1023,bigshakeB1023 25-09-23 10-04-08.fits,2025-09-23 10:04:08,382.62370375282165,228.31061018277543,3.2622627637345007,5.780417168475638,7.682041748200066,13.611842216967474,1120.1751491547873,668.0513827935994,7730.42814697143,10306.154926966134,True,1,1
1024,bigshakeB1024 25-09-23 10-04-08.fits,2025-09-23 10:04:08,383.77278118300893,231.7998629634583,3.2821113164480704,4.852936691103402,7.728781517994833,11.42779259747646,950.1090405661887,671.2358018131081,7728.506908663274,10303.949471878177,True,1,1
1025,bigshakeB1025 25-09-23 10-04-08.fits,2025-09-23 10:04:08,384.83314106357886,232.72793274475177,3.4184213869080566,4.813303073136329,8.049767204253591,11.334462559430499,928.1959801587258,690.1815757957344,7727.28993162826,10302.27468285307,True,1,1
1026,bigshakeB1026 25-09-23 10-04-08.fits,2025-09-23 10:04:08,386.57229117341706,236.25410205086555,3.233142196993286,5.11693026472454,7.613468053915192,12.049449956398869,993.9832345719038,673.9872134062356,7733.317931150451,10309.86307675196,True,1,1
1027,bigshakeB1027 25-09-23 10-04-08.fits,2025-09-23 10:04:08,385.73320407436745,232.4047591730509,3.19244013165293,5.1691955061261154,7.517622014577562,12.17252519450968,1020.1296267331633,700.914076152801,7728.536963718923,10302.802249904453,True,1,1
1028,bigshakeB1028 25-09-23 10-04-08.fits,2025-09-23 10:04:08,383.64067262767134,232.98349993311695,3.1177953804848046,5.138234130856302,7.341847058270513,12.0996167274026,1035.4569541348992,674.680214318338,7729.083975602901,10304.200749439915,True,1,1
1029,bigshakeB1029 25-09-23 10-04-08.fits,2025-09-23 10:04:08,381.57100113196225,232.25147562023446,3.114640029566733,5.033676287070408,7.334416774679532,11.85340182099036,1027.045525084997,666.3497061921579,7727.916569064823,10303.07769943405,True,1,1
1030,bigshakeB1030 25-09-23 10-04-08.fits,2025-09-23 10:04:08,384.33312613820635,232.70269191717225,3.1512178514784055,5.24297257955056,7.42055096292071,12.346256925873282,1042.0761774124735,675.9022746006012,7726.987049030627,10301.292017513535,True,1,1
1031,bigshakeB1031 25-09-23 10-04-09.fits,2025-09-23 10:04:09,387.2767354203427,230.29065074179672,3.1444476621247044,5.410222165549767,7.40460838532196,12.740099603507343,1099.2680001254719,672.8217965235264,7729.15408130498,10304.580382963668,True,1,1
1032,bigshakeB1032 25-09-23 10-04-09.fits,2025-09-23 10:04:09,386.4587110517271,230.56421147472003,3.089215768349528,5.284039176739463,7.274547214735154,12.442961372114922,1066.236097455212,683.2213282018408,7729.8087252405285,10304.75968781511,True,1,1
1033,bigshakeB1033 25-09-23 10-04-09.fits,2025-09-23 10:04:09,384.3230032068697,244.9854281017611,3.0080952130213654,5.0207049339957015,7.083522904984354,11.822856618758868,1044.503276318228,673.8905278512782,7728.419157696514,10303.298041901802,True,1,1
1034,bigshakeB1034 25-09-23 10-04-09.fits,2025-09-23 10:04:09,384.9083091226197,232.0326641866718,3.0943639460940107,5.518994092475134,7.2866702468832445,12.99623791736784,1139.040592423683,686.6684602510269,7737.733004041699,10315.592880755314,True,1,1
1035,bigshakeB1035 25-09-23 10-04-09.fits,2025-09-23 10:04:09,384.7154095862874,224.0969056696314,3.0490553952642325,5.016916112808457,7.179976763177979,11.813934626680107,1017.3786260783231,666.0762611474752,7729.458327076985,10304.693185026705,True,1,1
1036,bigshakeB1036 25-09-23 10-04-09.fits,2025-09-23 10:04:09,385.62142446006635,222.78122694994826,2.9707118698846715,4.6640367127955535,6.9954918592157975,10.982967142051226,987.263151674563,651.3542254285272,7727.859959676695,10303.26461176693,True,1,1
1037,bigshakeB1037 25-09-23 10-04-09.fits,2025-09-23 10:04:09,386.816975824723,242.575047716272,3.0016216082312273,5.498235830912102,7.068278730660929,12.947355946939215,1128.7558085758524,649.3882857902794,7731.109840927672,10307.193976991864,True,1,1
1038,bigshakeB1038 25-09-23 10-04-09.fits,2025-09-23 10:04:09,382.564051191717,243.23931582325216,2.908821067990244,5.261566661762851,6.849750158311761,12.390042643385739,1076.896292506276,660.8528927261855,7731.378109966438,10306.704476689847,True,1,1
1039,bigshakeB1039 25-09-23 10-04-09.fits,2025-09-23 10:04:09,379.3204889035758,234.52213600228245,2.9920275397257257,5.236905571371734,7.045686425830774,12.331970213400416,1102.1771949371266,657.9222743521078,7727.868406784157,10303.053063278694,True,1,1
1040,bigshakeB1040 25-09-23 10-04-09.fits,2025-09-23 10:04:09,380.28798421162315,224.08611773883976,2.848830221585481,5.051678601213851,6.708482510679452,11.895794031192283,1123.276068747557,690.2609953045559,7727.312081781397,10301.584261690383,True,1,1
1041,bigshakeB1041 25-09-23 10-04-09.fits,2025-09-23 10:04:09,383.56675812158454,232.99932566262913,2.933737316915791,5.517972353625519,6.90842344072862,12.99383190624398,1102.2107037532296,647.399810774247,7728.172773675895,10302.461429048912,True,1,1
1042,bigshakeB1042 25-09-23 10-04-09.fits,2025-09-23 10:04:09,384.3118217091235,236.18492889677125,2.8347521384567176,5.214210690139786,6.675331158332227,12.278527852155827,1096.2520840752209,651.9394187902099,7731.997491570362,10307.806446793833,True,1,1
1043,bigshakeB1043 25-09-23 10-04-09.fits,2025-09-23 10:04:09,384.4852340905022,237.63945080371474,2.896499418102976,5.438300027861516,6.820734890169369,12.806217916500668,1130.061897852934,651.6593885273651,7729.453507970807,10304.524399485623,True,1,1
1044,bigshakeB1044 25-09-23 10-04-09.fits,2025-09-23 10:04:09,384.86233474684207,227.48905644956668,2.9884644913425946,5.301131477933136,7.037296088076761,12.483210665581492,1102.101190321028,667.8700489988754,7729.50655233643,10304.719511377096,True,1,1
1045,bigshakeB1045 25-09-23 10-04-09.fits,2025-09-23 10:04:09,384.5074003577356,231.2680179300016,2.8850612852475725,5.4610378239275175,6.793800145643737,12.859761334456714,1097.625736581341,633.5517294065156,7727.255025516908,10301.475921394813,True,1,1
1046,bigshakeB1046 25-09-23 10-04-09.fits,2025-09-23 10:04:09,383.2028318309254,234.14879059359075,2.842218845751486,5.430650340869213,6.6929139103403275,12.78820428023298,1161.4978898449024,651.4684319257201,7729.829750864713,10305.20376393706,True,1,1
1047,bigshakeB1047 25-09-23 10-04-09.fits,2025-09-23 10:04:09,382.29480293906346,235.75191056341282,2.7949139410318424,5.106576329098905,6.5815193724782315,12.025068301242664,1100.4528168863415,632.6751970106345,7731.353806733725,10307.661614336597,True,1,1
1048,bigshakeB1048 25-09-23 10-04-09.fits,2025-09-23 10:04:09,383.7751553185141,232.41277140299357,2.9253636777691674,5.120903775042869,6.888705027416294,12.058806858145608,1071.0929862347061,655.1636171139376,7726.38732826665,10300.69205695166,True,1,1
1049,bigshakeB1049 25-09-23 10-04-09.fits,2025-09-23 10:04:09,385.1819376277322,233.84397737223065,2.8255091834879353,5.47135065276289,6.653565662696421,12.884046190519223,1183.1579081483453,658.4615811522373,7729.5051291925465,10304.650906210834,True,1,1
1050,bigshakeB1050 25-09-23 10-04-09.fits,2025-09-23 10:04:09,386.11308839819725,228.78422459918596,2.8011499804308477,5.448655255776979,6.596204123056611,12.830602614766864,1133.7173040997284,643.849821936187,7734.232296868898,10310.57387073961,True,1,1
1051,bigshakeB1051 25-09-23 10-04-09.fits,2025-09-23 10:04:09,385.2705932025921,226.0600930793397,2.7626902386463774,5.318163344488214,6.5056383521758265,12.52331764634968,1131.5279567387738,637.5756631812344,7727.662697664069,10302.168117700388,True,1,1
1052,bigshakeB1052 25-09-23 10-04-09.fits,2025-09-23 10:04:09,381.98924933401037,235.92042494130447,2.880384903646109,5.684446142892433,6.782788108510397,13.385847722181966,1154.3913311494796,642.1176016784282,7729.49567495715,10304.297081112712,True,1,1
1053,bigshakeB1053 25-09-23 10-04-09.fits,2025-09-23 10:04:09,379.81102527432216,237.6118447162445,2.8509849973357486,5.410987099596231,6.713556619808728,12.741900885533083,1103.4101567011,644.469652704069,7728.175990981561,10302.451756928214,True,1,1
1054,bigshakeB1054 25-09-23 10-04-09.fits,2025-09-23 10:04:09,380.6227381799952,234.43228562108962,2.7815476457744666,5.630368917746267,6.55004415247836,13.258505588428122,1197.1423018308947,648.0626272639715,7728.448683705326,10302.932781994501,True,1,1
1055,bigshakeB1055 25-09-23 10-04-09.fits,2025-09-23 10:04:09,383.29889011599937,224.0212805862993,2.8406672668775577,5.374880383035509,6.689260221306554,12.656876065615643,1157.9161514539846,653.1519452807595,7727.936033819774,10302.758743216262,True,1,1
1056,bigshakeB1056 25-09-23 10-04-09.fits,2025-09-23 10:04:09,385.535355495718,231.48612142977086,2.9422921828778277,5.197696105311674,6.928568610578576,12.239638976767225,1041.8396222294982,664.3147042925026,7734.236234790839,10310.291350646454,True,1,1
1057,bigshakeB1057 25-09-23 10-04-09.fits,2025-09-23 10:04:09,386.3631113586709,239.01679862262037,2.8000767681022896,5.766691789010833,6.593676901152748,13.579521418278096,1215.0657261210251,647.424785848841,7732.988680456493,10308.921886146114,True,1,1
1058,bigshakeB1058 25-09-23 10-04-09.fits,2025-09-23 10:04:09,384.0403285439155,238.32960570152534,2.7947648075426423,6.071770365737561,6.581168189948477,14.297926566063706,1237.1994926532855,628.2154540850973,7730.1873086433425,10305.053681874697,True,1,1
1059,bigshakeB1059 25-09-23 10-04-09.fits,2025-09-23 10:04:09,383.4762841831468,236.6406445692129,2.832466576103937,5.5633190999724365,6.669949070289732,13.100615333518633,1159.1579334791509,613.6069252357178,7732.379761385481,10309.158636037248,True,1,1
1060,bigshakeB1060 25-09-23 10-04-09.fits,2025-09-23 10:04:09,383.4264694839611,231.3783238972464,2.6945649623704857,5.53629138607016,6.345215586028085,13.03696993105019,1153.867623030881,620.8790239016328,7730.441349043783,10305.541246263942,True,1,1
1061,bigshakeB1061 25-09-23 10-04-09.fits,2025-09-23 10:04:09,382.7730600935144,229.8436145962545,2.7077893644853237,6.119855357603213,6.376356673211656,14.411158068774094,1243.9550411412035,604.7761110033791,7728.254301489374,10302.601275008043,True,1,1
1062,bigshakeB1062 25-09-23 10-04-09.fits,2025-09-23 10:04:09,384.63459949534274,231.77605134183528,2.825941168976667,5.258187843419366,6.654582910784449,12.382086134221982,1146.649356133654,653.1922410520606,7729.843145196304,10305.443157759297,True,1,1
1063,bigshakeB1063 25-09-23 10-04-09.fits,2025-09-23 10:04:09,386.9600894789714,228.5288426635611,2.7480662686080373,5.710331190712693,6.471201534391612,13.446802351655698,1173.3422640713607,616.0257723375908,7727.688393591289,10302.052928511695,True,1,1
1064,bigshakeB1064 25-09-23 10-04-09.fits,2025-09-23 10:04:09,383.9199900831533,235.4684068373462,2.797275428992364,5.249130680693557,6.5870802516637665,12.36075814588414,1107.8655426585005,636.1382056704201,7725.520228578334,10299.43944919885,True,1,1
1065,bigshakeB1065 25-09-23 10-04-09.fits,2025-09-23 10:04:09,381.07980895167566,233.4290791275031,2.7465536488399485,5.4752857503831365,6.467639587041206,12.893312637274533,1109.5782245726314,625.7684595405689,7727.30001550431,10301.088827031026,True,1,1
1066,bigshakeB1066 25-09-23 10-04-09.fits,2025-09-23 10:04:09,379.0196549947119,233.27829590812502,2.805179469239757,5.803880647163093,6.605692844075059,13.667094486906851,1180.3245220233628,655.8605342669906,7727.524216164065,10300.7779762007,True,1,1
1067,bigshakeB1067 25-09-23 10-04-09.fits,2025-09-23 10:04:09,381.58432004724966,235.97522724708048,2.908524593479457,5.900371240035074,6.849052014190918,13.894312469158711,1214.3372525540456,634.3483131262981,7729.899632794457,10305.431176534004,True,1,1
1068,bigshakeB1068 25-09-23 10-04-09.fits,2025-09-23 10:04:09,384.72553940890754,230.94747453575988,2.870349136584112,5.471995225679864,6.759155683065545,12.885564043744596,1105.4878456074262,633.438928166013,7728.929886520031,10303.70955887937,True,1,1
1069,bigshakeB1069 25-09-23 10-04-09.fits,2025-09-23 10:04:09,386.89300930234043,225.2975152800026,2.7976762512930056,5.451928404990371,6.5880241160518125,12.838310292144936,1110.6250132799942,604.8997479454596,7729.003877764906,10304.342636490763,True,1,1
1070,bigshakeB1070 25-09-23 10-04-09.fits,2025-09-23 10:04:09,385.6414990022771,232.96439892177344,2.85464461575166,5.456857537007939,6.722174362611681,12.84991751102451,1147.3992228235118,651.4453998957412,7730.721479847663,10306.169428459085,True,1,1
1071,bigshakeB1071 25-09-23 10-04-09.fits,2025-09-23 10:04:09,384.5207713012907,239.62316292226436,2.9729802543761643,5.473122155402315,7.0008334964862025,12.888217760444366,1128.0994074791192,630.523138551167,7731.472229405184,10308.122501847283,True,1,1
1072,bigshakeB1072 25-09-23 10-04-09.fits,2025-09-23 10:04:09,379.8134722089294,232.55944167045806,2.856219740718811,5.102541760588503,6.725883498457757,12.015567618441318,1077.7724776540151,647.7423543603439,7730.152669141966,10305.685961750822,True,1,1
1073,bigshakeB1073 25-09-23 10-04-09.fits,2025-09-23 10:04:09,378.1247728925324,236.10029672389365,2.7707649745269336,5.754223117857503,6.524652902085691,13.550159941511335,1249.6029281840918,658.3513750231442,7732.397125765142,10308.160704897731,True,1,1
1074,bigshakeB1074 25-09-23 10-04-09.fits,2025-09-23 10:04:09,379.8008882587651,223.9549960837558,2.8146423177651636,5.440454683259449,6.627976149465778,12.811291742221854,1135.2797896321488,644.1606711785362,7734.52859940883,10311.090528495606,True,1,1
1075,bigshakeB1075 25-09-23 10-04-09.fits,2025-09-23 10:04:09,384.66531725387625,239.90367558037494,2.8170190576201053,5.6057380056336426,6.6335729441180185,13.200504222857917,1146.5000766142582,647.2375164725637,7731.630173694502,10306.759044041322,True,1,1
1076,bigshakeB1076 25-09-23 10-04-09.fits,2025-09-23 10:04:09,387.17388428076464,227.42364905230752,2.8462026267192564,5.140585761597574,6.702294997618246,12.105154394610656,1063.7321998684888,675.702274242697,7729.279591874227,10303.377526927316,True,1,1
1077,bigshakeB1077 25-09-23 10-04-09.fits,2025-09-23 10:04:09,387.7211794209976,235.3699907426047,2.7949209040354805,5.74337583011517,6.581535769098772,13.52461653090147,1189.1933997419105,652.708087519098,7727.788618537487,10301.498505483529,True,1,1
1078,bigshakeB1078 25-09-23 10-04-09.fits,2025-09-23 10:04:09,385.39629826344014,234.08499344204301,2.7982751648297013,5.468540121737255,6.589434449653265,12.877427895722876,1144.8529914405508,658.597136460675,7727.6183302109675,10301.412949324475,True,1,1
1079,bigshakeB1079 25-09-23 10-04-09.fits,2025-09-23 10:04:09,379.27146779946145,233.68717255258116,2.8463437189673613,5.4679497174474445,6.702627244472281,12.876037599866558,1208.2334880917726,678.1308811192465,7730.646227417181,10306.12387198171,True,1,1
1080,bigshakeB1080 25-09-23 10-04-09.fits,2025-09-23 10:04:09,376.83184257005104,227.97883405002347,2.93498076492084,4.9389265433985585,6.911351537015863,11.630283225330345,1036.8056878556515,680.019399158929,7727.216122268172,10301.306924693257,True,1,1
1081,bigshakeB1081 25-09-23 10-04-09.fits,2025-09-23 10:04:09,381.24990708685294,233.0120855333283,2.8712251887442948,5.200656950557831,6.761218628252836,12.246611234503112,1160.8178834932705,685.5858988531576,7728.144506712274,10302.978383816653,True,1,1
1082,bigshakeB1082 25-09-23 10-04-09.fits,2025-09-23 10:04:09,386.88877490800917,229.07192081218076,2.826298455755438,5.389296196269098,6.655424256852923,12.69082271158352,1132.314702639171,641.9168779913456,7730.031468067367,10305.354935714075,True,1,1
1083,bigshakeB1083 25-09-23 10-04-09.fits,2025-09-23 10:04:09,391.843699460806,227.2231697678993,2.8744294230311107,5.673251345632233,6.768764023380406,13.359485989193589,1241.4694008109905,673.084004816522,7730.257900719134,10305.704692911164,True,1,1
1084,bigshakeB1084 25-09-23 10-04-10.fits,2025-09-23 10:04:10,385.44049666679916,233.8546228995825,2.820598611287017,4.917477935825811,6.642002148845126,11.579775614280036,1095.7881859051743,663.6293326178541,7729.664948252337,10305.318568540928,True,1,1
1085,bigshakeB1085 25-09-23 10-04-10.fits,2025-09-23 10:04:10,377.0790090543458,235.12486406260913,2.9030039144559394,4.98529701380306,6.836051808564157,11.739477338536378,1054.0393428188836,683.6754974997165,7730.748464728657,10305.844989879293,True,1,1
1086,bigshakeB1086 25-09-23 10-04-10.fits,2025-09-23 10:04:10,374.00480781051726,233.4656426214237,2.9725320164779037,5.0145425269917245,6.999777976898436,11.808345259220264,1089.8149323495772,648.2422489714882,7734.504301862387,10312.614287629269,True,1,1
1087,bigshakeB1087 25-09-23 10-04-10.fits,2025-09-23 10:04:10,379.8696337892271,232.49699966608438,3.1424362308550537,5.136112606037122,7.399871826648984,12.094620918232362,1037.9222704265944,677.5544241682808,7731.103702844791,10306.997800176876,True,1,1
1088,bigshakeB1088 25-09-23 10-04-10.fits,2025-09-23 10:04:10,388.0567728871171,225.4014543065467,3.049597777240655,5.170019517818876,7.181253975128122,12.174465593761132,1052.5212855766624,685.2554609957879,7729.758294300041,10304.605327465517,True,1,1
1089,bigshakeB1089 25-09-23 10-04-10.fits,2025-09-23 10:04:10,389.8673228450717,237.07938979240356,2.91557048497896,5.157230309364199,6.865643820729061,12.14434930933198,1119.0649993047987,682.591090055121,7730.671236930243,10306.216599944257,True,1,1
1090,bigshakeB1090 25-09-23 10-04-10.fits,2025-09-23 10:04:10,388.1478188636024,235.84050742567572,2.841498277808153,5.281600784002905,6.691217102503559,12.437219396021218,1138.1222826587725,679.2463702188644,7728.285364182172,10302.534272097362,True,1,1
1091,bigshakeB1091 25-09-23 10-04-10.fits,2025-09-23 10:04:10,381.78374480949117,235.54706925570085,2.897133237687364,5.704872993700677,6.822227421231619,13.433949279922075,1219.9944769417575,675.0219374201191,7730.123993874103,10305.179560476678,True,1,1
1092,bigshakeB1092 25-09-23 10-04-10.fits,2025-09-23 10:04:10,377.14839140182306,228.93530677099577,2.989543495958154,4.875821638994387,7.039836949774162,11.48168253149964,1065.3836261941817,695.8494342547115,7728.978690856404,10304.219618781708,True,1,1
1093,bigshakeB1093 25-09-23 10-04-10.fits,2025-09-23 10:04:10,377.0564637587467,233.31144395932364,3.1004044084755207,5.52621109348325,7.300894448780479,13.013232656006757,1133.0391870872181,661.3709084457878,7729.036744439665,10304.640804901184,True,1,1
1094,bigshakeB1094 25-09-23 10-04-10.fits,2025-09-23 10:04:10,382.576843267151,232.69692018572917,3.080724372795901,5.240528829783723,7.254551506275186,12.340502334937295,1031.929188052296,684.7506191866753,7729.928444719157,10304.433492352418,True,1,1
1095,bigshakeB1095 25-09-23 10-04-10.fits,2025-09-23 10:04:10,388.4828871164224,233.77480162002493,3.099254713419787,5.5957196369233415,7.298187123817565,13.17691276740039,1100.897636766106,661.2979982267674,7728.308561098773,10302.904952065863,True,1,1
1096,bigshakeB1096 25-09-23 10-04-10.fits,2025-09-23 10:04:10,388.43066613800613,234.49051742947697,3.0031551653749387,5.095961262253346,7.0718899817631415,12.000071729055398,1035.4332120675533,668.7327986183903,7729.967925687994,10305.066293401183,True,1,1
1097,bigshakeB1097 25-09-23 10-04-10.fits,2025-09-23 10:04:10,385.1762091686459,241.65622439837028,2.938593484930933,5.232972625022823,6.919858842512714,12.32270883250197,1026.0381559116915,633.6563236604903,7729.911316292473,10304.97761619467,True,1,1
1098,bigshakeB1098 25-09-23 10-04-10.fits,2025-09-23 10:04:10,380.6615452395073,225.02878493353762,2.918714491460886,5.141195480788918,6.873047390214407,12.106590173584273,1080.2430235487057,690.4217647920162,7729.626248681296,10304.096852449724,True,1,1
1099,bigshakeB1099 25-09-23 10-04-10.fits,2025-09-23 10:04:10,379.01600762332515,235.18238047354242,2.8451158322575845,5.364375512320983,6.699735792235072,12.632138985486618,1161.2283903034584,650.6444595491372,7729.358637682629,10304.837733976827,True,1,1
1100,bigshakeB1100 25-09-23 10-04-10.fits,2025-09-23 10:04:10,383.9751640868542,229.26861348784246,2.964468471845271,4.938554631709985,6.98078978036351,11.629407440231109,1026.4866578470555,641.5726253857194,7728.291190483219,10303.733114683046,True,1,1
1101,bigshakeB1101 25-09-23 10-04-10.fits,2025-09-23 10:04:10,388.52605118166434,237.54695018591227,2.8029381772503057,5.812569425064871,6.6004150047715315,13.687554995276779,1168.0702504368892,653.0286734827117,7737.48004233031,10313.915425646897,True,1,1
1102,bigshakeB1102 25-09-23 10-04-10.fits,2025-09-23 10:04:10,390.51523321362646,235.17442510420906,2.879856661868988,5.83909342497541,6.78154419418501,13.750014241940514,1170.2328025473178,650.2195668610889,7731.880320628851,10306.946046840116,True,1,1
1103,bigshakeB1103 25-09-23 10-04-10.fits,2025-09-23 10:04:10,384.599097462789,232.7188386369956,2.8689007064813725,5.627309922328878,6.755744890825788,13.251302204701595,1182.9653304339604,658.6835769652869,7728.657780802999,10303.243520741413,True,1,1
1104,bigshakeB1104 25-09-23 10-04-10.fits,2025-09-23 10:04:10,379.3700698034948,230.58180105147005,2.871088576161999,5.279059540646126,6.760896930205642,12.431235225225373,1119.3748871935852,685.4369678962037,7730.125213690277,10304.720540466971,True,1,1
1105,bigshakeB1105 25-09-23 10-04-10.fits,2025-09-23 10:04:10,378.47070817744805,232.39350929850028,3.0375185343916913,5.475723211198667,7.152809531938586,12.89434277877186,1049.1202159123156,663.5478003364389,7726.854800435668,10300.140430346328,True,1,1
1106,bigshakeB1106 25-09-23 10-04-10.fits,2025-09-23 10:04:10,383.64354824361027,231.37180053712217,3.045857618676296,5.625388126598711,7.172446574769175,13.246776721593745,1113.4077877236782,636.3511682401651,7729.286433859944,10304.731180939103,True,1,1
1107,bigshakeB1107 25-09-23 10-04-10.fits,2025-09-23 10:04:10,390.2290169414867,229.82401838705616,3.007425589290599,5.833929482774045,7.081946061600518,13.73785408733336,1149.2476331805115,644.4307372100058,7729.664685933326,10304.635774764873,True,1,1
1108,bigshakeB1108 25-09-23 10-04-10.fits,2025-09-23 10:04:10,388.3989558107289,234.9751878694119,2.794012078231834,5.683607107805656,6.579395647878903,13.38387194554114,1146.858552673574,619.0599749757049,7729.609248681502,10304.505092234745,True,1,1
1109,bigshakeB1109 25-09-23 10-04-10.fits,2025-09-23 10:04:10,382.97318543535283,238.91386441614276,2.872534870305244,5.092355700346127,6.764302692645167,11.991581279602679,1041.527467241871,638.8684087636096,7727.816577264824,10302.389735367733,True,1,1
1110,bigshakeB1110 25-09-23 10-04-10.fits,2025-09-23 10:04:10,378.9501720031591,227.16131101165533,2.836660743489934,5.686419642886158,6.679825579722492,13.390494959526059,1199.294048032632,655.2125664047104,7727.506991888424,10301.651604716937,True,1,1
1111,bigshakeB1111 25-09-23 10-04-10.fits,2025-09-23 10:04:10,381.544815030996,226.70032967174504,3.0426512116887223,5.344844866665747,7.16489606332231,12.586147829605274,1083.0245708950933,669.0466860436907,7730.242176583196,10305.523793236247,True,1,1
1112,bigshakeB1112 25-09-23 10-04-10.fits,2025-09-23 10:04:10,387.73661298842376,224.6264718968135,2.914041771611331,5.810695523554213,6.862043975847862,13.683142294437069,1183.4637087158621,640.4013051847674,7729.700757203814,10304.844567756743,True,1,1
1113,bigshakeB1113 25-09-23 10-04-10.fits,2025-09-23 10:04:10,387.3952096629849,237.60672082283617,2.9171883808653543,5.294100006561258,6.869453674393116,12.46665281584893,1058.7695020555745,627.7462614927442,7727.628050762492,10302.278319157906,True,1,1
1114,bigshakeB1114 25-09-23 10-04-10.fits,2025-09-23 10:04:10,383.317920370587,238.0114286735595,2.8843755863865996,5.308121429801321,6.792185448221064,12.499670744354493,1086.6025816967756,625.6307134801473,7730.94187650623,10306.947246893818,True,1,1
1115,bigshakeB1115 25-09-23 10-04-10.fits,2025-09-23 10:04:10,380.2572546533476,233.29819249719432,2.9466627767400624,5.25504165774213,6.938860572614056,12.374677433123837,1045.321565602715,663.6270637417773,7729.792278364345,10304.26336452543,True,1,1
1116,bigshakeB1116 25-09-23 10-04-10.fits,2025-09-23 10:04:10,379.2535917015618,226.12830308896102,3.1125558057737273,5.559177385932284,7.329508802713431,13.090862342276097,1074.5207456321546,647.7438644880982,7730.493073803174,10305.985051002357,True,1,1
1117,bigshakeB1117 25-09-23 10-04-10.fits,2025-09-23 10:04:10,383.0069479343064,228.06728627311176,3.0325568231003794,5.757080996860797,7.141125594732149,13.556889732274565,1063.588836020849,630.5675413201776,7728.6502144561955,10302.752847546411,True,1,1
1118,bigshakeB1118 25-09-23 10-04-10.fits,2025-09-23 10:04:10,386.2184567977165,237.62904061672884,2.9302315354194723,5.844680022823671,6.900167956187589,13.763169674537128,1129.5255400497942,631.030333825395,7729.49786489229,10304.021099643513,True,1,1
1119,bigshakeB1119 25-09-23 10-04-10.fits,2025-09-23 10:04:10,387.7057783391885,239.01660507266655,2.905287447997679,5.227550751595392,6.841429119121746,12.309941296273434,1091.922871768876,631.418447645304,7727.322028531527,10302.4253992193,True,1,1
1120,bigshakeB1120 25-09-23 10-04-10.fits,2025-09-23 10:04:10,384.6145897663006,236.48344940224567,2.918081211169508,5.497759515196154,6.871556129090148,12.946234309143536,1099.1258158890844,648.1468246396868,7727.278742031558,10301.179151394346,True,1,1
1121,bigshakeB1121 25-09-23 10-04-10.fits,2025-09-23 10:04:10,381.9174554393732,231.3706872969607,2.898315385469103,5.590454536406061,6.825011166524247,13.164514403163196,1069.7016819487949,630.6823979954127,7729.438465680736,10303.696097580256,True,1,1
1122,bigshakeB1122 25-09-23 10-04-10.fits,2025-09-23 10:04:10,381.7294603030115,229.53206816485883,2.9612631292002876,5.484158353488892,6.973241775251911,12.91420602091957,1145.0530981776535,653.7357240180312,7729.166431284748,10304.540126655911,True,1,1
1123,bigshakeB1123 25-09-23 10-04-10.fits,2025-09-23 10:04:10,385.11240398434103,227.69262125271382,2.982643950121729,4.877983209337855,7.023589760936938,11.486772640673182,1050.8800117213339,662.0770390109923,7731.145659462792,10307.697065877997,True,1,1
1124,bigshakeB1124 25-09-23 10-04-10.fits,2025-09-23 10:04:10,387.25005104831655,232.01090774216806,2.85897078544034,5.359758215315607,6.73236171371279,12.6212660819445,1133.3323083389291,663.7558074550194,7729.40955219371,10304.221860079362,True,1,1
1125,bigshakeB1125 25-09-23 10-04-10.fits,2025-09-23 10:04:10,387.21904394892573,236.82104614514313,2.919358923737433,5.405837734084922,6.874564912256886,12.72977505640786,1089.3931666542571,658.0760251483223,7725.631399602277,10298.872478558247,True,1,1
1126,bigshakeB1126 25-09-23 10-04-10.fits,2025-09-23 10:04:10,386.0433650886517,237.93961433878482,2.8900081229254,5.163759885796456,6.8054490581669995,12.15972528680022,1097.1435022949822,671.1292328552101,7726.554842639435,10300.533653864315,True,1,1
1127,bigshakeB1127 25-09-23 10-04-10.fits,2025-09-23 10:04:10,383.605586442445,228.97251731928776,2.7934350886825405,5.0486824289000465,6.578036941322454,11.88873858456937,1119.0603220968248,668.6005433846709,7729.9019124050565,10305.232804944513,True,1,1
1128,bigshakeB1128 25-09-23 10-04-10.fits,2025-09-23 10:04:10,381.013365022761,227.6356910935399,2.858128574008537,5.351484766964236,6.7303784573510255,12.601783599925163,1142.7854655269948,649.8756705811654,7729.499657909638,10304.89468501356,True,1,1
1129,bigshakeB1129 25-09-23 10-04-10.fits,2025-09-23 10:04:10,382.9973269256292,232.8601922486096,2.914592911197012,5.370209632665037,6.863341810391833,12.64587728901792,1073.420161478705,651.2142697876018,7732.243446735232,10307.733181293,True,1,1
1130,bigshakeB1130 25-09-23 10-04-10.fits,2025-09-23 10:04:10,387.10401360414613,237.11192638682434,2.880030617945291,5.367395641977648,6.781953829440443,12.639250847340726,1165.6107579980796,662.6887383535095,7728.976972247248,10304.258629556987,True,1,1
1131,bigshakeB1131 25-09-23 10-04-10.fits,2025-09-23 10:04:10,390.1540445572721,232.8676949520778,2.973241654024798,5.460467828798975,7.001449045618569,12.858419098502452,1158.3594445798253,676.3365524043653,7727.579633277407,10302.139033451946,True,1,1
1132,bigshakeB1132 25-09-23 10-04-10.fits,2025-09-23 10:04:10,387.02472643158393,225.7213049846802,2.8699812668291513,5.311931493051243,6.7582894159926035,12.508642757668246,1110.7742405542544,663.4745313929428,7728.512682124083,10302.926690872744,True,1,1
1133,bigshakeB1133 25-09-23 10-04-10.fits,2025-09-23 10:04:10,382.7517334274101,235.60902375800632,2.898027324071991,5.253858066467099,6.824332833772127,12.37189028866427,1150.1497837513125,670.4788294144854,7729.759364239192,10305.356561914587,True,1,1
1134,bigshakeB1134 25-09-23 10-04-10.fits,2025-09-23 10:04:10,381.9644643337749,235.00334594502885,2.915199288798569,5.400278164673255,6.864769720522838,12.716683270915526,1137.8839591432647,653.0736847928893,7728.164244831594,10303.124322157792,True,1,1
1135,bigshakeB1135 25-09-23 10-04-10.fits,2025-09-23 10:04:10,385.68577265482185,239.8356532936525,2.8271766337598647,5.8049827256229385,6.6574922080208525,13.66968968335529,1223.8975109618082,648.4406443349612,7733.918170158665,10310.303298096322,True,1,1
1136,bigshakeB1136 25-09-23 10-04-10.fits,2025-09-23 10:04:10,386.5783160225448,224.52743083560014,2.9022390732053367,5.278900057666709,6.8342507450559715,12.4308596715086,1099.7597824570948,647.6037960718223,7735.4053587028975,10312.689064692438,True,1,1
1137,bigshakeB1137 25-09-23 10-04-10.fits,2025-09-23 10:04:10,387.81668521685805,227.67495072476308,2.784882146393994,5.106569672311025,6.557896301377392,12.025052625705127,1138.1989839261714,660.8731657926943,7729.0056483636,10304.27009118308,True,1,1
1138,bigshakeB1138 25-09-23 10-04-11.fits,2025-09-23 10:04:11,387.092067506526,233.24499044903686,2.8379331625589024,4.696968424728408,6.682821897651779,11.060515397427897,1068.0496621514553,656.0517432285372,7734.358242895921,10312.214457219128,True,1,1
1139,bigshakeB1139 25-09-23 10-04-11.fits,2025-09-23 10:04:11,385.44591400677507,244.15964737419378,2.83872348066587,5.497966652367539,6.684682954572017,12.946722079906785,1191.2086978312602,643.6621193624984,7729.204384619862,10304.784294726564,True,1,1
1140,bigshakeB1140 25-09-23 10-04-11.fits,2025-09-23 10:04:11,383.54050402948576,227.95454925187502,2.8161529546809985,5.337234673110096,6.63153342755595,12.568227193273861,1189.9627948951302,659.4711798340408,7729.240616831878,10304.773518741966,True,1,1
1141,bigshakeB1141 25-09-23 10-04-11.fits,2025-09-23 10:04:11,382.7605151050431,230.13110675817538,2.757734761562478,5.056015746305091,6.493969095405969,11.906007227391344,1136.905833220345,658.9327357604121,7728.017197857946,10302.997878523176,True,1,1
1142,bigshakeB1142 25-09-23 10-04-11.fits,2025-09-23 10:04:11,383.72763610722933,225.82428935374688,2.7868592152670333,5.572412548921343,6.562551942790032,13.122028769381984,1165.055975534375,670.0995327352463,7729.081814923122,10302.898066537935,True,1,1
1143,bigshakeB1143 25-09-23 10-04-11.fits,2025-09-23 10:04:11,387.7980989683209,239.07234461121593,2.7877218447723435,5.135857646323522,6.564583280040571,12.094020533988102,1137.7452429634607,666.7530486592462,7728.012005965347,10302.696730453883,True,1,1
1144,bigshakeB1144 25-09-23 10-04-11.fits,2025-09-23 10:04:11,388.81194283311845,228.45074047492443,2.8375296085357435,5.490728636277919,6.681871600548791,12.929677854532692,1234.620641961162,676.1362731884316,7734.447809030342,10311.504563884986,True,1,1
1145,bigshakeB1145 25-09-23 10-04-11.fits,2025-09-23 10:04:11,384.8567135149064,230.1824283145817,2.7961855682807446,4.971272301388659,6.584513825813754,11.706451664617152,1136.3641801464858,683.6023352664729,7737.36754055392,10315.336544295504,True,1,1
1146,bigshakeB1146 25-09-23 10-04-11.fits,2025-09-23 10:04:11,383.07498314065896,233.3331465118393,2.7907460595452087,4.865909087321454,6.571704761608193,11.458340256122813,1143.751237741735,693.8111807453132,7738.315695207369,10316.792848905612,True,1,1
1147,bigshakeB1147 25-09-23 10-04-11.fits,2025-09-23 10:04:11,382.4631146258239,230.05209471434114,2.73552036213411,5.103206948415819,6.441658182343724,12.017134016070791,1155.2266275543645,678.1232166570603,7735.630763715991,10312.605321653546,True,1,1
1148,bigshakeB1148 25-09-23 10-04-11.fits,2025-09-23 10:04:11,386.62546783653,226.22683151464128,2.7994897936441365,4.857723056572741,6.592294681932769,11.439063626826503,1141.2145277683223,709.7596335200029,7728.826215326341,10303.78043247639,True,1,1
1149,bigshakeB1149 25-09-23 10-04-11.fits,2025-09-23 10:04:11,387.6145149743954,235.07423643600652,2.818888681177735,5.417338097801305,6.637975571148187,12.756856343412347,1244.040206208773,698.3879351986963,7726.90738867725,10301.098778418582,True,1,1
1150,bigshakeB1150 25-09-23 10-04-11.fits,2025-09-23 10:04:11,386.35089866970344,239.54081061072642,2.773072266626841,4.92480218442413,6.530086159772295,11.597022901694148,1119.9921833065646,706.6811997272347,7730.466977532364,10305.333893863706,True,1,1
1151,bigshakeB1151 25-09-23 10-04-11.fits,2025-09-23 10:04:11,381.76771056384774,235.95729414158322,2.7282737138905166,4.953474876163215,6.424593629800421,11.664541930946337,1217.5937655749403,723.3421736137636,7735.022122937183,10311.99918188145,True,1,1
1152,bigshakeB1152 25-09-23 10-04-11.fits,2025-09-23 10:04:11,380.4082217587408,230.92883399176503,2.81099662269343,4.692678076499845,6.619391193632789,11.050412399419113,1187.3832752120577,742.5093615690865,7727.138360414408,10302.085440032037,True,1,1
1153,bigshakeB1153 25-09-23 10-04-11.fits,2025-09-23 10:04:11,383.0881821098773,228.15928262171693,2.6760709906577946,4.7051343968629995,6.301665610726805,11.079744792297596,1173.7097351722432,714.2536464165537,7729.165397836202,10304.406408596598,True,1,1
1154,bigshakeB1154 25-09-23 10-04-11.fits,2025-09-23 10:04:11,387.24007544350405,224.16180233975746,2.7993105983872764,4.596887158002561,6.59187270934994,10.824842024409783,1109.4404283773792,703.6307423278893,7728.44881859875,10303.925589507307,True,1,1
1155,bigshakeB1155 25-09-23 10-04-11.fits,2025-09-23 10:04:11,386.3494631211575,234.10239796945604,2.786612194821611,4.632775581319007,6.561970254093619,10.909352803019907,1135.7843343833179,736.2767848868317,7731.92897715892,10307.953912803796,True,1,1
1156,bigshakeB1156 25-09-23 10-04-11.fits,2025-09-23 10:04:11,387.2681973485189,235.82200548484155,2.846908244325018,5.009800377428333,6.70395660010042,11.797178350371855,1159.4566554523767,710.5091167303448,7728.295240891002,10303.042988529198,True,1,1
1157,bigshakeB1157 25-09-23 10-04-11.fits,2025-09-23 10:04:11,382.93517403282675,233.2404340663495,2.6908501095996544,4.791628027021838,6.336467776258993,11.283421726363125,1192.7491009206146,717.1746609055331,7729.215552923141,10304.435701780734,True,1,1
1158,bigshakeB1158 25-09-23 10-04-11.fits,2025-09-23 10:04:11,380.96116205203543,226.14910441938946,2.777510935844897,4.844535918325163,6.540538427020235,11.408010289344512,1226.3703068059185,738.9827271579826,7729.260593823774,10304.773332658851,True,1,1
1159,bigshakeB1159 25-09-23 10-04-11.fits,2025-09-23 10:04:11,383.6859013449913,235.02987519105488,2.743803713782218,4.510453601473329,6.461163984844728,10.621306552931433,1158.47320819397,735.8683573640965,7729.858396071511,10305.744270596673,True,1,1
1160,bigshakeB1160 25-09-23 10-04-11.fits,2025-09-23 10:04:11,386.64239085567453,238.5939898406751,2.8727467502130577,4.5140598135028345,6.764801631699226,10.629798533305143,1153.1257327414335,757.5178438999475,7731.424136595061,10308.007567910394,True,1,1
1161,bigshakeB1161 25-09-23 10-04-11.fits,2025-09-23 10:04:11,388.6884101956682,232.2387694457684,2.7996851168723236,5.078187233836351,6.592754632985764,11.958217090658108,1187.141237338398,694.3110335211167,7728.681118730988,10303.852137890484,True,1,1
1162,bigshakeB1162 25-09-23 10-04-11.fits,2025-09-23 10:04:11,386.0319807949755,225.4839818171454,2.790382904052971,4.911589627963965,6.570849595775608,11.565909708895648,1202.4963598135569,722.6066934892322,7737.364368917719,10315.474180044948,True,1,1
1163,bigshakeB1163 25-09-23 10-04-11.fits,2025-09-23 10:04:11,382.96284114642845,231.81730995662744,2.8539546128126068,4.673145452396387,6.720549529859668,11.004416584648236,1174.824500957008,736.302769791124,7727.607088399195,10303.016808856262,True,1,1
1164,bigshakeB1164 25-09-23 10-04-11.fits,2025-09-23 10:04:11,383.58909347375396,233.0014941699852,2.7848175060679807,4.736334908689407,6.557744085041978,11.153216382961645,1125.3623836847298,736.1998967612531,7731.927195768097,10307.393051589672,True,1,1
1165,bigshakeB1165 25-09-23 10-04-11.fits,2025-09-23 10:04:11,387.38024300140324,238.06202270800978,2.760222477135681,4.784943200096504,6.499827217904083,11.267680161921785,1233.183544515345,728.2526310123371,7730.549665515322,10306.977675234893,True,1,1
1166,bigshakeB1166 25-09-23 10-04-11.fits,2025-09-23 10:04:11,388.5429433891919,225.91375942885784,2.805374539793213,4.946997023190344,6.606152200124532,11.64928775291706,1212.8335658239064,748.3187413247872,7730.566119678785,10305.857575255473,True,1,1
1167,bigshakeB1167 25-09-23 10-04-11.fits,2025-09-23 10:04:11,386.0160349870684,233.37267654097292,2.8185808503817547,4.158594664873914,6.637250685019335,9.792742076003856,1035.0281211635759,738.4407714247131,7728.497479935238,10303.861366167368,True,1,1
1168,bigshakeB1168 25-09-23 10-04-11.fits,2025-09-23 10:04:11,383.74291055655374,221.79451020895698,2.9589620893532484,4.762760153481304,6.967823240495688,11.215443079092456,1168.4838299584014,736.1689106260823,7730.428647433651,10306.983896008524,True,1,1
1169,bigshakeB1169 25-09-23 10-04-11.fits,2025-09-23 10:04:11,385.76710158099996,237.18877080756016,2.980543795524023,4.753643454745541,7.018644274792597,11.193974894164972,1169.6470617976697,763.1010233763707,7728.930362314177,10304.502459173666,True,1,1
1170,bigshakeB1170 25-09-23 10-04-11.fits,2025-09-23 10:04:11,387.4910774977369,229.66504272846183,2.834323314806289,4.269046558862422,6.674321355804415,10.052836409979626,1144.6049644020413,766.7230669248066,7729.226633341714,10305.484090228,True,1,1
1171,bigshakeB1171 25-09-23 10-04-11.fits,2025-09-23 10:04:11,385.7547746657867,245.44895435815766,2.9019181449893394,4.633659538639296,6.833495016859925,10.911434363436674,1155.846230230951,732.2209296582635,7727.592718377139,10303.254906119182,True,1,1
1172,bigshakeB1172 25-09-23 10-04-11.fits,2025-09-23 10:04:11,385.0121220461499,226.09091549538607,2.853027295045011,4.545672302211241,6.71836586339242,10.704240255389013,1126.9575794454306,741.1609688362123,7730.199354164126,10306.129128390745,True,1,1
1173,bigshakeB1173 25-09-23 10-04-11.fits,2025-09-23 10:04:11,386.3200349280291,231.00370982706983,2.8827724861522106,4.4062016716451025,6.788410435654931,10.375812018838765,1128.636267772054,786.0766810103605,7729.277234822357,10304.606273457162,True,1,1
1174,bigshakeB1174 25-09-23 10-04-11.fits,2025-09-23 10:04:11,387.62602119136295,229.06389665117487,2.8822596541653343,4.683829097832629,6.787202808612501,11.029574647075503,1208.7498632691772,731.7764322703757,7730.840750221904,10308.082275242909,True,1,1
1175,bigshakeB1175 25-09-23 10-04-11.fits,2025-09-23 10:04:11,386.3745109780175,233.95470744179997,2.788991620874457,4.397465683910927,6.567573374258529,10.355240339809184,1117.5063864868812,740.7879538780738,7728.596174500506,10304.059237049365,True,1,1
1176,bigshakeB1176 25-09-23 10-04-11.fits,2025-09-23 10:04:11,383.21057251998934,233.23955576368704,2.8667742872292448,4.6079418293676,6.7507375561467375,10.850873786131407,1156.310446564496,769.6557641653841,7730.8012897144745,10306.52535449367,True,1,1
1177,bigshakeB1177 25-09-23 10-04-11.fits,2025-09-23 10:04:11,382.58546696776517,232.56956102386886,2.9918500658575264,4.30765379381271,7.045268506808469,10.143749500723786,1119.186476945427,772.3739593995913,7728.3932973350575,10304.635724782154,True,1,1
1178,bigshakeB1178 25-09-23 10-04-11.fits,2025-09-23 10:04:11,385.50537188663657,229.60252926541915,2.9568373217134805,4.866692088555903,6.96281979506653,11.460184083124975,1163.2155895802066,721.4275513096165,7730.707194188681,10307.236070754076,True,1,1
1179,bigshakeB1179 25-09-23 10-04-11.fits,2025-09-23 10:04:11,387.3677713868453,228.83958861691232,2.893434968312626,4.396113981576786,6.813518662376062,10.352057324057833,1157.4586771280756,784.8682479028107,7727.755036208316,10303.144175627041,True,1,1
1180,bigshakeB1180 25-09-23 10-04-11.fits,2025-09-23 10:04:11,387.19464300573037,230.2818680300407,2.968819825820873,4.008141723959775,6.991036435928283,9.438452474905384,1067.5924070555939,776.8433088208491,7734.959793739882,10313.571075741807,True,1,1
1181,bigshakeB1181 25-09-23 10-04-11.fits,2025-09-23 10:04:11,386.08970203839624,228.2445673011398,2.957489340391197,4.350020016779291,6.964355181718551,10.24351433179774,1060.7208467329451,754.3175227616116,7729.080515841945,10304.687520535454,True,1,1
1182,bigshakeB1182 25-09-23 10-04-11.fits,2025-09-23 10:04:11,384.050496004381,240.0399208260003,3.0310869081188314,4.685508541260348,7.137664209469108,11.03352943412359,1108.7708686527105,756.7114984936344,7730.5168307170725,10306.39073636869,True,1,1
1183,bigshakeB1183 25-09-23 10-04-11.fits,2025-09-23 10:04:11,383.4611215843814,232.82148945693973,3.063187715478051,4.385584478059725,7.213255834100275,10.327262238111633,1105.570368850752,799.936970560292,7728.875201488381,10304.531810086151,True,1,1
1184,bigshakeB1184 25-09-23 10-04-11.fits,2025-09-23 10:04:11,383.0487753609444,233.72250934722751,2.86388533793044,4.317538422804767,6.743934600428834,10.167026023211976,1149.6303234533425,777.8925582810327,7729.937739747068,10306.238095582496,True,1,1
1185,bigshakeB1185 25-09-23 10-04-11.fits,2025-09-23 10:04:11,384.90562484927773,223.94213416928713,2.860448008987251,4.239861692429541,6.735840309332048,9.984111301491929,1137.0696996252375,769.6936937155073,7729.014249139603,10305.295588132414,True,1,1
1186,bigshakeB1186 25-09-23 10-04-11.fits,2025-09-23 10:04:11,386.5742537800668,234.9612940867633,2.930578111552036,4.332151134525037,6.90098408061168,10.201436329683126,1120.5095401257424,786.9731219425851,7727.395129116304,10302.53788760946,True,1,1
1187,bigshakeB1187 25-09-23 10-04-11.fits,2025-09-23 10:04:11,386.52794418243974,230.6063983679725,2.933015635137863,4.73841133369474,6.90672401001182,11.15810599018621,1211.6905443413564,762.5264603625436,7730.138555386686,10306.541960205846,True,1,1
1188,bigshakeB1188 25-09-23 10-04-11.fits,2025-09-23 10:04:11,385.0524117452636,234.95334279604728,3.014430963335252,4.643771405750621,7.098442456823806,10.93524599080311,1135.2457186061076,762.4840603056723,7727.9125275544375,10303.263596671743,True,1,1
1189,bigshakeB1189 25-09-23 10-04-12.fits,2025-09-23 10:04:12,385.32426317831334,228.03377985716085,3.0199138563652523,4.270375893372489,7.1113536832356115,10.055966753530486,1078.6211409064708,768.9649257851008,7728.600081425759,10304.66210639496,True,1,1
1190,bigshakeB1190 25-09-23 10-04-12.fits,2025-09-23 10:04:12,386.0952611729442,234.42203742512967,2.9160192771686204,4.460682163872766,6.866700645573327,10.50410377399962,1158.875395423326,792.252363480833,7731.234911828812,10307.505439171815,True,1,1
1191,bigshakeB1191 25-09-23 10-04-12.fits,2025-09-23 10:04:12,384.46436018822845,231.5573929008044,2.869818929202578,4.305773785073745,6.757907140095486,10.139322418460438,1122.22588464118,789.3354548356479,7727.958109937325,10303.014005646977,True,1,1
1192,bigshakeB1192 25-09-23 10-04-12.fits,2025-09-23 10:04:12,385.1091072058844,231.53647460399716,2.968459279878632,4.249081148985421,6.990187415116339,10.005821462594007,1098.619394024361,798.5009383874923,7729.442760133751,10305.235984888002,True,1,1
1193,bigshakeB1193 25-09-23 10-04-12.fits,2025-09-23 10:04:12,384.8097579336854,230.85746940624443,2.9377099466787993,3.817130478691912,6.917778268926038,8.988655365722298,1060.576773980314,793.9179285746338,7729.458095559934,10306.388942257021,True,1,1
1194,bigshakeB1194 25-09-23 10-04-12.fits,2025-09-23 10:04:12,387.5354578751065,231.47426982433748,2.9946461874777373,3.8865384336131643,7.051852870048086,9.152098609255466,1061.8812897840673,832.0653392573751,7726.807852296821,10302.12902151451,True,1,1
1195,bigshakeB1195 25-09-23 10-04-12.fits,2025-09-23 10:04:12,385.5386132681186,229.69233382275996,2.9776602278223945,4.1179008256151475,7.011853991767598,9.696915407608046,1101.426591298717,806.8199677025978,7730.517306300557,10307.133263878699,True,1,1
1196,bigshakeB1196 25-09-23 10-04-12.fits,2025-09-23 10:04:12,383.1732552639774,232.74401639336497,2.941131258343621,3.8091693760920022,6.925834842214658,8.969908401739481,1042.3308064608,812.7930810183086,7729.896251343692,10306.369400285525,True,1,1
1197,bigshakeB1197 25-09-23 10-04-12.fits,2025-09-23 10:04:12,384.4762221436875,234.58091765127958,2.854863685308314,4.555153945462872,6.722690231994946,10.726567818977788,1224.1154725438794,802.4347961062683,7731.334576968304,10307.607785770891,True,1,1
1198,bigshakeB1198 25-09-23 10-04-12.fits,2025-09-23 10:04:12,385.09597473853626,227.69300244560253,2.960682084348833,4.417253671162501,6.971873519188644,10.401837488840007,1172.6280968140836,808.3111531405713,7729.750844686609,10305.818844003175,True,1,1
1199,bigshakeB1199 25-09-23 10-04-12.fits,2025-09-23 10:04:12,387.159793328177,230.33215973889472,3.0255736000176534,4.025952919957433,7.124681361038022,9.480394636266645,1055.044029529609,810.4915521390731,7729.096184983481,10305.091395531981,True,1,1
1200,bigshakeB1200 25-09-23 10-04-12.fits,2025-09-23 10:04:12,386.6384100954313,233.25654106364414,2.93363239015453,3.918121429003188,6.9081763570879415,9.226470879882013,1074.8034811968998,814.9180621920331,7729.164694947746,10305.344721783327,True,1,1
1201,bigshakeB1201 25-09-23 10-04-12.fits,2025-09-23 10:04:12,385.60996476037286,236.40861805297786,2.873039938921459,4.12130736173931,6.765492038346746,9.704937187157345,1171.5776108541204,810.2918348171684,7736.477681455255,10315.442105979533,True,1,1
1202,bigshakeB1202 25-09-23 10-04-12.fits,2025-09-23 10:04:12,382.9862244662027,230.9343396038414,2.916634267308645,3.9303256281774837,6.868148836682554,9.255209572731196,1115.9691714208257,840.9905055644078,7726.300376538382,10301.470155786066,True,1,1
1203,bigshakeB1203 25-09-23 10-04-12.fits,2025-09-23 10:04:12,382.8705866861899,227.41138066197473,2.9132334720913278,3.673302775390617,6.86014057593577,8.649967006957644,1062.5424056817542,850.17864924245,7728.087339618751,10303.972689916489,True,1,1
1204,bigshakeB1204 25-09-23 10-04-12.fits,2025-09-23 10:04:12,384.71186792920855,228.27691148570318,2.9203974193948863,4.032106661361272,6.877010382647734,9.494885589876342,1116.1738649806312,831.1355678418632,7730.059712213016,10306.268164576433,True,1,1
1205,bigshakeB1205 25-09-23 10-04-12.fits,2025-09-23 10:04:12,388.23489460574757,241.02985119848594,2.9854195936426806,3.9720094356981286,7.030125901937936,9.353367438234022,1094.359945148044,835.559186603875,7728.377399296163,10304.233081923545,True,1,1
1206,bigshakeB1206 25-09-23 10-04-12.fits,2025-09-23 10:04:12,388.40038058537425,230.9920804982035,2.922125570284343,4.269548146831402,6.8810798670030655,10.054017559383327,1142.3451412827742,817.2658983191699,7736.241694447915,10314.198919446164,True,1,1
1207,bigshakeB1207 25-09-23 10-04-12.fits,2025-09-23 10:04:12,384.9230104404652,228.08015343872069,3.078011288669031,3.6091534485756407,7.248162681389378,8.498906886298496,1064.6448196171298,892.5505388844944,7728.9512613823445,10305.55889240615,True,1,1
1208,bigshakeB1208 25-09-23 10-04-12.fits,2025-09-23 10:04:12,384.637395440799,225.4542413733397,2.978320702203988,3.9359346639292343,7.013409290080603,9.268417842552713,1040.0822459169253,810.3408592323203,7731.033158423044,10307.56507867244,True,1,1
1209,bigshakeB1209 25-09-23 10-04-12.fits,2025-09-23 10:04:12,383.06049788113495,241.9878214154849,2.91024164952763,3.942581329386481,6.853095372191598,9.284069543604053,1099.2023751674506,823.1175922637495,7731.458492473988,10308.369728627144,True,1,1
1210,bigshakeB1210 25-09-23 10-04-12.fits,2025-09-23 10:04:12,385.621248036734,233.13373178440673,3.00050758767122,4.098188474558797,7.065655412715647,9.650496368205864,1159.1265482784513,853.1829956124641,7727.456292290011,10303.178255015182,True,1,1
1211,bigshakeB1211 25-09-23 10-04-12.fits,2025-09-23 10:04:12,386.3695765271166,228.7771524321173,2.98722543860797,4.139558753753083,7.0343783418604175,9.747915930921096,1192.253692240883,852.6845310807981,7726.589948123458,10302.285957586557,True,1,1
1212,bigshakeB1212 25-09-23 10-04-12.fits,2025-09-23 10:04:12,387.0835355159636,229.21063609002886,2.966494946627131,3.818588169644124,6.985561763800584,8.992087965596028,1100.488491432338,867.4113446199731,7727.809183601849,10303.496517720983,True,1,1
1213,bigshakeB1213 25-09-23 10-04-12.fits,2025-09-23 10:04:12,384.30503559364917,232.26562464070838,2.9526610839658667,3.816064118847308,6.952985506705634,8.986144280185007,1064.0786994408236,831.9478785629486,7728.764867888491,10304.84800135913,True,1,1
1214,bigshakeB1214 25-09-23 10-04-12.fits,2025-09-23 10:04:12,383.27484819540314,231.61908975719146,2.9682833626954617,4.079120541653621,6.989773161807145,9.60559481758345,1143.4338797960343,846.2756059782726,7728.7615843641415,10304.712433908815,True,1,1
1215,bigshakeB1215 25-09-23 10-04-12.fits,2025-09-23 10:04:12,383.67836115274446,227.09281458773742,2.985917698068037,4.264685219330402,7.031298848223283,10.04256624022644,1196.9052519298368,823.5813407544339,7730.636968802014,10307.837357255137,True,1,1
1216,bigshakeB1216 25-09-23 10-04-12.fits,2025-09-23 10:04:12,385.1322053492658,231.48741495653817,3.1896869975116457,3.7164147487149224,7.511138879115007,8.751487945922557,995.036683754337,879.773633977235,7730.359881067278,10306.64649769897,True,1,1
1217,bigshakeB1217 25-09-23 10-04-12.fits,2025-09-23 10:04:12,384.6006043206081,230.58490936148075,3.0109856735477774,3.791871797656904,7.09032941937132,8.929175717310018,1047.5025778114523,820.9644207793843,7728.759462786278,10305.22684718761,True,1,1
1218,bigshakeB1218 25-09-23 10-04-12.fits,2025-09-23 10:04:12,384.5605933389304,234.60727287310564,3.090893977839353,4.162249211708535,7.278499096081555,9.801347876145526,1127.615773496386,830.3182531715582,7729.903978429186,10306.691904164754,True,1,1
1219,bigshakeB1219 25-09-23 10-04-12.fits,2025-09-23 10:04:12,384.88982048301744,229.73144760821066,3.118212527447902,4.015617720583657,7.342829364300939,9.456057101611886,1074.0183608279217,845.2880399548565,7727.478528158774,10303.067952520858,True,1,1
1220,bigshakeB1220 25-09-23 10-04-12.fits,2025-09-23 10:04:12,384.64023937756764,232.95161930745647,3.0922541969235606,4.165303246731413,7.2817021672466815,9.808539579035624,1091.8607697966575,811.3546674566841,7731.535692599553,10308.697403984137,True,1,1
1221,bigshakeB1221 25-09-23 10-04-12.fits,2025-09-23 10:04:12,383.9407923812706,232.36066235575424,3.101660316462094,3.7836454252147877,7.303851886081977,8.909804090585432,995.9501437397877,817.938190022587,7731.519964075238,10308.663576390865,True,1,1
1222,bigshakeB1222 25-09-23 10-04-12.fits,2025-09-23 10:04:12,385.9091931274585,234.47270353684797,3.0192794774625553,4.323050498359113,7.109859835079396,10.180005969217076,1164.9229771062303,808.1789707653107,7731.793151173599,10309.179887264921,True,1,1
1223,bigshakeB1223 25-09-23 10-04-12.fits,2025-09-23 10:04:12,387.4377072696481,228.93463539562308,3.0669857863720416,4.202321595830411,7.222199607573892,9.8957111295279,1078.769987260669,810.6450479473862,7728.01506145351,10303.508212914428,True,1,1
1224,bigshakeB1224 25-09-23 10-04-12.fits,2025-09-23 10:04:12,386.1785330576605,225.6665507941815,3.005925918916381,4.03697614986003,7.078414607742371,9.506352359002266,1084.4769777738368,851.6326618538272,7729.660545514929,10305.283666648163,True,1,1
1225,bigshakeB1225 25-09-23 10-04-12.fits,2025-09-23 10:04:12,385.9398118837609,232.79039681629655,2.9991434186412365,3.940663282782631,7.062443040139032,9.279552889014003,1034.5078037930373,785.5787629568431,7727.993502640943,10304.027557028197,True,1,1
1226,bigshakeB1226 25-09-23 10-04-12.fits,2025-09-23 10:04:12,384.5074013971301,234.9306380587595,3.013859846427479,3.9576744325874262,7.097097579281326,9.31961108556336,1075.0588178793655,834.0299640291146,7726.622394332261,10301.84598667288,True,1,1
1227,bigshakeB1227 25-09-23 10-04-12.fits,2025-09-23 10:04:12,382.6952585153258,233.521737529779,2.9945229223900642,4.045104390421775,7.051562602948781,9.525492902807896,1099.0447603733244,812.3051339006745,7729.884998074012,10306.540776593283,True,1,1
1228,bigshakeB1228 25-09-23 10-04-12.fits,2025-09-23 10:04:12,384.2128791463002,226.32146818611525,2.943178563610927,4.165957179733356,6.930655877696408,9.810079473576709,1111.2230325978646,815.6195949996682,7730.306253939618,10306.410182163283,True,1,1
1229,bigshakeB1229 25-09-23 10-04-12.fits,2025-09-23 10:04:12,386.9392680125056,228.68659686020536,3.014287411363892,3.916267446662778,7.098104417764144,9.222105085103683,1028.3477704928164,789.784311855546,7729.19236680005,10305.624962973574,True,1,1
1230,bigshakeB1230 25-09-23 10-04-12.fits,2025-09-23 10:04:12,386.433771579213,237.70274832170833,3.0701070581666543,4.326193338449728,7.229549640961836,10.18740679206078,1102.452034473001,804.7110706076573,7731.462423761858,10308.111636600712,True,1,1
1231,bigshakeB1231 25-09-23 10-04-12.fits,2025-09-23 10:04:12,384.5569875827245,233.83807410180384,3.0472660787478683,4.565568334519167,7.17576324477834,10.7510918310843,1137.5730021758816,807.2445800678457,7734.463756427984,10311.474469917433,True,1,1
1232,bigshakeB1232 25-09-23 10-04-12.fits,2025-09-23 10:04:12,384.3634453972377,229.82953654811465,3.090298439223675,4.168488244927243,7.277096709811767,9.816039676630552,1062.2538810964782,815.4309084314352,7729.1852151687735,10304.972259056158,True,1,1
1233,bigshakeB1233 25-09-23 10-04-12.fits,2025-09-23 10:04:12,385.2149033344465,230.5481442445898,3.0816867879252663,3.9896193473161956,7.256817820713457,9.39483561110347,1004.8962330580491,818.8624529612108,7728.9711486088,10304.406191768161,True,1,1
1234,bigshakeB1234 25-09-23 10-04-12.fits,2025-09-23 10:04:12,386.33156036955154,234.6432174657096,3.0273169090587455,4.254706999406328,7.128786540112669,10.019069327935505,1082.9803053512728,801.2399894220177,7729.767121190619,10305.674584288749,True,1,1
1235,bigshakeB1235 25-09-23 10-04-12.fits,2025-09-23 10:04:12,387.2162181767132,230.83449088512597,3.064568605969175,4.029743740699323,7.216507582708766,9.489321336936767,1040.3162970480603,822.7762652067846,7730.857135311003,10307.143915993616,True,1,1
1236,bigshakeB1236 25-09-23 10-04-12.fits,2025-09-23 10:04:12,386.4626103834447,232.96676765749777,3.118710859124236,4.3800793675518035,7.344002845721444,10.31429869353747,1071.3387055740254,786.281852430512,7731.773225779307,10308.494229326747,True,1,1
1237,bigshakeB1237 25-09-23 10-04-12.fits,2025-09-23 10:04:12,385.883530861072,225.07042613611995,3.1356725734724873,4.251233924421813,7.383944630666795,10.010890861344073,985.1647227477182,776.3007948584386,7728.722873803866,10303.861530084132,True,1,1
1238,bigshakeB1238 25-09-23 10-04-12.fits,2025-09-23 10:04:12,384.164709136561,236.28374361955974,3.1628483345252065,4.476906287227468,7.44793865753271,10.542308664888326,1028.5825033945364,763.9085166299416,7727.586422525479,10302.578051144204,True,1,1
1239,bigshakeB1239 25-09-23 10-04-12.fits,2025-09-23 10:04:12,382.1972419181536,228.44719519512532,3.195849430944999,4.095742842719039,7.525650300890037,9.644737345326837,1001.5408622230615,808.3991112354252,7726.749765478105,10301.75743048038,True,1,1
1240,bigshakeB1240 25-09-23 10-04-12.fits,2025-09-23 10:04:12,382.50081039005386,234.89175461852142,3.168716372193456,4.0539727986814205,7.4617568302589,9.546376408345226,1009.9501810965809,823.663236916409,7727.665896416706,10302.829367868937,True,1,1
1241,bigshakeB1241 25-09-23 10-04-13.fits,2025-09-23 10:04:13,386.04236175976723,230.0285424280118,3.1840031988917046,3.9240195800890807,7.4977545561928505,9.240359964287697,966.5139715711308,809.1208168795644,7726.908036426538,10302.034250765242,True,1,1
1242,bigshakeB1242 25-09-23 10-04-13.fits,2025-09-23 10:04:13,386.41548377802883,233.71229284281554,3.221986529807642,4.2512269337382484,7.587198465210744,10.010874399542287,1026.2646688199154,780.2694934062554,7729.977430511171,10306.581784619675,True,1,1
1243,bigshakeB1243 25-09-23 10-04-13.fits,2025-09-23 10:04:13,384.9146007009538,222.34266851489622,3.0850937565514016,4.381675710576909,7.264840618727072,10.318057794091734,1102.5433644411269,803.288326521406,7727.730984582278,10303.023537011017,True,1,1
1244,bigshakeB1244 25-09-23 10-04-13.fits,2025-09-23 10:04:13,383.4298343515788,232.48655144909503,3.1677269069848797,4.3308414058583,7.4594268177518845,10.198352154365143,1081.6556654109272,793.2724686978274,7729.48330399907,10305.929969128127,True,1,1
1245,bigshakeB1245 25-09-23 10-04-13.fits,2025-09-23 10:04:13,383.0858510607406,234.03265544642605,3.170084652844438,4.097929037636187,7.464978884963061,9.649885440940082,1018.3212022470402,824.3123612202137,7730.298737191265,10306.282658250015,True,1,1
1246,bigshakeB1246 25-09-23 10-04-13.fits,2025-09-23 10:04:13,382.1932716576441,237.7757730572336,3.151896722326785,4.349493135447217,7.422149581602461,10.24227362107562,1051.0947783857048,789.218511856147,7731.097946002735,10307.505199724808,True,1,1
1247,bigshakeB1247 25-09-23 10-04-13.fits,2025-09-23 10:04:13,383.19263256693125,224.36908131281737,3.1139773196067986,4.180469134730334,7.332856211981836,9.844252516096178,1073.2929934970887,814.641094883589,7730.355190335456,10306.809316633135,True,1,1
1248,bigshakeB1248 25-09-23 10-04-13.fits,2025-09-23 10:04:13,385.5797410792235,230.4550846821171,3.0818147950259993,3.7974747686868042,7.25711925440017,8.942369705802955,1012.5143754863572,830.6546143256846,7728.703691868204,10304.760660391219,True,1,1
1249,bigshakeB1249 25-09-23 10-04-13.fits,2025-09-23 10:04:13,386.37794707217466,233.76170369158385,3.1784893894161677,4.100997963984763,7.484770527115375,9.657112210222431,984.6949531759744,761.6344556670279,7729.558825614108,10306.111757209126,True,1,1
1250,bigshakeB1250 25-09-23 10-04-13.fits,2025-09-23 10:04:13,380.83804827932266,226.06675016583273,3.2039093894212747,4.413554130590478,7.544630052672088,10.393125736543602,1042.6289590268502,773.1347388451655,7730.044744598897,10306.351463482488,True,1,1
1251,bigshakeB1251 25-09-23 10-04-13.fits,2025-09-23 10:04:13,381.4138141052703,234.42145462949017,3.213725140775529,4.255017421679995,7.567744380718126,10.019800316527961,990.8029131041412,779.5639706927269,7730.560115438523,10306.719516531371,True,1,1
1252,bigshakeB1252 25-09-23 10-04-13.fits,2025-09-23 10:04:13,385.0776944942306,224.55038453798434,3.29046502197617,3.9424113247228627,7.748452991222688,9.283669213214417,1000.7908093539459,797.75126536476,7734.705476195671,10313.713530408175,True,1,1
1253,bigshakeB1253 25-09-23 10-04-13.fits,2025-09-23 10:04:13,383.6394098983587,244.12334720938756,3.230892191930029,4.061087413680253,7.608169696890814,9.563130046357156,996.7207714253875,824.1322507288555,7728.1686118594525,10303.563819227411,True,1,1
1254,bigshakeB1254 25-09-23 10-04-13.fits,2025-09-23 10:04:13,383.8702502882416,229.11873367676057,3.1027127768813343,4.554835863962989,7.306330240973805,10.725818794285908,1118.9608887015206,773.5969541608939,7729.880394134387,10306.23672226255,True,1,1
1255,bigshakeB1255 25-09-23 10-04-13.fits,2025-09-23 10:04:13,384.0257216857377,230.95013815040807,3.162740832508691,4.567924817062916,7.447685509629339,10.756640923414086,1091.7871453213938,788.7531350982252,7728.9789263133725,10304.522304180286,True,1,1
1256,bigshakeB1256 25-09-23 10-04-13.fits,2025-09-23 10:04:13,384.48332687670387,227.93522964864664,3.221894171756047,4.343092917689805,7.586980978619528,10.227202260007905,1035.605520126468,792.828888437256,7729.866180544386,10305.93094341218,True,1,1
1257,bigshakeB1257 25-09-23 10-04-13.fits,2025-09-23 10:04:13,383.04956484438503,235.10718202596684,3.143820266279851,4.060768964081995,7.40313098101033,9.562380154859845,983.9418862366676,809.3431790465843,7729.976805325245,10305.626722181789,True,1,1
1258,bigshakeB1258 25-09-23 10-04-13.fits,2025-09-23 10:04:13,382.26984486876444,229.80016637962296,3.215729298951136,4.093362320352263,7.572463812563457,9.639131643539907,1066.0290031670856,816.707321187084,7729.536134568787,10306.491966068954,True,1,1
1259,bigshakeB1259 25-09-23 10-04-13.fits,2025-09-23 10:04:13,383.91418935647727,236.50997838680857,3.172336316028307,4.255316403857644,7.470281146563094,10.020504365752995,1085.7235242883598,834.0694339966711,7730.624171799411,10306.950836190517,True,1,1
1260,bigshakeB1260 25-09-23 10-04-13.fits,2025-09-23 10:04:13,385.02463643319675,226.94259740372425,3.1855477391201554,3.9754925474264255,7.501391670483163,9.3615695395509,1016.8777719199139,818.9522148061847,7730.626948793151,10307.416820843575,True,1,1
1261,bigshakeB1261 25-09-23 10-04-13.fits,2025-09-23 10:04:13,384.64775151302644,232.08484618610743,3.1825973637576888,4.132846039138436,7.494444067439261,9.732108695989954,1004.3779925023341,778.6664592001744,7727.414821309934,10303.107079193594,True,1,1
1262,bigshakeB1262 25-09-23 10-04-13.fits,2025-09-23 10:04:13,382.3270796195379,230.5717907847649,3.3290976606707243,4.754913381683066,7.839425903213063,11.196965343573181,1116.4164023303053,777.2394182725315,7730.144870119111,10306.9692470137,True,1,1
1263,bigshakeB1263 25-09-23 10-04-13.fits,2025-09-23 10:04:13,383.3475941852272,233.73933884148417,3.3710607344685015,4.432913205289935,7.9382413905431815,10.438712873699135,1050.2692518199124,803.1065555826065,7728.850357596958,10305.031559436311,True,1,1
1264,bigshakeB1264 25-09-23 10-04-13.fits,2025-09-23 10:04:13,384.5853263142477,228.7523484831156,3.250547450894359,4.2341170200302525,7.654454294690291,9.970583631773948,1036.8197262690821,821.5183482212253,7729.9688779406315,10306.06027525987,True,1,1
1265,bigshakeB1265 25-09-23 10-04-13.fits,2025-09-23 10:04:13,385.3056851300962,234.72644490369225,3.1040234574250474,4.162455008945258,7.309416657790773,9.801832491603774,1018.7571113963596,804.9161051865877,7730.177226305853,10305.920259924376,True,1,1
1266,bigshakeB1266 25-09-23 10-04-13.fits,2025-09-23 10:04:13,386.7592666712609,234.6463248617416,3.1886634470814483,4.238548800883807,7.5087286020448785,9.981019678163083,1035.1916237522382,828.2217295200813,7729.242072886942,10304.561637859983,True,1,1
1267,bigshakeB1267 25-09-23 10-04-13.fits,2025-09-23 10:04:13,386.14594840197356,233.0853065297319,3.1581629918231493,3.8290484226391475,7.436905518620066,9.016719979024803,1049.9993277063907,852.9794701555068,7726.54507443468,10302.321046161098,True,1,1
1268,bigshakeB1268 25-09-23 10-04-13.fits,2025-09-23 10:04:13,384.58151364583745,222.75372861207103,3.175477568017276,4.3799167342942145,7.477678229713212,10.31391572148251,1084.7859610116375,781.2641712095912,7729.424037155281,10306.017997596364,True,1,1
1269,bigshakeB1269 25-09-23 10-04-13.fits,2025-09-23 10:04:13,387.01679371600585,230.0216025817545,3.2170806013785307,3.875032835871426,7.575645886606385,9.125004997063158,995.4944085222129,827.0761157173974,7729.408293758524,10305.865393674996,True,1,1
1270,bigshakeB1270 25-09-23 10-04-13.fits,2025-09-23 10:04:13,387.69648837428736,228.4787233647326,3.1271786942444355,4.390321787308547,7.363943073600507,10.338417748890272,1083.3100190994207,805.5590190727202,7727.480133343522,10302.528957797522,True,1,1
1271,bigshakeB1271 25-09-23 10-04-13.fits,2025-09-23 10:04:13,384.4453836077804,234.7754549280949,3.121828415835627,4.189485587620982,7.3513441307569485,9.865484640098154,1031.3613217761672,791.6460471587978,7729.098946906426,10304.959463475692,True,1,1
1272,bigshakeB1272 25-09-23 10-04-13.fits,2025-09-23 10:04:13,382.54419932006397,232.79180196472723,3.085605041648367,4.367533143624513,7.266044603122132,10.28475459394404,1117.4833530270714,820.8387054468509,7729.288850460182,10305.003409873867,True,1,1
1273,bigshakeB1273 25-09-23 10-04-13.fits,2025-09-23 10:04:13,384.50058011307766,231.3817440169539,3.0651297683407783,4.002601910545235,7.217829019109935,9.425407211231095,1067.9777493863871,828.6888499832608,7728.668088168314,10304.664032631874,True,1,1
1274,bigshakeB1274 25-09-23 10-04-13.fits,2025-09-23 10:04:13,385.9745407538394,228.49635538928533,3.093742714462284,4.073269353511104,7.285207358184247,9.591816322458204,1061.4122786771918,820.0898429560654,7728.206083175197,10303.978628208903,True,1,1
1275,bigshakeB1275 25-09-23 10-04-13.fits,2025-09-23 10:04:13,384.818327711925,228.71448916994328,3.009988213504354,4.464141795461982,7.08798058046695,10.512250583814328,1154.8282301109032,800.3692053376725,7728.517049351516,10304.183152862974,True,1,1
1276,bigshakeB1276 25-09-23 10-04-13.fits,2025-09-23 10:04:13,384.97113186930756,230.8012902702185,3.099885521305309,4.304159535622663,7.299672562870956,10.135521151495348,1078.7342780441102,813.456004987727,7729.2889897466575,10304.897253621473,True,1,1
1277,bigshakeB1277 25-09-23 10-04-13.fits,2025-09-23 10:04:13,387.183790812792,234.9102362908535,3.080473041391005,4.115276469961202,7.253959666044992,9.690735522308843,1031.5152179135705,825.9078562474044,7729.968830063967,10305.469528418047,True,1,1
1278,bigshakeB1278 25-09-23 10-04-13.fits,2025-09-23 10:04:13,387.6333873885183,239.24084310444323,3.0144489662787226,4.27793230866458,7.09848485051596,10.07376075172888,1143.2930697180577,819.811269630484,7728.139312176641,10303.868773340706,True,1,1
1279,bigshakeB1279 25-09-23 10-04-13.fits,2025-09-23 10:04:13,385.80797485607417,228.2663636010261,3.039833968148617,4.6229712977623665,7.158261961762336,10.886265479573563,1191.8925660631191,799.4841949122574,7727.615774933259,10303.107334856973,True,1,1
1280,bigshakeB1280 25-09-23 10-04-13.fits,2025-09-23 10:04:13,382.617121274219,226.59178889555668,3.0750394438541595,4.138929709003726,7.241164521648598,9.746434643736087,1009.6847813338658,797.4874957138929,7729.261514180001,10304.65887507136,True,1,1
1281,bigshakeB1281 25-09-23 10-04-13.fits,2025-09-23 10:04:13,383.50194088569435,219.34334887947134,3.2559807099974876,3.999662086890892,7.667248642136186,9.418484455560991,977.5810333237946,839.9876887480573,7726.753812240343,10301.415758176396,True,1,1
1282,bigshakeB1282 25-09-23 10-04-13.fits,2025-09-23 10:04:13,387.582794662193,237.6920532439868,3.152006429388274,4.084603270594577,7.422407921989937,9.618505657595085,1013.7981160071292,832.4189167255771,7727.921990482875,10302.827522129332,True,1,1
1283,bigshakeB1283 25-09-23 10-04-13.fits,2025-09-23 10:04:13,389.34856374198927,232.8955865710779,3.1939931370677255,4.570503027802986,7.521279062858365,10.762712145745118,1134.318021597254,786.566118994573,7728.358555925748,10304.624300546937,True,1,1
1284,bigshakeB1284 25-09-23 10-04-13.fits,2025-09-23 10:04:13,384.41699238273765,228.7280130014575,3.029150188865373,4.353570828126162,7.133103584149467,10.251875853533475,1105.8633326167694,819.4976441716011,7726.803486132151,10301.266665497142,True,1,1
1285,bigshakeB1285 25-09-23 10-04-13.fits,2025-09-23 10:04:13,380.4755328712096,229.33625657074225,3.1723978123374987,3.9094126779832488,7.470425959304674,9.205963338413078,983.6439434046249,783.1645211706051,7731.171940105837,10308.536297611752,True,1,1
1286,bigshakeB1286 25-09-23 10-04-13.fits,2025-09-23 10:04:13,380.24562762927934,228.59643424267594,3.1173028860843432,3.8483950424470454,7.340687322584241,9.062277787152034,992.7325971166234,787.0432449019045,7728.3529177290975,10304.814147129873,True,1,1
1287,bigshakeB1287 25-09-23 10-04-13.fits,2025-09-23 10:04:13,384.5927330841203,236.9934609501553,3.253336255214515,4.730441453682456,7.661021427005064,11.13933835697679,1109.8390156773319,777.8749745744686,7729.300576026126,10305.37370818068,True,1,1
1288,bigshakeB1288 25-09-23 10-04-13.fits,2025-09-23 10:04:13,387.91798172959955,232.13982612896294,3.159158008237452,4.360699165524631,7.439248603217601,10.268661805327135,1138.0895821548297,790.9501967216637,7727.268213477419,10303.788330808886,True,1,1
1289,bigshakeB1289 25-09-23 10-04-13.fits,2025-09-23 10:04:13,384.6989837996979,231.5701942923883,3.059393399841549,4.157193682912411,7.204320903582265,9.789443015598183,1056.2476238611796,789.3583736940067,7729.713888062974,10306.023875211275,True,1,1
1290,bigshakeB1290 25-09-23 10-04-13.fits,2025-09-23 10:04:13,380.7737983875498,225.73069359562803,3.0049725819126003,3.962172627350912,7.076169670656197,9.330203524758868,1011.6231885837668,778.3507223535394,7727.2657825727965,10302.790955937613,True,1,1
1291,bigshakeB1291 25-09-23 10-04-13.fits,2025-09-23 10:04:13,380.00317099541877,229.97943918675477,3.0676260583463275,4.487407557763795,7.223707332853213,10.567037267245563,1103.0574037946537,779.308333729369,7729.143988075507,10304.933614927293,True,1,1
1292,bigshakeB1292 25-09-23 10-04-13.fits,2025-09-23 10:04:13,385.8876628001704,226.54028142805646,3.067255090473505,5.036600691008914,7.222833770270228,11.860288266004522,1168.5429034773742,764.6750153232495,7729.738585761351,10304.923052779694,True,1,1
1293,bigshakeB1293 25-09-23 10-04-14.fits,2025-09-23 10:04:14,387.52270831906236,236.65042935376542,3.014397637124474,4.395665225030549,7.098363979594641,10.351000583147416,1135.4566885812872,806.7796076050952,7727.6336224806155,10302.865960972596,True,1,1
1294,bigshakeB1294 25-09-23 10-04-14.fits,2025-09-23 10:04:14,385.79133703634955,229.2074952980852,2.9459281259425634,4.543769519595907,6.937130602190007,10.699759544745088,1147.6811468006547,785.1527969810523,7729.233006981972,10304.669728976029,True,1,1
1295,bigshakeB1295 25-09-23 10-04-14.fits,2025-09-23 10:04:14,382.1414633309167,227.10454794084143,2.965083913118472,4.274132791952417,6.982239033810183,10.064813573613648,1072.4109148995747,746.8339107472767,7731.460082202294,10308.549320478924,True,1,1
1296,bigshakeB1296 25-09-23 10-04-14.fits,2025-09-23 10:04:14,380.9826779706258,231.03414643461707,2.93884448569955,4.675799470463584,6.920449904153971,11.010666319592746,1192.3761898727123,783.5336595745379,7729.886332296182,10305.682501394098,True,1,1
1297,bigshakeB1297 25-09-23 10-04-14.fits,2025-09-23 10:04:14,382.30447652626503,233.27720302258743,3.012774680996191,4.365542492789545,7.0945422099715545,10.280066969455198,1094.0149205521407,758.701335811269,7728.301721777867,10304.318101885341,True,1,1
1298,bigshakeB1298 25-09-23 10-04-14.fits,2025-09-23 10:04:14,384.7903693152845,231.72746514854526,2.8924432989604325,4.407211055062281,6.811183459507474,10.378188935142658,1110.5082936737012,768.0360896204465,7730.227349617453,10306.06733564466,True,1,1
1299,bigshakeB1299 25-09-23 10-04-14.fits,2025-09-23 10:04:14,386.29532538161544,228.48396713941548,2.854510109140961,4.421940753538067,6.721857623748618,10.4128747243707,1172.5285952584316,800.1337141226669,7730.6630130916465,10306.552476068964,True,1,1
1300,bigshakeB1300 25-09-23 10-04-14.fits,2025-09-23 10:04:14,384.98290568783176,231.56952798613636,2.790389675730135,4.594825641632822,6.570865541856733,10.819987524339162,1157.2512069733577,753.2889369553841,7727.452564915015,10302.058291036747,True,1,1
1301,bigshakeB1301 25-09-23 10-04-14.fits,2025-09-23 10:04:14,383.19396057212913,234.00823761054863,2.828628825779565,3.9913877578156916,6.660911858898077,9.398999899595527,1106.4171290241813,807.140666760772,7724.418980317016,10298.745037147077,True,1,1
1302,bigshakeB1302 25-09-23 10-04-14.fits,2025-09-23 10:04:14,382.60603980650205,235.43606401397287,2.8766018551247567,4.595781610102388,6.773879710020992,10.822238658053713,1203.2848125119574,767.641519935365,7730.5650449510795,10307.072570982496,True,1,1
1303,bigshakeB1303 25-09-23 10-04-14.fits,2025-09-23 10:04:14,384.9412051784437,230.52168665238491,2.877432332909456,4.7762973125760375,6.775835335755355,11.247320652681507,1148.4681731128303,754.1530259492519,7735.919527039303,10313.006201844117,True,1,1
1304,bigshakeB1304 25-09-23 10-04-14.fits,2025-09-23 10:04:14,385.6582123501188,229.60314998767794,2.807008659365152,4.239994785051351,6.610000257648512,9.984424710665614,1126.2985074097899,780.2479961726066,7729.662844304385,10305.450944660693,True,1,1
1305,bigshakeB1305 25-09-23 10-04-14.fits,2025-09-23 10:04:14,384.3041812662837,225.05858079474945,2.9093816599870097,4.197649175959031,6.851070251582828,9.884708421555972,1088.5783710877886,760.1381860886879,7727.700441855043,10303.476806184344,True,1,1
1306,bigshakeB1306 25-09-23 10-04-14.fits,2025-09-23 10:04:14,385.18149522733205,238.2510575458438,2.9103561336890724,4.195652281976327,6.853364961789801,9.880006095577698,1094.6409922807165,768.6674151619674,7728.464681030495,10304.414521713332,True,1,1
1307,bigshakeB1307 25-09-23 10-04-14.fits,2025-09-23 10:04:14,386.5122288439046,233.07726869355756,2.865745600277268,4.198466766858095,6.748315183492161,9.886633700993723,1118.0878018120916,780.2431438589012,7726.519334347536,10301.651509705347,True,1,1
1308,bigshakeB1308 25-09-23 10-04-14.fits,2025-09-23 10:04:14,384.8056182769444,229.36001384208134,2.8180953972078813,4.334355154406953,6.636107530154574,10.20662639988071,1162.0125152867977,773.6034312622091,7728.779123965006,10304.629364308157,True,1,1
1309,bigshakeB1309 25-09-23 10-04-14.fits,2025-09-23 10:04:14,386.7872967831459,216.19574058262563,2.8488104735119104,4.07640770545885,6.708436007519957,9.599206576533119,1110.062885743974,809.1932678781411,7735.511159499616,10313.303399540266,True,1,1
1310,bigshakeB1310 25-09-23 10-04-14.fits,2025-09-23 10:04:14,386.3172750136959,236.2110993133778,2.8006246404099095,4.234856653454823,6.59496704184485,9.972325335388103,1106.023899952066,764.0071680648199,7728.61495948248,10304.099796616669,True,1,1
1311,bigshakeB1311 25-09-23 10-04-14.fits,2025-09-23 10:04:14,385.3663175644565,237.8782937171949,2.7504484409881225,4.483733124756788,6.476811121662955,10.558384638746539,1160.7599743419744,757.9621407323447,7729.562988041551,10305.008799822024,True,1,1
1312,bigshakeB1312 25-09-23 10-04-14.fits,2025-09-23 10:04:14,382.6558199313978,235.31081702379606,2.775414558418688,4.34835585847869,6.535601835435047,10.239595538473381,1173.8919576616436,778.1392617826009,7727.656738691931,10302.886471563648,True,1,1
1313,bigshakeB1313 25-09-23 10-04-14.fits,2025-09-23 10:04:14,383.28810058195825,229.02420963241664,2.8490677851261337,4.286320307550701,6.709041930066949,10.093512979643615,1104.4001991943765,748.8847616732661,7737.0044788859295,10315.674632496946,True,1,1
1314,bigshakeB1314 25-09-23 10-04-14.fits,2025-09-23 10:04:14,384.3208392534784,227.31574703179058,2.782489246885984,4.248146660588652,6.5522614536501855,10.003620910585447,1190.9964379057817,804.7896118347724,7727.794058399662,10303.177454319139,True,1,1
1315,bigshakeB1315 25-09-23 10-04-14.fits,2025-09-23 10:04:14,385.28931181808986,235.1461065036437,2.781640982425259,4.505297289721624,6.550263943494582,10.609164366660089,1171.0496965571747,766.9266008442211,7727.990326910853,10302.954201935892,True,1,1
1316,bigshakeB1316 25-09-23 10-04-14.fits,2025-09-23 10:04:14,385.17803940492627,228.7334184713965,2.7566197157815524,4.403716622005427,6.491343363249918,10.36996017413436,1220.2128578704585,769.949467058767,7729.377418227303,10305.695682802363,True,1,1
1317,bigshakeB1317 25-09-23 10-04-14.fits,2025-09-23 10:04:14,386.2526290192294,233.06376289008685,2.7919210438135043,4.802970559820461,6.574471638115771,11.310131349958743,1247.807991924264,771.5367371097898,7729.094461034679,10304.300556720262,True,1,1
1318,bigshakeB1318 25-09-23 10-04-14.fits,2025-09-23 10:04:14,385.8461008716218,229.52634795572993,2.840538983107224,4.0809274890975935,6.688958136112721,9.609849853644834,1109.2116978606423,775.5366520638897,7730.862840987927,10307.743229185398,True,1,1
1319,bigshakeB1319 25-09-23 10-04-14.fits,2025-09-23 10:04:14,385.03773962661955,235.4875450714472,2.783021380046161,4.345530038917313,6.553514531482396,10.23294124192661,1171.496566854864,780.9300256797299,7729.640062274537,10305.490873695642,True,1,1
1320,bigshakeB1320 25-09-23 10-04-14.fits,2025-09-23 10:04:14,383.4965607653371,227.08713484616362,2.744766786779355,4.252520385825603,6.463431848443214,10.013920246444878,1183.6796206153304,790.977532301847,7730.41117806841,10306.615801276716,True,1,1
1321,bigshakeB1321 25-09-23 10-04-14.fits,2025-09-23 10:04:14,385.1774120471171,228.15991452380675,2.783573202217009,4.3336190820452485,6.554813973391601,10.204893081928773,1161.5498754250534,781.2678871270683,7728.356908288635,10303.679718695757,True,1,1
1322,bigshakeB1322 25-09-23 10-04-14.fits,2025-09-23 10:04:14,388.06309877576007,234.01573685460352,2.706903450614247,4.191082537968808,6.374270505469873,9.869245170788133,1115.393190842888,760.5687492853156,7732.140364545969,10308.641365954014,True,1,1
1323,bigshakeB1323 25-09-23 10-04-14.fits,2025-09-23 10:04:14,389.5410838337486,237.15983206247438,2.7365695606904925,4.416017504196232,6.444128856135511,10.398926538088832,1217.654543315354,789.0638750240244,7730.622534984963,10306.701258197929,True,1,1
1324,bigshakeB1324 25-09-23 10-04-14.fits,2025-09-23 10:04:14,385.6253725856335,227.13968117523126,2.750233225251713,4.208022758776045,6.476304327332852,9.909136342312266,1136.6668979369774,754.351606578316,7729.479737007683,10305.721120525646,True,1,1
1325,bigshakeB1325 25-09-23 10-04-14.fits,2025-09-23 10:04:14,382.23480204015647,230.32639099274974,2.7533652856552555,4.4143583530789225,6.483679765953362,10.395019535780056,1161.0359668016495,752.8502479012606,7725.601438603881,10300.140822845517,True,1,1
1326,bigshakeB1326 25-09-23 10-04-14.fits,2025-09-23 10:04:14,380.3856630145276,240.04403447158177,2.7130119064368237,4.378764737690029,6.388654819685063,10.311202976787168,1218.0922651867643,789.4967169473555,7728.159919534636,10303.417781161774,True,1,1
1327,bigshakeB1327 25-09-23 10-04-14.fits,2025-09-23 10:04:14,383.5056273228645,231.90170065552948,2.7314706595304687,4.187446729197458,6.432121861476255,9.860683495413461,1193.0688695135007,797.9113228228625,7729.509871927211,10305.582970078074,True,1,1
1328,bigshakeB1328 25-09-23 10-04-14.fits,2025-09-23 10:04:14,386.05410060439,223.05668953681504,2.732619762201389,4.426552996824269,6.434827791479536,10.423735727313609,1227.6296293979926,767.3115496848893,7728.751800040493,10304.783590969455,True,1,1
1329,bigshakeB1329 25-09-23 10-04-14.fits,2025-09-23 10:04:14,389.41400680998674,233.66790129259127,2.8387686130952816,4.4488676108721155,6.684789233321476,10.476282627770606,1108.0443872524968,746.9015918364307,7730.617885645581,10306.564186198879,True,1,1
1330,bigshakeB1330 25-09-23 10-04-14.fits,2025-09-23 10:04:14,380.41146746591176,241.25779988133056,2.7011175647469545,4.8786342896786214,6.360645785451312,11.488305817710545,1298.9328327836895,767.1102714753954,7729.414560167802,10304.664724634025,True,1,1
1331,bigshakeB1331 25-09-23 10-04-14.fits,2025-09-23 10:04:14,380.5999486137191,223.76776323734012,2.6799064750635533,4.316545492944885,6.310697486287889,10.164687852074616,1247.2909665628622,801.2615634727582,7726.62075989312,10301.554937352746,True,1,1
1332,bigshakeB1332 25-09-23 10-04-14.fits,2025-09-23 10:04:14,386.94772103141287,216.52448096941873,2.7539208007810774,4.092610651082745,6.484987904106965,9.637361597676811,1155.050272492438,771.7469976675047,7730.352536840854,10307.253989378298,True,1,1
1333,bigshakeB1333 25-09-23 10-04-14.fits,2025-09-23 10:04:14,386.09054216431474,237.7568998437467,2.7133311841763916,4.072019024201064,6.38940666130613,9.588872021936032,1077.454846335119,776.4666563814221,7729.704519856796,10305.028281905532,True,1,1
1334,bigshakeB1334 25-09-23 10-04-14.fits,2025-09-23 10:04:14,384.7559812733466,244.78015626344424,2.719712752490238,4.081610623929672,6.404434106290309,9.611458513240871,1109.0486506178088,786.8141882418003,7730.261363719959,10305.995917970222,True,1,1
1335,bigshakeB1335 25-09-23 10-04-14.fits,2025-09-23 10:04:14,382.71617773606033,240.37450821054964,2.731161808842334,4.362657527560786,6.431394573684915,10.2732733955053,1234.611974736461,771.5412287434707,7730.068495731054,10306.789091771832,True,1,1
1336,bigshakeB1336 25-09-23 10-04-14.fits,2025-09-23 10:04:14,382.64696899585135,222.8103650669759,2.772510257120958,4.3867429410503815,6.528762728522343,10.329990209983459,1249.008348545577,776.5160632327005,7727.54504043803,10303.688501464187,True,1,1
1337,bigshakeB1337 25-09-23 10-04-14.fits,2025-09-23 10:04:14,382.3225797593527,225.30634204694766,2.724964166930053,4.472939119225902,6.41680024227795,10.532966698156233,1141.7878589036634,724.4098748226806,7731.587577718157,10308.110249211684,True,1,1
1338,bigshakeB1338 25-09-23 10-04-14.fits,2025-09-23 10:04:14,383.207632601965,234.92514305111717,2.7738203019837213,4.597865825664406,6.531847648425068,10.82714661063732,1228.6993833430233,762.5114869363991,7729.5030177113895,10305.49364165358,True,1,1
1339,bigshakeB1339 25-09-23 10-04-14.fits,2025-09-23 10:04:14,382.29480663375693,237.68538335316765,2.7656901562521936,4.115322692098133,6.5127026182874435,9.690844367123415,1162.356980379823,789.8268408053913,7731.95452157984,10309.086405635073,True,1,1
1340,bigshakeB1340 25-09-23 10-04-14.fits,2025-09-23 10:04:14,386.4960611980673,224.71598219099135,2.7160311451055454,5.280400571748062,6.395764583422902,12.434393112145223,1430.8458622712735,730.5850653200363,7729.868259747342,10306.639531396182,True,1,1
1341,bigshakeB1341 25-09-23 10-04-14.fits,2025-09-23 10:04:14,389.7364247896016,223.97587094499193,2.692040916046936,4.318927988720278,6.339271911150804,10.170298200883712,1154.0191606833143,757.7056218832839,7729.196470567282,10304.729414761241,True,1,1
1342,bigshakeB1342 25-09-23 10-04-14.fits,2025-09-23 10:04:14,386.37069427309905,230.73027555355642,2.769740718092728,4.3248584536097185,6.522240962503171,10.184263378481718,1168.3584286149892,788.2381604194995,7731.381915296385,10307.605953978107,True,1,1
1343,bigshakeB1343 25-09-23 10-04-14.fits,2025-09-23 10:04:14,381.9985977159292,238.43481079371827,2.7794263237627956,4.226759018629362,6.545048820883312,9.953256862583766,1163.3780571990567,750.310336818207,7729.460559881034,10306.271930744766,True,1,1
1344,bigshakeB1344 25-09-23 10-04-14.fits,2025-09-23 10:04:14,381.74216703056055,232.10241652083724,2.7900680651034415,4.488973761035957,6.5701082067062995,10.570725394105441,1234.0403268349596,776.1416391944736,7729.474276888024,10305.751474857238,True,1,1
1345,bigshakeB1345 25-09-23 10-04-14.fits,2025-09-23 10:04:14,384.0230475667761,228.08487978680515,2.7578051403869015,4.0660437192099845,6.494134824872467,9.574801253967864,1078.1582836410407,739.7328349113541,7730.177993241631,10306.724163429513,True,1,1
1346,bigshakeB1346 25-09-23 10-04-15.fits,2025-09-23 10:04:15,386.3191973960955,233.7742170169509,2.755390514256621,4.672117824566403,6.488448814859627,11.001996706035358,1213.1703377504043,739.0887167832352,7731.042106528972,10307.479870665136,True,1,1
1347,bigshakeB1347 25-09-23 10-04-15.fits,2025-09-23 10:04:15,386.49093417668274,234.0169788642987,2.823411296791357,4.682005605365307,6.648625517051114,11.02528065046149,1177.5204879175894,723.4463225689743,7727.830315396378,10303.447082288752,True,1,1
1348,bigshakeB1348 25-09-23 10-04-15.fits,2025-09-23 10:04:15,383.61740077334076,235.71540020538797,2.8439749512545176,4.574844623173493,6.697049222780055,10.772935821551002,1196.015563492336,740.6715584993387,7731.352904018146,10308.538327358416,True,1,1
1349,bigshakeB1349 25-09-23 10-04-15.fits,2025-09-23 10:04:15,383.16180241900423,231.98320636092168,2.791477522518382,4.579593814553046,6.573427225279619,10.784119312609262,1171.2950841626505,762.7308548512563,7730.512840863241,10306.184070188761,True,1,1
1350,bigshakeB1350 25-09-23 10-04-15.fits,2025-09-23 10:04:15,384.6448928687912,232.91331982908136,2.757238265560211,4.574356759051917,6.492799936667552,10.771786989338263,1155.8542397302326,734.9735268188492,7729.155409482344,10304.626328611143,True,1,1
1351,bigshakeB1351 25-09-23 10-04-15.fits,2025-09-23 10:04:15,386.7556668951024,223.14196511350377,2.76844612601826,4.351830260851823,6.519192431136076,10.247777130826139,1088.8935261960671,729.167662701421,7727.472907999526,10302.468608991636,True,1,1
1352,bigshakeB1352 25-09-23 10-04-15.fits,2025-09-23 10:04:15,385.57067738085397,232.1387435919971,2.763769845516251,4.416500277246792,6.508180632073758,10.40006338174549,1132.3212856500065,766.9634874258404,7730.7071381493815,10306.263149884855,True,1,1
1353,bigshakeB1353 25-09-23 10-04-15.fits,2025-09-23 10:04:15,387.746430686864,224.29925822166314,2.906337956589312,4.2425771135140495,6.843902877810801,9.990505629492429,1056.57951217846,742.7880038993486,7726.707348742183,10301.855778373269,True,1,1
1354,bigshakeB1354 25-09-23 10-04-15.fits,2025-09-23 10:04:15,386.9617364103511,237.649337315799,2.7664656371492717,4.57317351752838,6.514528736248422,10.769000668480524,1117.9476726149328,718.2060734853791,7731.083735563938,10307.110473060708,True,1,1
1355,bigshakeB1355 25-09-23 10-04-15.fits,2025-09-23 10:04:15,384.02529806237936,231.56544440771782,2.7437552467823028,5.06240483018628,6.461049853781805,11.92105237018415,1209.2089095447182,713.6539672538458,7728.763399471336,10303.47716688452,True,1,1
1356,bigshakeB1356 25-09-23 10-04-15.fits,2025-09-23 10:04:15,380.15638805260176,236.07341535523926,2.8562097704171907,4.8303034663255975,6.7258600201916465,11.374495426085995,1137.2825922783638,691.649029004525,7728.883867388817,10304.695143765977,True,1,1
1357,bigshakeB1357 25-09-23 10-04-15.fits,2025-09-23 10:04:15,382.3677673874913,227.52810127287444,2.8305774326158635,4.30484573007621,6.665500477336076,10.137137015949351,1053.685375391365,715.9983078277551,7736.070134071434,10314.23940473698,True,1,1
1358,bigshakeB1358 25-09-23 10-04-15.fits,2025-09-23 10:04:15,386.8624998176713,234.69819558191784,2.844471989408658,4.9395133934700075,6.69821965818857,11.63166515164202,1120.901437906845,690.4525041769348,7730.9155230193155,10306.727387069073,True,1,1
1359,bigshakeB1359 25-09-23 10-04-15.fits,2025-09-23 10:04:15,389.60425567521264,241.19059871228907,2.873488263986879,4.940136125903532,6.766547763197487,11.633131574459174,1149.8739924829129,699.6174853082666,7729.487071300178,10305.188702674368,True,1,1
1360,bigshakeB1360 25-09-23 10-04-15.fits,2025-09-23 10:04:15,386.3366452913996,230.44085272722148,2.8477211307712027,4.746399758287514,6.7058708013982296,11.176917292545491,1084.1451208493486,685.9520245674148,7729.519029402096,10305.14565278598,True,1,1
1361,bigshakeB1361 25-09-23 10-04-15.fits,2025-09-23 10:04:15,381.1316728387423,228.1669860673061,2.978642866355326,4.302738005628406,7.014167928681965,10.13217370417026,1056.6364262812444,734.8142776794275,7729.035597133536,10305.305749987358,True,1,1
1362,bigshakeB1362 25-09-23 10-04-15.fits,2025-09-23 10:04:15,384.6017226224593,239.91303355511207,2.917553082665432,5.252676614544245,6.870312481502398,12.369108181994093,1214.6868254940287,687.8753596370112,7737.302698030719,10316.041841179027,True,1,1
1363,bigshakeB1363 25-09-23 10-04-15.fits,2025-09-23 10:04:15,387.5107645547467,230.03248188057694,2.8722797837900207,4.974178156985428,6.763702009805902,11.71329443162439,1148.0491860585807,691.524405686056,7732.495854643898,10309.25163812555,True,1,1
1364,bigshakeB1364 25-09-23 10-04-15.fits,2025-09-23 10:04:15,389.3988584255545,220.43804445985148,2.8759936165303124,4.715292439966292,6.772447417586633,11.103665155815518,1134.7635905706327,701.2764618323704,7728.114743803002,10303.927652354087,True,1,1
1365,bigshakeB1365 25-09-23 10-04-15.fits,2025-09-23 10:04:15,387.55889396536776,228.20564233502708,2.904347622120457,4.43361006951567,6.839215998307225,10.44035386354656,1090.8866455532802,707.0543794872841,7728.645647588729,10305.035860666201,True,1,1
1366,bigshakeB1366 25-09-23 10-04-15.fits,2025-09-23 10:04:15,381.096802937309,242.4622714032407,2.881820060855394,4.715138348072938,6.786167645474592,11.103302297136272,1096.077045143155,680.9417619585157,7728.953626946352,10304.999753815639,True,1,1
1367,bigshakeB1367 25-09-23 10-04-15.fits,2025-09-23 10:04:15,376.9611294791607,237.70181463966736,3.005161354642664,4.634039665552909,7.076614196464907,10.912329493912507,1042.7189470044962,702.9764078429218,7729.086536463909,10304.80074208654,True,1,1
1368,bigshakeB1368 25-09-23 10-04-15.fits,2025-09-23 10:04:15,381.6105978972088,226.7545365941905,3.041483926593379,5.274253075703622,7.162147316981529,12.419916865233025,1123.4891716781622,665.0367167120054,7729.844789142553,10305.987127037119,True,1,1
1369,bigshakeB1369 25-09-23 10-04-15.fits,2025-09-23 10:04:15,389.69111128376056,221.21097543098537,2.8653718029723656,4.7471883281702105,6.747434958105798,11.178774232712172,1134.6656426871152,730.4911345369131,7729.183363357884,10304.44701487304,True,1,1
1370,bigshakeB1370 25-09-23 10-04-15.fits,2025-09-23 10:04:15,390.87432609629315,244.63207043198224,2.927436833683044,4.619116625760178,6.893586936518766,10.87718842067579,1091.9062329640901,680.7467873368411,7727.72436952513,10303.904241083383,True,1,1
1371,bigshakeB1371 25-09-23 10-04-15.fits,2025-09-23 10:04:15,384.71590269201704,232.48957709911446,2.883175573231178,4.534844011453929,6.789359633188376,10.678741579260272,1132.696742641764,727.7678345313682,7730.276476047037,10306.85487623954,True,1,1
1372,bigshakeB1372 25-09-23 10-04-15.fits,2025-09-23 10:04:15,380.2765659193605,237.4645467497513,2.9170338467106336,5.189618481713742,6.8690897742679375,12.220617626802602,1220.9022839724835,680.3325812713891,7730.45603243745,10307.435273807943,True,1,1
1373,bigshakeB1373 25-09-23 10-04-15.fits,2025-09-23 10:04:15,383.52354732966296,217.16297357776153,2.9349027243847674,4.652542253691297,6.9111677655971935,10.955899759345733,1093.0100441716402,706.0464770610997,7730.104752985114,10306.404060495961,True,1,1
1374,bigshakeB1374 25-09-23 10-04-15.fits,2025-09-23 10:04:15,385.47585131546344,233.60700910598678,2.9370877376243123,4.792492212631234,6.916313078572332,11.285456727958756,1080.320398505386,651.4092928663771,7735.538248473968,10314.317963434401,True,1,1
1375,bigshakeB1375 25-09-23 10-04-15.fits,2025-09-23 10:04:15,386.6263952808586,233.79081844898542,2.8924614936334434,4.697990743509955,6.8112263046881925,11.062922774187095,1124.299856782852,693.8390403930731,7726.524155910861,10301.992230572074,True,1,1
1376,bigshakeB1376 25-09-23 10-04-15.fits,2025-09-23 10:04:15,387.20912476516605,239.18575246524324,2.875666576704197,5.13401227586778,6.771677297648574,12.089675018648414,1206.107487943894,682.4064946479201,7730.692348843372,10307.406395100827,True,1,1
1377,bigshakeB1377 25-09-23 10-04-15.fits,2025-09-23 10:04:15,385.459002336584,225.5521375173911,2.865990740161427,4.778317251707542,6.748892443805215,11.252077245838116,1119.3759534998862,682.6150891491357,7729.889738903256,10306.239586606227,True,1,1
1378,bigshakeB1378 25-09-23 10-04-15.fits,2025-09-23 10:04:15,382.68119498515404,230.43712458808636,2.8888218614594554,4.54277113299298,6.802655625888345,10.697408523959826,1023.1231532610211,684.821113677854,7730.125559382308,10306.022740763618,True,1,1
1379,bigshakeB1379 25-09-23 10-04-15.fits,2025-09-23 10:04:15,379.4995278272612,229.05910044135675,3.0359829719750064,4.799111135052866,7.1491935587793805,11.30104309915372,1080.043143121361,693.7941328838845,7731.734038213254,10308.714463865808,True,1,1
1380,bigshakeB1380 25-09-23 10-04-15.fits,2025-09-23 10:04:15,381.59190909265527,240.23526740642242,3.0630009747691176,4.64427894089087,7.212816093335655,10.936441144724927,1087.7826300805561,706.0394287097562,7728.697214446902,10305.205532226604,True,1,1
1381,bigshakeB1381 25-09-23 10-04-15.fits,2025-09-23 10:04:15,385.868770717133,223.8008089138044,2.983194417586724,5.027744939252778,7.024886012757646,11.839434564255354,1155.9819924796043,702.7255515689205,7728.098194845998,10303.68910289023,True,1,1
1382,bigshakeB1382 25-09-23 10-04-15.fits,2025-09-23 10:04:15,388.2292264837188,236.1732263247132,2.9315495185073823,4.553627421723352,6.903271569182012,10.722973130276749,1013.7361390166701,657.7086108690369,7730.341808985305,10307.001559722532,True,1,1
1383,bigshakeB1383 25-09-23 10-04-15.fits,2025-09-23 10:04:15,387.73323111726575,229.7699205040451,2.8674294603140713,4.631024276026068,6.752280370859852,10.905228794211125,1123.4877983541624,695.3064549134061,7728.1544403745,10304.213967502275,True,1,1
1384,bigshakeB1384 25-09-23 10-04-15.fits,2025-09-23 10:04:15,385.01687385969956,236.7448286405058,2.876652242737775,5.152922855109272,6.773998363782149,12.134206029709423,1253.1687569515375,684.7947319076081,7728.396529282977,10304.926822460342,True,1,1
1385,bigshakeB1385 25-09-23 10-04-15.fits,2025-09-23 10:04:15,380.35269127607035,227.29335298582907,2.80975069676234,4.59772706624837,6.616457262275635,10.826819857183002,1112.5458037583555,681.4414496903198,7729.702092659599,10306.232351204353,True,1,1
1386,bigshakeB1386 25-09-23 10-04-15.fits,2025-09-23 10:04:15,379.2799344072752,229.6853149398583,2.9924958464591342,4.501175885077413,7.046789203913828,10.599459200390218,979.6963043062638,681.490754573741,7728.005038808666,10303.29769442897,True,1,1
1387,bigshakeB1387 25-09-23 10-04-15.fits,2025-09-23 10:04:15,382.31955082979,229.16120007987428,2.9862733935760164,4.539625862480351,7.032136447135401,10.690001977909644,1078.5647363579078,714.0644357966532,7727.941293942505,10303.81364673046,True,1,1
1388,bigshakeB1388 25-09-23 10-04-15.fits,2025-09-23 10:04:15,388.3343556559312,235.91335482690016,2.8981293361581373,4.90597225574784,6.82457305387742,11.552681808200717,1123.61284722322,675.5253033679336,7729.421058534808,10305.593254559088,True,1,1
1389,bigshakeB1389 25-09-23 10-04-15.fits,2025-09-23 10:04:15,387.005075234404,229.74310019640265,2.8089931908904506,4.836258986860899,6.614673472264281,11.388519605221115,1101.0903149343396,667.3577777565738,7729.070486016301,10304.724623991786,True,1,1
1390,bigshakeB1390 25-09-23 10-04-15.fits,2025-09-23 10:04:15,382.8932695314606,235.85325710782942,2.904886550010396,4.816580559877567,6.8404850765052805,11.342180450906087,1033.8839562725673,655.6118587340605,7727.001256565726,10301.861564274228,True,1,1
1391,bigshakeB1391 25-09-23 10-04-15.fits,2025-09-23 10:04:15,379.23206894068164,225.03109201805782,2.8077614568999993,4.769487477314664,6.61177296037342,11.231284716104666,1107.0093842859578,690.9818904319621,7728.412269017693,10303.571004121522,True,1,1
1392,bigshakeB1392 25-09-23 10-04-15.fits,2025-09-23 10:04:15,381.79222536811136,237.78942348791338,3.014631671815143,5.214716684145863,7.0989150891754615,12.279719376984003,1096.4430053162896,672.5017362277854,7729.296346191606,10304.676021255682,True,1,1
1393,bigshakeB1393 25-09-23 10-04-15.fits,2025-09-23 10:04:15,385.83568750880875,225.42531412147466,2.8632802153164265,5.843032644958469,6.742509645567654,13.75929039611841,1252.7765582359318,637.2954111381924,7727.607184704221,10302.762444396722,True,1,1
1394,bigshakeB1394 25-09-23 10-04-15.fits,2025-09-23 10:04:15,384.4373822085825,242.6319484313188,2.8486695400094484,4.976530740286502,6.708104134483343,11.718834341939363,1034.5432330136018,617.1149340260438,7730.9715414193015,10307.314407004114,True,1,1
1395,bigshakeB1395 25-09-23 10-04-15.fits,2025-09-23 10:04:15,383.9428062279697,226.98519237310208,2.851591339276098,5.158119805790157,6.714984445964006,12.14644391334581,1114.0416040064515,685.6339268347334,7737.415570125096,10314.675216079579,True,1,1
1396,bigshakeB1396 25-09-23 10-04-15.fits,2025-09-23 10:04:15,384.3896205275935,238.56595946958035,2.9330521567563865,5.006531317662674,6.9068100118511975,11.789480302907275,1084.5415327884155,669.890279056206,7728.375583033791,10303.59834012832,True,1,1
1397,bigshakeB1397 25-09-23 10-04-15.fits,2025-09-23 10:04:15,384.9840403547388,225.2098345023511,2.7271984594359937,5.11406254664682,6.422061599057402,12.042696996385956,1157.431951804781,657.5339465430928,7730.644860862543,10306.450077038102,True,1,1
1398,bigshakeB1398 25-09-23 10-04-16.fits,2025-09-23 10:04:16,383.5105583909661,228.1687856543126,2.865187449220041,5.132143771594597,6.747000838194447,12.085275027331695,1103.75663417327,658.4335900266809,7731.935725226597,10308.115963072967,True,1,1
1399,bigshakeB1399 25-09-23 10-04-16.fits,2025-09-23 10:04:16,383.0131788296922,232.1820067133118,2.944534415634841,5.1366815453204895,6.933848665220417,12.095960667861242,1150.6081725050244,662.5408616578459,7727.8289530656475,10303.692268134537,True,1,1
1400,bigshakeB1400 25-09-23 10-04-16.fits,2025-09-23 10:04:16,386.24060045078215,239.58434431762797,2.866936560375192,5.626401224090078,6.751119680203584,13.249162383873985,1240.8277636744363,662.3826083164764,7727.024975849857,10301.8150453113,True,1,1
1401,bigshakeB1401 25-09-23 10-04-16.fits,2025-09-23 10:04:16,385.71699530240795,225.40287905486446,2.7941007108658202,5.728681970799333,6.579604361782058,13.490015136445674,1271.0977230461483,641.199116084874,7730.2867524294115,10306.413725646484,True,1,1
1402,bigshakeB1402 25-09-23 10-04-16.fits,2025-09-23 10:04:16,384.7134818125216,226.03844208748603,2.8619080294584416,4.769661416677695,6.739278394803763,11.231694312003352,1035.7300466850988,656.0385478079621,7729.346784943203,10304.934490020181,True,1,1
1403,bigshakeB1403 25-09-23 10-04-16.fits,2025-09-23 10:04:16,382.8440589224455,227.01768214810076,2.960575990326053,5.000257358677702,6.971623686857144,11.774706258527763,1067.5794282586314,652.1100308786652,7729.705352008698,10305.75123356365,True,1,1
1404,bigshakeB1404 25-09-23 10-04-16.fits,2025-09-23 10:04:16,386.60273684222494,240.68086642956,2.9539733325332618,5.2977068977093325,6.956075615936199,12.47514639542466,1092.6274795889465,663.0275562097156,7731.45097740334,10307.11334138764,True,1,1
1405,bigshakeB1405 25-09-23 10-04-16.fits,2025-09-23 10:04:16,385.333763079186,235.37604212889397,2.871577869534272,5.414071748368085,6.762049128046572,12.749164678292924,1099.5325662899943,650.9445899919373,7730.241544479335,10305.072892587032,True,1,1
1406,bigshakeB1406 25-09-23 10-04-16.fits,2025-09-23 10:04:16,384.2249467911775,228.97676924497588,2.831320080514148,5.373345680730497,6.667249279493357,12.653262117864648,1099.9116802439084,610.8617006025343,7730.738833039686,10306.773574665294,True,1,1
1407,bigshakeB1407 25-09-23 10-04-16.fits,2025-09-23 10:04:16,384.9150044914722,226.55409892980254,2.8345606719982612,5.241687807417202,6.674880289277904,12.343231518700355,1169.0983357850669,635.185470988948,7729.3520848144535,10305.721503507604,True,1,1
1408,bigshakeB1408 25-09-23 10-04-16.fits,2025-09-23 10:04:16,385.0795718470975,240.33388698823967,2.8269969938742467,5.680393342089146,6.657069188417312,13.376304105611867,1112.5034173844094,614.7294388665321,7735.53522537971,10312.235608675857,True,1,1
1409,bigshakeB1409 25-09-23 10-04-16.fits,2025-09-23 10:04:16,383.8756559736288,232.71712999100433,2.8210846889894614,5.30532587110064,6.643146774362285,12.49308770668907,1193.2753067418364,643.6955641996702,7730.040406705091,10306.466307332708,True,1,1
1410,bigshakeB1410 25-09-23 10-04-16.fits,2025-09-23 10:04:16,384.19914321779794,226.83135899021136,2.8448003770917976,5.851244206849645,6.698992952087369,13.778627146660764,1173.0282024424491,632.3174113635419,7727.82859931337,10301.876807176652,True,1,1
1411,bigshakeB1411 25-09-23 10-04-16.fits,2025-09-23 10:04:16,384.8592855586696,228.31301159542153,2.9082837254643787,5.713514303883696,6.848484813360805,13.454298010356379,1081.4293108550532,616.6803234567963,7729.000617545754,10303.358575488015,True,1,1
1412,bigshakeB1412 25-09-23 10-04-16.fits,2025-09-23 10:04:16,386.9398467192547,236.53055671928314,2.89572233967818,5.555289291894584,6.8189050103180975,13.081706580499155,1144.3354674591396,628.2449859926705,7729.612252482613,10305.228458671545,True,1,1
1413,bigshakeB1413 25-09-23 10-04-16.fits,2025-09-23 10:04:16,385.2650537192005,232.26064228796085,2.877181431756264,6.021742536618679,6.775244508690497,14.180120031245181,1263.8587843453172,642.0566485466015,7729.053155779925,10304.203382334574,True,1,1
1414,bigshakeB1414 25-09-23 10-04-16.fits,2025-09-23 10:04:16,383.81388607170686,231.59189434261216,2.8819513805464596,4.934308543860431,6.786476879715421,11.619408667450019,967.722147497935,603.336777898709,7731.344052766428,10307.47633906405,True,1,1
1415,bigshakeB1415 25-09-23 10-04-16.fits,2025-09-23 10:04:16,384.54702100570506,224.66040609381366,2.9160526420944595,5.522628896718809,6.866779213969494,13.004797227260607,1050.1335614445109,603.6316202179041,7727.1673292730175,10301.472542060497,True,1,1
1416,bigshakeB1416 25-09-23 10-04-16.fits,2025-09-23 10:04:16,388.7151443982447,239.59156539064418,2.8967282844321782,5.700830020595482,6.821273829189007,13.42442880581244,1138.6845411675215,604.4927368892982,7727.2765431393245,10302.264338291396,True,1,1
1417,bigshakeB1417 25-09-23 10-04-16.fits,2025-09-23 10:04:16,386.0029525897949,233.22090057387626,2.81886579375146,5.718903405097415,6.637921675378015,13.466988373919145,1152.8566929099786,609.4575074719529,7730.317326612056,10305.859012676838,True,1,1
1418,bigshakeB1418 25-09-23 10-04-16.fits,2025-09-23 10:04:16,379.6297904256083,237.14286483491395,2.8089974170832837,5.480256141587157,6.614683424187878,12.905017014113405,1152.2036272268595,614.5150448522015,7729.528445018544,10305.352975702155,True,1,1
1419,bigshakeB1419 25-09-23 10-04-16.fits,2025-09-23 10:04:16,377.70027336217686,225.60677615467264,2.8654803583127046,5.777255067256123,6.747690586397224,13.604396037631343,1166.1654904073807,641.5525929726072,7727.829359418838,10301.867500944174,True,1,1
1420,bigshakeB1420 25-09-23 10-04-16.fits,2025-09-23 10:04:16,382.276887333788,231.1712110191041,3.0740761028761536,5.784194835994742,7.238896027003389,13.620737944164924,1052.4952961305105,601.5201095553141,7725.976449919605,10300.028467500219,True,1,1
1421,bigshakeB1421 25-09-23 10-04-16.fits,2025-09-23 10:04:16,389.0595749077324,239.34430721235205,2.8664525953601414,6.956111807086707,6.74998002968505,16.380391518804238,1276.4554382835095,592.4422668337611,7728.324219221551,10302.01864090137,True,1,1
1422,bigshakeB1422 25-09-23 10-04-16.fits,2025-09-23 10:04:16,389.284063342441,237.6168589320298,2.796380097907015,5.69182765063987,6.584971908077048,13.40322984458818,1086.3070139226559,589.5861539249726,7727.796166912828,10302.067082815618,True,1,1
1423,bigshakeB1423 25-09-23 10-04-16.fits,2025-09-23 10:04:16,383.10276460552456,228.9698003403572,2.7979935145151402,5.3484511799862675,6.588771213846846,12.594640048501097,1133.5270045843827,608.0949328332322,7726.203085527953,10301.182348482384,True,1,1
1424,bigshakeB1424 25-09-23 10-04-16.fits,2025-09-23 10:04:16,380.60015480179493,232.80812838035067,2.8741681608576553,5.670782294984193,6.768148797977345,13.353671819235387,1074.8339965602097,592.132846558811,7730.383421016519,10305.775212600316,True,1,1
1425,bigshakeB1425 25-09-23 10-04-16.fits,2025-09-23 10:04:16,384.7725887819777,223.59274335608356,2.887881070521397,6.141130054276847,6.800440232529222,14.461256150953123,1176.0507548066714,596.0177437246491,7729.090236943356,10304.07538092288,True,1,1
1426,bigshakeB1426 25-09-23 10-04-16.fits,2025-09-23 10:04:16,388.58809150783793,228.46082473888265,2.7827979472950517,6.161771513732519,6.552988387561367,14.50986307343803,1191.536256542054,594.8140591761912,7728.791422366433,10303.231116334917,True,1,1
1427,bigshakeB1427 25-09-23 10-04-16.fits,2025-09-23 10:04:16,387.04404231010676,233.2129548127465,2.8270244359244048,5.050346855682592,6.657133809507101,11.892658010120394,1007.6808222756603,617.4196495320906,7729.381675014921,10304.435152829734,True,1,1
1428,bigshakeB1428 25-09-23 10-04-16.fits,2025-09-23 10:04:16,383.07390221896867,238.44492341797206,2.753576740021271,5.480158670877407,6.4841777029330645,12.904787488132284,1132.707990321099,598.0726743725431,7732.516922631031,10309.19467235207,True,1,1
1429,bigshakeB1429 25-09-23 10-04-16.fits,2025-09-23 10:04:16,380.24429981515675,235.07751909456783,2.933837290120714,5.940931688324408,6.908658859635539,13.989825025825876,1141.644793463006,599.240329471689,7727.10046732566,10301.70060079074,True,1,1
1430,bigshakeB1430 25-09-23 10-04-16.fits,2025-09-23 10:04:16,379.72503795170707,229.9961182315734,2.9175759048751897,6.103197212126464,6.870366223699407,14.371931133892403,1145.934077888056,597.2643737520951,7729.355414414109,10304.230797525926,True,1,1
1431,bigshakeB1431 25-09-23 10-04-16.fits,2025-09-23 10:04:16,382.74956450181196,231.04027686434014,2.9223598669688133,5.904670227711661,6.88163159353214,13.90443581151288,1145.8696859001873,609.7497852832906,7728.636242674356,10303.533765077387,True,1,1
1432,bigshakeB1432 25-09-23 10-04-16.fits,2025-09-23 10:04:16,386.3080025154753,238.67098309417818,2.799122748507875,5.866690083438391,6.591430356688469,13.814999406465015,1147.7304592485923,577.4501621965691,7730.418921336334,10306.310921671899,True,1,1
1433,bigshakeB1433 25-09-23 10-04-16.fits,2025-09-23 10:04:16,388.2856479253236,235.14829026385456,2.813010946730628,6.4682030197292795,6.6241345642527705,15.231454126188224,1257.8349087070803,587.2706832918094,7729.463732399249,10304.592410230922,True,1,1
1434,bigshakeB1434 25-09-23 10-04-16.fits,2025-09-23 10:04:16,388.6496293544997,226.52181062799764,2.7474496612115353,6.858271064382096,6.469749534934414,16.149994176662705,1373.7695103677902,576.7219067349342,7730.442306325741,10306.311448275,True,1,1
1435,bigshakeB1435 25-09-23 10-04-16.fits,2025-09-23 10:04:16,386.44893634256687,231.50883717098017,2.761520547285248,5.969000803417429,6.50288393951214,14.055922740693203,1142.6362844576372,568.5307290718591,7729.786798606493,10305.13876167333,True,1,1
1436,bigshakeB1436 25-09-23 10-04-16.fits,2025-09-23 10:04:16,382.7866759192772,232.31287665810288,2.825229702380618,5.544369886052567,6.6529075349827025,13.055993344742545,1068.9571104184959,585.494412000897,7728.493529430533,10303.477061135403,True,1,1
1437,bigshakeB1437 25-09-23 10-04-16.fits,2025-09-23 10:04:16,381.24237547895217,239.06797042145615,2.827060747486539,5.925441244702737,6.657219316701481,13.953347818679145,1135.143102173711,581.6261439478927,7737.412395021636,10315.31078648849,True,1,1
1438,bigshakeB1438 25-09-23 10-04-16.fits,2025-09-23 10:04:16,384.73247627123175,225.81169923192334,2.9218338059449502,5.96452523379897,6.880392814488237,14.045383579642722,1086.7181432348443,583.4921721878048,7730.91863955668,10306.298536376264,True,1,1
1439,bigshakeB1439 25-09-23 10-04-16.fits,2025-09-23 10:04:16,388.01761680241844,227.73272731250046,2.8987576557796104,5.513879335174994,6.826052633516752,12.984193584351999,1034.0424976992683,557.7493791762157,7729.56177443307,10305.675434806593,True,1,1
1440,bigshakeB1440 25-09-23 10-04-16.fits,2025-09-23 10:04:16,387.4635454485711,237.50886597172368,2.811408610358653,6.234848091335476,6.620361350445162,14.681945263199733,1164.1383782863156,554.9238631356792,7729.133023245283,10304.534171011785,True,1,1
1441,bigshakeB1441 25-09-23 10-04-16.fits,2025-09-23 10:04:16,384.1492093364862,234.24267284026317,2.863939803059157,5.802387547817907,6.7440628560056926,13.663578506639583,1182.0444773252611,588.8567874398673,7732.002032351027,10309.171696765427,True,1,1
1442,bigshakeB1442 25-09-23 10-04-16.fits,2025-09-23 10:04:16,383.96233962844576,234.7758363238229,2.9513541307342996,6.4385988275180654,6.949907867038021,15.161741580952308,1082.9455554899923,553.5977646427642,7729.022539692572,10303.440394629433,True,1,1
1443,bigshakeB1443 25-09-23 10-04-16.fits,2025-09-23 10:04:16,385.98752379207303,231.117436641796,2.914960717549768,6.383426521958845,6.864207928163992,15.031820729890883,1140.9880447224511,557.3875927779417,7728.825181973408,10303.888144704653,True,1,1
1444,bigshakeB1444 25-09-23 10-04-16.fits,2025-09-23 10:04:16,386.779440002736,232.399385082527,2.787458444800494,5.8686433347224805,6.563963020507,13.819598961741772,1113.9031284952164,582.6421081256402,7728.0156605865595,10302.379247928407,True,1,1
1445,bigshakeB1445 25-09-23 10-04-16.fits,2025-09-23 10:04:16,386.15116900338296,233.34004993739998,2.8246980195250395,6.7115657315692445,6.651655517536787,15.804529518242065,1246.6010558109554,571.7240308690218,7729.771064394089,10304.711786859603,True,1,1
1446,bigshakeB1446 25-09-23 10-04-16.fits,2025-09-23 10:04:16,387.16681296828017,229.59783942111824,2.947174749095975,6.53077598813676,6.94006617538026,15.378802206471248,1163.9785188864935,557.8837831309451,7730.689284061963,10306.473573776886,True,1,1
1447,bigshakeB1447 25-09-23 10-04-16.fits,2025-09-23 10:04:16,389.179230716604,225.17372761350393,2.8871003602742134,6.870991382854196,6.798601800389793,16.179948237579982,1288.7512419124146,570.1499356964043,7731.085081847555,10307.086032343565,True,1,1
1448,bigshakeB1448 25-09-23 10-04-16.fits,2025-09-23 10:04:16,386.1052994050769,242.71922682286078,2.922046567522121,5.779832514318993,6.880893829714973,13.610465461639995,1005.5626507854835,558.4406667538415,7729.907456100522,10305.032025319082,True,1,1
1449,bigshakeB1449 25-09-23 10-04-16.fits,2025-09-23 10:04:16,383.05495077538365,227.10768552097204,2.9621598733943566,5.90713184395093,6.97535344645537,13.910232474776285,1099.5788942052309,604.4751364948629,7729.53217134488,10304.40530521179,True,1,1
1450,bigshakeB1450 25-09-23 10-04-17.fits,2025-09-23 10:04:17,384.55743388699705,231.59215075059754,3.047313202849269,5.95089084527675,7.175874213556922,14.013277048248861,1094.6847558156255,590.0505050113192,7728.541048147669,10303.805022065264,True,1,1
1451,bigshakeB1451 25-09-23 10-04-17.fits,2025-09-23 10:04:17,388.0738414753098,229.81519464703732,2.9677663163251244,6.701450007386227,6.988555610650065,15.78070880816589,1161.5491525210834,552.7220314028696,7727.861148194779,10302.473647829227,True,1,1
1452,bigshakeB1452 25-09-23 10-04-17.fits,2025-09-23 10:04:17,386.05983230399164,242.67969053747194,2.9370651458324986,5.573366823709516,6.916259878968116,13.124275914781641,1036.9601006524267,589.6660377259576,7728.7605693352225,10303.75657050359,True,1,1
1453,bigshakeB1453 25-09-23 10-04-17.fits,2025-09-23 10:04:17,383.0437143646465,233.78341963774662,2.939471304856154,6.272883555987006,6.921925950468552,14.771511937783224,1100.663889187809,579.0397875025374,7728.468953566646,10302.552711561673,True,1,1
1454,bigshakeB1454 25-09-23 10-04-17.fits,2025-09-23 10:04:17,383.4874012521384,229.5438592840121,3.0133208936979683,5.676525495312376,7.09582844259055,13.367196022490822,1083.1802951942493,616.4636582846304,7734.681939018852,10311.679950041284,True,1,1
1455,bigshakeB1455 25-09-23 10-04-17.fits,2025-09-23 10:04:17,386.59788419407147,224.57217858223325,3.0854793086513745,6.541249092040955,7.265748524540492,15.403464481478538,1128.0759457522415,557.2829471628211,7728.078580921016,10303.244836131711,True,1,1
1456,bigshakeB1456 25-09-23 10-04-17.fits,2025-09-23 10:04:17,387.83871622808385,235.21836341129233,3.1097603695834404,5.9773579522486315,7.322926053537938,14.075602322280226,1008.7094902062333,569.5241323696415,7729.250150216824,10304.270441030587,True,1,1
1457,bigshakeB1457 25-09-23 10-04-17.fits,2025-09-23 10:04:17,384.45798007070255,240.69190938381809,2.9950615536896827,6.245766011546382,7.052830982730004,14.707655000562424,1100.9667816807867,584.1131904111218,7728.217945794358,10302.458818170238,True,1,1
1458,bigshakeB1458 25-09-23 10-04-17.fits,2025-09-23 10:04:17,382.3271113485707,228.50276220609766,3.0730381349314024,6.028980148684078,7.23645179928099,14.197163305214941,1060.1650838367837,585.0341669592924,7728.116540985399,10302.749422024312,True,1,1
1459,bigshakeB1459 25-09-23 10-04-17.fits,2025-09-23 10:04:17,380.98241403082545,224.41996816070272,3.1480269616299856,6.332889974610403,7.413036991544165,14.912816255188117,1072.0270962624031,572.2477399092459,7728.119852483845,10302.858383988465,True,1,1
1460,bigshakeB1460 25-09-23 10-04-17.fits,2025-09-23 10:04:17,386.7097209530703,221.76341785759328,3.3565541991255454,5.449572465444628,7.904081110333639,12.83276247847774,948.2835455445252,584.4758751926037,7730.024202562681,10306.687560214155,True,1,1
1461,bigshakeB1461 25-09-23 10-04-17.fits,2025-09-23 10:04:17,389.9208911631549,241.28250151526007,3.2872005180054025,6.167011452345285,7.740765671835242,14.522202185918104,1009.9427821931858,583.6698555147264,7726.273880941139,10300.238322550478,True,1,1
1462,bigshakeB1462 25-09-23 10-04-17.fits,2025-09-23 10:04:17,388.3603148198592,240.79815129216777,3.003607424943055,6.532048333021055,7.072954971659699,15.381798349708978,1175.903617946981,569.3210429325626,7729.31047992456,10304.771394025664,True,1,1
1463,bigshakeB1463 25-09-23 10-04-17.fits,2025-09-23 10:04:17,380.5799348114429,233.91790877556699,3.0612371711174746,6.239151297965708,7.208662653141268,14.692078540430513,1056.6800147141082,564.7179965426069,7729.405763831927,10304.367174244613,True,1,1
1464,bigshakeB1464 25-09-23 10-04-17.fits,2025-09-23 10:04:17,381.16560818520406,223.3117070962957,3.125496668730817,5.768258946446533,7.359982206204784,13.583211792021402,1004.0976671744447,597.5387083581919,7734.636622929215,10311.238039459415,True,1,1
1465,bigshakeB1465 25-09-23 10-04-17.fits,2025-09-23 10:04:17,384.5166258276086,232.16759106673106,3.187033282359251,5.603782695830968,7.504889857480346,13.195899820140335,975.4518175541142,575.5682330516872,7729.969375806603,10306.017131597126,True,1,1
1466,bigshakeB1466 25-09-23 10-04-17.fits,2025-09-23 10:04:17,388.81650661536156,236.75254759284806,3.37324390655116,6.066824828048777,7.943382367925178,14.286280714780702,975.752072287552,556.3024934976116,7729.399310994904,10305.429489976948,True,1,1
1467,bigshakeB1467 25-09-23 10-04-17.fits,2025-09-23 10:04:17,387.13554468253534,235.42813930078603,3.208775001960229,6.096834645873711,7.556087694610171,14.356948435342584,1052.8827933205964,574.0853675400507,7731.124135381536,10307.530294698641,True,1,1
1468,bigshakeB1468 25-09-23 10-04-17.fits,2025-09-23 10:04:17,387.39414398050303,221.48011491614125,3.170758278999095,6.540328532561284,7.466565153334905,15.401296729563164,1063.823666966791,568.0253866888902,7728.9184730232,10303.438945559692,True,1,1
1469,bigshakeB1469 25-09-23 10-04-17.fits,2025-09-23 10:04:17,385.42547627371385,232.58574223691394,3.289701969134357,5.492779785744843,7.74665613909537,12.93450794241276,927.7267601335226,605.052032026564,7728.685796090657,10303.49672405833,True,1,1
1470,bigshakeB1470 25-09-23 10-04-17.fits,2025-09-23 10:04:17,385.23868908324056,235.58558785167432,3.218211096757632,6.46732489358593,7.578307999785907,15.2293862971438,1088.1365674867095,594.6155038002059,7730.703368460043,10305.809544522599,True,1,1
1471,bigshakeB1471 25-09-23 10-04-17.fits,2025-09-23 10:04:17,384.1341840969998,234.7270054959906,3.1286292999679692,6.216284218657053,7.367358989035721,14.638230683703181,1099.268298708028,595.8588147931256,7729.823744526404,10305.048706915592,True,1,1
1472,bigshakeB1472 25-09-23 10-04-17.fits,2025-09-23 10:04:17,387.302196732606,231.34182462991382,3.176616407906675,5.937212954223281,7.48035999271285,13.981068076222403,1012.6616787761618,573.9835577252206,7726.939974459261,10301.589073363697,True,1,1
1473,bigshakeB1473 25-09-23 10-04-17.fits,2025-09-23 10:04:17,387.29433872635207,227.40637967272718,3.188618952504045,5.844122710716558,7.508623825322114,13.761857304815958,1010.635767482039,568.6959757398207,7731.0551707259065,10307.546141808984,True,1,1
1474,bigshakeB1474 25-09-23 10-04-17.fits,2025-09-23 10:04:17,388.12000992153804,236.8649392601608,3.1599396636699546,6.013991369600696,7.441089261098365,14.161867427778851,1087.516999055754,599.5373788396524,7728.468752753903,10303.741811362672,True,1,1
1475,bigshakeB1475 25-09-23 10-04-17.fits,2025-09-23 10:04:17,383.6303695125844,235.3483302179675,3.1945350392088607,5.7094457501711355,7.522555144882755,13.444717298519755,1037.691877716914,570.1547631017934,7727.911984357466,10304.194279101821,True,1,1
1476,bigshakeB1476 25-09-23 10-04-17.fits,2025-09-23 10:04:17,378.99789346927474,234.41733885675157,3.26160065744002,5.718896595703981,7.680482607025882,13.466972339022991,977.6460054223973,599.2450329572324,7735.418964599049,10312.647362124224,True,1,1
1477,bigshakeB1477 25-09-23 10-04-17.fits,2025-09-23 10:04:17,379.3723012238611,230.72112760752816,3.276889412967054,6.452898787875763,7.716484875004519,15.195415414245764,1039.7063787449456,586.1258379694596,7725.692047478908,10298.963341026218,True,1,1
1478,bigshakeB1478 25-09-23 10-04-17.fits,2025-09-23 10:04:17,384.42803172542057,233.65607341026472,3.59154011067933,6.2330734733527295,8.457430645160361,14.67776635720169,1002.3547229386428,619.3890375824504,7735.658039450105,10312.849305807455,True,1,1
1479,bigshakeB1479 25-09-23 10-04-17.fits,2025-09-23 10:04:17,393.4218745853494,223.23379886829434,3.442876689711961,6.22740980208949,8.107355041503526,14.664429430582548,1007.6051260599517,586.3036673568405,7727.4005556466955,10302.249825292449,True,1,1
1480,bigshakeB1480 25-09-23 10-04-17.fits,2025-09-23 10:04:17,393.5209995685507,228.71688399953112,3.157047985332721,5.890307099246824,7.434279878986066,13.870613228694527,1055.8007985554045,595.2412931145537,7728.8185501300095,10304.188281691246,True,1,1
1481,bigshakeB1481 25-09-23 10-04-17.fits,2025-09-23 10:04:17,383.16211413566356,238.03351697595866,3.0414734889445287,5.530692282424804,7.162122738196794,13.0237850495519,1046.7000643051392,601.4908199816904,7728.18456652649,10303.49853831176,True,1,1
1482,bigshakeB1482 25-09-23 10-04-17.fits,2025-09-23 10:04:17,374.52103493925785,234.46691916699848,3.1642249282738946,5.753749732747954,7.451180288085985,13.54904520476635,1030.831306514946,589.8372089661732,7729.423319872866,10305.20847065425,True,1,1
1483,bigshakeB1483 25-09-23 10-04-17.fits,2025-09-23 10:04:17,374.9683762093502,226.5952233333242,3.5016765432692574,6.30497371896058,8.245818115305132,14.847078496801705,1015.7160249224072,595.3319414284949,7728.0275823567845,10303.008832940412,True,1,1
1484,bigshakeB1484 25-09-23 10-04-17.fits,2025-09-23 10:04:17,383.06653666418555,220.90296688360218,3.7300770673336774,5.7820639980814805,8.783660247667601,13.615720204334062,871.1063488737475,593.1302164779013,7726.567544142578,10301.148908423023,True,1,1
1485,bigshakeB1485 25-09-23 10-04-17.fits,2025-09-23 10:04:17,392.56015315441095,236.65992122097913,3.421654735576275,5.891566692967214,8.057381158510085,13.873579345235896,973.666764524294,587.9706137285949,7731.431310659968,10307.883060403561,True,1,1
1486,bigshakeB1486 25-09-23 10-04-17.fits,2025-09-23 10:04:17,393.9356824496004,239.33309592078777,3.2011895401153407,6.13480576408807,7.538225297007011,14.446363585645997,1077.966497591536,585.5513679146279,7727.651858786566,10302.797041360613,True,1,1
1487,bigshakeB1487 25-09-23 10-04-17.fits,2025-09-23 10:04:17,381.71260184693557,237.81722753344562,3.1293944033140395,5.764383510642386,7.369160669731567,13.574085838106564,1017.6172341617713,608.824042579157,7727.371215463421,10301.464583170175,True,1,1
1488,bigshakeB1488 25-09-23 10-04-17.fits,2025-09-23 10:04:17,373.4286479452751,230.79980098650321,3.1576375255802427,5.6902267243509,7.435668140178283,13.399459951272298,993.2867987896776,604.2914439945429,7728.8611119387315,10303.570458335753,True,1,1
1489,bigshakeB1489 25-09-23 10-04-17.fits,2025-09-23 10:04:17,373.52228410251996,225.7479243458191,3.6916846629951636,5.542837983040009,8.693253044354336,13.05238598882153,838.8216861688643,580.2427029817081,7728.582518075773,10304.15250826486,True,1,1
1490,bigshakeB1490 25-09-23 10-04-17.fits,2025-09-23 10:04:17,384.8638211489465,229.74728312271472,3.8691013679320507,5.769748588420726,9.111037457463059,13.58671963080215,871.1029462751252,618.5065944512609,7730.669837741465,10306.524536001361,True,1,1
1491,bigshakeB1491 25-09-23 10-04-17.fits,2025-09-23 10:04:17,394.95168668919376,239.35782806396892,3.32868854095088,6.345525114173571,7.8384624998959564,14.942569735103229,1092.47239886399,575.8116575213163,7729.408820918531,10305.787943944148,True,1,1
1492,bigshakeB1492 25-09-23 10-04-17.fits,2025-09-23 10:04:17,391.50235819148975,227.66034442159932,3.2087957420442708,6.312211330660798,7.556136533775808,14.86412176991153,1076.328826686732,606.8278466234192,7729.702827199875,10304.303222633467,True,1,1
1493,bigshakeB1493 25-09-23 10-04-17.fits,2025-09-23 10:04:17,377.57591911267775,234.90798818678232,3.1788552143784616,5.443993782696981,7.485631979069557,12.819625684518712,964.2415425224694,600.8046460992605,7729.841753871732,10305.382038530415,True,1,1
1494,bigshakeB1494 25-09-23 10-04-17.fits,2025-09-23 10:04:17,371.05228204234936,226.56261951857684,3.334876742177258,5.965676231291581,7.853034600186516,14.048093971610104,975.3434373129122,564.8598968258584,7729.034086218041,10304.76715849625,True,1,1
1495,bigshakeB1495 25-09-23 10-04-17.fits,2025-09-23 10:04:17,376.6491509469705,234.2160531698873,4.00088694376479,5.9522766473598105,9.42136877307994,14.016540362772497,856.381956129832,596.5428797544853,7730.24620493476,10306.344778682284,True,1,1
1496,bigshakeB1496 25-09-23 10-04-17.fits,2025-09-23 10:04:17,388.4522065982251,232.51809412557523,3.757477405346838,6.254994447234767,8.848183112861616,14.729386305905713,940.207059095041,611.9786966918365,7725.474322865213,10299.091289788747,True,1,1
1497,bigshakeB1497 25-09-23 10-04-17.fits,2025-09-23 10:04:17,391.9001072836838,233.63269186394777,3.3267616117239656,5.728811478482376,7.833924928327062,13.490320103733687,993.3497865060369,594.0128075300792,7727.967970484659,10303.443699138761,True,1,1
1498,bigshakeB1498 25-09-23 10-04-17.fits,2025-09-23 10:04:17,386.82881680526265,232.08654756277073,3.253969198067393,5.533117769411519,7.66251189352238,13.02949663492718,924.2108753780047,575.2034366630785,7728.2385658297935,10303.402569807518,True,1,1
1499,bigshakeB1499 25-09-23 10-04-17.fits,2025-09-23 10:04:17,379.2905876052287,233.13576295737843,3.173485835989348,5.9914653996992575,7.472988059209516,14.10882282232118,994.3866764660695,572.7018017238411,7729.821723836458,10304.989476406623,True,1,1
1500,bigshakeB1500 25-09-23 10-04-17.fits,2025-09-23 10:04:17,376.7262636224913,232.12578267235068,3.3065210142115076,6.494678542682451,7.786261963581323,15.29379921834103,1009.2161626523558,563.7042119723056,7734.94280525058,10311.564665092748,True,1,1
1501,bigshakeB1501 25-09-23 10-04-17.fits,2025-09-23 10:04:17,382.2006495112679,225.3690534237498,3.361166345905011,5.92335411244736,7.91494188602055,13.94843299780755,1010.5777967911189,581.1304329691919,7729.071383445587,10305.190792760588,True,1,1
1502,bigshakeB1502 25-09-23 10-04-17.fits,2025-09-23 10:04:17,385.13936586064887,233.2075645636887,3.4582001813988468,5.486451318937324,8.14343910688767,12.9196055419201,877.9800569459647,596.7087692191626,7734.6317156999,10311.6015962951,True,1,1
1503,bigshakeB1503 25-09-23 10-04-17.fits,2025-09-23 10:04:17,386.55463073459146,235.81811173383016,3.2580322078860866,5.837342396793222,7.672079550486598,13.745890885677685,1012.3511550567362,603.0261348317787,7728.258525732072,10303.18644364754,True,1,1
1504,bigshakeB1504 25-09-23 10-04-18.fits,2025-09-23 10:04:18,387.031392174992,236.0395178824202,3.3018965947234413,5.820452203003141,7.775372287874192,13.706117518776345,1024.9902869435539,573.6940077894709,7729.077402097191,10305.67285575131,True,1,1
1505,bigshakeB1505 25-09-23 10-04-18.fits,2025-09-23 10:04:18,388.33141030182975,221.02969810350166,3.2419538490186692,6.249203913938182,7.634217908734402,14.715750642027494,1011.0625004074328,562.6422347857504,7728.141763765932,10302.944852929497,True,1,1
1506,bigshakeB1506 25-09-23 10-04-18.fits,2025-09-23 10:04:18,383.4534802529778,238.79456633714355,3.1216063759651,5.393699564960751,7.350821266819035,12.701191852444287,977.2187070298776,603.7929920324538,7729.02429708408,10304.288997596334,True,1,1
1507,bigshakeB1507 25-09-23 10-04-18.fits,2025-09-23 10:04:18,381.05253148534877,233.0887249600198,3.2329502060509805,6.045523958651608,7.613015949795787,14.236121000547662,1055.469636208518,598.9230369562522,7729.99168831439,10305.566648739275,True,1,1
1508,bigshakeB1508 25-09-23 10-04-18.fits,2025-09-23 10:04:18,381.6977271083529,233.82850772326165,3.5300716286546456,6.109563114772454,8.31268343155101,14.386921689047897,952.2490101189736,580.0864934925122,7730.574923392289,10306.479836015487,True,1,1
1509,bigshakeB1509 25-09-23 10-04-18.fits,2025-09-23 10:04:18,388.4699868376725,220.5512931056388,3.574411038864341,6.3933769595126435,8.41709476349765,15.055252219699398,975.9900702242846,595.1950392480252,7734.625628855078,10311.180232829687,True,1,1
1510,bigshakeB1510 25-09-23 10-04-18.fits,2025-09-23 10:04:18,390.83359314992117,236.17764489340763,3.3749398139670372,5.567098895468609,7.947375924702603,13.109516071719138,921.0633991397315,562.5878890322977,7729.520409286963,10305.904758993858,True,1,1
1511,bigshakeB1511 25-09-23 10-04-18.fits,2025-09-23 10:04:18,386.68819793773395,235.8860057952089,3.176904339183863,5.719319732901517,7.481038019055963,13.467968750977548,1001.308649242723,603.3573871864661,7726.661344635484,10300.806547207925,True,1,1
1512,bigshakeB1512 25-09-23 10-04-18.fits,2025-09-23 10:04:18,380.93898668743833,236.7750233868671,3.2679172911681182,6.294922556769227,7.695357142745926,14.82340981859765,989.4550997104751,581.2716621012696,7731.453006536524,10306.381451043877,True,1,1
1513,bigshakeB1513 25-09-23 10-04-18.fits,2025-09-23 10:04:18,379.91401138758806,225.4800080521744,3.2008263517871676,6.501318867975176,7.537370053851707,15.309435989445864,1147.7469136688383,600.0130111425608,7731.762973493217,10307.831154467129,True,1,1
1514,bigshakeB1514 25-09-23 10-04-18.fits,2025-09-23 10:04:18,384.46384257321324,226.62042135688927,3.434310662827251,5.8442166929878505,8.087183589689136,13.762078616152277,948.701173059813,593.0587246994487,7729.723543442485,10305.212744569282,True,1,1
1515,bigshakeB1515 25-09-23 10-04-18.fits,2025-09-23 10:04:18,387.94949399890737,236.19622347412596,3.310699527047041,6.16007269367199,7.7961016093648565,14.505862657906595,991.1874242845154,575.5143327800656,7728.85224971483,10303.759325120309,True,1,1
1516,bigshakeB1516 25-09-23 10-04-18.fits,2025-09-23 10:04:18,389.17138142227844,240.52137473104395,3.282340530419393,5.725686342234439,7.729321275649105,13.482960970253592,969.2456260500574,601.6566983085252,7728.331917718908,10303.066505044757,True,1,1
1517,bigshakeB1517 25-09-23 10-04-18.fits,2025-09-23 10:04:18,384.6582159791229,232.12344003455544,3.1988034959405027,5.480797603128613,7.532606592355773,12.906292058604839,1010.1191703478296,594.4868927367853,7728.415079789249,10304.411973951344,True,1,1
1518,bigshakeB1518 25-09-23 10-04-18.fits,2025-09-23 10:04:18,382.09410285496386,224.39660396365707,3.2152069440521496,5.693358215796789,7.571233760776704,13.40683405009992,947.729491671579,580.4734685160614,7729.18427589034,10304.233304400224,True,1,1
1519,bigshakeB1519 25-09-23 10-04-18.fits,2025-09-23 10:04:18,382.69817280856756,229.98209580645948,3.354182549920237,5.7795349492837245,7.898496303245198,13.609764749530246,932.3545461133054,579.6037005524764,7729.434457981586,10304.750409855995,True,1,1
1520,bigshakeB1520 25-09-23 10-04-18.fits,2025-09-23 10:04:18,388.3978316127541,238.57835107154776,3.4508707869817306,6.286669993498944,8.126179701996307,14.803976517185902,957.3174970668937,564.5992253578443,7730.365867984116,10305.870522405947,True,1,1
1521,bigshakeB1521 25-09-23 10-04-18.fits,2025-09-23 10:04:18,388.14746938709084,235.29127289145106,3.2917968919599994,6.56428276625219,7.751589305357984,15.457704639221866,1037.0130160197264,584.1821192186449,7730.039504568415,10304.520293263535,True,1,1
1522,bigshakeB1522 25-09-23 10-04-18.fits,2025-09-23 10:04:18,386.82451274860114,225.28914277978143,3.19498947619053,6.140346376876593,7.5236252621963935,14.459410731702166,1059.5414669043996,569.3360971987454,7728.680472212101,10304.329220763593,True,1,1
1523,bigshakeB1523 25-09-23 10-04-18.fits,2025-09-23 10:04:18,382.65441815450663,231.59670678587233,3.2317282696056187,5.9276492239696985,7.610138509360495,13.958547212515997,977.4151920914253,582.234445646914,7730.287831613081,10305.522750118716,True,1,1
1524,bigshakeB1524 25-09-23 10-04-18.fits,2025-09-23 10:04:18,381.59335526095276,234.6086262862269,3.248739240540808,6.005970879187591,7.650196284704118,14.142980616183094,973.4467658862475,567.8324280725527,7729.934142941234,10305.284234297067,True,1,1
1525,bigshakeB1525 25-09-23 10-04-18.fits,2025-09-23 10:04:18,383.79044311551587,232.4464242095259,3.6856006843877633,6.117851899041108,8.678926369576091,14.40644028439266,910.689714090313,571.4119651568353,7729.8729000299145,10305.76936321711,True,1,1
1526,bigshakeB1526 25-09-23 10-04-18.fits,2025-09-23 10:04:18,389.4050590902469,226.1715056943962,3.409635840985131,6.283519068147771,8.029078824607746,14.796556655008564,1030.1318735363511,584.6151287287685,7729.173097850647,10304.723022198597,True,1,1
1527,bigshakeB1527 25-09-23 10-04-18.fits,2025-09-23 10:04:18,389.9309781620359,234.08609336421225,3.3269003943507656,6.1728463706086805,7.834251736438553,14.535942368405864,954.9607966609714,557.1706881654287,7728.420770233715,10303.191417771932,True,1,1
1528,bigshakeB1528 25-09-23 10-04-18.fits,2025-09-23 10:04:18,386.2257312761003,237.01673122578939,3.1292517224761816,6.0530395197747655,7.368824682034537,14.25381879453013,1001.091922685841,573.0315540979668,7727.891506646037,10302.101151402669,True,1,1
1529,bigshakeB1529 25-09-23 10-04-18.fits,2025-09-23 10:04:18,380.3479983177708,230.58208793612437,3.2418812990632384,6.178244178714225,7.6340470666450875,14.548653235132033,1011.8508067880766,560.6297195793264,7735.4882917957975,10313.02661112779,True,1,1
1530,bigshakeB1530 25-09-23 10-04-18.fits,2025-09-23 10:04:18,380.37629928545414,229.264918010629,3.404655183768718,6.190054807413744,8.017350273157108,14.576465140338076,963.5859436540701,570.9763515574334,7729.33056261073,10304.449241494027,True,1,1
1531,bigshakeB1531 25-09-23 10-04-18.fits,2025-09-23 10:04:18,385.8606478601741,227.08343309478656,3.3907316865007813,6.198374481512873,7.984562942693636,14.596056475674832,964.8739071180331,577.9247816996738,7728.359755344691,10302.857855592078,True,1,1
1532,bigshakeB1532 25-09-23 10-04-18.fits,2025-09-23 10:04:18,390.5391802085833,234.8658928957095,3.3180470620940103,6.312500463826015,7.8134037321750265,14.864802626484664,1010.9425625607114,562.1064745778341,7728.746685803981,10303.982786367713,True,1,1
1533,bigshakeB1533 25-09-23 10-04-18.fits,2025-09-23 10:04:18,391.5234131386779,232.94361755394632,3.1908124330311116,6.228834307542281,7.513789077235635,14.667783884577037,1005.5789288561466,562.8781449769104,7728.8346844613425,10303.559529216738,True,1,1
1534,bigshakeB1534 25-09-23 10-04-18.fits,2025-09-23 10:04:18,382.92853205283336,231.98728375226358,3.041491829327274,5.925711537375151,7.162165926497716,13.95398430928217,1007.0991135113584,583.3480543053699,7729.354668324011,10303.750431158942,True,1,1
1535,bigshakeB1535 25-09-23 10-04-18.fits,2025-09-23 10:04:18,375.7263496063388,231.26486492670927,3.132408821177298,5.739650726016666,7.376259081340068,13.515844581100485,996.1194526348984,572.726623518523,7731.062007348123,10307.21059218159,True,1,1
1536,bigshakeB1536 25-09-23 10-04-18.fits,2025-09-23 10:04:18,377.58828784043664,231.75531789576738,3.574649973792678,6.271897357269393,8.417657412256355,14.769189617274604,890.8487679256773,554.799649692408,7729.129236139112,10303.9642079282,True,1,1
1537,bigshakeB1537 25-09-23 10-04-18.fits,2025-09-23 10:04:18,385.4624455946576,231.49306508744039,3.4658675631836635,6.6370259334414685,8.16149441120746,15.629001707458217,1034.5584652163147,564.2784221723217,7729.720510638751,10305.461145705762,True,1,1
1538,bigshakeB1538 25-09-23 10-04-18.fits,2025-09-23 10:04:18,391.03799016951695,228.4882393861306,3.345364310907067,6.270599696534945,7.8777309372551105,14.766133859765477,1014.5193560021714,573.3394761932047,7729.107284279316,10304.42544641739,True,1,1
1539,bigshakeB1539 25-09-23 10-04-18.fits,2025-09-23 10:04:18,387.39035454935487,234.77628738724042,3.0965608040400765,6.471855781609808,7.291843452010726,15.240055723084216,1098.8347034791645,592.0339090662194,7728.553008426749,10302.497308717724,True,1,1
1540,bigshakeB1540 25-09-23 10-04-18.fits,2025-09-23 10:04:18,382.22622261039896,237.43621619319188,3.0745939093351886,5.837965804300589,7.240115368032571,13.747358898172257,1013.0221213028515,593.2336609713859,7736.690275398781,10313.76635389557,True,1,1
1541,bigshakeB1541 25-09-23 10-04-18.fits,2025-09-23 10:04:18,379.10119272536565,230.3082412058118,3.268361304592135,5.99377790326424,7.696402714457064,14.114268352070207,964.3291376688227,569.1801595903844,7729.786982916722,10305.026122325668,True,1,1
1542,bigshakeB1542 25-09-23 10-04-18.fits,2025-09-23 10:04:18,381.86916960516135,229.4190910672065,3.456415082491166,6.605936881457053,8.1392355201975,15.555792584664307,1012.0431800331241,565.4841193689982,7728.546423035155,10303.488247351985,True,1,1
1543,bigshakeB1543 25-09-23 10-04-18.fits,2025-09-23 10:04:18,386.7069167134662,233.39217122064647,3.3069084750714786,6.613052548164969,7.787174364181047,15.572548699261867,1006.8615994977446,564.4513619720888,7737.726457204951,10314.863316743273,True,1,1
1544,bigshakeB1544 25-09-23 10-04-18.fits,2025-09-23 10:04:18,387.9391909838882,233.32952497259535,3.175454837564795,5.940472746458093,7.477624703588076,13.988744300319574,1009.8937081103722,578.4369093914381,7728.872756750152,10303.966150538707,True,1,1
1545,bigshakeB1545 25-09-23 10-04-18.fits,2025-09-23 10:04:18,385.8185210112307,231.84808396731728,3.2709785707254437,5.942309640381655,7.702565905210959,13.993069854951374,1001.5351947950774,578.9542125572808,7728.0301333935395,10303.182049123616,True,1,1
1546,bigshakeB1546 25-09-23 10-04-18.fits,2025-09-23 10:04:18,385.7085583251192,232.95798166419038,3.0818498298344372,5.8879716874778625,7.257201755069353,13.865113754247576,1046.3185710041475,552.526066845729,7728.984585488537,10305.163108162938,True,1,1
1547,bigshakeB1547 25-09-23 10-04-18.fits,2025-09-23 10:04:18,383.58143160827757,231.74248699865075,3.3025954712800925,5.955919783773512,7.777018016398797,14.025119293426263,1000.1918270876016,573.8771128719668,7729.807863739629,10305.811311788326,True,1,1
1548,bigshakeB1548 25-09-23 10-04-18.fits,2025-09-23 10:04:18,378.7754912815902,234.9377229156765,3.3008151068642735,6.436771568028528,7.772825578584967,15.157438713678872,1032.9168900643817,583.2820948893565,7728.551143630469,10302.933292580348,True,1,1
1549,bigshakeB1549 25-09-23 10-04-18.fits,2025-09-23 10:04:18,381.29636273976615,230.08059046860959,3.515891620068421,5.7756459444075245,8.279292063093456,13.600606842892546,909.1297109345118,607.394067378276,7728.723139909806,10303.336488937739,True,1,1
1550,bigshakeB1550 25-09-23 10-04-18.fits,2025-09-23 10:04:18,387.315103712435,227.60962336685128,3.3963622118838828,6.358771389231599,7.99782181672982,14.973762329131866,1003.3007985312255,575.4315067782929,7728.205439644732,10302.960736230136,True,1,1
1551,bigshakeB1551 25-09-23 10-04-18.fits,2025-09-23 10:04:18,391.06539953850535,238.61277491360516,3.307851807131924,6.285918419959007,7.789395741426104,14.802206696748742,998.9709118320986,563.5336162373552,7730.43902792734,10306.009801333395,True,1,1
1552,bigshakeB1552 25-09-23 10-04-18.fits,2025-09-23 10:04:18,384.6506913882527,233.400902137726,3.058355940946454,5.895339752871669,7.2018778745802,13.88246422233001,1006.9632826621139,575.803781938827,7730.521026364034,10305.716880452175,True,1,1
1553,bigshakeB1553 25-09-23 10-04-18.fits,2025-09-23 10:04:18,380.52418740645004,234.7231722593975,3.1987300454019296,6.27874576632207,7.532433629555222,14.785316388188418,1029.1487617713267,583.3651862907619,7729.847276971259,10304.526495229453,True,1,1
1554,bigshakeB1554 25-09-23 10-04-18.fits,2025-09-23 10:04:18,381.4449790795669,221.82609288818637,3.2492186478471043,6.292025100797276,7.651325202638718,14.816586831195306,1007.4678348263606,576.6430069357374,7731.005616037163,10306.154833880852,True,1,1
1555,bigshakeB1555 25-09-23 10-04-18.fits,2025-09-23 10:04:18,387.251359711763,236.77161833485908,3.3387521995067533,6.417017430497465,7.862160604789674,15.110921274648426,1037.4539035300832,581.4016298581274,7729.835214400696,10305.052312126209,True,1,1
1556,bigshakeB1556 25-09-23 10-04-18.fits,2025-09-23 10:04:18,387.9714373251677,229.70658601686208,3.2721943719122777,6.343786565434624,7.705428898216489,14.938475765683494,1025.8706781900212,573.0981256346697,7730.4791081851035,10305.849732683271,True,1,1
1557,bigshakeB1557 25-09-23 10-04-19.fits,2025-09-23 10:04:19,384.7020250130236,239.06874184759002,3.098886776537481,6.543854762050891,7.297320698671804,15.409600365448672,1081.7141262074306,555.9360997094917,7731.717980144238,10307.46452882008,True,1,1
1558,bigshakeB1558 25-09-23 10-04-19.fits,2025-09-23 10:04:19,383.6531580286129,222.03985994202597,3.3115412720667714,5.8998085075335664,7.798083767410122,13.892987335384172,948.4691074698264,590.6235386012507,7728.896788751898,10303.401018532551,True,1,1
1559,bigshakeB1559 25-09-23 10-04-19.fits,2025-09-23 10:04:19,383.8468451137892,240.03782947506969,3.2947888615635237,5.961605267085558,7.7586348553544875,14.038507583495157,962.2294651970102,597.5399001117795,7729.679888726654,10304.19301161654,True,1,1
1560,bigshakeB1560 25-09-23 10-04-19.fits,2025-09-23 10:04:19,383.0697412760376,228.21593671334008,3.4141929389117074,5.809497994372178,8.039809970152415,13.680322328714702,929.8188311437814,581.0308656188229,7728.633602791526,10303.795587819695,True,1,1
1561,bigshakeB1561 25-09-23 10-04-19.fits,2025-09-23 10:04:19,382.89185047745605,241.488268209136,3.3443396405884265,6.227726261123726,7.8753180230492275,14.665174634659797,999.9685649207569,581.3703842849022,7728.750386277737,10303.557213627144,True,1,1
1562,bigshakeB1562 25-09-23 10-04-19.fits,2025-09-23 10:04:19,387.67368194154847,216.19774834705748,3.3049047381446695,6.107420992874078,7.782455924300828,14.381877377462702,979.8709189147654,579.0828411354075,7728.627476592339,10303.278752107492,True,1,1
1563,bigshakeB1563 25-09-23 10-04-19.fits,2025-09-23 10:04:19,387.9055748855055,246.15783770253447,3.133056467699403,5.87706733484454,7.377784172352415,13.83943596608854,998.2195976478565,563.0718365895218,7729.914959837029,10305.604245610602,True,1,1
1564,bigshakeB1564 25-09-23 10-04-19.fits,2025-09-23 10:04:19,387.07887049672075,234.9623549670229,3.062473738942707,6.36292616472535,7.211574547843164,14.983546077747153,1110.1298198999266,581.3644017408925,7728.728292212756,10303.407362331182,True,1,1
1565,bigshakeB1565 25-09-23 10-04-19.fits,2025-09-23 10:04:19,384.7279520985767,232.97407896113043,3.2042925658478385,6.19660088873325,7.545532364202143,14.591879983845653,1022.7503830233521,592.2513295982947,7730.964530079262,10305.90169126516,True,1,1
1566,bigshakeB1566 25-09-23 10-04-19.fits,2025-09-23 10:04:19,385.4951990519946,221.02342987657357,3.2235970342164517,6.037707092717474,7.59099091327522,14.217713687956644,1015.4982476261949,583.0349389224601,7731.150639243595,10306.912878585084,True,1,1
1567,bigshakeB1567 25-09-23 10-04-19.fits,2025-09-23 10:04:19,386.3890425053892,236.2141723113921,3.1629187062917214,5.5983162346647815,7.448104370379103,13.183027287810816,946.5047151753768,618.6389493734856,7729.581036164369,10303.65563097575,True,1,1
1568,bigshakeB1568 25-09-23 10-04-19.fits,2025-09-23 10:04:19,384.29155441653006,238.2230927887724,3.086267049942641,6.647034269990923,7.267603513523465,15.652569538982288,1137.9552002229998,581.6579886241338,7729.711933093093,10304.43254507998,True,1,1
1569,bigshakeB1569 25-09-23 10-04-19.fits,2025-09-23 10:04:19,385.0792486333619,231.03742359828559,3.1201497298135656,6.160970393823393,7.347391127262885,14.507976580217548,1039.083502112316,606.7111881871293,7727.694172227645,10301.002916262314,True,1,1
1570,bigshakeB1570 25-09-23 10-04-19.fits,2025-09-23 10:04:19,386.5723965456312,211.9125828368018,3.266915816902188,6.257194068537746,7.692998851069931,14.734566018241445,1021.5715346733591,576.1955138875754,7732.0178255647925,10307.957676576178,True,1,1
1571,bigshakeB1571 25-09-23 10-04-19.fits,2025-09-23 10:04:19,387.27102881017805,235.51507703126373,3.3099663163885213,6.014182751535459,7.794375030208943,14.162318097795087,956.8642294588864,565.6278972434715,7728.559431379564,10303.52078779752,True,1,1
1572,bigshakeB1572 25-09-23 10-04-19.fits,2025-09-23 10:04:19,383.22997260209655,239.7507808241572,3.262866727869821,5.893724129165186,7.6834639750523985,13.878659719240755,949.8795500707381,576.2514090604986,7730.873641934551,10306.280878168613,True,1,1
1573,bigshakeB1573 25-09-23 10-04-19.fits,2025-09-23 10:04:19,382.05786394904067,240.23887663613124,3.4228989233836637,6.217856963805139,8.060310996898707,14.64193421550362,926.9194140557547,551.8383295140859,7733.690767922111,10310.23776504147,True,1,1
1574,bigshakeB1574 25-09-23 10-04-19.fits,2025-09-23 10:04:19,386.8392577229379,216.33282150099188,3.3938705961696027,6.661600654950284,7.991954510101319,15.686870754268229,1060.2593769541813,578.1696775621167,7731.323736123432,10307.109650433384,True,1,1
1575,bigshakeB1575 25-09-23 10-04-19.fits,2025-09-23 10:04:19,392.28371062357434,222.17614808511937,3.247756941487187,5.783335465985113,7.647883147202436,13.61871428244015,975.8179787552294,584.3104885746245,7731.006163288475,10306.911338298703,True,1,1
1576,bigshakeB1576 25-09-23 10-04-19.fits,2025-09-23 10:04:19,387.1264165027601,247.39335574666507,3.0363313442026283,6.317326484001104,7.150013912684116,14.876167035530688,1064.4140072536895,561.0186652664308,7730.366865555533,10305.525340205906,True,1,1
1577,bigshakeB1577 25-09-23 10-04-19.fits,2025-09-23 10:04:19,379.4696199087991,239.94990170176774,2.975371232122414,5.625226227620441,7.006463818810294,13.246395478634444,1048.5189469313884,598.7740121571202,7729.076544959328,10304.137658723734,True,1,1
1578,bigshakeB1578 25-09-23 10-04-19.fits,2025-09-23 10:04:19,377.3197931817865,232.33782640030762,3.2965324641611202,6.657291176025315,7.7627407257018755,15.676722706912074,1061.8655861058376,583.6694241326865,7728.866581174231,10303.143961511645,True,1,1
1579,bigshakeB1579 25-09-23 10-04-19.fits,2025-09-23 10:04:19,383.8367763892583,214.58363883048037,3.5134142560397357,6.087083247042546,8.27345831661987,14.333985645907866,935.8377932061569,579.312411617,7729.372252682138,10304.585040361422,True,1,1
1580,bigshakeB1580 25-09-23 10-04-19.fits,2025-09-23 10:04:19,387.3867927608689,238.30360919397012,3.0679033410282255,5.8858331817796135,7.224360283670686,13.860077958162925,1000.5175119782192,568.5812190093928,7729.978010978032,10305.190380151791,True,1,1
1581,bigshakeB1581 25-09-23 10-04-19.fits,2025-09-23 10:04:19,382.4641369761654,243.96380528973287,3.0806348657196385,6.0348798700923325,7.254340733217831,14.211056087447195,1034.5051467983162,583.9572476121883,7730.196163399149,10305.167420046211,True,1,1
1582,bigshakeB1582 25-09-23 10-04-19.fits,2025-09-23 10:04:19,381.7639762221446,226.43328147841234,3.042853976183811,6.395742624977002,7.165373537219765,15.060822936154706,1051.4100399527115,575.9504424315347,7728.635275302993,10302.317722702763,True,1,1
1583,bigshakeB1583 25-09-23 10-04-19.fits,2025-09-23 10:04:19,382.9538147881018,226.30955725238405,3.224022560509409,5.659878328058106,7.591992951119563,13.327994939347484,958.0597235650254,569.6125839634025,7731.185173650271,10307.541220949235,True,1,1
1584,bigshakeB1584 25-09-23 10-04-19.fits,2025-09-23 10:04:19,385.4192368558326,233.42653427667963,3.218274593607867,6.307254397127863,7.578457523441638,14.852449083466288,1022.9274123122125,600.7025120493556,7729.86566571549,10303.893599997109,True,1,1
1585,bigshakeB1585 25-09-23 10-04-19.fits,2025-09-23 10:04:19,388.6467686677908,235.67862577004837,3.0553534418295514,6.107911706639207,7.19480752947453,14.3830329200732,1063.0371033550718,568.9289705516672,7728.119666384624,10302.974056582452,True,1,1
1586,bigshakeB1586 25-09-23 10-04-19.fits,2025-09-23 10:04:19,387.61067518894293,224.9726144426934,2.9304532106440906,6.277798986990818,6.9006899614500075,14.783086893240965,1120.3070548658843,584.6607753487831,7728.63237626497,10302.820238824752,True,1,1
1587,bigshakeB1587 25-09-23 10-04-19.fits,2025-09-23 10:04:19,385.6240729326313,228.8461603125789,2.927721833994824,5.479894577545781,6.894258060965785,12.90416559586121,993.3123553371092,570.3286438867071,7730.559950558629,10306.27902557292,True,1,1
1588,bigshakeB1588 25-09-23 10-04-19.fits,2025-09-23 10:04:19,382.56204774140207,234.04078292091492,2.980865566626298,6.108200745744388,7.019401987834145,14.383713555151878,1102.322625564283,574.6364204688601,7731.086767843848,10306.945308877317,True,1,1
1589,bigshakeB1589 25-09-23 10-04-19.fits,2025-09-23 10:04:19,382.9687818489553,237.61573490491935,3.2655253069183274,5.974419485285278,7.6897244502871205,14.068682761373259,1023.2885315072829,583.1883494654096,7728.646741618802,10304.117450187881,True,1,1
1590,bigshakeB1590 25-09-23 10-04-19.fits,2025-09-23 10:04:19,380.7437556674181,232.06973007844257,3.0868603395551797,6.77747100503371,7.26900060379558,15.959724577269434,1177.2336018334718,573.999711790356,7730.643787267989,10306.186558826981,True,1,1
1591,bigshakeB1591 25-09-23 10-04-19.fits,2025-09-23 10:04:19,385.4832768900178,228.7920259457284,3.0962792145861564,6.040688754920058,7.291180359520165,14.2247349658788,1050.8504295418952,606.4983164761545,7729.91737117063,10304.415723549502,True,1,1
1592,bigshakeB1592 25-09-23 10-04-19.fits,2025-09-23 10:04:19,388.7594257356215,231.8457779599258,3.078886064460653,6.058002938680068,7.2502226209583975,14.26550675286022,1065.0781332192832,589.764678688377,7728.7330135095835,10303.444433614972,True,1,1
1593,bigshakeB1593 25-09-23 10-04-19.fits,2025-09-23 10:04:19,389.0643405915475,242.9520640594022,2.924915898561641,6.007827308166477,6.887650587962663,14.14735217235475,1075.7984287339343,563.6106185207913,7730.764989874242,10306.436183333662,True,1,1
1594,bigshakeB1594 25-09-23 10-04-19.fits,2025-09-23 10:04:19,384.26573006760145,231.2316098125306,2.899437771440346,6.015143624110867,6.827654183507591,14.16458077979638,1097.3997295240167,582.1826784391208,7729.830162984916,10304.768765201825,True,1,1
1595,bigshakeB1595 25-09-23 10-04-19.fits,2025-09-23 10:04:19,383.3158233819739,227.84395839399258,2.9435319284911734,6.260404767395546,6.931487988399622,14.74212663627035,1151.760190177642,569.3340309376323,7729.621752038492,10305.253586224035,True,1,1
1596,bigshakeB1596 25-09-23 10-04-19.fits,2025-09-23 10:04:19,383.9142521729836,230.39583920792953,3.0115658860189236,6.078552486729321,7.091695715328752,14.313897240522929,1131.0175410500035,584.8188098003909,7729.109513439841,10304.702724767989,True,1,1
1597,bigshakeB1597 25-09-23 10-04-19.fits,2025-09-23 10:04:19,387.26207318584864,235.28912718508397,2.9330059472730308,6.35365927620011,6.90670119683352,14.961724222892853,1171.20418065918,592.6480611821304,7729.584935660175,10304.388191056294,True,1,1
1598,bigshakeB1598 25-09-23 10-04-19.fits,2025-09-23 10:04:19,385.6729353156198,229.28717723495333,2.8904243042210616,6.264113269466378,6.80642909022439,14.750859491283784,1124.9577046257316,575.3375067041161,7729.663179285606,10304.377424073586,True,1,1
1599,bigshakeB1599 25-09-23 10-04-19.fits,2025-09-23 10:04:19,387.60932500830165,228.08271891532152,2.7584201979372374,6.085052888181645,6.495583174720846,14.329204516163609,1182.4070475783558,589.791925693238,7729.397566679239,10304.154008394793,True,1,1
1600,bigshakeB1600 25-09-23 10-04-19.fits,2025-09-23 10:04:19,386.47799263893546,228.70414466372304,2.9199261465372226,6.048763265314725,6.875900619875829,14.243748984809972,1060.6674419639924,566.8673643349993,7729.9387426156045,10304.85240924673,True,1,1
1601,bigshakeB1601 25-09-23 10-04-19.fits,2025-09-23 10:04:19,386.402248059173,244.07312484101934,2.9041986199846983,6.922600495636457,6.838865125091188,16.301478410865915,1169.7052263560668,570.1867658483214,7729.8981915902605,10303.658123060242,True,1,1
1602,bigshakeB1602 25-09-23 10-04-19.fits,2025-09-23 10:04:19,382.2564104793121,227.9824392154813,2.868828327644893,5.975848111330928,6.75557445169081,14.072046918622409,1109.0144952643577,576.839530740581,7730.179658071085,10305.519558515945,True,1,1
1603,bigshakeB1603 25-09-23 10-04-19.fits,2025-09-23 10:04:19,382.63122509245295,228.9234931430672,2.936016392582637,6.3401494208373075,6.913790253793051,14.929910944679056,1158.8769928087336,592.3529475995041,7729.009754369879,10303.5022735762,True,1,1
1604,bigshakeB1604 25-09-23 10-04-19.fits,2025-09-23 10:04:19,386.58331930287284,227.10015128936695,2.9763384181919217,5.770965383230998,7.008741367954046,13.589584963612069,1032.4580104722988,564.4519099914501,7728.336360274526,10303.485057834145,True,1,1
1605,bigshakeB1605 25-09-23 10-04-19.fits,2025-09-23 10:04:19,388.7634305283504,244.36388151982132,2.7746884201555893,6.810381546069643,6.533891910497639,16.037222978993665,1278.8609105463902,554.846015715627,7729.664654004484,10305.017022880893,True,1,1
1606,bigshakeB1606 25-09-23 10-04-19.fits,2025-09-23 10:04:19,385.5528570475082,224.6709026492767,2.8942615916568135,6.335000992008899,6.815465211596645,14.917787321273504,1132.1510374480438,549.8509250641431,7730.092855776493,10305.711763118417,True,1,1
1607,bigshakeB1607 25-09-23 10-04-19.fits,2025-09-23 10:04:19,383.39441249193186,228.36130279200128,2.99395901414921,6.6818180082574585,7.05023470051966,15.734478983093437,1201.8659110247722,561.6657303837468,7728.245790681849,10303.520320726971,True,1,1
1608,bigshakeB1608 25-09-23 10-04-19.fits,2025-09-23 10:04:19,383.4728314570355,227.65592726659912,2.958833787880108,6.266511319212122,6.96752111361493,14.756506466894043,1117.000531627496,574.1789480093158,7727.922728346678,10302.366465874034,True,1,1
1609,bigshakeB1609 25-09-23 10-04-19.fits,2025-09-23 10:04:19,385.31793858524907,237.08554849635343,3.0015338439207886,6.198088262926521,7.06807206150347,14.595382482410429,1076.8789545815875,565.8870043119476,7727.448209270774,10301.8275164002,True,1,1
1610,bigshakeB1610 25-09-23 10-04-20.fits,2025-09-23 10:04:20,385.68593921852846,233.07615878688748,2.8277537244814246,6.2144329815668,6.658851152819783,14.633871353494948,1143.176371623088,560.6559820077991,7728.681281550128,10303.594809317421,True,1,1
1611,bigshakeB1611 25-09-23 10-04-20.fits,2025-09-23 10:04:20,386.7651444334214,233.7588661736828,2.822021607932455,6.575957073137917,6.645353049869816,15.48519553108822,1209.6138894622427,587.1290943330657,7729.944504181935,10304.256394487289,True,1,1
1612,bigshakeB1612 25-09-23 10-04-20.fits,2025-09-23 10:04:20,386.2341694222528,228.9991804772017,2.735620165114216,6.083926391964174,6.441893200401831,14.326551820290057,1144.07072077621,577.9106255735179,7726.606090420444,10300.124543629692,True,1,1
1613,bigshakeB1613 25-09-23 10-04-20.fits,2025-09-23 10:04:20,385.62106953931436,234.06264746493744,2.7288932709436255,6.284717434974949,6.426052575168123,14.799378593234502,1155.1849484060385,558.1570836734237,7729.015881409736,10303.498125112115,True,1,1
1614,bigshakeB1614 25-09-23 10-04-20.fits,2025-09-23 10:04:20,384.41903347961545,231.4010463324518,2.8455975577409283,6.345273980591793,6.700870169059452,14.941978360710877,1170.526885076872,578.1016923699284,7734.174689231451,10310.471150010391,True,1,1
1615,bigshakeB1615 25-09-23 10-04-20.fits,2025-09-23 10:04:20,386.2676611674534,235.69215591778917,2.7773822145220426,6.274948675375922,6.540235311468954,14.776374922315624,1156.9428820640273,562.3744091385701,7728.943000136669,10303.609236024702,True,1,1
1616,bigshakeB1616 25-09-23 10-04-20.fits,2025-09-23 10:04:20,386.29314585962874,223.10190377731325,2.7190589695901766,6.2518796469676285,6.402894565212146,14.722051511800387,1133.1690268116747,561.5039134660394,7728.126083986428,10301.926238583583,True,1,1
1617,bigshakeB1617 25-09-23 10-04-20.fits,2025-09-23 10:04:20,385.7632022980639,236.67455613754427,2.7185538903323963,5.822754366297474,6.401705194451596,13.711538699048774,1103.9081879563876,577.6406720302225,7729.321130585948,10303.868868121446,True,1,1
1618,bigshakeB1618 25-09-23 10-04-20.fits,2025-09-23 10:04:20,387.6912612216217,232.17056166263103,2.6929648295464097,6.6237443070659845,6.34144756117924,15.597725867438616,1277.900974915922,555.2228544310968,7727.27161544573,10301.794766543771,True,1,1
1619,bigshakeB1619 25-09-23 10-04-20.fits,2025-09-23 10:04:20,388.44513350237014,229.58541363311642,2.648178878378819,7.376645760094733,6.23598470563402,17.37067330096364,1388.069228743376,542.4751391698067,7726.187494353858,10299.881997177628,True,1,1
1620,bigshakeB1620 25-09-23 10-04-20.fits,2025-09-23 10:04:20,383.17748392854355,225.98331215122732,2.6460935319407897,6.918444252148855,6.231074090040914,16.291691205389277,1249.547323480017,541.7509095470671,7730.021931905096,10304.389527234902,True,1,1
1621,bigshakeB1621 25-09-23 10-04-20.fits,2025-09-23 10:04:20,378.4198787541357,227.5095416885847,2.8084542330612243,6.232815778853896,6.613404323564593,14.677159533030341,1077.618986474712,553.3541121240833,7729.410673264538,10303.674487035465,True,1,1
1622,bigshakeB1622 25-09-23 10-04-20.fits,2025-09-23 10:04:20,377.9362475910581,234.09163493521268,3.115993893177268,5.950186807342762,7.3376048798478575,14.011619165609444,987.0837960136748,578.4029853394172,7728.181633441997,10302.331611572834,True,1,1
1623,bigshakeB1623 25-09-23 10-04-20.fits,2025-09-23 10:04:20,384.416718896599,245.8256617028596,2.9909040660558803,6.726591038215429,7.043040847512957,15.839911411515237,1087.8107890121278,524.0087185251698,7730.666547466544,10306.138866316163,True,1,1
1624,bigshakeB1624 25-09-23 10-04-20.fits,2025-09-23 10:04:20,388.8741796325809,233.8749684484218,2.681431280182639,6.989051840358831,6.314288127947078,16.45795936943742,1299.431415330095,560.6035986921036,7730.975101180097,10305.701689175909,True,1,1
1625,bigshakeB1625 25-09-23 10-04-20.fits,2025-09-23 10:04:20,388.97150643596234,232.3019612812602,2.6944371474701443,6.468474380315545,6.344914604938708,15.232093131536194,1110.7236560800002,534.7245036699303,7729.975352134529,10304.199884163634,True,1,1
1626,bigshakeB1626 25-09-23 10-04-20.fits,2025-09-23 10:04:20,385.65225499266217,228.32254366614308,2.6552493905573487,6.826848124990394,6.2526344894406565,16.075998809109333,1188.3253590978375,524.2785813330556,7729.177867719508,10303.356980515933,True,1,1
1627,bigshakeB1627 25-09-23 10-04-20.fits,2025-09-23 10:04:20,385.26012725129596,232.67410952925005,2.657945748633029,7.044297645600298,6.25898392748585,16.588053299023905,1248.2835641025097,532.2056984885843,7730.353645724715,10304.886691922018,True,1,1
1628,bigshakeB1628 25-09-23 10-04-20.fits,2025-09-23 10:04:20,385.7710332922811,235.69636041602672,2.7107059843418493,6.710231043194534,6.383224788113537,15.801386567303426,1137.649103942591,524.5500286994968,7728.839029574268,10302.841749455276,True,1,1
1629,bigshakeB1629 25-09-23 10-04-20.fits,2025-09-23 10:04:20,383.6994085941091,229.5372483509423,2.748990180013341,6.164919666425524,6.473377179488653,14.517276406504337,1144.0798786894582,544.0520535821873,7731.4804574523,10307.549323967003,True,1,1
1630,bigshakeB1630 25-09-23 10-04-20.fits,2025-09-23 10:04:20,383.7512025462872,229.5123921981414,2.637451210212654,6.707613270504199,6.210722977599893,15.795222183698892,1176.0553701939284,539.1987749170199,7731.135888819328,10305.492052352107,True,1,1
1631,bigshakeB1631 25-09-23 10-04-20.fits,2025-09-23 10:04:20,387.86855050641253,234.30541016425042,2.653526888300097,7.019454451859381,6.248578306597669,16.529552048420204,1214.1968721687024,531.9946400828564,7728.454506584306,10301.930140813052,True,1,1
1632,bigshakeB1632 25-09-23 10-04-20.fits,2025-09-23 10:04:20,386.47782759690426,233.5551318165239,2.726318489999266,6.962438078031969,6.419989429388782,16.39528874843644,1199.5589424670732,536.5311818559633,7728.302146425877,10301.973597545284,True,1,1
1633,bigshakeB1633 25-09-23 10-04-20.fits,2025-09-23 10:04:20,383.61653880657286,228.61923732556048,2.751731326718713,6.5043247680551,6.479832086696834,15.31651434320743,1130.4016520209657,515.1352898997319,7727.671841013833,10302.30890248137,True,1,1
1634,bigshakeB1634 25-09-23 10-04-20.fits,2025-09-23 10:04:20,381.5759907612457,229.21022927535273,2.6955464253067007,6.50248062879468,6.34752675462374,15.312171727111163,1120.191432999659,517.9075773259212,7729.544008916505,10304.240558524789,True,1,1
1635,bigshakeB1635 25-09-23 10-04-20.fits,2025-09-23 10:04:20,381.41000208919087,235.41121263141642,2.7525615346310612,6.764755848216401,6.481787076930375,15.929782671120323,1147.1429232464732,531.9799774863579,7730.2142452641965,10304.64866679732,True,1,1
1636,bigshakeB1636 25-09-23 10-04-20.fits,2025-09-23 10:04:20,383.40692247282686,237.74897172545093,2.8474676754232617,6.8775351577973955,6.705273959664378,16.1953576499864,1191.0672471719458,530.2891790458225,7729.560478630389,10304.746083222672,True,1,1
1637,bigshakeB1637 25-09-23 10-04-20.fits,2025-09-23 10:04:20,386.90348725780456,231.49991137846717,2.7380038953374037,7.3400084018186735,6.44750645611334,17.284398915298194,1262.4546037994514,525.7326741665205,7729.2915228286,10303.621284692194,True,1,1
1638,bigshakeB1638 25-09-23 10-04-20.fits,2025-09-23 10:04:20,387.4999658108939,229.5512415987521,2.6641947795054626,6.505134016584702,6.273699270646273,15.318419977866347,1119.3500211426444,515.9404067932296,7729.2934643335675,10303.77104176909,True,1,1
1639,bigshakeB1639 25-09-23 10-04-20.fits,2025-09-23 10:04:20,384.2099821492942,233.52877279217927,2.7480684176136614,7.226562333953527,6.471206594913132,17.017253840659407,1227.484472803694,533.7538567720336,7727.76658304277,10301.161290811828,True,1,1
1640,bigshakeB1640 25-09-23 10-04-20.fits,2025-09-23 10:04:20,381.1755878666444,225.09419271506312,2.7703325923449174,6.962756351012656,6.523634719856365,16.39603822403115,1194.240218739979,525.7762492610094,7730.259319110801,10305.172093893016,True,1,1
1641,bigshakeB1641 25-09-23 10-04-20.fits,2025-09-23 10:04:20,383.59296610702097,227.04523842059976,2.89686157098863,7.286029540548275,6.821587695043872,17.157288410770715,1207.079438317236,526.0561228139023,7728.670261777847,10303.138424210807,True,1,1
1642,bigshakeB1642 25-09-23 10-04-20.fits,2025-09-23 10:04:20,386.094926135627,231.43633772534173,3.0156493222860457,7.1371518936877125,7.101311472903178,16.806708343686424,1046.9189225028788,506.32369918197867,7729.853473060992,10304.087030147319,True,1,1
1643,bigshakeB1643 25-09-23 10-04-20.fits,2025-09-23 10:04:20,384.6523607529969,236.47182038040748,2.9136409845863827,7.273653916544201,6.861100194527725,17.128146043296155,1146.5659796175544,517.880771922825,7733.873676516217,10309.605871427195,True,1,1
1644,bigshakeB1644 25-09-23 10-04-20.fits,2025-09-23 10:04:20,382.54567494482694,232.79102296939885,2.8125046435142402,6.887242381622149,6.6229423112899575,16.21821641523053,1115.9113235234995,520.819896902055,7730.092082302373,10304.447275259517,True,1,1
1645,bigshakeB1645 25-09-23 10-04-20.fits,2025-09-23 10:04:20,384.8389554692744,223.3011429061263,2.8046721699896233,7.572869414667598,6.604498245632016,17.832744696061052,1224.7441123006784,529.0687655601665,7731.087058623335,10305.131295164501,True,1,1
1646,bigshakeB1646 25-09-23 10-04-20.fits,2025-09-23 10:04:20,386.72669838686295,227.9340271601232,2.8397448076948453,6.953377213172683,6.68708799593238,16.373952042240475,1082.2010212541495,475.9618645722682,7729.446395822502,10304.694182253641,True,1,1
1647,bigshakeB1647 25-09-23 10-04-20.fits,2025-09-23 10:04:20,386.5135711032968,237.248992452795,2.791219342496229,7.179095870388888,6.572819257788227,16.905478860790666,1185.4413535380438,523.1208702500256,7728.331251716398,10302.108895996727,True,1,1
1648,bigshakeB1648 25-09-23 10-04-20.fits,2025-09-23 10:04:20,382.8090274390003,232.22918317990136,2.824568815291412,6.629079477867287,6.651351264817538,15.610289234585187,1079.4227438009334,513.5652997657156,7731.7102054273555,10307.090148534304,True,1,1
1649,bigshakeB1649 25-09-23 10-04-20.fits,2025-09-23 10:04:20,381.3706129935666,232.4738986087205,2.8303399420071544,7.486383309099832,6.664941229690182,17.629085481053412,1179.0622787977425,504.8796071209846,7730.043770027618,10304.41383604477,True,1,1
1650,bigshakeB1650 25-09-23 10-04-20.fits,2025-09-23 10:04:20,381.7112727461124,233.14842455141337,2.9130381914168435,7.378022242651613,6.8596807250890866,17.373914669680218,1143.0860801300457,510.70126541472695,7729.308273903372,10303.456482607615,True,1,1
1651,bigshakeB1651 25-09-23 10-04-20.fits,2025-09-23 10:04:20,384.04511630485314,237.77580345680786,2.771465355947095,7.396260922957739,6.526302174293054,17.416863479659995,1194.0342115180977,522.0227932618659,7729.065631912048,10302.53930448036,True,1,1
1652,bigshakeB1652 25-09-23 10-04-20.fits,2025-09-23 10:04:20,387.4085507612384,224.6986073379604,2.8712045124318033,7.082836056121759,6.761169939257724,16.678804320623474,1129.1154605403874,499.6546006849506,7729.166731471981,10304.004403477307,True,1,1
1653,bigshakeB1653 25-09-23 10-04-20.fits,2025-09-23 10:04:20,391.49616057649473,225.55379800819608,2.817554238732698,7.805735363646356,6.634833199329674,18.381102100521385,1220.8801697556114,503.7013685469519,7731.071029969841,10305.526125525092,True,1,1
1654,bigshakeB1654 25-09-23 10-04-20.fits,2025-09-23 10:04:20,389.76541464318746,233.2175973459549,2.8227228055967517,6.542976257034502,6.64700424418523,15.407531644226417,1055.1902049817686,490.31138386280867,7729.529662472533,10304.840617702075,True,1,1
1655,bigshakeB1655 25-09-23 10-04-20.fits,2025-09-23 10:04:20,384.01047709187065,235.2779658627331,2.8493138505533127,6.507081685763972,6.70962136986726,15.323006388290782,1097.002194490664,557.3131778805683,7730.3140986117705,10304.47032654941,True,1,1
1656,bigshakeB1656 25-09-23 10-04-20.fits,2025-09-23 10:04:20,378.6809651889681,233.10014379427912,2.9421831286418083,7.047769552748722,6.928311807477602,16.5962290155715,1126.9141070457047,522.7027890056371,7727.887584672201,10301.926792014527,True,1,1
1657,bigshakeB1657 25-09-23 10-04-20.fits,2025-09-23 10:04:20,380.9439202341436,234.46611159674674,2.896377626358163,7.645746747823508,6.820448092527363,18.004357701004988,1211.11953498708,523.7363044223683,7726.598593959799,10299.53868785091,True,1,1
1658,bigshakeB1658 25-09-23 10-04-20.fits,2025-09-23 10:04:20,385.3578857176371,227.89883424636366,2.936311901968299,6.892836562881941,6.914486125217903,16.231389705396627,1058.865153989681,528.9030868551897,7730.713274621139,10304.816102794679,True,1,1
1659,bigshakeB1659 25-09-23 10-04-20.fits,2025-09-23 10:04:20,388.7514202111219,231.94032628672397,2.945022914539502,6.727744364388972,6.934998992233088,15.842627287107154,1084.3634324732336,509.54308925494695,7730.501788874077,10306.110601361297,True,1,1
1660,bigshakeB1660 25-09-23 10-04-20.fits,2025-09-23 10:04:20,390.06240475054574,232.02365377288874,2.881119741365557,6.737774516339842,6.784518519101998,15.866246489975769,1120.670023016389,540.3631800802381,7729.755683454815,10304.189071489,True,1,1
1661,bigshakeB1661 25-09-23 10-04-20.fits,2025-09-23 10:04:20,386.91647587649317,234.74482462786995,2.838584932251521,6.869518436160594,6.684356697988701,16.176479713180626,1083.5698287328012,542.444909635555,7729.053281636594,10302.007213652983,True,1,1
1662,bigshakeB1662 25-09-23 10-04-20.fits,2025-09-23 10:04:20,382.1735657981812,228.64318411625317,2.8986250797535877,6.257591652263846,6.825740440833183,14.735502256369243,1042.901089236385,517.6909048424341,7729.582054266911,10304.97871250004,True,1,1
1663,bigshakeB1663 25-09-23 10-04-21.fits,2025-09-23 10:04:21,381.7160367898042,232.17097145989987,2.9287176896543103,6.4230724885601695,6.896603121834701,15.12517984674831,1067.1924911735662,538.2222921381689,7729.463311676641,10304.219757880506,True,1,1
1664,bigshakeB1664 25-09-23 10-04-21.fits,2025-09-23 10:04:21,386.71497803215857,228.07136657342684,2.911720608181718,7.077832966159328,6.856578053676016,16.667022944092846,1135.591337544263,526.494874914738,7729.11526827551,10303.294152408907,True,1,1
1665,bigshakeB1665 25-09-23 10-04-21.fits,2025-09-23 10:04:21,385.8142146890011,233.32101681507336,2.9574419055975874,7.497338412223384,6.9642434813157275,17.654882777484136,1187.480659622325,516.1124263273464,7727.562436666436,10301.549329782512,True,1,1
1666,bigshakeB1666 25-09-23 10-04-21.fits,2025-09-23 10:04:21,380.3113255578021,236.9903987705552,2.871748326851781,6.569864404065377,6.762450524354664,15.470848391828461,1050.27906901022,521.4910668198555,7728.921352057936,10303.087451459189,True,1,1
1667,bigshakeB1667 25-09-23 10-04-21.fits,2025-09-23 10:04:21,380.0636736562879,225.6287712825511,3.0349351321558835,6.642641504456399,7.146726084569328,15.64222536664847,1068.7736130861786,544.2357269517069,7728.841177615222,10303.181522161098,True,1,1
1668,bigshakeB1668 25-09-23 10-04-21.fits,2025-09-23 10:04:21,384.7374063534127,239.00693716597934,3.2567834281704804,7.1201925583149075,7.66913889898046,16.76677216080014,1003.0517428547171,523.2773627985357,7732.147721145565,10307.132739949771,True,1,1
1669,bigshakeB1669 25-09-23 10-04-21.fits,2025-09-23 10:04:21,388.9265999099032,229.95941535325082,2.998796963975004,8.089817533388093,7.061627201746293,19.05006448826511,1192.7021734466095,519.3858128946222,7728.640021398222,10301.589184576696,True,1,1
1670,bigshakeB1670 25-09-23 10-04-21.fits,2025-09-23 10:04:21,388.13475689941,230.48875656449803,2.8761817322186607,6.696633879729339,6.77289039618034,15.769367694220024,1056.245007715547,501.11172315948534,7726.989034571775,10300.99240151102,True,1,1
1671,bigshakeB1671 25-09-23 10-04-21.fits,2025-09-23 10:04:21,384.6980290724552,228.50566348058794,2.9419985547912666,6.480376787683479,6.927877169274558,15.260121158990328,1059.850684965755,543.6156399964532,7728.262710243898,10302.23659218845,True,1,1
1672,bigshakeB1672 25-09-23 10-04-21.fits,2025-09-23 10:04:21,379.02994002492443,240.25493702115864,2.930857883611012,6.726012753899488,6.901642893464196,15.838549656016331,1113.6904968733802,510.8357128350536,7729.109677227577,10304.582306653778,True,1,1
1673,bigshakeB1673 25-09-23 10-04-21.fits,2025-09-23 10:04:21,381.14281250682177,231.92017462454706,2.9403234945142214,7.5605905359640015,6.923932703757537,17.80383014635932,1152.6461848816743,515.0012842272074,7736.004147062318,10312.037305844045,True,1,1
1674,bigshakeB1674 25-09-23 10-04-21.fits,2025-09-23 10:04:21,384.4301849277405,227.1550736737086,3.00951249112742,7.3801672339122435,7.086860339877876,17.378965738097165,1209.0401079889161,534.5305002326232,7729.236451483846,10304.049043226096,True,1,1
1675,bigshakeB1675 25-09-23 10-04-21.fits,2025-09-23 10:04:21,386.5670139734734,224.7479705697835,3.1923232234463805,7.232902751202273,7.517346716789351,17.032184382290612,1080.65011438556,532.8673654140651,7726.452613655762,10299.825018462114,True,1,1
1676,bigshakeB1676 25-09-23 10-04-21.fits,2025-09-23 10:04:21,386.31871296712757,233.115259863038,3.044115846353836,7.218523501169871,7.168345014390367,16.998323836081802,1106.119491857695,549.3516587757919,7728.013737316985,10300.893637231038,True,1,1
1677,bigshakeB1677 25-09-23 10-04-21.fits,2025-09-23 10:04:21,383.5128033570415,232.41361306674497,3.0374452865672263,6.449979618641368,7.152637046493281,15.188541296017773,1029.462614406914,553.1633125663266,7730.115520144398,10304.517960002348,True,1,1
1678,bigshakeB1678 25-09-23 10-04-21.fits,2025-09-23 10:04:21,386.37347021600647,230.9742069908792,3.162610911012986,6.147238268768778,7.447379567886971,14.475639896878068,967.9207491800435,527.1730534009879,7729.654403133447,10305.26848772077,True,1,1
1679,bigshakeB1679 25-09-23 10-04-21.fits,2025-09-23 10:04:21,390.67903362108365,229.4867461313962,3.0570297579975487,6.802602390490128,7.1987549523887395,16.018904467501606,1118.0850794600706,529.5021205917348,7728.831712545586,10304.14821671435,True,1,1
1680,bigshakeB1680 25-09-23 10-04-21.fits,2025-09-23 10:04:21,390.67853471626375,230.7201245801196,2.9014423259797346,7.155235832800943,6.832374548718301,16.84929276600338,1153.4526389801915,504.79186524326394,7727.0861352196325,10301.396452489651,True,1,1
1681,bigshakeB1681 25-09-23 10-04-21.fits,2025-09-23 10:04:21,379.22456364857544,231.2203207425109,2.9884877130872747,6.912035596632266,7.037350771106615,16.276599974917115,1097.0125032850228,528.0304511489795,7730.047263812989,10304.7904065836,True,1,1
1682,bigshakeB1682 25-09-23 10-04-21.fits,2025-09-23 10:04:21,373.06942757924105,237.24618715685318,2.854779040621568,7.1448224764817585,6.722490908989891,16.824771185806913,1104.0740121937474,515.4979229295628,7728.713109454937,10302.176529705253,True,1,1
1683,bigshakeB1683 25-09-23 10-04-21.fits,2025-09-23 10:04:21,376.7545398146967,221.27376658786287,3.0726522226947353,6.382411422398359,7.235543045410463,15.02943035309815,1028.2638140910299,520.8715908977266,7729.119242580251,10304.63108932042,True,1,1
1684,bigshakeB1684 25-09-23 10-04-21.fits,2025-09-23 10:04:21,386.2125149703559,237.44954870557504,3.1024871726702443,6.75943854578118,7.305798983655287,15.917261380760372,1072.2295106221814,505.1288178127913,7731.3992262000975,10308.073751040072,True,1,1
1685,bigshakeB1685 25-09-23 10-04-21.fits,2025-09-23 10:04:21,391.0404309685394,228.42432710559052,2.841296496920577,7.484534942830815,6.690741944824792,17.624732911112574,1240.6474473205913,521.6563564907044,7729.985963910303,10304.667151640735,True,1,1
1686,bigshakeB1686 25-09-23 10-04-21.fits,2025-09-23 10:04:21,386.64415422693577,233.9420359889235,2.8816526887019376,6.883492268849586,6.785773514172653,16.209385574502573,1142.4716523623754,531.0849735884127,7733.476034498283,10309.403063769405,True,1,1
1687,bigshakeB1687 25-09-23 10-04-21.fits,2025-09-23 10:04:21,379.3561065184709,233.1095465609845,2.853934112724726,6.79728400107465,6.7205012558418025,16.00638061749876,1126.861708559371,541.2579583117421,7736.421423227043,10312.810216390511,True,1,1
1688,bigshakeB1688 25-09-23 10-04-21.fits,2025-09-23 10:04:21,377.67703725328556,227.40034369338582,2.7988173476521525,6.718823448651906,6.590711192631644,15.82162013590948,1145.6348336101748,523.068896666931,7728.294828646532,10302.784763793357,True,1,1
1689,bigshakeB1689 25-09-23 10-04-21.fits,2025-09-23 10:04:21,380.7537380448723,226.97807024605063,3.0119624921384274,6.814812162797682,7.0926296513689415,16.047656284076698,1088.6681089927918,529.162466035508,7728.7870264492185,10303.341125979698,True,1,1
1690,bigshakeB1690 25-09-23 10-04-21.fits,2025-09-23 10:04:21,387.119555258713,233.94925604882351,2.904984817614312,7.27084868342264,6.8407164790287585,17.12154022411052,1154.1604724094689,515.3574931157078,7728.269890584523,10302.300932097018,True,1,1
1691,bigshakeB1691 25-09-23 10-04-21.fits,2025-09-23 10:04:21,387.1417340407966,234.5272114883569,2.774134861006364,6.4376748692651375,6.532588378316933,15.159565825537541,1068.956031532022,520.448264541315,7731.2527716369095,10306.32625069979,True,1,1
1692,bigshakeB1692 25-09-23 10-04-21.fits,2025-09-23 10:04:21,387.47080069337215,234.63176779131607,2.828040692968794,6.524453900683777,6.6595269119661324,15.363914828210524,1083.2449298778056,536.667410042308,7729.031316695578,10303.087785221931,True,1,1
1693,bigshakeB1693 25-09-23 10-04-21.fits,2025-09-23 10:04:21,386.70022916012874,229.4123264002488,2.8343389854578023,7.167529169974582,6.674358257368717,16.87824136280019,1215.5750891431896,525.247081156939,7730.124661873194,10305.16507695705,True,1,1
1694,bigshakeB1694 25-09-23 10-04-21.fits,2025-09-23 10:04:21,387.499199221954,228.4333635424924,2.814066422358232,6.708405728174146,6.626620019417694,15.797088278904921,1135.4970609079605,522.8913259024858,7728.667827918598,10303.259024251027,True,1,1
1695,bigshakeB1695 25-09-23 10-04-21.fits,2025-09-23 10:04:21,384.3699418302599,229.46005761086965,2.8006245912847487,6.088566584698254,6.594966926163936,14.337478639153076,1096.843950209073,543.3706418972434,7729.912529057476,10305.315001093666,True,1,1
1696,bigshakeB1696 25-09-23 10-04-21.fits,2025-09-23 10:04:21,383.0257077469929,231.2146641028719,2.8332069656441843,6.539028363579982,6.671692554420237,15.39823506558407,1147.4110193144813,551.994306943635,7726.488000348183,10300.111060672558,True,1,1
1697,bigshakeB1697 25-09-23 10-04-21.fits,2025-09-23 10:04:21,385.7152333768428,232.25133738638095,2.8901503035626694,6.794314373112362,6.805783867981657,15.99938767804688,1138.9169895695807,555.1433902697559,7731.832935764464,10306.603026155834,True,1,1
1698,bigshakeB1698 25-09-23 10-04-21.fits,2025-09-23 10:04:21,387.50663646573815,236.08620081948828,2.7669867516395072,6.694580115938237,6.515755867095785,15.764531450076976,1153.5311635956182,553.6804059317218,7730.719265965415,10304.937055549011,True,1,1
1699,bigshakeB1699 25-09-23 10-04-21.fits,2025-09-23 10:04:21,384.5115909164723,224.77417041404294,2.7926392241318956,6.394038966427004,6.576162823525466,15.056811126851283,1128.129613770321,545.2713111861822,7731.004641201823,10306.251407470072,True,1,1
1700,bigshakeB1700 25-09-23 10-04-21.fits,2025-09-23 10:04:21,384.19679417752377,230.92960377274932,2.796980573877513,6.352554741546758,6.586385920928936,14.959123242550707,1139.4815783152217,570.4483646050139,7728.597039651322,10302.515560967035,True,1,1
1701,bigshakeB1701 25-09-23 10-04-21.fits,2025-09-23 10:04:21,383.193242282376,232.0634007397844,2.7707411947045464,6.4715940502012295,6.524596904883266,15.239439392716882,1137.2536209288912,542.4276303160598,7736.650820983214,10313.657924430565,True,1,1
1702,bigshakeB1702 25-09-23 10-04-21.fits,2025-09-23 10:04:21,379.7874926598115,234.7250998289128,2.829394275432187,6.314233328614161,6.662714355083533,14.868883211223121,1145.37669900724,555.8557169016254,7730.054240490835,10305.33381110058,True,1,1
1703,bigshakeB1703 25-09-23 10-04-21.fits,2025-09-23 10:04:21,381.2019959448419,234.03818449584827,2.908097266948982,6.189411911479746,6.848045737111183,14.574951236105829,1046.0020000771995,554.5267042573265,7729.481482374229,10303.93701042271,True,1,1
1704,bigshakeB1704 25-09-23 10-04-21.fits,2025-09-23 10:04:21,385.5582906993276,231.77743128775165,3.2938677533584304,6.503809804296541,7.756465811289491,15.31530169622631,997.927525673966,552.1378021508301,7729.4009520983545,10304.280624465238,True,1,1
1705,bigshakeB1705 25-09-23 10-04-21.fits,2025-09-23 10:04:21,391.29328103852725,231.54583803066072,3.047662283984756,7.222030482800323,7.176696236812109,17.006582146722746,1170.7164634927087,567.1152997483113,7728.746061922152,10302.238630127837,True,1,1
1706,bigshakeB1706 25-09-23 10-04-21.fits,2025-09-23 10:04:21,390.9091576182963,226.36494326489404,2.8251092294791893,6.8853492786918595,6.652623842979535,16.21375849850298,1243.9286210936793,562.6564357444014,7729.539251748987,10304.17313808845,True,1,1
1707,bigshakeB1707 25-09-23 10-04-21.fits,2025-09-23 10:04:21,384.3820359434555,232.76494778956115,2.8400826111541866,6.481495345079665,6.687883462289718,15.262755160368386,1091.101614401978,536.2366020327628,7730.753770896767,10305.704010559646,True,1,1
1708,bigshakeB1708 25-09-23 10-04-21.fits,2025-09-23 10:04:21,377.26904385648885,233.03646601559302,2.8349494577510876,6.079518494194204,6.6757958097618815,14.316172014264884,1060.7268610440833,552.5826406387083,7729.4395319829955,10304.079462024629,True,1,1
1709,bigshakeB1709 25-09-23 10-04-21.fits,2025-09-23 10:04:21,378.1000883084467,231.33197402429897,3.02047242325646,6.845816192261108,7.112669007747518,16.120665194133903,1160.0679179364683,540.3000348513312,7727.298268669981,10302.046867816567,True,1,1
1710,bigshakeB1710 25-09-23 10-04-21.fits,2025-09-23 10:04:21,386.2686608034085,228.66127241214562,3.0992469864843644,6.807188585047591,7.298168928275145,16.029704130375933,1178.8948970106035,574.5973567964785,7732.607134718698,10308.797068323624,True,1,1
1711,bigshakeB1711 25-09-23 10-04-21.fits,2025-09-23 10:04:21,392.1492578275371,235.68844252623032,2.9027042332427624,5.877273255143377,6.835346113236249,13.839920871335922,1110.1025744775984,568.9184861056385,7729.148270481863,10304.897111670956,True,1,1
1712,bigshakeB1712 25-09-23 10-04-21.fits,2025-09-23 10:04:21,388.45752723017875,223.9826563727841,2.7990738108534914,6.360097968322644,6.5913151173189695,14.976886184166778,1138.7871682728207,573.3856581981438,7727.967185469071,10301.558032669938,True,1,1
1713,bigshakeB1713 25-09-23 10-04-21.fits,2025-09-23 10:04:21,386.19157752278556,235.27924285755262,2.833632333927246,5.814975829180882,6.672694220179712,13.693221643925606,1077.626083675566,572.6095026023277,7727.046515062243,10301.28677858335,True,1,1
1714,bigshakeB1714 25-09-23 10-04-21.fits,2025-09-23 10:04:21,382.4941850368708,236.4730795992107,2.8463514880749137,5.940950079338462,6.702645539322478,13.98986833335442,1133.3739330988985,581.7246563417899,7727.844790408973,10302.591874672975,True,1,1
1715,bigshakeB1715 25-09-23 10-04-21.fits,2025-09-23 10:04:21,378.3577811470145,237.70686877301884,2.8334200769065263,6.009535113565354,6.672194393092622,14.151373746741038,1143.863010667524,575.4642213277726,7734.951416276345,10312.134159391831,True,1,1
1716,bigshakeB1716 25-09-23 10-04-22.fits,2025-09-23 10:04:22,379.8443762948125,225.66159509676098,2.944194506046797,5.961606199750048,6.933048239308992,14.038509779752195,1049.1306471359676,558.6999636488262,7726.997522765731,10301.400104086437,True,1,1
1717,bigshakeB1717 25-09-23 10-04-22.fits,2025-09-23 10:04:22,386.97793367209704,232.70879588517974,2.887179515061188,5.794904892642841,6.798788195668822,13.645958200243284,1084.8525329274607,579.4993661661036,7727.577858019535,10302.257045871245,True,1,1
1718,bigshakeB1718 25-09-23 10-04-22.fits,2025-09-23 10:04:22,387.2698872095443,226.75132970588007,2.840801400403273,5.984248951617921,6.689576081621619,14.091829385725324,1111.363287185593,586.0259188603318,7729.365886725115,10303.99467221171,True,1,1
1719,bigshakeB1719 25-09-23 10-04-22.fits,2025-09-23 10:04:22,385.0520920353397,232.99838048223702,2.8802513689925653,6.113473183102324,6.782473658431526,14.396129196328516,1169.2731818102689,583.9497381959973,7727.569024352329,10302.369655531651,True,1,1
1720,bigshakeB1720 25-09-23 10-04-22.fits,2025-09-23 10:04:22,383.60249046822634,234.01160914637268,2.888695104446523,5.829670986554587,6.802357135933445,13.727826095074091,1122.6004374548177,580.4993384972325,7728.60371800737,10304.067226549372,True,1,1
1721,bigshakeB1721 25-09-23 10-04-22.fits,2025-09-23 10:04:22,379.79900143124365,229.7527151111262,2.955259787013438,5.957531137468977,6.959104984733138,14.02891374140798,1104.0424347868327,592.1538139430465,7730.725848731001,10306.250374953719,True,1,1
1722,bigshakeB1722 25-09-23 10-04-22.fits,2025-09-23 10:04:22,380.5613686413438,224.88732519888148,3.1982353673967374,5.98488954304708,7.53126875187276,14.093337863263383,1036.0796402477206,562.238159973282,7734.45464062627,10312.33825643132,True,1,1
1723,bigshakeB1723 25-09-23 10-04-22.fits,2025-09-23 10:04:22,387.53033910812803,228.4641122350193,3.1982225119112364,5.8136100385535086,7.531238479517814,13.690005452778951,1033.22825234648,613.5976995129706,7731.051347290194,10306.696481536048,True,1,1
1724,bigshakeB1724 25-09-23 10-04-22.fits,2025-09-23 10:04:22,390.1428256739053,231.2658785103411,3.027753080771501,6.134486266479499,7.129813646004942,14.445611226272993,1108.956119307793,589.3372752776693,7730.25411146757,10305.660069505933,True,1,1
1725,bigshakeB1725 25-09-23 10-04-22.fits,2025-09-23 10:04:22,386.3658119178658,234.85268425533445,2.88074733316396,6.044478117939017,6.783641564803943,14.233658233873744,1165.9749887982446,584.981572978013,7728.844590745922,10304.20165049044,True,1,1
1726,bigshakeB1726 25-09-23 10-04-22.fits,2025-09-23 10:04:22,379.6286169899032,235.87150807783786,2.938847303707399,5.8214833818062,6.9204565400553415,13.708545759291798,1150.091281995135,601.8538283199789,7734.316781490721,10311.776190588005,True,1,1
1727,bigshakeB1727 25-09-23 10-04-22.fits,2025-09-23 10:04:22,377.6671994777709,231.78431061435074,2.9330253194497837,5.9789906206485,6.906746814823654,14.079446962555124,1091.7600225183307,597.7299483070741,7731.424024582871,10306.624494461852,True,1,1
1728,bigshakeB1728 25-09-23 10-04-22.fits,2025-09-23 10:04:22,379.6359355666958,227.65522685118083,3.082398631727394,6.048154242578996,7.258494084767638,14.242314845864,1070.2217652245831,586.8076826490866,7729.185951645653,10304.274410686754,True,1,1
1729,bigshakeB1729 25-09-23 10-04-22.fits,2025-09-23 10:04:22,388.04244827215274,232.30633928592357,3.164786449868378,6.34093288469386,7.452502570392392,14.931755861073023,1065.8348200298835,583.0882571163625,7728.69342642539,10303.23163409164,True,1,1
1730,bigshakeB1730 25-09-23 10-04-22.fits,2025-09-23 10:04:22,394.3007883194396,234.09457768908732,2.8825157550288956,6.341259614038005,6.787805880059564,14.932525249881916,1177.917298644214,585.6841952302002,7729.390752590629,10304.190508155365,True,1,1
1731,bigshakeB1731 25-09-23 10-04-22.fits,2025-09-23 10:04:22,391.4131570323839,234.28161161337607,2.85983741409684,5.593871412950783,6.734402468244714,13.172560532542104,1094.2863237311578,607.1766403300815,7727.478991428374,10301.911077395605,True,1,1
1732,bigshakeB1732 25-09-23 10-04-22.fits,2025-09-23 10:04:22,383.2291580152414,231.70193365517935,2.9467348447262367,5.766481309107482,6.9390302797525045,13.579025775982608,1075.13224513525,584.5776802435922,7728.651057251954,10303.808886893228,True,1,1
1733,bigshakeB1733 25-09-23 10-04-22.fits,2025-09-23 10:04:22,377.6190834561437,227.78690349721828,2.894579658527556,5.715640813281903,6.816214201839529,13.459305557313222,1107.1936437085055,578.5856122135633,7730.993135637741,10307.457524021165,True,1,1
1734,bigshakeB1734 25-09-23 10-04-22.fits,2025-09-23 10:04:22,376.31990079129986,232.35000015386774,2.9293088372343603,5.459129604008786,6.8979951680057745,12.855267819941758,1056.2811189285155,640.1470333235538,7730.282901445448,10304.952546828255,True,1,1
1735,bigshakeB1735 25-09-23 10-04-22.fits,2025-09-23 10:04:22,382.7551817214563,228.44356162475992,2.9909143091826067,5.561020200507471,7.043064968233097,13.095201838977022,1076.14779168318,643.8362839503478,7728.6828144161045,10303.021462004643,True,1,1
1736,bigshakeB1736 25-09-23 10-04-22.fits,2025-09-23 10:04:22,390.23349993294073,233.49811437500398,2.9946778316705447,5.617822912007482,7.051927386427618,13.228962002629359,1074.173839430954,629.4905597843285,7735.836979179491,10312.780507849031,True,1,1
1737,bigshakeB1737 25-09-23 10-04-22.fits,2025-09-23 10:04:22,392.51110452831534,231.98023715442838,2.9039552583032964,6.126612417771148,6.83829205212563,14.427069729503028,1135.5318855027124,585.2245715804532,7728.508294635876,10303.174217440986,True,1,1
1738,bigshakeB1738 25-09-23 10-04-22.fits,2025-09-23 10:04:22,383.63055224014056,230.0638234039969,2.9512456882275844,5.577804408708953,6.9496525044494755,13.134725628889845,1032.9669811798065,602.1208289561763,7730.727257922046,10306.01762149903,True,1,1
1739,bigshakeB1739 25-09-23 10-04-22.fits,2025-09-23 10:04:22,376.21671571216575,229.29695894164217,2.9511309970198196,5.776041166713995,6.949382427294442,13.601537520302067,1037.9198048790379,575.0737138257527,7727.406412618108,10301.858040797371,True,1,1
1740,bigshakeB1740 25-09-23 10-04-22.fits,2025-09-23 10:04:22,374.2916053317009,232.6939067838429,3.0223575650143526,5.550029362142654,7.117108177346728,13.069320392483855,1035.3887348934977,616.2559278075838,7728.943704065215,10303.739028093783,True,1,1
1741,bigshakeB1741 25-09-23 10-04-22.fits,2025-09-23 10:04:22,380.79032177621673,229.76852508779598,3.1407005902956495,5.674638155651216,7.3957847054687305,13.36275167722494,1063.7579447200517,616.7378800133916,7729.161706695124,10304.71956632621,True,1,1
1742,bigshakeB1742 25-09-23 10-04-22.fits,2025-09-23 10:04:22,389.5710058619905,227.79486394797692,3.1225364187527873,6.2607289528546,7.3530113502182175,14.742890034687637,1117.5887718303588,603.9191343439784,7736.013422076706,10313.163549254043,True,1,1
1743,bigshakeB1743 25-09-23 10-04-22.fits,2025-09-23 10:04:22,392.39362359623885,231.95825788664962,2.955865911859425,5.603949265422428,6.960532299670259,13.196292061553198,1112.395541918702,645.9803234543562,7730.918711665053,10306.158131200937,True,1,1
1744,bigshakeB1744 25-09-23 10-04-22.fits,2025-09-23 10:04:22,385.3214463670407,236.59990868322504,2.8674083798932,5.685392494337808,6.7522307302622275,13.388076209535178,1117.5907765267336,590.2957870065294,7728.45357219662,10303.813743747478,True,1,1
1745,bigshakeB1745 25-09-23 10-04-22.fits,2025-09-23 10:04:22,379.0934397233242,227.51393691209026,2.8733558772198693,5.911617047730417,6.766236016184836,13.920794322542267,1154.906826808061,622.9653589402718,7734.265403986238,10310.451579679788,True,1,1
1746,bigshakeB1746 25-09-23 10-04-22.fits,2025-09-23 10:04:22,379.24383049310916,225.02992863292963,3.050338407591886,5.950386264426303,7.182998026325159,14.012088851147888,1133.6832082361937,612.7387371453276,7728.279351667067,10303.39115142609,True,1,1
1747,bigshakeB1747 25-09-23 10-04-22.fits,2025-09-23 10:04:22,387.0165382072199,233.0737448354481,3.115673076211042,5.714598585939172,7.336849413625003,13.456851299475082,1036.84257036194,619.7924069670858,7729.767861571201,10304.730961492041,True,1,1
1748,bigshakeB1748 25-09-23 10-04-22.fits,2025-09-23 10:04:22,389.03414045958027,231.24349872186187,2.949432288520602,5.607555212796909,6.94538227446982,13.204783418711951,1057.4249887236883,597.3990584041766,7728.344248754871,10303.251927318883,True,1,1
1749,bigshakeB1749 25-09-23 10-04-22.fits,2025-09-23 10:04:22,387.00248210148504,234.99142297997602,2.9548115666951893,6.069450626450476,6.958049506543135,14.292463997491234,1103.658769634863,588.217063720078,7730.013476971642,10305.070729104764,True,1,1
1750,bigshakeB1750 25-09-23 10-04-22.fits,2025-09-23 10:04:22,383.89398874089557,229.7267556977722,2.803001244052063,5.851203473779842,6.600563515740486,13.778531227611495,1167.9317264330195,614.9438289922122,7727.107837059891,10301.116139012951,True,1,1
1751,bigshakeB1751 25-09-23 10-04-22.fits,2025-09-23 10:04:22,380.0034151163863,231.26867094413925,2.851286396368202,5.362309868393614,6.714266360291902,12.627274765760554,1100.473908750939,635.8598518853564,7730.488728606959,10305.898345466509,True,1,1
1752,bigshakeB1752 25-09-23 10-04-22.fits,2025-09-23 10:04:22,379.19052546014984,231.16280351478935,2.9201273498100644,5.7734190343915,6.8763744173758425,13.595362870548332,1095.5801902789128,636.5520450478247,7727.910485009438,10301.395700656467,True,1,1
1753,bigshakeB1753 25-09-23 10-04-22.fits,2025-09-23 10:04:22,385.4454190099718,232.97965283198678,3.0880117787361754,5.720340937925321,7.271712035859623,13.470373505037687,1141.290260463647,646.1385349032429,7729.940383493375,10305.689935906885,True,1,1
1754,bigshakeB1754 25-09-23 10-04-22.fits,2025-09-23 10:04:22,392.89874753134393,227.8774070610712,2.926708187372799,5.902824398295595,6.891871105581663,13.900089215404218,1153.046436112479,613.6010072483061,7729.157899858594,10304.25217716175,True,1,1
1755,bigshakeB1755 25-09-23 10-04-22.fits,2025-09-23 10:04:22,391.2067973231071,228.64236943726178,2.8869641510179753,5.515548399525285,6.798281052102885,12.988123930540512,1076.7827400840897,607.6766083654261,7729.016894067004,10304.086687188881,True,1,1
1756,bigshakeB1756 25-09-23 10-04-22.fits,2025-09-23 10:04:22,383.65752162603167,233.2934885396963,2.8436121126348985,5.341397058644554,6.696194803125465,12.57802886216555,1076.1295561098582,606.0950639801845,7731.378873825246,10307.579282660934,True,1,1
1757,bigshakeB1757 25-09-23 10-04-22.fits,2025-09-23 10:04:22,377.4516398949075,229.14609809552303,2.919013567471535,5.7492613660594465,6.8737516603992725,13.538475908918803,1114.206292243328,629.0312793251861,7728.6070064061105,10302.90805415511,True,1,1
1758,bigshakeB1758 25-09-23 10-04-22.fits,2025-09-23 10:04:22,374.2516507073737,233.8418900404153,2.810208067955749,5.269237247401726,6.617534289129893,12.408105492205289,1109.6095679748391,653.9330760007728,7735.82616732773,10312.724665543046,True,1,1
1759,bigshakeB1759 25-09-23 10-04-22.fits,2025-09-23 10:04:22,379.50791717149366,224.38513553466953,3.072304515700655,5.14525803536908,7.234724258011005,12.11615675854367,1009.023715981942,635.2701736260035,7735.89278416025,10313.643254616092,True,1,1
1760,bigshakeB1760 25-09-23 10-04-22.fits,2025-09-23 10:04:22,388.989043104703,230.89559904254097,3.086266812397758,5.084886365529843,7.267602954148013,11.973992340254245,1044.076749164371,675.3806132771103,7728.313895566406,10303.311776616842,True,1,1
1761,bigshakeB1761 25-09-23 10-04-22.fits,2025-09-23 10:04:22,392.61497222644203,231.2104080222908,2.844484776365499,5.58403711990231,6.698249769170854,13.14940254214285,1156.239893167566,616.3415142859986,7727.565520762205,10302.622922718127,True,1,1
1762,bigshakeB1762 25-09-23 10-04-22.fits,2025-09-23 10:04:22,383.7796071633586,232.4724071517585,3.0182794298277336,5.42022328258908,7.107504902862932,12.763650434384218,1044.0985945313719,633.2259497396587,7727.521341410591,10301.895177444647,True,1,1
1763,bigshakeB1763 25-09-23 10-04-22.fits,2025-09-23 10:04:22,374.9799941746299,229.48124397476997,2.9544988704565087,4.993466982056944,6.957313163172285,11.758716143547892,1049.2234339945985,649.599392464233,7727.625983108846,10302.750243164322,True,1,1
1764,bigshakeB1764 25-09-23 10-04-22.fits,2025-09-23 10:04:22,372.0301701367344,229.25226596900114,2.8105587944494563,5.35111195869008,6.6183601869076,12.600905703528225,1170.4268913628448,677.8737480167616,7730.377049927021,10305.405231121907,True,1,1
1765,bigshakeB1765 25-09-23 10-04-22.fits,2025-09-23 10:04:22,374.5395002335821,227.16157789539966,2.9364740164332597,5.375642918179699,6.914867875609581,12.658671698658223,1130.7059732074242,657.0086710548744,7729.420735058397,10304.789541545475,True,1,1
1766,bigshakeB1766 25-09-23 10-04-22.fits,2025-09-23 10:04:22,380.2533510273937,227.850973475173,3.082067574704116,5.1020134379043185,7.257714505053175,12.014323513594356,1033.940196508235,641.2457400679881,7727.164365573936,10302.442091011311,True,1,1
1767,bigshakeB1767 25-09-23 10-04-22.fits,2025-09-23 10:04:22,387.30069589176117,225.38060269720776,3.080944919322956,4.92847336489609,7.2550708536579585,11.605667871058444,1028.8438635485063,678.2423350157442,7734.766345991925,10312.11894888202,True,1,1
1768,bigshakeB1768 25-09-23 10-04-23.fits,2025-09-23 10:04:23,384.55058145048065,233.43495652990043,2.8577269753969095,5.28405002957584,6.7294327648903085,12.44298692859157,1217.3473840827714,653.5344530185665,7728.924726726992,10305.366330526942,True,1,1
1769,bigshakeB1769 25-09-23 10-04-23.fits,2025-09-23 10:04:23,375.01458890989016,227.62658705043074,2.8616105675949877,5.268065172895437,6.738577925645069,12.405345467663608,1148.6912958628473,651.3392464146411,7728.556944177835,10303.989609204089,True,1,1
1770,bigshakeB1770 25-09-23 10-04-23.fits,2025-09-23 10:04:23,372.7759164199142,232.06662298049383,2.8109828760158013,4.933681738018788,6.6193588226807565,11.617932652489776,1106.3165661162054,650.0994972862665,7729.029366935813,10304.86308444245,True,1,1
1771,bigshakeB1771 25-09-23 10-04-23.fits,2025-09-23 10:04:23,377.11973457514694,223.03657659696418,3.0512644510227513,5.306066104311925,7.18517869195873,12.494830822693,1130.330814995781,671.7258197352589,7729.774677977131,10305.76421114902,True,1,1
1772,bigshakeB1772 25-09-23 10-04-23.fits,2025-09-23 10:04:23,387.321589205727,238.21605653297982,2.894214677478184,5.359519919024757,6.815354737148412,12.620704937062149,1162.6661211751018,666.6267604864411,7728.517472558995,10303.604833335305,True,1,1
1773,bigshakeB1773 25-09-23 10-04-23.fits,2025-09-23 10:04:23,390.5027264899636,236.781899547202,2.7980361362970814,5.224223852192,6.588871580473317,12.302107046870525,1180.7533032957926,680.2461787178105,7728.193164910934,10302.952185274165,True,1,1
1774,bigshakeB1774 25-09-23 10-04-23.fits,2025-09-23 10:04:23,386.0643853590908,234.73529527638905,2.85364078533219,5.135124263553147,6.719810522618101,12.092293549539741,1126.9905927235386,695.9643360959991,7730.5665898342195,10305.553443916366,True,1,1
1775,bigshakeB1775 25-09-23 10-04-23.fits,2025-09-23 10:04:23,376.8565722797411,230.89792217018507,2.725955564370835,5.238669950510256,6.419134804844096,12.336125008762842,1189.1878082042363,655.0953589268846,7729.547391395393,10305.070170770108,True,1,1
1776,bigshakeB1776 25-09-23 10-04-23.fits,2025-09-23 10:04:23,377.0586867506409,226.75060135189875,2.8754878451225205,4.878619215713581,6.771256416937361,11.48827032123551,1040.4260845645435,665.01488906537,7729.691935273696,10304.936686426146,True,1,1
1777,bigshakeB1777 25-09-23 10-04-23.fits,2025-09-23 10:04:23,387.741364276174,217.04512360185888,3.081023361353467,5.07779653018718,7.2552555705237785,11.957297053873372,1082.0415237378493,682.0684045516366,7728.003772902438,10303.328191993487,True,1,1
1778,bigshakeB1778 25-09-23 10-04-23.fits,2025-09-23 10:04:23,393.44783882798293,237.06498427937157,2.7474941304348612,5.200022539456416,6.4698542519528885,12.245117310524709,1206.8688482597383,680.9434855444888,7726.634935692941,10301.004637745122,True,1,1
1779,bigshakeB1779 25-09-23 10-04-23.fits,2025-09-23 10:04:23,386.55451622311625,239.50670629429322,2.781653528058344,5.570010656481187,6.550293486202849,13.116372744917896,1210.447553633727,649.7997906407979,7733.093856289956,10309.474021409296,True,1,1
1780,bigshakeB1780 25-09-23 10-04-23.fits,2025-09-23 10:04:23,375.53791934362357,229.99944677216538,2.856530031484297,5.321851385297156,6.726614177372112,12.532002318773468,1209.842344935659,691.611634394466,7727.375336762395,10301.993682866021,True,1,1
1781,bigshakeB1781 25-09-23 10-04-23.fits,2025-09-23 10:04:23,372.00298165994116,223.73898597814437,2.8431362835650305,5.407423911909873,6.695074311293731,12.733510219745039,1172.3783920844044,663.1629812116861,7728.485668069012,10303.327547037605,True,1,1
1782,bigshakeB1782 25-09-23 10-04-23.fits,2025-09-23 10:04:23,380.57106372758017,218.15094161763685,3.0070265834493437,4.877767492873037,7.081006474647445,11.486264667217785,1065.855657379313,685.1520567852968,7729.073617603418,10304.716285723252,True,1,1
1783,bigshakeB1783 25-09-23 10-04-23.fits,2025-09-23 10:04:23,390.7747018265928,235.85483555300033,2.911119506385096,4.872435540804652,6.855162567116227,11.473708879608008,1059.0244283115328,659.4760668581545,7735.714372976113,10313.605343957563,True,1,1
1784,bigshakeB1784 25-09-23 10-04-23.fits,2025-09-23 10:04:23,390.93274568665413,234.62624287809209,2.742172695123274,5.044043521845852,6.457323229412828,11.877814793251117,1188.3348031340759,688.9062266293856,7729.90602008099,10305.412052319189,True,1,1
1785,bigshakeB1785 25-09-23 10-04-23.fits,2025-09-23 10:04:23,386.26085857548577,233.929315337132,2.763148481979986,5.693861935691433,6.50671743276331,13.408020219804909,1312.7247521416466,669.0595356304651,7737.2356625847015,10315.362328780946,True,1,1
1786,bigshakeB1786 25-09-23 10-04-23.fits,2025-09-23 10:04:23,384.1306433887171,223.9637232027911,2.6641309183064013,5.339273080370205,6.2735488890146245,12.573027275549903,1297.7937231349424,699.723685576361,7728.666174737469,10303.433743886084,True,1,1
1787,bigshakeB1787 25-09-23 10-04-23.fits,2025-09-23 10:04:23,379.44687711767097,230.48088954158322,2.7261791125520207,5.4204452507981795,6.419661220582183,12.764173129572365,1237.133746510703,667.5747022598244,7738.206288614186,10316.32423943875,True,1,1
1788,bigshakeB1788 25-09-23 10-04-23.fits,2025-09-23 10:04:23,376.01982138592166,223.4348251799939,2.731266118290608,5.038978038752084,6.431640203664596,11.865886492124147,1202.2683681646113,702.6759439958656,7729.459292949582,10304.603352474365,True,1,1
1789,bigshakeB1789 25-09-23 10-04-23.fits,2025-09-23 10:04:23,380.2627937634702,237.20274948246086,3.0284861287168674,4.715680640006823,7.1315398420006595,11.104579297052444,1070.5032294406665,735.9156322847193,7730.100782270842,10305.608624710718,True,1,1
1790,bigshakeB1790 25-09-23 10-04-23.fits,2025-09-23 10:04:23,387.8853991265789,224.02767029963732,3.0232238982906567,5.189961177316946,7.119148236311447,12.221424613278371,1166.6878211043795,696.60286481785,7730.052694950065,10306.27642075077,True,1,1
1791,bigshakeB1791 25-09-23 10-04-23.fits,2025-09-23 10:04:23,392.1778575085723,238.91088850294605,2.7384241726320653,5.037288166746762,6.44849613351128,11.861907147652479,1179.7371651898127,678.1204469437592,7727.401616611011,10302.234663120653,True,1,1
1792,bigshakeB1792 25-09-23 10-04-23.fits,2025-09-23 10:04:23,388.2973618847252,227.1364898849755,2.72313003190674,5.018453670794809,6.41248118435976,11.817555299046765,1237.266309747214,709.4088486113824,7726.0774611828665,10300.439716340636,True,1,1
1793,bigshakeB1793 25-09-23 10-04-23.fits,2025-09-23 10:04:23,379.71053460802017,228.65604730382987,2.6546285167516177,4.841882984498759,6.251172443357486,11.401763107591956,1242.8294442805427,700.8871117276747,7729.860946017928,10305.988484890257,True,1,1
1794,bigshakeB1794 25-09-23 10-04-23.fits,2025-09-23 10:04:23,377.27623566022027,229.02017596145274,2.744629544908262,4.591292414491754,6.463108668534147,10.811667410243729,1174.1665557814836,727.201526686124,7727.300013793207,10302.460171703253,True,1,1
1795,bigshakeB1795 25-09-23 10-04-23.fits,2025-09-23 10:04:23,382.2463448536413,230.70412963274921,2.816061074786614,4.633033321620813,6.6313170669389185,10.90995973504901,1137.858821878101,709.6723661446648,7730.396970797152,10306.759098665854,True,1,1
1796,bigshakeB1796 25-09-23 10-04-23.fits,2025-09-23 10:04:23,387.29236017317305,226.22731757641614,2.7850513529898917,5.029877413787056,6.558294752461163,11.844456158034191,1231.6278198561758,720.7723334354066,7729.971714422051,10305.609330573341,True,1,1
1797,bigshakeB1797 25-09-23 10-04-23.fits,2025-09-23 10:04:23,391.31566285734107,233.4946522446192,2.6244437458664502,5.352533144725751,6.1800927398224275,12.60425234089274,1364.0455188089322,714.5666003087892,7730.410343551499,10305.934989644311,True,1,1
1798,bigshakeB1798 25-09-23 10-04-23.fits,2025-09-23 10:04:23,386.50650793589887,229.09876033382986,2.5830860403596287,5.097935113597429,6.082702785878477,12.004719793766355,1316.9081315811138,704.4550739063417,7730.239429931479,10305.995896787206,True,1,1
1799,bigshakeB1799 25-09-23 10-04-23.fits,2025-09-23 10:04:23,380.85022884448506,233.2270791952827,2.61289743521315,4.8092382927448245,6.152903256049882,11.324890733085933,1184.1204116806423,685.1491049509788,7727.8570769514845,10302.759471363132,True,1,1
1800,bigshakeB1800 25-09-23 10-04-23.fits,2025-09-23 10:04:23,379.7668786884998,229.56277059791992,2.647186901181456,4.981050915026346,6.233648777845456,11.729478540023791,1269.4123019697251,690.8140186319687,7729.788746076526,10305.96404737536,True,1,1
1801,bigshakeB1801 25-09-23 10-04-23.fits,2025-09-23 10:04:23,383.60485558387677,225.0719638327809,2.5703943437830703,5.212577768406854,6.052816124374547,12.274682615327153,1346.8046565464147,705.274674750603,7731.813291302682,10307.964343237287,True,1,1
1802,bigshakeB1802 25-09-23 10-04-23.fits,2025-09-23 10:04:23,386.05342452644584,227.3121035597291,2.5794615779956493,4.557029273042413,6.074167829251318,10.730983877953088,1203.7799014589934,698.7571261884043,7729.566653917799,10305.675525365088,True,1,1
1803,bigshakeB1803 25-09-23 10-04-23.fits,2025-09-23 10:04:23,387.47285775170633,231.80643306101013,2.5713450694358797,4.554920913236896,6.0550549121991075,10.72601907002092,1204.7261612810146,718.5053463547271,7726.756328850985,10301.428062168952,True,1,1
1804,bigshakeB1804 25-09-23 10-04-23.fits,2025-09-23 10:04:23,384.8180777197491,232.82864885418553,2.6151414070946917,4.718485919709853,6.158187406017022,11.111185225929058,1225.228286465146,699.694136280347,7727.269373410133,10302.51744676241,True,1,1
1805,bigshakeB1805 25-09-23 10-04-23.fits,2025-09-23 10:04:23,381.3650380831643,230.75276282202924,2.588693923556222,4.878147107807682,6.0959083416400075,11.487158592075282,1235.6958381888612,699.8883233250681,7729.73390851751,10305.187446919304,True,1,1
1806,bigshakeB1806 25-09-23 10-04-23.fits,2025-09-23 10:04:23,378.69645802042726,223.76644050166905,2.630606186682922,5.5863279515258295,6.194604178983372,13.154797038369704,1356.1279773530564,701.7503486234322,7726.204308466872,10299.76353503677,True,1,1
1807,bigshakeB1807 25-09-23 10-04-23.fits,2025-09-23 10:04:23,383.18651142027346,226.81420198400394,2.572764313523622,4.936528117437086,6.058396976625715,11.624635363799745,1300.5201840909524,709.0755477503371,7729.470300698983,10305.153896103984,True,1,1
1808,bigshakeB1808 25-09-23 10-04-23.fits,2025-09-23 10:04:23,385.1938151172375,240.54492945782627,2.647690219470489,5.053786647622643,6.234834001841501,11.900758101131563,1253.2622001721804,716.4332072246158,7729.772469612052,10304.783853250872,True,1,1
1809,bigshakeB1809 25-09-23 10-04-23.fits,2025-09-23 10:04:23,384.18873333810336,224.16733388743623,2.761292736321433,4.843928780894411,6.50234748568807,11.406580589952489,1192.967343353988,740.1563066418356,7727.538805372126,10301.864739150775,True,1,1
1810,bigshakeB1810 25-09-23 10-04-23.fits,2025-09-23 10:04:23,384.4082055582213,226.2923092137425,2.8707293639370475,5.068435233302777,6.760051050057907,11.935252884322496,1183.9074069045137,674.4436178472905,7730.254340995568,10306.902932475141,True,1,1
1811,bigshakeB1811 25-09-23 10-04-23.fits,2025-09-23 10:04:23,387.24496055691935,238.3234251982854,2.6756885069560585,5.15042201956422,6.300764930439059,12.128317012038611,1253.8556496328424,717.3113482341694,7731.996007411412,10307.554941087834,True,1,1
1812,bigshakeB1812 25-09-23 10-04-23.fits,2025-09-23 10:04:23,383.66150971064457,232.4735316986315,2.6422704648636066,4.970887242297007,6.222071455054065,11.70554491974961,1233.4457063581963,699.5308835527152,7729.221335795403,10304.489018147842,True,1,1
1813,bigshakeB1813 25-09-23 10-04-23.fits,2025-09-23 10:04:23,382.04726672942803,236.3719539255225,2.6503777258281453,4.735961225278268,6.241162595683658,11.1523364257746,1205.9735020657054,722.174664911256,7730.897032615286,10306.693441678839,True,1,1
1814,bigshakeB1814 25-09-23 10-04-23.fits,2025-09-23 10:04:23,386.06901116161043,220.5867021267253,2.714876378537372,5.0624916178298625,6.393045315960835,11.921256739466921,1245.1737121010417,703.415479761884,7729.928689720862,10305.62876886564,True,1,1
1815,bigshakeB1815 25-09-23 10-04-23.fits,2025-09-23 10:04:23,393.4030420360557,219.91281673973475,2.569066371214948,4.615360442198802,6.049688987951881,10.868343284332646,1218.3792242641102,701.8756421444576,7729.681265820479,10305.670845045266,True,1,1
1816,bigshakeB1816 25-09-23 10-04-23.fits,2025-09-23 10:04:23,389.9637886076759,234.54133628210508,2.584331961400151,5.029615066521656,6.085636705719225,11.843838377434867,1191.708906020972,671.8892316856234,7729.258059207599,10304.113000566069,True,1,1
1817,bigshakeB1817 25-09-23 10-04-23.fits,2025-09-23 10:04:23,379.1513720993882,231.16279154155245,2.6686577129154565,4.702293301137244,6.284208675699766,11.073054523132736,1250.0892201793408,708.7067681075655,7726.251151683181,10301.686548419964,True,1,1
1818,bigshakeB1818 25-09-23 10-04-23.fits,2025-09-23 10:04:23,372.1483926635334,236.60150621853825,2.576945795199222,4.947683827891662,6.0682436134933475,11.650905054394745,1294.8133816854756,717.0450854910957,7728.011287383752,10302.912924697795,True,1,1
1819,bigshakeB1819 25-09-23 10-04-23.fits,2025-09-23 10:04:23,374.2382478566932,226.45442530501526,2.6751284743402746,5.5538261570841545,6.29944615440954,13.078261161318974,1357.0856910570587,669.4464302059623,7728.653110025198,10304.4132987699,True,1,1
1820,bigshakeB1820 25-09-23 10-04-24.fits,2025-09-23 10:04:24,382.03147869230435,227.33794112126608,2.6942861157126314,4.848534839631418,6.34455895232868,11.41742702939498,1191.5178304595747,696.1821089362365,7728.84843195062,10304.268684328825,True,1,1
1821,bigshakeB1821 25-09-23 10-04-24.fits,2025-09-23 10:04:24,388.6833670051803,238.05634905907198,2.6690216630299646,4.969640761414026,6.2850657127248,11.702609681580618,1148.2853200484403,682.2137112478007,7726.463577637747,10300.251323153538,True,1,1
1822,bigshakeB1822 25-09-23 10-04-24.fits,2025-09-23 10:04:24,388.90893703012824,235.51906973234824,2.6114872512740126,4.993967416431473,6.149582526642821,11.759894576444255,1283.978218754769,704.2580995871359,7734.473504542764,10311.775173063423,True,1,1
1823,bigshakeB1823 25-09-23 10-04-24.fits,2025-09-23 10:04:24,388.2789270045707,223.55104308856176,2.565570327052965,4.736215908106279,6.04145643308093,11.152936158003126,1194.9230670025845,691.4154488308994,7729.524268841719,10304.940754826119,True,1,1
1824,bigshakeB1824 25-09-23 10-04-24.fits,2025-09-23 10:04:24,386.24610812065356,230.8615014800372,2.652843564205972,4.678162102390789,6.246969201323571,11.016229892613957,1166.0368681382154,713.22798434521,7728.503458070522,10303.40082043181,True,1,1
1825,bigshakeB1825 25-09-23 10-04-24.fits,2025-09-23 10:04:24,381.71038519454584,228.83647018791868,2.6174770603331217,4.677305211490069,6.163687449081118,11.014212068744538,1242.5083979864703,701.0785450063295,7729.199765946618,10305.459102094868,True,1,1
1826,bigshakeB1826 25-09-23 10-04-24.fits,2025-09-23 10:04:24,379.14901099543283,235.29221234055905,2.579117632172931,4.91073420106096,6.073357898733577,11.563895332477392,1251.3174577694394,722.1501232380041,7728.813080165314,10303.418283255154,True,1,1
1827,bigshakeB1827 25-09-23 10-04-24.fits,2025-09-23 10:04:24,379.3770364439852,228.18968082910212,2.685407779445324,4.7619370387809825,6.323652068119899,11.213504792096778,1183.7922199260195,692.7482961815181,7729.974245087389,10306.006406384808,True,1,1
1828,bigshakeB1828 25-09-23 10-04-24.fits,2025-09-23 10:04:24,384.7737349992218,222.4961080332754,2.636408073043336,4.584273543495754,6.208266577283867,10.79513923212886,1186.4892959609003,707.9049626374112,7729.590767807397,10305.509197386,True,1,1
1829,bigshakeB1829 25-09-23 10-04-24.fits,2025-09-23 10:04:24,388.4140525260903,232.306308849256,2.615395029847226,4.730485004170715,6.158784641958565,11.139440910539514,1219.247747950424,706.9876084331758,7729.712230329887,10305.470514034721,True,1,1
1830,bigshakeB1830 25-09-23 10-04-24.fits,2025-09-23 10:04:24,385.8584612957042,229.1185757156737,2.6466915616779536,4.81759964616991,6.232482342453513,11.344580215734913,1183.9737567127108,687.8875518435491,7730.606556517994,10306.533577190568,True,1,1
1831,bigshakeB1831 25-09-23 10-04-24.fits,2025-09-23 10:04:24,379.96493124105683,226.71289126527125,2.606332676951905,5.010092217801915,6.13744443170552,11.797865581933515,1312.548789103011,721.6851719364925,7728.679653250435,10303.889085262092,True,1,1
1832,bigshakeB1832 25-09-23 10-04-24.fits,2025-09-23 10:04:24,378.92620090883173,230.97026372857837,2.7527905813302382,4.935349918454555,6.482326440688845,11.621860917218646,1265.5278159884333,733.9036380428454,7727.613400359178,10302.762112013472,True,1,1
1833,bigshakeB1833 25-09-23 10-04-24.fits,2025-09-23 10:04:24,379.6838189716989,236.08824800235985,2.7574909544910664,4.871769010283233,6.493394973627089,11.472139320175547,1221.2435856246927,710.2269443815184,7730.090247628102,10306.303982741496,True,1,1
1834,bigshakeB1834 25-09-23 10-04-24.fits,2025-09-23 10:04:24,381.6186776323946,228.68638032482662,2.7226165771372868,4.91637976243342,6.411272090776435,11.577189613562712,1221.4010485109668,740.620835691921,7728.811627241892,10303.433191839076,True,1,1
1835,bigshakeB1835 25-09-23 10-04-24.fits,2025-09-23 10:04:24,383.3704366008134,220.8784530949876,2.8359652737127035,4.513741896707858,6.678187873550357,10.62904989646368,1091.444516466673,692.3185352194108,7729.786307253523,10306.226914679379,True,1,1
1836,bigshakeB1836 25-09-23 10-04-24.fits,2025-09-23 10:04:24,388.20734819815226,229.05104622341838,2.9292692031610277,4.735245143931028,6.897901836895424,11.150650183064247,1088.2872568286712,703.2397538791365,7728.4986780468325,10303.922700391175,True,1,1
1837,bigshakeB1837 25-09-23 10-04-24.fits,2025-09-23 10:04:24,388.4531582046624,240.29444001959155,2.859723571412148,4.619345391426074,6.734134389208822,10.877727122651455,1085.4318784779612,736.7009999064097,7729.481777785249,10304.414067819018,True,1,1
1838,bigshakeB1838 25-09-23 10-04-24.fits,2025-09-23 10:04:24,383.26013772414996,236.49849195545224,2.76520259872261,4.917745530893098,6.511554508043675,11.580405752508435,1206.3482098897027,729.6288683177544,7727.050619386212,10301.41644610177,True,1,1
1839,bigshakeB1839 25-09-23 10-04-24.fits,2025-09-23 10:04:24,381.781492613816,220.15608769034446,2.7056599411651074,5.069015577962565,6.371342264492854,11.936619491560391,1242.946833949095,701.7514511406905,7730.2847351947585,10306.032186207372,True,1,1
1840,bigshakeB1840 25-09-23 10-04-24.fits,2025-09-23 10:04:24,380.36259338236084,225.52392760095654,2.671299679137293,4.508448023084844,6.290430030717241,10.616583776740347,1130.1841938701857,692.3408105712531,7729.023964296247,10304.830946295726,True,1,1
1841,bigshakeB1841 25-09-23 10-04-24.fits,2025-09-23 10:04:24,380.9587845902706,234.74878379886445,2.7539078490037627,4.6312745313848485,6.484957405002126,10.905818100546357,1161.6483826937683,730.5786885483863,7730.942365891654,10306.959993707409,True,1,1
1842,bigshakeB1842 25-09-23 10-04-24.fits,2025-09-23 10:04:24,385.18674843845497,244.1938918771765,2.816633253563695,5.345961406475999,6.632664444992529,12.588777079931528,1269.7447311647652,727.859982328713,7729.291064872371,10304.077979599766,True,1,1
1843,bigshakeB1843 25-09-23 10-04-24.fits,2025-09-23 10:04:24,388.84391042895857,228.74766708468857,2.838456221379134,5.120192990519407,6.6840536070463905,12.057133088502061,1204.0977267187127,717.3058836515104,7729.7717176791375,10305.030822176594,True,1,1
1844,bigshakeB1844 25-09-23 10-04-24.fits,2025-09-23 10:04:24,387.5662475215929,213.11043046572914,2.691442138531279,4.537472396224507,6.33786189785442,10.684930952404082,1129.9501547380212,726.1508494142719,7728.854458545727,10303.814452044082,True,1,1
1845,bigshakeB1845 25-09-23 10-04-24.fits,2025-09-23 10:04:24,383.6127699939144,230.11052020570162,2.8600461522859493,4.332684213721276,6.7348940091165925,10.202691635260019,1059.8716186848026,730.474525924452,7729.727661671123,10305.605694695103,True,1,1
1846,bigshakeB1846 25-09-23 10-04-24.fits,2025-09-23 10:04:24,377.8325548140788,231.14178756806825,2.8423239808759875,4.842454323298485,6.69316148463894,11.403108507650053,1225.4323661602832,750.6906729238681,7728.498787051846,10303.870711993772,True,1,1
1847,bigshakeB1847 25-09-23 10-04-24.fits,2025-09-23 10:04:24,378.89209127460475,218.84299283031365,2.851941426548581,4.488491163737359,6.7158088384907595,10.569588964313025,1096.621296754468,733.1428964637731,7730.2289387637165,10306.119634935974,True,1,1
1848,bigshakeB1848 25-09-23 10-04-24.fits,2025-09-23 10:04:24,383.98289993868974,218.09707298849904,3.019581475582225,4.249985617754109,7.110570986305155,10.007951323780617,1037.5661438805619,739.9012015261226,7729.207335533292,10305.54944430647,True,1,1
1849,bigshakeB1849 25-09-23 10-04-24.fits,2025-09-23 10:04:24,382.93065126218664,246.7974704772789,2.84210524622728,4.764461643774198,6.692646403903621,11.219449782540588,1208.4729524914833,753.0892167838394,7737.0136190374815,10315.216782503434,True,1,1
1850,bigshakeB1850 25-09-23 10-04-24.fits,2025-09-23 10:04:24,376.3063230437946,227.24178133562395,2.9989810427179875,4.704457953422334,7.062060674060135,11.078151889724188,1063.827715670202,730.0178812476036,7728.301336372486,10303.127896234895,True,1,1
1851,bigshakeB1851 25-09-23 10-04-24.fits,2025-09-23 10:04:24,379.08842758822504,218.93393839193615,2.914101467099759,4.2738125665059,6.862184547980609,10.064059500313261,1048.1221562524597,739.2971178845092,7727.885811327032,10303.29794563126,True,1,1
1852,bigshakeB1852 25-09-23 10-04-24.fits,2025-09-23 10:04:24,384.81750265630075,226.32783667330634,2.9182573626152903,4.6340661239394425,6.871970934045637,10.912391798651475,1117.547680874721,736.646570364864,7728.545552955956,10303.931668692156,True,1,1
1853,bigshakeB1853 25-09-23 10-04-24.fits,2025-09-23 10:04:24,392.6365003621373,242.04723858381072,2.8714551134502715,5.756825263040464,6.761760059559318,13.556287525148253,1357.6274743657077,693.5376870895338,7730.072257302484,10306.271037332708,True,1,1
1854,bigshakeB1854 25-09-23 10-04-24.fits,2025-09-23 10:04:24,388.0903189387428,235.49187923415644,2.9407697992984985,4.408305801969994,6.924983671209746,10.380766867105176,1086.5151398885896,757.5537752416813,7729.556006442373,10305.320922770536,True,1,1
1855,bigshakeB1855 25-09-23 10-04-24.fits,2025-09-23 10:04:24,381.6054991911582,223.5826702163121,2.9193294932490708,4.54364307450939,6.874495608752955,10.699461789320763,1102.3638936397228,742.5013248994628,7727.905094624944,10303.061429045953,True,1,1
1856,bigshakeB1856 25-09-23 10-04-24.fits,2025-09-23 10:04:24,378.7044697837526,222.98969183328876,2.933658902039204,4.414611214678916,6.908238787805404,10.395614979344339,1040.4061047556563,730.2269106482099,7730.184808788586,10306.017630980788,True,1,1
1857,bigshakeB1857 25-09-23 10-04-24.fits,2025-09-23 10:04:24,381.3494064103303,238.8807084479648,2.95974939831403,4.952960453570333,6.96967721141817,11.663330558313003,1117.3113634057245,741.1896260473413,7728.957306968579,10303.374916225574,True,1,1
1858,bigshakeB1858 25-09-23 10-04-24.fits,2025-09-23 10:04:24,383.3830496972512,230.50757979264577,2.919635456317494,4.42719541694092,6.875216096719518,10.42524851108163,1093.5291289420109,746.9907976522326,7728.456362221201,10304.011237945935,True,1,1
1859,bigshakeB1859 25-09-23 10-04-24.fits,2025-09-23 10:04:24,384.3607056857736,234.65684323352934,2.9060189466373356,4.416253703636956,6.843151666781322,10.399482745266473,1091.2477603661705,734.3339853016513,7731.995334118225,10308.952065654721,True,1,1
1860,bigshakeB1860 25-09-23 10-04-24.fits,2025-09-23 10:04:24,386.2692278617389,220.65707332866097,2.982897072086721,4.506742638308795,7.024185817613939,10.612567902485216,1067.589323643066,731.0630567364066,7735.018155515107,10312.782039820717,True,1,1
1861,bigshakeB1861 25-09-23 10-04-24.fits,2025-09-23 10:04:24,384.1214622659859,236.65596204253708,3.0452695323374948,4.649375492785065,7.171061737270358,10.94844260728592,1052.4476410860348,730.0350281718985,7726.869202541754,10301.504135083458,True,1,1
1862,bigshakeB1862 25-09-23 10-04-24.fits,2025-09-23 10:04:24,380.63450099087925,234.2344488857394,2.9592940906749385,4.469558095710058,6.968605043862981,10.525004996208402,1082.540787140435,752.5483329278861,7730.795116502666,10306.891269115402,True,1,1
1863,bigshakeB1863 25-09-23 10-04-24.fits,2025-09-23 10:04:24,379.2473635740807,229.39164783610383,3.02078341688251,4.92158004882968,7.113401341772017,11.589435352208529,1093.3375598951316,711.2389506370504,7727.925419740655,10302.868228510717,True,1,1
1864,bigshakeB1864 25-09-23 10-04-24.fits,2025-09-23 10:04:24,383.1855275109841,226.15811255850892,2.8604775107928067,4.484419048268558,6.735909780775135,10.559999865181412,1109.833737583188,752.8288500600811,7729.644252189137,10305.14088095035,True,1,1
1865,bigshakeB1865 25-09-23 10-04-24.fits,2025-09-23 10:04:24,386.377101657931,232.93761881566346,3.012169959543658,4.723543754958288,7.093118199773469,11.123095517756536,1117.197076174324,762.3141548477312,7728.633946770248,10303.614733507658,True,1,1
1866,bigshakeB1866 25-09-23 10-04-24.fits,2025-09-23 10:04:24,386.9367042353574,221.52158752399325,2.9742171296511493,4.877345385314148,7.0037461151769405,11.485270679876955,1136.0004748466474,735.8742478945423,7728.0356637336345,10302.9488087633,True,1,1
1867,bigshakeB1867 25-09-23 10-04-24.fits,2025-09-23 10:04:24,385.0417762697526,232.72553027460842,3.0353604226171376,4.7419408778166,7.147727567072449,11.166417431434187,1071.4751463889813,718.507214266342,7728.4338431900605,10303.770041365555,True,1,1
1868,bigshakeB1868 25-09-23 10-04-24.fits,2025-09-23 10:04:24,383.15934000748103,229.23028787337606,3.0523112069071505,4.6338774283377715,7.187643613697568,10.911947454466251,1108.4537483834054,766.2616772049768,7729.547202747991,10305.188662174689,True,1,1
1869,bigshakeB1869 25-09-23 10-04-24.fits,2025-09-23 10:04:24,382.69279546652433,232.9400819157938,2.956451815985035,4.459593104356148,6.961911998449712,10.501539234819655,1091.3169679657562,761.9690779436808,7728.466483253314,10303.725617772945,True,1,1
1870,bigshakeB1870 25-09-23 10-04-24.fits,2025-09-23 10:04:24,381.5320494831037,224.32224307249942,2.9461039444347366,4.894689955782495,6.937544623099663,11.52611402208827,1167.4549950272665,745.2607820934131,7728.249364073353,10303.244312665176,True,1,1
1871,bigshakeB1871 25-09-23 10-04-24.fits,2025-09-23 10:04:24,380.7891934688444,227.9772900705887,2.9491300188881446,4.570436266301104,6.944670483880305,10.76255493442225,1081.9977915050604,763.6986577643578,7731.527295427764,10307.139113178087,True,1,1
1872,bigshakeB1872 25-09-23 10-04-25.fits,2025-09-23 10:04:25,383.1806426273044,235.53910311298299,3.0329509868195133,4.782198296173357,7.142053779358989,11.261216407141873,1087.4443146988394,735.4496978373809,7730.3698837281445,10306.016712893157,True,1,1
1873,bigshakeB1873 25-09-23 10-04-25.fits,2025-09-23 10:04:25,386.01835659211525,231.08398924394106,3.2840218061421034,5.37790634011,7.733280377422167,12.664001649990059,1091.9236328499665,716.9766208970048,7728.177311109771,10302.82679102308,True,1,1
1874,bigshakeB1874 25-09-23 10-04-25.fits,2025-09-23 10:04:25,387.4744479783756,227.78014023431723,3.158401412134746,5.0371288717484735,7.437466955548956,11.861532036597435,1164.5103012334935,738.4214562309422,7727.233818463116,10302.761533086146,True,1,1
1875,bigshakeB1875 25-09-23 10-04-25.fits,2025-09-23 10:04:25,388.0695736043759,227.52520761975205,2.9753498996261536,4.916117940900419,7.006413584620489,11.576573070968582,1109.0350446278117,742.7785415819806,7728.6682968192545,10303.053810402123,True,1,1
1876,bigshakeB1876 25-09-23 10-04-25.fits,2025-09-23 10:04:25,382.02243457803297,234.42881602090438,2.9358816250624553,4.869715711167473,6.913472900535107,11.46730417025931,1151.5530118438617,751.8485638956654,7729.688332273312,10304.786479296443,True,1,1
1877,bigshakeB1877 25-09-23 10-04-25.fits,2025-09-23 10:04:25,376.1169134528353,239.2727103813945,3.0134920742105304,4.412476009945015,7.09623154189285,10.390586956436705,1094.398916054948,770.8106018385524,7727.733178203095,10303.105203751998,True,1,1
1878,bigshakeB1878 25-09-23 10-04-25.fits,2025-09-23 10:04:25,378.0943253069646,229.61265673315893,3.231411324929467,4.10228141843294,7.609392161683927,9.660134514483884,911.6877974792523,731.9561060386044,7726.531839321197,10301.746609401356,True,1,1
1879,bigshakeB1879 25-09-23 10-04-25.fits,2025-09-23 10:04:25,388.93186563966617,215.30103242150335,3.4782329459229664,4.557892731521059,8.190612662346451,10.733017167286656,974.0765771499767,746.6502982236402,7734.661531038287,10312.803256366542,True,1,1
1880,bigshakeB1880 25-09-23 10-04-25.fits,2025-09-23 10:04:25,393.7175582173123,228.16553920934982,3.0477946083364262,4.493144674031863,7.177007836847868,10.580547143634282,1097.9626335626406,775.1846976594642,7727.654543576558,10302.825773161005,True,1,1
1881,bigshakeB1881 25-09-23 10-04-25.fits,2025-09-23 10:04:25,387.346854306833,236.90411899040933,2.89817372288696,4.480129925529105,6.824677576636185,10.54989975297895,1140.7690269771035,761.698241351646,7730.972998289895,10307.408569275696,True,1,1
1882,bigshakeB1882 25-09-23 10-04-25.fits,2025-09-23 10:04:25,373.4694689416182,230.83415963096695,2.88676145757099,4.872751874769412,6.797803745510928,11.474453789169148,1190.5097127690306,758.4629470680112,7725.924104075699,10299.87916425571,True,1,1
1883,bigshakeB1883 25-09-23 10-04-25.fits,2025-09-23 10:04:25,367.2165875478034,234.45370790943534,2.9773221421816323,4.650702351183621,7.011057860923794,10.951567120039755,1126.5461103457203,729.8129461173562,7728.911783545494,10305.006553600659,True,1,1
1884,bigshakeB1884 25-09-23 10-04-25.fits,2025-09-23 10:04:25,375.21651865338276,221.01578642153177,3.1592872064968267,4.445142192972855,7.43955284186856,10.467509939025312,963.4252515590512,761.0090164035864,7726.524191555647,10300.261655616532,True,1,1
1885,bigshakeB1885 25-09-23 10-04-25.fits,2025-09-23 10:04:25,388.8715676100826,230.87252860600142,3.24930116012859,4.535231610659616,7.651519504213122,10.67965430563926,1001.704443255007,737.8793905438782,7730.041136729024,10306.24309154472,True,1,1
1886,bigshakeB1886 25-09-23 10-04-25.fits,2025-09-23 10:04:25,393.07818321709306,241.27576606806858,3.0590348760768213,4.6125298421235135,7.203476644634465,10.86167773053589,1069.8571461240756,745.7828992093046,7728.936690061576,10304.375696662077,True,1,1
1887,bigshakeB1887 25-09-23 10-04-25.fits,2025-09-23 10:04:25,385.6109132494861,231.65120908310078,3.033303949025058,4.63395614579051,7.142884941835744,10.912132819901853,1110.5386937565327,736.9094239941962,7728.759638236706,10304.77156424632,True,1,1
1888,bigshakeB1888 25-09-23 10-04-25.fits,2025-09-23 10:04:25,376.7819149427481,225.0620995079426,3.009010699491337,4.300950907286868,7.085678710874798,10.127965409173164,1032.2437760773753,757.3256494610425,7735.173954604063,10312.775748226884,True,1,1
1889,bigshakeB1889 25-09-23 10-04-25.fits,2025-09-23 10:04:25,372.9368390002463,226.80110703063198,2.949075499967841,4.446975648390243,6.944542101633941,10.471827396593847,1126.1269393303228,751.9268913782263,7729.744381033563,10306.206947777213,True,1,1
1890,bigshakeB1890 25-09-23 10-04-25.fits,2025-09-23 10:04:25,376.8049468415649,234.83516363740074,3.182602841487018,4.456959367847264,7.494456966506087,10.495337259295205,997.3114352946717,761.5855420498107,7727.343509421095,10301.974191119332,True,1,1
1891,bigshakeB1891 25-09-23 10-04-25.fits,2025-09-23 10:04:25,385.23341585367444,235.677627090114,3.1160652274260667,4.784210192091004,7.337772859166826,11.265954059977265,1143.5561993831323,747.3041303283496,7729.162330567486,10305.487816879904,True,1,1
1892,bigshakeB1892 25-09-23 10-04-25.fits,2025-09-23 10:04:25,389.1332697340219,227.6809980592031,2.965748566913711,4.527396498767487,6.983804173890219,10.661204027100617,1103.5085308169407,711.6968365600538,7726.791383351219,10302.652725827857,True,1,1
1893,bigshakeB1893 25-09-23 10-04-25.fits,2025-09-23 10:04:25,388.22924016600393,225.8191880035584,2.9134678928319766,4.686647651369017,6.86069259459482,11.036211833440982,1119.509203195679,749.9134646003299,7729.684758691398,10304.92552906952,True,1,1
1894,bigshakeB1894 25-09-23 10-04-25.fits,2025-09-23 10:04:25,382.51988235578574,230.9798271409163,2.9620124013189746,4.3642023835963295,6.975006176256178,10.276911253464485,1081.7709429682602,762.7938865301214,7726.989397165003,10302.000973574191,True,1,1
1895,bigshakeB1895 25-09-23 10-04-25.fits,2025-09-23 10:04:25,377.4584100819874,231.11190176539208,2.9198568473324684,4.723320406807691,6.875737432719369,11.122569573054488,1200.1289481190586,742.7968700292278,7728.353533361823,10304.449116410702,True,1,1
1896,bigshakeB1896 25-09-23 10-04-25.fits,2025-09-23 10:04:25,377.65812632012705,229.8066570706009,2.94013439907734,4.434099438388522,6.923487418032345,10.441506239177766,1095.1600106182339,749.2770708030282,7725.751349144113,10300.466782975967,True,1,1
1897,bigshakeB1897 25-09-23 10-04-25.fits,2025-09-23 10:04:25,380.8206423626423,232.75237026768025,3.1163085779337787,4.710213741123427,7.338345905820354,11.091705733977665,1098.7467390701186,750.2490073862507,7728.9894060029565,10304.74582046566,True,1,1
1898,bigshakeB1898 25-09-23 10-04-25.fits,2025-09-23 10:04:25,383.9253291244844,230.15165327800824,3.2857321784882627,4.8293088646699935,7.73730799650737,11.372153318170557,1059.287864536915,714.7723250857786,7730.538421082777,10307.534331945428,True,1,1
1899,bigshakeB1899 25-09-23 10-04-25.fits,2025-09-23 10:04:25,387.8514121840186,231.35123294693912,3.0881571961791954,5.072249859827703,7.272054467769343,11.944235643327698,1213.8996286693214,776.2401511690996,7729.547453619963,10305.078526261359,True,1,1
1900,bigshakeB1900 25-09-23 10-04-25.fits,2025-09-23 10:04:25,388.77174171666803,226.2101496002004,3.051813376454322,4.721021878909903,7.18647131256822,11.117156953486715,1099.845866923834,730.5405935182306,7727.686626895598,10303.099780085882,True,1,1
1901,bigshakeB1901 25-09-23 10-04-25.fits,2025-09-23 10:04:25,386.28193300253787,228.1699052390131,2.9156135682632587,4.430541591651046,6.865745274110534,10.43312815036321,1095.4208045998355,722.1761721759768,7731.264486026595,10308.322318843584,True,1,1
1902,bigshakeB1902 25-09-23 10-04-25.fits,2025-09-23 10:04:25,381.97498047749133,235.7246318969805,2.935663632533913,4.653368776188736,6.91295956735923,10.957846071090373,1083.4436448575245,739.4077137441824,7729.9693010496385,10305.267399855125,True,1,1
1903,bigshakeB1903 25-09-23 10-04-25.fits,2025-09-23 10:04:25,379.6009271196603,231.25435470989552,2.970650032069691,4.783342471593888,6.995346242289541,11.263910734357172,1095.3981731282943,750.245985095785,7729.483312114477,10304.230217721182,True,1,1
1904,bigshakeB1904 25-09-23 10-04-25.fits,2025-09-23 10:04:25,380.7838124440149,226.40672446499804,2.909698259670481,5.014422054609442,6.851815786863717,11.80806156843959,1138.1242080247566,710.9809397801415,7731.38289804761,10307.186401850882,True,1,1
1905,bigshakeB1905 25-09-23 10-04-25.fits,2025-09-23 10:04:25,384.33265226401375,224.162241279957,3.055145333101484,4.817758746154732,7.194317470870132,11.344954867568337,1104.5560284718729,728.8948632150302,7728.684663083297,10304.19713516637,True,1,1
1906,bigshakeB1906 25-09-23 10-04-25.fits,2025-09-23 10:04:25,384.73023480360985,227.56257640282857,3.045286117091532,4.675627686693003,7.1711007913816065,11.010261799726372,1077.6475307356397,713.675602738785,7729.293570360528,10305.43683065491,True,1,1
1907,bigshakeB1907 25-09-23 10-04-25.fits,2025-09-23 10:04:25,383.4056186202699,236.30214086806967,3.0693790371184853,5.04102272417322,7.227835282404404,11.870701358339621,1129.0495404382896,709.1017009404262,7728.83644900192,10304.545441903347,True,1,1
1908,bigshakeB1908 25-09-23 10-04-25.fits,2025-09-23 10:04:25,383.9921465229719,229.4545380046459,3.0603939786739955,5.2316422390041355,7.206677086673545,12.319576012837535,1150.2016551982867,719.4399809670192,7729.602331965997,10304.863376386578,True,1,1
1909,bigshakeB1909 25-09-23 10-04-25.fits,2025-09-23 10:04:25,384.56785577681023,232.8396124551257,3.0072169590955156,5.032202746792829,7.081454775035136,11.849931898807556,1142.6531847478602,737.9564580642283,7728.083919990096,10302.663581883982,True,1,1
1910,bigshakeB1910 25-09-23 10-04-25.fits,2025-09-23 10:04:25,384.5125579075069,227.32192514643262,2.9593135426860844,5.061052691368593,6.968650849848744,11.917868326592597,1125.798414294098,719.4823157014565,7728.748345418212,10303.380248825893,True,1,1
1911,bigshakeB1911 25-09-23 10-04-25.fits,2025-09-23 10:04:25,383.5441295345754,231.17697715770643,2.927452553680304,5.145746530859826,6.893623954283421,12.117307077517188,1168.533303154408,714.9019534811833,7729.887908312937,10305.170533167191,True,1,1
1912,bigshakeB1912 25-09-23 10-04-25.fits,2025-09-23 10:04:25,384.14813449089485,238.26966578797678,2.961511680937093,4.680299297495264,6.973827069863968,11.021262602486118,1062.4439103643476,724.8415327812418,7727.292256878675,10301.771511353552,True,1,1
1913,bigshakeB1913 25-09-23 10-04-25.fits,2025-09-23 10:04:25,384.25523684377487,233.2533595631425,2.9809150621646734,4.893509722038063,7.019518540920052,11.52333478400906,1055.4140113718315,731.0753948900257,7730.467028093813,10305.036407925325,True,1,1
1914,bigshakeB1914 25-09-23 10-04-25.fits,2025-09-23 10:04:25,386.9532965151229,225.13376373399242,3.086738947524575,4.962497453150277,7.2687147474086045,11.685788476093308,1130.0559615866914,714.45410367018,7727.886578062921,10303.549599858869,True,1,1
1915,bigshakeB1915 25-09-23 10-04-25.fits,2025-09-23 10:04:25,391.7904907167956,228.95969179560043,2.884919521321879,5.218335385643965,6.793466317109852,12.288240767808718,1224.0418995102868,709.4358966715322,7731.352246712872,10307.57765734378,True,1,1
1916,bigshakeB1916 25-09-23 10-04-25.fits,2025-09-23 10:04:25,387.38207420264587,227.60625517652068,2.930624529963447,4.495086745607321,6.901093387617329,10.585120372709056,1024.5625664820993,687.1720649292872,7726.247777208546,10301.213085067757,True,1,1
1917,bigshakeB1917 25-09-23 10-04-25.fits,2025-09-23 10:04:25,375.7175931033898,238.5647622248538,2.9621553751031477,4.757923233168456,6.975342853789063,11.204053002183544,1061.7347703090263,697.6410248748067,7728.410305514825,10303.636859408422,True,1,1
1918,bigshakeB1918 25-09-23 10-04-25.fits,2025-09-23 10:04:25,373.96960552830114,227.2935799833817,2.9403148521410145,4.906656010039143,6.923912352523873,11.554291926511752,1138.416573734568,716.8760796581101,7730.302430088093,10306.181300976785,True,1,1
1919,bigshakeB1919 25-09-23 10-04-25.fits,2025-09-23 10:04:25,380.97747195850906,232.18627530659364,3.0508486232037844,5.244770009949696,7.184199492275345,12.350489551006715,1156.6560525894017,690.0801213543837,7730.129146789114,10306.366107077098,True,1,1
1920,bigshakeB1920 25-09-23 10-04-25.fits,2025-09-23 10:04:25,389.9841210313879,224.05913191582036,2.9924359648700727,5.086350341482747,7.046648193547576,11.977439740173587,1140.8954543217299,713.3252704619146,7729.587858158068,10304.998740758772,True,1,1
1921,bigshakeB1921 25-09-23 10-04-25.fits,2025-09-23 10:04:25,390.2876599707093,230.2732382278407,2.9200554457017622,4.790302653175021,6.876205096140293,11.28030070946148,1061.5387891039286,701.3566613434988,7729.629802636334,10304.815529636318,True,1,1
1922,bigshakeB1922 25-09-23 10-04-25.fits,2025-09-23 10:04:25,384.42783482259676,236.67850304654735,2.866502142456595,4.663993010729906,6.750096704180952,10.982864231551032,1120.7537556926304,728.6321302630271,7727.868903304315,10302.855493736808,True,1,1
1923,bigshakeB1923 25-09-23 10-04-25.fits,2025-09-23 10:04:25,379.97207361385654,233.39717571196778,2.85472094476581,5.116687616753916,6.722354103704219,12.048878564093757,1182.2336748319285,710.8000885727141,7730.178534124083,10305.53653816707,True,1,1
1924,bigshakeB1924 25-09-23 10-04-25.fits,2025-09-23 10:04:25,380.5760851184619,214.34502963730313,2.9806568450987307,4.841391273961156,7.018910486197201,11.400605217761655,1121.5753196636012,732.491919544116,7731.2207243542625,10307.232904819564,True,1,1
1925,bigshakeB1925 25-09-23 10-04-26.fits,2025-09-23 10:04:26,384.3631508471075,228.997509757301,3.079494184589751,5.058309421117089,7.251654634428184,11.91140841881542,1093.0728350477702,694.2798067117043,7730.57251545332,10306.668785548123,True,1,1
1926,bigshakeB1926 25-09-23 10-04-26.fits,2025-09-23 10:04:26,385.7149460847575,231.27497415458183,3.0944803409870327,5.118956235298667,7.286944335910472,12.054220752517464,1137.9139990254384,684.6025649785163,7727.097701440411,10302.884677327245,True,1,1
1927,bigshakeB1927 25-09-23 10-04-26.fits,2025-09-23 10:04:26,385.00939008216227,240.32584600824003,2.997077508859389,4.8099019773826575,7.057578194373511,11.326453590974682,1095.532723220575,709.898246137927,7735.118352395711,10312.80628133346,True,1,1
1928,bigshakeB1928 25-09-23 10-04-26.fits,2025-09-23 10:04:26,386.80159455613864,225.1982282723613,2.9910878137291004,5.447924252513451,7.043473540217084,12.828881233628925,1204.1604836527276,720.8912840329815,7730.79805037608,10306.030344995497,True,1,1
1929,bigshakeB1929 25-09-23 10-04-26.fits,2025-09-23 10:04:26,387.58160638878417,225.66103182800424,2.8541290400031376,5.233132070283926,6.720960274504328,12.323084297398898,1187.8301858897396,703.1794910126534,7726.54683924433,10300.550065004212,True,1,1
1930,bigshakeB1930 25-09-23 10-04-26.fits,2025-09-23 10:04:26,385.2100707208738,223.85568645002866,2.967276228735693,5.07201480070152,6.98740154257065,11.943682121385596,1136.249697708593,687.1272925465981,7727.968336774299,10303.36479203009,True,1,1
1931,bigshakeB1931 25-09-23 10-04-26.fits,2025-09-23 10:04:26,380.18826909730194,235.68847993707536,2.9352066130868995,4.881527903500872,6.911883368804433,11.495119757541758,1092.738861699952,724.1233553056298,7729.35500709976,10304.096873485712,True,1,1
1932,bigshakeB1932 25-09-23 10-04-26.fits,2025-09-23 10:04:26,381.2597108209622,238.27214683026477,3.115395573567701,5.821434740742826,7.336195944837914,13.708431218340754,1184.118114963159,677.8833087741405,7730.015714819169,10305.344186539045,True,1,1
1933,bigshakeB1933 25-09-23 10-04-26.fits,2025-09-23 10:04:26,386.45509746220836,230.60232657198466,3.2303775154759187,5.070481731688947,7.606957726459969,11.940072019744372,1058.5032837018364,699.5127384745632,7730.524878888214,10306.70067497707,True,1,1
1934,bigshakeB1934 25-09-23 10-04-26.fits,2025-09-23 10:04:26,388.04529843071424,220.7207945411261,3.0364243976954457,5.185069509366973,7.150233036914263,12.209905615536139,1089.0972794330257,672.849463023053,7728.108869802856,10303.195723704472,True,1,1
1935,bigshakeB1935 25-09-23 10-04-26.fits,2025-09-23 10:04:26,385.8725664100961,232.39369258216075,2.9270819820595855,5.216535822988048,6.892751324802833,12.284003121594274,1159.2611448067325,698.6344441220473,7733.167777449776,10309.578572003018,True,1,1
1936,bigshakeB1936 25-09-23 10-04-26.fits,2025-09-23 10:04:26,382.9953777350498,236.27405251402928,2.867228283705742,4.685233701104926,6.751806636149967,11.032882235016425,1104.1078487672817,707.0438727552904,7729.3573336663785,10305.042454769207,True,1,1
1937,bigshakeB1937 25-09-23 10-04-26.fits,2025-09-23 10:04:26,382.55493924872803,230.22090569015594,2.8860355973461576,5.000013344267199,6.796094475303602,11.774131648502632,1172.3014421750072,688.7942486950734,7728.237992658088,10304.000460964733,True,1,1
1938,bigshakeB1938 25-09-23 10-04-26.fits,2025-09-23 10:04:26,383.45880507895316,230.27005964301227,2.905931632152895,5.117603636828765,6.84294605688314,12.051035626527662,1178.367583027582,680.3818485292212,7726.754162513571,10302.037727689383,True,1,1
1939,bigshakeB1939 25-09-23 10-04-26.fits,2025-09-23 10:04:26,380.91376545655896,233.47319124435472,3.0072247969154122,4.93559646145124,7.081473231690539,11.622441481609204,1095.7967496707147,716.0092171405811,7726.999827974841,10301.42030151732,True,1,1
1940,bigshakeB1940 25-09-23 10-04-26.fits,2025-09-23 10:04:26,377.0730903499722,231.39591764782864,3.0089009767645534,5.117829969954331,7.085420333598373,12.051568600308599,1075.3307110994672,691.1825507995138,7730.6556948875805,10305.964930224947,True,1,1
1941,bigshakeB1941 25-09-23 10-04-26.fits,2025-09-23 10:04:26,380.2534103977738,223.25740669874935,3.0381586942800762,4.870750089120084,7.1543169932757795,11.469739944196256,1044.2714027955685,696.5197628962637,7730.511429873659,10306.200164262236,True,1,1
1942,bigshakeB1942 25-09-23 10-04-26.fits,2025-09-23 10:04:26,387.7367273874831,225.60361075452258,3.079671289946994,5.071827391661035,7.252071685673502,11.943240806820441,1094.1020203538037,717.7795127584998,7728.657780853169,10303.46194913703,True,1,1
1943,bigshakeB1943 25-09-23 10-04-26.fits,2025-09-23 10:04:26,389.8614790515069,235.49309476643415,2.890255961369495,4.974040355272564,6.806032673103084,11.712969933388697,1099.925314395181,704.1659240714087,7729.0394750572,10303.696687146325,True,1,1
1944,bigshakeB1944 25-09-23 10-04-26.fits,2025-09-23 10:04:26,383.07475881050027,236.63252551711275,2.807328994795883,4.977655683002735,6.610754589941931,11.72148337959706,1163.014434297125,724.4185362025933,7727.887419630873,10302.069445737414,True,1,1
1945,bigshakeB1945 25-09-23 10-04-26.fits,2025-09-23 10:04:26,376.07086598851726,228.5521537452478,2.8334551436032536,4.773168518279834,6.672276968852988,11.239952905156029,1161.8787366153222,741.6372537041807,7729.691954130449,10304.961744160788,True,1,1
1946,bigshakeB1946 25-09-23 10-04-26.fits,2025-09-23 10:04:26,374.3650169378743,221.16295332605063,2.9494286308963087,5.1732022044833315,6.945373661422817,12.181960248115645,1195.4627953790532,689.8804346878024,7727.209060410408,10302.721076971848,True,1,1
1947,bigshakeB1947 25-09-23 10-04-26.fits,2025-09-23 10:04:26,378.15220522654096,226.1043193608425,3.1381472099337957,5.235866700935004,7.389771954210048,12.329523860471815,1069.2081115708088,676.7301853390603,7728.717857503807,10303.975711735313,True,1,1
1948,bigshakeB1948 25-09-23 10-04-26.fits,2025-09-23 10:04:26,385.800490194589,231.64067088236322,3.0684439171790876,5.4622556796065,7.225633243226602,12.862629165421536,1156.918475836465,704.5665873061191,7725.368158401079,10298.931632969288,True,1,1
1949,bigshakeB1949 25-09-23 10-04-26.fits,2025-09-23 10:04:26,389.7617386628604,237.7371846139087,3.0455008324803914,4.893086284032596,7.171606407483269,11.522337663705958,1049.8742552007272,716.9946777441735,7729.605194540836,10304.516570527865,True,1,1
1950,bigshakeB1950 25-09-23 10-04-26.fits,2025-09-23 10:04:26,387.97453239758727,227.15217018056998,2.935938553640212,5.189408741062584,6.913606957091145,12.220123725312996,1184.881348050166,696.7495489002346,7729.906398258648,10305.826538602769,True,1,1
1951,bigshakeB1951 25-09-23 10-04-26.fits,2025-09-23 10:04:26,384.3212227003548,227.43724622030246,2.846349521576341,4.692427709401964,6.70264090857222,11.049822829958408,1124.2637539582377,721.8356189922853,7730.649484703065,10306.555511068886,True,1,1
1952,bigshakeB1952 25-09-23 10-04-26.fits,2025-09-23 10:04:26,380.005598247773,230.11896647249435,2.8653895363067936,5.10710623400461,6.747476716917174,12.026316131936579,1165.4820737414507,692.1166776929094,7727.817131454832,10302.737057187975,True,1,1
1953,bigshakeB1953 25-09-23 10-04-26.fits,2025-09-23 10:04:26,376.96681182082654,237.13866560737958,2.8856625552676163,4.814408134978248,6.7952160283394125,11.337064781206848,1083.3007898989124,678.9572465332126,7729.0846537984735,10304.700813372667,True,1,1
1954,bigshakeB1954 25-09-23 10-04-26.fits,2025-09-23 10:04:26,380.98060221036724,225.41576594975305,2.9099437040331018,5.228886413781296,6.852393764168756,12.313086540362189,1171.1152225830194,709.0234669322646,7729.505801900096,10304.443579959068,True,1,1
1955,bigshakeB1955 25-09-23 10-04-26.fits,2025-09-23 10:04:26,387.07947675590594,225.34992785225012,3.0514925541383287,4.947775865771818,7.185715833747626,11.651121787039836,1104.2481430295636,712.9046045289437,7730.44789510428,10306.44039509839,True,1,1
1956,bigshakeB1956 25-09-23 10-04-26.fits,2025-09-23 10:04:26,391.8960733929205,231.65468564610305,2.8772506692101603,5.5596331168253075,6.775407550434799,13.091935506518128,1275.8439418452274,688.2317967729149,7728.967751603746,10304.478848746121,True,1,1
1957,bigshakeB1957 25-09-23 10-04-26.fits,2025-09-23 10:04:26,386.7655142199527,237.4707164288337,2.9442180826778728,4.789527253739153,6.933103758032444,11.278474783326992,1115.2418525237408,713.6797622735157,7730.3085123212395,10306.374732554235,True,1,1
1958,bigshakeB1958 25-09-23 10-04-26.fits,2025-09-23 10:04:26,379.78315395723564,227.88577760487127,2.8843553156757196,5.035375265763094,6.792137714344756,11.85740261007198,1163.2942381618216,700.1295394444203,7729.424023427212,10305.01061492393,True,1,1
1959,bigshakeB1959 25-09-23 10-04-26.fits,2025-09-23 10:04:26,375.44704763860113,226.62512799567682,2.877824938593641,4.718437542508448,6.776759851490267,11.111071306325465,1108.9265411536205,677.5762407444881,7728.725946988528,10304.937616259967,True,1,1
1960,bigshakeB1960 25-09-23 10-04-26.fits,2025-09-23 10:04:26,380.5780536927,226.73385243036984,2.9418665129357295,5.207086122758629,6.927566234466356,12.261750778074507,1130.245481025301,695.4721961033868,7733.278722576678,10309.490702955029,True,1,1
1961,bigshakeB1961 25-09-23 10-04-26.fits,2025-09-23 10:04:26,387.3403319258288,235.46675506229218,2.918812574809373,4.830177860778933,6.873278358849508,11.374199647626943,1084.4999337945328,700.6355163600676,7727.9912318814695,10302.846006734802,True,1,1
1962,bigshakeB1962 25-09-23 10-04-26.fits,2025-09-23 10:04:26,387.99440583205893,237.5971972949356,2.9104488420655557,5.376243419742799,6.853583273333086,12.660085771776084,1228.0907464915574,696.973529694198,7729.308703688778,10304.842530863552,True,1,1
1963,bigshakeB1963 25-09-23 10-04-26.fits,2025-09-23 10:04:26,383.93609883870596,222.61048077301257,2.837621970173318,4.994641228548662,6.682089095584344,11.761481282724397,1173.6573352004366,710.4917002985117,7729.259274409218,10304.539272330056,True,1,1
1964,bigshakeB1964 25-09-23 10-04-26.fits,2025-09-23 10:04:26,381.09019087008244,223.93145915228976,2.927537805897757,5.50311168746001,6.8938247079139625,12.958837711674924,1255.3945134989135,711.0157155937078,7730.232191275758,10305.735557621289,True,1,1
1965,bigshakeB1965 25-09-23 10-04-26.fits,2025-09-23 10:04:26,383.15423364507353,233.9432948077483,2.9155186103840496,4.9034022430121755,6.865521665393138,11.546629890694788,1077.1042524607174,670.6701013043348,7728.097486531496,10303.355811017444,True,1,1
1966,bigshakeB1966 25-09-23 10-04-26.fits,2025-09-23 10:04:26,383.64004071355953,242.85142001909264,2.926164270289754,5.338804886169221,6.890590278731674,12.571924762460458,1166.844203529333,690.8828512059467,7729.038162534723,10303.952770476859,True,1,1
1967,bigshakeB1967 25-09-23 10-04-26.fits,2025-09-23 10:04:26,384.1035649022404,222.82306896930345,3.0380569488427267,5.268946767273259,7.154077401080418,12.40742146377609,1126.6902980047016,679.9090327738539,7726.468653952199,10301.125507475916,True,1,1
1968,bigshakeB1968 25-09-23 10-04-26.fits,2025-09-23 10:04:26,387.6684240183721,220.89468077193558,3.075446280673581,5.431152583087931,7.242122549146028,12.789386970277079,1149.718928421719,675.7748455924599,7729.718462635512,10305.589753999338,True,1,1
1969,bigshakeB1969 25-09-23 10-04-26.fits,2025-09-23 10:04:26,390.5066877192645,232.0843800206027,3.062463410035891,4.8279198954492495,7.211550225126352,11.368882545607617,1085.8748313516223,701.5419886945757,7728.725512721424,10304.645997495956,True,1,1
1970,bigshakeB1970 25-09-23 10-04-26.fits,2025-09-23 10:04:26,385.9631906239772,239.0111267296338,2.824369437175213,4.760076610708075,6.650881765232971,11.209123818778357,1117.3947400757077,714.0716569460628,7727.934754233864,10302.643501613471,True,1,1
1971,bigshakeB1971 25-09-23 10-04-26.fits,2025-09-23 10:04:26,381.9262676143305,233.98534939234875,2.9884777073276036,5.231942842118624,7.037327209343176,12.320283879077131,1132.8595327132273,704.2645321602686,7731.277728374787,10306.808119872001,True,1,1
1972,bigshakeB1972 25-09-23 10-04-26.fits,2025-09-23 10:04:26,383.63216500347505,227.36412700539225,2.857479782631762,5.572957101946592,6.728850670411953,13.123311093761423,1303.9672656013413,674.0035132325371,7727.511175630214,10303.190877623432,True,1,1
1973,bigshakeB1973 25-09-23 10-04-26.fits,2025-09-23 10:04:26,385.93220476078653,225.78925308474658,2.8799083297512738,4.718931161861868,6.7816658627499,11.112233691073515,1052.4328609626293,688.7078374524915,7731.682242012568,10307.76572114812,True,1,1
1974,bigshakeB1974 25-09-23 10-04-26.fits,2025-09-23 10:04:26,385.91941397210894,233.7202174968515,2.831677070317743,4.965698374947452,6.668089926238735,11.693326070903872,1176.3465959750567,707.2573630700284,7729.319276229742,10304.81386349051,True,1,1
1975,bigshakeB1975 25-09-23 10-04-26.fits,2025-09-23 10:04:26,384.2860494661735,232.2084613930309,2.921103579040238,4.9397707527492765,6.8786732615356,11.632271186431618,1108.320803554483,713.0087381236889,7727.421470569292,10301.742510995962,True,1,1
1976,bigshakeB1976 25-09-23 10-04-26.fits,2025-09-23 10:04:26,382.5097835410849,231.14615565677434,2.8966040712881447,4.897539331161063,6.82098132958758,11.53282378834554,1093.8823531391274,694.9707050170787,7728.027559102316,10302.809007899554,True,1,1
1977,bigshakeB1977 25-09-23 10-04-26.fits,2025-09-23 10:04:26,382.087845406166,224.61760655854067,3.004607009564187,4.998787603413843,7.075308813562244,11.771245249371137,1102.738230423377,693.6864030113202,7727.852814107122,10302.99799661356,True,1,1
1978,bigshakeB1978 25-09-23 10-04-26.fits,2025-09-23 10:04:26,384.0696411639688,231.405621943207,2.871029921759123,4.944342520164278,6.760758809642021,11.643036875981682,1165.3499521568062,701.7589776474748,7727.800682757056,10303.086791148315,True,1,1
1979,bigshakeB1979 25-09-23 10-04-27.fits,2025-09-23 10:04:27,384.41288840051686,228.48300361238205,2.871206840916162,4.961656967705769,6.761175422419366,11.683809284121024,1162.3115106532637,716.6109272328497,7727.0215437108845,10301.555184695917,True,1,1
1980,bigshakeB1980 25-09-23 10-04-27.fits,2025-09-23 10:04:27,380.560895625553,228.28057143589265,2.7931904213851046,4.707772989946425,6.577460793866089,11.085958204181127,1129.5994192232993,721.4347175651582,7727.917376350856,10302.630439284072,True,1,1
1981,bigshakeB1981 25-09-23 10-04-27.fits,2025-09-23 10:04:27,378.27960093849435,228.54583679513811,2.974097964609739,4.505093522443431,7.003465502948761,10.608684531388878,1044.5750540012862,696.7755382000609,7727.748026238967,10303.494992036984,True,1,1
1982,bigshakeB1982 25-09-23 10-04-27.fits,2025-09-23 10:04:27,382.47504215926324,237.1570659955217,3.277706703069585,4.672373620289701,7.718409446120565,11.002599058932013,996.5620404165231,711.6419488462086,7728.442584299095,10304.28399569997,True,1,1
1983,bigshakeB1983 25-09-23 10-04-27.fits,2025-09-23 10:04:27,384.2600651638717,228.0548637304235,3.157327261863132,4.991918772565154,7.434937524957984,11.755070388802718,1077.7325655295733,727.0022409367583,7727.930561849387,10302.725218234922,True,1,1
1984,bigshakeB1984 25-09-23 10-04-27.fits,2025-09-23 10:04:27,383.9359783532652,233.13349737379812,2.97874204785287,4.8701098748817335,7.014401483260478,11.468232354874674,1182.6867278230388,714.231237845939,7731.163050645831,10308.449964167943,True,1,1
1985,bigshakeB1985 25-09-23 10-04-27.fits,2025-09-23 10:04:27,382.2726008166064,229.88925372889167,2.8192708206722075,4.643314494649702,6.638875440889769,10.934170047383871,1166.3984370581693,735.2748794063696,7731.309720204461,10307.756435540334,True,1,1
1986,bigshakeB1986 25-09-23 10-04-27.fits,2025-09-23 10:04:27,381.86398574026197,231.79939818513262,2.845849906462429,4.669658579668189,6.70146440488718,10.996205626853405,1101.9507591947513,699.8390374947513,7729.008199465468,10304.6548235872,True,1,1
1987,bigshakeB1987 25-09-23 10-04-27.fits,2025-09-23 10:04:27,384.03277746342656,229.43382852362484,2.820925115421667,4.702142316790496,6.642771007326186,11.072698982166528,1135.2266336185207,715.5516906741167,7729.171563090999,10304.714861717015,True,1,1
1988,bigshakeB1988 25-09-23 10-04-27.fits,2025-09-23 10:04:27,384.96622596674865,231.55618033838158,2.8729571295584826,5.014703390207215,6.765297037198893,11.808724063144608,1159.9029848440728,714.5456371790682,7736.146927163738,10313.55242346937,True,1,1
1989,bigshakeB1989 25-09-23 10-04-27.fits,2025-09-23 10:04:27,383.79337373728885,232.14520612389745,2.870998042001757,5.030042648029726,6.760683738550345,11.844845254940955,1180.6296954669676,728.6410861534464,7730.46495161889,10305.84784873231,True,1,1
1990,bigshakeB1990 25-09-23 10-04-27.fits,2025-09-23 10:04:27,380.8461782022097,234.05727351502802,2.8259966989858483,4.47874247177963,6.654713673963169,10.546632549078133,1082.4194894463683,716.6054643805489,7729.338187370386,10304.997913098925,True,1,1
1991,bigshakeB1991 25-09-23 10-04-27.fits,2025-09-23 10:04:27,380.75150670766146,227.06085044451373,2.9207067154404354,4.834428075375074,6.8777387191756425,11.384208138153618,1127.767614732837,709.4484287449084,7730.747611178666,10306.953797892782,True,1,1
1992,bigshakeB1992 25-09-23 10-04-27.fits,2025-09-23 10:04:27,382.96582765953804,236.38840354506578,2.8897799749984654,5.162628523833852,6.804911810855422,12.157061132972494,1158.9632324648223,705.2783237507457,7730.151451672391,10305.344043492296,True,1,1
1993,bigshakeB1993 25-09-23 10-04-27.fits,2025-09-23 10:04:27,386.11234501839624,230.91496223926288,2.85903737193686,4.673241140328275,6.7325185129295235,11.004641912508314,1083.8223945439997,714.8313564619202,7728.554280021089,10303.475853050842,True,1,1
1994,bigshakeB1994 25-09-23 10-04-27.fits,2025-09-23 10:04:27,385.2347943150487,229.54676268024303,2.772574964818022,4.561156693583491,6.528915103504457,10.740703210577491,1148.521178280681,737.2261143567465,7732.384360181283,10308.915004521936,True,1,1
1995,bigshakeB1995 25-09-23 10-04-27.fits,2025-09-23 10:04:27,382.3532186043989,233.72193668389963,2.830552978639876,4.841800810600827,6.665442892623241,11.401569602849925,1148.6658501468344,727.7026156252314,7730.187578494943,10305.496183771927,True,1,1
1996,bigshakeB1996 25-09-23 10-04-27.fits,2025-09-23 10:04:27,380.07830330222833,227.98979657914984,2.9275889431437156,4.759302959763198,6.893945126925794,11.207302010025504,1132.0722203597234,745.2427339035988,7736.147542195567,10313.64875150629,True,1,1
1997,bigshakeB1997 25-09-23 10-04-27.fits,2025-09-23 10:04:27,381.2618786582266,226.89173853459752,2.919889743759383,4.817612337506568,6.875814897884877,11.344610101548874,1175.717058410008,748.1812156609609,7727.677867061797,10302.674981450766,True,1,1
1998,bigshakeB1998 25-09-23 10-04-27.fits,2025-09-23 10:04:27,383.8003859260515,232.75393175007036,2.9633244442580464,4.641873992569357,6.9780958012690455,10.930777924210165,1072.995970141243,752.466653518272,7735.521619589657,10312.393145665717,True,1,1
1999,bigshakeB1999 25-09-23 10-04-27.fits,2025-09-23 10:04:27,386.52334148126334,230.7533027538042,2.9417559378723865,4.8644517085112575,6.927305850090716,11.454908391287358,1127.6251266023985,735.7332122960406,7730.328153002347,10305.737356474126,True,1,1
2000,bigshakeB2000 25-09-23 10-04-27.fits,2025-09-23 10:04:27,386.08858204437166,236.44233838431063,2.8210569512259096,4.987588196935995,6.643081456920669,11.744872662504651,1191.3909097019368,741.6001823072303,7728.212919487891,10302.51977619003,True,1,1
2001,bigshakeB2001 25-09-23 10-04-27.fits,2025-09-23 10:04:27,383.81206860530085,232.59390176800943,2.872871764668311,4.532510749316723,6.765096018244375,10.673247166809267,1108.1378643141265,726.1530408721342,7729.317271377237,10305.193631717482,True,1,1
2002,bigshakeB2002 25-09-23 10-04-27.fits,2025-09-23 10:04:27,381.68182934043085,226.0872084308349,2.7660948989724283,4.615717962201069,6.513655714558133,10.869185179600484,1137.15903134905,730.6540178128373,7729.510041156569,10304.8279458447,True,1,1
2003,bigshakeB2003 25-09-23 10-04-27.fits,2025-09-23 10:04:27,381.1170455237932,232.12318554693013,2.8537123179705413,4.635882277604046,6.719978969108765,10.916668513705739,1141.9334532802488,734.2049521447367,7727.828947200636,10303.01504189268,True,1,1
2004,bigshakeB2004 25-09-23 10-04-27.fits,2025-09-23 10:04:27,381.132153937202,235.42264535993866,2.872058872805018,4.510031953123598,6.76318180419025,10.620313646945533,1104.2027411621648,721.4776899658791,7735.8478770598085,10314.032736983521,True,1,1
2005,bigshakeB2005 25-09-23 10-04-27.fits,2025-09-23 10:04:27,383.37911893581503,232.75062775647274,2.9043046454721857,4.777036112032867,6.839114796034408,11.249060392451707,1153.8521943535943,729.9395273177355,7731.132721897592,10307.46774760512,True,1,1
2006,bigshakeB2006 25-09-23 10-04-27.fits,2025-09-23 10:04:27,385.4450581287737,229.64607536887362,2.935147421564526,4.531180872904243,6.911743983421053,10.670115547175746,1062.9125367297222,717.3002657903174,7729.0793884325385,10304.758153241351,True,1,1
2007,bigshakeB2007 25-09-23 10-04-27.fits,2025-09-23 10:04:27,388.0362529149422,224.89877221214536,2.9289038438336426,4.750088879774514,6.897041481427658,11.185604509771634,1160.7410093015606,739.9490219135972,7728.139404457795,10303.584674441858,True,1,1
2008,bigshakeB2008 25-09-23 10-04-27.fits,2025-09-23 10:04:27,387.9779441731634,237.50101787744555,2.810578758457164,4.845639052195394,6.618407198553129,11.410607971094484,1165.4823849671823,732.407633700673,7729.604824698369,10304.71253913646,True,1,1
2009,bigshakeB2009 25-09-23 10-04-27.fits,2025-09-23 10:04:27,383.9193464869721,236.91290648477468,2.7988456479789554,4.25381247428806,6.59077783480848,10.016962882256225,1089.0580802008215,736.8403371821963,7727.686769764714,10303.13181858364,True,1,1
2010,bigshakeB2010 25-09-23 10-04-27.fits,2025-09-23 10:04:27,381.21351084823806,230.1094508553531,2.7920613750453835,4.62509876466823,6.5748020929135444,10.891275281288628,1057.1551817696418,714.4958344480652,7727.350516138474,10301.290753351781,True,1,1
2011,bigshakeB2011 25-09-23 10-04-27.fits,2025-09-23 10:04:27,382.7327191004015,222.48417325343314,2.8953347004502974,4.765623981630361,6.817992189694039,11.222186879023377,1117.313000443305,734.1855590107067,7729.537609078534,10304.67224557347,True,1,1
2012,bigshakeB2012 25-09-23 10-04-27.fits,2025-09-23 10:04:27,384.8539179935936,232.4216943428998,2.874457666898993,4.907020233327584,6.7688305326066445,11.555149606812241,1202.0369025243542,722.7280587237448,7727.2110741903225,10302.47164624027,True,1,1
2013,bigshakeB2013 25-09-23 10-04-27.fits,2025-09-23 10:04:27,383.66484124916826,235.2095304974101,2.8204120104775523,4.564110448419607,6.64156273751858,10.747658771673684,1109.6753398429178,723.5283523274456,7729.813907924906,10305.51761127112,True,1,1
2014,bigshakeB2014 25-09-23 10-04-27.fits,2025-09-23 10:04:27,382.72771981613744,230.09993209758275,2.901864683009333,4.561874110963586,6.833369123517759,10.742392599404795,1151.3225200747706,748.3353124289131,7729.3146869582615,10305.372590831495,True,1,1
2015,bigshakeB2015 25-09-23 10-04-27.fits,2025-09-23 10:04:27,383.4175525894554,223.41364441971075,2.889100426604706,4.355300261086451,6.803311596676228,10.255948356934901,1119.7870276546628,754.5658733529399,7730.84314595108,10307.523572361879,True,1,1
2016,bigshakeB2016 25-09-23 10-04-27.fits,2025-09-23 10:04:27,382.50173906572473,231.54132876539597,2.834942166343591,4.437494955726797,6.675778639809352,10.449502071469187,1104.6392078166334,736.7892792148709,7728.476987969193,10303.915796017285,True,1,1
2017,bigshakeB2017 25-09-23 10-04-27.fits,2025-09-23 10:04:27,380.0961319429132,234.62152130120361,2.8193833250549667,4.815658221052836,6.639140368465444,11.3400085089533,1224.690283631427,784.3658605283607,7730.321773453488,10305.401809725277,True,1,1
2018,bigshakeB2018 25-09-23 10-04-27.fits,2025-09-23 10:04:27,380.79830590597555,234.31759485351742,2.9481912328443087,4.517225129447213,6.942459811686285,10.637252282739821,1154.8685216898955,781.4857133075594,7728.513279845036,10304.029654084481,True,1,1
2019,bigshakeB2019 25-09-23 10-04-27.fits,2025-09-23 10:04:27,383.53070007171044,230.11872601602278,2.993712516869372,4.378477420055482,7.049654243784052,10.310526395462045,1132.3375270244583,756.4564595354078,7729.973122325929,10307.036932270803,True,1,1
2020,bigshakeB2020 25-09-23 10-04-27.fits,2025-09-23 10:04:27,385.7512352096571,228.3038235332459,2.851903344098921,4.520368672630882,6.7157191611749365,10.644654761241146,1150.2575946846378,749.5042352164498,7728.081558982271,10303.546780224715,True,1,1
2021,bigshakeB2021 25-09-23 10-04-27.fits,2025-09-23 10:04:27,385.91177624282466,225.1207439309535,2.855595591102796,4.41071260276247,6.724413738430867,10.386434449855695,1148.3072217195063,754.3482956548727,7730.349238466914,10306.881067663027,True,1,1
2022,bigshakeB2022 25-09-23 10-04-27.fits,2025-09-23 10:04:27,383.92316756368933,235.79769258548185,2.943465240426357,4.3801411121324065,6.931330950007828,10.314444090913547,1121.4156138096307,759.8461088704818,7725.2750021491875,10300.223659594092,True,1,1
2023,bigshakeB2023 25-09-23 10-04-27.fits,2025-09-23 10:04:27,381.2070714501185,237.69566734361624,2.8657269929136358,4.870943378104632,6.748271366499295,11.470195104971554,1172.9850083196425,742.3950071561578,7727.684503675067,10302.249210337524,True,1,1
2024,bigshakeB2024 25-09-23 10-04-27.fits,2025-09-23 10:04:27,380.61816708549566,230.1866512958539,2.8537227795877365,4.856790013593541,6.720003604334639,11.436866478516206,1241.9992497777919,760.2923529793637,7730.016724039898,10305.914737071895,True,1,1
2025,bigshakeB2025 25-09-23 10-04-27.fits,2025-09-23 10:04:27,382.7522529671722,220.47864507935998,2.996207649965463,4.740346954749561,7.055529833213746,11.162664029445684,1152.6449251642384,739.7109359451696,7728.719062463409,10304.682378825826,True,1,1
2026,bigshakeB2026 25-09-23 10-04-27.fits,2025-09-23 10:04:27,386.7800077607917,234.7159489776933,3.0491898953637633,4.54317204406549,7.180293486708413,10.698352597389647,1065.179948493458,738.880516239598,7728.29786242095,10303.828326120029,True,1,1
2027,bigshakeB2027 25-09-23 10-04-27.fits,2025-09-23 10:04:27,386.4454406920368,232.4944429289791,3.0696873375276383,4.640234912071882,7.2285612743877685,10.926918184599293,1094.4041047417045,761.8504025416199,7731.832869370854,10308.193033055255,True,1,1
2028,bigshakeB2028 25-09-23 10-04-27.fits,2025-09-23 10:04:27,386.67786685405537,241.0488737163243,2.9866991401246135,4.619366121115132,7.03313900364214,10.877775937338775,1154.6644827782782,754.4197458407278,7729.488363987998,10305.794892322621,True,1,1
2029,bigshakeB2029 25-09-23 10-04-27.fits,2025-09-23 10:04:27,387.79587503863553,227.79202881570802,2.9558142500249094,4.5507248403615606,6.960410645346779,10.71613807350367,1123.2349571380926,735.7281091625318,7729.616888915991,10306.00951550127,True,1,1
2030,bigshakeB2030 25-09-23 10-04-27.fits,2025-09-23 10:04:27,385.7183706381158,230.2661500231296,2.846226036421389,4.510389761915863,6.702350123254076,10.621156222261845,1081.8442464924665,724.4885109581136,7729.16508943641,10304.568805646286,True,1,1
2031,bigshakeB2031 25-09-23 10-04-27.fits,2025-09-23 10:04:27,382.55156400394196,229.60683716174682,2.864891367138725,4.364148627438085,6.74630361817439,10.276784667385506,1096.7165898266837,749.3591972698927,7734.025374072881,10311.363617028814,True,1,1
2032,bigshakeB2032 25-09-23 10-04-28.fits,2025-09-23 10:04:28,384.2886616472132,236.07792710087702,2.8578091011013953,4.841049702122803,6.729626156145445,11.399800877549884,1232.1047244623226,768.3280208249703,7727.660720015421,10302.511584785047,True,1,1
2033,bigshakeB2033 25-09-23 10-04-28.fits,2025-09-23 10:04:28,388.051249519449,229.41705928840364,2.883752068690596,4.625739203805704,6.790717176252083,10.892783400207176,1156.911635310422,753.6057055179159,7728.00198537353,10303.22069854912,True,1,1
2034,bigshakeB2034 25-09-23 10-04-28.fits,2025-09-23 10:04:28,387.95200907041306,226.60524126811862,2.8470253035286945,4.553064184705025,6.7042322534596925,10.721646808455889,1120.6511192766616,754.4718753365115,7728.622729860986,10303.552778413761,True,1,1
2035,bigshakeB2035 25-09-23 10-04-28.fits,2025-09-23 10:04:28,383.7109089281142,232.97930126620818,2.844159779889501,4.496375400567083,6.697484460954609,10.588154923239431,1098.0699775172434,759.0334036245489,7729.421223690128,10304.38152199142,True,1,1
2036,bigshakeB2036 25-09-23 10-04-28.fits,2025-09-23 10:04:28,374.5330241133426,234.040177688457,2.9460132007309365,4.532543572464989,6.937330938006995,10.673324459416746,1111.0726464074114,745.8565118824099,7729.767527175893,10305.795884223806,True,1,1
2037,bigshakeB2037 25-09-23 10-04-28.fits,2025-09-23 10:04:28,378.7959639505298,228.87429011097774,3.1084248298829493,4.397590700991827,7.319781097880288,10.35553473253726,1062.5640859808552,753.7235321835168,7728.7966499957265,10305.001273218502,True,1,1
2038,bigshakeB2038 25-09-23 10-04-28.fits,2025-09-23 10:04:28,387.5133863273968,230.0629958967874,3.1736410219840865,4.413945658585456,7.473353494300635,10.394047714514368,1079.522689204644,779.3944343094571,7730.316012012201,10307.013928498696,True,1,1
2039,bigshakeB2039 25-09-23 10-04-28.fits,2025-09-23 10:04:28,393.10999757120527,230.9638837581857,2.9489404475637206,5.16181436545486,6.944224077525589,12.155143936501814,1192.6831086294255,712.8296898538687,7730.232513597943,10306.128906180193,True,1,1
2040,bigshakeB2040 25-09-23 10-04-28.fits,2025-09-23 10:04:28,387.3904484800582,231.92503220253514,2.873172495046553,4.485598065650442,6.765804184167209,10.562776238945712,1109.1993943505604,733.4805156453835,7730.744645675934,10307.120719512182,True,1,1
2041,bigshakeB2041 25-09-23 10-04-28.fits,2025-09-23 10:04:28,380.66527092775067,228.48438078102487,2.9386008661118757,4.688866051118362,6.919876223865554,11.041435765638631,1105.786327252238,732.9022993270574,7727.091875012208,10301.812542264142,True,1,1
2042,bigshakeB2042 25-09-23 10-04-28.fits,2025-09-23 10:04:28,376.7066097097045,232.63391848093102,2.9817110461865357,4.511517974552564,7.021392940050257,10.623812959993806,1077.005889301214,734.3530201516813,7726.7443962410625,10301.794631436615,True,1,1
2043,bigshakeB2043 25-09-23 10-04-28.fits,2025-09-23 10:04:28,378.44137861744883,232.72455527605584,2.9682262128553867,4.93729493626885,6.989638584218166,11.62644108415569,1178.5966170581883,759.8735635135796,7730.387435312482,10305.86006838767,True,1,1
2044,bigshakeB2044 25-09-23 10-04-28.fits,2025-09-23 10:04:28,381.6072530232566,228.38288663666168,2.9214596994566113,4.600507679193905,6.8795118610305215,10.83336770028462,1136.2815506356017,749.0298194749593,7730.421867001508,10306.569512333945,True,1,1
2045,bigshakeB2045 25-09-23 10-04-28.fits,2025-09-23 10:04:28,386.4268696535487,231.9110974859071,3.0048716908601643,4.470056341834085,7.0759320903835565,10.52617827616862,1083.7880859318975,741.4169483580386,7730.930943316305,10307.60748729946,True,1,1
2046,bigshakeB2046 25-09-23 10-04-28.fits,2025-09-23 10:04:28,387.2992607260554,230.92274019413742,3.0732232659735694,4.373252995031623,7.236887749570042,10.2982238146921,1093.2558145767607,784.9538746695919,7730.389347160788,10306.80467028581,True,1,1
2047,bigshakeB2047 25-09-23 10-04-28.fits,2025-09-23 10:04:28,387.0996653284774,236.54916536736636,2.957183140711857,4.967063122290517,6.963634136575859,11.696539805303722,1191.8554790157157,732.4338636378079,7729.452032956995,10305.343276983183,True,1,1
2048,bigshakeB2048 25-09-23 10-04-28.fits,2025-09-23 10:04:28,384.33842340990464,230.46009944741834,2.8768395908840043,4.618646030437149,6.774439534952289,10.876080253376022,1136.912558835005,704.4784621503967,7728.8336455445715,10305.200191058124,True,1,1
2049,bigshakeB2049 25-09-23 10-04-28.fits,2025-09-23 10:04:28,382.4066320693884,231.05518481113359,2.9101083753352626,4.4646889478690115,6.852781535451926,10.513539029270087,1121.4689123159355,757.524209209892,7730.717777816976,10307.004807360727,True,1,1
2050,bigshakeB2050 25-09-23 10-04-28.fits,2025-09-23 10:04:28,382.0853735726526,231.20295423005362,2.8938287627850197,4.649210901475788,6.814445977493277,10.948055024371596,1154.3131804225195,754.6280135562016,7730.452964539724,10306.393090056292,True,1,1
2051,bigshakeB2051 25-09-23 10-04-28.fits,2025-09-23 10:04:28,385.21182108587993,229.57386627218634,2.937201383585762,4.356363227012548,6.916580694360391,10.258451450404861,1093.7442687498326,752.459382356275,7727.2724037596,10302.68813884783,True,1,1
2052,bigshakeB2052 25-09-23 10-04-28.fits,2025-09-23 10:04:28,386.0032476428413,225.35155408233706,2.943806459275408,4.3921424760170105,6.932134458993316,10.342705143156723,1068.8373401194744,731.958725530448,7728.920341871771,10304.869840526879,True,1,1
2053,bigshakeB2053 25-09-23 10-04-28.fits,2025-09-23 10:04:28,384.09934542834094,235.39657128876854,3.043192863785953,4.704064103696819,7.166171556538301,11.077224444495815,1071.0768836721352,730.1794613482313,7729.036970873956,10304.467095093387,True,1,1
2054,bigshakeB2054 25-09-23 10-04-28.fits,2025-09-23 10:04:28,380.23291910691466,225.41729494125332,2.9661011516090108,4.690571872250226,6.984634447398282,11.045452667433182,1123.702652099466,761.0347114520821,7730.413075825302,10305.981498122388,True,1,1
2055,bigshakeB2055 25-09-23 10-04-28.fits,2025-09-23 10:04:28,380.4043571748301,231.3967122046005,3.0259138863657418,5.372857283350476,7.125482674151551,12.652112029924233,1197.0231797823772,726.7697690317375,7731.115264287348,10306.67717103202,True,1,1
2056,bigshakeB2056 25-09-23 10-04-28.fits,2025-09-23 10:04:28,383.7042395717897,221.62717567011344,3.091699819103992,4.561675325407325,7.28039670724464,10.741924495192247,1094.589678699586,753.6751147348405,7734.565956552491,10312.473247740045,True,1,1
2057,bigshakeB2057 25-09-23 10-04-28.fits,2025-09-23 10:04:28,385.00057696445174,238.6976323483375,3.100347319870279,4.757928205422873,7.300760015388513,11.204064710947915,1088.0578484800835,723.5658170829362,7729.230074024976,10305.278115591798,True,1,1
2058,bigshakeB2058 25-09-23 10-04-28.fits,2025-09-23 10:04:28,380.0920164930423,231.86821590416417,3.00824925224553,4.736422228626253,7.083885639637138,11.153422005699262,1107.8774901577021,737.6445707325073,7728.593719368673,10303.950732924692,True,1,1
2059,bigshakeB2059 25-09-23 10-04-28.fits,2025-09-23 10:04:28,377.81343197156053,232.63869542494427,3.17557280573108,4.491563922000303,7.47790249739072,10.576824757064141,1009.323102514455,713.6526302645025,7729.177824533972,10305.569192919616,True,1,1
2060,bigshakeB2060 25-09-23 10-04-28.fits,2025-09-23 10:04:28,381.35544649126956,221.5188412811532,3.2731457614089727,4.642084929162959,7.7076692492739385,10.93127464192901,984.2706915215523,731.473343496219,7728.041394278922,10303.147062137967,True,1,1
2061,bigshakeB2061 25-09-23 10-04-28.fits,2025-09-23 10:04:28,387.0453483780807,239.55105066549837,3.231456368553849,4.602184096594054,7.609498231313522,10.837315361582329,1048.2565554278387,724.7485810945316,7730.112592355053,10307.088178943186,True,1,1
2062,bigshakeB2062 25-09-23 10-04-28.fits,2025-09-23 10:04:28,385.61426791593,231.83894829835344,2.9207268361147394,4.8227687669725485,6.877786099742813,11.356752565016153,1159.752901900915,720.1562193856117,7729.320694287031,10305.312732752682,True,1,1
2063,bigshakeB2063 25-09-23 10-04-28.fits,2025-09-23 10:04:28,380.82930766583155,234.35544815544336,2.914397133138851,4.902045416055208,6.862880788296099,11.543434807378885,1151.4174398973144,720.3908468363762,7730.546153695885,10306.477336173804,True,1,1
2064,bigshakeB2064 25-09-23 10-04-28.fits,2025-09-23 10:04:28,378.71878589571685,227.48433180182118,2.9624459296570214,4.65738727966025,6.976027057476699,10.96730892361612,1092.027308277464,720.7664952144479,7729.316995966966,10305.119849690382,True,1,1
2065,bigshakeB2065 25-09-23 10-04-28.fits,2025-09-23 10:04:28,380.3943083426666,227.6659281597878,3.071982995034109,4.952697545995219,7.233967134700531,11.662711458285134,1142.4684878715761,733.261291398963,7728.143168280747,10303.5539064993,True,1,1
2066,bigshakeB2066 25-09-23 10-04-28.fits,2025-09-23 10:04:28,384.3443225524439,227.02820814382235,3.1037066832298494,4.9145539513158605,7.308670711566172,11.572890156944645,1159.7636666338399,736.7270921700128,7729.667539810717,10306.113101041738,True,1,1
2067,bigshakeB2067 25-09-23 10-04-28.fits,2025-09-23 10:04:28,386.83036897778385,240.21380381002336,3.002918524299236,4.6004979831981725,7.071332734614598,10.833344867959513,1084.7478180548474,739.3190284427067,7729.387321411977,10305.098680055376,True,1,1
2068,bigshakeB2068 25-09-23 10-04-28.fits,2025-09-23 10:04:28,385.9265076893113,233.25993815713616,2.9747871865119975,4.896030111780977,7.005088496499673,11.529269848296964,1153.5145434143717,743.5001522257371,7728.477507235677,10303.546612347362,True,1,1
2069,bigshakeB2069 25-09-23 10-04-28.fits,2025-09-23 10:04:28,383.4214630883548,233.2523302409955,3.0067947718953882,4.6537491619928755,7.080460600153521,10.958741811206806,1063.6753933070986,705.4820667062829,7731.48776104226,10308.207077139747,True,1,1
2070,bigshakeB2070 25-09-23 10-04-28.fits,2025-09-23 10:04:28,382.9850143009811,226.01037965494277,2.956423657054359,4.786325182921951,6.961845689235309,11.270934482781035,1083.704509127743,701.7036402490544,7728.178186905034,10303.42975809715,True,1,1
2071,bigshakeB2071 25-09-23 10-04-28.fits,2025-09-23 10:04:28,381.15117015920606,235.41649560798268,2.917238413775232,4.555233320674243,6.869571492892208,10.726754733316602,1001.0656121559322,694.262713987433,7728.77152420518,10303.76399222713,True,1,1
2072,bigshakeB2072 25-09-23 10-04-28.fits,2025-09-23 10:04:28,383.2795849145975,231.4413535300317,3.0812730658485257,5.110310932296415,7.255843579674076,12.033862619712398,1098.7523309081237,696.4145925049908,7730.579171401841,10306.533693545718,True,1,1
2073,bigshakeB2073 25-09-23 10-04-28.fits,2025-09-23 10:04:28,388.1560360389823,234.58827894483437,3.0570483135462614,5.492217082553563,7.198798647366795,12.933182877658531,1186.8064355344452,703.0008655154254,7727.071312910144,10301.545467916918,True,1,1
2074,bigshakeB2074 25-09-23 10-04-28.fits,2025-09-23 10:04:28,389.6579349324717,229.5194135738736,2.947476480522522,4.8287408618446275,6.940776698591709,11.370815773731751,1118.8875111457144,703.3633158795377,7735.522506390434,10313.51581257747,True,1,1
2075,bigshakeB2075 25-09-23 10-04-28.fits,2025-09-23 10:04:28,383.6732412160699,229.30595280282157,2.9427393488691793,4.336748136186166,6.929621606018467,10.212261441341793,986.9678355495441,718.567494940225,7730.685587808214,10306.474435526528,True,1,1
2076,bigshakeB2076 25-09-23 10-04-28.fits,2025-09-23 10:04:28,379.8302908815572,230.88047047187834,2.999635856936391,5.001065115180873,7.063602643707402,11.776608379732934,1086.1187044524775,700.9418049994568,7730.680474710961,10306.281512188914,True,1,1
2077,bigshakeB2077 25-09-23 10-04-28.fits,2025-09-23 10:04:28,381.9464186846576,233.99999414517217,2.906151166065718,5.326073403465031,6.84346301974162,12.541944411785666,1212.9662153120519,711.4916323090118,7726.245276501378,10300.27966831445,True,1,1
2078,bigshakeB2078 25-09-23 10-04-28.fits,2025-09-23 10:04:28,383.2363235421164,231.73909500650674,2.9264888318023026,5.438908637760178,6.891354562687268,12.80765108328964,1202.491379300891,703.6359316759122,7727.2468446991215,10301.387718019885,True,1,1
2079,bigshakeB2079 25-09-23 10-04-28.fits,2025-09-23 10:04:28,382.81501587180577,228.6533203150212,2.9554032253318048,4.779532929914802,6.9594427561604535,11.254939949248879,1080.0985158474343,715.8719858287725,7730.891445490492,10306.657264187128,True,1,1
2080,bigshakeB2080 25-09-23 10-04-28.fits,2025-09-23 10:04:28,382.702008215253,226.5254839801898,3.0135525833821277,5.005554287587445,7.096374030103036,11.787179572901527,1132.8347481802311,707.7242648398617,7730.204264551738,10306.266955041554,True,1,1
2081,bigshakeB2081 25-09-23 10-04-28.fits,2025-09-23 10:04:28,384.77481270960016,234.25510581146568,2.978749380523027,4.707778614971256,7.014418750379146,11.085971450102354,1090.147021452026,701.4179925986828,7727.027014466615,10302.416273068215,True,1,1
2082,bigshakeB2082 25-09-23 10-04-28.fits,2025-09-23 10:04:28,384.50338106885704,235.7971372930802,2.873948909511382,5.036460124578298,6.76763250051224,11.859957257356047,1146.4838879632168,713.5781003389394,7729.687218685169,10304.68835306564,True,1,1
2083,bigshakeB2083 25-09-23 10-04-28.fits,2025-09-23 10:04:28,384.04900134255814,230.92586943830577,2.878976163319891,4.81790481910652,6.779470778551976,11.345298843083244,1095.2339909960615,681.0164371327505,7728.6503416491105,10304.199106698552,True,1,1
2084,bigshakeB2084 25-09-23 10-04-29.fits,2025-09-23 10:04:29,383.6849502309648,228.56946280842087,2.855441090019409,5.136610143211694,6.724049916182728,12.095792528744193,1182.4963003499981,697.3179237875293,7727.826949994305,10302.697151474527,True,1,1
2085,bigshakeB2085 25-09-23 10-04-29.fits,2025-09-23 10:04:29,382.2472969441912,226.23687797659963,2.817526301743222,4.7283367979154285,6.634767412746858,11.134382271388704,1105.7235546249115,688.3392412799673,7731.12474569488,10307.438911553689,True,1,1
2086,bigshakeB2086 25-09-23 10-04-29.fits,2025-09-23 10:04:29,381.0519338461956,226.34293261415343,2.904369597821706,5.0176431439651665,6.839267747129029,11.815646654221288,1135.3540208524307,683.9392453367566,7728.781912645073,10304.341345141213,True,1,1
2087,bigshakeB2087 25-09-23 10-04-29.fits,2025-09-23 10:04:29,381.6681238885112,237.4165333335156,3.0369774050215783,4.951533271236834,7.151535269650888,11.659969800746167,1087.8207480106898,712.3592677584726,7730.170132301513,10305.725924464557,True,1,1
2088,bigshakeB2088 25-09-23 10-04-29.fits,2025-09-23 10:04:29,381.1396247448264,228.7885121524931,3.0360902806975303,5.180125342551145,7.149446251510186,12.19826299241225,1145.3136344771815,703.8961569267641,7728.971504183143,10304.412824409548,True,1,1
2089,bigshakeB2089 25-09-23 10-04-29.fits,2025-09-23 10:04:29,381.5015067537941,233.0916890619911,3.1623172899509626,5.877798746077094,7.446688143124476,13.84115830792012,1151.4008607133687,680.9027258135158,7736.718951092787,10313.7394776839,True,1,1
2090,bigshakeB2090 25-09-23 10-04-29.fits,2025-09-23 10:04:29,384.1890972635993,230.52578627058855,3.0182077940997596,5.073328831645139,7.107336213614758,11.946776427791418,1091.3666663772633,697.2068431696403,7730.903497197551,10306.60136622456,True,1,1
2091,bigshakeB2091 25-09-23 10-04-29.fits,2025-09-23 10:04:29,387.2072843128128,233.20667571983083,3.0004763205382092,5.035123381885363,7.065581784244083,11.856809468867676,1121.394247607844,694.489929286631,7730.135789870811,10306.15774117521,True,1,1
2092,bigshakeB2092 25-09-23 10-04-29.fits,2025-09-23 10:04:29,388.70136831148824,235.0868974463305,2.834756207980279,5.274539485794709,6.675340741327883,12.420591309456617,1195.8411700649522,682.0265830542761,7730.937086311891,10306.832740093758,True,1,1
2093,bigshakeB2093 25-09-23 10-04-29.fits,2025-09-23 10:04:29,387.43338375420535,230.4538618022136,2.8362576973071993,4.976865651606146,6.678876478492316,11.71962299782817,1103.6949825145477,688.3361106575114,7727.6661603403845,10302.012296418145,True,1,1
2094,bigshakeB2094 25-09-23 10-04-29.fits,2025-09-23 10:04:29,383.5277765556058,227.7142749586501,2.8539348362257284,4.881301630002627,6.720502959556465,11.494586924172431,1115.299177484437,662.7363592960377,7729.010038002552,10305.07503593103,True,1,1
2095,bigshakeB2095 25-09-23 10-04-29.fits,2025-09-23 10:04:29,381.89496320363315,231.60067418394632,2.8059318626167755,5.122259377236108,6.6074645950810105,12.061999057363334,1150.2085282462733,682.4443907714436,7729.920454634623,10305.159764319611,True,1,1
2096,bigshakeB2096 25-09-23 10-04-29.fits,2025-09-23 10:04:29,383.6422747423372,230.80710896374464,2.8471960008535016,5.353727928932039,6.704634214941781,12.607065842691195,1231.4081450882647,687.2165367696368,7728.477515630706,10303.732682360464,True,1,1
2097,bigshakeB2097 25-09-23 10-04-29.fits,2025-09-23 10:04:29,384.7461584773762,233.6645725839703,2.82967326117493,4.6315720709033465,6.663371316302821,10.906518752568706,1089.8197756269708,687.8743055566529,7729.204648133692,10305.072987840527,True,1,1
2098,bigshakeB2098 25-09-23 10-04-29.fits,2025-09-23 10:04:29,384.93509728836244,227.0390687265547,2.774568772703139,5.1563759893962615,6.533610162278272,12.14233753954661,1179.5702187765642,674.1996720715525,7728.225484773941,10303.237270378298,True,1,1
2099,bigshakeB2099 25-09-23 10-04-29.fits,2025-09-23 10:04:29,384.2830664989257,233.23210347041703,2.790789819864491,5.143386414685899,6.571807809285216,12.111749428642222,1219.644191960191,698.334211847468,7731.310956854216,10307.43267874787,True,1,1
2100,bigshakeB2100 25-09-23 10-04-29.fits,2025-09-23 10:04:29,383.0689677111754,234.9896473775875,2.820500661328068,5.038442663369845,6.641771494318383,11.864625779442434,1169.1739084138935,705.4981560021839,7730.520316839146,10306.018560490804,True,1,1
2101,bigshakeB2101 25-09-23 10-04-29.fits,2025-09-23 10:04:29,382.15980365641974,227.41745804710615,2.7260806456718485,5.036089921135465,6.419429348798982,11.859085494868127,1119.3654463684504,667.0881055872293,7730.93605117559,10306.306131235848,True,1,1
2102,bigshakeB2102 25-09-23 10-04-29.fits,2025-09-23 10:04:29,382.8284953289278,225.16986923607902,2.7677673369521516,4.943274867773176,6.517594005036856,11.64052274672999,1159.1737590990388,725.1549407348373,7729.18113465894,10303.609665692318,True,1,1
2103,bigshakeB2103 25-09-23 10-04-29.fits,2025-09-23 10:04:29,384.7848940292831,232.2464310426748,2.8223403762311152,5.0195775701964935,6.646103691849222,11.82020187988645,1199.3577561176644,723.640593583394,7729.207927759055,10304.31874671126,True,1,1
2104,bigshakeB2104 25-09-23 10-04-29.fits,2025-09-23 10:04:29,382.26783487834945,233.5815347172145,2.7436644935268273,4.980777514728289,6.460836146196661,11.72883473152161,1170.9163201270135,678.0489945518461,7728.914378381264,10304.359556149788,True,1,1
2105,bigshakeB2105 25-09-23 10-04-29.fits,2025-09-23 10:04:29,379.8703195812703,227.34103769944792,2.8382306979234406,5.121504926879287,6.683522539892299,12.06022246254011,1141.2632333225781,670.5986094720672,7728.455639132083,10303.587604492526,True,1,1
2106,bigshakeB2106 25-09-23 10-04-29.fits,2025-09-23 10:04:29,381.8060811749876,228.68065086897627,2.7665708361048376,5.1223505622203565,6.514776460857704,12.062213781592048,1186.4909775555514,695.7191250276499,7728.749944177668,10303.531428277285,True,1,1
2107,bigshakeB2107 25-09-23 10-04-29.fits,2025-09-23 10:04:29,382.1902268962083,231.3312253378273,2.7790333583057256,5.191515687965285,6.544123457947999,12.225085206113292,1165.1385268966508,674.7537861915625,7733.885376306118,10310.463112541762,True,1,1
2108,bigshakeB2108 25-09-23 10-04-29.fits,2025-09-23 10:04:29,378.1329352462734,236.56958417806942,2.8324732139375812,5.142659922918939,6.669964701193453,12.110038671266834,1171.7916357023976,672.9982395380631,7729.0786394560255,10304.696993424242,True,1,1
2109,bigshakeB2109 25-09-23 10-04-29.fits,2025-09-23 10:04:29,377.0069408781596,231.37489523480613,2.8288316669761593,5.094594225698708,6.661389513413775,11.996852603974245,1127.940333443694,703.4505508467655,7727.831199181317,10301.722412155175,True,1,1
2110,bigshakeB2110 25-09-23 10-04-29.fits,2025-09-23 10:04:29,384.4346925809894,225.38426265761856,3.0440938504724544,5.152875459906542,7.168293218047981,12.134094422535997,1111.179678351026,707.8479605074198,7730.259752442364,10305.629568162365,True,1,1
2111,bigshakeB2111 25-09-23 10-04-29.fits,2025-09-23 10:04:29,392.184365148437,226.32151163082784,2.86376803116283,5.554519660401629,6.743658364101048,13.079894236832258,1265.4200491675676,698.4808945306265,7728.970791078986,10303.95826970079,True,1,1
2112,bigshakeB2112 25-09-23 10-04-29.fits,2025-09-23 10:04:29,390.1650493577182,234.1570840585683,2.7515309618067607,5.2945748266643005,6.479360263385847,12.467770931745358,1173.9621156688477,676.6010224112734,7730.768916592781,10305.853059544928,True,1,1
2113,bigshakeB2113 25-09-23 10-04-29.fits,2025-09-23 10:04:29,380.86912630985034,235.40970060841605,2.6678996692077392,4.945261173985125,6.282423619181824,11.645200140413458,1165.4740582788727,700.6003885749409,7730.367141592849,10305.30084496893,True,1,1
2114,bigshakeB2114 25-09-23 10-04-29.fits,2025-09-23 10:04:29,376.3017653039015,222.3751027942485,2.786596144366849,5.350980752968351,6.561932458161013,12.600596737664674,1255.3970492188507,695.6150086784104,7730.50953276023,10306.176607872367,True,1,1
2115,bigshakeB2115 25-09-23 10-04-29.fits,2025-09-23 10:04:29,378.62682251484455,228.22092108069918,2.9018079457307815,5.798344003393971,6.8332355174369255,13.654056687177125,1279.1840279364656,685.146659810328,7728.639891030813,10303.491411831676,True,1,1
2116,bigshakeB2116 25-09-23 10-04-29.fits,2025-09-23 10:04:29,386.57704691783323,237.36162558514735,2.936535814568471,5.20101209307599,6.9150133990971225,12.247447531223715,1135.2883279239009,682.3094129892288,7727.238071048149,10301.861936395948,True,1,1
2117,bigshakeB2117 25-09-23 10-04-29.fits,2025-09-23 10:04:29,389.0991867705425,234.07878273135825,2.751308283623889,5.151672167182115,6.47883589633723,12.131260884708476,1220.3740951547181,709.901282096884,7729.887002100297,10304.951692756631,True,1,1
2118,bigshakeB2118 25-09-23 10-04-29.fits,2025-09-23 10:04:29,387.8849597574425,228.03061559927437,2.7344581065519935,5.174331650554762,6.43915676160601,12.18461989036443,1211.7807494218548,703.7098632658219,7728.612699305748,10303.10582165176,True,1,1
2119,bigshakeB2119 25-09-23 10-04-29.fits,2025-09-23 10:04:29,386.2884503457303,231.70098724775357,2.7761866742326853,5.023063009025896,6.537420029230933,11.828409461107656,1135.546151481368,690.5027095844637,7730.887319075848,10306.199820183334,True,1,1
2120,bigshakeB2120 25-09-23 10-04-29.fits,2025-09-23 10:04:29,383.0930055934477,228.98234385746272,2.771008787140067,4.601561587250566,6.525227036914329,10.835849464102063,1100.8367591244005,725.5312730515024,7729.91673451766,10305.050893548838,True,1,1
2121,bigshakeB2121 25-09-23 10-04-29.fits,2025-09-23 10:04:29,381.21581801703593,237.09510754828685,2.817498134647776,5.088515642175797,6.634701084305892,11.982538633649101,1206.5817597433231,699.9786894979696,7730.263456654984,10306.170332886733,True,1,1
2122,bigshakeB2122 25-09-23 10-04-29.fits,2025-09-23 10:04:29,383.83910922196924,226.74889789622645,2.757186571997891,5.312440397983602,6.492678207630803,12.50984113720398,1295.3410149138163,710.6141820306881,7730.582164072084,10306.3796643965,True,1,1
2123,bigshakeB2123 25-09-23 10-04-29.fits,2025-09-23 10:04:29,386.84803619660636,233.15244416528733,2.753676848173883,4.796168326664656,6.484413439617506,11.294113314972478,1123.4353476482393,700.6297741082589,7728.982109604511,10303.91641859643,True,1,1
2124,bigshakeB2124 25-09-23 10-04-29.fits,2025-09-23 10:04:29,384.8082130653916,227.3925856337235,2.8079657618019414,4.79717285712039,6.612254061651812,11.296478803425485,1171.9641270585957,714.0655214304127,7729.456405599925,10305.238657349511,True,1,1
2125,bigshakeB2125 25-09-23 10-04-29.fits,2025-09-23 10:04:29,385.01942830068356,232.10953711316705,2.7703265867671276,4.799317450078968,6.523620577801403,11.301528933912776,1212.049439556248,727.2881169915144,7730.839549673296,10307.093016080098,True,1,1
2126,bigshakeB2126 25-09-23 10-04-29.fits,2025-09-23 10:04:29,385.38746618349415,228.53325067739394,2.759932874025216,5.001169196994124,6.499145254694456,11.7768534736731,1259.7836205638337,729.5235312130837,7727.890091341793,10302.9575841711,True,1,1
2127,bigshakeB2127 25-09-23 10-04-29.fits,2025-09-23 10:04:29,381.74902835447153,235.4682687446559,2.755944767685779,4.876866164174018,6.489753981944635,11.484142200330174,1175.1782504902633,717.2290168946408,7729.647995243602,10304.844251266839,True,1,1
2128,bigshakeB2128 25-09-23 10-04-29.fits,2025-09-23 10:04:29,377.68875135838687,232.82585338602388,2.8022658392169797,5.1169291810093425,6.598831769693619,12.049447404444598,1172.2888185357058,706.5209978205717,7727.950880331245,10302.210401176335,True,1,1
2129,bigshakeB2129 25-09-23 10-04-29.fits,2025-09-23 10:04:29,389.0528694415936,237.36865094045163,2.772992049259597,4.7065485928330295,6.529897262307949,11.083074969315426,1126.2896310413805,726.3824008669882,7728.573934598879,10303.221779983565,True,1,1
2130,bigshakeB2130 25-09-23 10-04-29.fits,2025-09-23 10:04:29,383.11386603317925,239.5486578327062,2.733541143050909,4.8927587851523535,6.436997477573095,11.521566462778038,1167.2572593819107,717.3682993748865,7729.384353912138,10304.17908381369,True,1,1
2131,bigshakeB2131 25-09-23 10-04-29.fits,2025-09-23 10:04:29,378.23305077919696,231.38905825933426,2.7939660861490454,4.85207907813236,6.5792873448004405,11.425773073261372,1183.7764158102352,730.8380040643973,7729.288280529847,10304.471429395895,True,1,1
2132,bigshakeB2132 25-09-23 10-04-29.fits,2025-09-23 10:04:29,381.34399534192437,219.41596819502482,2.756462391588441,5.7343604043617145,6.490972893086411,13.503386825622746,1320.288951931847,714.9056394897021,7728.8258756824025,10302.697939023843,True,1,1
2133,bigshakeB2133 25-09-23 10-04-29.fits,2025-09-23 10:04:29,385.528845068025,230.30376993827267,2.8762682150314807,4.767439774397995,6.77309404764152,11.226462744230226,1102.9145896588084,696.1333111925826,7730.234809098467,10306.214725347241,True,1,1
2134,bigshakeB2134 25-09-23 10-04-29.fits,2025-09-23 10:04:29,387.42223951762196,239.37605632666953,2.7728846826832747,5.19007279725904,6.529644433341859,12.221687458155438,1235.9994021832367,697.6239253134296,7729.31105233789,10304.737923926887,True,1,1
2135,bigshakeB2135 25-09-23 10-04-30.fits,2025-09-23 10:04:30,386.01120912082985,235.56062474011915,2.829739503438706,5.1347639976230965,6.66352730491339,12.091445188106118,1238.888587233351,720.4795533741684,7729.142864230197,10304.511974101146,True,1,1
2136,bigshakeB2136 25-09-23 10-04-30.fits,2025-09-23 10:04:30,386.5703116893287,226.15096622696976,2.7567404215632774,4.828013355579473,6.491627603644275,11.369102627395678,1237.3855584761611,711.6769556722433,7730.060176544858,10306.617209836222,True,1,1
2137,bigshakeB2137 25-09-23 10-04-30.fits,2025-09-23 10:04:30,384.0483840648463,224.16673600353036,2.8201216025090416,4.560863026078972,6.640878879013094,10.740011676451276,1122.483394875566,734.4816969858567,7731.4252636837045,10307.604416877311,True,1,1
2138,bigshakeB2138 25-09-23 10-04-30.fits,2025-09-23 10:04:30,383.3616147405016,237.5970983052193,2.7892335487957927,4.97325406214047,6.568143070977143,11.711118354559973,1184.5766208335838,718.23229927828,7727.787418197961,10302.31759348588,True,1,1
2139,bigshakeB2139 25-09-23 10-04-30.fits,2025-09-23 10:04:30,382.90172979463443,232.40158131307916,2.6969182087918635,4.6997431985876235,6.350757057872043,11.067049490532005,1208.1989301242563,787.4173450081225,7728.580262660664,10302.46421403043,True,1,1
2140,bigshakeB2140 25-09-23 10-04-30.fits,2025-09-23 10:04:30,384.11286783042584,234.49408942821213,2.85090573189171,4.69019048590552,6.7133699639522275,11.044554571223767,1100.331064075878,726.4235598725605,7728.062276804987,10302.67240596915,True,1,1
2141,bigshakeB2141 25-09-23 10-04-30.fits,2025-09-23 10:04:30,384.919556923152,231.43548794573215,2.842779035572248,4.804864719018362,6.69423305655928,11.31459175400644,1155.2071376013764,747.7618267157242,7730.25505651898,10305.39364428968,True,1,1
2142,bigshakeB2142 25-09-23 10-04-30.fits,2025-09-23 10:04:30,384.9007890662739,233.80436430012463,2.8358597067568705,5.035180362937856,6.677939282366668,11.856943648992274,1173.0124727131763,731.3583393250794,7728.015162554844,10302.161017432038,True,1,1
2143,bigshakeB2143 25-09-23 10-04-30.fits,2025-09-23 10:04:30,384.03021565726556,230.30331366458,2.803967872557684,4.6890028047775205,6.60283975192162,11.041757795896448,1125.4920511282196,728.2535911153742,7738.436677064057,10316.563350104849,True,1,1
2144,bigshakeB2144 25-09-23 10-04-30.fits,2025-09-23 10:04:30,383.0493631394094,225.9989916628741,2.7568963131926796,4.7232733356446825,6.491994700378044,11.122458728936294,1166.5856317095484,724.9710223366485,7730.042645889782,10305.636900987738,True,1,1
2145,bigshakeB2145 25-09-23 10-04-30.fits,2025-09-23 10:04:30,383.2397520141732,230.64254196823777,2.72552245730265,4.528944040007158,6.418114915638291,10.664848208232305,1139.346257806081,726.0385795741449,7729.623644682006,10305.209864046312,True,1,1
2146,bigshakeB2146 25-09-23 10-04-30.fits,2025-09-23 10:04:30,382.75074211505813,228.12693652575078,2.8179886640153162,4.657286028504269,6.635856192693252,10.967070495364434,1114.1004236429826,713.8038092375697,7737.258413238245,10315.379153687303,True,1,1
2147,bigshakeB2147 25-09-23 10-04-30.fits,2025-09-23 10:04:30,381.9639900111511,238.0748114921322,2.8553763920338247,4.882526052832682,6.723897564069401,11.497470219596238,1221.9139485501892,740.6967327009454,7728.6708018492845,10304.228856874532,True,1,1
2148,bigshakeB2148 25-09-23 10-04-30.fits,2025-09-23 10:04:30,381.8067564466151,224.61027594628953,2.7852557129645423,4.562415332999,6.558775983425872,10.743667079902599,1216.7285513997665,781.087468508883,7736.425448541786,10314.32138660937,True,1,1
2149,bigshakeB2149 25-09-23 10-04-30.fits,2025-09-23 10:04:30,382.8997974165222,229.20299103122957,2.899089521901116,4.6812875275352965,6.82683411851194,11.023589706393489,1184.7484689640833,753.2617833621638,7732.400787870182,10309.38966597367,True,1,1
2150,bigshakeB2150 25-09-23 10-04-30.fits,2025-09-23 10:04:30,386.1118731893841,231.8144242134325,3.0113846902298715,4.474637274209156,7.091269031852618,10.53696554755037,1091.7965679394829,771.9232832145708,7727.766654305239,10302.820653523146,True,1,1
2151,bigshakeB2151 25-09-23 10-04-30.fits,2025-09-23 10:04:30,384.23904106606193,235.9676605976099,2.864383116030117,4.948737319449732,6.7451067782759315,11.653385837432957,1237.663394243916,743.4376008131309,7727.785385156002,10303.01441784381,True,1,1
2152,bigshakeB2152 25-09-23 10-04-30.fits,2025-09-23 10:04:30,380.87148378419414,225.18065431565068,2.8895160222841585,4.289886693697256,6.804290249712832,10.101911177229843,1126.4340579369577,738.7754907389564,7729.934848154665,10307.026740386515,True,1,1
2153,bigshakeB2153 25-09-23 10-04-30.fits,2025-09-23 10:04:30,381.57056761388725,222.06807176327425,2.903644402642306,4.378502381517283,6.837560042984019,10.310585175212646,1096.3800182713094,786.8442305943707,7728.764304130512,10303.652429016534,True,1,1
2154,bigshakeB2154 25-09-23 10-04-30.fits,2025-09-23 10:04:30,386.48567616441323,233.30896041030982,3.0190834765144516,4.441866869489476,7.109398288117956,10.45979714163269,1129.824746945123,770.0440413186374,7735.665316652156,10314.17134508423,True,1,1
2155,bigshakeB2155 25-09-23 10-04-30.fits,2025-09-23 10:04:30,386.37549246177673,234.85233997620605,2.85790345339149,4.783648280409658,6.729848338809454,11.264630859086493,1188.4066826302114,753.0422407297409,7731.125951787257,10307.092499974737,True,1,1
2156,bigshakeB2156 25-09-23 10-04-30.fits,2025-09-23 10:04:30,381.8222729798934,228.36131178989416,2.860590115462171,4.2957621348547015,6.736174944507718,10.115746783840795,1133.1868962509818,781.7953494110141,7730.1086809542985,10306.20150501598,True,1,1
2157,bigshakeB2157 25-09-23 10-04-30.fits,2025-09-23 10:04:30,381.512629412655,224.20345509512262,3.0086369604696013,4.182444199745612,7.084798622734805,9.848903438784395,1053.5185862904752,764.3124319800047,7727.027895723323,10302.562658726398,True,1,1
2158,bigshakeB2158 25-09-23 10-04-30.fits,2025-09-23 10:04:30,385.6327265894207,239.30807538364127,2.9173218061673696,4.385696601262035,6.869767866968815,10.327526268075946,1128.3242699056505,800.6571245668875,7727.1452645539075,10301.712764877793,True,1,1
2159,bigshakeB2159 25-09-23 10-04-30.fits,2025-09-23 10:04:30,386.68342895987655,235.72542421194217,2.8816169138639482,4.35693986777873,6.7856892708670475,10.259809335639849,1126.1931161042303,747.3296278441678,7728.689604240234,10304.86300468065,True,1,1
2160,bigshakeB2160 25-09-23 10-04-30.fits,2025-09-23 10:04:30,383.0858477628655,226.55536587882435,2.7766718409747027,4.404336646691135,6.538562509600219,10.371420220692679,1142.093294186266,745.5600306029925,7730.134272765497,10306.258315290168,True,1,1
2161,bigshakeB2161 25-09-23 10-04-30.fits,2025-09-23 10:04:30,380.7012964352656,226.76954278744023,2.821299158692143,4.091491742316296,6.643651811917212,9.634726768885017,1061.049836610124,769.8219134227817,7729.431735112494,10305.093380802587,True,1,1
2162,bigshakeB2162 25-09-23 10-04-30.fits,2025-09-23 10:04:30,380.814221268187,233.5586241106071,2.8698926819545987,4.56817779311474,6.75808081455432,10.757236636491834,1159.8409743194445,760.5735562074246,7729.47560810391,10305.206005032633,True,1,1
2163,bigshakeB2163 25-09-23 10-04-30.fits,2025-09-23 10:04:30,382.84386617231786,235.50913740395256,3.0021386651015565,4.31797652592183,7.069496306543601,10.168057677213827,1081.507139701533,781.8261327329361,7728.703739200307,10304.264284037507,True,1,1
2164,bigshakeB2164 25-09-23 10-04-30.fits,2025-09-23 10:04:30,383.53519388359007,226.05310246521205,2.92844887955333,4.5291958785636055,6.895970122420606,10.66544124271314,1141.1592277602467,789.4312959761651,7729.648880158934,10304.978288012348,True,1,1
2165,bigshakeB2165 25-09-23 10-04-30.fits,2025-09-23 10:04:30,384.38864245333673,225.28134549815266,2.9020142843183403,4.345191705830036,6.833721407678972,10.232144528390792,1082.9297448935408,764.4742081230402,7729.888242966319,10305.58232252531,True,1,1
2166,bigshakeB2166 25-09-23 10-04-30.fits,2025-09-23 10:04:30,384.1839266011933,232.35990342589454,2.8246696510395046,4.364399408237869,6.651588714858402,10.277375211039747,1137.9297298829538,783.4769063362172,7728.645321821606,10303.789208064602,True,1,1
2167,bigshakeB2167 25-09-23 10-04-30.fits,2025-09-23 10:04:30,382.2739676830358,237.3832991310406,2.8424669049941396,4.161144637423695,6.693498045217283,9.798746802478359,1137.7879112926378,809.4414324189677,7729.384768949691,10305.146182159855,True,1,1
2168,bigshakeB2168 25-09-23 10-04-30.fits,2025-09-23 10:04:30,380.20632064932823,225.5212093468936,2.84644360498326,4.54513773943011,6.702862458064739,10.702981456236678,1196.3581868821577,766.4825286195639,7728.910957848224,10304.805181157211,True,1,1
2169,bigshakeB2169 25-09-23 10-04-30.fits,2025-09-23 10:04:30,380.4295900019085,231.73851792275158,2.955813914191228,4.556386274375533,6.960409854518894,10.729469731803391,1138.8479232764626,783.6091144901102,7728.503330324198,10303.604728547341,True,1,1
2170,bigshakeB2170 25-09-23 10-04-30.fits,2025-09-23 10:04:30,383.25527279927076,224.93644354515303,2.8952145834083307,4.543281113545582,6.8177093356758665,10.69860943638767,1167.1144806741793,772.2628128488092,7730.753102479485,10306.99422157289,True,1,1
2171,bigshakeB2171 25-09-23 10-04-30.fits,2025-09-23 10:04:30,385.21200184120823,232.55692819172145,2.98563187264095,4.496255980600363,7.030625780778199,10.587873710708022,1115.8164285678422,787.3905970057394,7730.1146495586145,10305.728665943288,True,1,1
2172,bigshakeB2172 25-09-23 10-04-30.fits,2025-09-23 10:04:30,383.7026218059069,231.66396310368722,2.846355729515404,3.928296266765073,6.702655527151564,9.250430791798639,1030.4307833553696,779.0498696641376,7728.058012565748,10303.41222603214,True,1,1
2173,bigshakeB2173 25-09-23 10-04-30.fits,2025-09-23 10:04:30,384.2368400980457,232.11914718639602,2.8312081815362804,4.154558075597456,6.666985777537256,9.783236634662096,1129.9069626927485,793.1386044425591,7729.022330538329,10304.861058164779,True,1,1
2174,bigshakeB2174 25-09-23 10-04-30.fits,2025-09-23 10:04:30,384.5501210216585,230.57936607085875,2.8127659736925,4.129873239440588,6.623557696832095,9.725108287671599,1132.5342862745313,818.5782970011455,7728.571875801143,10303.743814132808,True,1,1
2175,bigshakeB2175 25-09-23 10-04-30.fits,2025-09-23 10:04:30,384.9781637655252,231.941885512202,2.8770477130118044,4.268003567692128,6.774929625110647,10.05038035346503,1136.3641684522725,771.6699970953464,7730.68264822138,10307.45092518614,True,1,1
2176,bigshakeB2176 25-09-23 10-04-30.fits,2025-09-23 10:04:30,383.3296176057693,230.1294608387955,2.859936707307735,4.095257509660505,6.734636285888065,9.643594473312083,1075.014472373208,784.903063850386,7732.703809641038,10309.541132891183,True,1,1
2177,bigshakeB2177 25-09-23 10-04-30.fits,2025-09-23 10:04:30,383.8771997285515,230.89305126721908,2.9066628947314506,4.547827447996761,6.844668048661304,10.709315235884722,1220.2688448014933,797.8391727954782,7728.720647926325,10304.535130237156,True,1,1
2178,bigshakeB2178 25-09-23 10-04-30.fits,2025-09-23 10:04:30,383.2849998237528,229.63137784026495,2.896354388015697,4.548310058135225,6.820393370412711,10.710451695912711,1237.4216970177235,805.3633092963566,7728.955023094872,10304.86065677277,True,1,1
2179,bigshakeB2179 25-09-23 10-04-30.fits,2025-09-23 10:04:30,384.7066447813169,233.803502814894,2.8875840294879187,4.108331192359797,6.799740754349391,9.674380643394752,1077.035422718801,775.7090017533643,7726.139547107102,10301.118130903284,True,1,1
2180,bigshakeB2180 25-09-23 10-04-30.fits,2025-09-23 10:04:30,383.41186315150003,227.12562865577377,2.8091338503042187,4.125361650048423,6.615004699871345,9.71448430653598,1127.4159978429366,807.2899338784285,7729.931799582864,10305.722954386827,True,1,1
2181,bigshakeB2181 25-09-23 10-04-30.fits,2025-09-23 10:04:30,383.7077942201681,228.7758832156964,2.82614137071945,4.126042165731195,6.6550543498614045,9.716086798506728,1164.2926773450154,810.3019390360258,7728.150079216568,10303.923936471467,True,1,1
2182,bigshakeB2182 25-09-23 10-04-30.fits,2025-09-23 10:04:30,385.1850523842448,236.66888208011457,2.862056464097068,4.1818389314042985,6.739627931666177,9.847478140761647,1167.4924565371493,818.9331482082807,7728.550435560268,10304.2993420803,True,1,1
2183,bigshakeB2183 25-09-23 10-04-30.fits,2025-09-23 10:04:30,384.4583559833311,234.1692333705611,2.847554698949271,4.068279326648962,6.705478884407814,9.580065707177988,1069.1705561510921,787.7392466498478,7731.055493703065,10307.2372913568,True,1,1
2184,bigshakeB2184 25-09-23 10-04-30.fits,2025-09-23 10:04:30,381.7683544970917,226.45056421181084,2.8289165531286153,3.9688897874840112,6.661589405027124,9.346021228085974,1172.87308541054,869.9046115250186,7729.879855364991,10305.80359727314,True,1,1
2185,bigshakeB2185 25-09-23 10-04-30.fits,2025-09-23 10:04:30,380.6036797038586,226.14234185047724,2.8594591250336117,4.019694276178512,6.733511665575809,9.465656656441334,1107.9105178832008,814.840764268127,7726.968655251734,10302.064089141186,True,1,1
2186,bigshakeB2186 25-09-23 10-04-30.fits,2025-09-23 10:04:30,385.6921313062169,228.72282956525606,2.855940800853157,4.1881963914455715,6.725226645270757,9.86244881510232,1153.786942737243,835.6724773798086,7730.125454445978,10305.764375338063,True,1,1
2187,bigshakeB2187 25-09-23 10-04-30.fits,2025-09-23 10:04:30,385.84307342937547,242.19486008114635,2.8375017163517273,4.217359284742362,6.681805919474771,9.931122180808702,1143.5631288566588,809.253892017655,7728.050525481677,10303.189775469215,True,1,1
2188,bigshakeB2188 25-09-23 10-04-31.fits,2025-09-23 10:04:31,384.6966638785009,232.90059319134818,2.8020483480007057,4.0083351734593045,6.598319617017919,9.438908013664577,1180.8348878330173,877.8910415009536,7729.5393399012255,10304.955150075844,True,1,1
2189,bigshakeB2189 25-09-23 10-04-31.fits,2025-09-23 10:04:31,383.1404920557596,222.66019836250732,2.8824140780706258,3.86673687074096,6.7875664491201135,9.10546949208106,1117.017148477841,865.0558881276648,7729.570928155686,10305.440562606458,True,1,1
2190,bigshakeB2190 25-09-23 10-04-31.fits,2025-09-23 10:04:31,385.4774333021682,227.93227031244248,2.993069324537313,3.750322162710995,7.048139641587708,8.831333804075673,1017.7433647473524,825.7683287167188,7730.953699985821,10307.673395319373,True,1,1
2191,bigshakeB2191 25-09-23 10-04-31.fits,2025-09-23 10:04:31,383.63129790924876,239.25751641529936,2.832448598055414,3.7995107053828114,6.6699067352206995,8.947163970345127,1108.6171799228573,828.7565552194002,7727.83427125629,10303.733239415204,True,1,1
2192,bigshakeB2192 25-09-23 10-04-31.fits,2025-09-23 10:04:31,384.1312784587727,240.05008587059478,2.8729787664139526,4.150682905438957,6.765347988099865,9.774111306294957,1173.388104089453,835.2809185434418,7727.129464882969,10302.338654767635,True,1,1
2193,bigshakeB2193 25-09-23 10-04-31.fits,2025-09-23 10:04:31,383.72077519291304,225.32551665550872,2.909876223544926,4.041280876673735,6.852234859762551,9.516489215991559,1140.664106759587,872.9882488412696,7729.553157934953,10304.980497328426,True,1,1
2194,bigshakeB2194 25-09-23 10-04-31.fits,2025-09-23 10:04:31,383.55100803272387,232.2258426338196,2.871891679320987,3.8657109515421215,6.762788093622656,9.103053636987052,1109.861781992433,822.9606377973997,7727.938071837409,10303.949152934343,True,1,1
2195,bigshakeB2195 25-09-23 10-04-31.fits,2025-09-23 10:04:31,383.67593128437335,234.65318030305758,2.93242276555893,4.088365886312767,6.90532790884326,9.627365940510026,1151.5438540441394,840.4488026651283,7734.227475031701,10311.993894376878,True,1,1
2196,bigshakeB2196 25-09-23 10-04-31.fits,2025-09-23 10:04:31,381.4646073969785,231.04027542800617,2.83683818976704,3.826414610225063,6.680243433772738,9.010517824757265,1051.3986686409821,804.3016697621189,7728.643141329366,10304.361711930695,True,1,1
2197,bigshakeB2197 25-09-23 10-04-31.fits,2025-09-23 10:04:31,382.44018668076245,229.71156552024348,2.87509814354604,3.9304844920184108,6.770338739853484,9.255583668488242,1106.419964903486,809.4177259121335,7728.2753907083,10304.36542339747,True,1,1
2198,bigshakeB2198 25-09-23 10-04-31.fits,2025-09-23 10:04:31,384.62086881597713,231.34432726883273,2.9660259774794184,4.197735480405819,6.9844574258510495,9.884911652997245,1104.9123656426411,798.5807680777909,7728.114501370323,10303.760840485,True,1,1
2199,bigshakeB2199 25-09-23 10-04-31.fits,2025-09-23 10:04:31,385.8377408691162,229.70110051132883,2.936448789272778,4.0186620784099905,6.9148084701864,9.463226016445581,1121.3586656200623,858.6711901891292,7729.608036868021,10305.319488278228,True,1,1
2200,bigshakeB2200 25-09-23 10-04-31.fits,2025-09-23 10:04:31,382.8675602281686,227.12677384671233,2.961021935057741,3.6579195599176484,6.972673806450299,8.613742302804868,1048.2782038193623,826.5620085272739,7728.735139240537,10305.400450172945,True,1,1
2201,bigshakeB2201 25-09-23 10-04-31.fits,2025-09-23 10:04:31,381.2193988902521,232.8884901115334,2.8106302838816095,4.32379718307986,6.618528531655442,10.181764277364806,1168.5861809130238,804.8321910664852,7727.836047497803,10302.7606378282,True,1,1
2202,bigshakeB2202 25-09-23 10-04-31.fits,2025-09-23 10:04:31,383.19146446190314,235.20976365794635,2.8909717523932064,4.164304246815647,6.807718232153773,9.806187114008994,1085.7815729081576,829.3695402064661,7728.004350692218,10302.361958057489,True,1,1
2203,bigshakeB2203 25-09-23 10-04-31.fits,2025-09-23 10:04:31,384.2845647958445,232.3857668942504,2.9172508560674606,4.377843619251772,6.869600792251353,10.309033908624912,1227.7979275146681,836.294339831599,7727.9433945219325,10303.510037892958,True,1,1
2204,bigshakeB2204 25-09-23 10-04-31.fits,2025-09-23 10:04:31,382.28575262443286,226.7680276169598,2.9406801523820763,3.887031427706876,6.92477256885398,9.15325952162942,1042.599202249853,823.7704676438995,7727.812189193544,10303.039003911374,True,1,1
2205,bigshakeB2205 25-09-23 10-04-31.fits,2025-09-23 10:04:31,383.62408024784673,231.42562603783736,2.8836059681917243,4.331902140466593,6.790373135868751,10.200849993483208,1206.8919453987426,827.4977441311237,7729.614734735058,10305.607587300045,True,1,1
2206,bigshakeB2206 25-09-23 10-04-31.fits,2025-09-23 10:04:31,385.8513444561764,235.61829489075114,2.966016842125443,4.010542429432014,6.98443591373639,9.44410570427363,1118.908078591237,829.6293508046833,7726.194144105423,10301.54747229108,True,1,1
2207,bigshakeB2207 25-09-23 10-04-31.fits,2025-09-23 10:04:31,386.2785168623988,232.073373640596,2.9097337736954643,4.1408669055877105,6.851899416001627,9.75099639308322,1126.366447555117,825.6463099279117,7731.271422002642,10307.623145722737,True,1,1
2208,bigshakeB2208 25-09-23 10-04-31.fits,2025-09-23 10:04:31,382.30037730209625,230.9591556636471,2.844541314087132,3.8645442177380978,6.698382905331056,9.100306188838122,1131.2701494164178,825.2731434002673,7727.538763882456,10303.534581306481,True,1,1
2209,bigshakeB2209 25-09-23 10-04-31.fits,2025-09-23 10:04:31,381.73012600780214,228.8928206129076,2.854447832127608,4.135238411254699,6.7217109725892294,9.737742301804502,1129.0638325803027,805.9670994169867,7730.828911744826,10307.197382454548,True,1,1
2210,bigshakeB2210 25-09-23 10-04-31.fits,2025-09-23 10:04:31,382.55912425976715,225.18749418005794,2.8366571135031298,4.015914543414271,6.679817031756802,9.456756065963239,1159.5872592412532,831.6848779756959,7730.7184666507355,10307.360256734355,True,1,1
2211,bigshakeB2211 25-09-23 10-04-31.fits,2025-09-23 10:04:31,383.3090154067838,230.27341186556288,2.972638713337383,3.90390062358863,7.000029228801879,9.19298344223533,1103.430883707493,829.8063142661098,7728.815633096015,10305.299634078525,True,1,1
2212,bigshakeB2212 25-09-23 10-04-31.fits,2025-09-23 10:04:31,384.4715223957592,240.71990730152504,2.932229535726018,4.3904935780658425,6.904872887359422,10.338822285209101,1224.595329049643,806.4748839198132,7731.636269913321,10309.10931969785,True,1,1
2213,bigshakeB2213 25-09-23 10-04-31.fits,2025-09-23 10:04:31,383.6415775050076,232.06054665658868,2.9225430439010394,4.2878027995198105,6.882062942243933,10.09700398144907,1186.5867108751536,822.3617205959132,7729.034980134925,10305.075657617097,True,1,1
2214,bigshakeB2214 25-09-23 10-04-31.fits,2025-09-23 10:04:31,383.39543154981084,228.30669868336082,2.910286793180566,4.556097819745474,6.853201677370437,10.728790473058446,1249.666951525082,819.3031855929466,7728.06823537054,10303.589987840762,True,1,1
2215,bigshakeB2215 25-09-23 10-04-31.fits,2025-09-23 10:04:31,384.3949185443906,229.7511631064183,2.836351435311758,4.070495911391701,6.679097214624432,9.5852853653617,1120.331390051365,849.9725567913445,7729.080943397042,10303.967797681658,True,1,1
2216,bigshakeB2216 25-09-23 10-04-31.fits,2025-09-23 10:04:31,386.7461080018682,232.61215941824224,2.885191131893636,3.979130001830158,6.794105911128667,9.370135090093694,1126.088475499051,851.7677881546144,7730.226583839027,10306.236037337892,True,1,1
2217,bigshakeB2217 25-09-23 10-04-31.fits,2025-09-23 10:04:31,386.4068429759489,231.6314951907672,2.9032564553669067,4.461606564919653,6.8366464969634935,10.506280572114477,1275.0601922795731,834.0432255134237,7729.298275686508,10305.630006704523,True,1,1
2218,bigshakeB2218 25-09-23 10-04-31.fits,2025-09-23 10:04:31,384.3799993844969,235.6377627150396,2.8449111275534213,3.812810305513634,6.699253749494397,8.978482135324084,1119.6661985843723,861.860660307704,7728.48360867298,10304.118626525209,True,1,1
2219,bigshakeB2219 25-09-23 10-04-31.fits,2025-09-23 10:04:31,381.7729800479889,227.79744294181233,2.8055139385755363,3.7047729223991674,6.606480459171401,8.72407353995345,1094.9582497504698,845.8824736316294,7729.721620135863,10305.972337681022,True,1,1
2220,bigshakeB2220 25-09-23 10-04-31.fits,2025-09-23 10:04:31,383.24857885939474,226.42783390639212,2.9267814992504047,3.8982501877823688,6.892043741860587,9.179677682735583,1143.6928852924386,828.0289370175715,7728.9632265191685,10305.908218609877,True,1,1
2221,bigshakeB2221 25-09-23 10-04-31.fits,2025-09-23 10:04:31,383.76576965885795,228.5523018930336,2.87765351047054,4.128989264780998,6.7763561691097065,9.723026686423896,1197.923653847639,857.668489959162,7727.314262391749,10302.594306864034,True,1,1
2222,bigshakeB2222 25-09-23 10-04-31.fits,2025-09-23 10:04:31,384.75189539792103,234.8150069662443,2.78908442540833,3.6828639245625947,6.567791912235163,8.672481792681348,1079.6357686779588,832.1747320239454,7728.370394846373,10304.214000010532,True,1,1
2223,bigshakeB2223 25-09-23 10-04-31.fits,2025-09-23 10:04:31,383.94009365002273,233.24178563954638,2.8544735457848147,4.333688759294489,6.721771523624651,10.205057159311968,1204.7134316627462,856.5874805482847,7730.723671853797,10306.204032887463,True,1,1
2224,bigshakeB2224 25-09-23 10-04-31.fits,2025-09-23 10:04:31,383.0114267087593,229.22475499345398,2.9110209638187823,3.907378991519536,6.854930517105783,9.201174372763019,1186.0913250133092,859.5465774846853,7727.214488332811,10303.444380936406,True,1,1
2225,bigshakeB2225 25-09-23 10-04-31.fits,2025-09-23 10:04:31,384.38070340018817,221.5604471562948,2.832730258990406,3.9149468848301425,6.670569996036321,9.218995399629492,1169.8074470248182,860.891493730653,7728.927598719252,10304.941248442257,True,1,1
2226,bigshakeB2226 25-09-23 10-04-31.fits,2025-09-23 10:04:31,385.44249421672447,230.63192172920336,2.81703073862135,3.772830884756377,6.633600450773895,8.884337793936169,1133.3963805454514,884.2464240295837,7729.229384460416,10304.890847470324,True,1,1
2227,bigshakeB2227 25-09-23 10-04-31.fits,2025-09-23 10:04:31,384.06999988324344,235.70569851024675,2.9191836852848403,3.807448612868651,6.8741522572360605,8.965856314008382,1091.1144855568753,835.5049846020747,7736.232779450045,10314.99803912197,True,1,1
2228,bigshakeB2228 25-09-23 10-04-31.fits,2025-09-23 10:04:31,383.0296677677908,231.1920199505575,2.8945847495907557,3.753503098738676,6.816226190377202,8.838824335995618,1122.0774317664311,866.0183340987403,7727.146251800825,10302.847808042638,True,1,1
2229,bigshakeB2229 25-09-23 10-04-31.fits,2025-09-23 10:04:31,385.7924194863979,224.29018970558218,2.952238108416173,3.7726434938231264,6.951989475402657,8.883896522010293,1031.3973809065349,847.2485757879155,7728.0038917646125,10303.214367779212,True,1,1
2230,bigshakeB2230 25-09-23 10-04-31.fits,2025-09-23 10:04:31,387.71421978413235,228.97686917844038,2.8594043696996048,4.142304084138919,6.733382726617717,9.754380689943895,1193.2603288870985,839.5997638255365,7729.645858967059,10305.850528845205,True,1,1
2231,bigshakeB2231 25-09-23 10-04-31.fits,2025-09-23 10:04:31,387.38924504293857,234.12317581248533,2.8504790246944873,4.13059139601515,6.712365145290849,9.726799417168849,1156.0100824807694,833.1465932453789,7729.234691240574,10304.882748249747,True,1,1
2232,bigshakeB2232 25-09-23 10-04-31.fits,2025-09-23 10:04:31,382.4332316625321,230.94961322757598,2.838101612346612,3.73186100746563,6.683218566588459,8.787861105649458,1097.3435868252564,877.3871059021519,7729.688164960586,10305.415792300522,True,1,1
2233,bigshakeB2233 25-09-23 10-04-31.fits,2025-09-23 10:04:31,379.1113614909756,234.76958665323536,2.922046364631294,3.960058035682151,6.880893351943586,9.325224041910216,1092.4410699953075,822.4695063654827,7725.542863782702,10300.385091844697,True,1,1
2234,bigshakeB2234 25-09-23 10-04-31.fits,2025-09-23 10:04:31,381.07961754847054,226.00829836858162,2.8900338783953052,4.071635809797252,6.805509707663802,9.587969620976391,1200.4245476678168,876.634121995228,7728.149743302104,10303.677092208325,True,1,1
2235,bigshakeB2235 25-09-23 10-04-31.fits,2025-09-23 10:04:31,385.59101882409743,229.8148581361267,2.9828957317968627,3.7135867781528753,7.024182661472515,8.744828584156291,1080.8565940497247,890.6982365075315,7727.54284936238,10302.953880766743,True,1,1
2236,bigshakeB2236 25-09-23 10-04-31.fits,2025-09-23 10:04:31,385.53539150696196,228.15701326453748,2.8303664478212056,3.634983166898635,6.665003646112419,8.559731224762986,1130.3913351251479,884.0331353518952,7727.53474856847,10303.306430175848,True,1,1
2237,bigshakeB2237 25-09-23 10-04-31.fits,2025-09-23 10:04:31,384.9981270688335,236.28769089567967,2.8139702669948528,3.998276323500994,6.626393590840571,9.41522123215279,1127.369725747007,835.2789487807497,7729.265641158261,10304.813903328019,True,1,1
2238,bigshakeB2238 25-09-23 10-04-31.fits,2025-09-23 10:04:31,384.87403816987563,228.61762483797114,2.8648888736913647,3.829895951517728,6.746297746554565,9.018715757016828,1155.2345362567787,844.2873232038916,7727.97502580535,10304.364032822896,True,1,1
2239,bigshakeB2239 25-09-23 10-04-31.fits,2025-09-23 10:04:31,384.86365256144586,229.02641599120582,2.826575450026676,4.074515858868388,6.656076528515193,9.594751618259775,1164.4254602600809,831.0800564605233,7730.031004796584,10306.212360077321,True,1,1
2240,bigshakeB2240 25-09-23 10-04-32.fits,2025-09-23 10:04:32,382.610783976346,222.71459453143362,2.856892333369139,4.043784659031759,6.72746733311289,9.52238517287663,1156.608155960329,827.5685784324518,7731.061462070905,10307.861553360794,True,1,1
2241,bigshakeB2241 25-09-23 10-04-32.fits,2025-09-23 10:04:32,383.5328429446499,240.5486721169324,2.884428138576966,3.99873320877861,6.792309199172348,9.416297114762799,1146.0496780330266,840.1728553436196,7730.88256887083,10307.561799421655,True,1,1
2242,bigshakeB2242 25-09-23 10-04-32.fits,2025-09-23 10:04:32,384.04372240633194,227.79182655913962,2.858457374931055,3.860863457184394,6.731152724354196,9.091638660105302,1136.7864363442352,860.0101666668595,7727.251285601712,10302.63132715194,True,1,1
2243,bigshakeB2243 25-09-23 10-04-32.fits,2025-09-23 10:04:32,385.4441795459833,230.30674672526152,2.7898529683926117,3.934019280094725,6.569601692660018,9.263907458305283,1207.7927444190627,860.7513162799291,7728.832429950475,10305.022967855759,True,1,1
2244,bigshakeB2244 25-09-23 10-04-32.fits,2025-09-23 10:04:32,383.6175170964211,224.02307900301528,2.8553505173393305,3.741404724067669,6.723836633820147,8.810334840808036,1120.488569727927,888.682285245124,7728.581757089489,10304.120127636988,True,1,1
2245,bigshakeB2245 25-09-23 10-04-32.fits,2025-09-23 10:04:32,385.0020171653349,239.03461419371254,2.957618583656778,3.857447177347708,6.964659526351027,9.083593935866439,1132.6164100469102,841.5983523050428,7729.287778023531,10306.257143451328,True,1,1
2246,bigshakeB2246 25-09-23 10-04-32.fits,2025-09-23 10:04:32,383.5213310868288,231.38727757462502,2.8184764779916596,4.312218614570042,6.637004906822991,10.154498832145123,1218.5178438259513,853.8078403084618,7727.8926974857295,10302.5647517099,True,1,1
2247,bigshakeB2247 25-09-23 10-04-32.fits,2025-09-23 10:04:32,383.02822009770944,230.44143959033215,2.826827126362704,3.973369039439878,6.656669180996132,9.356569060378392,1150.3694967528793,837.2457921850187,7730.368291086602,10306.76715319821,True,1,1
2248,bigshakeB2248 25-09-23 10-04-32.fits,2025-09-23 10:04:32,384.3602258959336,224.54460849036553,2.8434222246899794,3.8124927632249204,6.695747651186459,8.977734380377475,1144.757021727011,883.3388606279825,7729.73258732564,10305.721604732644,True,1,1
2249,bigshakeB2249 25-09-23 10-04-32.fits,2025-09-23 10:04:32,387.9551386431624,231.28115338986223,2.8108551048149963,3.746655502588889,6.619057944495924,8.822699479321821,1110.4785573961258,834.1200949021629,7732.401288647574,10309.848716599507,True,1,1
2250,bigshakeB2250 25-09-23 10-04-32.fits,2025-09-23 10:04:32,381.0754598080511,238.57779034421858,2.808710655180689,3.7576280914476294,6.614008151511497,8.848537951512267,1069.0278000286914,817.5861442602496,7731.349411841678,10308.102448037454,True,1,1
2251,bigshakeB2251 25-09-23 10-04-32.fits,2025-09-23 10:04:32,378.82767017526515,226.03910341140164,2.8166033508294253,3.7496014554663697,6.63259402943447,8.82963666820943,1126.135417595597,862.7835842359991,7729.5098186755295,10305.682959261016,True,1,1
2252,bigshakeB2252 25-09-23 10-04-32.fits,2025-09-23 10:04:32,382.2550812591357,228.32357610038844,2.8984732599098577,3.6716035795502533,6.825382932421934,8.645965706532323,1102.999802809911,836.5913463137528,7729.076985498117,10306.090751928674,True,1,1
2253,bigshakeB2253 25-09-23 10-04-32.fits,2025-09-23 10:04:32,385.10328930583637,234.01673838296435,2.85373234128788,3.921794234389118,6.720026120417803,9.2351196756263,1150.5513094733024,851.5436155560114,7728.720036321311,10304.666494270059,True,1,1
2254,bigshakeB2254 25-09-23 10-04-32.fits,2025-09-23 10:04:32,384.6800683177686,237.4103015385759,2.686364385936636,3.928235306457022,6.325904704260848,9.250287241243289,1267.7274166319553,842.5156061703109,7731.242941307544,10308.825133719549,True,1,1
2255,bigshakeB2255 25-09-23 10-04-32.fits,2025-09-23 10:04:32,384.653806704794,230.01751011421726,2.7340296034222953,3.812733580256785,6.4381477138468375,8.978301461151295,1152.1446639264916,853.2998722592299,7729.925198287772,10306.026922588311,True,1,1
2256,bigshakeB2256 25-09-23 10-04-32.fits,2025-09-23 10:04:32,383.269423896179,225.07870064082627,2.784229494993502,3.957577412209445,6.556359424777096,9.319382620032513,1153.1666770431696,835.3461066675042,7729.665651624265,10305.723375138748,True,1,1
2257,bigshakeB2257 25-09-23 10-04-32.fits,2025-09-23 10:04:32,383.8156033383915,224.68897965343135,2.8110929860691636,3.887976641309625,6.619618112041573,9.15548532956801,1125.4272896875489,806.008764501925,7729.748169303276,10306.48723034445,True,1,1
2258,bigshakeB2258 25-09-23 10-04-32.fits,2025-09-23 10:04:32,386.0720490161374,236.14409169382486,2.776532497748265,3.9897728452508665,6.538234381377463,9.395197071116904,1167.751443832237,825.0378007946007,7734.288686817697,10312.126871009197,True,1,1
2259,bigshakeB2259 25-09-23 10-04-32.fits,2025-09-23 10:04:32,386.02919725393986,234.7417459715187,2.777814017242496,4.201043513968805,6.5412521291705765,9.892701476740998,1158.8601875999882,825.7260816990002,7728.376433984045,10303.197352299798,True,1,1
2260,bigshakeB2260 25-09-23 10-04-32.fits,2025-09-23 10:04:32,384.1984690953335,230.52937182987432,2.758150903898154,3.8417626266494658,6.494949035719605,9.046659641484913,1158.5768677195856,845.1674119394,7727.974991505885,10303.698222907755,True,1,1
2261,bigshakeB2261 25-09-23 10-04-32.fits,2025-09-23 10:04:32,384.7538366697403,224.27584565508448,2.677908863907064,4.035185453783914,6.305993471494411,9.502135591987667,1203.5001940548007,813.1061931504025,7730.65543496862,10307.236805615728,True,1,1
2262,bigshakeB2262 25-09-23 10-04-32.fits,2025-09-23 10:04:32,385.74342784910954,230.63538075669967,2.67452359431791,4.002072973097739,6.298021770808038,9.424161658727163,1225.5023419476424,825.5565793494882,7730.198730646045,10306.794284183241,True,1,1
2263,bigshakeB2263 25-09-23 10-04-32.fits,2025-09-23 10:04:32,386.07242108913226,232.94666646463483,2.7592005461032247,4.437387641946952,6.4974207542242155,10.4492493668293,1277.9455617184092,788.2027931340443,7731.195871496919,10308.410237225544,True,1,1
2264,bigshakeB2264 25-09-23 10-04-32.fits,2025-09-23 10:04:32,384.03043805070934,230.4979272248762,2.750205069983781,4.092931215184909,6.476238026743552,9.638116468450306,1194.3620955548904,820.4823127635766,7730.753712671342,10307.28811854544,True,1,1
2265,bigshakeB2265 25-09-23 10-04-32.fits,2025-09-23 10:04:32,384.2746852103738,235.6359459961371,2.736509437592704,4.181294381706273,6.443987277059669,9.846195824217222,1195.1038007407317,786.9883111648314,7728.341079266779,10304.349196441528,True,1,1
2266,bigshakeB2266 25-09-23 10-04-32.fits,2025-09-23 10:04:32,386.6618589203718,226.13702977502672,2.7502798545300977,3.979660447606014,6.476414130892278,9.371384194439482,1150.9870903447033,795.2464626302013,7735.336213178552,10313.785407351575,True,1,1
2267,bigshakeB2267 25-09-23 10-04-32.fits,2025-09-23 10:04:32,386.1788699268798,231.22739784935706,2.720130038892895,4.409421932956772,6.405416740675805,10.383395154725722,1229.0435102437202,794.0840929672382,7727.710851878187,10302.787837238131,True,1,1
2268,bigshakeB2268 25-09-23 10-04-32.fits,2025-09-23 10:04:32,384.2152511514031,230.38873710680167,2.745603856410779,3.860108232658873,6.465402996790379,9.089860242254105,1113.4224237561791,813.3238853462138,7731.728429689338,10308.540405929372,True,1,1
2269,bigshakeB2269 25-09-23 10-04-32.fits,2025-09-23 10:04:32,385.2739233000417,239.724900268679,2.7044470726504968,4.845186910828799,6.368486177402662,11.40954325954124,1328.0077631299073,767.4821754706055,7728.881840009379,10304.512220117569,True,1,1
2270,bigshakeB2270 25-09-23 10-04-32.fits,2025-09-23 10:04:32,386.47400389041746,227.02870779021052,2.681078615442554,4.203466099864192,6.313457665947951,9.898406230568266,1211.0937403680127,794.7641806024926,7731.0091936277695,10307.52280368664,True,1,1
2271,bigshakeB2271 25-09-23 10-04-32.fits,2025-09-23 10:04:32,385.60128047574545,227.31131874182995,2.7699436624396507,4.535133067588459,6.522718859919331,10.679422254440004,1269.1606270122252,775.9684925999861,7729.095218262644,10305.441402868624,True,1,1
2272,bigshakeB2272 25-09-23 10-04-32.fits,2025-09-23 10:04:32,384.3045064984537,232.25317599962423,2.707516736750548,4.2536692303376835,6.375714683956975,10.016625568530548,1197.7732858068441,777.7389817919594,7733.248478933582,10310.657210639563,True,1,1
2273,bigshakeB2273 25-09-23 10-04-32.fits,2025-09-23 10:04:32,383.6802967337106,229.17472813491193,2.661924334690237,4.612214196343646,6.268352781684244,10.860934441526329,1261.1352831105578,775.520781375097,7729.250205973545,10304.519003422334,True,1,1
2274,bigshakeB2274 25-09-23 10-04-32.fits,2025-09-23 10:04:32,382.9108418858202,236.73354871423265,2.711280176274083,4.2583468704935425,6.384576906785256,10.027640569333006,1116.3993497077674,756.3526731907627,7735.565247653015,10313.074211408528,True,1,1
2275,bigshakeB2275 25-09-23 10-04-32.fits,2025-09-23 10:04:32,382.72553313066555,227.34305180497276,2.620714891184684,4.198207925644462,6.171311958072796,9.886024176515381,1157.3690892597779,757.9754633859645,7730.968843022699,10307.180336279902,True,1,1
2276,bigshakeB2276 25-09-23 10-04-32.fits,2025-09-23 10:04:32,381.852391221642,225.83895589292905,2.63532152530427,3.9578354873144805,6.205707952888031,9.319990340462974,1197.4194245895428,838.0411018580306,7730.00643898993,10305.833214825034,True,1,1
2277,bigshakeB2277 25-09-23 10-04-32.fits,2025-09-23 10:04:32,383.0300951662232,226.6421475473142,2.638578491831336,4.330905056194744,6.213377522951961,10.198502039453274,1251.8758864737954,774.0690558040885,7729.573708893579,10305.841104734749,True,1,1
2278,bigshakeB2278 25-09-23 10-04-32.fits,2025-09-23 10:04:32,382.62347273177903,237.60919539936012,2.686222153953231,4.591647998993326,6.325569773535281,10.812504747755733,1166.4633262638195,738.5505163475208,7728.327784416571,10303.090859233753,True,1,1
2279,bigshakeB2279 25-09-23 10-04-32.fits,2025-09-23 10:04:32,382.5025976830993,228.31777843014956,2.684995185765739,4.031283168097775,6.32268048425276,9.492946411432511,1192.5842218911328,807.5409485090133,7734.746200747804,10312.71636782556,True,1,1
2280,bigshakeB2280 25-09-23 10-04-32.fits,2025-09-23 10:04:32,381.7176191410662,227.46937969470062,2.624930471855223,4.066018983475858,6.181238891937227,9.574743005765313,1215.0876841863103,808.3898489018412,7728.414151970744,10304.043525322275,True,1,1
2281,bigshakeB2281 25-09-23 10-04-32.fits,2025-09-23 10:04:32,385.04437605080955,224.67903967150576,2.70102617065863,4.1041738632271345,6.360430568820128,9.664590881419366,1158.7817581910913,782.3259860316781,7730.00235082021,10306.247319293678,True,1,1
2282,bigshakeB2282 25-09-23 10-04-32.fits,2025-09-23 10:04:32,384.80920784967975,236.40457376142172,2.647675300837386,4.506548999758825,6.234798871145226,10.612111918546255,1256.1676321394293,767.8005917423739,7730.2314762950255,10306.274453811804,True,1,1
2283,bigshakeB2283 25-09-23 10-04-32.fits,2025-09-23 10:04:32,383.09235461889915,233.6443065553825,2.722796334223387,4.276839273781934,6.41169538636602,10.071186851277306,1237.0698220584902,787.6083503378496,7737.581173613757,10316.773931279191,True,1,1
2284,bigshakeB2284 25-09-23 10-04-32.fits,2025-09-23 10:04:32,381.05636822952613,231.38955320709022,2.730784721998603,4.484909851422511,6.430506602026579,10.561155618286506,1237.2825563968731,795.7344591981536,7732.355818665996,10308.815316131953,True,1,1
2285,bigshakeB2285 25-09-23 10-04-32.fits,2025-09-23 10:04:32,380.7036793957567,232.88661334128747,2.6171238775005197,4.172431563354008,6.162855767067346,9.82532548190584,1212.9365497813426,790.8719539336744,7729.592103365177,10305.467666392378,True,1,1
2286,bigshakeB2286 25-09-23 10-04-32.fits,2025-09-23 10:04:32,382.1313601362243,226.96574288798558,2.596657275345435,4.166744651265121,6.114660602058879,9.8119338273246,1256.4493045990198,817.5226156282655,7730.79836598722,10306.980002973642,True,1,1
2287,bigshakeB2287 25-09-23 10-04-32.fits,2025-09-23 10:04:32,383.94088409235843,230.08699329383728,2.6460930113403474,4.92676948756336,6.2310728641205575,11.601655546561057,1374.4467512304768,764.5586832702072,7728.9603260582635,10304.60212834303,True,1,1
2288,bigshakeB2288 25-09-23 10-04-32.fits,2025-09-23 10:04:32,384.30676473059236,230.97780974231458,2.638146246992745,4.07912770508326,6.212359664141685,9.605611686171155,1187.4649897995093,771.0909446904636,7727.591359056017,10303.388969746686,True,1,1
2289,bigshakeB2289 25-09-23 10-04-32.fits,2025-09-23 10:04:32,382.67838591573366,233.25867931980181,2.6458861245098393,4.13126439189019,6.230585682865024,9.728384201345616,1168.0544678784433,773.0313889785083,7727.012761382844,10302.145498611788,True,1,1
2290,bigshakeB2290 25-09-23 10-04-32.fits,2025-09-23 10:04:32,383.19493680089573,228.22931176185122,2.612105158093301,4.4108937317863095,6.151037586006842,10.38686097611177,1285.4625361350106,767.9105204745402,7729.019274249395,10305.205457587732,True,1,1
2291,bigshakeB2291 25-09-23 10-04-33.fits,2025-09-23 10:04:33,383.83873960879924,229.37189981872257,2.5930465025514504,4.811989948840816,6.106157881905552,11.331370388017806,1411.1706311811702,805.5452202896826,7728.833856151032,10303.978371297206,True,1,1
2292,bigshakeB2292 25-09-23 10-04-33.fits,2025-09-23 10:04:33,382.4708287410964,231.89473778549626,2.601824490193255,4.054956851181783,6.126828463159508,9.548693674898441,1183.7333872817703,784.893081132851,7729.971749229258,10306.091948329222,True,1,1
2293,bigshakeB2293 25-09-23 10-04-33.fits,2025-09-23 10:04:33,383.2645260871186,229.47518288876776,2.589783255066141,4.177972515741878,6.098473521315248,9.838373427657357,1233.143092679505,778.4059192482059,7736.599841856244,10315.160515537704,True,1,1
2294,bigshakeB2294 25-09-23 10-04-33.fits,2025-09-23 10:04:33,382.18270106578535,230.57927059271032,2.6063588494857792,4.84629764416225,6.137506063312916,11.412158836659533,1318.9424409699152,773.7061425184237,7729.9158142786455,10304.925251901734,True,1,1
2295,bigshakeB2295 25-09-23 10-04-33.fits,2025-09-23 10:04:33,383.3225879602587,232.3945782599188,2.7098318753557655,4.433431109789413,6.381166418751565,10.439932445595916,1210.1894089891655,752.828080988128,7727.066779033781,10302.451768350245,True,1,1
2296,bigshakeB2296 25-09-23 10-04-33.fits,2025-09-23 10:04:33,381.64705370634374,226.65524147216018,2.6241426631275435,4.5143559480035576,6.179383744153637,10.63049587676347,1238.1015681697004,767.4839880169549,7730.6594955736,10306.419365159405,True,1,1
2297,bigshakeB2297 25-09-23 10-04-33.fits,2025-09-23 10:04:33,381.4271997577832,233.12778958289857,2.7080952758300088,4.6327926332302765,6.377077039378122,10.90939295720237,1242.2319263278723,770.7265550277377,7728.408587358662,10303.466233761239,True,1,1
2298,bigshakeB2298 25-09-23 10-04-33.fits,2025-09-23 10:04:33,383.1656886777591,232.91210824226562,2.604488209485968,4.321854127093617,6.1331010427443235,10.177188730179784,1229.4068725503082,774.7956082140283,7734.588808067381,10312.01962681578,True,1,1
2299,bigshakeB2299 25-09-23 10-04-33.fits,2025-09-23 10:04:33,384.71267194622834,234.2930343224239,2.606141718613984,4.292493339869311,6.136994759183617,10.1080493598861,1212.8201985848114,770.1445803277485,7729.700150283374,10305.509347452862,True,1,1
2300,bigshakeB2300 25-09-23 10-04-33.fits,2025-09-23 10:04:33,382.5858647801868,229.2267782863927,2.6081365804285124,4.465119172425893,6.1416922997715355,10.514552130680496,1268.1826271057778,788.6264111983478,7727.711082204634,10302.49871356806,True,1,1
2301,bigshakeB2301 25-09-23 10-04-33.fits,2025-09-23 10:04:33,382.1634960391707,228.90152453833477,2.6081570161156624,4.642355787586647,6.1417404221372704,10.931912464774475,1301.8501497331758,768.5515069090468,7727.642062741442,10302.622140011701,True,1,1
2302,bigshakeB2302 25-09-23 10-04-33.fits,2025-09-23 10:04:33,385.26454430471193,228.15382674230494,2.6069835332183025,4.482718845595994,6.138977081088067,10.555996193847445,1294.6431149998957,789.3985448022585,7728.357571275391,10303.622740643787,True,1,1
2303,bigshakeB2303 25-09-23 10-04-33.fits,2025-09-23 10:04:33,386.2641478314358,235.28877209071496,2.5944193933429838,4.323241517742315,6.1093907926610935,10.180455785489627,1227.0373456566647,749.5005163976815,7734.839492980665,10312.822590028665,True,1,1
2304,bigshakeB2304 25-09-23 10-04-33.fits,2025-09-23 10:04:33,383.7014568095124,237.40606177418834,2.6854783969065728,4.571383985937462,6.323818359533178,10.764786643619015,1288.6587836946799,795.3233618284669,7735.12249757584,10312.58245873555,True,1,1
2305,bigshakeB2305 25-09-23 10-04-33.fits,2025-09-23 10:04:33,381.6445564443675,229.88056161555826,2.5684177012571934,4.976993593056653,6.048161486932751,11.719924276920414,1395.0997309544878,772.7159767150558,7730.87383197483,10306.46042249985,True,1,1
2306,bigshakeB2306 25-09-23 10-04-33.fits,2025-09-23 10:04:33,382.80490528153683,222.7928118351419,2.577953238050958,4.144092740514011,6.070615960114838,9.758592653829632,1243.42689034754,784.57886085641,7730.342206475795,10306.883396122126,True,1,1
2307,bigshakeB2307 25-09-23 10-04-33.fits,2025-09-23 10:04:33,387.0970055549818,232.3588565986732,2.627396409513454,4.690663057747959,6.187045731364626,11.04566739287106,1327.1183564152623,758.4100365030347,7729.698004816023,10305.895427956373,True,1,1
2308,bigshakeB2308 25-09-23 10-04-33.fits,2025-09-23 10:04:33,386.5228965755572,238.50131957195646,2.5905499879693545,4.5103814518056895,6.100279039324921,10.621136653447833,1287.0956291093053,786.4856694033001,7728.798727381183,10303.952315101054,True,1,1
2309,bigshakeB2309 25-09-23 10-04-33.fits,2025-09-23 10:04:33,382.71062523190096,236.89862873965222,2.5810179888201974,4.288587752511164,6.077832896659268,10.098852404487518,1197.222479725236,778.3953505919013,7729.544353733884,10304.763190550719,True,1,1
2310,bigshakeB2310 25-09-23 10-04-33.fits,2025-09-23 10:04:33,382.9270056691426,219.0111194056521,2.54504134419142,4.908891241056037,5.993114372734468,11.55955549331561,1405.3302172953559,756.0320930618215,7729.121459989148,10304.792088171462,True,1,1
2311,bigshakeB2311 25-09-23 10-04-33.fits,2025-09-23 10:04:33,382.6203833796435,232.40998363640983,2.5209494492572713,4.639509424653779,5.936382295620755,10.925209792284726,1321.1019730973376,796.4221860742989,7728.493510557199,10302.75414140575,True,1,1
2312,bigshakeB2312 25-09-23 10-04-33.fits,2025-09-23 10:04:33,384.7249990989651,233.0418754620899,2.553005917919458,4.109695882687562,6.011869510599378,9.67759424353383,1222.5587163004104,786.974894668918,7730.0192386515055,10306.102070710285,True,1,1
2313,bigshakeB2313 25-09-23 10-04-33.fits,2025-09-23 10:04:33,384.61025068013794,233.2598629456847,2.5476794064323243,4.408247983216758,5.999326534579388,10.380630714346077,1262.0962013449262,759.1733317031155,7736.095540751009,10314.1088685064,True,1,1
2314,bigshakeB2314 25-09-23 10-04-33.fits,2025-09-23 10:04:33,386.3887404553292,226.84899691161655,2.636862508365365,4.963749049493255,6.2093366906893515,11.688735760250038,1378.441927586817,780.2790546740928,7729.581255005034,10304.863655055748,True,1,1
2315,bigshakeB2315 25-09-23 10-04-33.fits,2025-09-23 10:04:33,386.6058229438994,231.85348364951616,2.5695920514639212,4.481752663184659,6.05092687033944,10.553721008138076,1302.1501126060073,779.56188226071,7727.918492780803,10303.119444283373,True,1,1
2316,bigshakeB2316 25-09-23 10-04-33.fits,2025-09-23 10:04:33,383.8892255561234,233.84642722042474,2.5785966594718626,4.295271190658532,6.072131101774187,10.114590698606664,1214.5683873580442,783.115151296788,7728.924275093324,10304.021822196017,True,1,1
2317,bigshakeB2317 25-09-23 10-04-33.fits,2025-09-23 10:04:33,380.2132546881627,233.54380985541925,2.5661190681139434,4.551261730577023,6.042748619530854,10.717402353345022,1333.9413371430617,775.7583983435164,7727.635437993752,10302.951872728761,True,1,1
2318,bigshakeB2318 25-09-23 10-04-33.fits,2025-09-23 10:04:33,383.2840206000288,224.88536128046786,2.626994340868553,4.460206493327024,6.186098932060135,10.502983655463675,1259.0991975092704,771.2117531550124,7729.420249756112,10305.203731517911,True,1,1
2319,bigshakeB2319 25-09-23 10-04-33.fits,2025-09-23 10:04:33,389.8393841671899,222.56129954908124,2.5659984148936568,4.443633491083448,6.042464502909225,10.463957217574158,1327.1772502334193,778.3050610482182,7726.575922468197,10301.824625014893,True,1,1
2320,bigshakeB2320 25-09-23 10-04-33.fits,2025-09-23 10:04:33,387.0568479193441,234.0104535276686,2.5481507043620284,4.1975390739488345,6.000436356391437,9.884449151135364,1183.5860954156983,776.1185968185957,7729.298625094166,10304.468616967108,True,1,1
2321,bigshakeB2321 25-09-23 10-04-33.fits,2025-09-23 10:04:33,382.48672243249706,238.9503512116529,2.5415007672700893,4.247917607915471,5.984776951229144,10.003081532759271,1228.9486500202365,781.7653681767637,7727.741972775895,10302.624585723162,True,1,1
2322,bigshakeB2322 25-09-23 10-04-33.fits,2025-09-23 10:04:33,380.05277733230275,229.0249080002555,2.5383660587804666,4.552757561671931,5.977395276842452,10.720924766391292,1351.226841252755,791.2085106311667,7726.75233554095,10301.436817569502,True,1,1
2323,bigshakeB2323 25-09-23 10-04-33.fits,2025-09-23 10:04:33,382.69674769717204,221.77956254143268,2.5171394466402988,4.764997544440164,5.927410425086687,11.220711732170951,1359.217526591536,781.4211575480417,7729.021831698276,10303.784677240745,True,1,1
2324,bigshakeB2324 25-09-23 10-04-33.fits,2025-09-23 10:04:33,383.9660343113972,230.0181630038973,2.513534335461811,4.583746184816932,5.918921037019019,10.79389739734105,1345.1728846609863,798.5057205813698,7728.460536412989,10303.157022210724,True,1,1
2325,bigshakeB2325 25-09-23 10-04-33.fits,2025-09-23 10:04:33,387.3543884056228,234.1003699244468,2.5185503834665988,4.527712895578223,5.930732927407531,10.661949084652722,1245.0623155030448,767.8705941653179,7730.877867099188,10306.05669065515,True,1,1
2326,bigshakeB2326 25-09-23 10-04-33.fits,2025-09-23 10:04:33,384.91037908908226,232.1506112199882,2.4880121916971314,4.738287001542516,5.85882098128979,11.15781321034191,1387.9198693658257,786.9713392366468,7730.4096993853545,10305.773007675629,True,1,1
2327,bigshakeB2327 25-09-23 10-04-33.fits,2025-09-23 10:04:33,382.2588127670174,234.9201426718137,2.5605970402340548,4.326124824670172,6.029745237590072,10.187245454439323,1273.98786373407,770.3340056583589,7727.420239938398,10302.859392098151,True,1,1
2328,bigshakeB2328 25-09-23 10-04-33.fits,2025-09-23 10:04:33,379.32791625300405,226.60749046987272,2.55987664014287,4.37874526517751,6.028048825014908,10.31115712252436,1259.3264500435055,805.353549058725,7730.898955299291,10306.284438959794,True,1,1
2329,bigshakeB2329 25-09-23 10-04-33.fits,2025-09-23 10:04:33,380.4572869978622,227.96253943300425,2.563572134915151,4.4081374990019615,6.036751050180983,10.380370543902416,1252.9472520447748,795.8319737537173,7730.421340921958,10305.682094145863,True,1,1
2330,bigshakeB2330 25-09-23 10-04-33.fits,2025-09-23 10:04:33,383.3593465084868,227.2504039602836,2.540882815008534,4.310014126232183,5.983321784856761,10.149307658818095,1315.1443020808292,828.2637718229722,7728.6715341937825,10303.703680840268,True,1,1
2331,bigshakeB2331 25-09-23 10-04-33.fits,2025-09-23 10:04:33,385.26504487809257,238.4383436720623,2.5051354144881106,4.674983717151538,5.899143089553519,11.00874536734174,1363.9473639883615,763.7725165628657,7727.623702993392,10302.695359846277,True,1,1
2332,bigshakeB2332 25-09-23 10-04-33.fits,2025-09-23 10:04:33,383.75578058539054,228.00981031267136,2.560750645746951,4.3804080284386275,6.030106950930868,10.315072630781781,1231.984736211212,780.2984859225357,7728.425116889213,10303.192250010901,True,1,1
2333,bigshakeB2333 25-09-23 10-04-33.fits,2025-09-23 10:04:33,381.94317530838373,228.17955475730025,2.560729529320638,4.34792251615997,6.030057225546906,10.2385750952949,1307.684568583404,835.6457959310346,7727.600372120542,10301.980436264652,True,1,1
2334,bigshakeB2334 25-09-23 10-04-33.fits,2025-09-23 10:04:33,380.78237509151904,227.999102533804,2.5041908355968423,4.338869719871153,5.896918776246247,10.21725738913041,1292.5830258513108,797.7947627264674,7729.431810448779,10304.735910829175,True,1,1
2335,bigshakeB2335 25-09-23 10-04-33.fits,2025-09-23 10:04:33,377.6084067116909,236.37516023936996,2.5596508090668237,4.565858290245733,6.027517033470244,10.75177462464139,1390.6691742456064,813.6138501799035,7729.491151746118,10305.177631512788,True,1,1
2336,bigshakeB2336 25-09-23 10-04-33.fits,2025-09-23 10:04:33,378.01666481482357,231.8508249384989,2.544286972872684,4.457928705442473,5.991337964031711,10.497619874894806,1323.2753969927746,793.476455150046,7729.049536079026,10304.509167486833,True,1,1
2337,bigshakeB2337 25-09-23 10-04-33.fits,2025-09-23 10:04:33,384.3330522552056,226.18859063917338,2.495578023230619,4.7848279904275595,5.876637153042173,11.267408863883972,1377.4917873534184,767.2750131179978,7728.906435639676,10303.988475743645,True,1,1
2338,bigshakeB2338 25-09-23 10-04-33.fits,2025-09-23 10:04:33,387.5554027553651,229.13513247887286,2.5351855859852943,4.414491971601877,5.969905835751704,10.395334183356297,1221.7431582163576,798.9515003797773,7728.19235286123,10302.012937177271,True,1,1
2339,bigshakeB2339 25-09-23 10-04-33.fits,2025-09-23 10:04:33,384.8279737992634,228.88389095671388,2.5469045481125603,3.958306397213619,5.997501882675949,9.32109924853287,1192.4926789624828,793.0246168809883,7736.040556667189,10314.188765790188,True,1,1
2340,bigshakeB2340 25-09-23 10-04-33.fits,2025-09-23 10:04:33,380.44140429190605,231.62101982628397,2.4939856328895447,4.187932582786332,5.872887360347498,9.86182759318349,1230.9150103601833,751.2655208897881,7728.784282946615,10304.646921691643,True,1,1
2341,bigshakeB2341 25-09-23 10-04-33.fits,2025-09-23 10:04:33,379.01773120190785,236.4731520986776,2.498939687764804,4.383709746129974,5.884553268071942,10.322847581784398,1335.8876815190868,795.1827692638046,7727.928306169262,10303.133893097398,True,1,1
2342,bigshakeB2342 25-09-23 10-04-33.fits,2025-09-23 10:04:33,380.3775010582529,231.64160986007806,2.5519211655745373,4.705673966898413,6.009315114033664,11.081015382632687,1334.7643372600912,781.1217913914419,7730.279514491493,10305.632031716903,True,1,1
2343,bigshakeB2343 25-09-23 10-04-33.fits,2025-09-23 10:04:33,384.72357958034803,222.1801910551744,2.4863806517111824,4.694375165845055,5.854978998226608,11.054408739427423,1357.3953195414838,791.0867140367567,7729.239259244966,10303.883833947899,True,1,1
2344,bigshakeB2344 25-09-23 10-04-34.fits,2025-09-23 10:04:34,387.7135788636765,227.01969076114133,2.487380070849671,4.806856891012227,5.857332450447308,11.319282960550742,1421.8094978702331,782.5477156429507,7731.178292262275,10307.062666494021,True,1,1
2345,bigshakeB2345 25-09-23 10-04-34.fits,2025-09-23 10:04:34,386.46793023789445,239.74886078795942,2.4499918004708654,4.088771581404719,5.76928980191026,9.628321279444727,1240.0314263796117,794.1300887668862,7728.008899673656,10302.920701115452,True,1,1
2346,bigshakeB2346 25-09-23 10-04-34.fits,2025-09-23 10:04:34,382.8509413053406,233.08488643312333,2.5381274669773943,4.592642934486654,5.976833436081997,10.814847641798934,1302.9922179916775,771.0185380211722,7731.604966232606,10307.585410607006,True,1,1
2347,bigshakeB2347 25-09-23 10-04-34.fits,2025-09-23 10:04:34,380.47707086373777,227.21418205178895,2.6076482144911437,4.46896488830277,6.140542285872909,10.52360809951486,1297.5310797590757,776.3597744067669,7729.598143271929,10305.681649181128,True,1,1
2348,bigshakeB2348 25-09-23 10-04-34.fits,2025-09-23 10:04:34,382.3217846582075,224.09725865938609,2.587773570327663,4.41808027159533,6.0937410754088885,10.403783984108465,1297.9204419803036,774.8910724248185,7731.149885801757,10307.861417699318,True,1,1
2349,bigshakeB2349 25-09-23 10-04-34.fits,2025-09-23 10:04:34,384.50133406897135,230.92871396520354,2.6380877267441325,4.203430345970702,6.2122218594872125,9.898322036583187,1179.0590567513898,767.9855262607823,7727.9941092843,10303.377434608998,True,1,1
2350,bigshakeB2350 25-09-23 10-04-34.fits,2025-09-23 10:04:34,385.12275606702667,241.26537655129974,2.5560684652192607,4.447062578437877,6.019081258369809,10.47203210121253,1304.0028650348534,813.944026920453,7729.031415088182,10303.87887050031,True,1,1
2351,bigshakeB2351 25-09-23 10-04-34.fits,2025-09-23 10:04:34,387.06928956366016,234.18307890150186,2.5408103785685805,4.214034394817144,5.9831512100759685,9.923292663365277,1258.2045099537017,772.3214473893244,7727.660410385645,10303.245739232034,True,1,1
2352,bigshakeB2352 25-09-23 10-04-34.fits,2025-09-23 10:04:34,387.82123649688424,222.09550813526133,2.665805657481092,4.490007969300992,6.277492598393384,10.573160768458683,1286.9273231317504,795.789241821054,7726.699242255313,10301.522013368321,True,1,1
2353,bigshakeB2353 25-09-23 10-04-34.fits,2025-09-23 10:04:34,383.48264357060026,228.18671556791801,2.5699456231663165,4.274130113229397,6.051759468071596,10.064807265702985,1241.701188139846,771.4096475070645,7730.853261169522,10307.250797647634,True,1,1
2354,bigshakeB2354 25-09-23 10-04-34.fits,2025-09-23 10:04:34,382.2499300489183,234.6740374738475,2.5748889121293974,4.234944397497505,6.06340002401024,9.97253195681864,1262.6824435987771,774.5250075303084,7728.4566908574725,10304.458506120744,True,1,1
2355,bigshakeB2355 25-09-23 10-04-34.fits,2025-09-23 10:04:34,382.58564967623647,233.7957284100151,2.547173599806008,4.547763283711144,5.998135450996829,10.709164140538775,1339.344803989363,771.9554113542914,7735.343012555325,10313.273029418515,True,1,1
2356,bigshakeB2356 25-09-23 10-04-34.fits,2025-09-23 10:04:34,384.24918679631656,228.69920642924532,2.531611835982096,4.32471573466376,5.961490297608243,10.183927301046971,1267.7294339639116,807.45222131506,7729.105047067587,10303.997605705345,True,1,1
2357,bigshakeB2357 25-09-23 10-04-34.fits,2025-09-23 10:04:34,384.572449697962,228.23829625846497,2.4977530162790793,4.473396662120541,5.881758870270491,10.53404412933599,1309.7382130467565,780.3026952124937,7730.654390334588,10306.394488835946,True,1,1
2358,bigshakeB2358 25-09-23 10-04-34.fits,2025-09-23 10:04:34,385.250647272508,232.4928534015634,2.594462418336969,4.218746225695717,6.109492108779367,9.934388177166936,1254.8445592471944,802.7421466448035,7728.637973519408,10304.16695710608,True,1,1
2359,bigshakeB2359 25-09-23 10-04-34.fits,2025-09-23 10:04:34,384.2410757011234,232.71505327367245,2.6240939667712935,4.392236886642008,6.17926907299782,10.34292746318893,1205.5315386190173,787.0204037927389,7730.344471619904,10305.594036233746,True,1,1
2360,bigshakeB2360 25-09-23 10-04-34.fits,2025-09-23 10:04:34,384.00744585628115,229.11904287782454,2.588098578240446,4.3336646892987565,6.094506410556703,10.205000478803532,1311.141358988863,822.9412490797537,7729.937656468242,10305.68017221234,True,1,1
2361,bigshakeB2361 25-09-23 10-04-34.fits,2025-09-23 10:04:34,386.8849931079809,232.65899037159562,2.5489064656607825,4.498137377825133,6.002216038247002,10.592304062605576,1334.019986370858,763.9892668080123,7731.268330481624,10308.168541766652,True,1,1
2362,bigshakeB2362 25-09-23 10-04-34.fits,2025-09-23 10:04:34,387.46805241345214,231.01085466421335,2.566962458357255,4.589936890788187,6.044734651781588,10.808475395855053,1308.7768695281422,776.7026685192825,7728.274654761307,10303.293394822535,True,1,1
2363,bigshakeB2363 25-09-23 10-04-34.fits,2025-09-23 10:04:34,385.9141483426809,233.10598253567144,2.5726528173816283,4.297168408397039,6.058134423275605,10.119058304967089,1225.5435368583016,777.0257594805723,7728.595088505528,10303.82154532426,True,1,1
2364,bigshakeB2364 25-09-23 10-04-34.fits,2025-09-23 10:04:34,384.33168589701995,226.1999894109516,2.565057049966925,4.525843174167895,6.040247757910069,10.657546227197058,1323.0412026754689,788.6278966319722,7728.8567427671915,10304.225680964775,True,1,1
2365,bigshakeB2365 25-09-23 10-04-34.fits,2025-09-23 10:04:34,384.66933582944034,226.80777370141953,2.5976319819223903,4.424711239488005,6.1169558606443175,10.41939872022009,1286.3156058545858,820.7387653535953,7729.381900093689,10304.32728980961,True,1,1
2366,bigshakeB2366 25-09-23 10-04-34.fits,2025-09-23 10:04:34,385.362546146161,228.52475475072995,2.532737621654702,4.627105678944662,5.964141320276505,10.89600120325543,1358.5561975032886,770.5919749359026,7736.282854703599,10314.392374782361,True,1,1
2367,bigshakeB2367 25-09-23 10-04-34.fits,2025-09-23 10:04:34,382.33574536805014,238.21525944799387,2.563338027833349,4.041360913193821,6.036199770132072,9.516677687593392,1192.2193519858604,778.0842491764366,7729.352485282503,10305.34137308786,True,1,1
2368,bigshakeB2368 25-09-23 10-04-34.fits,2025-09-23 10:04:34,379.97270995395945,231.48904282536068,2.649865357081727,4.2250001303734885,6.239956059489145,9.949114997261866,1235.000178400844,808.1055564595151,7729.36226240777,10305.076571320109,True,1,1
2369,bigshakeB2369 25-09-23 10-04-34.fits,2025-09-23 10:04:34,381.399998787092,228.83425539491412,2.652384978099752,4.239180607161614,6.245889313568272,9.982507468250638,1196.934031539872,758.3018631357243,7729.429894383437,10305.698430226477,True,1,1
2370,bigshakeB2370 25-09-23 10-04-34.fits,2025-09-23 10:04:34,385.2191247833724,227.27022185477864,2.61380782918126,4.592192427539328,6.155047070014863,10.813786779008945,1249.3851243391841,758.0098724138821,7728.615973136995,10303.697103057499,True,1,1
2371,bigshakeB2371 25-09-23 10-04-34.fits,2025-09-23 10:04:34,385.68224606293785,230.34060662522197,2.6322848637682807,4.219344681602659,6.198557161433109,9.93579743313267,1157.4673920228165,780.0412100078634,7729.763820841714,10305.075057871594,True,1,1
2372,bigshakeB2372 25-09-23 10-04-34.fits,2025-09-23 10:04:34,385.716771314691,234.56244720179342,2.566036863781542,4.177809419961391,6.042555043121126,9.837989366444207,1154.1565181015953,763.7336353048345,7728.634920650152,10303.650035420242,True,1,1
2373,bigshakeB2373 25-09-23 10-04-34.fits,2025-09-23 10:04:34,384.9303696126619,233.13506338000659,2.5791262721054036,4.431932445467214,6.073378244219751,10.43640336080923,1251.0569744851207,793.049739791191,7729.832856572035,10304.939262783297,True,1,1
2374,bigshakeB2374 25-09-23 10-04-34.fits,2025-09-23 10:04:34,383.60749270806195,229.74829237638872,2.593798390188957,4.2930920542599775,6.107928441985964,10.109459224534492,1235.7603133888306,768.5780907823718,7729.944486758592,10306.100392216455,True,1,1
2375,bigshakeB2375 25-09-23 10-04-34.fits,2025-09-23 10:04:34,383.58590419678706,233.20456011947027,2.6401270910539507,4.424961218906462,6.217024195443093,10.419987376765521,1174.6324154206534,731.2155252734683,7729.871089655834,10305.792818117076,True,1,1
2376,bigshakeB2376 25-09-23 10-04-34.fits,2025-09-23 10:04:34,385.6761482030767,231.15258264793277,2.5742344379642472,4.23172085322706,6.0618588551271895,9.964941090154552,1201.9690293848314,777.8455924213223,7730.054868674107,10305.708580557368,True,1,1
2377,bigshakeB2377 25-09-23 10-04-34.fits,2025-09-23 10:04:34,386.16738489584606,227.66748707894237,2.6175576391647675,4.434446645733066,6.163877197729083,10.44232384999248,1231.542524213457,772.894974487293,7728.0664828372155,10303.024747266707,True,1,1
2378,bigshakeB2378 25-09-23 10-04-34.fits,2025-09-23 10:04:34,385.25713704639344,231.05178947410883,2.528304677534617,4.437290835434054,5.953702534604027,10.449021404912239,1218.3327848234487,756.0861234987406,7732.004361905863,10307.90484842536,True,1,1
2379,bigshakeB2379 25-09-23 10-04-34.fits,2025-09-23 10:04:34,385.6052884128232,233.23013544985048,2.608936566356338,4.290937081952498,6.143576122670122,10.104384652548351,1268.3152294831248,769.7253411403802,7729.213566242914,10305.650000678428,True,1,1
2380,bigshakeB2380 25-09-23 10-04-34.fits,2025-09-23 10:04:34,385.3096198192308,230.46706478286063,2.6262277194261006,4.362854165558352,6.184293676520498,10.273736442603584,1216.9808471650476,758.2366082498694,7728.483817953187,10304.060174590348,True,1,1
2381,bigshakeB2381 25-09-23 10-04-34.fits,2025-09-23 10:04:34,383.4833701952143,227.3245098754293,2.5734892625280557,4.193122530914121,6.060104101072981,9.874048987067479,1201.6027017280026,771.3273445017646,7728.204256535944,10303.531015004768,True,1,1
2382,bigshakeB2382 25-09-23 10-04-34.fits,2025-09-23 10:04:34,382.20852309845577,235.87608530331377,2.616206864226485,4.554814127543122,6.16069636582809,10.725767608928699,1184.8398526796484,743.4614642170186,7727.178106839736,10301.407776107226,True,1,1
2383,bigshakeB2383 25-09-23 10-04-34.fits,2025-09-23 10:04:34,384.95317566681604,227.58719288714752,2.5774388204908854,4.0803319488740675,6.069404599332864,9.608447463588853,1166.7683986718037,766.3897041106783,7729.563877418199,10305.459294943552,True,1,1
2384,bigshakeB2384 25-09-23 10-04-34.fits,2025-09-23 10:04:34,386.05999073505006,232.07643748643994,2.5813257143144788,4.289833674708424,6.078557534821568,10.101786327052174,1258.574071510023,762.1019639875768,7727.438268898042,10303.143965774281,True,1,1
2385,bigshakeB2385 25-09-23 10-04-34.fits,2025-09-23 10:04:34,385.55578390769256,225.41238734868176,2.6130325901779674,4.32755366097041,6.153221521670219,10.19061010680019,1228.0255368338362,757.3196260836265,7729.7633653905805,10305.993590791035,True,1,1
2386,bigshakeB2386 25-09-23 10-04-34.fits,2025-09-23 10:04:34,386.2331666016665,231.38129686988373,2.5892688605436014,4.463976770011248,6.097262214782519,10.511861978574998,1220.867578564216,729.0436214908151,7729.762751546769,10305.863217168675,True,1,1
2387,bigshakeB2387 25-09-23 10-04-34.fits,2025-09-23 10:04:34,384.4188198647466,230.26278486015383,2.7099884994306156,4.61836552467343,6.381535240262557,10.87541971278087,1185.2703221061488,716.0895535921419,7727.586776829616,10302.952439468478,True,1,1
2388,bigshakeB2388 25-09-23 10-04-34.fits,2025-09-23 10:04:34,381.79580749322463,234.79932536186442,2.6687098379880343,4.223522231228189,6.28433142086552,9.94563481072998,1184.950181684097,774.0132631435578,7736.812998383446,10315.193075410813,True,1,1
2389,bigshakeB2389 25-09-23 10-04-34.fits,2025-09-23 10:04:34,381.80316655457057,231.22231182938364,2.635213335366736,4.499839108117026,6.205453185054456,10.596311331208163,1228.08699455806,763.5666223260575,7729.048236006493,10304.35501741417,True,1,1
2390,bigshakeB2390 25-09-23 10-04-34.fits,2025-09-23 10:04:34,384.8601661259118,226.4407764857568,2.5877728956812227,4.221450285210176,6.093739486737927,9.94075575071454,1169.7447373124344,758.0754981113561,7731.8536744904995,10308.234048483006,True,1,1
2391,bigshakeB2391 25-09-23 10-04-34.fits,2025-09-23 10:04:34,384.73686714936827,226.95217361038175,2.6240339476650387,4.329023382516238,6.179127738803326,10.194071036556918,1209.494749534449,746.4450996817907,7726.602461362915,10301.83569960522,True,1,1
2392,bigshakeB2392 25-09-23 10-04-34.fits,2025-09-23 10:04:34,384.55605426606274,232.55237554237712,2.5298118552050344,4.473833298844659,5.9572516667937485,10.53507233024634,1235.3061078443222,733.4272506285679,7730.2633686553,10306.202443660732,True,1,1
2393,bigshakeB2393 25-09-23 10-04-34.fits,2025-09-23 10:04:34,384.5746953076953,237.48894756518422,2.633126672360553,5.1475538656431485,6.200539469180271,12.121563025693037,1362.4062906792642,746.3422714099798,7729.948048356756,10305.268630494997,True,1,1
2394,bigshakeB2394 25-09-23 10-04-34.fits,2025-09-23 10:04:34,383.29077861380136,230.80285757324893,2.6344319917140853,4.432591034012497,6.203613261359136,10.43795421831709,1242.902886185044,737.6613063447228,7727.666310842895,10303.579062420496,True,1,1
2395,bigshakeB2395 25-09-23 10-04-34.fits,2025-09-23 10:04:34,382.2276325527697,224.43618396170714,2.5924854659939522,4.365986474630772,6.10483674177396,10.281112466794552,1179.532810706725,743.0250056889373,7727.718636069207,10302.652926702744,True,1,1
2396,bigshakeB2396 25-09-23 10-04-34.fits,2025-09-23 10:04:34,382.5654287202533,231.6255780919348,2.6012375080945564,4.443227414415259,6.125446225947418,10.463000980096089,1217.4170225124026,741.7373007777513,7726.350050916015,10301.126846608702,True,1,1
2397,bigshakeB2397 25-09-23 10-04-35.fits,2025-09-23 10:04:35,385.8166744231705,238.6172317589562,2.5501923538189613,4.767173133131912,6.005244073457549,11.22583485203202,1324.7977356142787,745.710400042351,7730.463099697675,10306.362730171564,True,1,1
2398,bigshakeB2398 25-09-23 10-04-35.fits,2025-09-23 10:04:35,386.6226691140853,227.18066495405913,2.659607862694611,5.108196609902032,6.262897906995191,12.028883770956446,1321.8855246403527,706.9249945618242,7730.817897119548,10307.258926888448,True,1,1
2399,bigshakeB2399 25-09-23 10-04-35.fits,2025-09-23 10:04:35,383.5174782674872,226.33741253115602,2.5219408658479527,4.3931217952391135,5.938716903281468,10.345011263691415,1235.753726173037,741.3998327587424,7729.356403813201,10305.07450396049,True,1,1
2400,bigshakeB2400 25-09-23 10-04-35.fits,2025-09-23 10:04:35,383.4551064262897,224.49223391884692,2.5190871964733668,4.470617900538758,5.931997025436301,10.527500645862846,1202.7238746048333,707.7308995683809,7727.7351595201635,10302.945921051609,True,1,1
2401,bigshakeB2401 25-09-23 10-04-35.fits,2025-09-23 10:04:35,384.3314931404872,231.65484313844547,2.565715541122004,4.666520397729012,6.041798386081524,10.988815773118075,1281.0005139257662,735.1215667407808,7726.352355696734,10301.05231771484,True,1,1
2402,bigshakeB2402 25-09-23 10-04-35.fits,2025-09-23 10:04:35,384.474057160266,233.9444621391921,2.534856145000601,4.981165613241607,5.969130061517293,11.729748633680217,1330.7745329609656,714.5996137672305,7729.320837014122,10304.788664247724,True,1,1
2403,bigshakeB2403 25-09-23 10-04-35.fits,2025-09-23 10:04:35,382.88728577823866,231.82292625747996,2.5243892648215773,4.675605959948774,5.9444824422627915,11.010210637153547,1223.0431020316407,716.9170250697704,7732.845224104402,10309.078600193174,True,1,1
2404,bigshakeB2404 25-09-23 10-04-35.fits,2025-09-23 10:04:35,384.09139115693415,229.19773015895345,2.594390664520355,5.14126413939341,6.109323141453697,12.106751852242395,1359.6423940545587,715.0158648002953,7735.751578592363,10313.55920902434,True,1,1
2405,bigshakeB2405 25-09-23 10-04-35.fits,2025-09-23 10:04:35,385.2008154658979,227.3152664719374,2.56221872331356,4.73473739125477,6.033564009412379,11.149454516884276,1226.9551241963297,711.2477159949358,7727.188818801367,10301.749481091636,True,1,1
2406,bigshakeB2406 25-09-23 10-04-35.fits,2025-09-23 10:04:35,384.84693227709846,232.59946824277893,2.6004043233151393,5.0978736535288345,6.123484225727632,12.00457506636486,1313.6360643542369,706.1551451012422,7735.380305720669,10312.880030557102,True,1,1
2407,bigshakeB2407 25-09-23 10-04-35.fits,2025-09-23 10:04:35,382.973748325786,236.61865229734826,2.5294937151679218,4.66421373746116,5.956502504257229,10.98338400328226,1238.3069829604096,684.0471632258511,7727.339865619055,10302.815618264889,True,1,1
2408,bigshakeB2408 25-09-23 10-04-35.fits,2025-09-23 10:04:35,383.33525191909183,228.54977891862455,2.5726999386256226,5.1172694321469825,6.05824538532551,12.050248634643857,1325.392029105798,697.5821297811334,7730.885638580332,10307.012603481298,True,1,1
2409,bigshakeB2409 25-09-23 10-04-35.fits,2025-09-23 10:04:35,384.79753676252847,225.42687668834168,2.5963680464435677,4.9488485515815555,6.11397952004316,11.653647769086627,1238.0689015874311,685.4516570713802,7728.042948732883,10303.129217683856,True,1,1
2410,bigshakeB2410 25-09-23 10-04-35.fits,2025-09-23 10:04:35,385.63737660815485,228.68237115720973,2.537609856590101,5.020093514503133,5.975614556766482,11.821416835881843,1273.1016867832643,687.611769852721,7728.740621857597,10303.832149073838,True,1,1
2411,bigshakeB2411 25-09-23 10-04-35.fits,2025-09-23 10:04:35,382.6133076305952,236.7350872315935,2.4961411393433424,4.660290783786772,5.877963190152094,10.974146153334084,1238.1239703755025,729.3439499676803,7730.200288529968,10305.323090776235,True,1,1
2412,bigshakeB2412 25-09-23 10-04-35.fits,2025-09-23 10:04:35,383.5918955688622,233.4900793552366,2.5779491778253427,5.043292700574095,6.0706063990141725,11.876046744270148,1270.3731813749887,705.7719027189513,7729.312342086974,10304.264315647235,True,1,1
2413,bigshakeB2413 25-09-23 10-04-35.fits,2025-09-23 10:04:35,384.77415929479315,229.28527481817457,2.5652345363289024,5.035167394095666,6.040665706352972,11.856913109702724,1289.803289600867,729.3735413891326,7728.9553898630875,10303.373672621656,True,1,1
2414,bigshakeB2414 25-09-23 10-04-35.fits,2025-09-23 10:04:35,385.01110062723905,227.46964738210065,2.5357782590244615,4.775462214952227,5.971301474104485,11.2453541480574,1267.0138740122736,688.4653120056204,7731.05396664209,10307.680953633577,True,1,1
2415,bigshakeB2415 25-09-23 10-04-35.fits,2025-09-23 10:04:35,385.88178380547896,234.1192540678839,2.5614905472758758,4.972448700953754,6.0318492858825286,11.709221873894004,1259.4573592925808,695.8838270531007,7729.144369219086,10304.303016568083,True,1,1
2416,bigshakeB2416 25-09-23 10-04-35.fits,2025-09-23 10:04:35,385.9027138073243,231.7361545968875,2.5643173354229805,5.025501639721517,6.038505863274387,11.834151997552132,1219.986833664713,682.1010702649016,7728.459656902267,10303.049018373706,True,1,1
2417,bigshakeB2417 25-09-23 10-04-35.fits,2025-09-23 10:04:35,384.20981380458113,234.6566175010694,2.5047866552831026,4.834464152433528,5.898321824386676,11.38429309313403,1225.666929031832,690.7906592523929,7728.844633673781,10303.718453122472,True,1,1
2418,bigshakeB2418 25-09-23 10-04-35.fits,2025-09-23 10:04:35,384.6119378231598,228.06699609379874,2.5628577694513544,5.41895129132901,6.035068848067357,12.760655123867899,1342.905155087057,667.0555614432478,7730.043750558735,10305.821221890434,True,1,1
2419,bigshakeB2419 25-09-23 10-04-35.fits,2025-09-23 10:04:35,386.3698273495948,229.11893282690278,2.5445302266292384,5.271548309925349,5.991910782853675,12.413547628561235,1271.8177421556886,656.444477436264,7728.092348436775,10302.951804284312,True,1,1
2420,bigshakeB2420 25-09-23 10-04-35.fits,2025-09-23 10:04:35,386.07068867303553,228.26915676744224,2.5498889745960978,5.30610776966977,6.004529669982304,12.494928937112837,1329.690296142928,680.0678235868205,7727.742374775309,10302.518330993558,True,1,1
2421,bigshakeB2421 25-09-23 10-04-35.fits,2025-09-23 10:04:35,383.13701911361255,236.58026107651733,2.5369800469355304,5.2084926808502825,5.974131468367346,12.265062969263232,1243.2714025593448,660.7681387531422,7731.013603973476,10306.517027197071,True,1,1
2422,bigshakeB2422 25-09-23 10-04-35.fits,2025-09-23 10:04:35,384.3645822685631,232.2887161059029,2.5998491716076835,5.501408128903533,6.122176943358881,12.954826137838248,1320.775568552635,679.2846381141346,7729.158900853845,10303.961822743291,True,1,1
2423,bigshakeB2423 25-09-23 10-04-35.fits,2025-09-23 10:04:35,387.0413123246738,229.60587340312696,2.567799275187739,4.992676467325293,6.046705204828031,11.756854623611906,1282.3048171967573,680.5411274423777,7731.386596282709,10307.967030807411,True,1,1
2424,bigshakeB2424 25-09-23 10-04-35.fits,2025-09-23 10:04:35,387.59096783511717,226.33143346460147,2.6242369922419413,4.9028549713685905,6.179605872243052,11.545341164458398,1208.9058894083532,663.0440078390315,7727.888801884378,10303.442565045134,True,1,1
2425,bigshakeB2425 25-09-23 10-04-35.fits,2025-09-23 10:04:35,385.2003358919412,232.66952243914238,2.601908031964112,4.601156119821006,6.127025188996119,10.83489466127133,1144.043574338839,664.919493397728,7728.6648894181935,10304.454636406326,True,1,1
2426,bigshakeB2426 25-09-23 10-04-35.fits,2025-09-23 10:04:35,384.19210760654613,226.57512712972047,2.4843631364378735,5.289796545411538,5.850228112819864,12.456518939270559,1318.3460451462242,683.0449246062421,7729.133070238013,10303.746102535444,True,1,1
2427,bigshakeB2427 25-09-23 10-04-35.fits,2025-09-23 10:04:35,384.3793688869451,231.89848629009532,2.5626162216050594,5.110219394849957,6.034500046357067,12.033647065498606,1263.134836560133,666.4573279464197,7730.205031537984,10306.058474763331,True,1,1
2428,bigshakeB2428 25-09-23 10-04-35.fits,2025-09-23 10:04:35,386.338744823251,219.60921688948523,2.5276813234063873,5.006228669368055,5.952234647807718,11.788767620636513,1268.6988091573512,689.5643417678975,7729.738403589556,10305.037138498094,True,1,1
2429,bigshakeB2429 25-09-23 10-04-35.fits,2025-09-23 10:04:35,383.2557416976071,234.19697556976584,2.5444163915507843,5.195150952175145,5.991642721729104,12.233645599143655,1247.8687469441147,658.3784310503058,7730.930016161584,10306.625813499279,True,1,1
2430,bigshakeB2430 25-09-23 10-04-35.fits,2025-09-23 10:04:35,381.461349588469,227.9265119076991,2.568789014014136,5.386459582354717,6.049035861655775,12.684142996277922,1313.8865770778286,685.5581314456151,7728.117008459829,10302.497282598986,True,1,1
2431,bigshakeB2431 25-09-23 10-04-35.fits,2025-09-23 10:04:35,379.02733696904215,230.29738975841303,2.5701207549732534,5.364581020986966,6.052171871961094,12.632622921412704,1322.688920907974,681.3920918884425,7728.0731121202225,10302.761069590824,True,1,1
2432,bigshakeB2432 25-09-23 10-04-35.fits,2025-09-23 10:04:35,379.4036935412875,227.43610279363733,2.623414944763032,5.129637778295471,6.177670098361749,12.079373864078201,1202.8915051271608,659.0920276710598,7730.6794912248215,10306.396525067103,True,1,1
2433,bigshakeB2433 25-09-23 10-04-35.fits,2025-09-23 10:04:35,382.35110189430264,227.71493564684724,2.7391616635861578,5.410448357142106,6.450232791993006,12.740632244002999,1199.2582763862706,678.7045581225667,7728.45909473155,10302.590459242308,True,1,1
2434,bigshakeB2434 25-09-23 10-04-35.fits,2025-09-23 10:04:35,385.094311929745,229.5692771932375,2.6961694127976954,5.452365184047937,6.348993778055338,12.839338828224944,1293.5170556394778,687.0387630953126,7727.3625481539,10301.800427070362,True,1,1
2435,bigshakeB2435 25-09-23 10-04-35.fits,2025-09-23 10:04:35,386.911908552543,231.28410466176115,2.582623538241766,5.707600275144986,6.081613676620465,13.440371536935576,1266.2118738131685,657.1374321423517,7730.457739190994,10304.767593762059,True,1,1
2436,bigshakeB2436 25-09-23 10-04-35.fits,2025-09-23 10:04:35,383.8843368530348,238.01099392457448,2.527820678406836,5.183203441062499,5.952562803756151,12.205511360487366,1286.9976749787838,650.0115069405559,7737.751856093089,10316.397528548,True,1,1
2437,bigshakeB2437 25-09-23 10-04-35.fits,2025-09-23 10:04:35,381.98769069355683,224.47932729512436,2.5140203618818777,5.08870433747617,5.920065541775407,11.98298297712482,1230.113631669178,657.047621180249,7727.8299610352215,10302.462573998191,True,1,1
2438,bigshakeB2438 25-09-23 10-04-35.fits,2025-09-23 10:04:35,381.05003892162193,224.7087860125291,2.521004188538909,6.061140134277954,5.936511196778405,14.272894283939307,1463.9012947225062,659.3085601199656,7731.0566954762435,10306.479392509587,True,1,1
2439,bigshakeB2439 25-09-23 10-04-35.fits,2025-09-23 10:04:35,383.37764037098435,227.36915205195947,2.6238910956194665,5.5700847941578555,6.178791347942939,13.116547325805007,1217.7188027895872,647.1491860830936,7728.467059035786,10302.48420336691,True,1,1
2440,bigshakeB2440 25-09-23 10-04-35.fits,2025-09-23 10:04:35,384.09981042809557,233.61469972207817,2.567066615217938,5.585951796602597,6.044979922444951,13.15391126121644,1328.5744184420973,693.3713925224398,7727.509447534217,10300.930166314698,True,1,1
2441,bigshakeB2441 25-09-23 10-04-35.fits,2025-09-23 10:04:35,384.83837862973644,229.0349273157494,2.581701951073978,5.194832813803492,6.079443504684515,12.232896440528993,1279.228801025679,675.8477228690159,7730.086938772511,10305.694664302113,True,1,1
2442,bigshakeB2442 25-09-23 10-04-35.fits,2025-09-23 10:04:35,383.5441755973871,229.22003930823337,2.5503224201415984,5.773158951055484,6.005550356241279,13.594750421095302,1342.002726290166,683.7363826808511,7732.660883383461,10307.474039672503,True,1,1
2443,bigshakeB2443 25-09-23 10-04-35.fits,2025-09-23 10:04:35,383.03723868235227,230.4091878561986,2.581784327274022,4.998680191578245,6.079637485811611,11.770992313827598,1148.4392286243435,653.9182419543512,7730.198110960635,10305.344819925866,True,1,1
2444,bigshakeB2444 25-09-23 10-04-35.fits,2025-09-23 10:04:35,381.70447657461995,224.904793240233,2.5021693280827724,5.744656682746554,5.892158489830934,13.527632708352586,1362.446175767249,639.5400276146728,7731.068322122946,10306.707923742895,True,1,1
2445,bigshakeB2445 25-09-23 10-04-35.fits,2025-09-23 10:04:35,382.4213490100244,229.11501157972035,2.551241359781809,5.088500899351492,6.007714293726219,11.982503916950906,1235.6600137098528,684.174626737611,7735.829589452139,10312.721596164341,True,1,1
2446,bigshakeB2446 25-09-23 10-04-35.fits,2025-09-23 10:04:35,383.76120671390305,230.9961358931875,2.6592262350197133,5.1947559950468705,6.261999242496604,12.232715546181065,1192.6768557967414,668.2501629334141,7731.101537214192,10306.569790166419,True,1,1
2447,bigshakeB2447 25-09-23 10-04-35.fits,2025-09-23 10:04:35,383.7415722216179,228.88571621263927,2.6085406906572857,5.2378002180363215,6.142643906638653,12.334076945299406,1236.6304052758435,650.6073326041666,7728.15018230965,10303.250071701832,True,1,1
2448,bigshakeB2448 25-09-23 10-04-35.fits,2025-09-23 10:04:35,382.209267025462,229.0456268335168,2.581979228138433,4.883801628983644,6.080096442273921,11.500473971885487,1224.5523719434948,667.8590106260184,7728.719720246605,10304.43781938712,True,1,1
2449,bigshakeB2449 25-09-23 10-04-35.fits,2025-09-23 10:04:35,381.05848616443166,230.40438217475852,2.4932413257227544,5.21917466767199,5.87113465091148,12.290217125951747,1305.9518223859511,668.3050600464319,7729.369195863687,10304.614330152483,True,1,1
2450,bigshakeB2450 25-09-23 10-04-36.fits,2025-09-23 10:04:36,380.8488265673036,227.1948137717511,2.5617203905012476,5.022577608016161,6.032390525316849,11.827266429080055,1273.515354046084,666.9144799546623,7728.372500555502,10304.041090417231,True,1,1
2451,bigshakeB2451 25-09-23 10-04-36.fits,2025-09-23 10:04:36,381.1169936075152,232.1958177590996,2.51164627849062,5.873018084820126,5.914475002617099,13.82990071096371,1385.9008287978652,655.8548226236405,7730.422962561163,10305.293439193016,True,1,1
2452,bigshakeB2452 25-09-23 10-04-36.fits,2025-09-23 10:04:36,383.5282388818375,226.67441662555072,2.521974892023401,4.936347679953144,5.938797028801469,11.624210465995684,1224.2910545808445,676.6828247248509,7728.366337627067,10303.168760558472,True,1,1
2453,bigshakeB2453 25-09-23 10-04-36.fits,2025-09-23 10:04:36,383.24618690087044,226.78141079693177,2.5870950129098054,4.884881824366773,6.092143194799612,11.50301763762623,1218.581535784268,682.3376356466697,7728.2353722775515,10303.370958864198,True,1,1
2454,bigshakeB2454 25-09-23 10-04-36.fits,2025-09-23 10:04:36,381.9167732367856,237.13463921794386,2.5665491404430067,4.894281273440699,6.043761362472146,11.525151648717758,1169.2602280005804,663.6231674175734,7730.007342507555,10305.386615701642,True,1,1
2455,bigshakeB2455 25-09-23 10-04-36.fits,2025-09-23 10:04:36,380.8194121205203,228.70922095124666,2.5517910410492846,5.611765068404067,6.009008694193249,13.214696871082374,1274.3334547430018,662.3251044167473,7729.80603785456,10303.979857772994,True,1,1
2456,bigshakeB2456 25-09-23 10-04-36.fits,2025-09-23 10:04:36,382.41268167573907,227.82973132487066,2.5584517894715075,5.152532356805012,6.0246935580928085,12.133286476475002,1202.4960490828328,668.1417088511433,7729.547324225864,10304.151306086163,True,1,1
2457,bigshakeB2457 25-09-23 10-04-36.fits,2025-09-23 10:04:36,385.1917560316617,233.76181162559016,2.612006650519794,5.361888012598705,6.15080561839816,12.626281371278589,1290.1560438787492,665.6395202000539,7728.631129664919,10303.801316071525,True,1,1
2458,bigshakeB2458 25-09-23 10-04-36.fits,2025-09-23 10:04:36,386.3987467261896,229.3130990577332,2.575323487751897,4.876872080754416,6.064423371397184,11.484156132812293,1190.8624959148851,671.6505491784535,7737.13364319129,10315.088342086272,True,1,1
2459,bigshakeB2459 25-09-23 10-04-36.fits,2025-09-23 10:04:36,385.1560233921339,230.12228591989913,2.5835424624766956,5.2051790679645595,6.083777577828742,12.25726000721846,1240.5642879310699,677.5250189198167,7728.873640243102,10303.485472608565,True,1,1
2460,bigshakeB2460 25-09-23 10-04-36.fits,2025-09-23 10:04:36,383.206588948448,230.12035993725095,2.586008867452396,5.176973343815442,6.089585517704686,12.190840602607503,1300.78173007338,702.5494998085761,7727.670501358723,10302.133734065781,True,1,1
2461,bigshakeB2461 25-09-23 10-04-36.fits,2025-09-23 10:04:36,383.0278064190095,232.5123453276343,2.676896775462489,5.232854156769563,6.3036101853377815,12.322429861084494,1246.1118500448888,700.4042712280416,7727.933762490722,10302.191506492134,True,1,1
2462,bigshakeB2462 25-09-23 10-04-36.fits,2025-09-23 10:04:36,383.9890478067038,222.4449029935674,2.6373523710838223,5.1173762491749235,6.210490229238087,12.050500169522405,1236.1087544180962,670.378671421275,7729.0957118398255,10304.570440514912,True,1,1
2463,bigshakeB2463 25-09-23 10-04-36.fits,2025-09-23 10:04:36,385.865154830523,230.72484068313352,2.6101017892457947,4.902400058120522,6.146320012887144,11.544269925623096,1171.2616092597586,670.127056679795,7729.137432136668,10304.3253068387,True,1,1
2464,bigshakeB2464 25-09-23 10-04-36.fits,2025-09-23 10:04:36,384.46340581435794,236.83440409928232,2.5726410937823094,5.54469367737371,6.058106816308928,13.056755815035979,1407.6842932529337,698.3998204857279,7731.834890270703,10307.802708143161,True,1,1
2465,bigshakeB2465 25-09-23 10-04-36.fits,2025-09-23 10:04:36,384.3030698271007,231.85965257669656,2.6316286269581184,5.224318453152584,6.197011841838251,12.302329815108788,1267.1302469881198,697.5011572529785,7730.459932293154,10305.664429917282,True,1,1
2466,bigshakeB2466 25-09-23 10-04-36.fits,2025-09-23 10:04:36,383.4948574685037,222.45704003383958,2.637398260758398,5.064165849786936,6.210598291163638,11.925199254439468,1188.175583473491,672.6673940074155,7727.693747631466,10302.167026403553,True,1,1
2467,bigshakeB2467 25-09-23 10-04-36.fits,2025-09-23 10:04:36,382.1534425783027,231.50903313925198,2.5965785796036216,4.937192534394265,6.114475287748599,11.626199946168772,1188.4206649549183,663.7119207078089,7730.484339344198,10306.314783609218,True,1,1
2468,bigshakeB2468 25-09-23 10-04-36.fits,2025-09-23 10:04:36,385.18273005573116,234.98981104945972,2.532960139248936,4.7842565449833305,5.9646653091677795,11.26606321269726,1166.7573795488224,676.2690501318561,7730.879744206622,10306.376964606756,True,1,1
2469,bigshakeB2469 25-09-23 10-04-36.fits,2025-09-23 10:04:36,385.3867828741685,233.76124900613536,2.630519859011792,4.899019307339434,6.194400892852954,11.536308865916537,1235.7788041563138,676.9519267244199,7729.0759398183645,10305.091701225716,True,1,1
2470,bigshakeB2470 25-09-23 10-04-36.fits,2025-09-23 10:04:36,383.50753412520567,225.98914397573594,2.6198061797753964,5.2756414158435785,6.169172106231058,12.423186156423917,1311.393132129239,687.6568974322219,7727.680059920577,10302.56953274666,True,1,1
2471,bigshakeB2471 25-09-23 10-04-36.fits,2025-09-23 10:04:36,384.3931623787882,229.97459580954697,2.5968710577985696,5.362039030436671,6.115164021264797,12.62663699111059,1266.811820530431,690.9200828939969,7727.680980110058,10301.4074850715,True,1,1
2472,bigshakeB2472 25-09-23 10-04-36.fits,2025-09-23 10:04:36,386.24120170982474,227.6630181689543,2.7094257789102074,5.058843991825052,6.38021013470135,11.912667236634016,1171.10320896558,660.7648738486773,7730.566289547304,10306.535578319716,True,1,1
2473,bigshakeB2473 25-09-23 10-04-36.fits,2025-09-23 10:04:36,383.9931552937325,238.730569241878,2.627181756308962,5.120376398557945,6.186540261695958,12.05756498142763,1232.2220905898262,692.7561523601897,7731.314631224011,10306.801161951824,True,1,1
2474,bigshakeB2474 25-09-23 10-04-36.fits,2025-09-23 10:04:36,382.2658415407072,231.9903742462397,2.653748259590726,4.605476389199066,6.249099596150237,10.845068118202718,1140.0326255917143,711.9777696645469,7729.368043897188,10304.499528935463,True,1,1
2475,bigshakeB2475 25-09-23 10-04-36.fits,2025-09-23 10:04:36,384.134619181332,225.5001707660247,2.562685296832992,5.005003907530875,6.034662706088418,11.785883526911931,1320.670874122872,736.3225913605901,7729.258448853522,10304.1069358729,True,1,1
2476,bigshakeB2476 25-09-23 10-04-36.fits,2025-09-23 10:04:36,385.4206224745114,226.70240628524425,2.6318422796996597,5.2228250305446275,6.197514955596709,12.29881307361587,1349.8087762558494,748.7341301200319,7728.391005693877,10302.651691024126,True,1,1
2477,bigshakeB2477 25-09-23 10-04-36.fits,2025-09-23 10:04:36,385.2451302758341,231.70874971792585,2.6406432839074365,4.719801492583169,6.218239736721584,11.11428316330184,1189.9695179262314,708.6343013377106,7730.114780520299,10305.763120629268,True,1,1
2478,bigshakeB2478 25-09-23 10-04-36.fits,2025-09-23 10:04:36,383.9384732683004,230.55831544697617,2.666581185512268,4.770303282696194,6.279318827346682,11.233205790969937,1218.8689574773,706.7607466465251,7730.196756439386,10306.295823420967,True,1,1
2479,bigshakeB2479 25-09-23 10-04-36.fits,2025-09-23 10:04:36,384.70250919666336,225.34446633571955,2.6374995481023333,4.87267146531532,6.2108368046314455,11.474264439374844,1244.795446003874,731.4627816013023,7730.502140361169,10305.868606439413,True,1,1
2480,bigshakeB2480 25-09-23 10-04-36.fits,2025-09-23 10:04:36,386.25238280595215,227.99684179205914,2.647727146773584,5.303816795675866,6.234920958995039,12.489534105629348,1304.36033507478,693.8978650069272,7728.437707787564,10303.399662574788,True,1,1
2481,bigshakeB2481 25-09-23 10-04-36.fits,2025-09-23 10:04:36,385.1602860631925,234.6763318761479,2.6196230030424568,4.995026171138938,6.168740757988549,11.762387753252163,1210.3759467102425,718.5127575050766,7729.683065404262,10304.059866913225,True,1,1
2482,bigshakeB2482 25-09-23 10-04-36.fits,2025-09-23 10:04:36,382.91913938478183,224.2017441207451,2.6068102862513123,4.691738172896106,6.138569115657457,11.048199095572633,1221.5146764661538,723.9671673587535,7731.597267672922,10307.687135389635,True,1,1
2483,bigshakeB2483 25-09-23 10-04-36.fits,2025-09-23 10:04:36,382.39886724269184,226.90807665636606,2.6884249117366092,5.354586304781433,6.330756871717928,12.60908716334752,1303.9534064042693,709.4996271435137,7728.051268739968,10302.535679598763,True,1,1
2484,bigshakeB2484 25-09-23 10-04-36.fits,2025-09-23 10:04:36,383.822107172264,230.41989849690074,2.745140783710508,4.605136485607975,6.464312543913475,10.84426770641304,1253.3913126655302,734.9123611456516,7733.723991926014,10311.926329446822,True,1,1
2485,bigshakeB2485 25-09-23 10-04-36.fits,2025-09-23 10:04:36,381.27747195233076,235.454739202789,2.6899718591784207,5.017578609014142,6.334399654562516,11.815494686025009,1273.4887137757432,737.5834449502555,7729.595581017773,10304.690129665703,True,1,1
2486,bigshakeB2486 25-09-23 10-04-36.fits,2025-09-23 10:04:36,380.97428732802723,234.09820868803905,2.694621439363734,4.995788749832358,6.345348579183869,11.764183488845344,1249.9003236584317,722.6323358301427,7729.257274053482,10304.412031059686,True,1,1
2487,bigshakeB2487 25-09-23 10-04-36.fits,2025-09-23 10:04:36,383.0289172822093,225.4260131965603,2.7799857948595106,4.854433964019758,6.546366274636473,11.431318405752775,1199.8350980653,700.6793148041099,7735.103249849494,10313.126981074573,True,1,1
2488,bigshakeB2488 25-09-23 10-04-36.fits,2025-09-23 10:04:36,386.0264778758241,230.73874275727584,2.7717850719941497,4.37908640990122,6.527055048049377,10.311960456958008,1105.4882723184878,709.8490045788141,7729.484765741208,10305.748272396228,True,1,1
2489,bigshakeB2489 25-09-23 10-04-36.fits,2025-09-23 10:04:36,386.8266325862222,237.5735788808127,2.586128901717751,5.22379172343269,6.089868176798834,12.301089461406068,1317.0185509105413,718.5170580837432,7731.097617006024,10306.315964351035,True,1,1
2490,bigshakeB2490 25-09-23 10-04-36.fits,2025-09-23 10:04:36,384.1554034420023,228.63096961599348,2.5921021167107092,4.73536792206922,6.103934023197532,11.150939303485154,1265.3142322787958,727.5114864027595,7729.71515809145,10305.42412286022,True,1,1
2491,bigshakeB2491 25-09-23 10-04-36.fits,2025-09-23 10:04:36,381.8421367567953,225.8316471727631,2.5393871426807353,4.228589109945587,5.979799745678463,9.95756639829945,1174.4707411788354,769.3810776878489,7729.351784135287,10304.387384325828,True,1,1
2492,bigshakeB2492 25-09-23 10-04-36.fits,2025-09-23 10:04:36,380.2264096928836,228.52751468771964,2.5786444101444457,4.464689464573114,6.072243546015149,10.513540246015266,1205.8754139879643,711.5083754113165,7729.124342940413,10305.148509018529,True,1,1
2493,bigshakeB2493 25-09-23 10-04-36.fits,2025-09-23 10:04:36,381.93274426101993,234.75582515583724,2.5903539065932333,5.010426040112941,6.099817302969973,11.798651673402997,1362.2143462049635,738.7191732997422,7728.114169097597,10303.250463179109,True,1,1
2494,bigshakeB2494 25-09-23 10-04-36.fits,2025-09-23 10:04:36,384.1408609068322,231.37157285974453,2.585311651735313,4.684325184387656,6.087943700158388,11.030742841639348,1225.9734350030017,741.4681919000878,7729.8268484594455,10304.849547597601,True,1,1
2495,bigshakeB2495 25-09-23 10-04-36.fits,2025-09-23 10:04:36,383.2427923346433,229.08105759857492,2.672478087933634,4.262890494860705,6.293204971372106,10.038339987069891,1170.4336037884357,751.8256047962238,7730.55839317987,10307.009127386618,True,1,1
2496,bigshakeB2496 25-09-23 10-04-36.fits,2025-09-23 10:04:36,381.8661579864674,226.1578871407257,2.615051546296955,4.917334226728261,6.1579758000092495,11.579437205216474,1271.1140231664867,736.0608527665281,7728.337337024032,10302.907012879934,True,1,1
2497,bigshakeB2497 25-09-23 10-04-36.fits,2025-09-23 10:04:36,383.1066496640264,233.1143035035996,2.6118425123493485,5.020954103108937,6.150419102544241,11.823443367181317,1357.4417614804981,747.9634267355162,7736.467093285021,10314.192463519506,True,1,1
2498,bigshakeB2498 25-09-23 10-04-36.fits,2025-09-23 10:04:36,384.4917043423733,228.54397385177273,2.590421177999622,4.65889846645207,6.099975715026194,10.970867496565283,1276.965007352802,757.6288779515858,7729.575596069086,10304.942320891367,True,1,1
2499,bigshakeB2499 25-09-23 10-04-36.fits,2025-09-23 10:04:36,383.92562961259165,235.94407228199466,2.6480362210563846,4.322647966564604,6.23564877331158,10.179058079278603,1120.6638371610188,707.2427770555014,7730.9944283220475,10307.524650855386,True,1,1
2500,bigshakeB2500 25-09-23 10-04-36.fits,2025-09-23 10:04:36,382.5424434872478,232.97145853984017,2.571731807142854,4.649800437907747,6.0559656099036605,10.94944327657885,1307.2399421747564,789.1363310515663,7729.704750392295,10304.667421982029,True,1,1
2501,bigshakeB2501 25-09-23 10-04-37.fits,2025-09-23 10:04:37,384.67572010217043,233.26540184393048,2.5862053262111404,4.8931527672632615,6.090048142727799,11.522494219750188,1307.2169723017835,745.336741100083,7728.898066940073,10303.806687563645,True,1,1
2502,bigshakeB2502 25-09-23 10-04-37.fits,2025-09-23 10:04:37,386.86120656479306,222.80607658980983,2.5893355832146354,4.510550631991835,6.0974193346657275,10.62153504234139,1263.3870461596457,758.4703300754251,7728.767162688182,10304.24068087108,True,1,1
2503,bigshakeB2503 25-09-23 10-04-37.fits,2025-09-23 10:04:37,386.7659270641505,224.7765765416445,2.5933241604957358,4.508331278944578,6.1068117163984175,10.616308865298707,1237.3737766563972,748.0680611014456,7729.839769029064,10305.598540189676,True,1,1
2504,bigshakeB2504 25-09-23 10-04-37.fits,2025-09-23 10:04:37,386.7293459720388,231.88685124723827,2.563685077238451,4.436482219630683,6.037017009027823,10.447117260209732,1251.7000221678782,764.4397140436654,7729.2129975480475,10304.66450566103,True,1,1
2505,bigshakeB2505 25-09-23 10-04-37.fits,2025-09-23 10:04:37,383.6058269293091,239.53101738874904,2.642702565235392,4.437899028171095,6.223088973671011,10.450453589360663,1219.1444004471314,753.1451369135949,7733.718835465947,10310.995605407621,True,1,1
2506,bigshakeB2506 25-09-23 10-04-37.fits,2025-09-23 10:04:37,380.22002088665926,228.31308438166272,2.682336899643772,4.447370044531792,6.316420698807325,10.47275612853365,1263.6378754550408,755.8957949387664,7729.6184018638805,10306.302805457044,True,1,1
2507,bigshakeB2507 25-09-23 10-04-37.fits,2025-09-23 10:04:37,379.98303282770036,221.6132893302761,2.620311532405098,4.8325988256038395,6.170362120733288,11.379900584124947,1335.1000556239117,753.6881035019552,7728.473229074827,10303.879536266053,True,1,1
2508,bigshakeB2508 25-09-23 10-04-37.fits,2025-09-23 10:04:37,381.74105701343325,224.12745979207205,2.6031442289589757,4.89264383797386,6.129936210459231,11.521295782858001,1356.6180295053252,751.7942726017965,7729.271736632372,10304.929094652443,True,1,1
2509,bigshakeB2509 25-09-23 10-04-37.fits,2025-09-23 10:04:37,384.0511188644843,234.66772472485246,2.5879040778766353,4.105523197404384,6.094048397201236,9.667768320587399,1177.2892904153723,763.0614134702817,7730.776603389004,10307.252748602494,True,1,1
2510,bigshakeB2510 25-09-23 10-04-37.fits,2025-09-23 10:04:37,383.3045395510337,236.22620384795826,2.635253816494313,4.262743971240558,6.205548510825119,10.037994950312099,1243.7300281928024,765.8504137042457,7731.7600230885455,10309.080834560942,True,1,1
2511,bigshakeB2511 25-09-23 10-04-37.fits,2025-09-23 10:04:37,383.41883263146497,230.4738500473563,2.6173365110366533,4.613984867760423,6.16335648078048,10.865104054071718,1322.4573356935603,766.804654383384,7729.380887148689,10305.440596496059,True,1,1
2512,bigshakeB2512 25-09-23 10-04-37.fits,2025-09-23 10:04:37,385.57608163692066,223.7432333407469,2.6181290892170166,4.61213508193235,6.165222859766853,10.860748141324757,1300.2729431873427,764.9933584047858,7730.177702247824,10306.256212515744,True,1,1
2513,bigshakeB2513 25-09-23 10-04-37.fits,2025-09-23 10:04:37,383.1177374214691,232.48003830650552,2.5738101810452063,4.1380837728997575,6.060859806429988,9.744442616441647,1157.9613140076804,767.5699696210141,7728.698927693739,10303.90890568379,True,1,1
2514,bigshakeB2514 25-09-23 10-04-37.fits,2025-09-23 10:04:37,382.5907982358076,232.14885800349845,2.58179122406224,4.698084624400307,6.079653726506753,11.063143846789542,1291.5188330935878,776.6562046228386,7735.0387788978,10311.743381955972,True,1,1
2515,bigshakeB2515 25-09-23 10-04-37.fits,2025-09-23 10:04:37,384.3822694873739,224.61117426045607,2.643007353157522,4.778974934212234,6.223806694379527,11.25362596978343,1314.459945296588,795.2263301843551,7734.380709809778,10310.803944536987,True,1,1
2516,bigshakeB2516 25-09-23 10-04-37.fits,2025-09-23 10:04:37,386.31009213117267,227.10935190661215,2.6448033848648387,4.640715384721676,6.228036025845427,10.928049611226117,1277.9709510039238,781.7302082168721,7727.936940325633,10302.621844828083,True,1,1
2517,bigshakeB2517 25-09-23 10-04-37.fits,2025-09-23 10:04:37,383.768044397697,233.2419333259278,2.6021245574503244,4.1293556327215,6.127535067551312,9.723889416994048,1123.8091998217753,775.3636304914495,7728.720137813776,10303.51124472877,True,1,1
2518,bigshakeB2518 25-09-23 10-04-37.fits,2025-09-23 10:04:37,381.1142627885416,241.02269577248728,2.5954376762786335,4.990666268303944,6.111788665729474,11.752120966661934,1336.3315196643564,743.2362346733855,7728.928277793051,10303.979800203198,True,1,1
2519,bigshakeB2519 25-09-23 10-04-37.fits,2025-09-23 10:04:37,382.6865649905113,225.11507793330364,2.6042463191985123,4.496327102438529,6.132531434646725,10.588041189838174,1313.9820277463066,773.2202580771898,7730.027322406031,10306.417349570842,True,1,1
2520,bigshakeB2520 25-09-23 10-04-37.fits,2025-09-23 10:04:37,386.68523415428047,228.29110456423243,2.6197646649070747,4.606129227679785,6.169074346186967,10.846605435343283,1339.5100557741403,782.9783613930014,7729.280839485067,10305.199679880787,True,1,1
2521,bigshakeB2521 25-09-23 10-04-37.fits,2025-09-23 10:04:37,388.0825467109959,223.21070409515985,2.6055264106934857,4.15145421482875,6.135545819758562,9.775927601106961,1195.1235764951434,801.8125843748766,7734.724288963133,10311.844199912372,True,1,1
2522,bigshakeB2522 25-09-23 10-04-37.fits,2025-09-23 10:04:37,385.37013503322953,237.99424315816862,2.649443721515499,4.684978116737954,6.238963183606094,11.03228037982588,1339.4732482661457,785.1252252787974,7728.13801518426,10303.508089594698,True,1,1
2523,bigshakeB2523 25-09-23 10-04-37.fits,2025-09-23 10:04:37,383.27600558780074,229.30668083676332,2.56332431290291,3.9391346304745682,6.036167473938957,9.275953187917095,1192.0852653906568,823.7417897490479,7729.300770488788,10304.746703854702,True,1,1
2524,bigshakeB2524 25-09-23 10-04-37.fits,2025-09-23 10:04:37,380.3486472315564,228.76687753883238,2.5904103957731897,4.411017623955795,6.099950324823261,10.387152719875896,1331.3379548254734,842.594725423752,7730.236502805528,10305.582529648214,True,1,1
2525,bigshakeB2525 25-09-23 10-04-37.fits,2025-09-23 10:04:37,379.35105139658367,226.71007783937998,2.6076942605318116,4.404501195620223,6.140650716012469,10.371807703809283,1263.6670160951264,788.6757392569691,7729.3937735417985,10304.926389826704,True,1,1
2526,bigshakeB2526 25-09-23 10-04-37.fits,2025-09-23 10:04:37,380.6866963631643,229.409258604371,2.6552906765587103,4.7039251095878285,6.252731710544242,11.076897138381824,1346.0352037898124,802.8423856226954,7726.8094108870355,10301.355608560074,True,1,1
2527,bigshakeB2527 25-09-23 10-04-37.fits,2025-09-23 10:04:37,382.34447893441614,229.49417910128142,2.648201943511473,4.13137580154012,6.236039019870735,9.728646551022479,1267.5044208137338,803.773725753697,7734.803487977697,10313.258877593524,True,1,1
2528,bigshakeB2528 25-09-23 10-04-37.fits,2025-09-23 10:04:37,384.3537111360668,238.63792231700236,2.7328301717216714,4.429460501717508,6.435323268035563,10.430582378117235,1262.8264925647584,813.2503966371656,7729.411561521776,10305.092649901953,True,1,1
2529,bigshakeB2529 25-09-23 10-04-37.fits,2025-09-23 10:04:37,384.75980848534425,227.7359011880408,2.643839773595606,4.091068793382779,6.22576689471302,9.633730800258347,1159.4738885046822,778.3100684266902,7730.207848924265,10306.324155617725,True,1,1
2530,bigshakeB2530 25-09-23 10-04-37.fits,2025-09-23 10:04:37,383.2995907936833,226.68799675326048,2.611895488184008,4.195472068634842,6.150543851101599,9.879581725588789,1262.6719905583905,811.188746574915,7730.847221842376,10307.246130292808,True,1,1
2531,bigshakeB2531 25-09-23 10-04-37.fits,2025-09-23 10:04:37,382.85476336072105,231.94208242787542,2.640334202746858,4.18854957778566,6.217511906209112,9.863280505375592,1312.8181991957092,857.9412310105993,7728.647386825993,10304.198661766717,True,1,1
2532,bigshakeB2532 25-09-23 10-04-37.fits,2025-09-23 10:04:37,382.43733639136127,234.80649435448916,2.5863181336238865,4.431274701165963,6.090313783884561,10.434854491344138,1318.9596027866914,802.7601040658777,7731.1738538408545,10307.469365032044,True,1,1
2533,bigshakeB2533 25-09-23 10-04-37.fits,2025-09-23 10:04:37,383.0218172948324,235.5586693376851,2.578743569800664,3.9525081192285274,6.072477049161271,9.307445347306913,1182.2186341904446,838.3678159072067,7729.912806300792,10305.166452462921,True,1,1
2534,bigshakeB2534 25-09-23 10-04-37.fits,2025-09-23 10:04:37,383.9242777235065,224.99489633415686,2.603731837407778,4.413276134609965,6.1313199226131,10.39247110603625,1314.0127942726076,809.0962097459407,7728.29371886104,10303.611290638024,True,1,1
2535,bigshakeB2535 25-09-23 10-04-37.fits,2025-09-23 10:04:37,385.1610703372944,221.43140003673318,2.6769858267996427,4.061277766949285,6.3038198852115475,9.563578294050709,1249.7459303127098,861.904583497269,7728.712413133087,10304.141069491183,True,1,1
2536,bigshakeB2536 25-09-23 10-04-37.fits,2025-09-23 10:04:37,385.9123012018015,233.0572516417458,2.742813539865517,4.387601727702675,6.458832303457615,10.332012498006684,1263.5762216709654,813.2281981715478,7726.960379854839,10302.07926227609,True,1,1
2537,bigshakeB2537 25-09-23 10-04-37.fits,2025-09-23 10:04:37,382.4357131499614,238.39988011673105,2.651903020558284,4.135963034061344,6.244754390288769,9.739448658114677,1227.2426895217995,810.5622919209746,7729.67360406662,10305.720082941587,True,1,1
2538,bigshakeB2538 25-09-23 10-04-37.fits,2025-09-23 10:04:37,380.78206854493055,233.9680132147786,2.5658676399231948,4.1526435828772845,6.042156551387393,9.77872834882857,1253.5116819734308,798.607214594039,7728.629403950902,10304.317063819546,True,1,1
2539,bigshakeB2539 25-09-23 10-04-37.fits,2025-09-23 10:04:37,382.2132468279782,222.227261377316,2.6481396900371093,4.249368265987043,6.23589242414143,10.006497571464696,1300.03006202016,845.0028922048931,7727.994575125175,10303.219538496554,True,1,1
2540,bigshakeB2540 25-09-23 10-04-37.fits,2025-09-23 10:04:37,384.09720231471164,228.26163338945662,2.64291043715299,4.127449041986923,6.223578474629369,9.719399738914595,1290.6347171387818,829.1038573038528,7729.395016924312,10305.802307674883,True,1,1
2541,bigshakeB2541 25-09-23 10-04-37.fits,2025-09-23 10:04:37,386.0663688733486,232.5239896794477,2.7115779464497365,3.9755961877995953,6.3852781019636975,9.361813593979113,1171.8053416599066,820.3749444862092,7728.752086312401,10304.563923465585,True,1,1
2542,bigshakeB2542 25-09-23 10-04-37.fits,2025-09-23 10:04:37,385.4625374727648,233.93648694953666,2.643428962041412,4.293213722879572,6.224799507430474,10.109745732238764,1381.085650137054,847.1510054955359,7731.219995259959,10308.365400324401,True,1,1
2543,bigshakeB2543 25-09-23 10-04-37.fits,2025-09-23 10:04:37,385.89359333129784,225.72754427253116,2.5994340250294146,4.362039075690136,6.1211993478747475,10.271817052643406,1346.5714747331933,823.3238732006979,7729.689046284514,10305.776600290059,True,1,1
2544,bigshakeB2544 25-09-23 10-04-37.fits,2025-09-23 10:04:37,383.7014752586237,226.11542900941205,2.581022029617971,4.161272558595165,6.077842412010863,9.79904803381712,1264.734704883535,821.7846742710902,7728.35248895235,10303.658663441702,True,1,1
2545,bigshakeB2545 25-09-23 10-04-37.fits,2025-09-23 10:04:37,379.13009615547656,234.55831072373255,2.6494599682095914,3.7685049303203666,6.239001441647008,8.87415094971636,1111.6925627331339,788.6057749035291,7728.806273163851,10304.936749556438,True,1,1
2546,bigshakeB2546 25-09-23 10-04-37.fits,2025-09-23 10:04:37,380.2324418758766,238.98736068784672,2.6977543225638905,4.322330961722117,6.352725955342339,10.178311589921142,1287.2404789278185,818.0020980146182,7728.094274765103,10303.796614753357,True,1,1
2547,bigshakeB2547 25-09-23 10-04-37.fits,2025-09-23 10:04:37,385.5216187670004,231.112629914968,2.6416954087802265,4.583485573375992,6.220717301461905,10.793283704295959,1352.1583205527288,832.1181223338415,7733.567730936731,10310.159825474217,True,1,1
2548,bigshakeB2548 25-09-23 10-04-37.fits,2025-09-23 10:04:37,388.3626936136256,224.48604703363117,2.648175300138314,4.099034961055295,6.2359762795215525,9.652489691575667,1227.428089096432,845.5404809262741,7729.105223889165,10304.34849392024,True,1,1
2549,bigshakeB2549 25-09-23 10-04-37.fits,2025-09-23 10:04:37,387.3794575435522,226.71277444768478,2.644039338340687,4.105276796088341,6.226236833775018,9.667188089829258,1214.1558935699559,811.34126703195,7731.612549287692,10308.187440580681,True,1,1
2550,bigshakeB2550 25-09-23 10-04-37.fits,2025-09-23 10:04:37,384.5265415983515,233.4432188737871,2.555114648165179,4.015609745424891,6.016835190851565,9.456038321548162,1247.7541368865498,817.954730701628,7730.07262633242,10306.259919553511,True,1,1
2551,bigshakeB2551 25-09-23 10-04-37.fits,2025-09-23 10:04:37,381.8798468839921,239.87658258987113,2.6158537467859553,3.924247605564882,6.159864837800881,9.24089692324889,1195.0892040984925,839.3844610966686,7726.255988123631,10300.798511716754,True,1,1
2552,bigshakeB2552 25-09-23 10-04-37.fits,2025-09-23 10:04:37,382.43221424805057,226.52528015317287,2.6592971293885164,4.311694622070319,6.262166185977341,10.15326492410333,1266.5120137838921,808.1917583826208,7727.632181803418,10302.900442630316,True,1,1
2553,bigshakeB2553 25-09-23 10-04-38.fits,2025-09-23 10:04:38,384.03351126012456,217.43736287753342,2.5632004860698134,4.2382440926976646,6.035875884030269,9.98030214521847,1279.3569110496003,842.5368892626401,7731.078349376278,10306.581539086561,True,1,1
2554,bigshakeB2554 25-09-23 10-04-38.fits,2025-09-23 10:04:38,385.3155888855894,226.7214246110976,2.5827164085409704,4.056284274319762,6.08183236946262,9.551819517511994,1332.9350190429866,887.1155994013627,7729.729216692334,10305.492012964094,True,1,1
2555,bigshakeB2555 25-09-23 10-04-38.fits,2025-09-23 10:04:38,385.59256762609994,241.52794141619776,2.5598207121202683,4.450779161258058,6.027917124586207,10.480783984936512,1364.7706043577919,837.7740199752957,7731.874880500524,10307.93836867692,True,1,1
2556,bigshakeB2556 25-09-23 10-04-38.fits,2025-09-23 10:04:38,383.0742788579674,233.92877090733074,2.608179801606634,3.8037915853992446,6.141794077868147,8.957244672418195,1240.1407819933036,855.7560664240981,7734.225445986552,10312.192978904526,True,1,1
2557,bigshakeB2557 25-09-23 10-04-38.fits,2025-09-23 10:04:38,382.2914145829955,228.01589857221796,2.6063233917514683,4.320306794841565,6.137422566729409,10.17354504117633,1305.0433863571227,833.4625263159436,7729.326628209244,10304.727288076976,True,1,1
2558,bigshakeB2558 25-09-23 10-04-38.fits,2025-09-23 10:04:38,384.1861299368094,224.48863627248653,2.5256236620091936,4.229661900706565,5.947389225503721,9.960092627487523,1304.1053810309843,809.8832390520554,7730.748390732381,10306.975966519443,True,1,1
2559,bigshakeB2559 25-09-23 10-04-38.fits,2025-09-23 10:04:38,386.03883048875406,237.3801084023902,2.6592288040637775,3.912724365208875,6.262005292133062,9.213761765874855,1222.7851711346168,861.0310227252305,7732.209817496139,10309.00047257934,True,1,1
2560,bigshakeB2560 25-09-23 10-04-38.fits,2025-09-23 10:04:38,386.39802447697014,232.98507323925259,2.593306234095627,3.827087694538997,6.106769502952106,9.012102817191714,1242.219127008417,846.369042058763,7731.646891871297,10308.770226665805,True,1,1
2561,bigshakeB2561 25-09-23 10-04-38.fits,2025-09-23 10:04:38,386.3131323763124,225.50244903353942,2.6354499970224623,4.20769498210499,6.20601048066525,9.908364487236973,1309.6823773939902,831.9211687113625,7728.67830591802,10304.649211667005,True,1,1
2562,bigshakeB2562 25-09-23 10-04-38.fits,2025-09-23 10:04:38,385.2244275558021,234.4475062922636,2.584035196284499,4.062049001180283,6.0849378772762215,9.565394411877275,1274.8315477824517,808.3870258104736,7729.643189221858,10306.24576126435,True,1,1
2563,bigshakeB2563 25-09-23 10-04-38.fits,2025-09-23 10:04:38,380.4061656938504,235.22966163149394,2.5880126305353293,3.9840757168096466,6.094304019177869,9.381781358864403,1256.287846401803,843.4850484570031,7729.094105514874,10304.888447663707,True,1,1
2564,bigshakeB2564 25-09-23 10-04-38.fits,2025-09-23 10:04:38,380.0300618824454,237.35576089488012,2.620494524603731,4.441124058377951,6.170793034430714,10.458047955137598,1394.9158911851027,823.1357200327183,7728.141168076997,10304.18677028734,True,1,1
2565,bigshakeB2565 25-09-23 10-04-38.fits,2025-09-23 10:04:38,389.6090802837053,231.32692295303536,2.6850949145897745,4.256278153249629,6.322915327686665,10.022769112499537,1246.839274989222,830.7961796164228,7729.714226293125,10305.302734765835,True,1,1
2566,bigshakeB2566 25-09-23 10-04-38.fits,2025-09-23 10:04:38,388.3847489809848,232.77016361260505,2.596709845952849,3.802392196271329,6.1147843963789965,8.953949362848983,1197.9559490381034,829.4440640717922,7728.910189241528,10304.988367043608,True,1,1
2567,bigshakeB2567 25-09-23 10-04-38.fits,2025-09-23 10:04:38,384.09929227766145,235.46664095694706,2.542671781854199,4.449997543419442,5.987534479844829,10.478943415582583,1328.3379620864296,799.9085531984864,7729.543428419911,10305.107142313907,True,1,1
2568,bigshakeB2568 25-09-23 10-04-38.fits,2025-09-23 10:04:38,383.05229233927645,229.03390824416255,2.555944174317054,4.040874976582386,6.018788575661877,9.51553339432017,1213.762774976014,831.7249374801162,7729.38072235048,10304.490587160226,True,1,1
2569,bigshakeB2569 25-09-23 10-04-38.fits,2025-09-23 10:04:38,384.7204836256421,226.4416931556467,2.587811075953826,4.238804487794967,6.093829394409179,9.981621774826735,1312.6653814633073,827.6530051240301,7729.534623723352,10305.464787734621,True,1,1
2570,bigshakeB2570 25-09-23 10-04-38.fits,2025-09-23 10:04:38,386.1657754158705,226.10287912832422,2.638589215220409,3.9811935285807616,6.213402774603501,9.374994324249473,1241.86797573307,841.4086037837668,7728.702081229717,10304.55472982359,True,1,1
2571,bigshakeB2571 25-09-23 10-04-38.fits,2025-09-23 10:04:38,386.217572975672,239.63699544035103,2.554019881776651,4.058877607221087,6.014257213015234,9.55792634981147,1301.709444271919,843.2777894842397,7730.194506546413,10306.41335344816,True,1,1
2572,bigshakeB2572 25-09-23 10-04-38.fits,2025-09-23 10:04:38,386.3362020502241,225.14481709653867,2.637462327957761,3.8969781598696995,6.210749157888928,9.176682285908992,1167.3199578476926,820.2156728079408,7729.793261067808,10305.776890047537,True,1,1
2573,bigshakeB2573 25-09-23 10-04-38.fits,2025-09-23 10:04:38,384.35773842877455,229.00508862487408,2.569097055635292,4.008070185164036,6.049761244239978,9.438284013915181,1232.4508674586975,823.5579564847454,7731.255153516176,10307.637345087443,True,1,1
2574,bigshakeB2574 25-09-23 10-04-38.fits,2025-09-23 10:04:38,382.6029214745753,231.238354641522,2.6662039705788367,3.9269898748999896,6.278430554060153,9.247354474048075,1272.7357094025833,837.4858085574422,7729.220430134141,10306.173344193736,True,1,1
2575,bigshakeB2575 25-09-23 10-04-38.fits,2025-09-23 10:04:38,383.38911017100367,233.11038928370417,2.597574137330527,4.422018653620349,6.116819647039901,10.41305816504597,1389.2973060927734,844.9472603607363,7729.040739039433,10304.721464437516,True,1,1
2576,bigshakeB2576 25-09-23 10-04-38.fits,2025-09-23 10:04:38,384.15821806958576,233.96772492249292,2.6194989488988374,4.036842691404347,6.168448632804485,9.506038088355643,1262.7687355042947,861.8576550116202,7729.6133147077735,10305.256207448154,True,1,1
2577,bigshakeB2577 25-09-23 10-04-38.fits,2025-09-23 10:04:38,384.824164989071,229.34121017623252,2.612889604982073,3.7072036163735795,6.152884817264784,8.72979738684773,1170.3851615389224,847.3859707316731,7730.111737658536,10306.380410175212,True,1,1
2578,bigshakeB2578 25-09-23 10-04-38.fits,2025-09-23 10:04:38,384.69109399574677,232.49087639823583,2.616120101008689,3.9609766835602507,6.160492054063653,9.32738729234789,1132.764430807737,783.5346338871066,7731.815215564686,10308.355255613284,True,1,1
2579,bigshakeB2579 25-09-23 10-04-38.fits,2025-09-23 10:04:38,385.05978345216283,235.47285425163275,2.640126075554501,4.407824166214702,6.2170218041246335,10.379632701574211,1325.7060636462631,803.6957367962186,7731.907379631919,10308.98780267047,True,1,1
2580,bigshakeB2580 25-09-23 10-04-38.fits,2025-09-23 10:04:38,383.30717902418826,225.0572360388184,2.6117290086573295,4.083608984116191,6.150151821775089,9.616164291865278,1196.4618198897351,803.0394396731481,7728.534691616903,10303.906283810147,True,1,1
2581,bigshakeB2581 25-09-23 10-04-38.fits,2025-09-23 10:04:38,382.7514541901997,223.7781309603389,2.6440696031377833,3.7229189125956816,6.226308101925879,8.766804081405136,1194.6316951490521,854.4603023379541,7730.073968686347,10306.648330909195,True,1,1
2582,bigshakeB2582 25-09-23 10-04-38.fits,2025-09-23 10:04:38,382.71620074274523,233.1037962164035,2.651595873428581,3.9519847838207856,6.24403111407097,9.306212986598489,1235.8214786404715,819.6961243990849,7728.150049968018,10304.39575346324,True,1,1
2583,bigshakeB2583 25-09-23 10-04-38.fits,2025-09-23 10:04:38,384.3526149169183,234.15230190501043,2.647313618185319,4.076743285314655,6.233947173586198,9.599996806704276,1293.651722736755,832.0739912605227,7730.06022746684,10306.916949463308,True,1,1
2584,bigshakeB2584 25-09-23 10-04-38.fits,2025-09-23 10:04:38,384.3646927509489,230.33150180711453,2.6478559325206397,3.9336978753055565,6.235224226253719,9.26315060786518,1248.2370934772732,859.1905245983367,7727.497207128003,10302.939808187186,True,1,1
2585,bigshakeB2585 25-09-23 10-04-38.fits,2025-09-23 10:04:38,382.64457777883825,222.2946800344524,2.632297080653906,4.032578003681259,6.1985859300002675,9.495995516219518,1234.3791775119373,843.672908448755,7730.667705150415,10306.758348762058,True,1,1
2586,bigshakeB2586 25-09-23 10-04-38.fits,2025-09-23 10:04:38,381.0925119817057,233.4361634813453,2.6173183834341684,3.886135371025189,6.16331379353878,9.151149469393902,1199.0655039980484,794.980721718745,7728.517746530234,10304.945866322445,True,1,1
2587,bigshakeB2587 25-09-23 10-04-38.fits,2025-09-23 10:04:38,384.2343317538652,231.4075858355989,2.634698050879798,3.97856925419999,6.20423978281572,9.368814630333972,1272.4343294044581,834.1348231513844,7730.10559097073,10306.984052262378,True,1,1
2588,bigshakeB2588 25-09-23 10-04-38.fits,2025-09-23 10:04:38,384.2716114949517,232.00956077998976,2.6130161877547047,4.407675283939089,6.153182896915133,10.37928211060725,1311.0749865136422,796.6044977924885,7728.690065702597,10304.474566842438,True,1,1
2589,bigshakeB2589 25-09-23 10-04-38.fits,2025-09-23 10:04:38,385.04289858663566,230.53681988248906,2.6196352971088652,4.152972967240662,6.1687697083025625,9.779503989729971,1191.252593878262,826.635019749991,7729.732339273617,10304.678672817841,True,1,1
2590,bigshakeB2590 25-09-23 10-04-38.fits,2025-09-23 10:04:38,383.1244712268602,231.85276620482585,2.627176584499297,4.370401307937334,6.18652808301489,10.291508604760311,1313.8982283385494,816.6812760294405,7731.475802482433,10308.021416467798,True,1,1
2591,bigshakeB2591 25-09-23 10-04-38.fits,2025-09-23 10:04:38,383.63882864135746,232.64321891514913,2.6723785970937843,3.8905749791339796,6.29297068834813,9.161603947560563,1126.565764270264,797.8251968732452,7729.944561339622,10306.105060356389,True,1,1
2592,bigshakeB2592 25-09-23 10-04-38.fits,2025-09-23 10:04:38,384.8958160977397,232.4090388402605,2.681788471927284,4.105857583566441,6.3151292502272875,9.66855573982459,1209.2352222311813,847.7449633635636,7728.908159974281,10303.969017941092,True,1,1
2593,bigshakeB2593 25-09-23 10-04-38.fits,2025-09-23 10:04:38,386.35765738987664,221.8938587981387,2.682823880912187,4.2848451563625085,6.317567452059743,10.090039264056207,1303.7195402609639,798.2683811392437,7729.849518474511,10306.869140116598,True,1,1
2594,bigshakeB2594 25-09-23 10-04-38.fits,2025-09-23 10:04:38,388.98984911512366,231.60409511383162,2.6737557747226917,4.589175039555114,6.2962136938342494,10.806681373300082,1307.043019580841,779.9864544965669,7730.4453930049995,10306.817787931952,True,1,1
2595,bigshakeB2595 25-09-23 10-04-38.fits,2025-09-23 10:04:38,387.67393277319877,236.60852020589488,2.6699415191266933,3.9926068918477307,6.2872318082999215,9.401870740851752,1173.5972429437766,813.5064396134914,7731.411938610392,10307.950922384389,True,1,1
2596,bigshakeB2596 25-09-23 10-04-38.fits,2025-09-23 10:04:38,382.943060834893,234.85982490115413,2.6715653113981372,3.8574162300767005,6.291055546889684,9.08352106061233,1208.1656373768787,861.2420151010336,7729.842769443031,10305.963661320575,True,1,1
2597,bigshakeB2597 25-09-23 10-04-38.fits,2025-09-23 10:04:38,379.77520446664477,231.86827634430233,2.704593801470031,3.887638780884889,6.368831697368084,9.15468972906742,1091.6366269530774,776.2090693420863,7729.981791127565,10306.301973296197,True,1,1
2598,bigshakeB2598 25-09-23 10-04-38.fits,2025-09-23 10:04:38,382.80478328647024,222.0275579952662,2.6378532888332047,4.30849768875252,6.211669800395245,10.14573672144395,1300.9197983525075,819.5778952485894,7728.406508211733,10304.022335213305,True,1,1
2599,bigshakeB2599 25-09-23 10-04-38.fits,2025-09-23 10:04:38,387.82677051824385,223.73594521138295,2.588168866296057,4.911155955512457,6.094671926278982,11.564888488313859,1396.979392266396,782.3347439750746,7729.851544158636,10305.285652521505,True,1,1
2600,bigshakeB2600 25-09-23 10-04-38.fits,2025-09-23 10:04:38,389.3521834579967,234.02871045482328,2.7630474224340573,4.059294587116865,6.506479455718815,9.558908262428425,1166.0457306803592,831.599908318696,7729.957883806182,10305.806984076931,True,1,1
2601,bigshakeB2601 25-09-23 10-04-38.fits,2025-09-23 10:04:38,385.1103032887468,234.3829294735322,2.7164899350600367,3.8508267960697355,6.396844951204196,9.06800412932732,1159.2839501308242,828.3354892803014,7733.167450614138,10310.677950082085,True,1,1
2602,bigshakeB2602 25-09-23 10-04-38.fits,2025-09-23 10:04:38,382.2668070166553,228.1194804642237,2.785002482890968,4.299230377764995,6.558179672172615,10.123913871766991,1197.9581186456285,809.3657123284273,7727.037648660168,10301.968357876249,True,1,1
2603,bigshakeB2603 25-09-23 10-04-38.fits,2025-09-23 10:04:38,382.4271279678505,225.45529853865847,2.7106577926695645,4.3387496753075645,6.383111305397637,10.216974705785775,1265.6816989308475,766.5524388266386,7731.012788461861,10308.565119367062,True,1,1
2604,bigshakeB2604 25-09-23 10-04-38.fits,2025-09-23 10:04:38,383.9216143543502,226.34275178222126,2.754696333424676,3.8915493913101757,6.486814143921686,9.163898512885192,1105.4785415142278,807.3942638731888,7729.8932359101245,10306.019035882573,True,1,1
2605,bigshakeB2605 25-09-23 10-04-39.fits,2025-09-23 10:04:39,386.8916931105131,230.34196664542984,2.7430168206197023,4.740618508958087,6.4593109930523385,11.163303490739233,1306.9192351743623,800.0345158631643,7736.4687260545825,10314.206698193915,True,1,1
2606,bigshakeB2606 25-09-23 10-04-39.fits,2025-09-23 10:04:39,386.0580852352514,229.2245868599298,2.7551122188536077,3.973759013586223,6.487793479266172,9.35748737931525,1156.8975163716132,828.7210711451175,7728.422526476567,10304.011099192297,True,1,1
2607,bigshakeB2607 25-09-23 10-04-39.fits,2025-09-23 10:04:39,383.4222751883191,233.6242805747044,2.7296860648818795,4.223792990730064,6.4279194622255025,9.946272400632377,1213.524294049245,840.1602697368671,7730.804207321293,10306.505876750589,True,1,1
2608,bigshakeB2608 25-09-23 10-04-39.fits,2025-09-23 10:04:39,381.57898988142904,228.60891029032427,2.7320760930415697,4.079755963019647,6.433547548444129,9.607091120553209,1170.3266338894687,807.2970573753115,7727.830082920218,10303.271316292985,True,1,1
2609,bigshakeB2609 25-09-23 10-04-39.fits,2025-09-23 10:04:39,379.4006638701868,226.6821154685627,2.737037519886928,4.599132971391149,6.445230815831534,10.830130510794628,1317.2918308268265,814.5550435711342,7729.677201551362,10305.50114885605,True,1,1
2610,bigshakeB2610 25-09-23 10-04-39.fits,2025-09-23 10:04:39,379.9371172997429,229.33934852074827,2.756769058190237,4.0612548255082315,6.491695037747461,9.563524271085454,1205.990240943084,817.5303866126058,7728.466206162173,10304.64478070498,True,1,1
2611,bigshakeB2611 25-09-23 10-04-39.fits,2025-09-23 10:04:39,383.8988116224523,230.5695699668919,2.7696436458231815,4.235769169325578,6.5220123747770264,9.974474146051964,1234.0567334100658,810.2962229117435,7730.893127753233,10307.782668444383,True,1,1
2612,bigshakeB2612 25-09-23 10-04-39.fits,2025-09-23 10:04:39,385.02014799993606,226.98258932324953,2.722395442072653,3.842376212069345,6.4107513574935755,9.048104524730983,1108.0096519375197,791.2469774088045,7728.952976779441,10305.146201780846,True,1,1
2613,bigshakeB2613 25-09-23 10-04-39.fits,2025-09-23 10:04:39,382.9988643180126,231.99174742044644,2.7847497321645487,3.962967765582327,6.557584489695647,9.332075932204777,1164.6409882105902,837.4179031276533,7730.269404307375,10306.631984620051,True,1,1
2614,bigshakeB2614 25-09-23 10-04-39.fits,2025-09-23 10:04:39,381.84413904615445,236.3403744708259,2.7031595148095175,4.666046872730945,6.365454210389587,10.987700706960805,1319.5788859453219,797.3149890416047,7729.918400276931,10305.757433314235,True,1,1
2615,bigshakeB2615 25-09-23 10-04-39.fits,2025-09-23 10:04:39,380.60643634540014,230.89494383239017,2.707302637632306,3.930475385675012,6.3752105190617145,9.25556222468827,1172.1159503059785,849.8555179806251,7729.16841432583,10304.685455931805,True,1,1
2616,bigshakeB2616 25-09-23 10-04-39.fits,2025-09-23 10:04:39,385.10148630941603,223.15673579237273,2.6884075163276893,4.056203468634282,6.330715908660312,9.551629234664071,1174.7316687985972,798.6506723919946,7728.943239445101,10304.832924383534,True,1,1
2617,bigshakeB2617 25-09-23 10-04-39.fits,2025-09-23 10:04:39,388.07496287937096,238.7536978685869,2.8279706095827986,4.2665632198892345,6.659361878203967,10.04698859358696,1147.656286585118,823.5923558550667,7728.665065718847,10303.485284818444,True,1,1
2618,bigshakeB2618 25-09-23 10-04-39.fits,2025-09-23 10:04:39,381.9753443998294,229.8669487794087,2.748562668269197,4.428821226093448,6.472370466264056,10.429076999063398,1228.2373587190411,806.8946159643207,7729.426414549164,10304.869444255808,True,1,1
2619,bigshakeB2619 25-09-23 10-04-39.fits,2025-09-23 10:04:39,378.85647281007067,228.73540547498445,2.791111956683952,4.303759970429715,6.572566383524925,10.134580247369698,1200.9927464788436,848.2838956326644,7728.9898723280585,10303.759949463763,True,1,1
2620,bigshakeB2620 25-09-23 10-04-39.fits,2025-09-23 10:04:39,379.34747428057665,222.68577748920274,2.756768345332172,3.9176341500469114,6.491693359095001,9.225323425628252,1167.3470617789442,818.7678741225282,7729.6818842857565,10306.297200966163,True,1,1
2621,bigshakeB2621 25-09-23 10-04-39.fits,2025-09-23 10:04:39,383.9994308404602,235.38526691473987,2.700328823857365,3.87984771310541,6.35878844259417,9.136343166488107,1149.5405346134605,813.5852979666568,7728.304814570211,10304.132520063076,True,1,1
2622,bigshakeB2622 25-09-23 10-04-39.fits,2025-09-23 10:04:39,386.02009122602306,229.90980262837533,2.7091720103671166,4.2592175451719205,6.379612555449281,10.029690851518351,1308.0526263050058,842.8297601438551,7729.581503456969,10305.86816165711,True,1,1
2623,bigshakeB2623 25-09-23 10-04-39.fits,2025-09-23 10:04:39,386.498958889017,226.89828748485698,2.768710908417566,4.257099940045453,6.519815946037533,10.024704272519086,1214.6954665393055,823.7022870871326,7729.771651107357,10305.613125027405,True,1,1
2624,bigshakeB2624 25-09-23 10-04-39.fits,2025-09-23 10:04:39,384.4640713854478,231.2011244927757,2.6728844977839454,4.072848031088307,6.294161993434117,9.590824183971579,1204.6122868262466,835.4797273603383,7729.587788410214,10305.161438582074,True,1,1
2625,bigshakeB2625 25-09-23 10-04-39.fits,2025-09-23 10:04:39,380.70035123342865,233.4277054769141,2.7666579220418224,3.947223899278198,6.514981532567757,9.295001960245525,1209.2462435128077,841.6019172620478,7727.026402951033,10302.825006095793,True,1,1
2626,bigshakeB2626 25-09-23 10-04-39.fits,2025-09-23 10:04:39,377.780888737279,232.22429709496487,2.7394999457986313,4.673851295084352,6.451029385727816,11.006078717158493,1320.0971854382476,808.1409489767611,7728.492209446656,10303.81695330837,True,1,1
2627,bigshakeB2627 25-09-23 10-04-39.fits,2025-09-23 10:04:39,380.6110353335679,225.4945018742319,2.726731321742046,4.339735819862239,6.420961573851905,10.21929689875042,1230.7898293962398,828.2398674586689,7730.0448005370845,10305.481917003743,True,1,1
2628,bigshakeB2628 25-09-23 10-04-39.fits,2025-09-23 10:04:39,385.59012490780526,224.6966030895897,2.7391065740441567,4.028910163965405,6.45010306603523,9.487358413734663,1151.011731783759,807.4206729796053,7727.264442570096,10302.49557221662,True,1,1
2629,bigshakeB2629 25-09-23 10-04-39.fits,2025-09-23 10:04:39,387.31798637753366,240.01266451636997,2.7025120260384847,3.92102873707074,6.363929490852627,9.233317067196566,1127.7462175529124,804.9396723265249,7731.731920941873,10308.4095852671,True,1,1
2630,bigshakeB2630 25-09-23 10-04-39.fits,2025-09-23 10:04:39,385.1952272806727,239.8821971928346,2.7753897427177296,4.1236556748451285,6.535543398924999,9.710467041930935,1157.729756412892,797.6438054152659,7728.787225193569,10304.652452518532,True,1,1
2631,bigshakeB2631 25-09-23 10-04-39.fits,2025-09-23 10:04:39,379.8708481638853,226.1867467101037,2.689933660310782,4.40879756420763,6.334309703103302,10.381924878679751,1289.7642034299342,827.4582817910928,7736.816490052563,10314.82204015485,True,1,1
2632,bigshakeB2632 25-09-23 10-04-39.fits,2025-09-23 10:04:39,380.0412894188004,227.62189857987875,2.7721789564279797,4.368818464848876,6.5279825750095855,10.287781294127473,1199.95969586261,820.6336183253196,7728.105771063504,10302.790079276692,True,1,1
2633,bigshakeB2633 25-09-23 10-04-39.fits,2025-09-23 10:04:39,383.1983858443234,226.76473366728965,2.6959454138298136,4.194505277378919,6.348466300795703,9.877305106159982,1186.8799592426938,806.9760485991455,7729.144347079756,10304.55916863872,True,1,1
2634,bigshakeB2634 25-09-23 10-04-39.fits,2025-09-23 10:04:39,387.1873872513388,227.0978898609825,2.756171011178413,4.2507830522174554,6.490286744656148,10.009829138439505,1193.8729692772893,800.273670788416,7731.187334952885,10307.668703355745,True,1,1
2635,bigshakeB2635 25-09-23 10-04-39.fits,2025-09-23 10:04:39,386.44002179990974,230.66339634325382,2.7075813357635035,4.582174465452908,6.375866803007571,10.790196281077485,1276.70099334691,805.7467760748984,7730.4189970532425,10305.996556611084,True,1,1
2636,bigshakeB2636 25-09-23 10-04-39.fits,2025-09-23 10:04:39,385.65081085748386,233.04493800197474,2.7512540572378468,4.329674183786111,6.478708202956408,10.195603556432548,1178.227477797488,786.2181141500878,7729.244540533517,10304.810971293069,True,1,1
2637,bigshakeB2637 25-09-23 10-04-39.fits,2025-09-23 10:04:39,381.19367400317134,228.30418866699907,2.7147200327076653,4.15866244231506,6.392677149667085,9.792901679680867,1210.767897481483,825.5797232492052,7727.518709196012,10302.593697131379,True,1,1
2638,bigshakeB2638 25-09-23 10-04-39.fits,2025-09-23 10:04:39,380.8405270194548,228.75456990515772,2.733414342427131,4.458943549961077,6.4366988849224995,10.500009651109805,1282.313808125295,796.0163819860427,7726.579734189138,10301.8749861957,True,1,1
2639,bigshakeB2639 25-09-23 10-04-39.fits,2025-09-23 10:04:39,381.35796500482707,221.5172203728872,2.6898391748952406,4.298685618224701,6.334087206952822,10.122631061081783,1294.4794256789228,820.1677799224731,7729.771979781062,10306.134421804414,True,1,1
2640,bigshakeB2640 25-09-23 10-04-39.fits,2025-09-23 10:04:39,384.2428048401754,238.84229380585037,2.7392383384539842,4.236898772390236,6.4504133475087135,9.97713415799155,1206.6106843174537,811.9929305949188,7734.61110413983,10312.10909772039,True,1,1
2641,bigshakeB2641 25-09-23 10-04-39.fits,2025-09-23 10:04:39,385.3371758914959,231.2513185297871,2.7519256055849284,4.330323231819845,6.480289578465324,10.197131947752574,1215.7518307131284,810.3335115229097,7728.541683709413,10303.869221386622,True,1,1
2642,bigshakeB2642 25-09-23 10-04-39.fits,2025-09-23 10:04:39,387.99435352468294,232.93009597089684,2.7212547031731673,4.847501913610358,6.408065122666921,11.414994674495556,1324.3596686857074,806.153769148862,7727.4442379471275,10301.671912433096,True,1,1
2643,bigshakeB2643 25-09-23 10-04-39.fits,2025-09-23 10:04:39,386.1664752897613,223.04956882112165,2.772968375685694,4.3291788478047435,6.529841515301585,10.194437129334599,1194.1628240570822,787.7895541778161,7730.905643634164,10307.35664521465,True,1,1
2644,bigshakeB2644 25-09-23 10-04-39.fits,2025-09-23 10:04:39,380.77327822794973,230.0058407293462,2.7309632473838654,4.563360053756862,6.4309269971823415,10.74589172728017,1231.204251630864,784.9524817579074,7728.56840525238,10303.610844549785,True,1,1
2645,bigshakeB2645 25-09-23 10-04-39.fits,2025-09-23 10:04:39,379.04135073118294,235.26352898443818,2.781415953660005,4.22869886585308,6.549734041247454,9.957824853710475,1178.131337596382,796.3132982108674,7734.736088654522,10312.508869374888,True,1,1
2646,bigshakeB2646 25-09-23 10-04-39.fits,2025-09-23 10:04:39,384.45981398833953,234.05734763696802,2.763440282048226,4.3672431257512105,6.507404569413143,10.28407165404257,1217.7448319713333,797.3081628143841,7727.985596807124,10303.370465845564,True,1,1
2647,bigshakeB2647 25-09-23 10-04-39.fits,2025-09-23 10:04:39,387.03408024159415,225.49449801767182,2.728533598177086,4.242620672863077,6.425205610527824,9.990608203920667,1155.7358639615672,783.5485406217215,7727.667871305075,10302.665036541663,True,1,1
2648,bigshakeB2648 25-09-23 10-04-39.fits,2025-09-23 10:04:39,387.7232616123045,236.86144098197653,2.688083210583718,4.9517572711576605,6.329952226993689,11.660497280249812,1299.1506888720614,779.3976563096838,7730.297327634432,10305.14572684673,True,1,1
2649,bigshakeB2649 25-09-23 10-04-39.fits,2025-09-23 10:04:39,383.284048083939,225.93055579688652,2.6853166906546186,4.2498277595771805,6.323437570409669,10.007579596181314,1184.978935766101,802.591835568275,7728.752811335464,10303.808748154237,True,1,1
2650,bigshakeB2650 25-09-23 10-04-39.fits,2025-09-23 10:04:39,379.91287051447983,237.4591101470104,2.779435000343487,4.019054134088471,6.545069252669446,9.464149237016036,1123.528567989738,815.1560871720682,7728.642757543669,10304.056028396115,True,1,1
2651,bigshakeB2651 25-09-23 10-04-39.fits,2025-09-23 10:04:39,380.8536636951694,228.88527647649042,2.765436945526135,4.104259165403726,6.512106352594104,9.664791752694688,1159.6508649522682,806.8092102392474,7728.636547105561,10304.30347123524,True,1,1
2652,bigshakeB2652 25-09-23 10-04-39.fits,2025-09-23 10:04:39,383.6036999652688,232.59898437916846,2.6621503964924513,4.5599038591115,6.268885116547514,10.737753010849744,1268.7450583137427,780.9151242529534,7729.949432820186,10305.641984727183,True,1,1
2653,bigshakeB2653 25-09-23 10-04-39.fits,2025-09-23 10:04:39,386.04499004483074,222.56982603826626,2.68857052135316,4.07156827036767,6.3310997561617315,9.58781057777378,1144.1318711025103,798.5914384500342,7731.467832574985,10307.70760235542,True,1,1
2654,bigshakeB2654 25-09-23 10-04-39.fits,2025-09-23 10:04:39,385.0424966854735,235.32988161521314,2.6900500704388532,4.4561403058405205,6.334583828006329,10.493408515663603,1205.6113841909562,803.6849597200294,7729.474400008433,10304.199853303831,True,1,1
2655,bigshakeB2655 25-09-23 10-04-39.fits,2025-09-23 10:04:39,383.2281177392616,225.47603037233088,2.7090835629375083,4.141284623011288,6.379404277669108,9.751980042445417,1152.3982840588912,798.2429980848285,7729.510076215246,10305.05356237066,True,1,1
2656,bigshakeB2656 25-09-23 10-04-40.fits,2025-09-23 10:04:40,381.94006609758793,237.16299823860697,2.680633105708671,4.548559065784884,6.312408570696346,10.711038064117494,1249.7932054693347,770.5234971701063,7729.461251724839,10305.141333986763,True,1,1
2657,bigshakeB2657 25-09-23 10-04-40.fits,2025-09-23 10:04:40,382.7319114766677,221.30654579850213,2.7001220328321245,4.169116773414838,6.358301486942802,9.817519748112014,1216.169773968872,797.4287939352649,7732.1808078428085,10309.361519606138,True,1,1
2658,bigshakeB2658 25-09-23 10-04-40.fits,2025-09-23 10:04:40,383.2320254819391,231.37238183951453,2.6732199622096045,4.415065838960048,6.294951951788053,10.396685537714507,1169.2236306541674,778.801643856162,7732.66141069331,10308.581370013493,True,1,1
2659,bigshakeB2659 25-09-23 10-04-40.fits,2025-09-23 10:04:40,382.5262744851443,234.4515807606685,2.7041023944038383,4.697314832998912,6.367674522158344,11.061331126567044,1281.6136814180365,775.8461693762544,7728.623425612854,10303.897624288606,True,1,1
2660,bigshakeB2660 25-09-23 10-04-40.fits,2025-09-23 10:04:40,382.57399522844867,230.99175640037157,2.7066750429156987,4.38550025304695,6.3737326464428925,10.327063903363259,1203.656043845505,758.944490930849,7730.151001984983,10306.500126315721,True,1,1
2661,bigshakeB2661 25-09-23 10-04-40.fits,2025-09-23 10:04:40,383.7470294144796,222.81898511052634,2.683579259881923,4.858419903272339,6.319346233599272,11.44070457540303,1292.6061540285673,787.2293180906818,7729.0890314096505,10303.593588397942,True,1,1
2662,bigshakeB2662 25-09-23 10-04-40.fits,2025-09-23 10:04:40,384.3041572229524,232.20149380089097,2.750435407883267,4.26154095741729,6.476780431046393,10.035162069246619,1138.0087169107853,805.085416238105,7729.020632340099,10303.789578820895,True,1,1
2663,bigshakeB2663 25-09-23 10-04-40.fits,2025-09-23 10:04:40,381.5170634815905,233.96513772696804,2.7138121857815576,4.726230269912469,6.390539333527666,11.129421777021918,1287.8945413627373,791.3187552847193,7729.9907402196595,10305.375674827823,True,1,1
2664,bigshakeB2664 25-09-23 10-04-40.fits,2025-09-23 10:04:40,382.603150310668,231.02332180413947,2.753753849812723,4.366524305558402,6.484594764620146,10.28237896184377,1185.2559527796557,781.1101382433964,7730.850950149722,10307.034482692708,True,1,1
2665,bigshakeB2665 25-09-23 10-04-40.fits,2025-09-23 10:04:40,383.68555470150113,219.67293189064415,2.7676365164861103,4.52519048743345,6.517285946381122,10.656009267391662,1217.8961046160148,794.8713979625788,7732.9983184141865,10309.482910919894,True,1,1
2666,bigshakeB2666 25-09-23 10-04-40.fits,2025-09-23 10:04:40,385.473610412629,237.39545633636638,2.772105505307362,4.416413769341707,6.527809610838425,10.399859671196543,1113.7004976718802,749.9748217325983,7728.058278682467,10302.903225022801,True,1,1
2667,bigshakeB2667 25-09-23 10-04-40.fits,2025-09-23 10:04:40,384.0050530937765,234.1113718668789,2.816098402633998,4.233950928539021,6.631404967302175,9.970192516201086,1127.3565105651926,769.9668720584804,7728.042327710037,10303.611222769596,True,1,1
2668,bigshakeB2668 25-09-23 10-04-40.fits,2025-09-23 10:04:40,382.30619403682965,229.59774294707157,2.7625763895121955,4.343879567733057,6.505370257952546,10.229054679298178,1161.9587805719782,787.6732831638485,7737.515192979812,10315.582138057835,True,1,1
2669,bigshakeB2669 25-09-23 10-04-40.fits,2025-09-23 10:04:40,382.2749277417073,225.8847100177152,2.863557903188991,4.3385137083703995,6.74316355053623,10.216419046112176,1147.995961617495,788.0896244310472,7728.537231640241,10304.028110247116,True,1,1
2670,bigshakeB2670 25-09-23 10-04-40.fits,2025-09-23 10:04:40,384.40083798092337,228.68913889555154,2.7470959063548293,4.67737259422443,6.468916505906815,11.0143707429581,1179.5400256734063,737.1943911380641,7728.879294370862,10304.087109841059,True,1,1
2671,bigshakeB2671 25-09-23 10-04-40.fits,2025-09-23 10:04:40,383.85286692167153,235.44345288092296,2.807131798641482,4.852264429739725,6.610290228484744,11.426209542941772,1254.823622828989,751.9321173274029,7727.308615569984,10302.419547055726,True,1,1
2672,bigshakeB2672 25-09-23 10-04-40.fits,2025-09-23 10:04:40,383.7275547617086,237.07132504212436,2.779964834408656,4.41356124004649,6.546316916546647,10.393142478033127,1164.776909825301,776.9734097571436,7728.906937914697,10304.210876823458,True,1,1
2673,bigshakeB2673 25-09-23 10-04-40.fits,2025-09-23 10:04:40,383.3470890148647,222.5440287565113,2.738810533133625,4.4301036297658065,6.449405942964962,10.432096828936888,1143.6029756272367,748.3491622995327,7729.374937209054,10304.876801388858,True,1,1
2674,bigshakeB2674 25-09-23 10-04-40.fits,2025-09-23 10:04:40,381.35074616808004,229.30151537401883,2.838517618801908,4.486537744305542,6.684198186928252,10.56498901307863,1131.0683646398145,749.4806855443165,7727.270821625125,10302.233913498414,True,1,1
2675,bigshakeB2675 25-09-23 10-04-40.fits,2025-09-23 10:04:40,383.39809696185284,233.2770810470861,2.8548768939537115,4.50055603179656,6.722721335977895,10.597999557459485,1163.3444562106363,781.7702877597071,7729.7655829997575,10305.324326272384,True,1,1
2676,bigshakeB2676 25-09-23 10-04-40.fits,2025-09-23 10:04:40,384.97099682863455,228.5874851162792,2.791081997790219,4.671363166634168,6.572495835721436,11.00021962240939,1229.5724998950654,788.4814803447775,7728.568216661598,10303.444537129188,True,1,1
2677,bigshakeB2677 25-09-23 10-04-40.fits,2025-09-23 10:04:40,383.6055079725218,234.01067672424637,2.811831495924171,4.465376044612632,6.621357169851597,10.51515701845484,1124.5176274023188,738.3621420818486,7729.087744521466,10304.744759575407,True,1,1
2678,bigshakeB2678 25-09-23 10-04-40.fits,2025-09-23 10:04:40,382.68043077598696,231.1597000965206,2.79437771244755,4.429467949578847,6.580256650659221,10.430599916490408,1184.760063203161,780.7112284958049,7730.209981564084,10306.17654190696,True,1,1
2679,bigshakeB2679 25-09-23 10-04-40.fits,2025-09-23 10:04:40,384.1134461911475,228.09391322143313,2.8740101680570582,4.7261467400347925,6.7677767533635285,11.129225079191604,1222.4829383512288,768.7966981163537,7727.579907882975,10302.81312812628,True,1,1
2680,bigshakeB2680 25-09-23 10-04-40.fits,2025-09-23 10:04:40,385.06145003877805,229.7036962299081,2.8714027222222023,4.327613346371738,6.761636687645277,10.190750655179633,1143.366503722159,769.0073810703168,7728.263397984676,10304.11671835187,True,1,1
2681,bigshakeB2681 25-09-23 10-04-40.fits,2025-09-23 10:04:40,383.75412517239175,225.18181807120686,2.8350703694284842,4.349977027978398,6.676080535003494,10.243413100907686,1145.1941150977996,787.1847121033851,7729.419867471744,10304.966072272471,True,1,1
2682,bigshakeB2682 25-09-23 10-04-40.fits,2025-09-23 10:04:40,384.97743212306887,233.08360191538566,2.807185459535706,4.493331430586051,6.610416590234097,10.580986921711624,1161.020462593083,750.5433257212418,7729.25218394768,10305.0782223996,True,1,1
2683,bigshakeB2683 25-09-23 10-04-40.fits,2025-09-23 10:04:40,384.90880661048203,236.00818019291202,2.7785650754702167,5.003480456760253,6.543020736140199,11.782296074499655,1278.8262140980248,740.7438639448723,7730.737801717356,10306.851437553822,True,1,1
2684,bigshakeB2684 25-09-23 10-04-40.fits,2025-09-23 10:04:40,382.78031064994036,232.10960336019926,2.8337734867798914,4.098934052818285,6.673026609746534,9.652252070836445,1122.3560109148782,796.5856129886216,7729.5338468567625,10305.603079035745,True,1,1
2685,bigshakeB2685 25-09-23 10-04-40.fits,2025-09-23 10:04:40,382.576305718893,218.27901475668799,2.817091552153379,4.271296342515037,6.633743655698127,10.058134245621789,1106.6668230260059,776.4716694026788,7729.983408462997,10305.605553237587,True,1,1
2686,bigshakeB2686 25-09-23 10-04-40.fits,2025-09-23 10:04:40,383.5529942744165,227.98989316198913,2.923145291650782,4.578770286150436,6.883481127317102,10.782180051419143,1148.8871017841707,758.5551659000271,7730.420046931353,10306.626778564378,True,1,1
2687,bigshakeB2687 25-09-23 10-04-40.fits,2025-09-23 10:04:40,384.4569887116203,240.42919319702148,2.849169349168971,4.262237997927197,6.709281095110876,10.036803474211546,1073.9334663102043,759.7559625257737,7730.478395149407,10306.372675176333,True,1,1
2688,bigshakeB2688 25-09-23 10-04-40.fits,2025-09-23 10:04:40,383.32072402942543,226.311539678186,2.8722769241564445,4.740114567987077,6.763695275883435,11.162116800439188,1192.9598268059074,760.270062742357,7728.746891698144,10304.07019841909,True,1,1
2689,bigshakeB2689 25-09-23 10-04-40.fits,2025-09-23 10:04:40,386.0160352021268,231.95386335335147,2.870397417999197,4.152784124488644,6.75926937710959,9.77905929903216,1060.4078642712298,806.3804681763604,7728.20835143572,10302.685403585008,True,1,1
2690,bigshakeB2690 25-09-23 10-04-40.fits,2025-09-23 10:04:40,384.45330148951996,230.57689056421862,2.910363267145301,4.384010243976192,6.853381759795518,10.323555200136159,1070.8481790111382,780.8327416924699,7730.128046237766,10305.236173717336,True,1,1
2691,bigshakeB2691 25-09-23 10-04-40.fits,2025-09-23 10:04:40,386.4811605742203,236.08907148579084,2.887169788248015,4.525476742966312,6.798765290774187,10.656683347658445,1163.9555221519972,786.6598049849921,7727.711534983558,10302.573701336043,True,1,1
2692,bigshakeB2692 25-09-23 10-04-40.fits,2025-09-23 10:04:40,387.516281991896,228.16693483753423,2.893258998786046,4.703763402758642,6.813104285807556,11.076516347899037,1199.850676606171,781.4061875278164,7728.36764557153,10303.424505994059,True,1,1
2693,bigshakeB2693 25-09-23 10-04-40.fits,2025-09-23 10:04:40,384.6264125573155,225.12203971043564,2.854015333483023,4.041315077196777,6.720692516111512,9.516569752068769,1085.3538619524022,790.3260012421987,7727.7866042749565,10303.212372119626,True,1,1
2694,bigshakeB2694 25-09-23 10-04-40.fits,2025-09-23 10:04:40,381.3071763849289,231.41069608116408,2.870509067659158,4.499717358456347,6.759532291966887,10.596024632666719,1126.811835366641,754.6856968708125,7730.1894557972955,10306.076688330453,True,1,1
2695,bigshakeB2695 25-09-23 10-04-40.fits,2025-09-23 10:04:40,384.41468881248414,233.73185245517172,2.8617663369343878,4.6729146559884756,6.73894473440789,11.003873100640565,1235.979175470314,767.4562563733015,7729.716947257572,10306.032469435531,True,1,1
2696,bigshakeB2696 25-09-23 10-04-40.fits,2025-09-23 10:04:40,387.0273831311229,229.3244138853526,2.8650857400714336,5.038652994694951,6.746761331452544,11.865121071862893,1241.0649614171439,771.2528854111283,7730.398496334876,10305.473026809885,True,1,1
2697,bigshakeB2697 25-09-23 10-04-40.fits,2025-09-23 10:04:40,385.0759296162979,233.08273798676117,2.9248418640353986,3.938115114197729,6.887476249976243,9.273552410552158,1057.7847749894217,781.986538858939,7729.227906419843,10305.711886160429,True,1,1
2698,bigshakeB2698 25-09-23 10-04-40.fits,2025-09-23 10:04:40,384.1471447575532,226.7700732648122,2.987598399870219,4.614705300121067,7.035256598516781,10.866800542635653,1098.2328665868,773.0111702791248,7726.349305033688,10300.30480965124,True,1,1
2699,bigshakeB2699 25-09-23 10-04-40.fits,2025-09-23 10:04:40,386.0462350394976,229.60211692796824,2.8597803604213006,4.376763976055336,6.734268117105912,10.306491543184462,1177.1156000626963,805.7267837773776,7737.1686829734535,10315.38840759204,True,1,1
2700,bigshakeB2700 25-09-23 10-04-40.fits,2025-09-23 10:04:40,386.5133727573164,236.29170797808348,2.8578516081772745,4.558348879572852,6.7297262526597805,10.734091313862521,1199.0983200069822,784.7043677544409,7729.773708241052,10305.581042212743,True,1,1
2701,bigshakeB2701 25-09-23 10-04-40.fits,2025-09-23 10:04:40,384.7669188170864,233.41669928042043,2.8497303297323353,4.359695078471638,6.71060210338636,10.266297361007792,1162.5978842190566,779.3499119028013,7731.411427804165,10308.106581222512,True,1,1
2702,bigshakeB2702 25-09-23 10-04-40.fits,2025-09-23 10:04:40,384.50880161778935,226.11442807411473,2.8153902675718796,3.9716914835445833,6.62973743666331,9.352618718129493,1116.6990519604467,796.3400610395942,7731.067659327383,10307.991652881485,True,1,1
2703,bigshakeB2703 25-09-23 10-04-40.fits,2025-09-23 10:04:40,384.3722668715635,230.37501868665643,2.888750317835418,4.656600631900692,6.802487153528368,10.965456509703534,1241.8044066988691,810.3905915013371,7734.7001022654895,10311.960049496709,True,1,1
2704,bigshakeB2704 25-09-23 10-04-40.fits,2025-09-23 10:04:40,385.72200334900674,230.37440508155018,2.9208630199602528,3.9185702900942228,6.878106788192037,9.227527866976617,1101.490863809002,810.9389796087062,7730.592835935982,10307.663820225376,True,1,1
2705,bigshakeB2705 25-09-23 10-04-40.fits,2025-09-23 10:04:40,383.1049944041517,229.4313991584847,2.9098370066429213,3.7708238880551854,6.8521425110156065,8.879611677873891,1046.2245133978822,860.9349350495853,7734.048381631,10311.0091597816,True,1,1
2706,bigshakeB2706 25-09-23 10-04-40.fits,2025-09-23 10:04:40,383.20325652809447,230.11431397495056,2.9428637677224136,4.2551556506183745,6.929914590028043,10.020125820802859,1138.9706684910707,804.8858188602054,7726.156553641219,10301.160442966479,True,1,1
2707,bigshakeB2707 25-09-23 10-04-41.fits,2025-09-23 10:04:41,384.9153518218949,231.54807345412655,2.956205743646237,3.8998334801814827,6.961332542373782,9.183406051414163,1104.2970651751994,846.7605427987647,7729.871935134161,10306.299060746816,True,1,1
2708,bigshakeB2708 25-09-23 10-04-41.fits,2025-09-23 10:04:41,385.66130243337096,232.49680575369558,2.8936725153445266,4.111693764620965,6.8140780428884185,9.682298895958214,1092.2545911775421,788.4871197032178,7731.483566824008,10308.219723085143,True,1,1
2709,bigshakeB2709 25-09-23 10-04-41.fits,2025-09-23 10:04:41,382.5286550113315,231.59185243900745,2.8094869800103566,4.1989614479858535,6.615836256781853,9.887798586029268,1184.4178945693725,817.5724561604629,7736.801448555124,10315.185119518752,True,1,1
2710,bigshakeB2710 25-09-23 10-04-41.fits,2025-09-23 10:04:41,382.1327825283026,224.01996746906806,2.8053794150099316,4.037405344011412,6.606163680382585,9.507363033993148,1153.3961380576234,815.1761585181634,7730.651981783777,10307.246236662344,True,1,1
2711,bigshakeB2711 25-09-23 10-04-41.fits,2025-09-23 10:04:41,384.0251271237828,229.63010958392462,2.840245652529791,4.199680243089609,6.68826739538916,9.88949121914786,1186.082856832588,837.1349911534712,7728.808990929879,10304.311351605867,True,1,1
2712,bigshakeB2712 25-09-23 10-04-41.fits,2025-09-23 10:04:41,384.3809850553637,234.51199701294377,2.969935107505988,4.114579018849016,6.993662723596248,9.689093150449438,1116.6081768209551,803.2468142832433,7728.483413114201,10304.70320245948,True,1,1
2713,bigshakeB2713 25-09-23 10-04-41.fits,2025-09-23 10:04:41,382.3734329028648,236.91136998620544,2.8613214735513175,4.289900269169198,6.737897161196136,10.101943145023293,1222.059337241931,840.0827907512082,7728.5297833162185,10304.146737652665,True,1,1
2714,bigshakeB2714 25-09-23 10-04-41.fits,2025-09-23 10:04:41,381.8981441316839,222.64306647313327,2.823885601515256,4.29995921168845,6.649742419322405,10.125630144499441,1239.5632917514756,818.8229279851616,7727.099743996763,10302.692498943648,True,1,1
2715,bigshakeB2715 25-09-23 10-04-41.fits,2025-09-23 10:04:41,383.67535364546217,222.41484720466386,2.932214208766894,3.9921201185428727,6.904836795128847,9.400724477316086,1101.0404178898777,836.9339211424034,7727.511538768315,10302.76042112538,True,1,1
2716,bigshakeB2716 25-09-23 10-04-41.fits,2025-09-23 10:04:41,384.3632166863719,237.03282268817918,2.861063808081934,3.715670533112603,6.737290405383919,8.749735452104392,1081.1056920875892,841.7272740630791,7729.869870435077,10306.313159290083,True,1,1
2717,bigshakeB2717 25-09-23 10-04-41.fits,2025-09-23 10:04:41,384.700722400847,238.18675722997878,2.9091087279389507,3.9157576380186443,6.850427545725128,9.220904577489348,1131.3430936053176,817.5442560983735,7729.156538831433,10306.011495743507,True,1,1
2718,bigshakeB2718 25-09-23 10-04-41.fits,2025-09-23 10:04:41,383.12897116599095,228.84169169266062,2.8348286624314873,4.01580650031125,6.675511358521941,9.456501643898516,1147.9967905052576,844.5582094614399,7729.735146247834,10305.597007899625,True,1,1
2719,bigshakeB2719 25-09-23 10-04-41.fits,2025-09-23 10:04:41,384.0404536973056,228.82164157374746,2.962498701097637,4.181391918963966,6.976151324722866,9.846425506906774,1158.1972472334896,799.2344853254767,7730.481816784506,10307.775140286845,True,1,1
2720,bigshakeB2720 25-09-23 10-04-41.fits,2025-09-23 10:04:41,383.39285576941984,227.26049862181475,2.8915928249864815,4.004474065272922,6.809180746345836,9.429815798711251,1132.0369604297039,825.336793883487,7728.563794049601,10304.586445464261,True,1,1
2721,bigshakeB2721 25-09-23 10-04-41.fits,2025-09-23 10:04:41,383.29286497858106,235.51770786048456,2.885184416188052,3.883301508197847,6.794090096850542,9.144476232403207,1050.990499145599,809.8656368466247,7728.601793045665,10304.214110976905,True,1,1
2722,bigshakeB2722 25-09-23 10-04-41.fits,2025-09-23 10:04:41,384.3920464182902,228.20197517095974,2.8304278474367273,4.298490424081048,6.665148231157807,10.122171413999638,1248.372560537199,855.2071645230305,7729.3203254958335,10305.015383918584,True,1,1
2723,bigshakeB2723 25-09-23 10-04-41.fits,2025-09-23 10:04:41,385.37474925584297,227.3384440174264,2.9377253244359025,4.043216886543301,6.917814480776713,9.52104817083979,1057.8656962675998,796.9365093341069,7728.597037611756,10304.198280367986,True,1,1
2724,bigshakeB2724 25-09-23 10-04-41.fits,2025-09-23 10:04:41,381.1474363622979,229.90759292934277,2.902929818234248,4.0166896755225565,6.835877325296057,9.458581362589376,1126.2340170007094,825.8842143437095,7729.485756074438,10305.730646652253,True,1,1
2725,bigshakeB2725 25-09-23 10-04-41.fits,2025-09-23 10:04:41,379.6150744950837,236.79674971088434,3.0203005918381187,3.953227844269344,7.112264375679241,9.309140170259939,1081.7211727053577,824.7236009292765,7727.514901353095,10303.388726965613,True,1,1
2726,bigshakeB2726 25-09-23 10-04-41.fits,2025-09-23 10:04:41,381.7953104003891,226.09265712167831,3.0254353800797857,4.403758919803088,7.124355877957709,10.370059777836152,1152.8365249594867,799.1760713183628,7728.517657286483,10304.525470227867,True,1,1
2727,bigshakeB2727 25-09-23 10-04-41.fits,2025-09-23 10:04:41,385.82026358096897,229.4984607608505,2.87747902875112,3.859871456778958,6.775945296059325,9.089302677665902,1100.6288313547802,850.4216363792709,7735.599089158239,10313.529056388485,True,1,1
2728,bigshakeB2728 25-09-23 10-04-41.fits,2025-09-23 10:04:41,386.40300890319696,225.94114655466936,2.9283256099452646,4.096015185688407,6.89567984467659,9.645378664010227,1078.410061128498,801.5208633019997,7733.403482552064,10310.551322973752,True,1,1
2729,bigshakeB2729 25-09-23 10-04-41.fits,2025-09-23 10:04:41,383.5830602635669,231.85822485634927,2.9041075572491835,3.8564625918940556,6.838650688736243,9.081275414304132,1082.8855727074083,824.6255828897434,7728.104866960157,10303.955368524623,True,1,1
2730,bigshakeB2730 25-09-23 10-04-41.fits,2025-09-23 10:04:41,381.3118424759222,237.9335279563242,2.922283729586745,4.162921842487764,6.881452303698669,9.80293180058736,1181.3512867646837,853.3377906878163,7735.619544484532,10313.636474039999,True,1,1
2731,bigshakeB2731 25-09-23 10-04-41.fits,2025-09-23 10:04:41,382.13222264649414,228.0175619475276,3.014482806100872,4.028459981060777,7.098564537207478,9.486298314006916,1108.5001470252944,826.995266805119,7731.5686948026505,10308.810675928564,True,1,1
2732,bigshakeB2732 25-09-23 10-04-41.fits,2025-09-23 10:04:41,384.62819753331894,229.95502526758727,2.8997081397538933,4.436336920082864,6.8282908522318735,10.446775105921994,1194.6462948310548,782.0952828471414,7731.140195094389,10308.158139250414,True,1,1
2733,bigshakeB2733 25-09-23 10-04-41.fits,2025-09-23 10:04:41,385.4760620064201,229.64512922973753,2.8902611656019292,4.024889172527368,6.8060449281339395,9.477889702495478,1117.6550705157829,809.8403753139958,7728.618439010319,10304.6720846371,True,1,1
2734,bigshakeB2734 25-09-23 10-04-41.fits,2025-09-23 10:04:41,383.29700182368543,232.68795449016562,2.8828710282795593,3.8206955852878854,6.7886424846316915,8.997050550197168,1044.1663971283144,810.0546745319419,7729.107117109275,10305.033447655562,True,1,1
2735,bigshakeB2735 25-09-23 10-04-41.fits,2025-09-23 10:04:41,384.01958334833046,231.38842542438,2.9650519993158717,4.19561398432155,6.982163882548107,9.879915911492553,1136.6296816819058,811.8821213459665,7730.916009903185,10307.699087209423,True,1,1
2736,bigshakeB2736 25-09-23 10-04-41.fits,2025-09-23 10:04:41,386.473618671621,234.96389646784834,3.005940413388888,4.647667539745317,7.078448739616771,10.944420685231949,1163.378495743413,774.0140272382843,7729.181569568693,10305.051575072226,True,1,1
2737,bigshakeB2737 25-09-23 10-04-41.fits,2025-09-23 10:04:41,386.72152521902314,227.8834160411189,3.1709773189017114,4.307427470866162,7.467080952888247,10.143216550912603,1091.87917849075,810.9694071223706,7728.0191257651095,10303.864305015308,True,1,1
2738,bigshakeB2738 25-09-23 10-04-41.fits,2025-09-23 10:04:41,385.30125397855227,228.95100286596625,3.005267823934768,4.206752264491648,7.0768649124881335,9.90614455690427,1080.8640407593014,789.4781119723593,7728.582429152095,10304.39612393918,True,1,1
2739,bigshakeB2739 25-09-23 10-04-41.fits,2025-09-23 10:04:41,383.8148775094145,228.33303972470134,2.9952084084485615,4.2114129821899216,7.053176799259919,9.917119708364396,1112.7041832181576,789.2569912104622,7728.676495464235,10304.948438572997,True,1,1
2740,bigshakeB2740 25-09-23 10-04-41.fits,2025-09-23 10:04:41,384.85287264954235,238.52444705094024,3.0045277417593117,4.007675413817761,7.075122152146399,9.437354398435769,1054.7259397736855,784.6686339887251,7729.440018658765,10306.046693959257,True,1,1
2741,bigshakeB2741 25-09-23 10-04-41.fits,2025-09-23 10:04:41,384.76083679551454,227.66690145210507,3.036474624231298,3.8879739599447234,7.15035131136768,9.155479015436192,1001.7866703277623,782.0352916643681,7729.40326241291,10305.878154974946,True,1,1
2742,bigshakeB2742 25-09-23 10-04-41.fits,2025-09-23 10:04:41,383.81497586483874,224.78127848977383,3.1201618608054043,4.128040568238492,7.347419693565633,9.720792676788951,1009.1775833699819,763.9475801048042,7728.565836546534,10304.729334421032,True,1,1
2743,bigshakeB2743 25-09-23 10-04-41.fits,2025-09-23 10:04:41,384.148518684323,232.92939097152814,3.0972924143685074,3.9998305816394377,7.293566262677267,9.41888123037235,1034.8236913221813,796.4927158468724,7728.616994456288,10304.923528324338,True,1,1
2744,bigshakeB2744 25-09-23 10-04-41.fits,2025-09-23 10:04:41,384.4049610518064,231.4376328839577,3.0592968577162716,4.4948232767950556,7.204093564250472,10.584499951068691,1128.8037079427495,760.1852154828629,7730.533978411998,10307.568971577855,True,1,1
2745,bigshakeB2745 25-09-23 10-04-41.fits,2025-09-23 10:04:41,383.18816693504544,235.05064259163672,2.995447734351344,3.9608027982793055,7.053740368693087,9.326977823802784,1025.0631378898074,783.5764387367661,7731.684906399467,10308.740519090612,True,1,1
2746,bigshakeB2746 25-09-23 10-04-41.fits,2025-09-23 10:04:41,382.4461731229404,220.3277542478344,3.002866969240493,4.135927452155146,7.071211331728848,9.73936486912872,1063.4716310253043,822.5013493774728,7728.554958219994,10303.651952331524,True,1,1
2747,bigshakeB2747 25-09-23 10-04-41.fits,2025-09-23 10:04:41,382.99751915384553,233.15243512445954,3.088367071328206,3.931778827606774,7.272548685977187,9.258631595876718,1005.462669583714,771.0536439691316,7736.523942390059,10315.749738872615,True,1,1
2748,bigshakeB2748 25-09-23 10-04-41.fits,2025-09-23 10:04:41,385.36826952543936,225.06880191345542,3.2433322608215454,4.623900382850434,7.637463820478122,10.888453307762482,1099.5475626096097,789.3647947155229,7729.754479771275,10305.901972345284,True,1,1
2749,bigshakeB2749 25-09-23 10-04-41.fits,2025-09-23 10:04:41,386.6578130731082,232.17510185401449,3.145891269317116,3.9490152164000567,7.4080078204758015,9.299220189711086,1004.5880204100978,796.4073089092868,7728.066001240442,10304.167900957329,True,1,1
2750,bigshakeB2750 25-09-23 10-04-41.fits,2025-09-23 10:04:41,386.74391773992517,227.08930021017736,2.98209998451474,4.425988049204442,7.0223088198217924,10.422405377334046,1147.6112286230045,794.5350662654904,7730.518105537049,10306.864967124466,True,1,1
2751,bigshakeB2751 25-09-23 10-04-41.fits,2025-09-23 10:04:41,382.2478617228811,229.89922701312577,2.9979420709841866,3.961807778882833,7.05961408259516,9.329344372272839,1054.928494297289,800.317963310079,7729.34609536729,10305.752539287058,True,1,1
2752,bigshakeB2752 25-09-23 10-04-41.fits,2025-09-23 10:04:41,381.16985312238654,231.6750662273146,3.0596521657130347,4.239672897608378,7.20493025064341,9.983666723662656,1083.44313027793,800.9519688805046,7727.30567146962,10302.65219997476,True,1,1
2753,bigshakeB2753 25-09-23 10-04-41.fits,2025-09-23 10:04:41,382.21276052922,228.5422495116216,2.973158716861898,4.2853292656801525,7.001253743524894,10.091179254381382,1117.9673301981247,785.7210526195113,7728.439425831353,10304.360413659575,True,1,1
2754,bigshakeB2754 25-09-23 10-04-41.fits,2025-09-23 10:04:41,385.50768860054876,227.2934725257203,3.0755258020846776,4.3186927294726845,7.242309807758887,10.1697442076917,1110.2334086959063,806.079721542276,7726.662482308631,10301.868539575538,True,1,1
2755,bigshakeB2755 25-09-23 10-04-41.fits,2025-09-23 10:04:41,387.441075625472,228.11696503277216,3.0324736972952846,4.093007888909347,7.140929848420051,9.638297021273539,1062.3005372390053,778.3499871245943,7735.787736862224,10314.569587698395,True,1,1
2756,bigshakeB2756 25-09-23 10-04-41.fits,2025-09-23 10:04:41,383.87412651797183,237.27589709455714,3.0952479201643133,4.483090086703623,7.28875184674328,10.556870399849227,1106.3493479697966,814.1223436602861,7729.672247139573,10305.052809811226,True,1,1
2757,bigshakeB2757 25-09-23 10-04-41.fits,2025-09-23 10:04:41,382.1985588992143,231.1430127597705,3.022950993345917,4.344571718200156,7.118505594277185,10.230684569092281,1107.323300485313,800.3653773172427,7729.3818006901465,10305.16424981092,True,1,1
2758,bigshakeB2758 25-09-23 10-04-41.fits,2025-09-23 10:04:41,384.2070954458132,232.66684268461958,3.019384889767211,4.443353994087139,7.1101080620873915,10.463299052444725,1165.8871769933512,765.5252513051516,7729.487517847453,10306.603551492106,True,1,1
2759,bigshakeB2759 25-09-23 10-04-41.fits,2025-09-23 10:04:41,385.9312362303607,225.44932417550604,3.008546367640566,3.758059671796719,7.084585292925056,8.849554245569344,1012.5861082264524,821.438289930934,7728.3277764035165,10304.225006553113,True,1,1
2760,bigshakeB2760 25-09-23 10-04-42.fits,2025-09-23 10:04:42,386.46284098796576,230.89240519707354,3.0103915877308336,4.282746089506427,7.088930454181113,10.085096339347645,1083.9591852251172,795.8402349365646,7728.075807765703,10303.342612864593,True,1,1
2761,bigshakeB2761 25-09-23 10-04-42.fits,2025-09-23 10:04:42,386.6048720412396,233.7212305802482,3.0950590408524254,4.581425546656993,7.2883070699535555,10.788432712084761,1150.598462972107,819.8428838295703,7729.325734604636,10304.749960503985,True,1,1
2762,bigshakeB2762 25-09-23 10-04-42.fits,2025-09-23 10:04:42,383.834135799008,234.10997284899602,2.9370038830308696,4.279606090162448,6.916115616094825,10.077702205951061,1121.352111512452,807.4660180939609,7735.265049332502,10312.83959139403,True,1,1
2763,bigshakeB2763 25-09-23 10-04-42.fits,2025-09-23 10:04:42,382.3633254516817,227.37842237199212,3.026876761418595,3.943717224596972,7.12775007162687,9.286744372414772,1094.3190494591363,813.2159977911574,7728.967378840317,10305.839599283048,True,1,1
2764,bigshakeB2764 25-09-23 10-04-42.fits,2025-09-23 10:04:42,383.30780237847006,227.6122420549835,2.9960616291851787,4.097599752903627,7.055185980553342,9.649110034651326,1059.320356419013,805.7038043606655,7730.444516518706,10306.592682908124,True,1,1
2765,bigshakeB2765 25-09-23 10-04-42.fits,2025-09-23 10:04:42,386.89893554980017,226.77863114562797,3.0908736630667026,4.139993966817397,7.278451258447708,9.748940779368802,1038.6377569581655,778.9434657125898,7731.662462564824,10308.80744140634,True,1,1
2766,bigshakeB2766 25-09-23 10-04-42.fits,2025-09-23 10:04:42,387.9620044650153,238.9857296494908,3.081137991497918,4.0343255325778715,7.255525503885696,9.500110632294533,1055.3821851698601,813.2876412160946,7735.348438992893,10313.644967588882,True,1,1
2767,bigshakeB2767 25-09-23 10-04-42.fits,2025-09-23 10:04:42,384.2063903443173,227.96863472659905,3.0103229041850956,4.091958118982014,7.088768716790845,9.635825002005983,1104.8267925315974,831.2196364071239,7729.0081900330715,10304.950344354987,True,1,1
2768,bigshakeB2768 25-09-23 10-04-42.fits,2025-09-23 10:04:42,382.73867942502795,232.46538812235121,2.9748111642745445,3.873508268761307,7.005144959815554,9.121414915872256,1082.8378967570845,846.2212568585496,7729.3071141965365,10305.447210318724,True,1,1
2769,bigshakeB2769 25-09-23 10-04-42.fits,2025-09-23 10:04:42,383.9502028881388,221.7722386275895,3.030758677358022,3.8574083094448635,7.136891285094158,9.08350240894971,1080.9717442373653,839.9432029596815,7728.412302261365,10304.738572159871,True,1,1
2770,bigshakeB2770 25-09-23 10-04-42.fits,2025-09-23 10:04:42,385.9211459854745,226.54768510778413,3.001855200707347,4.347159229318238,7.068828798906065,10.23677769213988,1179.3377917871449,825.0008260601248,7728.3766115076105,10304.260840413353,True,1,1
2771,bigshakeB2771 25-09-23 10-04-42.fits,2025-09-23 10:04:42,385.13887733375896,236.96744930646426,2.9623748163306596,4.01191040761428,6.975859598390314,9.447327046718394,1088.722674854595,807.2816523922265,7727.0025169879755,10302.599330357367,True,1,1
2772,bigshakeB2772 25-09-23 10-04-42.fits,2025-09-23 10:04:42,384.6230670086125,232.85995721757504,2.947761606491418,4.27977357226365,6.941448118938624,10.078096596160156,1070.812878234092,794.3979684470359,7729.388789247454,10304.580950678663,True,1,1
2773,bigshakeB2773 25-09-23 10-04-42.fits,2025-09-23 10:04:42,384.3488811239766,227.34526527867237,2.956229990421199,4.181475431169143,6.96138963916549,9.846622163121529,1142.3713229069278,833.4853428669204,7729.921616653132,10305.997714453175,True,1,1
2774,bigshakeB2774 25-09-23 10-04-42.fits,2025-09-23 10:04:42,383.35039115527474,230.07927685781218,2.828288476490586,4.44320701678499,6.660110397570076,10.46295294734746,1233.0775270831587,807.1899733742026,7728.86583827802,10304.637390053798,True,1,1
2775,bigshakeB2775 25-09-23 10-04-42.fits,2025-09-23 10:04:42,380.23066604630344,232.4356019179992,2.8595706281059248,4.0851020292676665,6.733774235245574,9.619680144516108,1127.799437542826,794.1600230782941,7728.384481719753,10304.4123637094,True,1,1
2776,bigshakeB2776 25-09-23 10-04-42.fits,2025-09-23 10:04:42,380.3504184929155,232.51029883171395,2.924122502923076,4.060492477583555,6.885782284009331,9.561729078911139,1098.351597535537,798.9335348461267,7728.055352058106,10303.904871738328,True,1,1
2777,bigshakeB2777 25-09-23 10-04-42.fits,2025-09-23 10:04:42,383.5188780177876,232.81233692835727,2.97133894973773,4.324445780697206,6.996968519423615,10.183291608035294,1130.9761828337628,786.2720869003513,7730.736627554463,10307.441635578965,True,1,1
2778,bigshakeB2778 25-09-23 10-04-42.fits,2025-09-23 10:04:42,388.1952548738242,232.70030717904592,2.8526316959163664,4.250223498800363,6.717434298634491,10.00851149083667,1203.637971720406,821.0578925521006,7728.430315640793,10304.280563694434,True,1,1
2779,bigshakeB2779 25-09-23 10-04-42.fits,2025-09-23 10:04:42,386.59103312669396,230.10092944837464,2.93037104339241,3.797104014701783,6.9004964723587054,8.94149664688725,1067.7176245037817,825.627797876037,7728.559749018851,10304.714028810642,True,1,1
2780,bigshakeB2780 25-09-23 10-04-42.fits,2025-09-23 10:04:42,382.1624416247886,228.79290388738985,2.8019117617972924,4.239476039775899,6.5979979810882465,9.983203158892712,1201.641897826787,799.2442938207446,7730.066323251034,10306.642913170313,True,1,1
2781,bigshakeB2781 25-09-23 10-04-42.fits,2025-09-23 10:04:42,379.710914632827,230.61965742781913,2.8945960491243032,3.876396338734012,6.8162527987453,9.128215800935434,1069.8935793886078,819.7210784441339,7729.115935175221,10305.066726596642,True,1,1
2782,bigshakeB2782 25-09-23 10-04-42.fits,2025-09-23 10:04:42,382.6316904414196,231.6009201129991,2.942510148525954,4.0035870532060835,6.929081880455913,9.427727044916075,1158.6063309157853,814.8010866309489,7728.661524369091,10305.650125044825,True,1,1
2783,bigshakeB2783 25-09-23 10-04-42.fits,2025-09-23 10:04:42,384.5148180479594,230.16670622221085,2.7978358843356848,4.368541785691699,6.588400023140563,10.28712976450211,1235.2255371421907,793.3782174173815,7729.344058010876,10305.740129762025,True,1,1
2784,bigshakeB2784 25-09-23 10-04-42.fits,2025-09-23 10:04:42,386.012961229423,227.60411479331862,2.8909961000800486,4.203667512225372,6.807775566574799,9.89888052043369,1196.4018569794032,820.330909152094,7730.62045533181,10307.548223095933,True,1,1
2785,bigshakeB2785 25-09-23 10-04-42.fits,2025-09-23 10:04:42,386.93767629407375,225.63631359028057,2.8317526024247894,4.60242554547357,6.668267790758451,10.837883930243663,1238.8001365173038,815.1678877840503,7729.788764686538,10305.111997078197,True,1,1
2786,bigshakeB2786 25-09-23 10-04-42.fits,2025-09-23 10:04:42,385.14843923322985,231.87807532656566,2.8018839679627234,4.309747882753111,6.597932531609476,10.14868070333672,1189.3741672137762,810.9473193697266,7729.935453631239,10305.732058520764,True,1,1
2787,bigshakeB2787 25-09-23 10-04-42.fits,2025-09-23 10:04:42,382.7265933913439,234.96039386630778,2.8321431368163528,4.271484747444905,6.669187428971978,10.058577905327224,1212.240053228654,803.7105348242795,7729.47835967678,10305.972190955463,True,1,1
2788,bigshakeB2788 25-09-23 10-04-42.fits,2025-09-23 10:04:42,380.5531110262781,230.39864864590393,2.865698038408082,4.11860158913525,6.748203183849223,9.698565579592008,1157.7439142158591,802.998226952474,7727.910387372043,10303.935425704538,True,1,1
2789,bigshakeB2789 25-09-23 10-04-42.fits,2025-09-23 10:04:42,384.78047421698767,221.34616014129483,2.8522954123616784,4.334123189049488,6.716642411379097,10.206080163207197,1182.71246046752,826.0714787018311,7727.326604008837,10302.021937371752,True,1,1
2790,bigshakeB2790 25-09-23 10-04-42.fits,2025-09-23 10:04:42,387.43442688794613,234.63941121815796,2.7722931932105808,3.763077014197904,6.528251582075134,8.861369184028439,1096.0331557836107,820.9110329224465,7727.739916682071,10303.388845122863,True,1,1
2791,bigshakeB2791 25-09-23 10-04-42.fits,2025-09-23 10:04:42,387.727875450418,229.09759839020344,2.748748675581254,3.9790976445707535,6.472808480011011,9.370058894570647,1116.4150676706663,800.0440646402859,7733.7684350351265,10311.092219921653,True,1,1
2792,bigshakeB2792 25-09-23 10-04-42.fits,2025-09-23 10:04:42,384.4953547732611,230.88517413510908,2.832531193953895,4.13411197179757,6.67010123369808,9.735089739591341,1208.4207933920031,829.6484563320583,7730.015762758284,10306.651285226422,True,1,1
2793,bigshakeB2793 25-09-23 10-04-42.fits,2025-09-23 10:04:42,382.9794574152223,233.619621140897,2.8384088948875092,4.279728379234441,6.683942161675252,10.077990174709077,1221.3907388589112,806.0955055704799,7729.931258144086,10306.663455803016,True,1,1
2794,bigshakeB2794 25-09-23 10-04-42.fits,2025-09-23 10:04:42,381.95764085650467,230.5613244741116,2.7659844217534153,3.86715651215909,6.513395560588282,9.106457672104197,1191.8122106114304,856.4619654911257,7731.112210382545,10308.068469802656,True,1,1
2795,bigshakeB2795 25-09-23 10-04-42.fits,2025-09-23 10:04:42,380.6833155028294,228.67056575615757,2.810735509817624,4.137457818116166,6.618776319798825,9.742968605569963,1188.9800854121897,844.35150440263,7729.1423086681325,10304.731609367642,True,1,1
2796,bigshakeB2796 25-09-23 10-04-42.fits,2025-09-23 10:04:42,380.4147299355848,226.93113256847923,2.8587271798916194,3.948375047161856,6.731788066483582,9.297712706356759,1163.9517771474684,837.2413894457422,7728.655302326189,10304.986939790577,True,1,1
2797,bigshakeB2797 25-09-23 10-04-42.fits,2025-09-23 10:04:42,388.0790603014657,223.8920582081939,2.8787684920736933,4.550461435641307,6.7789817501386525,10.715517802788462,1190.5708907914438,794.0272303742055,7729.160683558635,10304.577239699187,True,1,1
2798,bigshakeB2798 25-09-23 10-04-42.fits,2025-09-23 10:04:42,385.02457619888344,237.00115435680507,2.8310531474131704,4.069322614411337,6.666620700076493,9.582522462113564,1176.5159238766519,817.3602833642237,7736.39214829488,10315.213952010012,True,1,1
2799,bigshakeB2799 25-09-23 10-04-42.fits,2025-09-23 10:04:42,380.3481586582358,231.3393227808396,2.719571463002287,4.007033938050623,6.40410139497193,9.43584383844091,1174.0983679977057,823.8455683766344,7727.255038411797,10302.442033356583,True,1,1
2800,bigshakeB2800 25-09-23 10-04-42.fits,2025-09-23 10:04:42,381.3381170971169,227.65763033191732,2.800273638699731,4.258992430221512,6.594140495981881,10.029160746320693,1206.9805228219025,828.6446952871061,7728.634231099408,10304.065893413237,True,1,1
2801,bigshakeB2801 25-09-23 10-04-42.fits,2025-09-23 10:04:42,382.9721322330375,227.85228738139762,2.745523451334335,4.066153173361031,6.465213657304647,9.575058998796761,1129.0055806051737,781.9736129779443,7734.011212523896,10311.597631991259,True,1,1
2802,bigshakeB2802 25-09-23 10-04-42.fits,2025-09-23 10:04:42,388.95363515450543,233.65124330044287,2.81390033551458,4.697943458983854,6.6262289147890465,11.062811427637213,1296.2034184454924,774.7070068604093,7731.1864937963,10308.28969147807,True,1,1
2803,bigshakeB2803 25-09-23 10-04-42.fits,2025-09-23 10:04:42,387.3245443541179,228.9123724624616,2.778883099620433,4.356490593091899,6.5437696257839315,10.258751374601573,1165.9075822933287,801.8635049291604,7730.810504256548,10306.424100698989,True,1,1
2804,bigshakeB2804 25-09-23 10-04-42.fits,2025-09-23 10:04:42,383.6923968498613,238.30405516050794,2.7777808965206363,4.639313212247647,6.541174135830835,10.924747747377682,1300.0899250890589,802.863498205292,7731.016641386065,10307.43015279694,True,1,1
2805,bigshakeB2805 25-09-23 10-04-42.fits,2025-09-23 10:04:42,380.2404887688487,227.927346251297,2.7861856018442572,4.069443350049175,6.560965704399477,9.582806772813695,1161.6767035317525,803.3564692464802,7729.929577112458,10306.402701350638,True,1,1
2806,bigshakeB2806 25-09-23 10-04-42.fits,2025-09-23 10:04:42,381.59529088883636,228.25087467146665,2.7963336927592195,4.231143468302163,6.5848626323048265,9.963581452559707,1224.1707665075432,844.8232683611621,7729.16614883847,10304.764345091218,True,1,1
2807,bigshakeB2807 25-09-23 10-04-42.fits,2025-09-23 10:04:42,382.9555674131768,225.69459723835294,2.7651171770806826,4.66500081933586,6.511353355448985,10.985237439457885,1280.1274470794594,813.6968169482346,7731.353565462767,10307.13353950302,True,1,1
2808,bigshakeB2808 25-09-23 10-04-42.fits,2025-09-23 10:04:42,387.86138587430474,234.21672596741953,2.879997316375574,4.129196860080869,6.781875410236543,9.723515535997286,1140.6929398530474,800.2633428174695,7729.833192698061,10306.34371880069,True,1,1
2809,bigshakeB2809 25-09-23 10-04-42.fits,2025-09-23 10:04:42,388.43355351710994,226.450986573374,2.760615293373673,4.1347574644806375,6.50075222945532,9.736609758700348,1150.078192000572,776.2969344507467,7729.64944862794,10306.01713688254,True,1,1
2810,bigshakeB2810 25-09-23 10-04-42.fits,2025-09-23 10:04:42,386.5929405634157,233.24064033039787,2.7788597655404152,4.392512633116332,6.543714678224574,10.343576796514014,1187.8072745166046,800.5845825215562,7729.625386113464,10305.04009671739,True,1,1
2811,bigshakeB2811 25-09-23 10-04-42.fits,2025-09-23 10:04:42,384.1276512549333,224.56602434628277,2.7221846716121414,4.325243201129667,6.410255030988263,10.18516938965397,1230.6202236302638,828.6943806614862,7730.5982135446,10306.240584169704,True,1,1
2812,bigshakeB2812 25-09-23 10-04-43.fits,2025-09-23 10:04:43,382.01705280439717,235.17109684643805,2.752386342164898,4.280074367621359,6.481374530199315,10.07880491509794,1181.1860042848389,775.1072013253922,7728.643359973361,10304.510873809484,True,1,1
2813,bigshakeB2813 25-09-23 10-04-43.fits,2025-09-23 10:04:43,379.3758993677077,225.86764610006188,2.722015336160899,4.155334859654721,6.409856276473342,9.785065821330802,1133.7344943061894,800.147899107839,7729.5350596248945,10304.799490874555,True,1,1
2814,bigshakeB2814 25-09-23 10-04-43.fits,2025-09-23 10:04:43,380.6793843786374,231.22610055030114,2.7489264114079432,4.257528690023786,6.473227015898419,10.025713901562371,1220.4561613455987,817.0638164121208,7727.503753231523,10302.69221000447,True,1,1
2815,bigshakeB2815 25-09-23 10-04-43.fits,2025-09-23 10:04:43,386.3751960389468,219.672981580275,2.8345298307843905,4.256045106484432,6.6748076637692675,10.022220329305423,1164.48306480095,815.860908274962,7729.7315885646185,10305.412775636483,True,1,1
2816,bigshakeB2816 25-09-23 10-04-43.fits,2025-09-23 10:04:43,389.65251578613925,237.15936787646606,2.784466811231802,4.25279466062455,6.556918261812055,10.014566114239285,1161.2973668647596,811.6483044686694,7730.138409234167,10305.711847412218,True,1,1
2817,bigshakeB2817 25-09-23 10-04-43.fits,2025-09-23 10:04:43,386.59194240204585,234.74005137805173,2.7190062250448173,4.3606149205099785,6.402770361299468,10.268463423477938,1266.656874594883,809.644566105035,7727.771956385853,10303.244225246202,True,1,1
2818,bigshakeB2818 25-09-23 10-04-43.fits,2025-09-23 10:04:43,379.1283582700321,232.0506972289883,2.7563912686620826,4.190975734202569,6.490805411393761,9.86899366713851,1233.1644155483934,829.0072551652697,7726.263688858477,10301.291870486893,True,1,1
2819,bigshakeB2819 25-09-23 10-04-43.fits,2025-09-23 10:04:43,383.4887243847638,229.41478662144965,2.738343331484736,4.161831978892702,6.448305767157086,9.800365367947359,1156.843568196689,782.048028019483,7728.517836787527,10304.236552867582,True,1,1
2820,bigshakeB2820 25-09-23 10-04-43.fits,2025-09-23 10:04:43,389.76809006596096,234.3614073140487,2.8615686852255653,4.592414000257826,6.7384793002020205,10.814308542887897,1215.64152415222,787.7603551239816,7729.2364661126385,10304.922326120504,True,1,1
2821,bigshakeB2821 25-09-23 10-04-43.fits,2025-09-23 10:04:43,384.3534512548506,230.5693218263311,2.794147003273138,4.455184143886639,6.579713372070743,10.491156926328307,1197.395821638783,775.6561189740928,7726.700896743882,10301.693474220863,True,1,1
2822,bigshakeB2822 25-09-23 10-04-43.fits,2025-09-23 10:04:43,378.9311301958625,228.30100925187642,2.7552116353770044,4.281130881099844,6.488027587288273,10.081292814214923,1234.988106979035,795.3309635513705,7729.512206674879,10306.004461271063,True,1,1
2823,bigshakeB2823 25-09-23 10-04-43.fits,2025-09-23 10:04:43,379.17081777759887,231.10958376264574,2.7575873742527364,4.4335297568905965,6.493622024814606,10.440164741767168,1208.1680419725408,819.5984831587418,7730.332569846978,10305.532560592283,True,1,1
2824,bigshakeB2824 25-09-23 10-04-43.fits,2025-09-23 10:04:43,383.6333711438115,224.31133605635424,2.83217216009648,4.385908483410826,6.669255773573794,10.328025212407104,1241.7696496892354,835.5185586505474,7730.3147271983125,10306.315501660261,True,1,1
2825,bigshakeB2825 25-09-23 10-04-43.fits,2025-09-23 10:04:43,388.1047278634724,235.69972154984234,2.7548047283514996,4.262914022699247,6.487069394468151,10.038395390895706,1180.3104231762995,802.2055489516466,7726.063494005407,10300.539583039417,True,1,1
2826,bigshakeB2826 25-09-23 10-04-43.fits,2025-09-23 10:04:43,387.89422800047475,227.6420641881464,2.679832086503586,4.412393836018036,6.310522314615757,10.390393451626274,1203.014040423358,790.5451691045531,7729.404597190144,10304.492474367988,True,1,1
2827,bigshakeB2827 25-09-23 10-04-43.fits,2025-09-23 10:04:43,384.5926825262578,233.4493152295537,2.7119254351415885,4.240895051651523,6.386096375300692,9.98654467650157,1187.3135704767042,782.232874257489,7729.9326451584575,10306.067901582928,True,1,1
2828,bigshakeB2828 25-09-23 10-04-43.fits,2025-09-23 10:04:43,383.83632907732834,228.12758344480594,2.688368773787806,4.409824333383017,6.330624676950799,10.384342735315572,1280.0997752956848,814.2338448725562,7728.587092075818,10304.003395363421,True,1,1
2829,bigshakeB2829 25-09-23 10-04-43.fits,2025-09-23 10:04:43,383.48523086149663,228.8418600982541,2.779952294754619,4.24739282535872,6.546287387917963,10.001845764275352,1168.1870165752343,786.4680534573886,7726.288615948143,10301.232836945444,True,1,1
2830,bigshakeB2830 25-09-23 10-04-43.fits,2025-09-23 10:04:43,383.59649810799255,230.05945150692642,2.6725507520711886,4.649072274770756,6.2933760823397735,10.947728583427809,1252.1802468080411,775.6360275076311,7730.00707847758,10305.32110134256,True,1,1
2831,bigshakeB2831 25-09-23 10-04-43.fits,2025-09-23 10:04:43,384.29034679720115,232.1573398490967,2.7681238680047477,4.075314242569458,6.518433571506185,9.596631668202681,1196.6560382080252,817.4993364085348,7729.645021155416,10306.093751538825,True,1,1
2832,bigshakeB2832 25-09-23 10-04-43.fits,2025-09-23 10:04:43,386.2995773324674,229.05611450249012,2.7582979751570593,4.306929687685293,6.495295362068123,10.142044361100215,1222.2306192578676,803.2299327186074,7728.505411951153,10304.21340140636,True,1,1
2833,bigshakeB2833 25-09-23 10-04-43.fits,2025-09-23 10:04:43,387.4573118237418,229.11808040192054,2.7010439984803525,4.047572961846965,6.360472550132079,9.531305944282524,1165.7151329192093,809.7267298658682,7730.510172246452,10306.674388042753,True,1,1
2834,bigshakeB2834 25-09-23 10-04-43.fits,2025-09-23 10:04:43,386.7015085273584,228.13459790132939,2.6598831953638995,4.242194054995964,6.263546265883884,9.989603595615622,1233.6305453169634,830.3683111677809,7728.951511973204,10304.008734511992,True,1,1
2835,bigshakeB2835 25-09-23 10-04-43.fits,2025-09-23 10:04:43,383.5093750623619,228.6819848293907,2.7041110960051413,4.118130949430327,6.367695012863517,9.69745730778087,1205.951746681865,815.7383812277297,7728.684087915017,10304.39883299012,True,1,1
2836,bigshakeB2836 25-09-23 10-04-43.fits,2025-09-23 10:04:43,381.14206365693286,228.81066089492694,2.6973388434096552,3.9809639801878753,6.351747576701653,9.3744537790926,1176.5943329553984,822.339098928371,7735.94028128808,10314.064677439628,True,1,1
2837,bigshakeB2837 25-09-23 10-04-43.fits,2025-09-23 10:04:43,381.62941501890907,234.18404054661485,2.7112690782652398,4.347705054519674,6.384550772971572,10.238063012265304,1268.808059369633,818.0798894292386,7729.79218447002,10305.780207448632,True,1,1
2838,bigshakeB2838 25-09-23 10-04-43.fits,2025-09-23 10:04:43,383.4993681712317,232.22197420487967,2.7560631645673688,4.492862337792525,6.490032785294672,10.57988229259845,1235.6218852842396,817.7208653906414,7729.3965590923635,10304.460166949986,True,1,1
2839,bigshakeB2839 25-09-23 10-04-43.fits,2025-09-23 10:04:43,384.95517653856143,227.16546467509795,2.6774066738058857,4.39490941285143,6.30481090417774,10.349220781477747,1337.1229170587392,847.5542414103409,7728.934712621175,10304.489583113042,True,1,1
2840,bigshakeB2840 25-09-23 10-04-43.fits,2025-09-23 10:04:43,385.3511712591029,228.8068213675022,2.745423428705226,4.099716629259307,6.464978122012664,9.654094897526532,1161.1920144254948,810.4598714142037,7729.082749838031,10304.740285401715,True,1,1
2841,bigshakeB2841 25-09-23 10-04-43.fits,2025-09-23 10:04:43,385.11009505623906,233.99534555983794,2.688162339392709,4.343781315536731,6.330138561099242,10.2288233130568,1301.7388984229178,816.3644232268913,7729.444675107745,10305.6817168654,True,1,1
2842,bigshakeB2842 25-09-23 10-04-43.fits,2025-09-23 10:04:43,384.18281898446213,234.3880972260312,2.6855123429882424,4.199389544922231,6.323898296446743,9.888806677276266,1254.4343115374002,840.5667431140198,7730.435427513164,10306.406114766414,True,1,1
2843,bigshakeB2843 25-09-23 10-04-43.fits,2025-09-23 10:04:43,384.35905849728323,225.19344873326853,2.6838639666257214,4.304637741097139,6.320016666746524,10.136647239332289,1237.6312054328769,803.0281544240779,7730.567029388332,10306.717134353263,True,1,1
2844,bigshakeB2844 25-09-23 10-04-43.fits,2025-09-23 10:04:43,382.8991962856645,234.60015551215633,2.6004881431391604,4.062298353214418,6.1236816063294075,9.565981591045526,1191.4536056905406,822.5288763563906,7728.232126211219,10303.040538153424,True,1,1
2845,bigshakeB2845 25-09-23 10-04-43.fits,2025-09-23 10:04:43,382.9421453381145,228.7657662735476,2.6969840263565485,4.008377766060995,6.350912046392678,9.43900831157681,1241.7158162084038,832.2941707563307,7727.366536481438,10303.221903046251,True,1,1
2846,bigshakeB2846 25-09-23 10-04-43.fits,2025-09-23 10:04:43,383.53331374712076,231.44288288507022,2.669883363758626,4.241198433245201,6.28709486287347,9.987259085559657,1290.5956681924993,843.7831283286288,7730.738767076853,10306.957605227608,True,1,1
2847,bigshakeB2847 25-09-23 10-04-43.fits,2025-09-23 10:04:43,384.79780574375116,232.2989412033693,2.574961651142588,4.139091150881478,6.063571311296556,9.746814810305924,1195.4898418456912,794.1088861772196,7737.998038548408,10316.241647779607,True,1,1
2848,bigshakeB2848 25-09-23 10-04-43.fits,2025-09-23 10:04:43,385.67568866129875,230.10331680738898,2.7029125664322793,4.143066564418123,6.3648726914007785,9.756176193789305,1240.00814528461,828.6947807250691,7728.546406960599,10304.301872499469,True,1,1
2849,bigshakeB2849 25-09-23 10-04-43.fits,2025-09-23 10:04:43,385.27758817226896,230.25362953887304,2.6170558988229256,3.955370003951689,6.162695689514713,9.314184570819583,1248.6719923677117,869.1396390339532,7735.652701283267,10313.316232040997,True,1,1
2850,bigshakeB2850 25-09-23 10-04-43.fits,2025-09-23 10:04:43,384.10257817553224,230.7752705016132,2.714370054987281,4.167689652100882,6.39185301511581,9.81415913423522,1206.2974570167125,802.8728437554187,7728.142894615171,10303.81564344936,True,1,1
2851,bigshakeB2851 25-09-23 10-04-43.fits,2025-09-23 10:04:43,382.47130604112687,229.68154095502845,2.657661427397303,3.8536768002293598,6.2583144021407335,9.074715376250825,1146.949793692524,833.4791335555856,7730.09107046888,10305.932942187617,True,1,1
2852,bigshakeB2852 25-09-23 10-04-43.fits,2025-09-23 10:04:43,381.6738894929809,230.2853388523872,2.6245789116999263,4.198374829123323,6.180411031036501,9.886417204172988,1322.8280484417878,849.9078721703997,7727.439564086855,10302.749519240762,True,1,1
2853,bigshakeB2853 25-09-23 10-04-43.fits,2025-09-23 10:04:43,382.34113328977105,227.8937135815409,2.6333086049994745,4.077107185967489,6.200967887805249,9.60085372725597,1288.9743629772513,836.1039161482493,7729.3341150950855,10305.702482833154,True,1,1
2854,bigshakeB2854 25-09-23 10-04-43.fits,2025-09-23 10:04:43,386.7344602110476,230.49573031406607,2.6257541609367556,4.02695951072064,6.183178531497293,9.482764976372987,1225.142935966128,829.9324424285282,7730.236510841328,10306.328305747373,True,1,1
2855,bigshakeB2855 25-09-23 10-04-43.fits,2025-09-23 10:04:43,384.62187854515076,233.96486850633576,2.535266630608045,4.101648283797355,5.970096681253899,9.658643596352805,1272.8133960763619,841.1003616211129,7727.298918365676,10301.900809358827,True,1,1
2856,bigshakeB2856 25-09-23 10-04-43.fits,2025-09-23 10:04:43,381.4370516460895,235.71835628039548,2.5706524097895014,4.2276508869816505,6.053423823379432,9.955357052057263,1264.8789722487656,839.9929016010852,7727.986777023236,10302.417645529,True,1,1
2857,bigshakeB2857 25-09-23 10-04-43.fits,2025-09-23 10:04:43,381.34462104325587,224.08578295652978,2.6270266098390933,4.361637293654456,6.186174919678796,10.270870928252055,1304.5283400212943,843.2484297947102,7729.199543817064,10304.289087667343,True,1,1
2858,bigshakeB2858 25-09-23 10-04-43.fits,2025-09-23 10:04:43,381.6083868441653,230.51678692789343,2.670211031711074,4.2256972609513355,6.287866461936009,9.950756614320584,1296.3584472891073,826.8304143584359,7730.801842693171,10307.56667436599,True,1,1
2859,bigshakeB2859 25-09-23 10-04-43.fits,2025-09-23 10:04:43,383.8208818368984,228.39836602183817,2.6062556503658554,3.986173469571743,6.13726304795669,9.386721189118107,1284.5856453203755,837.4811751993109,7730.204550499241,10306.989602971229,True,1,1
2860,bigshakeB2860 25-09-23 10-04-43.fits,2025-09-23 10:04:43,384.9950044457063,225.20139507726344,2.6255817513465063,4.3387392127275834,6.182772537938218,10.216950068292714,1284.643974523588,813.0048260022346,7729.092654377631,10304.650165667334,True,1,1
2861,bigshakeB2861 25-09-23 10-04-43.fits,2025-09-23 10:04:43,387.13295243380975,233.03431688785346,2.607260712940544,4.177154135830372,6.1396297894540774,9.836446290237292,1264.4551667387448,827.474429239389,7727.997246003771,10303.162226792672,True,1,1
2862,bigshakeB2862 25-09-23 10-04-44.fits,2025-09-23 10:04:44,386.81619104006614,233.58573137824743,2.560765064918448,4.557153448631226,6.0301409054849415,10.73127628911873,1307.5859374421666,789.5736513269525,7728.152741842995,10302.899227846934,True,1,1
2863,bigshakeB2863 25-09-23 10-04-44.fits,2025-09-23 10:04:44,383.55531089910085,232.86577860563918,2.5773947669977373,4.223340949044183,6.069300861284145,9.945207923809276,1275.1888456186387,817.708682439526,7734.841488182985,10312.250943947218,True,1,1
2864,bigshakeB2864 25-09-23 10-04-44.fits,2025-09-23 10:04:44,382.8549476518307,226.84847735763128,2.6040756201527007,4.345104818235809,6.13212946911198,10.231939923742242,1294.902486862399,806.810464243093,7730.702483292151,10306.905361096498,True,1,1
2865,bigshakeB2865 25-09-23 10-04-44.fits,2025-09-23 10:04:44,384.786723859939,227.61079183447356,2.519817292770098,3.8811675539000667,5.933716270830647,9.139451154047615,1253.002927314447,836.0920604705817,7728.724572162095,10304.508245242103,True,1,1
2866,bigshakeB2866 25-09-23 10-04-44.fits,2025-09-23 10:04:44,388.1224262185312,231.80013154838906,2.592559923008218,4.357525567397649,6.105012074643646,10.261188552842844,1343.593992983171,824.9018449909763,7727.007096196398,10302.095515128709,True,1,1
2867,bigshakeB2867 25-09-23 10-04-44.fits,2025-09-23 10:04:44,385.86614296962586,232.40457449225957,2.5445020104507017,4.1643778826389095,5.991844338830862,9.806360513121646,1287.1731763900768,838.473249815256,7736.525397092888,10314.236577670277,True,1,1
2868,bigshakeB2868 25-09-23 10-04-44.fits,2025-09-23 10:04:44,382.5516017361246,236.99361729452735,2.60409902591135,4.341096185523378,6.132184585461617,10.222500315077845,1312.4810456256766,809.0340130921122,7729.066826794358,10304.930176463267,True,1,1
2869,bigshakeB2869 25-09-23 10-04-44.fits,2025-09-23 10:04:44,380.9446638618382,227.7796597343923,2.6405709139735825,4.343817008279938,6.218069318550686,10.228907363043968,1314.7931638398138,798.0426531360803,7727.5273069666755,10303.397176293542,True,1,1
2870,bigshakeB2870 25-09-23 10-04-44.fits,2025-09-23 10:04:44,382.2874892789234,226.568327109448,2.543402686986382,4.21015004365727,5.989255629901109,9.914145715392067,1310.863512810653,825.8169598863595,7729.707447694146,10305.531086358287,True,1,1
2871,bigshakeB2871 25-09-23 10-04-44.fits,2025-09-23 10:04:44,382.5603605932592,227.256459281821,2.570455505262535,3.9467320827073276,6.052960148652374,9.29384382072596,1232.5687322817842,844.3298062346317,7727.977097145728,10303.11261140039,True,1,1
2872,bigshakeB2872 25-09-23 10-04-44.fits,2025-09-23 10:04:44,385.567128003226,231.81779627392928,2.5828665918277083,4.136589435538077,6.082186024076659,9.740923720868322,1197.8820254945317,775.002417531502,7727.719638529649,10303.041840837475,True,1,1
2873,bigshakeB2873 25-09-23 10-04-44.fits,2025-09-23 10:04:44,385.6460714337678,231.3527372730557,2.604664044034389,4.360414169513181,6.133515101463555,10.267990691006618,1305.2316635630339,818.202749957689,7726.819126504506,10301.548114844147,True,1,1
2874,bigshakeB2874 25-09-23 10-04-44.fits,2025-09-23 10:04:44,385.59090132864173,238.93258755322574,2.55592169429931,4.107648637346011,6.018735639265482,9.672773349166452,1269.8608421966444,807.5581567497898,7736.156757271147,10314.502291690109,True,1,1
2875,bigshakeB2875 25-09-23 10-04-44.fits,2025-09-23 10:04:44,382.5120620693382,225.48645037830553,2.5222075752032094,4.286780115484736,5.939344955817423,10.094595744583543,1372.9789283965629,828.669012027083,7729.827659472445,10305.970103387474,True,1,1
2876,bigshakeB2876 25-09-23 10-04-44.fits,2025-09-23 10:04:44,380.309776807147,229.15627910201206,2.6189166002764677,4.079380208100914,6.167077306595332,9.606206285338557,1195.493393290919,781.315884868759,7736.746880965872,10315.368046686946,True,1,1
2877,bigshakeB2877 25-09-23 10-04-44.fits,2025-09-23 10:04:44,381.635877658303,228.6429258620543,2.5191456539267407,4.470725899815795,5.932134682219288,10.527754964725261,1325.6730127584979,811.3520994605966,7730.243681148343,10305.488801936397,True,1,1
2878,bigshakeB2878 25-09-23 10-04-44.fits,2025-09-23 10:04:44,386.26597169200755,234.47898235228254,2.5873917674306135,4.49945306252992,6.092841998293665,10.595402263321349,1348.8758669412157,779.6640047278619,7728.2620173007645,10304.255403374154,True,1,1
2879,bigshakeB2879 25-09-23 10-04-44.fits,2025-09-23 10:04:44,387.41036425458225,231.7750452298455,2.579040533634045,4.2829399838225,6.073176345548766,10.085552925569752,1259.946660220181,781.6734574856168,7736.470043687394,10314.77949624328,True,1,1
2880,bigshakeB2880 25-09-23 10-04-44.fits,2025-09-23 10:04:44,385.6620279258829,230.27704390334355,2.572918789439251,4.1405754992014705,6.058760739608313,9.750310183483652,1265.142414472094,810.9773021866539,7729.755707068015,10305.804085337135,True,1,1
2881,bigshakeB2881 25-09-23 10-04-44.fits,2025-09-23 10:04:44,383.52076414738656,225.97374917675518,2.5346717718020453,4.312938971533541,5.9686958958135685,10.156195143162348,1304.3834744492174,803.9208638455599,7728.99004027163,10304.478883287657,True,1,1
2882,bigshakeB2882 25-09-23 10-04-44.fits,2025-09-23 10:04:44,381.68229212235315,233.57702288178328,2.558693666851845,4.417806338731551,6.025263135796467,10.403138921509845,1303.7738466211324,806.7777550679016,7730.143740068204,10305.666470589984,True,1,1
2883,bigshakeB2883 25-09-23 10-04-44.fits,2025-09-23 10:04:44,380.0177070679304,234.0738216663402,2.6081482254635,4.029433617511998,6.141719721733349,9.488591052638824,1206.3693746690128,813.2101565653824,7729.442452346683,10305.242374514588,True,1,1
2884,bigshakeB2884 25-09-23 10-04-44.fits,2025-09-23 10:04:44,382.7391310329394,228.0082239979564,2.5563308769229707,4.010339166248482,6.019699190709756,9.443627056054629,1225.7437124067133,799.2274905553747,7737.008929174943,10315.637129082172,True,1,1
2885,bigshakeB2885 25-09-23 10-04-44.fits,2025-09-23 10:04:44,386.21144245333636,226.6544399616903,2.6181888748692326,4.559035786456761,6.165363644219097,10.73570885596182,1350.4165890339018,801.0951525761885,7728.555391479481,10304.131746666892,True,1,1
2886,bigshakeB2886 25-09-23 10-04-44.fits,2025-09-23 10:04:44,387.95236530288014,230.52662038456933,2.5931837447512196,4.404108445706591,6.106481062588593,10.370882848439978,1264.511775630255,792.8048106392687,7730.255447960763,10305.897626710781,True,1,1
2887,bigshakeB2887 25-09-23 10-04-44.fits,2025-09-23 10:04:44,384.2946999874554,230.17052423807868,2.5884719708333708,4.164263315794068,6.095385682919188,9.806090728818917,1244.230486860258,809.2124573984025,7728.306270715526,10303.629645488458,True,1,1
2888,bigshakeB2888 25-09-23 10-04-44.fits,2025-09-23 10:04:44,379.7776500386689,237.5961926770025,2.524789049066936,4.347958030829812,5.94542386221745,10.238658725951336,1327.9193626538904,824.7448963875762,7729.299979082804,10304.515293346643,True,1,1
2889,bigshakeB2889 25-09-23 10-04-44.fits,2025-09-23 10:04:44,380.03928730395177,224.41952965083283,2.523130457231828,4.1768198953298565,5.941518176917613,9.835659214006817,1270.9006211566948,791.5359211281637,7729.642383269571,10305.670476631341,True,1,1
2890,bigshakeB2890 25-09-23 10-04-44.fits,2025-09-23 10:04:44,383.692596594231,228.5938191311207,2.6030738270084095,4.633069084508512,6.1297704265348285,10.910043950213833,1375.5398470149116,796.7269176688668,7728.796386179378,10304.483970794836,True,1,1
2891,bigshakeB2891 25-09-23 10-04-44.fits,2025-09-23 10:04:44,386.13363530531274,232.272391832211,2.5978816786498853,3.965458393954661,6.1175438515034015,9.33794091382067,1216.3758402756448,813.0661745058353,7729.229770897278,10305.304539650982,True,1,1
2892,bigshakeB2892 25-09-23 10-04-44.fits,2025-09-23 10:04:44,386.0743134841163,236.64855173969352,2.607007489282224,4.441671620457152,6.139033493307589,10.4593373652976,1290.887186882781,774.6721507479369,7729.967675170163,10306.22936437664,True,1,1
2893,bigshakeB2893 25-09-23 10-04-44.fits,2025-09-23 10:04:44,385.1242200966617,232.2383439601127,2.630683051230022,4.632624346286766,6.194785181159635,10.908996671734474,1315.0484409877185,763.4813477596077,7728.959969581292,10304.875522101776,True,1,1
2894,bigshakeB2894 25-09-23 10-04-44.fits,2025-09-23 10:04:44,385.64976022938583,224.11497652390443,2.5437057869329798,4.566366297943756,5.989969375731006,10.752970891351726,1293.0907386534077,776.5713387922453,7730.114206264018,10305.4775467512,True,1,1
2895,bigshakeB2895 25-09-23 10-04-44.fits,2025-09-23 10:04:44,385.8311547038648,226.73439441584603,2.5649368979578955,4.274393707162696,6.039964821550755,10.065427981980866,1216.2161338478215,755.7639455673394,7729.107076384563,10304.896887857209,True,1,1
2896,bigshakeB2896 25-09-23 10-04-44.fits,2025-09-23 10:04:44,384.1451719734439,233.02442469518354,2.55121182827974,4.3014872700471205,6.007644752353188,10.129228446952416,1260.7327421614787,816.9618768519845,7729.269828332938,10304.138186369875,True,1,1
2897,bigshakeB2897 25-09-23 10-04-44.fits,2025-09-23 10:04:44,385.5176436591468,223.55477581905245,2.556602301509595,4.707135688833133,6.020338346767053,11.084457474744827,1334.7049973153648,763.5556120245255,7730.99157437985,10307.03911925262,True,1,1
2898,bigshakeB2898 25-09-23 10-04-44.fits,2025-09-23 10:04:44,386.47486599991714,227.74934922006278,2.5755624060340203,4.444049503729643,6.064985980957052,10.464936852492405,1250.2015361399197,765.7908030471602,7730.299573358626,10306.109191622681,True,1,1
2899,bigshakeB2899 25-09-23 10-04-44.fits,2025-09-23 10:04:44,384.10562476539366,229.86862463782845,2.5908825257931367,4.433753516491821,6.101062106058094,10.4406916553614,1289.3679500289438,756.2670683399385,7728.231805237951,10304.24379226228,True,1,1
2900,bigshakeB2900 25-09-23 10-04-44.fits,2025-09-23 10:04:44,382.81082487292656,238.4997531994014,2.616217349475575,4.583544212735278,6.160721056702824,10.793421789434635,1281.3317987390917,775.8838274443209,7729.220584703826,10304.5618402321,True,1,1
2901,bigshakeB2901 25-09-23 10-04-44.fits,2025-09-23 10:04:44,383.7525453735188,227.71084806819508,2.6217945760130026,4.450716958767541,6.173854421548837,10.48063750926499,1258.2402579440777,798.7408551852437,7730.003149413352,10305.33336043804,True,1,1
2902,bigshakeB2902 25-09-23 10-04-44.fits,2025-09-23 10:04:44,386.7687050955453,228.66589016486304,2.5541767975346654,4.469960767327916,6.014626721387587,10.5259532154057,1287.2858800099968,770.9884084918936,7728.941120643098,10304.427994190732,True,1,1
2903,bigshakeB2903 25-09-23 10-04-44.fits,2025-09-23 10:04:44,386.34644578674374,233.9676636409578,2.607874617996479,4.521445065890083,6.141075425385539,10.647189473664248,1287.4202473842784,785.9743675161568,7730.315889944185,10306.062697960397,True,1,1
2904,bigshakeB2904 25-09-23 10-04-44.fits,2025-09-23 10:04:44,384.7398241700172,235.3863857552631,2.602743030384027,4.445111040626042,6.128991460012904,10.467436580854587,1235.8440302411564,766.3912617714266,7730.092528912558,10305.79725801371,True,1,1
2905,bigshakeB2905 25-09-23 10-04-44.fits,2025-09-23 10:04:44,383.5467289313349,223.83785202188525,2.5576227879824835,4.46800471894032,6.022741408769094,10.521347073453539,1258.5672983632662,756.0140904756169,7728.195801519809,10303.431092102112,True,1,1
2906,bigshakeB2906 25-09-23 10-04-44.fits,2025-09-23 10:04:44,384.2183455818706,228.91822377375843,2.5762386542180917,4.278554888361954,6.066578423736319,10.075226814879885,1266.5731229298146,790.0981244009919,7727.706070908011,10302.994578709997,True,1,1
2907,bigshakeB2907 25-09-23 10-04-44.fits,2025-09-23 10:04:44,385.7229266810035,232.5499344297661,2.5441939719488844,4.481724929615513,5.991118963592142,10.55365570057353,1295.7486272331223,760.755388413203,7729.128999022978,10304.91595822242,True,1,1
2908,bigshakeB2908 25-09-23 10-04-44.fits,2025-09-23 10:04:44,384.98907085101797,235.9787321297309,2.601494704157299,4.797338367959637,6.126051876391466,11.296868551667414,1354.3166110380425,750.3890407298171,7729.982075340744,10306.24263276934,True,1,1
2909,bigshakeB2909 25-09-23 10-04-44.fits,2025-09-23 10:04:44,382.4509763907434,229.4620835447004,2.5699752492273995,4.525795957884022,6.05182923211409,10.657435041345343,1298.5269319463935,777.0859730457249,7731.8530078910335,10308.198661281513,True,1,1
2910,bigshakeB2910 25-09-23 10-04-44.fits,2025-09-23 10:04:44,381.6215165279388,227.17280354240376,2.659905896976296,4.612832762324926,6.263599724095809,10.86239105309822,1266.342005824728,742.1180891037717,7729.89812066458,10306.244048042732,True,1,1
2911,bigshakeB2911 25-09-23 10-04-44.fits,2025-09-23 10:04:44,383.23498961230183,231.60194595469525,2.5983365946509185,4.486793737103629,6.118615096821439,10.56559183005095,1289.6542991095957,757.8462460774664,7727.964686005829,10303.695234168663,True,1,1
2912,bigshakeB2912 25-09-23 10-04-44.fits,2025-09-23 10:04:44,386.0427448261551,232.54096352191362,2.6054884423442735,4.375989589997373,6.13545641112876,10.30466800337258,1239.9431243676245,762.3353641078486,7727.831160335313,10303.224915039731,True,1,1
2913,bigshakeB2913 25-09-23 10-04-44.fits,2025-09-23 10:04:44,386.157299916578,233.48547150439984,2.615626809002028,4.4337232758302925,6.159330440158313,10.440620444045457,1238.0140643828174,766.7380897012652,7730.186061708451,10306.072303881941,True,1,1
2914,bigshakeB2914 25-09-23 10-04-45.fits,2025-09-23 10:04:45,386.3461266087102,227.47761434457533,2.5534974666756702,4.645799514582544,6.013027019463617,10.940021822134028,1297.5832743760584,750.9249901808063,7726.1993734791595,10300.683872713871,True,1,1
2915,bigshakeB2915 25-09-23 10-04-45.fits,2025-09-23 10:04:45,387.47374192292386,227.32062612786723,2.6177110104977106,4.900683395901839,6.16423835961823,11.540227495019995,1314.4085694616315,735.7441020656313,7728.342717744451,10303.595788548704,True,1,1
2916,bigshakeB2916 25-09-23 10-04-45.fits,2025-09-23 10:04:45,385.7733515419114,237.33288395331613,2.6033863439231615,4.530863567463197,6.130506347630098,10.669368349962774,1175.714370805651,736.1808275157017,7729.565023559338,10304.652195690865,True,1,1
2917,bigshakeB2917 25-09-23 10-04-45.fits,2025-09-23 10:04:45,383.11633775670634,230.1307927174729,2.666031811622486,4.536955435771102,6.278025150698806,10.683713603565916,1256.67622932836,723.2243895595678,7728.521790661028,10305.056581243922,True,1,1
2918,bigshakeB2918 25-09-23 10-04-45.fits,2025-09-23 10:04:45,382.17981509510315,226.22638580597828,2.6588724432163025,4.971660940250299,6.261166126466164,11.707366839198821,1308.0140426856099,733.3491683862891,7734.997408862698,10312.451927108987,True,1,1
2919,bigshakeB2919 25-09-23 10-04-45.fits,2025-09-23 10:04:45,384.3928044603385,230.16014713061273,2.6078037333861834,4.798825410253228,6.14090850488433,11.30037026866817,1311.524653302532,750.4355557084467,7726.9997386945815,10301.721056582595,True,1,1
2920,bigshakeB2920 25-09-23 10-04-45.fits,2025-09-23 10:04:45,386.68680292180136,233.68318238902825,2.653462942950338,4.584275887167534,6.248427726806271,10.795144751054147,1187.5708777513298,703.0209576340357,7728.037773209266,10303.676110535887,True,1,1
2921,bigshakeB2921 25-09-23 10-04-45.fits,2025-09-23 10:04:45,385.6755852612097,235.8051666822982,2.637417874761446,4.574813492238065,6.210644478611179,10.772862513800236,1174.517488680615,725.3496553204276,7730.998803265646,10306.846159711029,True,1,1
2922,bigshakeB2922 25-09-23 10-04-45.fits,2025-09-23 10:04:45,384.90949907370504,228.8489751845297,2.6049881336138996,4.807121257050864,6.134278274101772,11.319905494997748,1256.0737696168994,739.3288940270252,7730.478388661564,10305.831945242795,True,1,1
2923,bigshakeB2923 25-09-23 10-04-45.fits,2025-09-23 10:04:45,385.92490388380776,224.79779707980856,2.6335493048766283,4.496783051731648,6.2015346927008075,10.589114868373128,1240.2175057310187,724.2389566013546,7730.684243791635,10307.628228610318,True,1,1
2924,bigshakeB2924 25-09-23 10-04-45.fits,2025-09-23 10:04:45,384.8197465835947,229.34471948836998,2.651763165218286,4.539946656742401,6.244425056130737,10.69075739066825,1197.492990576256,740.7823725295275,7727.737941594279,10302.67068172503,True,1,1
2925,bigshakeB2925 25-09-23 10-04-45.fits,2025-09-23 10:04:45,384.5624993100976,235.66641847856567,2.6753288598934652,4.953546388927894,6.299918026326928,11.664710330638078,1257.3523482035937,732.340035480539,7730.365821943155,10305.776570610098,True,1,1
2926,bigshakeB2926 25-09-23 10-04-45.fits,2025-09-23 10:04:45,385.00425772991105,226.59771174872486,2.6524519623007263,4.412211823755222,6.2460470493074265,10.38996484550136,1211.732602831429,774.6951734941268,7730.080531265414,10305.708428652522,True,1,1
2927,bigshakeB2927 25-09-23 10-04-45.fits,2025-09-23 10:04:45,383.06747052989687,231.58502071683233,2.6237085564617404,4.515368288456854,6.178361501075322,10.632879756355289,1151.4387680866785,729.004641510775,7730.383400544599,10305.764313428674,True,1,1
2928,bigshakeB2928 25-09-23 10-04-45.fits,2025-09-23 10:04:45,382.5602385601768,228.475586272521,2.7311790967412084,4.49389255235134,6.43143528357572,10.582308262492232,1195.1666893008096,750.0782172604099,7734.809106550304,10312.522354831302,True,1,1
2929,bigshakeB2929 25-09-23 10-04-45.fits,2025-09-23 10:04:45,384.7160370263296,232.48899276587437,2.5670109610256144,4.713782606840578,6.0448488668372775,11.100109770506435,1296.0424973122847,729.5418110472078,7730.755562164161,10307.089483887421,True,1,1
2930,bigshakeB2930 25-09-23 10-04-45.fits,2025-09-23 10:04:45,387.00435546784934,232.06518856782253,2.7048549823585315,4.780502970060656,6.369446731359705,11.25722421922882,1228.9702293706448,729.7840300326375,7727.4679699367725,10302.43133104281,True,1,1
2931,bigshakeB2931 25-09-23 10-04-45.fits,2025-09-23 10:04:45,385.65476829449926,226.06158305318743,2.6802478596596457,4.5303044482545785,6.311501385577833,10.668051724842757,1169.6369508810687,735.213807133438,7729.59988839711,10305.110556192414,True,1,1
2932,bigshakeB2932 25-09-23 10-04-45.fits,2025-09-23 10:04:45,384.4177752896477,230.65251174466164,2.7171427937756234,4.728237204448554,6.398382315994233,11.134147746696554,1135.5837220753401,735.9642037054158,7729.199516179326,10303.540419830264,True,1,1
2933,bigshakeB2933 25-09-23 10-04-45.fits,2025-09-23 10:04:45,384.35811696993466,232.94154121534174,2.6738943632029866,4.9584056650774935,6.296540044765658,11.676153051519497,1259.0680064152527,725.5158564080224,7728.608043811111,10303.605522075164,True,1,1
2934,bigshakeB2934 25-09-23 10-04-45.fits,2025-09-23 10:04:45,383.01769421358017,233.0247063158552,2.7035474507892334,4.5626520529030525,6.366367729810811,10.74422451267772,1228.101158431385,796.8438982077085,7730.942840960258,10306.276245456325,True,1,1
2935,bigshakeB2935 25-09-23 10-04-45.fits,2025-09-23 10:04:45,382.03446477905254,224.51520114127337,2.739153194365115,4.496985743749289,6.450212848501529,10.58959217159924,1146.2444154332993,716.4271846260438,7728.062252058188,10303.654662879968,True,1,1
2936,bigshakeB2936 25-09-23 10-04-45.fits,2025-09-23 10:04:45,382.89869959953353,224.34121617692335,2.681251794239467,4.838348708251782,6.3138654708502955,11.393440523040898,1219.8483565429942,716.2386887750417,7729.444561372016,10304.909372827966,True,1,1
2937,bigshakeB2937 25-09-23 10-04-45.fits,2025-09-23 10:04:45,384.5671104236803,231.6265687435111,2.6281586614643904,4.556202068393735,6.188840697538056,10.729035959865039,1188.3256262386249,725.7827602200011,7729.121138223235,10304.535519270785,True,1,1
2938,bigshakeB2938 25-09-23 10-04-45.fits,2025-09-23 10:04:45,385.202807698678,233.85144797813666,2.6420717460275824,4.717603491127054,6.22160350795567,11.109107265413973,1236.522955501248,731.1347244004529,7728.513890054774,10303.733600851989,True,1,1
2939,bigshakeB2939 25-09-23 10-04-45.fits,2025-09-23 10:04:45,383.34791076058093,227.91253529826156,2.6141203014483216,4.424486793776612,6.155782885972855,10.418870190959883,1228.8641667665063,761.8540224847097,7730.177672535891,10306.076301399144,True,1,1
2940,bigshakeB2940 25-09-23 10-04-45.fits,2025-09-23 10:04:45,382.96058841221725,231.22876926277993,2.707002734039322,4.917970555439247,6.374504300069379,11.58093564482033,1289.582525912143,739.981466943259,7731.282191834396,10307.601793064487,True,1,1
2941,bigshakeB2941 25-09-23 10-04-45.fits,2025-09-23 10:04:45,381.8300623397608,226.3251907055059,2.654855133194632,4.7678399911523055,6.2517060843000305,11.227405182665633,1217.5455822545932,714.4497822421196,7728.689932609398,10304.011387404127,True,1,1
2942,bigshakeB2942 25-09-23 10-04-45.fits,2025-09-23 10:04:45,380.7503052922848,229.94138085909952,2.6911802077815703,4.599774865841868,6.337245098074597,10.831642056713976,1269.839981665551,745.9210642515632,7736.195200279157,10314.855386506637,True,1,1
2943,bigshakeB2943 25-09-23 10-04-45.fits,2025-09-23 10:04:45,383.7750291200739,234.4655230262998,2.661645962194011,4.345886885913013,6.267697264550145,10.233781552385095,1178.168337163586,739.4828572582363,7730.691479873046,10307.18213859552,True,1,1
2944,bigshakeB2944 25-09-23 10-04-45.fits,2025-09-23 10:04:45,384.7814331926291,229.9723527359342,2.687733412142834,4.520309530384524,6.329128514613375,10.644515491893914,1203.0774549920584,758.4112045895382,7727.001075703085,10301.651339799573,True,1,1
2945,bigshakeB2945 25-09-23 10-04-45.fits,2025-09-23 10:04:45,385.6876701788704,231.2639741302363,2.653619168435538,4.525518247234231,6.248795609710363,10.656781082740496,1209.9960187061058,750.8033053634774,7729.866477980972,10305.512590570987,True,1,1
2946,bigshakeB2946 25-09-23 10-04-45.fits,2025-09-23 10:04:45,383.5315004670845,228.40607685831898,2.64820857689751,4.603023577178449,6.236054640301141,10.839292187289878,1232.704808906711,741.8209960999944,7729.280021323296,10304.922537761906,True,1,1
2947,bigshakeB2947 25-09-23 10-04-45.fits,2025-09-23 10:04:45,383.88516684810355,226.2873231440261,2.638484845479368,4.6610362553329,6.213157002645202,10.975901604673906,1222.845818738065,738.5264983562859,7729.931974581888,10305.448826115735,True,1,1
2948,bigshakeB2948 25-09-23 10-04-45.fits,2025-09-23 10:04:45,384.018400504036,233.19127497002802,2.660791088695683,4.436821352796212,6.265684191300317,10.447915857785853,1188.7234793566104,746.9324130521537,7729.1635516095785,10304.762540962116,True,1,1
2949,bigshakeB2949 25-09-23 10-04-45.fits,2025-09-23 10:04:45,385.2025128247682,232.8147322691474,2.6745839027972615,5.046783261783991,6.2981637864241,11.88426638777562,1220.5930158937176,723.2988985312322,7727.281117810468,10301.027026365691,True,1,1
2950,bigshakeB2950 25-09-23 10-04-45.fits,2025-09-23 10:04:45,385.51284285999975,230.56046299477754,2.6953054126404585,4.869616841263283,6.346959213166166,11.467071349427073,1225.3216640847295,741.1959908965692,7729.807139170369,10304.80776062312,True,1,1
2951,bigshakeB2951 25-09-23 10-04-45.fits,2025-09-23 10:04:45,385.3244781247594,228.89736155206768,2.6242929113801603,4.801201321879935,6.17973755175063,11.305965112991961,1269.0227698038668,718.0388431365811,7737.425323892721,10315.955264069633,True,1,1
2952,bigshakeB2952 25-09-23 10-04-45.fits,2025-09-23 10:04:45,383.3205784301922,231.10196725472676,2.6407445003799133,4.6098803277946905,6.218478083299859,10.85543860108478,1183.5389425343192,748.9225201001165,7728.180818668465,10302.533350577389,True,1,1
2953,bigshakeB2953 25-09-23 10-04-45.fits,2025-09-23 10:04:45,385.0993307930277,230.72391435384458,2.6980384901989023,4.449069930224589,6.353395118985413,10.47675905343731,1206.4773839726665,768.1996822400058,7730.682215787028,10306.726897471122,True,1,1
2954,bigshakeB2954 25-09-23 10-04-45.fits,2025-09-23 10:04:45,385.7354187356653,231.79761860565083,2.6884337799479376,4.532536390432535,6.330777754759728,10.673307547022757,1148.826857626061,731.329379075287,7725.4330717921075,10299.396012890178,True,1,1
2955,bigshakeB2955 25-09-23 10-04-45.fits,2025-09-23 10:04:45,385.55372061373635,231.84887546859053,2.6725394130525673,4.716155352896728,6.293349380991433,11.105697160481226,1212.982436782063,726.6399116796349,7727.859616266468,10302.845663506865,True,1,1
2956,bigshakeB2956 25-09-23 10-04-45.fits,2025-09-23 10:04:45,384.32992935363364,224.06023061230164,2.6625540621208046,4.480212130849622,6.26983567646065,10.550093331715512,1209.9955778284752,747.32067589482,7729.256951915438,10305.015457528249,True,1,1
2957,bigshakeB2957 25-09-23 10-04-45.fits,2025-09-23 10:04:45,383.8902445613998,227.5777979313603,2.635979887195803,4.536719357758976,6.207258276667098,10.683157682330771,1201.9473206913588,755.3027549155386,7728.3597299543635,10303.130825005253,True,1,1
2958,bigshakeB2958 25-09-23 10-04-45.fits,2025-09-23 10:04:45,383.4385768226294,229.877864197994,2.7210482876910462,4.448997879515562,6.407579051352017,10.476589386983434,1155.5202773506267,731.5766952668966,7731.072801598541,10307.519726016755,True,1,1
2959,bigshakeB2959 25-09-23 10-04-45.fits,2025-09-23 10:04:45,381.9334022690678,235.88536323707183,2.6459902344332877,4.728342794603107,6.230830842999647,11.134396392509053,1206.7019955902483,746.0954480800676,7726.402394056209,10300.12110253236,True,1,1
2960,bigshakeB2960 25-09-23 10-04-45.fits,2025-09-23 10:04:45,383.30977883209954,230.87884633114683,2.712470489519516,5.173814913985479,6.387379880275469,12.183403068733083,1321.353908300776,702.6850968813209,7729.3482963636025,10305.52915814141,True,1,1
2961,bigshakeB2961 25-09-23 10-04-45.fits,2025-09-23 10:04:45,385.0264922175847,225.62043525844,2.655221067981097,5.048598808238649,6.252567794870372,11.888541672959732,1291.1955782368468,757.1851243005406,7730.880080159702,10305.780941968838,True,1,1
2962,bigshakeB2962 25-09-23 10-04-45.fits,2025-09-23 10:04:45,385.5891111930487,226.72285543859442,2.670384460344202,4.336071419918958,6.288274855157682,10.210667896310973,1147.0860035577336,754.8051486275305,7727.910617080906,10302.785591269263,True,1,1
2963,bigshakeB2963 25-09-23 10-04-45.fits,2025-09-23 10:04:45,384.02945340995154,229.23172241116353,2.6701238719730993,4.4574159500922885,6.287661216437907,10.496412428317994,1106.7150161467039,711.5457747329193,7728.943355546057,10304.126747255443,True,1,1
2964,bigshakeB2964 25-09-23 10-04-45.fits,2025-09-23 10:04:45,383.6675780506615,235.99305277567845,2.7690114362098424,4.39490601209665,6.5205236349068745,10.349212773312223,1118.3937479380907,728.824739942257,7727.614625882085,10302.93120476487,True,1,1
2965,bigshakeB2965 25-09-23 10-04-45.fits,2025-09-23 10:04:45,384.7316026114216,230.53605325384424,2.7142729670531462,4.64131338562036,6.391624390502378,10.929457795729284,1217.9681165492937,750.7477292419422,7728.583348074301,10303.845344499297,True,1,1
2966,bigshakeB2966 25-09-23 10-04-45.fits,2025-09-23 10:04:45,382.1873687025082,233.95626596452274,2.645642914883473,4.699030038277961,6.230012967961712,11.065370126339491,1275.8820428091333,730.0234055238134,7730.92157086611,10307.608869949141,True,1,1
2967,bigshakeB2967 25-09-23 10-04-46.fits,2025-09-23 10:04:46,383.0235562193557,226.45364982182147,2.741038951878466,5.047780677051522,6.454653468094035,11.88661512124082,1236.2361175743315,712.5352289353095,7731.126736310027,10307.081991748952,True,1,1
2968,bigshakeB2968 25-09-23 10-04-46.fits,2025-09-23 10:04:46,383.61937341174223,226.96921515974643,2.5914144717938346,5.092254763705467,6.1023147431634115,11.991343591977975,1287.7331360492617,709.4450818566468,7734.717586565271,10311.517430110222,True,1,1
2969,bigshakeB2969 25-09-23 10-04-46.fits,2025-09-23 10:04:46,385.8136486004924,229.9506482897947,2.7074456979741286,5.064225045848338,6.375547400422287,11.925338650511444,1232.903279700536,733.6945692933989,7733.823168740311,10309.792470802442,True,1,1
2970,bigshakeB2970 25-09-23 10-04-46.fits,2025-09-23 10:04:46,385.66816202539167,224.3906261685122,2.6999844658213927,4.559363915487316,6.357977541388395,10.736481540780327,1216.131583343938,738.2609039075703,7728.980304467729,10304.876435235405,True,1,1
2971,bigshakeB2971 25-09-23 10-04-46.fits,2025-09-23 10:04:46,385.50572594448573,236.09959935186086,2.708841519681584,5.050978627581505,6.378834309358293,11.894145719251842,1214.8826208749551,720.8733262823156,7728.487305681598,10302.820992237243,True,1,1
2972,bigshakeB2972 25-09-23 10-04-46.fits,2025-09-23 10:04:46,385.6054168197816,234.85662968542917,2.7205420559961198,4.500544542279875,6.406386966809374,10.597972501715288,1157.7422684982375,722.6996860312287,7730.837354192008,10307.246012371248,True,1,1
2973,bigshakeB2973 25-09-23 10-04-46.fits,2025-09-23 10:04:46,385.0015052920807,231.1231878284373,2.681777371986265,4.7917231234083575,6.315103111863678,11.283645661240309,1192.4234206118667,719.1758148123005,7731.064482249372,10306.78943730366,True,1,1
2974,bigshakeB2974 25-09-23 10-04-46.fits,2025-09-23 10:04:46,385.0146735498995,229.1027106747854,2.695459555751915,4.5835724124726,6.347322192454827,10.793488194741345,1178.2500945457853,711.660491495064,7729.522086565561,10305.580230056554,True,1,1
2975,bigshakeB2975 25-09-23 10-04-46.fits,2025-09-23 10:04:46,384.7654713178934,229.62532342253039,2.740535238324311,4.420985854702776,6.4534673133197575,10.410626109452382,1197.1827433916344,759.699561387836,7731.170233457939,10307.821220000858,True,1,1
2976,bigshakeB2976 25-09-23 10-04-46.fits,2025-09-23 10:04:46,385.683736921884,230.81987704941463,2.642602182155844,4.789315236063691,6.222852589583109,11.27797551985491,1195.8982134936684,736.4403756824335,7728.580226098559,10302.85835207689,True,1,1
2977,bigshakeB2977 25-09-23 10-04-46.fits,2025-09-23 10:04:46,385.60263244660416,228.72937008781193,2.7479909842410644,4.664714777724685,6.471024253255186,10.984563862938177,1158.4097565664779,735.459527612324,7727.771330154192,10302.40310000385,True,1,1
2978,bigshakeB2978 25-09-23 10-04-46.fits,2025-09-23 10:04:46,385.76948682958584,231.03025136663646,2.724076911319016,4.401400612190875,6.414710914980015,10.364506387798563,1148.9879974031815,734.8575733430814,7727.802226196164,10303.190739705227,True,1,1
2979,bigshakeB2979 25-09-23 10-04-46.fits,2025-09-23 10:04:46,383.1208836106611,232.77649331434188,2.725588672059391,4.511190851403088,6.41827083947474,10.623042643844226,1218.0816041426622,727.5716008199286,7731.192219754781,10308.453559809155,True,1,1
2980,bigshakeB2980 25-09-23 10-04-46.fits,2025-09-23 10:04:46,382.26350836153483,229.85951735100005,2.749739871060779,4.847894117002333,6.47514256699474,11.41591824290471,1219.1010219677148,724.021256170666,7735.425396732726,10313.076643600682,True,1,1
2981,bigshakeB2981 25-09-23 10-04-46.fits,2025-09-23 10:04:46,381.99521192518006,219.19580762515815,2.6199689525202032,4.75169123281587,6.1695554067533145,11.189377762832633,1226.2940486721275,721.7376627165596,7731.60245858855,10307.672046228914,True,1,1
2982,bigshakeB2982 25-09-23 10-04-46.fits,2025-09-23 10:04:46,382.92285753896965,229.99304351363264,2.713669179929098,4.34015772658367,6.390202580479738,10.220290413155181,1149.6354099333137,731.1154003146979,7729.357806437931,10305.531410551086,True,1,1
2983,bigshakeB2983 25-09-23 10-04-46.fits,2025-09-23 10:04:46,381.9136935022609,224.6663285272823,2.7266108025841365,4.707783121953455,6.4206777729230495,11.085982063234379,1130.0925858704268,710.8665528642978,7730.270733617014,10305.64229974748,True,1,1
2984,bigshakeB2984 25-09-23 10-04-46.fits,2025-09-23 10:04:46,382.36695946907736,241.61644016462375,2.749324060821274,4.654510554052158,6.474163408707825,10.960534752490132,1123.4581418310106,735.7340692757141,7729.094766658426,10303.706451283137,True,1,1
2985,bigshakeB2985 25-09-23 10-04-46.fits,2025-09-23 10:04:46,382.26677355428234,229.0395394920543,2.7331222804798316,4.628564498274785,6.436011131594608,10.899436460256082,1243.4479746354355,769.5408333873846,7737.7206803566705,10316.107744786985,True,1,1
2986,bigshakeB2986 25-09-23 10-04-46.fits,2025-09-23 10:04:46,383.22261463134726,230.22702751722568,2.688957257692734,4.6423162981656185,6.332010450646302,10.931819474294272,1228.6667285118522,742.8697038737637,7729.852375781539,10305.713648244002,True,1,1
2987,bigshakeB2987 25-09-23 10-04-46.fits,2025-09-23 10:04:46,384.72767055050264,227.38124504665797,2.6781245810731495,4.643157428207351,6.306501446601167,10.93380018417702,1199.3779889770547,741.8243744813761,7727.788281627633,10302.504481526526,True,1,1
2988,bigshakeB2988 25-09-23 10-04-46.fits,2025-09-23 10:04:46,386.6828551417225,231.80480226624678,2.63521450855505,4.536378064381652,6.205455947701814,10.682353997844613,1171.1069164576197,734.6720974587311,7728.3160148721545,10303.133403429521,True,1,1
2989,bigshakeB2989 25-09-23 10-04-46.fits,2025-09-23 10:04:46,390.5431236650605,223.8966160315778,2.65225996871405,4.852244108828532,6.245594938961003,11.426161690852762,1273.3310828588458,738.9885430160372,7731.585316114858,10307.691355482795,True,1,1
2990,bigshakeB2990 25-09-23 10-04-46.fits,2025-09-23 10:04:46,391.0560989878669,232.67369623405733,2.678750642585267,4.550061865880654,6.307975708799323,10.714576887906686,1197.6336367306565,747.5397506405731,7727.152079275956,10301.860572130285,True,1,1
2991,bigshakeB2991 25-09-23 10-04-46.fits,2025-09-23 10:04:46,384.1855182183329,236.84170731736222,2.6836156590353277,4.524300330163228,6.319431947055331,10.65391310720851,1227.8546730409485,744.8540058943041,7730.6100533866775,10307.08917714349,True,1,1
2992,bigshakeB2992 25-09-23 10-04-46.fits,2025-09-23 10:04:46,377.4954729213304,236.10814228424272,2.671797882367989,4.2923871509052285,6.291603209671383,10.107799303984919,1183.6491984466838,757.8904559357392,7728.321655805279,10303.955289643669,True,1,1
2993,bigshakeB2993 25-09-23 10-04-46.fits,2025-09-23 10:04:46,375.2366419006763,227.8790484638054,2.689229731779799,4.6138856411386096,6.332652078088274,10.864870393233671,1253.435221810447,755.6613837101402,7728.777686580912,10304.432400557174,True,1,1
2994,bigshakeB2994 25-09-23 10-04-46.fits,2025-09-23 10:04:46,382.68731069152483,224.04503608291864,2.650536633198998,4.42535959814124,6.241536793945845,10.420925488173099,1182.3134909314883,771.044016208246,7728.493461708158,10303.204199495436,True,1,1
2995,bigshakeB2995 25-09-23 10-04-46.fits,2025-09-23 10:04:46,391.1543325694544,229.78398093978024,2.6868617532263186,4.902949981143198,6.327075914724335,11.545564895380119,1281.787809754873,730.7119814204892,7731.701883915055,10308.211755227829,True,1,1
2996,bigshakeB2996 25-09-23 10-04-46.fits,2025-09-23 10:04:46,391.9498383689324,239.79329595671092,2.669694979167323,4.444006813370956,6.286651251061695,10.464836324380041,1179.853821978435,768.1105337024271,7730.636714638389,10306.13886113889,True,1,1
2997,bigshakeB2997 25-09-23 10-04-46.fits,2025-09-23 10:04:46,385.5751215674381,231.8133861656306,2.6813571025695118,4.712386008815046,6.314113453016794,11.096821033481062,1235.3162381977659,748.7825232199057,7728.659742317306,10303.750481398118,True,1,1
2998,bigshakeB2998 25-09-23 10-04-46.fits,2025-09-23 10:04:46,380.17061193445284,221.27186587892444,2.7132440358933976,4.447349309808266,6.389201442782445,10.472707301991063,1172.2563613463692,744.2429715725159,7731.434959438593,10307.904770526462,True,1,1
2999,bigshakeB2999 25-09-23 10-04-46.fits,2025-09-23 10:04:46,380.61428225175763,224.9421544735098,2.6481871636652494,4.408643675477074,6.236004215992585,10.381562498412332,1237.3695407502723,760.0583246954826,7729.802055038853,10306.016091640467,True,1,1
3000,bigshakeB3000 25-09-23 10-04-46.fits,2025-09-23 10:04:46,383.5226751647821,235.55665357152773,2.6742468794127636,4.460862588832764,6.29737015700264,10.504528642312048,1211.407393490185,735.0400913828098,7730.278938938988,10306.833300733322,True,1,1
3001,bigshakeB3001 25-09-23 10-04-46.fits,2025-09-23 10:04:46,386.47614387833715,235.6408330713325,2.5704792566105357,4.596908776563223,6.0530160788027425,10.824892932229774,1317.1912579381562,748.2562418613853,7730.093790449432,10306.510493203827,True,1,1
3002,bigshakeB3002 25-09-23 10-04-46.fits,2025-09-23 10:04:46,386.54652939948085,223.63791730574266,2.6790658265165495,4.749811403259923,6.308717910238578,11.184951102513047,1251.2994030220098,741.2726138882132,7730.41718167424,10306.342499347658,True,1,1
3003,bigshakeB3003 25-09-23 10-04-46.fits,2025-09-23 10:04:46,384.18049592820415,229.5469779677192,2.633920656247039,4.398347393084355,6.202409158351601,10.357316606244659,1146.7185394403489,738.4074565592838,7729.401665729731,10304.681336650852,True,1,1
3004,bigshakeB3004 25-09-23 10-04-46.fits,2025-09-23 10:04:46,383.2927732180064,234.3445303682708,2.59257112293377,4.742585122748207,6.105038448452839,11.167934512313044,1290.682204551516,748.2355699881792,7727.338057863801,10302.06052477353,True,1,1
3005,bigshakeB3005 25-09-23 10-04-46.fits,2025-09-23 10:04:46,385.28628181344425,228.1770624511294,2.5978603468832646,4.978639033949661,6.117493619031767,11.723798994118184,1317.8174571488178,719.9333742136179,7730.827412145038,10306.930252823384,True,1,1
3006,bigshakeB3006 25-09-23 10-04-46.fits,2025-09-23 10:04:46,385.7501317900465,232.25363352098964,2.626772069989342,4.545813545816879,6.1855755241383426,10.704572858662802,1194.1651907922333,746.3972567364173,7729.1690765686735,10304.22094474349,True,1,1
3007,bigshakeB3007 25-09-23 10-04-46.fits,2025-09-23 10:04:46,383.855627981859,233.98767459768004,2.5807196729155386,4.591441372535943,6.0771304163872255,10.812018179632053,1180.1981912832548,721.6099050836178,7729.199078338466,10304.202010565174,True,1,1
3008,bigshakeB3008 25-09-23 10-04-46.fits,2025-09-23 10:04:46,384.2134512233399,234.96263450553496,2.6681705494750827,4.346096047395445,6.283061493465167,10.234274090036573,1125.7800595901635,747.9952844267075,7728.374464322683,10303.20896674706,True,1,1
3009,bigshakeB3009 25-09-23 10-04-46.fits,2025-09-23 10:04:46,386.128475464941,226.6845755209018,2.5958220477366316,4.829393377497942,6.1126937913435055,11.372352330671871,1317.998045689678,745.1056608073517,7728.245471554885,10303.402349794387,True,1,1
3010,bigshakeB3010 25-09-23 10-04-46.fits,2025-09-23 10:04:46,384.43066610787866,234.29667835174976,2.5915340905527127,4.630595993048626,6.102596423814579,10.904220264870899,1255.1631707328102,735.8614237750949,7731.150694054645,10307.393170637439,True,1,1
3011,bigshakeB3011 25-09-23 10-04-46.fits,2025-09-23 10:04:46,383.16988647462114,235.45751889265406,2.6343012321123336,4.588634360716696,6.20330534602785,10.805408171933452,1268.262027587632,768.1798249498132,7729.497491381044,10305.036239932493,True,1,1
3012,bigshakeB3012 25-09-23 10-04-46.fits,2025-09-23 10:04:46,381.86973485728316,225.90479009773426,2.678337990493878,4.730285705291321,6.307003987382896,11.138971597543364,1204.7791138084492,736.3855743173078,7728.93999635608,10303.913804681468,True,1,1
3013,bigshakeB3013 25-09-23 10-04-46.fits,2025-09-23 10:04:46,383.53565428137324,225.7071513822923,2.7002796294961517,4.81802598888444,6.358672598726283,11.34558417610514,1242.951707030464,735.5271709563501,7727.992125736548,10303.010496311706,True,1,1
3014,bigshakeB3014 25-09-23 10-04-46.fits,2025-09-23 10:04:46,386.4787169508184,228.8375635149968,2.58192760232455,4.7132391619220355,6.0799748727725484,11.098830055518881,1260.247106231719,736.5313340654237,7730.204321100229,10305.802853052632,True,1,1
3015,bigshakeB3015 25-09-23 10-04-46.fits,2025-09-23 10:04:46,386.0014050379747,230.27250594884987,2.582005923782788,4.65618731664514,6.080159305712363,10.964483226654844,1228.0880763498442,727.7175659282493,7729.485399187602,10304.84493243893,True,1,1
3016,bigshakeB3016 25-09-23 10-04-46.fits,2025-09-23 10:04:46,385.3237143002107,230.84897870057316,2.6121335308736646,4.5165184933384745,6.1511043987987755,10.635588281866422,1200.7187644692312,751.8117398375582,7730.473619476083,10305.94492531677,True,1,1
3017,bigshakeB3017 25-09-23 10-04-46.fits,2025-09-23 10:04:46,388.20421544371015,229.63386143911106,2.605198154454443,4.422245084213661,6.134772835386958,10.413591368345909,1254.53944622655,763.470059518741,7729.191448479247,10305.024983289048,True,1,1
3018,bigshakeB3018 25-09-23 10-04-47.fits,2025-09-23 10:04:47,387.37217587147774,236.84376042367518,2.5751649266019547,4.8688243160257985,6.064049988422936,11.465205095111651,1263.3788756236802,722.2502915920694,7729.374864199849,10304.459202400363,True,1,1
3019,bigshakeB3019 25-09-23 10-04-47.fits,2025-09-23 10:04:47,386.14470230398354,233.00501891988444,2.64726553933023,4.558070924960125,6.233833956534492,10.733436780768862,1251.8680389501983,753.7707420055522,7727.851509249489,10303.166407726236,True,1,1
3020,bigshakeB3020 25-09-23 10-04-47.fits,2025-09-23 10:04:47,383.50818226149687,217.07179682528837,2.6322330938408087,4.601477766123107,6.198435252570168,10.835652080430927,1247.95863912339,743.9334978775016,7728.7780181041235,10304.31526355903,True,1,1
3021,bigshakeB3021 25-09-23 10-04-47.fits,2025-09-23 10:04:47,382.1340074086733,225.8663537961625,2.6117292796638893,4.561009321047661,6.150152459946769,10.740356174776032,1220.1889432380087,745.907288016186,7729.4435453412525,10304.80046829029,True,1,1
3022,bigshakeB3022 25-09-23 10-04-47.fits,2025-09-23 10:04:47,382.2258778957944,226.60100643506442,2.651185497313798,4.547947315235182,6.243064752169878,10.709597501660495,1243.9370731998945,767.9147621847703,7729.40214178155,10304.853669734995,True,1,1
3023,bigshakeB3023 25-09-23 10-04-47.fits,2025-09-23 10:04:47,378.4160720062076,241.68149559075138,2.7183506253976555,4.637369506326033,6.401226542108816,10.92017066971182,1209.3669264133755,746.1682823688925,7730.627345790027,10306.600873669133,True,1,1
3024,bigshakeB3024 25-09-23 10-04-47.fits,2025-09-23 10:04:47,375.01915915841516,233.30744989056214,2.792835574972221,4.6314371038314075,6.576625194420123,10.906200929402285,1197.2328229840316,729.3284488921341,7727.533829934711,10303.200028448744,True,1,1
3025,bigshakeB3025 25-09-23 10-04-47.fits,2025-09-23 10:04:47,377.17596893586955,226.94055806704094,3.0531791401992634,4.769127942002493,7.189687440411585,11.230438075144669,1117.994361212412,710.748033673827,7730.593409601268,10307.58210773389,True,1,1
3026,bigshakeB3026 25-09-23 10-04-47.fits,2025-09-23 10:04:47,383.98512218203166,220.8334166931697,2.847924232324149,5.241494683656821,6.706349069006285,12.342776746998238,1228.447402009053,716.2842808210097,7729.8398406310325,10305.116904540064,True,1,1
3027,bigshakeB3027 25-09-23 10-04-47.fits,2025-09-23 10:04:47,389.50772193475973,230.69137729239117,2.5971826279592953,4.519855305119563,6.115897712924707,10.643445873135025,1222.0830701174793,746.9221299230057,7730.3844214648125,10306.124319162771,True,1,1
3028,bigshakeB3028 25-09-23 10-04-47.fits,2025-09-23 10:04:47,389.3849128581999,231.29519218740472,2.612919390248938,4.549354380605107,6.152954956208244,10.712910887398264,1224.1110488431782,761.1660987183503,7728.602407346986,10303.422941045046,True,1,1
3029,bigshakeB3029 25-09-23 10-04-47.fits,2025-09-23 10:04:47,386.3523234226365,232.1949590811703,2.5683723333837065,4.697016209695897,6.048054653754864,11.06062792242719,1251.3851727754914,755.0831848255597,7731.866623328876,10307.418535439847,True,1,1
3030,bigshakeB3030 25-09-23 10-04-47.fits,2025-09-23 10:04:47,381.9584172603448,230.20538462178808,2.66378359734801,4.904235875516561,6.272731010659745,11.548592945226305,1295.7333533304807,746.5252857960536,7728.367560973306,10303.395609922982,True,1,1
3031,bigshakeB3031 25-09-23 10-04-47.fits,2025-09-23 10:04:47,376.2666681149612,231.3591712953736,2.6121707979734863,4.7435463639888455,6.151192156112455,11.17019806245461,1299.7435605733601,769.3816299901592,7730.1853368189895,10305.585033086842,True,1,1
3032,bigshakeB3032 25-09-23 10-04-47.fits,2025-09-23 10:04:47,374.08987438223147,233.17414442020606,2.6439370192437783,4.500065395709295,6.2259958907146284,10.596844197766378,1295.1794630057136,783.3232519408687,7728.3412031151665,10303.929418006994,True,1,1
3033,bigshakeB3033 25-09-23 10-04-47.fits,2025-09-23 10:04:47,377.39990444221183,221.7884176255307,2.798779361912387,4.6894420592886,6.590621743050218,11.04279216122401,1201.0085255327444,738.1246568167614,7728.26300829216,10303.82828106478,True,1,1
3034,bigshakeB3034 25-09-23 10-04-47.fits,2025-09-23 10:04:47,384.6699430173663,230.3199710010086,2.7305585957020844,4.334543893787822,6.429974115290828,10.207070847158064,1134.2080417514378,739.4513742832264,7727.727997338381,10303.072487623656,True,1,1
3035,bigshakeB3035 25-09-23 10-04-47.fits,2025-09-23 10:04:47,392.3939247818127,226.9963214320927,2.7046863903087215,4.485969860184181,6.3690497274213795,10.563651748166393,1193.9183361699656,730.1341844544478,7726.855717898691,10302.233104481347,True,1,1
3036,bigshakeB3036 25-09-23 10-04-47.fits,2025-09-23 10:04:47,391.67285522911,234.72692092629475,2.617653353487284,4.457038576324813,6.164102587734342,10.495523781005874,1210.9610637037413,747.0184082418314,7730.305153853225,10306.24001368724,True,1,1
3037,bigshakeB3037 25-09-23 10-04-47.fits,2025-09-23 10:04:47,384.34634336520753,240.65528790615957,2.749257651869992,4.8473767800203476,6.4740070275781765,11.414700007409493,1254.705341828263,738.3301786943288,7728.21307040177,10303.608054643397,True,1,1
3038,bigshakeB3038 25-09-23 10-04-47.fits,2025-09-23 10:04:47,374.3669861493208,228.85867253930533,2.833624146380156,4.977239348501494,6.6726749399797045,11.720502986768102,1224.0844520661042,757.9847825356419,7736.103939134019,10313.217321836326,True,1,1
3039,bigshakeB3039 25-09-23 10-04-47.fits,2025-09-23 10:04:47,370.51996674004926,222.84506749476685,2.6493866749209833,4.549120470456214,6.238828849141827,10.712360071090915,1234.0771333570685,733.229460775592,7731.413218374197,10308.20628789605,True,1,1
3040,bigshakeB3040 25-09-23 10-04-47.fits,2025-09-23 10:04:47,375.61640960552916,225.56037409794422,2.8016848603387956,4.846476996093111,6.597463668985531,11.41258117818144,1172.0703151377577,746.1860071603579,7729.582507994513,10304.373117473175,True,1,1
3041,bigshakeB3041 25-09-23 10-04-47.fits,2025-09-23 10:04:47,385.42348977204347,232.35470151119932,2.9766722772719683,4.650234314221215,7.009527546007955,10.950464977218866,1109.8694666460208,712.7598422471341,7731.220012296908,10308.237041440163,True,1,1
3042,bigshakeB3042 25-09-23 10-04-47.fits,2025-09-23 10:04:47,394.0180829974414,230.55198899940024,2.721939739371476,4.976073813471565,6.4096782596382695,11.717758361516438,1242.939308302752,733.2768663099406,7729.6086881873625,10304.757739492632,True,1,1
3043,bigshakeB3043 25-09-23 10-04-47.fits,2025-09-23 10:04:47,391.7848738585995,232.76741299654896,2.6304559972046273,4.91670382260125,6.194250509789331,11.577952716941716,1265.2933229916478,736.3014542701103,7730.683114218147,10306.05325841806,True,1,1
3044,bigshakeB3044 25-09-23 10-04-47.fits,2025-09-23 10:04:47,383.6503297625766,231.13237172414378,2.7276834918505424,4.576266844459766,6.4232037631096714,10.776284896744386,1216.4749455049996,749.574955262607,7727.365015258558,10302.567970387647,True,1,1
3045,bigshakeB3045 25-09-23 10-04-47.fits,2025-09-23 10:04:47,372.94122761580564,226.83015508470467,2.646279821036488,4.459133216710258,6.231512767337635,10.500456282172651,1198.691413369101,744.3493480558519,7729.979363098537,10305.871078094122,True,1,1
3046,bigshakeB3046 25-09-23 10-04-47.fits,2025-09-23 10:04:47,369.91996562574207,227.0091790571865,2.658390478835119,4.53396876472522,6.2600311870803615,10.67668053071916,1255.4371952775841,771.409911813529,7730.564488748563,10306.583221199848,True,1,1
3047,bigshakeB3047 25-09-23 10-04-47.fits,2025-09-23 10:04:47,380.1967785565985,220.78468597576477,2.9797151291635373,4.854691903646451,7.016692914636282,11.431925807156121,1165.0113253549698,752.7478636280274,7731.008571743417,10307.0560010544,True,1,1
3048,bigshakeB3048 25-09-23 10-04-47.fits,2025-09-23 10:04:47,390.78746719848726,236.80093617521626,2.8474078034478647,4.612438558249076,6.705132971936577,10.861462773438577,1200.0063633436462,750.3945708117578,7730.179817329007,10306.675388381762,True,1,1
3049,bigshakeB3049 25-09-23 10-04-47.fits,2025-09-23 10:04:47,390.36771694347647,240.08253426582516,2.6193648702512666,4.883127243334359,6.168132901717574,11.49888591504047,1326.0817931636896,742.0823092520523,7730.256635281856,10306.224532052514,True,1,1
3050,bigshakeB3050 25-09-23 10-04-47.fits,2025-09-23 10:04:47,382.4609165735043,228.78881922326042,2.668818483396622,4.838430661235834,6.284587261251464,11.393633507570492,1249.2377107379386,743.6297345418378,7728.899890117306,10303.82114414838,True,1,1
3051,bigshakeB3051 25-09-23 10-04-47.fits,2025-09-23 10:04:47,377.8264798973427,222.24059135244173,2.7211581825052114,4.550414228896681,6.407837833863258,10.715406639399955,1203.4191758347365,747.6056668137617,7728.891499353028,10304.524296895781,True,1,1
3052,bigshakeB3052 25-09-23 10-04-47.fits,2025-09-23 10:04:47,383.5991248884467,223.75564604124685,2.70809933134087,4.979548124370015,6.3770865893763915,11.725939738462777,1297.557333152665,766.9948671012497,7729.871755384758,10304.900968919288,True,1,1
3053,bigshakeB3053 25-09-23 10-04-47.fits,2025-09-23 10:04:47,389.0121783557052,235.50487774091746,2.69906120147636,4.812793683040562,6.35580342000185,11.333263037422245,1300.520375327471,759.6894945174186,7734.201989556312,10311.506653147255,True,1,1
3054,bigshakeB3054 25-09-23 10-04-47.fits,2025-09-23 10:04:47,387.05147597000456,237.46819259498406,2.6031055790649855,4.690487956914556,6.1298451969141245,11.04525506191866,1274.1304029813864,769.1970227310409,7729.041056445305,10303.867317409082,True,1,1
3055,bigshakeB3055 25-09-23 10-04-47.fits,2025-09-23 10:04:47,381.6132689120829,230.12307944009652,2.7544632656974017,4.5929397576187645,6.486265311365651,10.815546606860256,1169.2804060357896,746.5345411469519,7728.626253495153,10303.748547112515,True,1,1
3056,bigshakeB3056 25-09-23 10-04-47.fits,2025-09-23 10:04:47,382.2219421490904,228.86343587395228,3.019107748582381,4.745789192799548,7.109455444470051,11.175479520695625,1115.3263904355485,758.9889053212004,7726.296022350513,10300.502336631698,True,1,1
3057,bigshakeB3057 25-09-23 10-04-47.fits,2025-09-23 10:04:47,387.6356325350699,227.66843883953317,2.845554284644317,4.973674636647274,6.700768268704141,11.712108731839026,1235.0157877538393,768.3998433783801,7727.98272665409,10302.371335883166,True,1,1
3058,bigshakeB3058 25-09-23 10-04-47.fits,2025-09-23 10:04:47,388.27565249044113,230.29219301494896,2.652202157705979,4.5912951624260465,6.245458804440374,10.811673881134483,1212.876643949176,763.8778329416998,7730.043270428917,10305.207878942438,True,1,1
3059,bigshakeB3059 25-09-23 10-04-47.fits,2025-09-23 10:04:47,384.294323722135,233.98583826134,2.746256020479539,4.676653542113323,6.4669387258121445,11.012677504633444,1201.6441452255042,748.8827067434828,7730.167297459253,10305.833590870934,True,1,1
3060,bigshakeB3060 25-09-23 10-04-47.fits,2025-09-23 10:04:47,382.1911434168159,227.90296198002838,2.642324033097646,4.4989414736167825,6.222197598605358,10.594197563493877,1180.807582206998,749.6901130929135,7728.717388506752,10303.636696293242,True,1,1
3061,bigshakeB3061 25-09-23 10-04-47.fits,2025-09-23 10:04:47,383.5663169429542,231.819739853289,2.8306520255521344,4.592430458085426,6.665676130277625,10.814347298110226,1178.4232613141457,750.6871285991697,7734.9369133495,10312.665527252646,True,1,1
3062,bigshakeB3062 25-09-23 10-04-47.fits,2025-09-23 10:04:47,385.87300563597665,228.46656546378173,2.7308057069408433,4.658664072071523,6.43055601778921,10.970315539979529,1226.0626331480946,775.695921960897,7732.2225945732935,10308.24329281615,True,1,1
3063,bigshakeB3063 25-09-23 10-04-47.fits,2025-09-23 10:04:47,381.1903230888045,228.08612076088622,2.615111975515825,4.396377596764282,6.15811809994515,10.352678090385522,1156.4611473466873,746.397823630667,7728.155102785142,10302.863818739599,True,1,1
3064,bigshakeB3064 25-09-23 10-04-47.fits,2025-09-23 10:04:47,379.9869783577911,236.4409104583327,2.7146198916184314,4.659889811367405,6.392441335422825,10.973201935443454,1189.6531938172225,742.3089194308433,7726.998365181868,10301.465370526414,True,1,1
3065,bigshakeB3065 25-09-23 10-04-47.fits,2025-09-23 10:04:47,385.571871943783,232.13594213759322,2.6622084973010427,5.025166366259409,6.269021933496218,11.833362488882994,1338.426929144927,733.4210110728887,7737.155396031236,10315.568051218841,True,1,1
3066,bigshakeB3066 25-09-23 10-04-47.fits,2025-09-23 10:04:47,389.33180885488974,229.33773093468784,2.635679606657323,4.916122810965144,6.206551170035953,11.576584539094616,1281.468452426597,739.0442415046042,7729.130878232549,10304.172577716428,True,1,1
3067,bigshakeB3067 25-09-23 10-04-47.fits,2025-09-23 10:04:47,387.6404701601311,225.89778856798614,2.6816302944359567,4.752403991839215,6.314756770700037,11.191056182068085,1226.7236066968346,740.6766902005206,7727.989293021661,10302.782669497894,True,1,1
3068,bigshakeB3068 25-09-23 10-04-47.fits,2025-09-23 10:04:47,381.8969851779813,223.9196836667631,2.6378323712890546,4.463741469605457,6.211620543342987,10.51130788846284,1176.0579838925528,737.9546794886653,7729.070043633824,10304.425143627006,True,1,1
3069,bigshakeB3069 25-09-23 10-04-47.fits,2025-09-23 10:04:47,378.4958484131568,240.59420576239617,2.711181773695803,4.602691622950645,6.38434518642144,10.838510494820211,1218.1742711099496,733.2022661602624,7727.8146549191215,10303.376816070988,True,1,1
3070,bigshakeB3070 25-09-23 10-04-47.fits,2025-09-23 10:04:47,380.2844346307745,234.28590513882702,2.6483266870750652,4.663664318166428,6.23633276851477,10.9820902197139,1258.2162855825427,762.7297885738366,7729.18358446669,10304.40340252332,True,1,1
3071,bigshakeB3071 25-09-23 10-04-48.fits,2025-09-23 10:04:48,381.8376535155345,220.49147790709122,2.6747746806308466,4.7418039525983735,6.298613033890773,11.166094997185635,1221.8145726052956,759.0120927254868,7730.88615870117,10306.119641484525,True,1,1
3072,bigshakeB3072 25-09-23 10-04-48.fits,2025-09-23 10:04:48,387.8866410673538,228.31385421134087,2.744287230078499,5.24110560023145,6.46230257871131,12.341860525548983,1271.0392114953193,731.9278824733321,7733.268184757263,10309.206864354941,True,1,1
3073,bigshakeB3073 25-09-23 10-04-48.fits,2025-09-23 10:04:48,389.8303152113448,234.66774936947343,2.6689631721481883,4.9670338842008075,6.284927977223942,11.696470954863997,1313.143167717866,720.0253726905166,7729.745223118923,10305.952747171686,True,1,1
3074,bigshakeB3074 25-09-23 10-04-48.fits,2025-09-23 10:04:48,386.01054263148154,232.04077545075384,2.682649587574806,4.851306866680233,6.317157022615163,11.4239546542549,1216.3134509815266,724.6130816181874,7729.682836522014,10304.925830092523,True,1,1
3075,bigshakeB3075 25-09-23 10-04-48.fits,2025-09-23 10:04:48,381.990526207623,223.10887808952197,2.7060748408129016,4.516589546214297,6.372319278500156,10.635755598602666,1210.2110103931857,765.1019198148152,7727.309357815898,10302.135347209618,True,1,1
3076,bigshakeB3076 25-09-23 10-04-48.fits,2025-09-23 10:04:48,381.24282046967767,225.23305371944366,2.6572716312134963,4.608384388806699,6.25739650227363,10.851915933969714,1211.3187554528754,780.509277175867,7728.919777306731,10303.251962345685,True,1,1
3077,bigshakeB3077 25-09-23 10-04-48.fits,2025-09-23 10:04:48,382.3863806806645,238.74705598987603,2.789205782165646,4.430535068547957,6.56807768555989,10.433112789629302,1114.8063431844605,738.133512299872,7727.824733024595,10302.92605697811,True,1,1
3078,bigshakeB3078 25-09-23 10-04-48.fits,2025-09-23 10:04:48,382.89327056913766,235.53212472227312,2.626325415198373,4.849735709105301,6.18452373248336,11.420254860903547,1227.2340672041116,728.7135937752886,7730.087259763309,10305.159175792785,True,1,1
3079,bigshakeB3079 25-09-23 10-04-48.fits,2025-09-23 10:04:48,384.84068421578587,224.78144714454984,2.680635522527712,4.81664442314258,6.312414261870269,11.342330837402681,1275.8363617983525,733.4532180968092,7729.955000427118,10306.01796949967,True,1,1
3080,bigshakeB3080 25-09-23 10-04-48.fits,2025-09-23 10:04:48,387.45129694842416,233.2153974163278,2.6949102623103967,4.434611324752779,6.346028705248136,10.442711639449096,1203.8638164641716,758.7889630439287,7729.824583549984,10305.802835356979,True,1,1
3081,bigshakeB3081 25-09-23 10-04-48.fits,2025-09-23 10:04:48,385.7959665280807,229.31926735526653,2.6469281882977715,4.465277536918044,6.233039555561048,10.514925050561034,1247.5827374797943,750.3851563744167,7729.135088926731,10305.260616309917,True,1,1
3082,bigshakeB3082 25-09-23 10-04-48.fits,2025-09-23 10:04:48,383.578109271919,233.42657959743843,2.6504726276534076,4.3932679722378625,6.241386072404096,10.34535548421819,1198.0710397101589,745.8094173126976,7731.980181209317,10308.779022130007,True,1,1
3083,bigshakeB3083 25-09-23 10-04-48.fits,2025-09-23 10:04:48,382.66742983673527,235.72664807619574,2.654869670788329,4.7044838546209125,6.251740317717075,11.078212882385792,1253.6394112449325,739.4377879633236,7729.573931753092,10305.313040748817,True,1,1
3084,bigshakeB3084 25-09-23 10-04-48.fits,2025-09-23 10:04:48,383.0170213225914,222.26837904508946,2.6392404877942335,4.556231929873034,6.214936404315122,10.729106278275067,1274.1984550533807,742.7277516674159,7729.924092637321,10306.455145647109,True,1,1
3085,bigshakeB3085 25-09-23 10-04-48.fits,2025-09-23 10:04:48,384.5032565458394,231.125495950373,2.6315042368800983,4.941800786405326,6.196718925589127,11.637051550376972,1228.0016742381458,751.2554085270488,7729.75914338176,10303.833345304703,True,1,1
3086,bigshakeB3086 25-09-23 10-04-48.fits,2025-09-23 10:04:48,386.50521678605946,234.51223116023564,2.639067756973847,4.841277766464067,6.21452965431688,11.400337928032249,1278.671113058851,736.0564737393961,7727.194349411811,10301.939053844879,True,1,1
3087,bigshakeB3087 25-09-23 10-04-48.fits,2025-09-23 10:04:48,387.32393321378714,225.44978294521488,2.6714368677572997,4.719729085937761,6.290753085229583,11.11411265868184,1258.1821162620179,746.6830291835572,7729.429431434229,10305.054764570308,True,1,1
3088,bigshakeB3088 25-09-23 10-04-48.fits,2025-09-23 10:04:48,384.068416766319,231.90812274566179,2.6254721524076814,4.682939418193099,6.182514452160159,11.027479611626681,1226.4202316920623,738.181428003556,7729.288792175354,10304.481124421396,True,1,1
3089,bigshakeB3089 25-09-23 10-04-48.fits,2025-09-23 10:04:48,382.61934603597336,230.9476291951956,2.683763267672376,4.618093012810259,6.319779538832672,10.874777996382965,1170.1128132487825,733.5992887468069,7729.414719878038,10304.593687833538,True,1,1
3090,bigshakeB3090 25-09-23 10-04-48.fits,2025-09-23 10:04:48,382.4798968846188,229.8832746881583,2.6894534204486376,4.637310971661367,6.333178824649502,10.920032831110134,1180.2175201904895,740.4654563275758,7729.849391893242,10305.110038699566,True,1,1
3091,bigshakeB3091 25-09-23 10-04-48.fits,2025-09-23 10:04:48,384.0420524521528,238.38191341622533,2.7139578681343206,4.675718174599733,6.39088238925216,11.01047488246297,1215.1480972918025,725.4536807997408,7731.367951599547,10307.99890495712,True,1,1
3092,bigshakeB3092 25-09-23 10-04-48.fits,2025-09-23 10:04:48,384.33241667758597,218.43123251188737,2.6697393340786055,4.664324933644244,6.286755698895878,10.98364585028312,1210.1007057395586,724.2917016303288,7728.434301110032,10303.80787058333,True,1,1
3093,bigshakeB3093 25-09-23 10-04-48.fits,2025-09-23 10:04:48,384.25636387679316,234.71180846417354,2.649818453360257,4.722402702013246,6.239845609665641,11.12040854340911,1216.690921591463,731.5733624173699,7729.168133180647,10304.352376425215,True,1,1
3094,bigshakeB3094 25-09-23 10-04-48.fits,2025-09-23 10:04:48,383.8848196414626,233.33778585641102,2.777608801992294,4.788575867509006,6.540768884185855,11.276234439961675,1205.0128940428688,723.5876263694255,7728.6768417989115,10304.286766077896,True,1,1
3095,bigshakeB3095 25-09-23 10-04-48.fits,2025-09-23 10:04:48,385.7915103878584,231.8614114253954,2.6825286647242454,4.860650092536163,6.31687227106276,11.445956269785697,1297.335433559588,759.1368492070551,7730.332162435462,10306.014158013324,True,1,1
3096,bigshakeB3096 25-09-23 10-04-48.fits,2025-09-23 10:04:48,384.66324300379847,226.43161544162064,2.635691820982154,5.080397249107763,6.2065799325729,11.963421278919055,1284.1602003951748,727.1107292006761,7728.773342598752,10303.415597305542,True,1,1
3097,bigshakeB3097 25-09-23 10-04-48.fits,2025-09-23 10:04:48,381.4522903869338,232.06555724799549,2.7160754246885856,4.369132098611864,6.3958688538726305,10.288519845199355,1176.528458714855,768.8620571365107,7735.957764062629,10313.755383683358,True,1,1
3098,bigshakeB3098 25-09-23 10-04-48.fits,2025-09-23 10:04:48,381.7381449651568,223.06403705845383,2.6762801478632023,4.803377257274232,6.302158138306662,11.311089049275147,1276.7818159754718,785.5886743721923,7730.5715413196185,10305.567273783618,True,1,1
3099,bigshakeB3099 25-09-23 10-04-48.fits,2025-09-23 10:04:48,385.5530316343268,238.31161630413848,2.663682706227244,4.946046160708799,6.272493430226199,11.647048642885448,1237.7299102371278,739.6113973774463,7730.634137058029,10305.625775999182,True,1,1
3100,bigshakeB3100 25-09-23 10-04-48.fits,2025-09-23 10:04:48,385.5088284416064,227.5582537202843,2.6996188136290913,4.8523395471358475,6.357116496276455,11.426386430891892,1233.2261586532622,739.7055788823787,7729.504424267991,10304.647817765906,True,1,1
3101,bigshakeB3101 25-09-23 10-04-48.fits,2025-09-23 10:04:48,382.3428177469235,240.70293418023581,2.6723637080372344,4.629515673076329,6.2929356272993155,10.901676305745088,1184.5639320048617,738.0233315191306,7730.903208555431,10306.559639135832,True,1,1
3102,bigshakeB3102 25-09-23 10-04-48.fits,2025-09-23 10:04:48,381.264389846605,222.55415631873691,2.7054195266232086,4.757974267527293,6.370776131510474,11.204173178914717,1211.791341684477,749.4877016498497,7730.558218660681,10305.908865186875,True,1,1
3103,bigshakeB3103 25-09-23 10-04-48.fits,2025-09-23 10:04:48,383.2320625178656,223.58777662164553,2.689731848695472,4.784425344438025,6.333834473066251,11.266460705036765,1227.3205826700369,725.7245130088728,7730.025329428413,10305.807392894467,True,1,1
3104,bigshakeB3104 25-09-23 10-04-48.fits,2025-09-23 10:04:48,387.4919391662749,234.8220056952531,2.7361518231247657,4.714640788754561,6.4431451593421745,11.102130634479767,1224.9815828581138,741.8799651963114,7729.496007496398,10305.23244258206,True,1,1
3105,bigshakeB3105 25-09-23 10-04-48.fits,2025-09-23 10:04:48,388.4464579228813,227.1644497581513,2.6954764530765982,4.571140380201519,6.347361982613698,10.764212995948931,1187.3711776055493,754.5361098157814,7729.355403711572,10304.50919225009,True,1,1
3106,bigshakeB3106 25-09-23 10-04-48.fits,2025-09-23 10:04:48,382.7723587162043,237.2561641626588,2.6082834162590536,4.8307508040229825,6.1420380717286225,11.375548825862694,1246.333927201993,733.459084241311,7728.419488396727,10303.032541294247,True,1,1
3107,bigshakeB3107 25-09-23 10-04-48.fits,2025-09-23 10:04:48,380.59177298887727,232.39077830736278,2.7113278586893443,4.981912392476192,6.38468919029251,11.731507164391031,1292.175874402568,739.6812368672377,7730.959369751135,10306.997930888887,True,1,1
3108,bigshakeB3108 25-09-23 10-04-48.fits,2025-09-23 10:04:48,379.20792230595083,223.91064730005363,2.6875707613008895,4.946143962236723,6.328745501150423,11.647278947883839,1239.0196155066371,724.6782013625002,7727.900071763919,10302.538198091144,True,1,1
3109,bigshakeB3109 25-09-23 10-04-48.fits,2025-09-23 10:04:48,383.6906456357669,223.8872597635743,2.6979417492664277,4.79124132710549,6.3531673114984475,11.282511117648694,1217.4018165092978,740.7507989668843,7731.214111881073,10306.903512255,True,1,1
3110,bigshakeB3110 25-09-23 10-04-48.fits,2025-09-23 10:04:48,386.3683358272969,237.3862347753264,2.715510222934607,5.200926151320024,6.394537905452874,12.247245153854061,1276.6897204778386,724.4055810788152,7727.809157349276,10302.175161703723,True,1,1
3111,bigshakeB3111 25-09-23 10-04-48.fits,2025-09-23 10:04:48,388.7852389115875,235.59695155287793,2.7374185946842085,5.0277069881448275,6.446128178402826,11.839345196225622,1258.558142335933,750.9614995898595,7728.320567360802,10302.701954667533,True,1,1
3112,bigshakeB3112 25-09-23 10-04-48.fits,2025-09-23 10:04:48,386.612879726264,228.34465451919917,2.6968170525451858,4.9529903983015835,6.350518853114687,11.663401072766394,1246.1792395352122,725.6822841321318,7726.853016691682,10301.250901135945,True,1,1
3113,bigshakeB3113 25-09-23 10-04-48.fits,2025-09-23 10:04:48,381.1197083235257,229.93759571916718,2.7707181321336742,4.621269229343464,6.524542596679087,10.882257414742716,1175.575847086215,724.185317616173,7729.385058073532,10305.379539870233,True,1,1
3114,bigshakeB3114 25-09-23 10-04-48.fits,2025-09-23 10:04:48,383.8448706912937,229.58794580251464,2.7855573074404734,4.6732707827392455,6.559486184143266,11.00471171505185,1217.272161712592,758.9372374715414,7735.711830557574,10313.4681110948,True,1,1
3115,bigshakeB3115 25-09-23 10-04-48.fits,2025-09-23 10:04:48,388.7263949064513,224.75438980233534,2.674856706281276,4.769013793649828,6.29880618953661,11.230169276315706,1211.2858311078949,708.7985821172664,7729.777319081736,10305.637331461874,True,1,1
3116,bigshakeB3116 25-09-23 10-04-48.fits,2025-09-23 10:04:48,390.32139053883594,233.18728474524465,2.645365763219619,4.638956192343017,6.229360325668155,10.923907029749785,1206.9961232911385,749.2650954090988,7729.93979800422,10305.109253133785,True,1,1
3117,bigshakeB3117 25-09-23 10-04-48.fits,2025-09-23 10:04:48,379.90124269965816,226.6266290649938,2.740577299369443,4.754032925734422,6.4535663595119495,11.194892028256547,1151.2896469895438,738.0291798878477,7728.217329374903,10302.444179963955,True,1,1
3118,bigshakeB3118 25-09-23 10-04-48.fits,2025-09-23 10:04:48,385.5946966560881,238.43568144367612,2.8575465898022916,4.589929849972129,6.729007989276268,10.808458816000266,1105.7966823500308,742.9663452818144,7735.188112025926,10312.277058303851,True,1,1
3119,bigshakeB3119 25-09-23 10-04-48.fits,2025-09-23 10:04:48,386.4431119576715,231.79520843276376,2.7451427382082763,4.640644941054477,6.464317146403997,10.92788372906655,1181.1287244353637,747.4562156318901,7730.554048984278,10306.223565363729,True,1,1
3120,bigshakeB3120 25-09-23 10-04-49.fits,2025-09-23 10:04:49,388.3715125399137,232.98806712749376,2.798494338755233,4.995133177629611,6.589950564806455,11.762639734281349,1267.3928384329981,749.4926995643092,7732.313299504854,10308.722177781787,True,1,1
3121,bigshakeB3121 25-09-23 10-04-49.fits,2025-09-23 10:04:49,385.8953167745827,220.72452151388282,2.8294679569587164,4.605830007608513,6.6628878618191525,10.845900825921577,1169.6123366290276,748.7865739814634,7730.871270225599,10307.100377779863,True,1,1
3122,bigshakeB3122 25-09-23 10-04-49.fits,2025-09-23 10:04:49,386.5594612983255,238.34610457650493,2.745761321895503,4.90697722752579,6.465773799670208,11.555048335888124,1229.646619623627,750.5473728594101,7729.045047702934,10303.792273819912,True,1,1
3123,bigshakeB3123 25-09-23 10-04-49.fits,2025-09-23 10:04:49,383.5919555111956,219.01145227065524,2.7125888052085068,4.526382629672306,6.3876584924315445,10.658816547832247,1168.4781873075854,749.6662438230608,7729.051545140564,10304.23399535938,True,1,1
3124,bigshakeB3124 25-09-23 10-04-49.fits,2025-09-23 10:04:49,383.482312082018,244.3303963386309,2.6922592101207927,4.810596881454704,6.339785954411633,11.32808996501291,1201.6407135791012,719.3572765124162,7728.224587477302,10303.122329012545,True,1,1
3125,bigshakeB3125 25-09-23 10-04-49.fits,2025-09-23 10:04:49,383.11939130857996,218.7281708293465,2.6978002258509766,4.860105919142768,6.352834049322902,11.444674839370956,1218.4227152634737,753.953516666194,7729.9133746333455,10304.581202457959,True,1,1
3126,bigshakeB3126 25-09-23 10-04-49.fits,2025-09-23 10:04:49,381.27213519439965,236.17320738150562,2.7100402837181674,5.149962476527802,6.381657182940901,12.127234870884896,1236.5286869748725,717.7233280324325,7728.784659352836,10303.243499441121,True,1,1
3127,bigshakeB3127 25-09-23 10-04-49.fits,2025-09-23 10:04:49,378.42213443895764,222.92931072988347,2.7989197773086802,4.66452888519034,6.590952396040041,10.984126119472082,1169.5514911522394,747.6766886381286,7728.825938237794,10303.983301500872,True,1,1
3128,bigshakeB3128 25-09-23 10-04-49.fits,2025-09-23 10:04:49,380.2436897196616,240.13977563856918,2.975252886600651,4.605706196596505,7.006185136403407,10.845609273268703,1124.60619877303,767.8603642163969,7729.549769180763,10305.071272401292,True,1,1
3129,bigshakeB3129 25-09-23 10-04-49.fits,2025-09-23 10:04:49,383.72142610610126,225.9391200789601,2.787870929764605,4.964920246394418,6.564934348368762,11.691493718189575,1201.043038258665,747.6979511544971,7728.937380886782,10303.349463279379,True,1,1
3130,bigshakeB3130 25-09-23 10-04-49.fits,2025-09-23 10:04:49,389.2847516928491,233.41176788165683,2.7283329775147664,4.804861542006332,6.424733184970746,11.314584272714827,1190.8958670627976,735.0133091408397,7726.8305664114205,10300.965621633246,True,1,1
3131,bigshakeB3131 25-09-23 10-04-49.fits,2025-09-23 10:04:49,389.00972633027396,225.0862175494655,2.6851745372288516,4.480063063961329,6.323102824673203,10.54974230601891,1210.072964874037,760.6950541949918,7731.058312885476,10307.24897198762,True,1,1
3132,bigshakeB3132 25-09-23 10-04-49.fits,2025-09-23 10:04:49,385.31746978386195,236.92011330150302,2.708692663008521,4.558816250195408,6.378483778680728,10.735191887572974,1155.6842288401444,740.280584085789,7729.261355334873,10304.405464554597,True,1,1
3133,bigshakeB3133 25-09-23 10-04-49.fits,2025-09-23 10:04:49,378.5808688725478,234.63155126303977,2.7164078340252895,4.550428256051612,6.396651618041855,10.715439670825562,1194.5956429719238,756.4122789133675,7730.132763719594,10305.814970753878,True,1,1
3134,bigshakeB3134 25-09-23 10-04-49.fits,2025-09-23 10:04:49,380.17984847271873,225.37420671709486,2.7370906036602074,4.860776063881905,6.445355818564918,11.446252909635747,1227.071881034776,746.3550813455008,7727.597220220974,10302.056856726147,True,1,1
3135,bigshakeB3135 25-09-23 10-04-49.fits,2025-09-23 10:04:49,381.2215528893369,223.15090383043474,2.8557020405429228,4.902037359176162,6.72466440770626,11.543415834878605,1129.500334814375,730.7004564775672,7731.824733381271,10307.238449383854,True,1,1
3136,bigshakeB3136 25-09-23 10-04-49.fits,2025-09-23 10:04:49,386.8720377543978,233.83631878456072,2.791728505841147,4.679641457180637,6.574018245839035,11.019713506926804,1203.4818264140408,773.4753182894448,7729.701943838386,10304.912584303438,True,1,1
3137,bigshakeB3137 25-09-23 10-04-49.fits,2025-09-23 10:04:49,387.2408122782723,232.55842599593223,2.6802110615761405,4.715649281346288,6.3114147327131755,11.10450545305003,1200.4861973260402,758.1086563998332,7728.346534669633,10302.595557781962,True,1,1
3138,bigshakeB3138 25-09-23 10-04-49.fits,2025-09-23 10:04:49,385.80013166779474,238.2042623127429,2.7210885090464987,4.615878403639,6.4076737654060745,10.869562990314577,1230.0093144594393,781.426857999938,7728.7662576142575,10303.663882517758,True,1,1
3139,bigshakeB3139 25-09-23 10-04-49.fits,2025-09-23 10:04:49,383.78577389177565,223.28226306757716,2.7647305863354807,4.588338177908409,6.510443003812959,10.804710714719503,1191.4803825851484,754.4380249254322,7729.026343767392,10304.493778065287,True,1,1
3140,bigshakeB3140 25-09-23 10-04-49.fits,2025-09-23 10:04:49,382.7202285328667,226.3705762697342,2.7654122669845727,4.294815966713189,6.512048239069751,10.113518728135192,1177.1325783288214,775.6899458686231,7732.464501692718,10309.554800725697,True,1,1
3141,bigshakeB3141 25-09-23 10-04-49.fits,2025-09-23 10:04:49,382.0550571665774,235.47197087025634,2.759199027564898,4.449155772044946,6.497417178339725,10.476961195476589,1182.4745694595802,759.2496450553542,7728.6276052151425,10304.234499383998,True,1,1
3142,bigshakeB3142 25-09-23 10-04-49.fits,2025-09-23 10:04:49,383.874682609771,231.39257553127104,2.7722296727713283,4.549766719698,6.528102002871513,10.71388187175956,1220.3078004577699,760.6797074293894,7727.4924109166,10302.916191792256,True,1,1
3143,bigshakeB3143 25-09-23 10-04-49.fits,2025-09-23 10:04:49,385.204116003897,229.92800461911716,2.72176368764331,4.349586033055753,6.409263689499822,10.242492378226338,1205.1620404207767,771.9407327095921,7730.284128842122,10306.64101704659,True,1,1
3144,bigshakeB3144 25-09-23 10-04-49.fits,2025-09-23 10:04:49,387.063355395142,228.1806401537087,2.7384808070275715,4.509397514877448,6.448629497321057,10.618819659046164,1218.6508518474354,771.6579502263177,7728.523046650175,10303.953446671572,True,1,1
3145,bigshakeB3145 25-09-23 10-04-49.fits,2025-09-23 10:04:49,385.7989808259175,231.26454206238918,2.707838729955721,4.454961431087721,6.37647292001088,10.49063247776513,1178.0230452418616,769.3800303566882,7731.528305349206,10307.463302706457,True,1,1
3146,bigshakeB3146 25-09-23 10-04-49.fits,2025-09-23 10:04:49,383.03414700918705,236.95710845804254,2.728825290131279,4.549893370017404,6.425892492588532,10.714180110470402,1220.8173246813258,761.0885099845013,7730.14285251381,10306.170558797514,True,1,1
3147,bigshakeB3147 25-09-23 10-04-49.fits,2025-09-23 10:04:49,382.93773230744694,224.06713984863143,2.6809066134434825,4.563108354035064,6.313052632192751,10.74529901972995,1235.7507541900206,793.0759210909318,7729.0542344538035,10303.807884560742,True,1,1
3148,bigshakeB3148 25-09-23 10-04-49.fits,2025-09-23 10:04:49,383.2880325952935,226.61660952738106,2.675413448148631,4.344425997646708,6.300117216445766,10.230341423412048,1171.0113594698603,792.946228207969,7729.843570575696,10304.829012000691,True,1,1
3149,bigshakeB3149 25-09-23 10-04-49.fits,2025-09-23 10:04:49,385.9378536522354,235.95241733725112,2.7736109137727634,4.549823416966183,6.531354576868711,10.714015383623176,1192.5221983924332,760.9038159398715,7729.095460789842,10304.654391788557,True,1,1
3150,bigshakeB3150 25-09-23 10-04-49.fits,2025-09-23 10:04:49,385.045079139442,230.43372378700144,2.67558676477467,4.453594897274429,6.3005253459109,10.487414536549377,1234.3632183167156,785.1652178578838,7728.67577254829,10303.887088911764,True,1,1
3151,bigshakeB3151 25-09-23 10-04-49.fits,2025-09-23 10:04:49,382.96166805009386,236.92169152463836,2.7481009972891637,4.601755569764563,6.471283314186065,10.83630625801441,1195.1012945696605,761.3265101752355,7732.407161531731,10308.7316291164,True,1,1
3152,bigshakeB3152 25-09-23 10-04-49.fits,2025-09-23 10:04:49,383.89603601404923,224.57633484926362,2.7334871028142578,4.698405674744343,6.436870222540589,11.063899862575143,1258.5091083770053,774.259299287501,7728.177971732647,10303.205056360346,True,1,1
3153,bigshakeB3153 25-09-23 10-04-49.fits,2025-09-23 10:04:49,385.443609625891,223.14827222865623,2.76977890649821,4.276373928508836,6.522330889325889,10.070091046900354,1137.617757496992,784.6037980766924,7728.824594483251,10304.032525737603,True,1,1
3154,bigshakeB3154 25-09-23 10-04-49.fits,2025-09-23 10:04:49,385.29399163190044,231.13052783554443,2.732122342086865,4.421891008278314,6.433656456623054,10.412757583235889,1238.8648241759781,795.8975840445903,7730.443342835174,10306.554670220818,True,1,1
3155,bigshakeB3155 25-09-23 10-04-49.fits,2025-09-23 10:04:49,383.5396080822328,229.72605135922382,2.7423375925497275,4.220672892812188,6.457711533178014,9.938925131512905,1172.081528088215,776.9314481006464,7728.181385973146,10303.902772876769,True,1,1
3156,bigshakeB3156 25-09-23 10-04-49.fits,2025-09-23 10:04:49,383.1542250057372,235.80646045744876,2.733379768600844,4.2678279628015225,6.436617469783325,10.049966835548625,1216.97263017209,787.7983719075518,7728.277860110575,10304.183843111123,True,1,1
3157,bigshakeB3157 25-09-23 10-04-49.fits,2025-09-23 10:04:49,384.36974782061037,222.7189026157667,2.7160617117970007,4.216612882604918,6.395836562480651,9.929364538093793,1205.4741534733296,793.7065472966451,7730.806160319253,10307.362361811396,True,1,1
3158,bigshakeB3158 25-09-23 10-04-49.fits,2025-09-23 10:04:49,384.2538896978125,231.89585286475418,2.702364242171103,4.263297101124396,6.363581486439384,10.039297471650064,1166.4275756040938,786.8182183570799,7732.14504141461,10308.470138079107,True,1,1
3159,bigshakeB3159 25-09-23 10-04-49.fits,2025-09-23 10:04:49,384.24727107332234,233.43720110310727,2.8019456338614805,4.361717948924221,6.598077743703963,10.271060856898034,1207.6905535172255,795.0794813542465,7728.445097669534,10304.15465127535,True,1,1
3160,bigshakeB3160 25-09-23 10-04-49.fits,2025-09-23 10:04:49,384.53106592301725,226.39181380343388,2.72615271722391,4.351257705974505,6.419599064334452,10.246428867124148,1200.2792627356878,779.5139346603481,7727.170234208253,10302.26844321292,True,1,1
3161,bigshakeB3161 25-09-23 10-04-49.fits,2025-09-23 10:04:49,384.54257702082833,236.45831712532967,2.756576441972596,4.232979799122402,6.491241461217163,9.967905681184515,1171.411242434423,782.143493229293,7729.2185705515585,10305.198043972383,True,1,1
3162,bigshakeB3162 25-09-23 10-04-49.fits,2025-09-23 10:04:49,382.96114737100277,230.08778636917572,2.7782045364240604,4.402114054928577,6.542171731567294,10.366186417058287,1167.2758255004615,791.2312005471159,7728.636214809328,10303.594141980762,True,1,1
3163,bigshakeB3163 25-09-23 10-04-49.fits,2025-09-23 10:04:49,383.33760947621107,234.40453197560362,2.751578942064429,4.407069112827396,6.479473248258371,10.377854686722715,1216.4585103806385,805.8467993151459,7729.270093607008,10304.626883013865,True,1,1
3164,bigshakeB3164 25-09-23 10-04-49.fits,2025-09-23 10:04:49,385.8961333201699,222.74697974079933,2.7100455334666838,4.192941119158258,6.381669545153939,9.873621795028367,1227.6346396844365,855.2860775951219,7728.350911966942,10303.114207313689,True,1,1
3165,bigshakeB3165 25-09-23 10-04-49.fits,2025-09-23 10:04:49,387.4430704888101,230.2823371337242,2.687981925348455,4.151017521650802,6.329713718491426,9.774899267258002,1186.3364441005415,783.0492834968161,7737.471462691432,10316.306930991188,True,1,1
3166,bigshakeB3166 25-09-23 10-04-49.fits,2025-09-23 10:04:49,384.8935280214064,239.7819040885355,2.7155011707133565,4.305624047198693,6.394516589100822,10.138969812710764,1232.4134446008554,790.9777347566156,7735.734792660396,10314.004780226973,True,1,1
3167,bigshakeB3167 25-09-23 10-04-49.fits,2025-09-23 10:04:49,381.5431786741947,229.78688074213673,2.7092305443244857,4.1636431712981254,6.379750392385409,9.804630400129057,1239.9957625719285,830.9131661483232,7729.117416811296,10304.966674632824,True,1,1
3168,bigshakeB3168 25-09-23 10-04-49.fits,2025-09-23 10:04:49,381.20906090008043,230.7548458856147,2.689671640738615,4.215886813162074,6.333692694162573,9.9276547752157,1247.112263913512,815.2593310387485,7731.029625633869,10307.60753268799,True,1,1
3169,bigshakeB3169 25-09-23 10-04-49.fits,2025-09-23 10:04:49,382.8829379466369,226.73673132631725,2.747121528722153,4.285904199858793,6.468976841970991,10.092533120909819,1255.1003288476616,818.1121164933281,7730.0786928896605,10306.466424078555,True,1,1
3170,bigshakeB3170 25-09-23 10-04-49.fits,2025-09-23 10:04:49,386.09278092220205,229.4909723807972,2.691165922539603,4.081485718697271,6.337211458900464,9.611164383895884,1194.8661139899455,799.3036622794065,7728.28707627011,10304.13856263573,True,1,1
3171,bigshakeB3171 25-09-23 10-04-50.fits,2025-09-23 10:04:50,386.93546047856864,237.2242861394943,2.76199024786719,4.238576092447333,6.503989999857659,9.981083944883933,1201.3886595019555,797.9140291985245,7729.358510152581,10305.478197347953,True,1,1
3172,bigshakeB3172 25-09-23 10-04-50.fits,2025-09-23 10:04:50,384.6636964969221,229.49806328035405,2.7168227203792386,4.378765682422762,6.397628600744545,10.311205201462744,1226.6869173649163,805.857540563327,7729.362785607394,10304.793661879514,True,1,1
3173,bigshakeB3173 25-09-23 10-04-50.fits,2025-09-23 10:04:50,383.7807619910804,227.21930483012156,2.665258252043132,4.281651962542905,6.276203557095317,10.082519867242135,1210.7803223890094,832.8046189573939,7730.253132285519,10305.235242095947,True,1,1
3174,bigshakeB3174 25-09-23 10-04-50.fits,2025-09-23 10:04:50,383.73475871443543,231.782141217886,2.7140099405795963,4.336569399525902,6.3910050104900895,10.211840548671422,1197.6927314634092,790.4426035105084,7730.321999241784,10306.170326090569,True,1,1
3175,bigshakeB3175 25-09-23 10-04-50.fits,2025-09-23 10:04:50,384.4211774939656,233.29419135698942,2.735140814986184,4.213930255985597,6.440764417111754,9.923047435157283,1209.1453432316755,812.6664546874966,7730.717378334719,10307.010420706116,True,1,1
3176,bigshakeB3176 25-09-23 10-04-50.fits,2025-09-23 10:04:50,385.3396796213861,229.26853580390429,2.6740113877767264,4.331957396062027,6.296815616577662,10.200980110466936,1229.7592091013678,811.5835427259113,7731.711294255773,10307.761111141797,True,1,1
3177,bigshakeB3177 25-09-23 10-04-50.fits,2025-09-23 10:04:50,385.94183220240075,230.13673637070113,2.6841554140441546,4.109676327711931,6.3207029729695225,9.677548195085235,1204.2480592964578,826.0595198232719,7736.408753850317,10314.363343648292,True,1,1
3178,bigshakeB3178 25-09-23 10-04-50.fits,2025-09-23 10:04:50,384.6247191415017,233.04547287892785,2.738925588813798,4.332529226110192,6.449676878386928,10.202326667326707,1200.1148259590193,792.2270988439185,7731.980702621259,10308.54871210936,True,1,1
3179,bigshakeB3179 25-09-23 10-04-50.fits,2025-09-23 10:04:50,381.4260479944441,228.23355734259096,2.685566303052594,4.221163728301525,6.324025362687909,9.940080960762007,1232.2421791001889,797.2650872809231,7727.181086062036,10302.615056507218,True,1,1
3180,bigshakeB3180 25-09-23 10-04-50.fits,2025-09-23 10:04:50,381.7890193829003,231.51232345373742,2.6750726647213035,4.2750623480982455,6.299314732800082,10.067002511058826,1202.294508160789,811.6416044796005,7728.24081100239,10302.996781107993,True,1,1
3181,bigshakeB3181 25-09-23 10-04-50.fits,2025-09-23 10:04:50,384.27546835816656,235.68638392646127,2.708106850913415,4.321952718350284,6.377104296616551,10.177420894847248,1220.2480213500849,811.3772349410175,7728.421392795731,10303.506086016585,True,1,1
3182,bigshakeB3182 25-09-23 10-04-50.fits,2025-09-23 10:04:50,386.0797241763734,229.52787684578257,2.6779168391078434,4.446635099423717,6.306012251657069,10.471025465061157,1239.785570256715,792.6333774094894,7729.15451126048,10304.471374609602,True,1,1
3183,bigshakeB3183 25-09-23 10-04-50.fits,2025-09-23 10:04:50,386.7419108647305,228.678921943569,2.7278664303475355,4.199841137879849,6.423634550349399,9.88987009742506,1192.3204008822192,821.2372475145331,7728.836272824174,10304.088486881506,True,1,1
3184,bigshakeB3184 25-09-23 10-04-50.fits,2025-09-23 10:04:50,384.494157154701,227.77244454717825,2.7526125127321692,4.072162586111861,6.4819071211847215,9.589210084401278,1206.2886977097241,815.4497522058447,7728.08105901252,10304.107041520314,True,1,1
3185,bigshakeB3185 25-09-23 10-04-50.fits,2025-09-23 10:04:50,382.63967709148204,235.79208411943944,2.714935573388744,4.148775786430471,6.393184709183409,9.769620384225513,1190.591921259155,792.037801671394,7728.508787490939,10304.398440497249,True,1,1
3186,bigshakeB3186 25-09-23 10-04-50.fits,2025-09-23 10:04:50,383.13568919677385,235.81594380221006,2.7439337716952363,4.509124230269097,6.461470247825319,10.61817612297242,1250.5892584863782,796.2626949197161,7730.341280620146,10306.291839580317,True,1,1
3187,bigshakeB3187 25-09-23 10-04-50.fits,2025-09-23 10:04:50,384.3148759936111,221.67693436589042,2.74978587376675,4.3934426216106095,6.475250895088887,10.345766752061987,1229.3421113892005,816.388645809741,7727.38675729335,10302.104863147093,True,1,1
3188,bigshakeB3188 25-09-23 10-04-50.fits,2025-09-23 10:04:50,385.42345060356996,226.86488715331896,2.6941574900306433,4.183889734614011,6.344256061994429,9.852307413268292,1186.008184626237,782.7457314001614,7730.433732245044,10306.829142379047,True,1,1
3189,bigshakeB3189 25-09-23 10-04-50.fits,2025-09-23 10:04:50,384.6042124921978,239.11237963547026,2.7126514976697704,4.234969092155662,6.387806121896001,9.972590108294675,1196.5156151457497,799.7384443745617,7729.208065190982,10304.873712346827,True,1,1
3190,bigshakeB3190 25-09-23 10-04-50.fits,2025-09-23 10:04:50,383.18736735544405,235.1767840105824,2.725081209577547,4.046785061815747,6.417075856650394,9.52945058149553,1220.2002050694505,818.8256837571454,7730.523591251778,10307.425015852592,True,1,1
3191,bigshakeB3191 25-09-23 10-04-50.fits,2025-09-23 10:04:50,383.71388996892637,228.0311702318051,2.7427994204979727,4.399679602549887,6.458799054887898,10.360453719798274,1226.2896971976002,779.1038130455328,7727.439123972543,10302.916170136938,True,1,1
3192,bigshakeB3192 25-09-23 10-04-50.fits,2025-09-23 10:04:50,383.4584628988599,223.71549336955076,2.732018057759259,4.193870529613185,6.4334108857980254,9.87581038939769,1184.0809135210081,803.3719756290922,7731.528487338612,10308.003276317675,True,1,1
3193,bigshakeB3193 25-09-23 10-04-50.fits,2025-09-23 10:04:50,383.54228310469637,233.56578147761772,2.724358774353789,4.062853544117744,6.415374651704251,9.567288965713498,1176.5236691499679,793.8696242267389,7730.104020499604,10306.700377666742,True,1,1
3194,bigshakeB3194 25-09-23 10-04-50.fits,2025-09-23 10:04:50,384.4227171408923,240.84861613753526,2.726178587268212,4.250177135351555,6.41965998363334,10.00840231325806,1194.166037353923,794.2455635912078,7729.85101075794,10305.840446252838,True,1,1
3195,bigshakeB3195 25-09-23 10-04-50.fits,2025-09-23 10:04:50,385.34290771926334,227.85497318383477,2.7548727216398587,4.28194436286264,6.487229506426506,10.083208417376222,1195.4621125322733,820.4920559297375,7730.115321702377,10305.671790704291,True,1,1
3196,bigshakeB3196 25-09-23 10-04-50.fits,2025-09-23 10:04:50,385.99521226587,226.19893688180304,2.7665750628421018,4.195706936304632,6.514786414063339,9.88013479668554,1126.6082943245333,817.8836155924113,7730.1034760225675,10305.160946906495,True,1,1
3197,bigshakeB3197 25-09-23 10-04-50.fits,2025-09-23 10:04:50,384.336541711573,234.0765707060753,2.7704079333352225,4.108413383727995,6.523812134330548,9.674574189276111,1163.8277594045799,820.282034601042,7729.348335090201,10305.036496054438,True,1,1
3198,bigshakeB3198 25-09-23 10-04-50.fits,2025-09-23 10:04:50,382.98937103771146,235.0272762478817,2.7330536875767124,4.247765583352046,6.435849607651396,10.002723542269981,1187.2494053171731,791.7327676907378,7728.51320555119,10304.066605157044,True,1,1
3199,bigshakeB3199 25-09-23 10-04-50.fits,2025-09-23 10:04:50,383.2661441389173,230.84493364038013,2.7707691514720887,4.1917099345560205,6.524662738039869,9.870722576847886,1173.8360686884964,817.3818743539235,7729.150578263927,10304.62650148825,True,1,1
3200,bigshakeB3200 25-09-23 10-04-50.fits,2025-09-23 10:04:50,384.9617450932145,225.6550656544251,2.721011581265206,4.25002531928062,6.407492614324667,10.008044813731063,1204.3679509586336,792.1178992544721,7729.605516606712,10305.673714488003,True,1,1
3201,bigshakeB3201 25-09-23 10-04-50.fits,2025-09-23 10:04:50,386.15723654230874,227.92812935100514,2.786041817077926,4.302892166738517,6.56062711714955,10.132536725842515,1144.7373071403392,790.1113266665711,7731.315071122267,10307.320949657285,True,1,1
3202,bigshakeB3202 25-09-23 10-04-50.fits,2025-09-23 10:04:50,385.36878894452394,237.96049670473556,2.827143174959019,4.099301865222274,6.6574134185659375,9.65311820285817,1134.3440169730295,800.3149601035661,7731.883376671483,10308.792547668967,True,1,1
3203,bigshakeB3203 25-09-23 10-04-50.fits,2025-09-23 10:04:50,382.39814617698437,234.6478373218566,2.795495324061902,4.266312581696369,6.582888424891256,10.04639838574635,1166.4824147672784,807.2938987990404,7727.803352413123,10302.780730861487,True,1,1
3204,bigshakeB3204 25-09-23 10-04-50.fits,2025-09-23 10:04:50,382.9353361383885,226.09886282675745,2.706219648706012,4.380358412913856,6.372660275029531,10.314955795149505,1194.5565187590519,803.79517800453,7728.888658993684,10303.679968767881,True,1,1
3205,bigshakeB3205 25-09-23 10-04-50.fits,2025-09-23 10:04:50,385.0356083789155,221.21550143973238,2.7875371246821175,4.258417872234828,6.564148297469387,10.027807765656616,1170.5024806356757,813.4174307942443,7730.673945843201,10306.515337909756,True,1,1
3206,bigshakeB3206 25-09-23 10-04-50.fits,2025-09-23 10:04:50,386.1614516997195,229.44985226874792,2.813563999666887,4.024233404147744,6.625436904393037,9.476345485970242,1144.553600873981,792.0464241280816,7728.174950180943,10304.405049951552,True,1,1
3207,bigshakeB3207 25-09-23 10-04-50.fits,2025-09-23 10:04:50,385.360751248143,239.98937361172943,2.73825629242931,3.9448816818663706,6.448100805844668,9.289486459734334,1170.8221179531072,834.0152819261125,7727.573003279441,10302.991590309712,True,1,1
3208,bigshakeB3208 25-09-23 10-04-50.fits,2025-09-23 10:04:50,382.55379468762425,236.11860524119604,2.728450208851876,4.332840832789082,6.425009243673277,10.203060444980322,1214.586179160082,837.4409415220683,7730.490921130747,10305.678549059845,True,1,1
3209,bigshakeB3209 25-09-23 10-04-50.fits,2025-09-23 10:04:50,381.9831457135403,224.64344377420585,2.7750925965844955,4.140152910506234,6.534843673254156,9.749315063153304,1185.8689862106262,837.192123866819,7729.231166288231,10304.726598316822,True,1,1
3210,bigshakeB3210 25-09-23 10-04-50.fits,2025-09-23 10:04:50,383.791708112509,224.04209495644182,2.727307998452075,4.023437819158858,6.422319543728183,9.474472026490886,1178.4198280351343,792.5165677288444,7730.809238656527,10307.877629131735,True,1,1
3211,bigshakeB3211 25-09-23 10-04-50.fits,2025-09-23 10:04:50,383.92871818093397,233.15487901041203,2.769509657691564,4.087104112996032,6.521696856838898,9.624394691411494,1145.5187298245594,804.4942551488103,7730.340091670255,10306.516825915865,True,1,1
3212,bigshakeB3212 25-09-23 10-04-50.fits,2025-09-23 10:04:50,384.5612409401443,239.9063518221552,2.7614259717378986,4.224331761386738,6.502661231117472,9.947541108574388,1189.8505966727107,825.8177329676081,7736.953141767949,10314.878243502999,True,1,1
3213,bigshakeB3213 25-09-23 10-04-50.fits,2025-09-23 10:04:50,385.69070747009806,229.14109444513804,2.8058346266044993,4.251278700867716,6.607235621770204,10.01099630181643,1213.0131668836075,816.6676632134894,7731.671335480214,10308.53808918398,True,1,1
3214,bigshakeB3214 25-09-23 10-04-50.fits,2025-09-23 10:04:50,385.35971260778246,225.44621769676732,2.7388850420605935,4.0513814342345915,6.4495813980797205,9.540274211401853,1172.3156906639224,792.9133628333615,7728.560348297115,10304.739002445971,True,1,1
3215,bigshakeB3215 25-09-23 10-04-50.fits,2025-09-23 10:04:50,384.4373231488787,232.34586130947918,2.8446442336192805,3.9948060393535827,6.698625262308385,9.407049337480512,1130.0666809615202,819.7526286332654,7728.951716139904,10304.955025326184,True,1,1
3216,bigshakeB3216 25-09-23 10-04-50.fits,2025-09-23 10:04:50,383.07425753811566,231.81793182948024,2.825264086658431,4.069854231089083,6.65298850376933,9.583774323722595,1147.6717408243444,833.1151744193486,7731.208310310258,10307.50392186953,True,1,1
3217,bigshakeB3217 25-09-23 10-04-50.fits,2025-09-23 10:04:50,382.5791007968267,230.00199965630406,2.797739758307147,4.153734866388042,6.5881736636417125,9.781298125114514,1181.3385413297399,832.4649884954531,7729.288122693484,10304.919757031064,True,1,1
3218,bigshakeB3218 25-09-23 10-04-50.fits,2025-09-23 10:04:50,384.1725247909656,233.01932390966508,2.760974513589584,4.22677694077184,6.501598128420327,9.953299066004123,1184.5939780793885,852.9893739905635,7730.577713883721,10305.688776876852,True,1,1
3219,bigshakeB3219 25-09-23 10-04-50.fits,2025-09-23 10:04:50,385.96775152185137,229.30055638549294,2.825227866902311,4.058271145733276,6.6529032127615935,9.556498242143434,1180.2288847590908,819.9372915646816,7729.72009334762,10306.329426249931,True,1,1
3220,bigshakeB3220 25-09-23 10-04-50.fits,2025-09-23 10:04:50,385.47178664796394,229.49800471546442,2.7709317719054836,4.163691591934818,6.525045679896159,9.804744422014933,1164.555722864184,828.6637156346329,7728.583359468184,10303.611208535658,True,1,1
3221,bigshakeB3221 25-09-23 10-04-50.fits,2025-09-23 10:04:50,382.32841693533146,230.87576807992687,2.784452168640702,4.135531400612291,6.556883781145023,9.73843223901674,1143.8245014204902,819.0680346174003,7728.863402985567,10304.094467136296,True,1,1
3222,bigshakeB3222 25-09-23 10-04-50.fits,2025-09-23 10:04:50,381.3591566408697,232.79476007342979,2.7919356142666105,4.126469302959573,6.574505948910811,9.717092629814092,1149.8062146746242,803.0350356998404,7729.731655800413,10305.768306937369,True,1,1
3223,bigshakeB3223 25-09-23 10-04-50.fits,2025-09-23 10:04:50,383.6114955105124,233.49574738307794,2.7712645208212145,4.189074946076645,6.525829243712884,9.864517653158227,1166.466619585341,817.9614137994095,7728.975163480767,10304.287570918825,True,1,1
3224,bigshakeB3224 25-09-23 10-04-51.fits,2025-09-23 10:04:51,385.52282776787735,230.3988287084472,2.8583866708637125,4.052459264717979,6.730986228999153,9.542812308229278,1164.907374158342,837.9292181081538,7731.872719041853,10308.819390582978,True,1,1
3225,bigshakeB3225 25-09-23 10-04-51.fits,2025-09-23 10:04:51,385.9034438965151,227.77119073529238,2.858160560071147,4.0506906169167,6.7304537787724215,9.538647460934229,1140.448381034883,833.5103926063538,7727.68036425043,10302.964352474026,True,1,1
3226,bigshakeB3226 25-09-23 10-04-51.fits,2025-09-23 10:04:51,385.06725105901165,230.79668026330367,2.824848328325404,3.900330043712398,6.65200946771283,9.184575369170394,1140.0815533779648,864.8441957865175,7727.994155601634,10303.19520239629,True,1,1
3227,bigshakeB3227 25-09-23 10-04-51.fits,2025-09-23 10:04:51,383.7601765785401,233.69709213829356,2.77171387237123,4.022283783289778,6.526887385750126,9.471754479693692,1168.552742035148,836.3956022150091,7732.394214230657,10309.204478862604,True,1,1
3228,bigshakeB3228 25-09-23 10-04-51.fits,2025-09-23 10:04:51,383.6706812602183,233.96621449491047,2.7280043392209583,3.909730178444925,6.423959300928923,9.20671099486454,1205.9840086500026,867.2132452895305,7729.681827221208,10305.716878918409,True,1,1
3229,bigshakeB3229 25-09-23 10-04-51.fits,2025-09-23 10:04:51,383.31505135118107,227.82466066064333,2.757025992060074,4.147961735237592,6.492300070774402,9.767703440158842,1229.153703271293,824.2761319697071,7727.578931677947,10303.28056844835,True,1,1
3230,bigshakeB3230 25-09-23 10-04-51.fits,2025-09-23 10:04:51,383.37148956815804,226.09438672343413,2.7509388514683364,4.043405312530335,6.477965950092056,9.521491880131062,1173.2138421266761,841.2264808813362,7729.60313874357,10305.228969586544,True,1,1
3231,bigshakeB3231 25-09-23 10-04-51.fits,2025-09-23 10:04:51,384.4015522866483,233.730287053167,2.7940640350505577,4.0596601179056835,6.57951799683711,9.559769021657011,1155.4860052132974,850.2926897649264,7730.18335293089,10305.7445240832,True,1,1
3232,bigshakeB3232 25-09-23 10-04-51.fits,2025-09-23 10:04:51,384.2100250569972,238.04398537852512,2.778583223638536,3.9452470822865715,6.543063471810737,9.290346911968285,1165.2523255724232,851.4589884244544,7727.81119201903,10303.113945764348,True,1,1
3233,bigshakeB3233 25-09-23 10-04-51.fits,2025-09-23 10:04:51,383.9942477424478,230.63571450120125,2.8067565766127354,4.153056354956416,6.609406648130115,9.779700352794537,1192.06714008101,836.7030661418363,7729.315964258545,10305.080791891778,True,1,1
3234,bigshakeB3234 25-09-23 10-04-51.fits,2025-09-23 10:04:51,384.0515592459499,222.7672990794541,2.777398458397583,3.8760147408229635,6.540273562872685,9.127317206525355,1185.1969042288497,848.9405236234129,7727.599642417175,10303.472759707904,True,1,1
3235,bigshakeB3235 25-09-23 10-04-51.fits,2025-09-23 10:04:51,383.7284438854832,228.35067547586615,2.763332429147491,3.7691159998754404,6.507150595240577,8.875589908553556,1136.7083045746904,865.2823004794046,7729.572535321573,10305.468769734522,True,1,1
3236,bigshakeB3236 25-09-23 10-04-51.fits,2025-09-23 10:04:51,384.5784621736516,238.5943380909172,2.7463285494128438,3.947513407783227,6.467109518398135,9.295683700676374,1172.0561399442624,863.2834770812948,7730.114900740283,10305.833029709313,True,1,1
3237,bigshakeB3237 25-09-23 10-04-51.fits,2025-09-23 10:04:51,385.5124173614075,233.21315040196723,2.7725942369948613,4.110650930953339,6.52896048601279,9.679843210334056,1199.8641312977454,834.4253485077571,7731.193919590814,10307.719138478578,True,1,1
3238,bigshakeB3238 25-09-23 10-04-51.fits,2025-09-23 10:04:51,384.6020849450652,226.68632622203978,2.739110833528827,4.007347744776784,6.450113096355113,9.436582796809939,1187.2895500294555,842.1904949898085,7728.700234215303,10304.292196771612,True,1,1
3239,bigshakeB3239 25-09-23 10-04-51.fits,2025-09-23 10:04:51,382.77316398605984,232.46182085406852,2.7724759228879567,3.7794192759054623,6.528681877582241,8.899852269478538,1191.225980184641,859.1277443930696,7727.507024667301,10303.633266816229,True,1,1
3240,bigshakeB3240 25-09-23 10-04-51.fits,2025-09-23 10:04:51,383.7486455850386,232.9295287997523,2.801805255621991,4.187182674001948,6.597747178211727,9.86006169294608,1175.8620471327656,832.2333305879852,7730.027846479471,10305.710666472929,True,1,1
3241,bigshakeB3241 25-09-23 10-04-51.fits,2025-09-23 10:04:51,384.73505906195936,230.158886321296,2.8132526320258484,4.09058672193433,6.624703689630545,9.632595608748403,1170.3577585333721,841.6290032309392,7726.356087831791,10301.023519582575,True,1,1
3242,bigshakeB3242 25-09-23 10-04-51.fits,2025-09-23 10:04:51,384.29755702143336,232.54837984028052,2.7963298275753576,3.951096969994406,6.58485353049239,9.304122344803874,1154.9543081284833,834.8580253998019,7727.046109610646,10302.367965423278,True,1,1
3243,bigshakeB3243 25-09-23 10-04-51.fits,2025-09-23 10:04:51,382.965854956027,235.71060866030604,2.837811815235598,4.188861813162645,6.682536146542451,9.864015763500083,1161.1559226684194,857.7464754558252,7728.133287346074,10302.622356439433,True,1,1
3244,bigshakeB3244 25-09-23 10-04-51.fits,2025-09-23 10:04:51,382.7260548784734,229.95467337861956,2.8084391397647126,3.8610103472892376,6.613368781567421,9.091984559868603,1186.0935436113743,871.6177782680091,7728.45350299158,10304.425792804197,True,1,1
3245,bigshakeB3245 25-09-23 10-04-51.fits,2025-09-23 10:04:51,384.57723137433845,224.93500492423757,2.7539916155949893,4.09382194557829,6.48515466025025,9.640213978235357,1165.19468648195,853.0637872329522,7728.4006082750975,10303.054425000293,True,1,1
3246,bigshakeB3246 25-09-23 10-04-51.fits,2025-09-23 10:04:51,386.39133778346627,229.06981328883904,2.742014723639028,3.7718343427630825,6.456951234995182,8.881991116874643,1149.200376166727,885.4643241385976,7729.566097816356,10305.102710117548,True,1,1
3247,bigshakeB3247 25-09-23 10-04-51.fits,2025-09-23 10:04:51,385.68374666177897,238.00992311540875,2.816544973009093,3.8775545013825146,6.632456560172966,9.130943065555533,1159.0234762997652,839.0904082061173,7728.9285281542925,10305.294556556322,True,1,1
3248,bigshakeB3248 25-09-23 10-04-51.fits,2025-09-23 10:04:51,383.6202876622108,233.37855111836137,2.7676573359309153,3.970786603671967,6.517334972427076,9.350487888867113,1188.8399345689827,841.8908005966242,7730.935057906052,10307.63837521452,True,1,1
3249,bigshakeB3249 25-09-23 10-04-51.fits,2025-09-23 10:04:51,382.6839547940075,222.86493986843556,2.7388825285430114,3.9308260852536128,6.449575479198135,9.256388059085742,1200.1891723390697,854.0633586873707,7730.428544999561,10306.872523752674,True,1,1
3250,bigshakeB3250 25-09-23 10-04-51.fits,2025-09-23 10:04:51,384.0378014742345,227.04203656762158,2.7315136758277276,3.8494114915498217,6.4322231571153035,9.064671341874005,1162.7395848038902,829.2332769952404,7729.938829136394,10306.501441426288,True,1,1
3251,bigshakeB3251 25-09-23 10-04-51.fits,2025-09-23 10:04:51,384.0513518584892,237.0340485748306,2.7737196542393217,3.9342805992648637,6.531610641099069,9.264522817925277,1160.6514377233782,845.2758034030181,7729.503683108302,10305.450160083577,True,1,1
3252,bigshakeB3252 25-09-23 10-04-51.fits,2025-09-23 10:04:51,383.4467198489033,236.61683511482929,2.7625764202246206,3.961480860861697,6.50537033027478,9.328574539163585,1206.9631698919459,855.195666529207,7729.273561210481,10305.41862769597,True,1,1
3253,bigshakeB3253 25-09-23 10-04-51.fits,2025-09-23 10:04:51,384.0602682077137,225.8427270566178,2.7766891678874193,4.218911987058845,6.5386033113616016,9.93477851534752,1183.5174310296861,804.5585866551083,7729.579012014187,10305.54082619446,True,1,1
3254,bigshakeB3254 25-09-23 10-04-51.fits,2025-09-23 10:04:51,384.928746892774,225.49279398857243,2.851348396756212,3.93960286257423,6.714412360048389,9.277055790251106,1120.9593755880942,835.5838914957524,7730.072187671317,10306.263560131132,True,1,1
3255,bigshakeB3255 25-09-23 10-04-51.fits,2025-09-23 10:04:51,384.1934840735829,237.06239864463998,2.8138670385162556,3.929593403857678,6.626150506349953,9.25348531622546,1128.3306095851083,828.4862408075261,7728.471132241128,10304.20705359808,True,1,1
3256,bigshakeB3256 25-09-23 10-04-51.fits,2025-09-23 10:04:51,383.16080222064284,236.15537324719415,2.803324644551651,4.0085908058998445,6.601325065719489,9.439509982059722,1162.7704950937934,831.9236211513257,7729.494275562474,10305.599567307896,True,1,1
3257,bigshakeB3257 25-09-23 10-04-51.fits,2025-09-23 10:04:51,383.599086345778,223.77747086504723,2.805894215879998,4.023508362409049,6.607375943790617,9.474638143150479,1174.7922280689068,842.3565783195638,7729.887959592109,10306.032215454446,True,1,1
3258,bigshakeB3258 25-09-23 10-04-51.fits,2025-09-23 10:04:51,385.1052809165119,227.11132170052014,2.8012804606863035,3.9263163488383244,6.59651138057764,9.245768441377216,1145.9998016013715,825.9608539671447,7729.743834904229,10306.154261671505,True,1,1
3259,bigshakeB3259 25-09-23 10-04-51.fits,2025-09-23 10:04:51,385.5319336089333,236.09802438080436,2.769591423026839,3.9867258162705834,6.5218893994893925,9.388021866196343,1159.212124340753,841.2652774398692,7732.392749594679,10309.108405142548,True,1,1
3260,bigshakeB3260 25-09-23 10-04-51.fits,2025-09-23 10:04:51,384.5652194813606,234.96322986807485,2.8214567949567617,4.214992911501051,6.64402301695296,9.925549797666038,1173.0099611818168,829.2059235501715,7732.857923076312,10309.50852252163,True,1,1
3261,bigshakeB3261 25-09-23 10-04-51.fits,2025-09-23 10:04:51,382.2991357391778,228.35152661409984,2.783748626795494,4.169755814977881,6.555227066705408,9.819024575994277,1180.905348316567,816.0424238434675,7729.915392933951,10305.951462243569,True,1,1
3262,bigshakeB3262 25-09-23 10-04-51.fits,2025-09-23 10:04:51,381.6342982152989,226.5733762650346,2.7888937132427363,4.006663401681691,6.567342819404792,9.434971291971937,1149.1450248431029,870.7597058917099,7727.1291391869745,10301.355775811699,True,1,1
3263,bigshakeB3263 25-09-23 10-04-51.fits,2025-09-23 10:04:51,383.91111436481884,230.97003888861087,2.7711188078614146,4.063562167107013,6.525486115914327,9.568957645332999,1151.1797409247995,827.0120543723139,7728.14018102408,10303.296224335601,True,1,1
3264,bigshakeB3264 25-09-23 10-04-51.fits,2025-09-23 10:04:51,385.389415812584,234.75369570448586,2.7781017792610854,4.037572936553554,6.541929756940149,9.507757684270782,1161.9650893293283,835.4878891047795,7728.469469287288,10303.86725485304,True,1,1
3265,bigshakeB3265 25-09-23 10-04-51.fits,2025-09-23 10:04:51,384.515373856353,233.22052785755264,2.814606206561855,4.044660598719227,6.627891114080377,9.524447853210916,1153.734159841176,859.7008234387023,7732.58469943306,10308.91241053723,True,1,1
3266,bigshakeB3266 25-09-23 10-04-51.fits,2025-09-23 10:04:51,383.50043053801005,229.72240934218203,2.821408117808929,4.085693349445905,6.643908391029509,9.621072597124856,1160.7158168925778,819.7814064978219,7729.848688755103,10306.075751698798,True,1,1
3267,bigshakeB3267 25-09-23 10-04-51.fits,2025-09-23 10:04:51,383.02797942972285,230.30733463109496,2.8833040316707685,4.203078552089494,6.789662129696877,9.8974936253,1130.914443910212,818.1607933870521,7729.506970750837,10305.079628169837,True,1,1
3268,bigshakeB3268 25-09-23 10-04-51.fits,2025-09-23 10:04:51,386.06747156525415,229.81196207048905,2.833954335625218,4.325074744638199,6.67345247623263,10.184772704931145,1121.2326436488022,793.5981204032091,7730.689270673842,10306.254836103624,True,1,1
3269,bigshakeB3269 25-09-23 10-04-51.fits,2025-09-23 10:04:51,384.5006304386456,232.3211992582194,2.923069049776287,3.95980296503599,6.883301591422771,9.324623396439737,1104.5732918952722,844.0508710605161,7729.930842174271,10305.981580471505,True,1,1
3270,bigshakeB3270 25-09-23 10-04-51.fits,2025-09-23 10:04:51,383.01067845641796,235.30180575333344,2.889046762699545,4.174376173713204,6.803185227836661,9.82990468935945,1130.2063303548389,797.1322705112157,7729.008296691415,10305.018998588734,True,1,1
3271,bigshakeB3271 25-09-23 10-04-51.fits,2025-09-23 10:04:51,383.4397328974758,230.87579006081694,2.8226377518788492,4.410231015800451,6.6468039579854095,10.385300399224107,1164.4184261903897,795.438734093028,7729.584978312026,10304.95745024109,True,1,1
3272,bigshakeB3272 25-09-23 10-04-51.fits,2025-09-23 10:04:51,383.7707733107061,226.11251905888165,2.8676761582065544,4.300320766516374,6.752861300002138,10.126481541055615,1150.5291302038675,816.4636159510394,7729.412138508545,10304.777269069047,True,1,1
3273,bigshakeB3273 25-09-23 10-04-52.fits,2025-09-23 10:04:52,384.5069269862844,231.53189733906785,2.8163826917704458,3.8988417565763047,6.632074417059267,9.18107072078956,1139.4246303243856,834.7242347527458,7730.634515590876,10307.275592304773,True,1,1
3274,bigshakeB3274 25-09-23 10-04-52.fits,2025-09-23 10:04:52,384.55737733630826,235.95885447318386,2.8728252625687047,3.9413069388382045,6.764986514168086,9.281068583195774,1117.2306982205434,834.657754841348,7729.993288122592,10306.239769467857,True,1,1
3275,bigshakeB3275 25-09-23 10-04-52.fits,2025-09-23 10:04:52,384.37388664358315,233.78058667327673,2.8023555599269305,4.006028159871394,6.599043045819866,9.433475411823608,1155.776298386177,855.0074504546387,7731.080142761248,10307.134035690218,True,1,1
3276,bigshakeB3276 25-09-23 10-04-52.fits,2025-09-23 10:04:52,383.2016589973257,226.21636531006808,2.808207839624716,4.197394886354885,6.612824111361339,9.884109615298886,1155.9439850889282,820.9614827165602,7729.073681795093,10304.388355847894,True,1,1
3277,bigshakeB3277 25-09-23 10-04-52.fits,2025-09-23 10:04:52,383.20498608483024,226.04348345541243,2.858703274655798,4.021975077629351,6.731731773955088,9.471027533416505,1120.8755880994297,820.0283969607591,7731.478335249553,10308.147509632718,True,1,1
3278,bigshakeB3278 25-09-23 10-04-52.fits,2025-09-23 10:04:52,384.4929452812395,231.64880514036412,2.835105685213436,3.853822621524619,6.676163697321805,9.075058759159894,1137.8414433050243,864.5202798246663,7729.38885309729,10305.299264576262,True,1,1
3279,bigshakeB3279 25-09-23 10-04-52.fits,2025-09-23 10:04:52,385.84145286047124,235.38975303248347,2.857021657393687,4.209186679360582,6.727771867918199,9.911877165835557,1120.97998430538,818.5151300443562,7731.461111923515,10307.347825540779,True,1,1
3280,bigshakeB3280 25-09-23 10-04-52.fits,2025-09-23 10:04:52,384.78535737386477,234.10938487840545,2.9521807297783815,4.297988869673619,6.951854359036229,10.12099034362735,1130.7869922268192,792.1972803391377,7737.151803114296,10315.854779057328,True,1,1
3281,bigshakeB3281 25-09-23 10-04-52.fits,2025-09-23 10:04:52,382.2326711073605,229.13701897163557,2.8870700966016805,4.216595631947067,6.798530534887076,9.929323915898896,1116.0533518856498,816.5943253037236,7729.205206605621,10304.452202172772,True,1,1
3282,bigshakeB3282 25-09-23 10-04-52.fits,2025-09-23 10:04:52,381.6957572092038,227.56875729101077,2.8556787562320056,4.183477185500111,6.724609577344177,9.851335934345322,1102.6466832155647,806.08639105322,7731.006432943179,10306.84174536365,True,1,1
3283,bigshakeB3283 25-09-23 10-04-52.fits,2025-09-23 10:04:52,383.2905740886601,231.94485533980202,2.890734383207627,4.309042428145978,6.807159270437498,10.147019484686984,1120.1244925587575,798.582206117584,7730.538409067436,10306.323707830737,True,1,1
3284,bigshakeB3284 25-09-23 10-04-52.fits,2025-09-23 10:04:52,385.6355228915244,233.31348366784735,2.8873801899976126,4.191184083610436,6.7992607490316495,9.869484292500525,1123.2597400782388,803.8565032372416,7736.014543529343,10314.028941989405,True,1,1
3285,bigshakeB3285 25-09-23 10-04-52.fits,2025-09-23 10:04:52,386.51651208588925,231.37269227063652,2.851564962102071,4.01035791908292,6.714922332465877,9.443671215605066,1118.5808051497293,816.0278105890245,7730.393114336404,10306.758124101076,True,1,1
3286,bigshakeB3286 25-09-23 10-04-52.fits,2025-09-23 10:04:52,384.9359676865368,230.87051655723963,2.8805558978345602,4.0051772454863634,6.783190769052946,9.431471661573132,1135.7044475784935,796.6025261588663,7727.802602345188,10304.159409340311,True,1,1
3287,bigshakeB3287 25-09-23 10-04-52.fits,2025-09-23 10:04:52,382.47181354182374,231.2652943685787,2.8123663382778115,4.117711485272347,6.622616627346882,9.696469545173484,1145.7984066974393,850.2599462033643,7728.115045063047,10302.697876491477,True,1,1
3288,bigshakeB3288 25-09-23 10-04-52.fits,2025-09-23 10:04:52,382.7527576834909,229.21459837240667,2.908460223420634,4.02251125005262,6.848900434286102,9.472290122986411,1138.47300822856,831.0772449671477,7728.914130912932,10305.05270342,True,1,1
3289,bigshakeB3289 25-09-23 10-04-52.fits,2025-09-23 10:04:52,383.95503852003105,227.51366513827426,2.886458481138004,4.058008896953176,6.79709029053336,9.55588069345927,1123.7242063441095,810.0917651656043,7729.457097614631,10305.71419062802,True,1,1
3290,bigshakeB3290 25-09-23 10-04-52.fits,2025-09-23 10:04:52,385.12971288575835,233.425064141256,2.900620543441615,4.096597166986251,6.83043939872488,9.646749125236223,1114.0492127984394,830.6742979253496,7728.43905638419,10303.689790528202,True,1,1
3291,bigshakeB3291 25-09-23 10-04-52.fits,2025-09-23 10:04:52,385.1759485448599,233.8994593690083,2.866913832531067,4.004092367683519,6.751066160220659,9.428916969576585,1149.3433410233597,803.1875610350697,7728.591388396172,10305.201229718437,True,1,1
3292,bigshakeB3292 25-09-23 10-04-52.fits,2025-09-23 10:04:52,383.64171210975354,232.1306464891926,2.861317478365203,4.06723728315284,6.73788775325179,9.577611882265527,1138.5527759197334,819.6374879229702,7731.750006671893,10308.603652521619,True,1,1
3293,bigshakeB3293 25-09-23 10-04-52.fits,2025-09-23 10:04:52,382.56636374835205,227.52462759996428,2.868310126537529,3.978003857852212,6.754354181335832,9.367483223680836,1143.2935023149907,832.3987392261243,7728.785879590579,10304.880913333749,True,1,1
3294,bigshakeB3294 25-09-23 10-04-52.fits,2025-09-23 10:04:52,382.7476100537981,229.0761347151321,2.9115757411901617,4.089428520554733,6.8562369179804366,9.629868252923545,1118.957805970913,810.2990093218141,7730.318093022428,10306.799763447572,True,1,1
3295,bigshakeB3295 25-09-23 10-04-52.fits,2025-09-23 10:04:52,383.63488556365814,233.70044775454926,2.896130757280874,3.97020517558942,6.819866760275665,9.349118730363585,1129.1521180628743,853.7582012194596,7730.381084302611,10306.551134913254,True,1,1
3296,bigshakeB3296 25-09-23 10-04-52.fits,2025-09-23 10:04:52,384.89930582264844,236.48067597638445,2.8844606143441323,4.111422401309687,6.792385673759849,9.681659884193332,1149.1713359606838,846.8721584654181,7729.444031799665,10305.05270507843,True,1,1
3297,bigshakeB3297 25-09-23 10-04-52.fits,2025-09-23 10:04:52,385.16329246936647,229.2382855617852,2.9111298239043584,4.18903224617157,6.8551868630174,9.864417102565836,1159.9284145281847,819.0403092160439,7730.168535605719,10306.607901694113,True,1,1
3298,bigshakeB3298 25-09-23 10-04-52.fits,2025-09-23 10:04:52,384.7508685536729,226.97431265953844,2.8350355281406427,3.987398046859493,6.67599849004049,9.38960484826199,1139.0687050772349,847.8903491974819,7728.148976080207,10303.407082952786,True,1,1
3299,bigshakeB3299 25-09-23 10-04-52.fits,2025-09-23 10:04:52,384.1797732171391,230.6613420216699,2.9212046709956105,3.9590801939786373,6.878911314898503,9.322921400665914,1107.3741060908137,847.7049070992392,7730.428738107843,10306.60505284761,True,1,1
3300,bigshakeB3300 25-09-23 10-04-52.fits,2025-09-23 10:04:52,383.8829506352,233.71112171778165,2.835672756620524,3.8769637086340674,6.677499048438179,9.12955185494903,1160.523613992102,835.4535696881914,7729.587537894824,10306.387443624877,True,1,1
3301,bigshakeB3301 25-09-23 10-04-52.fits,2025-09-23 10:04:52,383.4680368644614,233.29201518543616,2.835988335020165,4.140437673548608,6.678242178779431,9.749985628873572,1158.290032413074,844.1758749907714,7728.506225388198,10303.576434338773,True,1,1
3302,bigshakeB3302 25-09-23 10-04-52.fits,2025-09-23 10:04:52,383.69608984304193,230.01269147293507,2.8581328150689878,3.9759888821520004,6.730388444285188,9.362738318511727,1152.0902322916638,841.3726320730708,7726.364229674502,10301.545012361874,True,1,1
3303,bigshakeB3303 25-09-23 10-04-52.fits,2025-09-23 10:04:52,384.21240275026014,227.74567319663734,2.87186597482676,4.167235140223673,6.762727564164402,9.813088840556064,1162.6118681396092,810.4421745726003,7727.407352214929,10303.009076109916,True,1,1
3304,bigshakeB3304 25-09-23 10-04-52.fits,2025-09-23 10:04:52,383.90685052084433,231.0787906411843,2.851149676158865,4.072984330714278,6.713944408802394,9.591145145062947,1166.143105670471,828.0159337139391,7734.974751007263,10313.050846585638,True,1,1
3305,bigshakeB3305 25-09-23 10-04-52.fits,2025-09-23 10:04:52,383.31716216462866,232.91903010749206,2.771274282569158,4.022710594254679,6.525852230872616,9.47275954270928,1159.7365162078179,819.9074904080752,7727.093479867821,10302.351066496843,True,1,1
3306,bigshakeB3306 25-09-23 10-04-52.fits,2025-09-23 10:04:52,383.90807165274146,232.26598349543337,2.7350381349907464,3.9448132494659696,6.440522624200273,9.28932531374614,1163.8989869956013,816.5850268331549,7731.1087966747755,10307.946791497436,True,1,1
3307,bigshakeB3307 25-09-23 10-04-52.fits,2025-09-23 10:04:52,384.37852846024464,230.9134425093662,2.8253882297571833,4.00470646845124,6.653280838426724,9.430363066374083,1170.9621318209772,854.7870526217185,7727.787522349956,10303.11746288219,True,1,1
3308,bigshakeB3308 25-09-23 10-04-52.fits,2025-09-23 10:04:52,384.2391542834549,231.54968538181456,2.800472501059894,3.8613981255790373,6.594608781053795,9.092897707958452,1161.9966933899334,865.6539894680193,7729.318876878624,10305.296369511343,True,1,1
3309,bigshakeB3309 25-09-23 10-04-52.fits,2025-09-23 10:04:52,384.8911606029053,229.96116390466952,2.785023770733796,4.042560414222564,6.558229801211622,9.51950229665991,1176.7519335295826,838.7721150017026,7728.767300009291,10304.43032825094,True,1,1
3310,bigshakeB3310 25-09-23 10-04-52.fits,2025-09-23 10:04:52,384.9479355702074,229.37141805756266,2.7698448584203383,4.120192013767683,6.522486194234125,9.702310743396573,1199.0128530192328,831.0514255845728,7731.450450011133,10308.062657425702,True,1,1
3311,bigshakeB3311 25-09-23 10-04-52.fits,2025-09-23 10:04:52,384.2240429318747,232.56851104382244,2.811871809020002,4.0884338294246385,6.621452099937739,9.627525934311784,1174.9049434759295,823.2526846119422,7729.771714163698,10306.037823217832,True,1,1
3312,bigshakeB3312 25-09-23 10-04-52.fits,2025-09-23 10:04:52,383.61132180305594,233.63232151382067,2.7416935621744125,3.9734181941986093,6.456194957540614,9.356684810989563,1197.6259960834382,846.7371138106413,7730.381917492894,10306.753329019599,True,1,1
3313,bigshakeB3313 25-09-23 10-04-52.fits,2025-09-23 10:04:52,383.2978808130246,229.50501507684768,2.765001921747617,3.8954276858442722,6.511081949880385,9.173031198594616,1193.1674824771267,851.0817082973267,7728.830244740874,10305.02230620149,True,1,1
3314,bigshakeB3314 25-09-23 10-04-52.fits,2025-09-23 10:04:52,383.4296278973607,228.87189242304842,2.7043919802627037,3.8580448855247527,6.368356444743558,9.085001431062821,1180.4853848542612,829.3672173619351,7729.515001944774,10305.982190402998,True,1,1
3315,bigshakeB3315 25-09-23 10-04-52.fits,2025-09-23 10:04:52,384.20334711680005,231.33595657480922,2.792586140936488,3.916658728688894,6.576037822152865,9.223026483862043,1165.2914253647193,827.0942926062085,7729.553107362187,10306.147735124212,True,1,1
3316,bigshakeB3316 25-09-23 10-04-52.fits,2025-09-23 10:04:52,384.46842166185434,233.59484932126816,2.7683418476432986,4.007764751065064,6.518946874328454,9.437564771576486,1183.739733359353,829.1786001279432,7727.368419636627,10302.91685690788,True,1,1
3317,bigshakeB3317 25-09-23 10-04-52.fits,2025-09-23 10:04:52,385.05337343472144,233.0076655583725,2.723788201299461,4.11525734221617,6.414031054838765,9.690690479911426,1204.2420200067572,819.3881558413872,7726.493762624577,10301.511805608367,True,1,1
3318,bigshakeB3318 25-09-23 10-04-52.fits,2025-09-23 10:04:52,384.72798753271326,225.81430644316018,2.7586802494799176,4.0057922157819315,6.49619554930629,9.432919805952235,1205.0044211567504,838.5447564863821,7728.639705313957,10304.671135916216,True,1,1
3319,bigshakeB3319 25-09-23 10-04-52.fits,2025-09-23 10:04:52,384.2047576655571,229.45986934692883,2.671906826414434,3.8606131949013704,6.291859753295738,9.091049337464723,1185.2335456902642,857.2399582643606,7730.996758363979,10307.25080036677,True,1,1
3320,bigshakeB3320 25-09-23 10-04-52.fits,2025-09-23 10:04:52,383.7793036661307,233.84533994976874,2.751272055846949,3.9844860234538064,6.478750586441905,9.38274755717468,1200.2103223706627,834.0742937979145,7725.96226552987,10301.172038453904,True,1,1
3321,bigshakeB3321 25-09-23 10-04-52.fits,2025-09-23 10:04:52,384.0701022346352,234.0193492348109,2.6964081873204306,4.0664122069824025,6.349556049087717,9.575668976360703,1250.8038320021947,853.9967374001016,7726.651485518962,10301.679635580134,True,1,1
3322,bigshakeB3322 25-09-23 10-04-52.fits,2025-09-23 10:04:52,384.22226442605955,230.27374059119515,2.6511953905896752,4.054886071783212,6.243088049054224,9.548527002151912,1225.8311343054952,850.9848572598331,7730.390100030893,10306.13856573589,True,1,1
3323,bigshakeB3323 25-09-23 10-04-52.fits,2025-09-23 10:04:52,383.81500546736214,230.01099975767406,2.604486600545731,4.114616244221186,6.133097253979602,9.689180809502009,1223.3884128641703,832.9367044352375,7731.228333614746,10307.046346335823,True,1,1
3324,bigshakeB3324 25-09-23 10-04-52.fits,2025-09-23 10:04:52,384.1876983149412,229.77646905973668,2.650300341984675,4.090657849388747,6.240980370657892,9.632763101103816,1231.2714846955641,822.3992353463265,7726.2457379092875,10301.133993218466,True,1,1
3325,bigshakeB3325 25-09-23 10-04-52.fits,2025-09-23 10:04:52,384.1957326497952,233.31319880529878,2.59348052200249,4.040700676564838,6.107179919608794,9.515122949144999,1236.2084193309383,827.7405099917193,7727.732098536377,10302.919170065894,True,1,1
3326,bigshakeB3326 25-09-23 10-04-53.fits,2025-09-23 10:04:53,383.65659851137724,234.23103575301704,2.601953780632617,4.122027314163439,6.127132918877749,9.706632545557154,1266.7172932549288,821.1175666087303,7728.784849968246,10304.583110186462,True,1,1
3327,bigshakeB3327 25-09-23 10-04-53.fits,2025-09-23 10:04:53,383.55600714860276,231.6545655868649,2.628291438613917,4.374657221051334,6.189153363831283,10.30153051427107,1230.371781669849,813.9465236199402,7730.934572806099,10306.205324717057,True,1,1
3328,bigshakeB3328 25-09-23 10-04-53.fits,2025-09-23 10:04:53,384.17761770636787,228.90761355261904,2.683686940596049,4.283394933595942,6.319599802303358,10.086624250415737,1214.326496896256,821.0425603048238,7726.089404526366,10300.105344783613,True,1,1
3329,bigshakeB3329 25-09-23 10-04-53.fits,2025-09-23 10:04:53,384.975504458133,228.87083970462723,2.638970762835439,4.152569939331609,6.214301250575507,9.778554931531025,1222.6176406914715,845.0176951241417,7730.225755732532,10305.492195246243,True,1,1
3330,bigshakeB3330 25-09-23 10-04-53.fits,2025-09-23 10:04:53,385.60319519684936,231.4630475077505,2.6246017327788853,4.057919998789612,6.1804647705706826,9.555671354281744,1243.1898935520398,817.1011686074069,7730.234651365687,10306.703530190032,True,1,1
3331,bigshakeB3331 25-09-23 10-04-53.fits,2025-09-23 10:04:53,385.0793004388909,233.04394424045273,2.6156200573239325,3.9840660367512246,6.159314541171397,9.381758564068795,1247.8575340309321,822.1860530084931,7730.044629447981,10306.664956896748,True,1,1
3332,bigshakeB3332 25-09-23 10-04-53.fits,2025-09-23 10:04:53,383.814456167287,233.73222163927915,2.617115018747993,4.117548851278654,6.162834906299323,9.696086571385134,1275.9477778182793,828.5107564737801,7728.4462671196015,10304.218342287075,True,1,1
3333,bigshakeB3333 25-09-23 10-04-53.fits,2025-09-23 10:04:53,383.53758694730664,229.46907138381312,2.5838344494643226,4.186688567133949,6.084465154640094,9.858898160188927,1254.7939027378377,811.999200142519,7728.376657280813,10303.680202456124,True,1,1
3334,bigshakeB3334 25-09-23 10-04-53.fits,2025-09-23 10:04:53,383.98388953315623,225.69575622879614,2.607223004028935,3.9370441484673453,6.139540991753143,9.27103047898271,1226.5930088607022,858.2025295076267,7729.923123428892,10305.620107067136,True,1,1
3335,bigshakeB3335 25-09-23 10-04-53.fits,2025-09-23 10:04:53,384.74944024779575,230.36377148097344,2.6426082102273925,3.897015126625375,6.222866784606825,9.176769335966256,1202.5077868805797,851.3508250284344,7727.421163403097,10302.497274138574,True,1,1
3336,bigshakeB3336 25-09-23 10-04-53.fits,2025-09-23 10:04:53,384.8331827469663,235.545256309693,2.619756951517839,4.096681945232953,6.16905618254338,9.646948762750938,1237.6963031943287,821.847189790646,7729.780233321869,10305.724098447592,True,1,1
3337,bigshakeB3337 25-09-23 10-04-53.fits,2025-09-23 10:04:53,383.74559065799724,235.02885874546908,2.5908420392995097,4.187333934674686,6.100966767651348,9.860417884610266,1264.6892393199464,855.5505935510586,7728.12149470137,10302.564717253978,True,1,1
3338,bigshakeB3338 25-09-23 10-04-53.fits,2025-09-23 10:04:53,383.1110190976459,229.82084185413393,2.6262912140211827,3.8717266845219265,6.184443194865748,9.117219605593451,1245.2614755943791,830.1418525731289,7730.541054033249,10307.68227140145,True,1,1
3339,bigshakeB3339 25-09-23 10-04-53.fits,2025-09-23 10:04:53,384.0824331658792,224.9039121554064,2.572474146323988,4.3711195308328765,6.057713685087607,10.293199890431536,1252.5676656097423,808.9615932812998,7736.433043041725,10313.604984210948,True,1,1
3340,bigshakeB3340 25-09-23 10-04-53.fits,2025-09-23 10:04:53,385.6541164853142,228.47135674416538,2.60643727520639,3.8901434295934605,6.137690741771856,9.160587726052125,1214.4333216520054,868.3683213375461,7727.3932164610405,10302.0800330727,True,1,1
3341,bigshakeB3341 25-09-23 10-04-53.fits,2025-09-23 10:04:53,385.5993666242831,237.58082327685847,2.621041279977608,3.983993473128326,6.172080544944849,9.381587689795053,1238.3477730199202,858.2910052582357,7727.904819729457,10302.966188957213,True,1,1
3342,bigshakeB3342 25-09-23 10-04-53.fits,2025-09-23 10:04:53,384.8838735742684,235.47694228985486,2.612236186273237,4.117338674279442,6.151346133791419,9.695591642374385,1282.1948739310571,832.785276614037,7728.528608852515,10304.28984377769,True,1,1
3343,bigshakeB3343 25-09-23 10-04-53.fits,2025-09-23 10:04:53,384.4253875668514,226.96591259760655,2.5838804221645786,4.201920005156816,6.084573412076181,9.894765455759819,1282.8429973243042,818.6676724774755,7728.891010794936,10304.533872326394,True,1,1
3344,bigshakeB3344 25-09-23 10-04-53.fits,2025-09-23 10:04:53,383.182693500953,226.87902021716346,2.5753328035263245,4.104234690917088,6.064445308369541,9.664734119682961,1266.4276955493217,819.0075524831196,7727.694843897338,10303.071295205678,True,1,1
3345,bigshakeB3345 25-09-23 10-04-53.fits,2025-09-23 10:04:53,382.8765849698968,231.47002427338683,2.597853611769718,4.079748097430033,6.117477759051382,9.607072598505122,1248.4020651176684,828.8097246837674,7725.450920112143,10299.879688205585,True,1,1
3346,bigshakeB3346 25-09-23 10-04-53.fits,2025-09-23 10:04:53,384.11791780947436,233.55424975098884,2.598288757364825,3.9485022620216728,6.118502448621246,9.298012274458682,1235.287014095725,843.9346697697678,7727.180694956162,10302.26712055226,True,1,1
3347,bigshakeB3347 25-09-23 10-04-53.fits,2025-09-23 10:04:53,385.2851335588482,232.8350319012677,2.608752036466002,4.076551384559426,6.143141587985452,9.599544914959207,1257.324299475029,814.9454575013708,7729.751782230123,10306.115754544942,True,1,1
3348,bigshakeB3348 25-09-23 10-04-53.fits,2025-09-23 10:04:53,385.61999830941977,229.8830312582661,2.6103895620463957,4.173975018731965,6.146997666046413,9.828960041568463,1273.7541112336519,809.8506822417779,7731.438242080339,10308.295527446915,True,1,1
3349,bigshakeB3349 25-09-23 10-04-53.fits,2025-09-23 10:04:53,384.8125627166456,227.34815354496484,2.641313233982331,4.035734337185393,6.2198173485871155,9.503428113623857,1233.5563120433492,825.6064077402302,7728.9404408887285,10304.868947379617,True,1,1
3350,bigshakeB3350 25-09-23 10-04-53.fits,2025-09-23 10:04:53,383.3598738033699,231.66562272880876,2.6104653658240102,4.0075263867286814,6.14717617030143,9.437003466459151,1251.032435223411,805.3659375981144,7730.542049099812,10307.589154086014,True,1,1
3351,bigshakeB3351 25-09-23 10-04-53.fits,2025-09-23 10:04:53,383.54817463942055,235.21430187458367,2.6173260600378097,4.073417123363791,6.163331870558912,9.592164293869363,1263.3047729780799,833.2585959601207,7730.893566371646,10307.399953463364,True,1,1
3352,bigshakeB3352 25-09-23 10-04-53.fits,2025-09-23 10:04:53,384.9369629556532,230.14069305896192,2.607838147181973,4.105399937530116,6.140989543180481,9.667478065764724,1279.6977805879017,831.6433619280815,7730.615262661429,10307.084995917177,True,1,1
3353,bigshakeB3353 25-09-23 10-04-53.fits,2025-09-23 10:04:53,385.96938955869854,227.01638477486722,2.622335061743278,4.0546609382396195,6.175127168180543,9.547996853170652,1244.5803293024485,816.4073963080642,7731.286094794992,10308.138376603842,True,1,1
3354,bigshakeB3354 25-09-23 10-04-53.fits,2025-09-23 10:04:53,385.66873493478016,230.08617714114197,2.645242782645751,4.021248517900088,6.229070728547661,9.469316616002123,1229.430650567483,860.0418320565146,7737.267324244824,10315.279107580503,True,1,1
3355,bigshakeB3355 25-09-23 10-04-53.fits,2025-09-23 10:04:53,384.104672495711,235.0772050608231,2.6266497553468033,4.026458202036625,6.185287495166292,9.48158448463512,1224.3446578239425,829.7469255643203,7728.781050748008,10304.388545910764,True,1,1
3356,bigshakeB3356 25-09-23 10-04-53.fits,2025-09-23 10:04:53,382.35736312573255,234.54868282571644,2.6151630084278876,4.226479070167741,6.158238273269431,9.952597634334765,1246.1355904564423,810.8645626109453,7727.259812834875,10302.134435346765,True,1,1
3357,bigshakeB3357 25-09-23 10-04-53.fits,2025-09-23 10:04:53,383.5316361073748,227.54853478670248,2.5924989701075805,4.240749240071632,6.104868541531422,9.986201316470444,1238.6517191950618,826.1093532505214,7729.849542179672,10304.94056767583,True,1,1
3358,bigshakeB3358 25-09-23 10-04-53.fits,2025-09-23 10:04:53,385.37048748618815,225.18541673299075,2.6294277353114484,4.084626054992267,6.191829138071732,9.618559310751479,1217.9840289023239,816.9060162224781,7727.786359084597,10303.014570981286,True,1,1
3359,bigshakeB3359 25-09-23 10-04-53.fits,2025-09-23 10:04:53,385.74827000096644,234.0632274161126,2.5746319624324983,3.844474406939829,6.062794953713417,9.053045396070381,1223.3950822619017,836.4472904391661,7729.782253297414,10306.032156153777,True,1,1
3360,bigshakeB3360 25-09-23 10-04-53.fits,2025-09-23 10:04:53,384.6437775781371,236.845649018855,2.613529316814268,4.041529322045961,6.154391223510281,9.517074260134173,1241.4065170979711,829.5558463511021,7730.595881345789,10306.896024709842,True,1,1
3361,bigshakeB3361 25-09-23 10-04-53.fits,2025-09-23 10:04:53,384.06881323653477,229.86541064694978,2.6154351155222595,4.301279973971694,6.158879036509653,10.128740301998745,1254.6700410625408,799.0645512950075,7730.316373519765,10306.27649528412,True,1,1
3362,bigshakeB3362 25-09-23 10-04-53.fits,2025-09-23 10:04:53,384.0577303432458,226.75364708725812,2.6314611297772195,4.139103816939043,6.196617416119185,9.746844636592172,1224.836126258181,803.729091250091,7729.632601108014,10305.635737968516,True,1,1
3363,bigshakeB3363 25-09-23 10-04-53.fits,2025-09-23 10:04:53,384.5115410001584,228.90345081029682,2.6025253414210012,3.976541867105254,6.128478841679189,9.364040498564249,1243.0203656997876,840.7318146155991,7728.973558720517,10304.732973262495,True,1,1
3364,bigshakeB3364 25-09-23 10-04-53.fits,2025-09-23 10:04:53,385.1654023650173,232.16996872201625,2.6312280180749776,3.9580265671256227,6.196068480010014,9.320440299032454,1210.6434436511006,830.3073855546119,7729.522169368917,10305.502646357801,True,1,1
3365,bigshakeB3365 25-09-23 10-04-53.fits,2025-09-23 10:04:53,384.6719680431,233.8065330742309,2.637967928711019,4.104722739910473,6.211939756677482,9.665883387235542,1230.1368753885695,840.1847100751614,7731.316932466042,10307.359016017524,True,1,1
3366,bigshakeB3366 25-09-23 10-04-53.fits,2025-09-23 10:04:53,384.280328004348,232.14417510887395,2.57623565403921,4.146333775025822,6.06657135885495,9.763869886819652,1248.0997899614247,834.5719380067839,7728.822171099855,10303.81672685589,True,1,1
3367,bigshakeB3367 25-09-23 10-04-53.fits,2025-09-23 10:04:53,383.9744346703538,227.3614128663449,2.598546260018274,4.300857536333307,6.1191088210312365,10.127745537380097,1251.3056206952099,813.6383667516673,7729.424232518645,10304.605101335985,True,1,1
3368,bigshakeB3368 25-09-23 10-04-53.fits,2025-09-23 10:04:53,383.4792298725848,229.13430079615924,2.6754859240303808,3.96861378613265,6.300287884104892,9.345371294571333,1196.5474037164443,842.3790551343479,7730.914712908656,10307.146142371002,True,1,1
3369,bigshakeB3369 25-09-23 10-04-53.fits,2025-09-23 10:04:53,383.6780899418585,232.26483987039055,2.6972577924854746,3.96272037291038,6.351556716360724,9.331493366981881,1205.082798647777,819.7020749657233,7727.856887353763,10303.820509218736,True,1,1
3370,bigshakeB3370 25-09-23 10-04-53.fits,2025-09-23 10:04:53,384.8013830137209,231.87634151044446,2.6531030090455636,4.183985213496108,6.247580147232421,9.85253224885373,1217.7145287125593,831.035959963272,7728.063719821833,10302.798641226373,True,1,1
3371,bigshakeB3371 25-09-23 10-04-53.fits,2025-09-23 10:04:53,386.085907305857,230.10606334419725,2.612861952137124,4.045017145994135,6.152819699791197,9.52528745788087,1204.2599112157075,834.386204035847,7729.0948928868065,10304.266380443041,True,1,1
3372,bigshakeB3372 25-09-23 10-04-53.fits,2025-09-23 10:04:53,384.3272406601946,231.39256551266263,2.636231417911931,4.061909829885889,6.207850586239377,9.565066688523544,1246.8760138122227,823.217601320243,7736.88371593854,10315.548431189369,True,1,1
3373,bigshakeB3373 25-09-23 10-04-53.fits,2025-09-23 10:04:53,383.34799269519397,228.080117113589,2.691804983146893,4.107466818941906,6.3387163316285005,9.672345199543908,1189.9973291296292,818.9031458295541,7730.099478420198,10305.961794313907,True,1,1
3374,bigshakeB3374 25-09-23 10-04-53.fits,2025-09-23 10:04:53,384.3742817601984,229.8237510086867,2.696430340614519,4.0493824084240035,6.3496082161087,9.535566865352546,1211.447238308188,852.7348778789881,7729.462328854003,10304.976017092293,True,1,1
3375,bigshakeB3375 25-09-23 10-04-53.fits,2025-09-23 10:04:53,385.69046854407605,232.76768020496644,2.618204646252317,4.034261199818429,6.165400782988121,9.499959140223044,1209.462087960262,797.2400311733219,7729.496035363099,10305.73540695172,True,1,1
3376,bigshakeB3376 25-09-23 10-04-53.fits,2025-09-23 10:04:53,385.0939531457097,234.07876611659714,2.748950669731459,4.178929520730677,6.473284139884893,9.840627002188176,1198.7020919013328,828.245755111902,7729.944103738305,10305.725222398094,True,1,1
3377,bigshakeB3377 25-09-23 10-04-53.fits,2025-09-23 10:04:53,382.8973351223692,231.855908008644,2.7188311030950896,3.9320583279738823,6.402357980621924,9.259289768943777,1191.7581656769191,860.8460630912656,7728.3610159620275,10303.725670092643,True,1,1
3378,bigshakeB3378 25-09-23 10-04-53.fits,2025-09-23 10:04:53,382.8353624072934,227.54154515891,2.6974887635876645,4.151785588884572,6.352100611741984,9.776707927376014,1205.760269739168,821.610954749535,7730.903327225637,10307.042726329882,True,1,1
3379,bigshakeB3379 25-09-23 10-04-54.fits,2025-09-23 10:04:54,384.01493992153684,229.71521863835028,2.7147727301013425,4.1036616673790185,6.392801242546036,9.663384752369241,1190.3838082469556,825.4755999895679,7729.053947144231,10304.59138636917,True,1,1
3380,bigshakeB3380 25-09-23 10-04-54.fits,2025-09-23 10:04:54,385.6436083684333,232.84253057731755,2.7031223799744977,4.154595028515377,6.365366764535714,9.783323652133939,1214.5976347597157,798.9556239644048,7729.230035758034,10305.45136638385,True,1,1
3381,bigshakeB3381 25-09-23 10-04-54.fits,2025-09-23 10:04:54,386.28344881625645,232.5330901177883,2.7259519626435793,3.9444713484006435,6.419126323424558,9.288520198264093,1190.5126299914102,829.7407453483612,7730.322326234583,10306.95226021601,True,1,1
3382,bigshakeB3382 25-09-23 10-04-54.fits,2025-09-23 10:04:54,384.85058593596216,232.1703435899527,2.687488982028881,4.179456755078014,6.3285529256814295,9.841868544197716,1196.330482192523,805.749236565093,7728.64199498991,10304.059777990244,True,1,1
3383,bigshakeB3383 25-09-23 10-04-54.fits,2025-09-23 10:04:54,383.6985466923869,230.42466939803435,2.7324150357075356,4.173751588488597,6.434345697428062,9.828433903552714,1204.936693985464,814.8755688634263,7729.650327037783,10305.632783647545,True,1,1
3384,bigshakeB3384 25-09-23 10-04-54.fits,2025-09-23 10:04:54,384.76208761662633,226.41422885016016,2.7507563940706157,3.9917369533666935,6.477536295754539,9.399822192278661,1168.0539483232453,853.9246166258004,7729.059567930576,10304.391250962572,True,1,1
3385,bigshakeB3385 25-09-23 10-04-54.fits,2025-09-23 10:04:54,384.95976259847305,231.17908116301226,2.812853944897012,4.012086878658846,6.623764853187865,9.447742604271506,1156.7250815653517,829.2518260839697,7729.870604402949,10306.111190837903,True,1,1
3386,bigshakeB3386 25-09-23 10-04-54.fits,2025-09-23 10:04:54,384.7495724214094,234.99403817456204,2.693417494206365,4.1495492341426194,6.342513504994179,9.771441714401865,1171.655561295575,827.5053498236261,7733.971388760394,10310.510009425057,True,1,1
3387,bigshakeB3387 25-09-23 10-04-54.fits,2025-09-23 10:04:54,384.2650137743484,231.41848515195426,2.7828345626157773,4.03750882832593,6.553074610052567,9.507606720931323,1160.9384049724954,823.5428904741641,7730.048183189446,10306.238138224906,True,1,1
3388,bigshakeB3388 25-09-23 10-04-54.fits,2025-09-23 10:04:54,383.5437934464052,230.05142139661686,2.7532176963602093,3.9860382901107325,6.483332219722954,9.386402865813643,1181.2872423842286,834.8973579128766,7729.797797248637,10306.002311360713,True,1,1
3389,bigshakeB3389 25-09-23 10-04-54.fits,2025-09-23 10:04:54,383.22334331097363,232.2449821627683,2.8251243790698823,3.9595339662167843,6.652659517539373,9.323989952628182,1154.3856116093473,854.4086675899277,7730.712774979564,10306.98109540954,True,1,1
3390,bigshakeB3390 25-09-23 10-04-54.fits,2025-09-23 10:04:54,384.63322290184897,230.3442738255207,2.765360098524211,3.984655353757609,6.511925391733572,9.383146299568306,1161.893302729487,831.1622591212318,7730.828233678836,10307.25481246335,True,1,1
3391,bigshakeB3391 25-09-23 10-04-54.fits,2025-09-23 10:04:54,385.3189358961453,229.23896710544463,2.8083254543991103,3.9561159265932893,6.613101072989674,9.315941084408065,1148.8406260758854,839.6954246147735,7729.971592410073,10306.129479607938,True,1,1
3392,bigshakeB3392 25-09-23 10-04-54.fits,2025-09-23 10:04:54,385.71110885203535,233.23941050424813,2.779327477093629,3.94622380175037,6.544816054765374,9.292646910540011,1154.5438177811668,837.990920489271,7728.772800681043,10304.518399310326,True,1,1
3393,bigshakeB3393 25-09-23 10-04-54.fits,2025-09-23 10:04:54,385.5653208344157,233.90156841885897,2.7849282498614305,3.8993831068513383,6.558004866746657,9.182345503268591,1163.9349422549706,851.4961069695667,7728.56222868322,10304.337954663906,True,1,1
3394,bigshakeB3394 25-09-23 10-04-54.fits,2025-09-23 10:04:54,384.43663348806683,231.20088687729293,2.8195538062384817,3.8010424558532536,6.639541820973686,8.95077096705691,1164.4984232378283,843.2898210450272,7728.821596944191,10305.502714224538,True,1,1
3395,bigshakeB3395 25-09-23 10-04-54.fits,2025-09-23 10:04:54,383.8016641306125,227.46268956283225,2.8287470240242585,3.7726563814739884,6.661190194493968,8.883926870108876,1146.828968084976,867.792518875231,7729.272304236161,10305.540817381714,True,1,1
3396,bigshakeB3396 25-09-23 10-04-54.fits,2025-09-23 10:04:54,384.205977962069,229.00002786717533,2.8455948014397987,3.9411218034901827,6.700863678466302,9.28063262276721,1129.3933054688246,837.4461968586386,7727.745638722242,10303.208187216456,True,1,1
3397,bigshakeB3397 25-09-23 10-04-54.fits,2025-09-23 10:04:54,384.7369154518885,233.73355449094421,2.8654677357401477,4.151260075206254,6.747660862510347,9.775470437232373,1138.632991722924,843.4080778358531,7729.999349327827,10305.420369456713,True,1,1
3398,bigshakeB3398 25-09-23 10-04-54.fits,2025-09-23 10:04:54,384.50366794536774,235.12366752863005,2.8387225576673107,3.921446632908557,6.6846807810765085,9.234301136692194,1148.4863719049845,829.4913274752437,7736.9387575693945,10315.957134528213,True,1,1
3399,bigshakeB3399 25-09-23 10-04-54.fits,2025-09-23 10:04:54,384.6039207406266,229.10953894099939,2.8692476357487506,3.943673674391943,6.756561846818818,9.286641819519005,1164.4214654653686,835.776832887391,7729.375501564551,10306.068906805238,True,1,1
3400,bigshakeB3400 25-09-23 10-04-54.fits,2025-09-23 10:04:54,384.0950489589748,226.68303401353447,2.870343061498424,4.0080664340420755,6.759141377331992,9.438275180697996,1131.4445736332732,814.8281988918309,7729.297482165482,10305.6346644337,True,1,1
3401,bigshakeB3401 25-09-23 10-04-54.fits,2025-09-23 10:04:54,383.8573727355261,232.9271882152838,2.750783265215304,3.8778817270056685,6.477599572464684,9.131713623012184,1143.627671567807,825.0174440082619,7728.539794757311,10304.440612188338,True,1,1
3402,bigshakeB3402 25-09-23 10-04-54.fits,2025-09-23 10:04:54,384.4851793919309,233.7177771662566,2.8707543449803845,4.140548087505967,6.760109875919502,9.750245633873613,1144.2552100053206,814.1997358956406,7729.92818422167,10306.119940921108,True,1,1
3403,bigshakeB3403 25-09-23 10-04-54.fits,2025-09-23 10:04:54,385.26291385950367,230.9171492982213,2.86163830370243,4.160340515141003,6.738643239186846,9.79685323920842,1112.2557716593717,843.9438378757158,7730.629248029498,10305.791652400763,True,1,1
3404,bigshakeB3404 25-09-23 10-04-54.fits,2025-09-23 10:04:54,385.42388346135397,230.61452034798722,2.876358534138608,4.396712766078757,6.773306732885433,10.353467353805728,1127.7802714912907,798.1067449246801,7732.102730493817,10308.085678733338,True,1,1
3405,bigshakeB3405 25-09-23 10-04-54.fits,2025-09-23 10:04:54,385.4162545134638,228.69802549894328,2.8886580392767143,3.944004286357843,6.802269854128606,9.287420351203433,1121.6354759325088,836.5478233602328,7731.633548299933,10308.534917729632,True,1,1
3406,bigshakeB3406 25-09-23 10-04-54.fits,2025-09-23 10:04:54,384.89190746518005,229.08699324119925,2.838348387489106,3.786352380492816,6.683799677640619,8.916178483135134,1119.2776861314521,845.8265849099598,7730.5776446800555,10307.302663635812,True,1,1
3407,bigshakeB3407 25-09-23 10-04-54.fits,2025-09-23 10:04:54,384.03169434600534,233.7778971752748,2.965974102775692,3.921782423397922,6.984335270258884,9.23509186286748,1092.5634092790056,832.8604863190426,7729.256615678125,10305.54084591845,True,1,1
3408,bigshakeB3408 25-09-23 10-04-54.fits,2025-09-23 10:04:54,383.5527659134925,234.76894660082155,2.9116863538877373,3.8100655192420656,6.856497390977922,8.972018657592468,1113.9686066873692,827.2368380617137,7730.899504740546,10308.344880094339,True,1,1
3409,bigshakeB3409 25-09-23 10-04-54.fits,2025-09-23 10:04:54,384.1328895785969,228.907349094419,2.913917206199206,4.032952575818549,6.8617506467184715,9.49687756619672,1147.123823516839,857.9673639973553,7730.114507113761,10306.20564792709,True,1,1
3410,bigshakeB3410 25-09-23 10-04-54.fits,2025-09-23 10:04:54,384.4312493558707,226.7367123464244,2.8550346778531286,3.965183889210304,6.7230928886670265,9.337294504546204,1116.8634404738473,835.452354732367,7730.303367023709,10306.423410047428,True,1,1
3411,bigshakeB3411 25-09-23 10-04-54.fits,2025-09-23 10:04:54,384.59259544791945,230.71395261250734,2.940211842922013,3.7107895264819812,6.923669784350146,8.738241559850675,1098.0003145811625,863.1564590065598,7727.955809006802,10304.073520456253,True,1,1
3412,bigshakeB3412 25-09-23 10-04-54.fits,2025-09-23 10:04:54,384.1088614237796,234.9748683685931,2.9341063561853487,3.9727691484088474,6.909292461797977,9.35515642495369,1100.4574530399889,824.5077191781119,7730.446015961456,10307.017378101686,True,1,1
3413,bigshakeB3413 25-09-23 10-04-54.fits,2025-09-23 10:04:54,384.05013370102864,232.87581705354006,3.0147063505059517,4.099850292362642,7.099090944053514,9.654409650081547,1107.3142369468007,814.4804038788332,7727.873914306686,10303.826556757675,True,1,1
3414,bigshakeB3414 25-09-23 10-04-54.fits,2025-09-23 10:04:54,384.44068990558077,229.23596540396898,2.924435950612879,3.877038464033768,6.8865203969123465,9.12972789046272,1127.931666191142,847.3400868337093,7728.593322544146,10304.8610410772,True,1,1
3415,bigshakeB3415 25-09-23 10-04-54.fits,2025-09-23 10:04:54,385.0336780839552,228.6239193767013,2.913638156836805,3.9138647118319314,6.861093535686337,9.216447076961112,1121.6460085594344,841.9581642780406,7729.590877822614,10305.978920640882,True,1,1
3416,bigshakeB3416 25-09-23 10-04-54.fits,2025-09-23 10:04:54,384.9362672047117,231.56528674333018,2.957759766934498,4.0827116117008275,6.964991987563424,9.614051141313722,1112.9659198778954,823.7230267058881,7730.075728011313,10306.396145913632,True,1,1
3417,bigshakeB3417 25-09-23 10-04-54.fits,2025-09-23 10:04:54,385.03436755855773,232.8362802402088,2.9011868452897343,4.021661408155608,6.83177293766837,9.47028889825222,1137.0191047901378,821.3056989538196,7728.3427704726755,10304.434527362442,True,1,1
3418,bigshakeB3418 25-09-23 10-04-54.fits,2025-09-23 10:04:54,384.30883075006204,231.15247368925378,2.9276762941497676,4.06351418845685,6.894150822825798,9.56884466424586,1112.6314498552908,840.3705483867726,7729.452886085239,10305.1150443046,True,1,1
3419,bigshakeB3419 25-09-23 10-04-54.fits,2025-09-23 10:04:54,383.67777996424235,230.39540855213602,3.010020083012157,3.715941332012378,7.08805562742275,8.750373134781753,1106.2737535113529,898.4417816734019,7728.806504574269,10305.030164062462,True,1,1
3420,bigshakeB3420 25-09-23 10-04-54.fits,2025-09-23 10:04:54,383.46849380183517,230.2495886379542,2.947994904605657,3.876200831932266,6.941997494014503,9.127755417599742,1112.3013689406662,870.040953570423,7729.924404026405,10306.078151629108,True,1,1
3421,bigshakeB3421 25-09-23 10-04-54.fits,2025-09-23 10:04:54,383.61875889129885,230.6920311560937,2.879086362051991,4.021547152424488,6.779730276735262,9.47001984656632,1118.4466413228467,852.2582285829927,7731.059992318196,10306.997480504395,True,1,1
3422,bigshakeB3422 25-09-23 10-04-54.fits,2025-09-23 10:04:54,384.0873939381036,231.83737296604548,2.928059053352728,3.8887092924358537,6.895052151869351,9.157210591126068,1114.12024399612,848.151499701664,7731.527894546162,10308.515837461939,True,1,1
3423,bigshakeB3423 25-09-23 10-04-54.fits,2025-09-23 10:04:54,385.12872415487436,231.74284588643533,2.969794466719232,3.7899353787113177,6.993331539852446,8.924615799161373,1112.726233009314,870.3233163458823,7727.519806077776,10303.391591712294,True,1,1
3424,bigshakeB3424 25-09-23 10-04-54.fits,2025-09-23 10:04:54,384.55355399091314,231.21486073334643,2.95174639163975,3.7373999869156083,6.950831570881058,8.800904405487282,1124.6008156981627,887.9861659298878,7727.8518065631615,10303.806465912607,True,1,1
3425,bigshakeB3425 25-09-23 10-04-54.fits,2025-09-23 10:04:54,384.00007830431116,227.93873159093664,2.894500070731864,3.893721533216872,6.816026786902895,9.169013516187732,1121.587439188411,863.7969927660492,7730.508428799209,10306.733842043148,True,1,1
3426,bigshakeB3426 25-09-23 10-04-54.fits,2025-09-23 10:04:54,384.2662806958994,228.86636166823683,2.862934391486777,4.143871740411019,6.741695292681546,9.758072238357153,1144.7396424752233,816.3223896913206,7730.867173171469,10307.272375198092,True,1,1
3427,bigshakeB3427 25-09-23 10-04-54.fits,2025-09-23 10:04:54,384.4212075047575,235.43856849612072,2.899001636653598,3.922566691900991,6.826627164569421,9.236938674059193,1097.4278081629504,839.5667936017253,7727.795781218241,10303.143811537311,True,1,1
3428,bigshakeB3428 25-09-23 10-04-54.fits,2025-09-23 10:04:54,384.55056579499603,233.88350570786332,2.9783144265926187,3.9106645935628883,7.013394512145156,9.2089113743147,1121.5369305024183,833.2569818562037,7730.411149363783,10307.64152028984,True,1,1
3429,bigshakeB3429 25-09-23 10-04-54.fits,2025-09-23 10:04:54,383.9139960417953,228.10137843431505,2.9585780664325743,4.00094358304556,6.966918935624333,9.421502148393632,1128.5081147257208,865.4285418897759,7729.188939473036,10304.939005138907,True,1,1
3430,bigshakeB3430 25-09-23 10-04-55.fits,2025-09-23 10:04:55,383.04401576098616,229.1345715418137,2.9288570648306997,3.952625708886413,6.896931325293842,9.307722249790391,1118.686829309565,843.4959671028193,7729.422028238941,10305.59550325039,True,1,1
3431,bigshakeB3431 25-09-23 10-04-55.fits,2025-09-23 10:04:55,385.38922871302134,231.3820975542031,2.9193019610822963,3.9694476876065203,6.874430775454751,9.347334982477584,1115.205195302657,849.1258621099613,7728.356826668235,10303.875535985917,True,1,1
3432,bigshakeB3432 25-09-23 10-04-55.fits,2025-09-23 10:04:55,384.7895874405625,233.10579841877393,2.7925392301337535,3.741065933246297,6.575927355654258,8.809537049390796,1172.7542033344037,886.777374869488,7728.1763864868335,10304.013081622254,True,1,1
3433,bigshakeB3433 25-09-23 10-04-55.fits,2025-09-23 10:04:55,384.17768508559084,231.09691389047234,2.946821832556652,3.8752968701802586,6.93923512043924,9.125626750346173,1138.973721738047,886.9547895375757,7728.837299371819,10304.694134182446,True,1,1
3434,bigshakeB3434 25-09-23 10-04-55.fits,2025-09-23 10:04:55,384.23195234474383,227.11845428735916,2.941882708924805,3.9608760793937097,6.927604373106081,9.327150387639906,1134.8578827994654,867.6331016971501,7730.350505877418,10306.62240283389,True,1,1
3435,bigshakeB3435 25-09-23 10-04-55.fits,2025-09-23 10:04:55,384.6033968552997,229.65922472422517,2.895655254102857,3.8093909828848314,6.818747035860595,8.97043024585735,1127.7945225777485,862.3436319052074,7731.00795887337,10307.909824900276,True,1,1
3436,bigshakeB3436 25-09-23 10-04-55.fits,2025-09-23 10:04:55,385.0557526735801,232.10939656025425,2.9174728832312513,3.9769180537634026,6.870123626267189,9.364926350447531,1151.5689017819707,860.9353757779119,7728.988364949029,10304.982566781562,True,1,1
3437,bigshakeB3437 25-09-23 10-04-55.fits,2025-09-23 10:04:55,384.8992329696795,231.61170413430057,2.8092889100540406,3.900433116229608,6.6153698376784025,9.184818086400012,1165.2114400749342,869.6511124644621,7728.151193689331,10303.58224330852,True,1,1
3438,bigshakeB3438 25-09-23 10-04-55.fits,2025-09-23 10:04:55,383.9146095145675,229.2081503891741,2.8502920695206995,3.833803620656143,6.711924899500091,9.027917614633315,1170.1282110592156,863.7895950716452,7726.85449285881,10302.59593877757,True,1,1
3439,bigshakeB3439 25-09-23 10-04-55.fits,2025-09-23 10:04:55,383.3679540157725,230.65530145454184,2.874821945481939,3.7681269855648676,6.769688343115741,8.873260957830198,1166.1994892582668,859.0091059222578,7729.745684734383,10306.932097393441,True,1,1
3440,bigshakeB3440 25-09-23 10-04-55.fits,2025-09-23 10:04:55,383.5053877758875,231.8449505119051,2.770408694995016,3.9331911860730537,6.523813927902297,9.261957445903882,1160.9100696735288,846.1264033219492,7730.739365306146,10307.068747865176,True,1,1
3441,bigshakeB3441 25-09-23 10-04-55.fits,2025-09-23 10:04:55,383.80578277400843,230.93091711183126,2.8092003777118766,3.902668456485496,6.615161359944441,9.190081910442041,1169.350147986161,845.9399971405005,7729.391998952214,10305.769914375978,True,1,1
3442,bigshakeB3442 25-09-23 10-04-55.fits,2025-09-23 10:04:55,385.43131546506567,231.00089281565434,2.7344256893159726,3.9037521390943373,6.439080424848823,9.192633787971792,1191.0313541782282,856.0969756288156,7728.7491348351805,10304.553900771834,True,1,1
3443,bigshakeB3443 25-09-23 10-04-55.fits,2025-09-23 10:04:55,385.4044372084675,233.77354486541284,2.7108999479025995,3.942903703419188,6.383681537394398,9.28482867643827,1219.5053901371425,848.2614824078897,7727.912803845541,10303.681870068418,True,1,1
3444,bigshakeB3444 25-09-23 10-04-55.fits,2025-09-23 10:04:55,385.01623571538863,228.43201519515918,2.763837073844479,4.074473983357496,6.508338942688663,9.594653008967331,1216.9813880208415,864.5401739154368,7729.024781013385,10304.536011414753,True,1,1
3445,bigshakeB3445 25-09-23 10-04-55.fits,2025-09-23 10:04:55,384.31468025643534,227.46115103365617,2.6911012915473354,3.890561295987247,6.337059264544342,9.161571726212358,1193.3255838964,882.7298667962921,7726.848928395944,10301.300937047576,True,1,1
3446,bigshakeB3446 25-09-23 10-04-55.fits,2025-09-23 10:04:55,383.50118578699306,233.92106588424755,2.727064696096562,3.8149464828216897,6.421746610464418,8.983512448468833,1198.9565440021388,856.3262855469807,7726.095699722272,10301.475518991328,True,1,1
3447,bigshakeB3447 25-09-23 10-04-55.fits,2025-09-23 10:04:55,383.7905557255835,235.17153395173116,2.7744154460244173,4.222167796459232,6.533249105541779,9.942445360586351,1218.8277387976862,857.6257258428939,7731.0261718735655,10306.784165520301,True,1,1
3448,bigshakeB3448 25-09-23 10-04-55.fits,2025-09-23 10:04:55,385.0257013397745,225.53431276530048,2.602505661455487,4.165998615858048,6.128432498901911,9.810177048193722,1250.9977103051056,837.2658311664042,7736.315779027879,10313.874499003497,True,1,1
3449,bigshakeB3449 25-09-23 10-04-55.fits,2025-09-23 10:04:55,384.6432912172325,226.08141829281016,2.6235954181492094,3.994381149867773,6.178095080709114,9.406048799202404,1224.1320460570143,837.4134250424692,7730.474444351471,10306.603037007126,True,1,1
3450,bigshakeB3450 25-09-23 10-04-55.fits,2025-09-23 10:04:55,383.28844906413053,236.2538068125532,2.6482503754271187,4.033397734469312,6.236153068316516,9.497925834710754,1217.9003018354422,845.7929225135257,7728.561499163535,10303.776750066181,True,1,1
3451,bigshakeB3451 25-09-23 10-04-55.fits,2025-09-23 10:04:55,383.0137410509288,236.18311321012104,2.652342715038531,3.954803517166722,6.245789791664544,9.312850596383097,1241.7107926898852,856.9903632223089,7727.685255811833,10303.080133343827,True,1,1
3452,bigshakeB3452 25-09-23 10-04-55.fits,2025-09-23 10:04:55,383.73576728170076,227.56197684884847,2.6426254462338927,3.9038752959716425,6.222907372300428,9.192923800255153,1261.6317836782262,873.6510024407346,7728.663828998453,10304.485066726815,True,1,1
3453,bigshakeB3453 25-09-23 10-04-55.fits,2025-09-23 10:04:55,385.6271290787129,223.79590088189505,2.634824356804541,4.273073636821839,6.204537210539112,10.062319453881365,1235.0944867424816,856.3344444032448,7728.93873015479,10303.137074171418,True,1,1
3454,bigshakeB3454 25-09-23 10-04-55.fits,2025-09-23 10:04:55,386.42848422195345,231.74112507799913,2.649063033760158,3.8717710203734406,6.238066732448919,9.11732400854531,1217.6402218593505,845.5818203683765,7731.590008670434,10308.534482767705,True,1,1
3455,bigshakeB3455 25-09-23 10-04-55.fits,2025-09-23 10:04:55,385.5924088308883,236.60780749034282,2.60144624627053,4.1753241704315975,6.125937766788363,9.832137051034545,1255.6637851162684,826.4897534063161,7730.407802909147,10306.24785442325,True,1,1
3456,bigshakeB3456 25-09-23 10-04-55.fits,2025-09-23 10:04:55,384.2950233245953,231.46860456044047,2.651368800894384,4.0699030097393125,6.2434963991157675,9.583889188665925,1281.8768525821054,836.2558377386956,7730.622893064447,10307.472375877582,True,1,1
3457,bigshakeB3457 25-09-23 10-04-55.fits,2025-09-23 10:04:55,383.82213402253717,224.22528788452794,2.564434295875807,3.95554041235757,6.0387812840931785,9.314585851949593,1277.8132364053492,879.0306112888446,7726.773609060149,10301.319480101369,True,1,1
3458,bigshakeB3458 25-09-23 10-04-55.fits,2025-09-23 10:04:55,383.7972340253021,227.1551984746825,2.571954665363661,3.9727923211566303,6.056490400909216,9.355210992604666,1232.8837256720788,854.9617498758679,7730.643249436061,10306.345880857283,True,1,1
3459,bigshakeB3459 25-09-23 10-04-55.fits,2025-09-23 10:04:55,383.9456034714535,234.207922756815,2.6374803449643247,4.132892587412649,6.210791584697135,9.732218308799132,1253.183567925214,816.8324793474699,7729.9687099095945,10306.2560864299,True,1,1
3460,bigshakeB3460 25-09-23 10-04-55.fits,2025-09-23 10:04:55,384.0320450670862,235.00140517956012,2.653789908474211,4.044786786715595,6.249197671775921,9.524745003234207,1277.629586352156,863.476973062464,7726.112695587733,10300.950832477247,True,1,1
3461,bigshakeB3461 25-09-23 10-04-55.fits,2025-09-23 10:04:55,384.23605367891804,229.0932218052412,2.593886952164028,4.155410888479719,6.108136989500088,9.785244855531909,1304.686916700834,835.0240095414329,7730.365691561793,10306.706939802816,True,1,1
3462,bigshakeB3462 25-09-23 10-04-55.fits,2025-09-23 10:04:55,384.54395946419885,227.26453910429055,2.5608789080603565,3.9991274060438577,6.0304089855974965,9.417225378384702,1274.134861257123,830.9860174796371,7729.201734122307,10305.28734458401,True,1,1
3463,bigshakeB3463 25-09-23 10-04-55.fits,2025-09-23 10:04:55,384.59933959920545,230.24306741006845,2.567473252809273,3.9941674651401327,6.04593748079609,9.40554561012244,1280.19669287655,815.2738106050241,7728.579744999241,10304.932428665616,True,1,1
3464,bigshakeB3464 25-09-23 10-04-55.fits,2025-09-23 10:04:55,384.0927639216314,233.21814539902772,2.595918977124196,4.353324530452926,6.112922042608295,10.251295866835495,1270.7052102531127,802.6946019384524,7730.7461191134025,10306.639297854048,True,1,1
3465,bigshakeB3465 25-09-23 10-04-55.fits,2025-09-23 10:04:55,384.25848686568213,231.60515720719826,2.589507606635946,4.092824800595872,6.097824418866445,9.637865881242957,1299.011484208424,864.3238029223136,7729.722192984523,10305.389036595347,True,1,1
3466,bigshakeB3466 25-09-23 10-04-55.fits,2025-09-23 10:04:55,385.7695637258341,227.40566009584126,2.5508825455023136,4.428147135600631,6.0068693506684205,10.427489637258748,1266.8517394065555,809.8879711876892,7734.666570561205,10311.0363984322,True,1,1
3467,bigshakeB3467 25-09-23 10-04-55.fits,2025-09-23 10:04:55,385.8803366602309,229.8857368556219,2.5551392570614904,4.168324641527364,6.0168931403738855,9.815654420065082,1272.6755565494275,808.9600746514967,7731.887168073385,10308.555476811278,True,1,1
3468,bigshakeB3468 25-09-23 10-04-55.fits,2025-09-23 10:04:55,384.55102088196224,232.89966935756397,2.5683794978846737,4.092354357311341,6.048071524865354,9.636758071966494,1297.26421051538,853.6902999409214,7727.9347632299305,10303.06840706546,True,1,1
3469,bigshakeB3469 25-09-23 10-04-55.fits,2025-09-23 10:04:55,383.45081505190234,229.60769263413212,2.5369782981487305,4.156157577180374,5.974127350289135,9.787003173051609,1307.7860134972293,802.0261786351614,7728.449135483793,10304.517786897626,True,1,1
3470,bigshakeB3470 25-09-23 10-04-55.fits,2025-09-23 10:04:55,383.0119594834237,229.72114774286138,2.6490028518639743,4.149887254338662,6.237925014913437,9.77223769113513,1244.8232276012427,829.8188226774811,7729.969206713739,10305.862579422153,True,1,1
3471,bigshakeB3471 25-09-23 10-04-55.fits,2025-09-23 10:04:55,384.03689256994704,231.5061823784929,2.565962686128817,4.112640621934819,6.042380368097597,9.684528574540662,1265.268328883536,833.3539562812688,7728.8264095865,10304.158478497511,True,1,1
3472,bigshakeB3472 25-09-23 10-04-55.fits,2025-09-23 10:04:55,385.4395424515485,230.71905246583864,2.5565748318599466,4.3506172390859446,6.020273660685431,10.244920682856788,1302.0240773396188,780.266171183972,7730.395517732871,10306.849793244743,True,1,1
3473,bigshakeB3473 25-09-23 10-04-55.fits,2025-09-23 10:04:55,384.8261031541857,229.52299830332356,2.5857514693605808,4.246507499677271,6.088979391518526,9.999760981614296,1278.0432155379644,814.1443181507935,7728.325531593988,10303.637311214807,True,1,1
3474,bigshakeB3474 25-09-23 10-04-55.fits,2025-09-23 10:04:55,384.56077122123116,230.11168629620636,2.5580586676740094,4.2844123328709465,6.023767827003921,10.089020042622316,1286.9404960926706,790.3830456062346,7735.9750094272695,10314.141119424827,True,1,1
3475,bigshakeB3475 25-09-23 10-04-55.fits,2025-09-23 10:04:55,385.4047845806381,228.29207959316568,2.5648339712914745,4.305203306224893,6.0397224477734985,10.137979043431894,1270.3913279767937,786.2443918274022,7727.138352689363,10302.190018306319,True,1,1
3476,bigshakeB3476 25-09-23 10-04-55.fits,2025-09-23 10:04:55,385.54210744061714,231.79148348521622,2.581187531597462,4.2373588914466875,6.078232139389661,9.978217655568782,1253.7926382894411,803.7916640429498,7728.293537929843,10303.505291701975,True,1,1
3477,bigshakeB3477 25-09-23 10-04-55.fits,2025-09-23 10:04:55,384.2354620119783,233.2036640616524,2.62290076216882,4.231522675373161,6.176459290882092,9.96447441697171,1275.6196066740702,815.2244658474763,7731.761349791521,10308.47298499418,True,1,1
3478,bigshakeB3478 25-09-23 10-04-55.fits,2025-09-23 10:04:55,383.4190887769227,230.32133248186463,2.4853739126580607,4.419529145508211,5.852608308924201,10.407195821441238,1317.3100335441964,787.5168887463699,7728.3863734299775,10303.437074978663,True,1,1
3479,bigshakeB3479 25-09-23 10-04-55.fits,2025-09-23 10:04:55,383.94414520896544,227.96465528863885,2.54448676528319,4.253122080042423,5.991808439204816,10.015337128047623,1270.233991611971,808.4766673996022,7730.209910694828,10305.868402980497,True,1,1
3480,bigshakeB3480 25-09-23 10-04-55.fits,2025-09-23 10:04:55,385.40000752325165,229.7155849574736,2.5389047141891656,4.469309028485352,5.97866371339622,10.524418487715105,1275.6583039806458,788.5003732770494,7729.024367665999,10303.876066714698,True,1,1
3481,bigshakeB3481 25-09-23 10-04-55.fits,2025-09-23 10:04:55,385.4354659166902,230.4175014449273,2.594024721087593,4.307244141093934,6.108461410522882,10.14278484229011,1256.1572715942148,806.092291886475,7729.659600323222,10305.097699237933,True,1,1
3482,bigshakeB3482 25-09-23 10-04-56.fits,2025-09-23 10:04:56,383.77126421363624,232.44941871436464,2.5660141855016496,4.378863186372498,6.042501639853049,10.31143480571805,1282.6930760656674,797.9775405136153,7728.246346980565,10303.269277217694,True,1,1
3483,bigshakeB3483 25-09-23 10-04-56.fits,2025-09-23 10:04:56,382.9748033189149,232.27524263877444,2.585360364092689,4.5100237419382845,6.0880584089939775,10.620294311081762,1281.2238671715204,785.1577393722233,7728.667157539993,10303.695476322102,True,1,1
3484,bigshakeB3484 25-09-23 10-04-56.fits,2025-09-23 10:04:56,383.7711581958642,230.55297045269236,2.5513474433761765,4.359873619297029,6.0079641015006855,10.266717792522279,1279.0352256666524,779.9564433502277,7727.767518846245,10302.973295149557,True,1,1
3485,bigshakeB3485 25-09-23 10-04-56.fits,2025-09-23 10:04:56,384.51346655759045,229.22765001840546,2.5367031054480447,4.287092487372705,5.973479321001314,10.095331324166839,1290.3989689762827,782.8952615738308,7729.94672749552,10306.162275502536,True,1,1
3486,bigshakeB3486 25-09-23 10-04-56.fits,2025-09-23 10:04:56,385.5537431364336,228.05384066391576,2.5296662176817195,4.417378090565872,5.956908716634538,10.402130474145057,1264.9025063068862,783.0140607846904,7735.567715819748,10312.737293278118,True,1,1
3487,bigshakeB3487 25-09-23 10-04-56.fits,2025-09-23 10:04:56,386.20975132763465,229.3719106114103,2.5414894422584857,4.502407799120467,5.98475028286481,10.602360136272557,1265.6843502060872,771.7090666804348,7729.218547094365,10304.278327986942,True,1,1
3488,bigshakeB3488 25-09-23 10-04-56.fits,2025-09-23 10:04:56,385.75094346245714,232.71406910526133,2.5044175798193686,4.284690196800761,5.897452718086547,10.089674362174035,1293.1064923269169,778.6516313417558,7731.403652955323,10308.027466005737,True,1,1
3489,bigshakeB3489 25-09-23 10-04-56.fits,2025-09-23 10:04:56,384.0173868160428,233.12640039846113,2.580566590272578,4.561147110186204,6.076769934311035,10.740680643401461,1266.563493116128,793.3021488474006,7731.623761281673,10307.004368656546,True,1,1
3490,bigshakeB3490 25-09-23 10-04-56.fits,2025-09-23 10:04:56,383.1272685847883,227.75229669075492,2.5697608692455516,4.321882246618562,6.051324405835581,10.177254946600781,1296.6568462212344,809.8809095101665,7730.602607619661,10306.592239237563,True,1,1
3491,bigshakeB3491 25-09-23 10-04-56.fits,2025-09-23 10:04:56,383.2889013913289,227.6985579210661,2.5087259825706987,4.352787093978308,5.907598231247445,10.250030300652135,1280.6184942701798,772.5581590420932,7727.256098401574,10302.224495005607,True,1,1
3492,bigshakeB3492 25-09-23 10-04-56.fits,2025-09-23 10:04:56,384.3710927924565,233.0250938656786,2.524394711139559,4.514009584432924,5.944495267361546,10.629680252884475,1256.7321309979154,732.8695083400642,7730.560550025918,10306.705463567596,True,1,1
3493,bigshakeB3493 25-09-23 10-04-56.fits,2025-09-23 10:04:56,385.57771940235983,232.5059507965155,2.5552609777445427,4.6423243861430175,6.017179770678232,10.931838520025575,1277.5216509504637,767.1563141437136,7730.986499365221,10306.431089527314,True,1,1
3494,bigshakeB3494 25-09-23 10-04-56.fits,2025-09-23 10:04:56,385.70354087795494,227.38784427496594,2.551546255963907,4.487935732897971,6.008432269367478,10.568281024638807,1277.6949178812336,783.956387528688,7727.3564796360515,10301.793364012012,True,1,1
3495,bigshakeB3495 25-09-23 10-04-56.fits,2025-09-23 10:04:56,384.7699104259932,228.62864257040314,2.6098870587474226,4.339563380774774,6.145814361205297,10.218890835730713,1241.3204520877957,780.8836937675964,7727.639470122239,10302.741256454718,True,1,1
3496,bigshakeB3496 25-09-23 10-04-56.fits,2025-09-23 10:04:56,383.5860534152863,233.69202065387498,2.564584131955777,4.332171643762017,6.039134121097761,10.201484625245474,1270.9655884819745,767.3691999730111,7730.1885151551405,10306.57922375685,True,1,1
3497,bigshakeB3497 25-09-23 10-04-56.fits,2025-09-23 10:04:56,383.22398492099643,234.41189055482232,2.600041782321321,4.598770093588378,6.122630506928243,10.829275998870767,1265.5187012477213,758.9016885033002,7730.414354009837,10306.176731778083,True,1,1
3498,bigshakeB3498 25-09-23 10-04-56.fits,2025-09-23 10:04:56,384.4705597247771,228.19411890060317,2.560436192325772,4.475024256528613,6.029366469711447,10.537876821273299,1276.1839635440024,749.0153555793169,7732.4208945471955,10309.454433797504,True,1,1
3499,bigshakeB3499 25-09-23 10-04-56.fits,2025-09-23 10:04:56,386.04453026068006,226.09809004935525,2.541941341790244,4.515602956735941,5.985814424940535,10.633432357922816,1257.7641864557572,763.9545031962783,7727.929533385753,10302.587179805136,True,1,1
3500,bigshakeB3500 25-09-23 10-04-56.fits,2025-09-23 10:04:56,386.0628317351541,230.51303578362825,2.5586523006710546,4.51902275177931,6.025165725884755,10.641485359840837,1259.46506711753,764.3927101878056,7729.758292480059,10305.134028699815,True,1,1
3501,bigshakeB3501 25-09-23 10-04-56.fits,2025-09-23 10:04:56,384.829547995633,234.3729124809648,2.586790240557739,4.516481193763209,6.091425510755796,10.635500448078915,1265.886658986019,763.9348218582372,7729.359120351858,10304.894556959216,True,1,1
3502,bigshakeB3502 25-09-23 10-04-56.fits,2025-09-23 10:04:56,382.6435189396505,232.95526832765327,2.589566976927629,4.645956297656111,6.097964225219378,10.940391018058387,1272.4502988052484,742.0690539511337,7728.925657843587,10304.437702580444,True,1,1
3503,bigshakeB3503 25-09-23 10-04-56.fits,2025-09-23 10:04:56,382.41099404235564,228.089215443954,2.6075794430949166,4.5795216471087485,6.140380341610549,10.78394937126483,1256.0705702309715,758.8439530658721,7730.020360769806,10305.650229224417,True,1,1
3504,bigshakeB3504 25-09-23 10-04-56.fits,2025-09-23 10:04:56,384.03037717820945,226.53366123392937,2.606279176999746,4.522491779881251,6.137318448945768,10.649654296752065,1239.1401101837514,747.4950078140298,7735.273017220822,10312.90883912756,True,1,1
3505,bigshakeB3505 25-09-23 10-04-56.fits,2025-09-23 10:04:56,385.90030906786717,231.24842343130598,2.634966174809594,4.535051373899803,6.204871166420156,10.679229880504403,1223.2188088325763,731.7283209345528,7728.940290120103,10304.756126554441,True,1,1
3506,bigshakeB3506 25-09-23 10-04-56.fits,2025-09-23 10:04:56,386.2241158591462,234.39595962453419,2.557772692422688,4.713779868795629,6.023094406749727,11.100103322903305,1264.451026502396,735.5836543784119,7729.651745643155,10304.984518129722,True,1,1
3507,bigshakeB3507 25-09-23 10-04-56.fits,2025-09-23 10:04:56,384.7195160152164,231.86490126610374,2.602756781358015,4.892647507314919,6.129023841082089,11.521304423495879,1270.718770148436,733.6860043703815,7728.743200139706,10303.516748330347,True,1,1
3508,bigshakeB3508 25-09-23 10-04-56.fits,2025-09-23 10:04:56,383.4841034906549,227.69498484934374,2.6138048495740374,4.652531483531461,6.155040053576048,10.955874397557464,1234.6918373458193,765.1159937716814,7735.177344005719,10311.833519859765,True,1,1
3509,bigshakeB3509 25-09-23 10-04-56.fits,2025-09-23 10:04:56,383.8059293712764,228.1527318626436,2.523397999533899,4.498170622948796,5.942148190893423,10.592382348889176,1264.995357401974,756.8812544036422,7731.600976696242,10307.69162695817,True,1,1
3510,bigshakeB3510 25-09-23 10-04-56.fits,2025-09-23 10:04:56,384.30052528205624,233.7312037096715,2.5943644337927454,4.426119073884596,6.1092613728105265,10.42271391687727,1251.787480520813,740.4927275320907,7730.657018385624,10307.386465214842,True,1,1
3511,bigshakeB3511 25-09-23 10-04-56.fits,2025-09-23 10:04:56,384.9439276713596,234.61142035240837,2.5560298756581004,4.569192015754408,6.018990386897659,10.75962494829385,1254.9153196306881,737.7585047651137,7727.105838311082,10301.954699323827,True,1,1
3512,bigshakeB3512 25-09-23 10-04-56.fits,2025-09-23 10:04:56,385.0963927367178,229.98386451097002,2.587632213030326,4.695641960165388,6.093408204411607,11.057391812085875,1272.810324542593,735.0531351625943,7728.09258883482,10303.298450709124,True,1,1
3513,bigshakeB3513 25-09-23 10-04-56.fits,2025-09-23 10:04:56,384.5680793979159,229.49851266600928,2.5934552600005714,4.582625709375892,6.107120432140298,10.791258879312526,1258.7808572719,752.579634281281,7730.1404403115,10305.89200732085,True,1,1
3514,bigshakeB3514 25-09-23 10-04-56.fits,2025-09-23 10:04:56,384.209171352127,230.2361453870735,2.570163177695688,4.739938250397277,6.0522717698382476,11.161701604244435,1248.3609963943281,704.6559447764356,7726.75235089423,10301.64957755614,True,1,1
3515,bigshakeB3515 25-09-23 10-04-56.fits,2025-09-23 10:04:56,384.02649357893,230.56634264781192,2.5710042419785837,4.791391228039671,6.05425232487077,11.282864107373273,1259.3496313237513,722.0069975478318,7728.629774853213,10303.68234383503,True,1,1
3516,bigshakeB3516 25-09-23 10-04-56.fits,2025-09-23 10:04:56,383.40524188029934,234.53553431437157,2.5201775958797668,4.667935901315326,5.934564719815582,10.992149029336941,1262.166351194546,747.7910865911989,7726.2120434847975,10299.998460258284,True,1,1
3517,bigshakeB3517 25-09-23 10-04-56.fits,2025-09-23 10:04:56,384.4813161133283,233.07389516838427,2.567446577294109,4.759344591241823,6.04587466475827,11.207400044665874,1257.5154359452279,751.1043319045659,7728.929829176104,10303.432072148731,True,1,1
3518,bigshakeB3518 25-09-23 10-04-56.fits,2025-09-23 10:04:56,386.012440325142,226.70873345221227,2.6126838205829572,4.754448663973543,6.152400232036792,11.195871016995515,1264.4650442272664,727.3520663711628,7729.204662674713,10304.799340058391,True,1,1
3519,bigshakeB3519 25-09-23 10-04-56.fits,2025-09-23 10:04:56,386.33099008217584,227.06207287849054,2.559624239323336,4.5528513392268195,6.027454466505688,10.721145595657317,1266.279318353275,722.9278866356004,7729.091434922197,10305.193178784137,True,1,1
3520,bigshakeB3520 25-09-23 10-04-56.fits,2025-09-23 10:04:56,384.96155693329047,230.66827256084707,2.6191845181500693,4.832148381875539,6.167708204974511,11.378839870204386,1241.8054502703467,724.3052117254554,7728.693980303323,10303.633178596634,True,1,1
3521,bigshakeB3521 25-09-23 10-04-56.fits,2025-09-23 10:04:56,384.02661007903197,234.01356129810597,2.4882548400810305,4.630673886987625,5.85939237456809,10.90440369107984,1284.4124110866255,726.8023060458945,7730.034301404392,10305.826522562544,True,1,1
3522,bigshakeB3522 25-09-23 10-04-56.fits,2025-09-23 10:04:56,383.7939045706729,231.99667456288682,2.5511746505229738,4.692439975065233,6.007557205426325,11.04985171338814,1247.222521397189,734.8305550830833,7730.905005325926,10306.48286259435,True,1,1
3523,bigshakeB3523 25-09-23 10-04-56.fits,2025-09-23 10:04:56,384.2118931288993,227.89130709254758,2.5566232627826815,4.860214378220105,6.020387706793087,11.444930240980336,1279.4734079849882,716.9666623899041,7728.449202101215,10303.48411215293,True,1,1
3524,bigshakeB3524 25-09-23 10-04-56.fits,2025-09-23 10:04:56,384.50021689606535,228.93263062450697,2.5397422802864744,4.8456736526803885,5.980636030831201,11.410689449010118,1268.76989293772,700.9403149162125,7730.276203181484,10306.125347580075,True,1,1
3525,bigshakeB3525 25-09-23 10-04-56.fits,2025-09-23 10:04:56,384.3094485900311,233.02655027591587,2.549634702960569,4.930178070904838,6.003930906038078,11.60968214693873,1291.4748942165866,693.5860195204855,7728.151877293828,10303.540787788179,True,1,1
3526,bigshakeB3526 25-09-23 10-04-56.fits,2025-09-23 10:04:56,384.84262363552375,233.02352676649147,2.5519449234735405,4.922227699812879,6.009371059610465,11.59096045372595,1287.8626575627316,720.7252846643889,7729.352858416412,10304.440730842372,True,1,1
3527,bigshakeB3527 25-09-23 10-04-56.fits,2025-09-23 10:04:56,385.66478310683647,228.0844581232708,2.556805619524369,5.100272681558367,6.0208171241037585,12.010224345657395,1293.202577944152,683.1919056815453,7727.120179340992,10301.897378072295,True,1,1
3528,bigshakeB3528 25-09-23 10-04-56.fits,2025-09-23 10:04:56,385.16727189160474,229.17252731380455,2.5645988653681986,5.235158506892043,6.039168815632663,12.32785619094368,1253.8834130153282,668.0803998897953,7726.438149153969,10300.4459387333,True,1,1
3529,bigshakeB3529 25-09-23 10-04-56.fits,2025-09-23 10:04:56,384.2127442386014,232.56358293028842,2.5473877463461085,4.794599168891045,5.998639727562032,11.290418230793362,1254.1424762472727,703.659442893791,7730.023212707329,10305.762969390871,True,1,1
3530,bigshakeB3530 25-09-23 10-04-56.fits,2025-09-23 10:04:56,384.7755215227422,230.45589504081562,2.4966091185594363,4.870355273378106,5.879065196990811,11.468810224172953,1297.5279513272096,690.4989165938107,7730.968715540825,10307.313065988466,True,1,1
3531,bigshakeB3531 25-09-23 10-04-56.fits,2025-09-23 10:04:56,385.3958465711921,229.86369793144573,2.506565331305253,4.871723203919706,5.902510286337253,11.472031454432523,1292.6505368203202,692.9991643266933,7728.919126700242,10304.515358349543,True,1,1
3532,bigshakeB3532 25-09-23 10-04-56.fits,2025-09-23 10:04:56,385.3221544464902,228.45881955117122,2.520742888302641,4.918338512227687,5.935895881744271,11.581802116841455,1278.6089501016697,706.0418910538086,7736.609415205734,10314.176250841501,True,1,1
3533,bigshakeB3533 25-09-23 10-04-56.fits,2025-09-23 10:04:56,383.99069090468964,231.240718957985,2.538142702100356,5.169048439882377,5.976869312054936,12.172178879970977,1277.8126375787335,672.5308783287192,7728.884883841378,10303.962700237682,True,1,1
3534,bigshakeB3534 25-09-23 10-04-57.fits,2025-09-23 10:04:57,383.32873711605566,234.5224476537186,2.5247090266160197,5.02499520596765,5.94523542374598,11.832959437197045,1285.126107324953,686.7616963166138,7728.964172489724,10304.20768836613,True,1,1
3535,bigshakeB3535 25-09-23 10-04-57.fits,2025-09-23 10:04:57,383.8222197892752,231.56030179105403,2.4797733912480546,5.0337255829799235,5.839420088845294,11.853517903986225,1311.241675145126,676.4000440958818,7728.4898313750955,10303.852919692028,True,1,1
3536,bigshakeB3536 25-09-23 10-04-57.fits,2025-09-23 10:04:57,385.0680541140112,228.01204095922006,2.5080386010377866,5.218315937937245,5.90597957143516,12.288194971959104,1269.3079067877047,695.7627448317771,7729.506587497299,10303.673250223277,True,1,1
3537,bigshakeB3537 25-09-23 10-04-57.fits,2025-09-23 10:04:57,385.4897776738279,228.91041273628193,2.485442867754718,5.047348627010536,5.852770685768016,11.885597721143851,1276.8513677574388,663.995275976799,7730.501737632556,10306.406764136113,True,1,1
3538,bigshakeB3538 25-09-23 10-04-57.fits,2025-09-23 10:04:57,385.70079186379985,232.20652437200283,2.5532746249760194,4.963523901532036,6.01250226736241,11.688205577317863,1266.9434409028026,677.1277960339128,7727.5022221047475,10302.677859928948,True,1,1
3539,bigshakeB3539 25-09-23 10-04-57.fits,2025-09-23 10:04:57,385.07690656053137,233.57986357054853,2.483297070947483,4.913505980723581,5.847717720433776,11.570422374787343,1287.516234962246,681.0047129018607,7730.021241058225,10305.917748260794,True,1,1
3540,bigshakeB3540 25-09-23 10-04-57.fits,2025-09-23 10:04:57,384.40138375643903,231.9494357575925,2.5106926427049716,5.161573650471026,5.912229361953394,12.154577096032742,1302.2759559974959,679.2623916311369,7728.850455377341,10303.899174367572,True,1,1
3541,bigshakeB3541 25-09-23 10-04-57.fits,2025-09-23 10:04:57,384.382874564878,227.04157051484086,2.517818856821309,5.021786843996589,5.929010313799728,11.825404322115876,1288.0631203514743,667.9606753098094,7735.566765227347,10313.508075160074,True,1,1
3542,bigshakeB3542 25-09-23 10-04-57.fits,2025-09-23 10:04:57,384.79374865300554,228.6825531325439,2.489845357681997,5.518130459230504,5.863137757296821,12.994204216491827,1298.3474241407507,667.0255099888103,7729.604472051033,10303.79951797076,True,1,1
