frame_num,filename,timestamp,mu_x,mu_y,sigma_x,sigma_y,fwhm_x,fwhm_y,amp_x,amp_y,offset_x,offset_y,fit_ok,n_peaks_x,n_peaks_y,nx,ny,resid_x,resid_y,on_bound_x,on_bound_y,noise_x,noise_y,two_component,two_comp_sep
1,PostNateMinutely0001 25-09-24 16-33-52.fits,2025-09-24 16:33:52,360.73869746768554,377.4317369486447,3.4223550478274443,6.336763558346066,8.059030267836919,14.921937847814961,969.8059723290578,548.0351472749296,7727.442890170204,10302.454288865752,True,1,1,640,480,17.19599710677222,28.128701381341106,False,False,16.3086,19.273799999999998,False,
2,PostNateMinutely0002 25-09-24 16-34-52.fits,2025-09-24 16:34:52,356.24447382412495,352.5159812999545,2.8385642072254185,4.587475631086499,6.684307894281801,10.802679572173492,1086.264221551179,688.8036567256902,7726.589039573021,10301.71954279023,True,1,1,640,480,17.668884725224025,23.540569556518655,False,False,14.825999999999999,20.7564,True,308.62612019417696
3,PostNateMinutely0003 25-09-24 16-35-52.fits,2025-09-24 16:35:52,356.60341234505313,357.26208123957815,2.919423099899172,6.393695995490892,6.874716035568962,15.056003492016062,1021.343976370415,501.14611185980937,7729.15452850814,10304.37775442023,True,1,1,640,480,19.01081431957407,27.82289791946796,False,False,14.825999999999999,19.273799999999998,False,
4,PostNateMinutely0004 25-09-24 16-36-52.fits,2025-09-24 16:36:52,358.33231656099684,353.68079179307614,2.9449670331895557,6.904906234264479,6.934867401710091,16.259811609505164,1039.887915953666,500.5205393196093,7724.416581653653,10297.166612261375,True,1,1,640,480,17.81150402949303,23.106819525333776,False,False,13.343399999999999,19.27351288752482,True,46.834725411376354
5,PostNateMinutely0005 25-09-24 16-37-52.fits,2025-09-24 16:37:52,356.0847148992389,360.7229137714613,2.8519008301333053,5.67311532732106,6.715713241238312,13.359165690547949,1026.4259503382737,551.2053302455322,7726.552241769678,10301.026342761776,True,1,1,640,480,17.328532011978016,24.044152299303658,False,False,14.825999999999999,22.304200376515396,False,
6,PostNateMinutely0006 25-09-24 16-38-52.fits,2025-09-24 16:38:52,357.6162496227265,354.1832488541841,2.7338685615612204,5.486332134696926,6.43776848924429,12.919324884481759,1096.8759952606508,558.9311675674678,7725.625526087337,10300.480144687725,True,1,1,640,480,17.137003853285794,21.182125884232846,False,False,13.343399999999999,20.7564,False,
7,PostNateMinutely0007 25-09-24 16-39-52.fits,2025-09-24 16:39:52,357.03137576450195,353.8744331297239,3.308048470073908,6.860359034560214,7.789858847264004,16.154910970691564,904.3015738047567,493.78648049895577,7729.44138765079,10303.853468777363,True,1,1,640,480,20.040858378135294,24.295258308938138,False,False,16.3086,19.273799999999998,False,
8,PostNateMinutely0008 25-09-24 16-40-53.fits,2025-09-24 16:40:53,361.1403250202338,352.68817392807796,3.0737217837819784,7.436173362209063,7.238061669298088,17.51085009165509,962.3624546337377,441.0496746571191,7726.019230052336,10299.67907603504,True,1,1,640,480,17.574615000644467,24.587844844509952,False,False,14.825999999999999,20.01511045403308,False,
9,PostNateMinutely0009 25-09-24 16-41-53.fits,2025-09-24 16:41:53,357.8839371502757,359.7830931358207,2.6705835247559233,6.217528717357771,6.288743616024655,14.641161254189647,1113.8073121200832,489.65911006448994,7728.937492891296,10304.884680150395,True,1,1,640,480,19.17641390158155,27.245643530264882,False,False,16.3086,20.7564,False,
10,PostNateMinutely0010 25-09-24 16-42-53.fits,2025-09-24 16:42:53,358.54013809766946,356.63147820344994,2.87474262604164,6.62384377863512,6.769501560107765,15.597960105083526,1073.4159155099146,514.8614904443236,7729.693844200329,10304.563520797114,True,1,1,640,480,18.882607146425116,25.751775564936278,False,False,16.3086,20.7564,False,
11,PostNateMinutely0011 25-09-24 16-43-53.fits,2025-09-24 16:43:53,359.35994327224034,358.5633845070403,3.055926978255307,5.447366507256195,7.196158104546455,12.827567843917118,1039.077522974555,595.5226028681716,7732.189984927419,10309.227964529266,True,1,1,640,480,19.407262343581223,26.668848506760597,False,False,17.04989999992179,22.238999999999997,True,48.00417955134217
12,PostNateMinutely0012 25-09-24 16-44-53.fits,2025-09-24 16:44:53,360.59092368603956,354.2358131703762,2.9114226553479448,6.561340456018802,6.855876428370573,15.450776028105585,1029.763945832494,511.2275817106452,7724.1498948621265,10297.006085395067,True,1,1,640,480,17.66300783506729,23.42217636869584,False,False,14.825999999999999,20.7564,False,
13,PostNateMinutely0013 25-09-24 16-45-53.fits,2025-09-24 16:45:53,358.69747016850107,353.5003291606577,2.660352314377844,6.147229409043007,6.264650956741424,14.47561903381823,1142.7432712615948,565.2995722325106,7726.129062684907,10299.234169132593,True,1,1,640,480,17.130922633826934,23.787964291003735,False,False,14.825999999999999,19.273799999999998,True,301.2744864556955
14,PostNateMinutely0014 25-09-24 16-46-53.fits,2025-09-24 16:46:53,358.67473614412387,360.8182560465833,3.467839210868203,6.829327173116498,8.166137286696754,16.08183652132928,890.5832728444252,467.13772285345317,7726.519578522491,10301.49429870115,True,1,1,640,480,15.619451174294154,21.03712579017924,False,False,13.343399999999999,17.7912,True,34.563400458411515
15,PostNateMinutely0015 25-09-24 16-47-53.fits,2025-09-24 16:47:53,359.2563786961155,352.2768866106877,2.9381689490959633,5.170460434482283,6.918859137018694,12.175503873158313,1016.0995457318791,620.2026077816525,7726.283642396864,10300.556067250407,True,1,1,640,480,18.460689273085904,20.311738900316417,False,False,16.3086,19.273800532263277,False,
16,PostNateMinutely0016 25-09-24 16-48-53.fits,2025-09-24 16:48:53,359.6127059455846,358.5604377173863,3.0170062050142543,6.530517583438946,7.1045066875503196,15.378193709909105,999.4335099516023,517.5523076537504,7726.123079734625,10299.593512673147,True,1,1,640,480,17.889304595709486,21.184422241918735,False,False,14.825999999999999,19.273799999986515,False,
17,PostNateMinutely0017 25-09-24 16-49-53.fits,2025-09-24 16:49:53,358.4988690683797,352.3012281332171,2.917168439536963,5.437087875390051,6.8694067161532955,12.803363515563229,1058.3338010202913,587.7665744321068,7725.447174013414,10300.030148914271,True,1,1,640,480,16.75026370246084,20.598436491914835,False,False,14.825999999999999,16.308600000062025,False,
18,PostNateMinutely0018 25-09-24 16-50-53.fits,2025-09-24 16:50:53,358.37958355695264,351.5940154516961,2.76988648712824,6.220023561033533,6.52258422234994,14.64703616208655,1121.189261114948,534.8115899249251,7725.252340606274,10299.182498014337,True,1,1,640,480,17.129343630223254,26.875044266676852,False,False,13.343399999999999,19.273799999999998,True,234.3919323483153
19,PostNateMinutely0019 25-09-24 16-51-53.fits,2025-09-24 16:51:53,358.84256132956153,350.38725098507535,2.922172270369714,5.225934576527704,6.881189837300202,12.306135494827764,1087.2075224741338,653.5035289991093,7725.260035521489,10299.103013783144,True,1,1,640,480,16.226009545061096,21.70383347622933,False,False,13.343399999999999,20.7564,False,
20,PostNateMinutely0020 25-09-24 16-52-53.fits,2025-09-24 16:52:53,360.3694680864324,353.6799075828212,2.920020998106505,6.318411977852448,6.876123978252478,14.878723178210592,1054.4700190638293,515.0329684710003,7725.702975864786,10300.022821118695,True,1,1,640,480,16.368688384697677,25.569573069413295,False,False,14.825999999999999,20.7564,True,51.64669373218317
21,PostNateMinutely0021 25-09-24 16-53-53.fits,2025-09-24 16:53:53,362.6037646258503,356.0264251380519,3.4853094186109117,6.473883822762897,8.20727648208014,15.24483139504366,899.7212589689063,489.325768664211,7731.213589944947,10308.117515115237,True,1,1,640,480,20.062382573728755,24.16465858057976,False,False,17.7912,19.434201940770073,False,
22,PostNateMinutely0022 25-09-24 16-54-53.fits,2025-09-24 16:54:53,360.61575661537603,357.7309245357982,3.260345295394662,7.146924264175476,7.677526455317702,16.82972051759848,931.5873286501507,451.9484977443821,7725.060354773305,10299.073929545764,True,1,1,640,480,17.603285874459978,27.218637138842766,False,False,14.825999999999999,19.27379999999191,False,
23,PostNateMinutely0023 25-09-24 16-55-53.fits,2025-09-24 16:55:53,360.7846973497497,356.9079134903392,3.4096303495820943,7.295178374971423,8.029065893341798,17.178832269459015,892.6718908175284,455.1308552885298,7724.563472995892,10297.97362596809,True,1,1,640,480,15.939656259441474,23.91728435375265,False,False,13.343399999999999,19.273799999999998,False,
24,PostNateMinutely0024 25-09-24 16-56-53.fits,2025-09-24 16:56:53,358.9971581948737,352.9875571613033,2.8851187984709994,6.476527290429071,6.793935578935117,15.251056285692357,1026.2869035632814,500.1546601329778,7731.0702732011005,10306.64034582399,True,1,1,640,480,20.278929935383815,24.83450710503715,False,False,17.7912,20.7564,True,81.75544864445536
25,PostNateMinutely0025 25-09-24 16-57-53.fits,2025-09-24 16:57:53,356.58626674783363,351.42275947136625,2.6465789607339825,5.357486934667678,6.23221718749356,12.615917624746864,1178.4825520800061,654.775892487673,7727.999935846749,10301.968468956906,True,1,1,640,480,18.044031036535497,20.839044404532697,False,False,14.825999999999999,19.273799999999998,False,
26,PostNateMinutely0026 25-09-24 16-58-53.fits,2025-09-24 16:58:53,359.2626712866393,353.25161102592926,2.9967233752171243,6.396075274808068,7.056744273374087,15.061606266644874,997.1353557795572,518.7812558960973,7733.209135503692,10309.222075804963,True,1,1,640,480,20.634356095040864,25.906396924368856,False,False,17.7912,20.7564,True,93.53400105388943
27,PostNateMinutely0027 25-09-24 16-59-53.fits,2025-09-24 16:59:53,358.5429259622127,347.0604908797631,3.391522841641797,5.981670797931765,7.986425970678429,14.085758297745995,927.4621337884387,565.7573443747829,7725.933403395583,10299.998194374957,True,1,1,640,480,17.10801831702534,19.02490463205223,False,False,13.343399999999999,17.791200000055284,False,
28,PostNateMinutely0028 25-09-24 17-00-53.fits,2025-09-24 17:00:53,360.26914369149017,356.34615814293545,2.8743327082346948,5.632919370099705,6.768536277439154,13.264511444753893,1055.7830265337952,588.3158526743648,7724.64875960523,10298.073322745486,True,1,1,640,480,18.154654427726776,22.004292343882515,False,False,14.825999999999999,16.3086,False,
29,PostNateMinutely0029 25-09-24 17-01-53.fits,2025-09-24 17:01:53,359.1037388811493,349.3962533003164,2.856273067278989,5.550238154546212,6.726009072910596,13.069812061021002,1031.8945441142123,591.4745264919995,7726.915675809533,10300.80245693013,True,1,1,640,480,18.2867688570348,23.49938819364791,False,False,16.3086,20.7564,False,
30,PostNateMinutely0030 25-09-24 17-02-53.fits,2025-09-24 17:02:53,359.1014647067472,356.55295624435547,3.396974763850133,5.0388061527331995,7.999264266378569,11.865481731481417,950.4001162610696,663.1262112467359,7724.902168259315,10299.280086324381,True,1,1,640,480,16.56953665742263,24.859792476847723,False,False,13.437157080711136,19.273799999999998,False,
31,PostNateMinutely0031 25-09-24 17-03-53.fits,2025-09-24 17:03:53,359.81358895686805,359.3655323150597,3.334017522658129,6.536307938825972,7.8510112928397895,15.391828954842328,912.9128881658603,523.2771452380733,7725.851026282412,10299.16787064821,True,1,1,640,480,16.79633294294868,22.281249519424186,False,False,14.825999999999999,19.273799999999998,False,
32,PostNateMinutely0032 25-09-24 17-04-53.fits,2025-09-24 17:04:53,361.05815964986203,357.1246295622424,3.454571362569656,5.282191255733864,8.134893891568906,12.438609850689305,915.4851811426156,642.6766456399677,7731.047679898966,10306.851346518592,True,1,1,640,480,20.299505250332892,23.670125773795206,False,False,19.273799999999998,20.7564,False,
33,PostNateMinutely0033 25-09-24 17-05-53.fits,2025-09-24 17:05:53,361.8322290241592,353.09600883908564,3.3037376528743883,6.023663871200893,7.77970764851211,14.18464442843259,895.3672919176388,533.7553159240558,7724.039447791902,10297.376630183551,True,1,1,640,480,15.748971019530499,21.94031991505922,False,False,14.825999999999999,17.7912,False,
34,PostNateMinutely0034 25-09-24 17-06-53.fits,2025-09-24 17:06:53,358.60795324207345,355.4777586704939,2.9151820953497887,5.559473699101991,6.864729233045007,13.091560106467728,1049.7719015688238,603.2378188360481,7731.48128909235,10307.10949767813,True,1,1,640,480,20.824328904371928,22.02559706987606,False,False,19.273799999999998,19.273799999999998,True,161.825817523757
35,PostNateMinutely0035 25-09-24 17-07-53.fits,2025-09-24 17:07:53,358.7777711618312,349.35017757260397,2.932016461956662,6.720342211768586,6.904371136976272,15.825196549740292,1030.5870170716585,510.9290076392499,7727.355822039124,10300.989992901548,True,1,1,640,480,17.310933228306855,28.45246276958749,False,False,14.825999999999999,20.945576198337296,False,
36,PostNateMinutely0036 25-09-24 17-08-53.fits,2025-09-24 17:08:53,359.5397539241604,352.3017476324721,3.6090354982129265,6.32184840617791,8.498629134420058,14.886815348514702,872.6849606831987,515.3171198058853,7730.058197509649,10306.179197729456,True,1,1,640,480,18.754286832462412,23.124202591143504,False,False,17.7912,20.0151,False,
37,PostNateMinutely0037 25-09-24 17-09-53.fits,2025-09-24 17:09:53,359.72163348425687,347.02128715794356,3.1945887865763907,6.443538963011399,7.522681710261182,15.173374711037178,947.8938594401578,496.79653784644415,7725.872814029777,10300.260338380842,True,1,1,640,480,17.63634799392028,22.110837825014148,False,False,13.343399999999999,17.7912,False,
38,PostNateMinutely0038 25-09-24 17-10-53.fits,2025-09-24 17:10:53,359.39712691589165,346.02824909339324,3.7978276010645633,7.689872065894099,8.943200562558637,18.108264884490982,808.9698592169772,450.73472580304787,7731.298149398927,10306.341239260284,True,1,1,640,480,20.009577350334226,25.06270683048866,False,False,16.3086,20.756399818778167,False,
39,PostNateMinutely0039 25-09-24 17-11-53.fits,2025-09-24 17:11:53,359.773439225532,352.4497225024716,3.009680177499086,7.383189461900188,7.087255211107153,17.386082541143832,1024.0375385630412,488.1321544520564,7726.880480915002,10299.781627983253,True,1,1,640,480,16.98342904617715,25.829436151374388,False,False,16.3086,19.273799999999998,False,
40,PostNateMinutely0040 25-09-24 17-12-53.fits,2025-09-24 17:12:53,360.70182715775206,349.1751742064803,2.8722944633391445,6.3071146803566025,6.7637365775024305,14.852120075612696,1030.005492161456,518.8313477568571,7725.808113604094,10299.438516836062,True,1,1,640,480,17.06430745529399,22.715549216132718,False,False,14.825999999999999,19.273799999999998,False,
41,PostNateMinutely0041 25-09-24 17-13-53.fits,2025-09-24 17:13:53,357.66741202271794,350.6849637401298,3.149992408736953,7.1949864610108785,7.4176652657891,16.942898342114706,965.5606409679606,458.0685594041279,7727.828231752168,10302.443045507074,True,1,1,640,480,18.181064798284172,24.88063461357668,False,False,16.3086,20.75640671444707,False,
42,PostNateMinutely0042 25-09-24 17-14-53.fits,2025-09-24 17:14:53,359.1818117248132,352.23815422777227,3.034490522494098,5.932566566595535,7.145679108825541,13.970126669499603,997.230182864813,542.5187367479476,7730.255825667168,10306.002802935274,True,1,1,640,480,21.041897461913596,27.92597335433477,False,False,19.273799999999998,20.030433478276407,False,
43,PostNateMinutely0043 25-09-24 17-15-53.fits,2025-09-24 17:15:53,358.3074704732632,351.6598508329162,3.9791796944716475,5.982681646494314,9.370252107321964,14.088138664203576,780.1831763806427,546.7709098187343,7728.044062438074,10303.188389911546,True,1,1,640,480,16.209634783356783,26.642626261834778,False,False,14.82605013074028,20.01496306687784,False,
44,PostNateMinutely0044 25-09-24 17-16-53.fits,2025-09-24 17:16:53,362.60273966916407,357.2444069362449,4.430594362096307,6.602133628803511,10.433252415265496,15.546836609079428,681.8410764109849,458.61411354829886,7726.5805830729,10302.071565720482,True,1,1,640,480,17.764235981911572,22.58320566024724,False,False,13.343399999999999,19.273799999999998,True,251.2482922393256
45,PostNateMinutely0045 25-09-24 17-17-53.fits,2025-09-24 17:17:53,357.85824658344956,353.7989034543181,3.122047366170382,5.616079574078086,7.3518597193940955,13.224856755527952,930.1994796903764,569.9431174464577,7725.663177436004,10299.334727424182,True,1,1,640,480,17.931632086110792,22.25117986771144,False,False,16.3086,19.273799999999998,False,
46,PostNateMinutely0046 25-09-24 17-18-53.fits,2025-09-24 17:18:53,357.7902078747624,348.7078814680663,2.760505624242374,6.069798902032353,6.500493978386616,14.293284123812633,1122.6368635766141,550.9264190735495,7725.691945681815,10299.643340690454,True,1,1,640,480,18.284793328035235,23.722209177799193,False,False,16.3086,17.7912,True,119.55533996806227
47,PostNateMinutely0047 25-09-24 17-19-53.fits,2025-09-24 17:19:53,359.6336292403451,351.9430468962285,3.0346705350242567,6.933029062593069,7.146103005939915,16.32603580937629,1029.9896867601328,497.57799490442807,7728.836068365705,10303.42255737762,True,1,1,640,480,19.52396924103107,25.006273770150745,False,False,16.3086,23.7216,False,
48,PostNateMinutely0048 25-09-24 17-20-53.fits,2025-09-24 17:20:53,359.3157284253784,351.8420666656878,3.039402650480108,6.972958542915315,7.157246286270754,16.420062550026785,957.2148741465335,483.9688578421787,7724.80205060695,10297.306030502317,True,1,1,640,480,17.77760522634781,24.682498655893923,False,False,14.825999999999999,18.701211176677308,False,
49,PostNateMinutely0049 25-09-24 17-21-54.fits,2025-09-24 17:21:54,358.2727231303097,350.87512131051557,3.281411670950681,6.536415118422675,7.727133978753166,15.392081343505062,929.1314564504986,510.9771857982467,7726.088491073723,10299.931175681155,True,1,1,640,480,16.704986387987127,25.470056757377105,False,False,13.343399999999999,17.7912,False,
50,PostNateMinutely0050 25-09-24 17-22-54.fits,2025-09-24 17:22:54,359.7068465050132,352.53109917418425,2.679612054306571,5.485639606026242,6.310004178387674,12.917694104086273,1146.618846867369,607.3922784444812,7729.92875071536,10305.21682744005,True,1,1,640,480,19.639016962542147,21.32898479287583,False,False,16.3086,19.273799999999998,True,325.9805023525877
51,PostNateMinutely0051 25-09-24 17-23-54.fits,2025-09-24 17:23:54,357.62708304644434,351.77628171307265,3.1695939064912166,5.522379109907685,7.4638232656134695,13.004209024270788,982.8528658037164,596.5325559618584,7723.958187761745,10297.675973541764,True,1,1,640,480,17.29436910329886,21.30242492018066,False,False,14.825999999999999,16.3086,True,46.56496747428052
52,PostNateMinutely0052 25-09-24 17-24-54.fits,2025-09-24 17:24:54,360.5708551854942,344.5767592885605,2.904260645123111,5.876363756027338,6.839011183130419,13.837779164586534,1005.208753910057,548.189341460022,7726.247154582618,10300.085933326603,True,1,1,640,480,17.264765007887192,23.14912906742863,False,False,14.825999999999999,20.23342490071637,True,240.59520972298782
53,PostNateMinutely0053 25-09-24 17-25-54.fits,2025-09-24 17:25:54,356.17542746121825,349.74166507718434,3.70959092809863,6.107955299101407,8.735419076351617,14.383135572477002,838.7812909404025,537.6033820103723,7725.382089404677,10299.61060718757,True,1,1,640,480,15.807093891658225,24.4373800690576,False,False,13.343399999999999,20.7564,False,
54,PostNateMinutely0054 25-09-24 17-26-54.fits,2025-09-24 17:26:54,357.1831231063428,353.24887470551243,2.5782738194716033,6.213378070316314,6.071370871670238,14.631387227336576,1201.3984009895278,550.5884577800606,7724.840052475384,10298.09747698185,True,1,1,640,480,16.03504508300972,24.856300092550867,False,False,13.343399999999999,19.273799999999998,False,
55,PostNateMinutely0055 25-09-24 17-27-54.fits,2025-09-24 17:27:54,359.163265327685,350.6120942967301,3.88305166561173,5.491417630762127,9.143887898073316,12.931300312555022,759.1415167267103,551.7833442327084,7724.46718271808,10298.859862256282,True,1,1,640,480,17.425687296496026,21.323807625239702,False,False,16.3086,20.7564,False,
56,PostNateMinutely0056 25-09-24 17-28-54.fits,2025-09-24 17:28:54,359.17300611438645,350.61726936579964,3.0858746949240254,7.3855293827493735,7.26667958806086,17.39159263366328,949.7495857203457,453.19245211795413,7726.99617697796,10300.487811030893,True,1,1,640,480,17.347765331027123,26.664154057056887,False,False,14.825999999999999,19.273842777362066,False,
57,PostNateMinutely0057 25-09-24 17-29-54.fits,2025-09-24 17:29:54,358.63449741542223,350.59653683548464,3.110107342845039,8.243731400349324,7.323743113129441,19.412503947393645,965.5743513932492,420.814617213734,7726.249211446716,10299.231873503946,True,1,1,640,480,18.171529767688423,22.986696290876235,False,False,14.825999999999999,18.83728684384018,True,278.7994312619812
58,PostNateMinutely0058 25-09-24 17-30-54.fits,2025-09-24 17:30:54,358.5043795901129,351.3704676699875,3.2129585306610458,7.232128637906954,7.565939151853817,17.030361484785672,961.6876089299266,476.85595969698545,7727.807599259171,10301.869650147206,True,1,1,640,480,19.345349987432858,24.17360096654822,False,False,14.825999999999999,17.7912,False,
59,PostNateMinutely0059 25-09-24 17-31-54.fits,2025-09-24 17:31:54,356.8941177936478,354.5724802636794,2.6131348611490597,6.777498499214693,6.153462351402972,15.959789321117935,1153.0615808878674,492.8928367583345,7725.525413709379,10298.990430334632,True,1,1,640,480,17.18885053094213,22.67646359246611,False,False,16.3086,16.3086,True,147.20597321507478
60,PostNateMinutely0060 25-09-24 17-32-54.fits,2025-09-24 17:32:54,359.75436057425145,349.4678982731717,3.666932548756239,6.874332761999215,8.63496626958762,16.187816584168722,828.0974615466561,478.3847094930724,7725.541295141893,10299.40575669577,True,1,1,640,480,17.50667137156445,21.063959335253372,False,False,16.3086,20.7564,False,
61,PostNateMinutely0061 25-09-24 17-33-54.fits,2025-09-24 17:33:54,358.86133106434386,355.6304945270526,3.9170265804978373,5.105177409307001,9.223892708675342,12.021774096875298,769.6342592328094,638.9478528318784,7729.417692593481,10304.599007474626,True,1,1,640,480,20.27588347820784,22.44430748951652,False,False,17.7912,17.7912,False,
62,PostNateMinutely0062 25-09-24 17-34-54.fits,2025-09-24 17:34:54,359.34058752889683,345.8452135553566,3.9010350608274904,5.639812476412015,9.186235557605103,13.28074346967065,769.0815533931376,545.0616032372725,7724.471216399792,10298.909398556983,True,1,1,640,480,16.247588544275697,21.792000228471398,False,False,13.34340027087065,19.273799999999998,False,
63,PostNateMinutely0063 25-09-24 17-35-54.fits,2025-09-24 17:35:54,358.75063121115596,351.9048198422892,3.379090675158146,6.9184048197729435,7.9571504558395665,16.29159834924006,883.5099465363904,475.32463967336923,7725.724314052974,10299.38329645756,True,1,1,640,480,16.95267687422541,24.999739766189943,False,False,14.825999999999999,22.238999999999997,False,
64,PostNateMinutely0064 25-09-24 17-36-54.fits,2025-09-24 17:36:54,356.679878126895,343.05597332116736,2.898459470767944,6.781663444346164,6.825350461474152,15.969597017399977,1049.020988872521,491.07423674421455,7733.116381847351,10309.30869865608,True,1,1,640,480,20.757558530774176,27.45070293320083,False,False,16.3086,22.238999999999997,False,
65,PostNateMinutely0065 25-09-24 17-37-55.fits,2025-09-24 17:37:55,361.54372491595706,344.7911241693298,4.553570087314448,8.476098231647393,10.722838118061391,19.959686019534665,677.5858901006768,389.78454584613496,7730.1561902941885,10305.734314395972,True,1,1,640,480,19.56978330155116,26.632198269544336,False,False,17.7912,19.59882101669005,True,194.55537273136835
66,PostNateMinutely0066 25-09-24 17-38-55.fits,2025-09-24 17:38:55,361.96701706668415,350.8121598955685,4.166446902969732,6.796766427127594,9.811232683670244,16.005161823993443,723.6242938612764,491.24552016553025,7726.230719749716,10299.9493048552,True,1,1,640,480,16.327935594433324,27.408527949021426,False,False,14.825999999999999,20.7564,True,206.0095874567202
67,PostNateMinutely0067 25-09-24 17-39-55.fits,2025-09-24 17:39:55,359.8710661211069,349.62685879758607,3.4193833879719735,7.29123790578295,8.052032543642243,17.169553173627172,887.5542574449744,458.3906297018745,7725.952598773725,10299.665122729351,True,1,1,640,480,18.313818681611263,20.370914278338866,False,False,16.3086,17.7912,False,
68,PostNateMinutely0068 25-09-24 17-40-55.fits,2025-09-24 17:40:55,357.1242394752952,344.84177764229975,3.398452021074117,7.583619576308264,8.002742941301273,17.858059392179815,875.4524726834179,423.8072823750543,7727.891127508677,10302.60773698908,True,1,1,640,480,17.728117463639183,28.64163319080851,False,False,16.3086,19.273799999999998,True,73.30594557559299
69,PostNateMinutely0069 25-09-24 17-41-55.fits,2025-09-24 17:41:55,360.8105913134561,356.1096457804841,2.9043086250658843,7.404757777404854,6.83912416726142,17.436872042831773,1002.0449976506069,463.7299437216149,7727.2938910204675,10300.324416686834,True,1,1,640,480,19.56364215988958,26.449083481402717,False,False,16.3086,17.791200000002696,False,
70,PostNateMinutely0070 25-09-24 17-42-55.fits,2025-09-24 17:42:55,358.9107008732288,351.30085309970895,2.8918902862653963,7.832522624368082,6.809881214128046,18.444181279020377,1060.1304042869317,463.21651578754427,7729.919104869665,10303.622014575278,True,1,1,640,480,18.7433820691054,27.1414829916721,False,False,16.3086,19.273799999999998,False,
71,PostNateMinutely0071 25-09-24 17-43-55.fits,2025-09-24 17:43:55,358.75750185107114,347.57448728517403,3.102688182238536,6.643847371117464,7.306272325015944,15.64506496563358,1034.9588348227787,520.4009809874309,7729.259108157873,10304.39254427255,True,1,1,640,480,19.68680745873662,23.208271759165257,False,False,17.7912,17.7912,True,215.84272842591076
72,PostNateMinutely0072 25-09-24 17-44-55.fits,2025-09-24 17:44:55,356.8389265143553,348.885371922491,3.6012290111975354,6.968717089591948,8.48024626231494,16.410074690720858,829.2528984256044,477.741665899134,7730.680284058013,10305.782951167605,True,1,1,640,480,18.407265385221105,27.06119764341831,False,False,14.826192263117777,19.273799999999998,True,72.90548761118644
73,PostNateMinutely0073 25-09-24 17-45-55.fits,2025-09-24 17:45:55,358.3711145553717,351.5582364086082,3.345343314999002,7.487324939843181,7.877681495669935,17.631302852002868,906.6391045135855,445.8581484685287,7730.000544762544,10305.073251754793,True,1,1,640,480,20.048844676494177,25.07885791829218,False,False,17.7912,19.273799999999998,False,
74,PostNateMinutely0074 25-09-24 17-46-55.fits,2025-09-24 17:46:55,359.3899159366568,353.05555989409214,3.2960537678462747,6.6027201169076095,7.761613482024194,15.548217683023132,911.1635334655167,487.2568989116374,7725.424974498512,10299.449214689937,True,1,1,640,480,15.873376305297251,22.47665193976009,False,False,13.343399999999999,20.7564,False,
75,PostNateMinutely0075 25-09-24 17-47-55.fits,2025-09-24 17:47:55,360.77252118693565,347.11032809652136,3.555041124768742,6.184657735191131,8.371482101514806,14.563756006483787,829.1907051332555,506.534698324312,7730.754599188061,10306.707033259047,True,1,1,640,480,20.01403152921896,27.44491492170745,False,False,16.3086,22.238999999999997,True,115.26370667875013
76,PostNateMinutely0076 25-09-24 17-48-55.fits,2025-09-24 17:48:55,360.11183061646483,353.3123694016112,3.171429846133696,5.507068824808259,7.468146573085046,12.968156058023522,918.3708273000527,575.0685652157273,7726.384879998186,10300.518027531785,True,1,1,640,480,16.98176238870396,22.38893358284245,False,False,16.30859999600194,19.273799999999998,False,
77,PostNateMinutely0077 25-09-24 17-49-55.fits,2025-09-24 17:49:55,361.09297362205956,346.78704270933736,3.7822934012343628,7.217183046402401,8.906620317414964,16.995167306325907,762.7777978334568,448.4335261902726,7727.716021127163,10301.786418682039,True,1,1,640,480,14.490741921080396,25.356280760288815,False,False,13.343399999999999,19.273799999999998,False,
78,PostNateMinutely0078 25-09-24 17-50-55.fits,2025-09-24 17:50:55,357.5079697247463,348.9594698043301,2.9246083746920912,7.48722135924097,6.886926424590322,17.631058938324507,1031.63826053322,454.56435030139403,7728.412745062363,10302.533086225847,True,1,1,640,480,19.172414084350706,23.713638995763326,False,False,16.3086,19.273799999999998,False,
79,PostNateMinutely0079 25-09-24 17-51-55.fits,2025-09-24 17:51:55,357.88453470600894,353.6081310213398,2.972594919769064,7.925957821084502,6.999926102829359,18.66420435315961,1021.4666602664142,431.124849967888,7725.585714610556,10298.793035895069,True,1,1,640,480,18.28296450696122,23.1624229645302,False,False,16.3086,20.7564,True,187.8683444640807
80,PostNateMinutely0080 25-09-24 17-52-55.fits,2025-09-24 17:52:55,359.4636793570757,353.15837481893374,3.112559947247391,7.3849115923934745,7.32951855513863,17.390137848549582,944.6584345918118,446.2868263947203,7725.893352851546,10299.33475564654,True,1,1,640,480,17.99330469799274,22.073786580178364,False,False,14.825999999999999,17.7912,True,75.77317953752326
81,PostNateMinutely0081 25-09-24 17-53-55.fits,2025-09-24 17:53:55,359.24984807621354,347.08709354537365,4.111413091633191,6.846236612505895,9.681637961580504,16.121655208153665,756.1155464655412,476.4582036430721,7724.735369169606,10298.846906111306,True,1,1,640,480,17.338746763422613,19.482133064704243,False,False,14.825999999999999,17.7912,False,
82,PostNateMinutely0082 25-09-24 17-54-55.fits,2025-09-24 17:54:55,358.855802708921,349.55070979416524,3.4329067795696155,6.8067443630565,8.083877697253174,16.028658067526866,882.0176784196434,490.19709052349305,7726.465967466568,10300.34222517583,True,1,1,640,480,17.203477366510008,24.147136516967898,False,False,16.3086,17.7912,False,
83,PostNateMinutely0083 25-09-24 17-55-55.fits,2025-09-24 17:55:55,357.1701291046729,355.0231812133029,3.6610897311570847,9.12294753813444,8.621207485585673,21.48289973256473,708.6677165742004,352.9020430695231,7732.529004242143,10306.774777418472,True,1,1,640,480,25.943670585306915,30.540172858855982,False,False,19.273799999999998,17.921046893381856,False,
84,PostNateMinutely0084 25-09-24 17-56-55.fits,2025-09-24 17:56:55,357.24423817499013,353.2367834507701,3.397502789788341,5.391432388130022,8.000507672442158,12.695853058997658,903.3301453795606,617.4827438570604,7724.684360407059,10298.221130289056,True,1,1,640,480,15.642653737805833,22.394251921633607,False,False,14.825999999999999,19.273799999999998,False,
85,PostNateMinutely0085 25-09-24 17-57-55.fits,2025-09-24 17:57:55,358.85849103482315,356.0111820990164,3.78830620360735,6.382411410429373,8.920779384969684,15.029430324913342,795.3100504751047,507.49114667955416,7726.271616907697,10300.514557688006,True,1,1,640,480,16.43954998285929,24.536810369403963,False,False,14.825999999999999,20.7564,False,
86,PostNateMinutely0086 25-09-24 17-58-55.fits,2025-09-24 17:58:55,361.5148940362876,352.7710350520845,3.6606119888176902,6.215724447542338,8.620082488348507,14.636912523461621,812.9906824477188,515.9362164527704,7725.275258389571,10299.161354761234,True,1,1,640,480,16.038063848540453,23.883641399653584,False,False,14.825999999999999,20.7564,True,77.58211786289263
87,PostNateMinutely0087 25-09-24 17-59-55.fits,2025-09-24 17:59:55,355.8634805998536,350.48291788073016,3.1062728933140846,8.400813477268677,7.31471367451229,19.782403970838434,961.770879176581,424.23657840014556,7726.041235703281,10298.378221590685,True,1,1,640,480,17.17932168238684,27.58223367146402,False,False,14.825999999999999,17.7912,False,
88,PostNateMinutely0088 25-09-24 18-00-55.fits,2025-09-24 18:00:55,358.8318999290628,346.4490498564311,3.38883328654269,4.97067286345173,7.980092552418837,11.70504009614752,883.008849737051,613.0891621613628,7727.270689524091,10302.739867511138,True,1,1,640,480,18.31329105721338,24.741976734828512,False,False,14.825999999999999,19.273799999999998,True,42.14403267628056
89,PostNateMinutely0089 25-09-24 18-01-55.fits,2025-09-24 18:01:55,359.4141301833442,349.648519518279,3.0240480628099813,7.109062166999095,7.121088995441955,16.740562092220628,959.8138399184054,467.3478130837096,7727.128833310384,10300.645763639044,True,1,1,640,480,18.303583496709308,26.742366926835913,False,False,14.825999999999999,20.7564,False,
90,PostNateMinutely0090 25-09-24 18-02-55.fits,2025-09-24 18:02:55,360.2830530343158,351.8408464771553,3.525718754912902,7.131900141827878,8.302433197210462,16.79434141313536,853.3270269950884,470.7656354689897,7724.974344488294,10298.14398358599,True,1,1,640,480,16.37582506773371,27.277188398620897,False,False,13.343399999999999,19.273799999999998,True,115.79166797781937
91,PostNateMinutely0091 25-09-24 18-03-55.fits,2025-09-24 18:03:55,358.61680832510444,352.97004426745787,2.847963713526453,6.003505391325441,6.706442040132872,14.137174835944522,1092.5479110135993,532.4992832694875,7725.360209163758,10300.034696922012,True,1,1,640,480,17.050010950401923,26.063042469751082,False,False,13.343400006758264,20.7564,False,
92,PostNateMinutely0092 25-09-24 18-04-55.fits,2025-09-24 18:04:55,359.7578273010233,348.3709824584659,3.8802921310234355,6.5259263417231566,9.137389690709846,15.367382161885182,777.801352679356,486.4826154352831,7724.524615713668,10298.548088749343,True,1,1,640,480,17.478650093242628,23.241778334391658,False,False,13.343400000074162,17.7912,True,254.4721289512661
93,PostNateMinutely0093 25-09-24 18-05-55.fits,2025-09-24 18:05:55,357.8109143803541,351.8432312849222,3.6791142840394224,5.559748034325797,8.663652064015722,13.092206116551806,856.5505310866889,572.8250877862332,7723.091787139152,10297.281213804104,True,1,1,640,480,15.339019808253488,24.919494439036367,False,False,14.825999999999999,19.273799999999998,False,
94,PostNateMinutely0094 25-09-24 18-06-55.fits,2025-09-24 18:06:55,357.1601203162053,351.82501105673987,3.317913698383781,5.929940992912427,7.813089684636899,13.963943915960915,889.2815372487098,529.3460187223011,7726.165694371077,10300.570244307872,True,1,1,640,480,18.04191464009922,20.870396257995147,False,False,13.343399999999999,17.7912,True,181.98530346170614
95,PostNateMinutely0095 25-09-24 18-07-55.fits,2025-09-24 18:07:55,357.1717956618543,360.89595540213054,2.989696713397091,5.758222176771244,7.040197749270619,13.559577005602671,1032.753132228917,574.8325993093016,7725.7148246906545,10299.791720345924,True,1,1,640,480,18.196446433823585,22.039338763338463,False,False,14.825999999999999,16.3086,False,
96,PostNateMinutely0096 25-09-24 18-08-55.fits,2025-09-24 18:08:55,360.4383245213011,352.29476171787013,2.9991630775034888,8.445593464263018,7.062489333221926,19.887852781828933,904.6974394636662,380.4241286190224,7724.980745900873,10297.365489836955,True,1,1,640,480,16.55975104795784,25.37383357486066,False,False,14.825999999999999,19.273799999999998,True,300.5522514174359
97,PostNateMinutely0097 25-09-24 18-09-55.fits,2025-09-24 18:09:55,356.65823426878984,348.43707285951587,2.838822936912758,7.513371006505763,6.684917156135793,17.692636651874132,1072.022155032113,453.338217748943,7726.324414985752,10299.87120392984,True,1,1,640,480,17.986580249820573,23.39442738333719,False,False,14.825999999999999,19.21352704941205,False,
98,PostNateMinutely0098 25-09-24 18-10-55.fits,2025-09-24 18:10:55,357.54893030208007,352.752080110569,3.9485058765074643,7.44103334876825,9.298020785922276,17.522294485423245,792.9937773190604,461.99798518739647,7725.669366350429,10299.29137012408,True,1,1,640,480,18.082210295258406,25.641200753229104,False,False,14.825999999999999,22.238999999999997,False,
99,PostNateMinutely0099 25-09-24 18-11-55.fits,2025-09-24 18:11:55,355.81405947428186,349.66103346157655,3.991147443315426,7.628137986489069,9.39843400219319,17.962892236846486,779.8822923878159,437.16760794994553,7729.141883782949,10304.36241480102,True,1,1,640,480,19.907424383674105,23.457738097624546,False,False,16.3086,19.273799999999998,False,
100,PostNateMinutely0100 25-09-24 18-12-55.fits,2025-09-24 18:12:55,358.1364771369516,356.03289322113534,3.5142545782719434,5.8034550966571565,8.275437124256557,13.666092392045298,840.2656471169524,551.217192197167,7730.02524816333,10305.415387141587,True,1,1,640,480,20.338699221863088,23.75188303758055,False,False,17.7912,20.756399867423653,True,167.02051800398687
101,PostNateMinutely0101 25-09-24 18-13-55.fits,2025-09-24 18:13:55,357.51107545356325,353.0129409600612,3.5690473074562,7.481778900438654,8.404464141261597,17.61824292724256,861.5831425600536,447.8305530595311,7726.325063065757,10300.327851144637,True,1,1,640,480,17.590173512186706,23.14550840295854,False,False,14.825999999999999,17.791199978743556,True,141.3174381153616
102,PostNateMinutely0102 25-09-24 18-14-55.fits,2025-09-24 18:14:55,359.96113219551484,354.9413159588902,3.4876668033060763,8.21136000395361,8.212827698814161,19.336275134275375,829.7754074504064,420.7895126357252,7731.487293040548,10305.71867122777,True,1,1,640,480,20.99657169525028,26.39321953219174,False,False,17.7912,17.7912,False,
103,PostNateMinutely0103 25-09-24 18-15-55.fits,2025-09-24 18:15:55,356.9817583234893,354.2774333245802,2.978512846794226,5.840115950793528,7.013861756013241,13.752422106233581,1018.5379108219375,550.9439181312899,7726.968079663847,10301.664025228185,True,1,1,640,480,16.332315722026706,23.524943604789335,False,False,14.825999999999999,16.308920059248734,True,81.85994360851664
104,PostNateMinutely0104 25-09-24 18-16-55.fits,2025-09-24 18:16:55,357.76346625467545,355.0489903478149,2.919843010326898,9.729988579906456,6.875704849061289,22.912372145885943,1042.421688467192,375.99674793900067,7730.910244168119,10304.670084707399,True,1,1,640,480,19.973309494768653,26.803553302768947,False,False,17.7912,20.725099184454425,True,118.03157432994455
105,PostNateMinutely0105 25-09-24 18-17-55.fits,2025-09-24 18:17:55,358.8394973550204,347.9297844770642,3.1052722831914186,6.530031718969071,7.312357417738175,15.377049586516275,941.704603618031,502.67385592855413,7731.603116031808,10306.93344226143,True,1,1,640,480,20.1088223838273,25.28214809332807,False,False,16.3086,22.238999999999997,False,
106,PostNateMinutely0106 25-09-24 18-18-55.fits,2025-09-24 18:18:55,357.8502911007629,353.24124480771667,2.9896971180082916,6.020801570096952,7.040198702057185,14.177904224418116,1027.6002562278156,542.592457703514,7726.30016048952,10300.717172230927,True,1,1,640,480,17.17439947025009,27.16882231267391,False,False,16.3086,19.273799999999998,True,65.48763533031698
107,PostNateMinutely0107 25-09-24 18-19-55.fits,2025-09-24 18:19:55,359.3151542048991,356.6874520890605,2.9993692489296304,6.842718661369421,7.062974829828917,16.113371066300058,963.0063728226157,482.6116559100244,7731.526289938179,10306.539940595922,True,1,1,640,480,19.61011002711401,22.847638514152667,False,False,16.3086,18.096996910606766,True,260.93290400286213
108,PostNateMinutely0108 25-09-24 18-20-55.fits,2025-09-24 18:20:55,359.48367668439874,352.1736680999399,3.2678901597118153,6.272510410948706,7.695293253048773,14.77063324836733,949.7110098555277,519.6895974861768,7725.975860390684,10300.485411235237,True,1,1,640,480,18.669100216307783,23.545198334102672,False,False,16.3086,19.273799999999998,False,
109,PostNateMinutely0109 25-09-24 18-21-55.fits,2025-09-24 18:21:55,358.43902656477957,350.5224052575825,3.483967181492394,6.027245876799188,8.204115755208269,14.193079407016867,831.8292077297305,542.9489113798792,7726.125979177851,10299.54602623107,True,1,1,640,480,17.524344997637794,22.24139526643621,False,False,14.825999999999999,20.7564,False,
110,PostNateMinutely0110 25-09-24 18-22-55.fits,2025-09-24 18:22:55,360.027874928068,355.664508856083,3.7011089118624754,7.170699572458921,8.715445454496441,16.885707090121127,835.5311179885166,481.8202705912645,7730.14613064005,10304.967975764808,True,1,1,640,480,20.65771207817045,23.45334968364909,False,False,17.7912,20.7564,False,
111,PostNateMinutely0111 25-09-24 18-23-55.fits,2025-09-24 18:23:55,358.6152430981475,351.5117144888779,3.31496685599767,6.933113102585032,7.806150401116538,16.32623370843395,853.7313954642841,472.47635700833854,7723.979708090434,10296.312411446239,True,1,1,640,480,17.333490317341646,22.77363172824937,False,False,13.343399999999999,19.273799999999998,False,
112,PostNateMinutely0112 25-09-24 18-24-55.fits,2025-09-24 18:24:55,356.58107825071914,350.7255049219634,4.542135456499806,7.830585603972431,10.695911620211545,18.439619944565063,696.3280457963118,453.9656985112586,7727.403117530289,10301.157071949601,True,1,1,640,480,19.26017591086388,28.076191494844984,False,False,15.567300003466778,17.7912,False,
113,PostNateMinutely0113 25-09-24 18-25-55.fits,2025-09-24 18:25:55,357.61842789565867,348.6987770533894,3.22792009457299,8.731787569430589,7.601170942458674,20.561788397447224,915.9294498140196,386.588587562293,7723.7422429741355,10296.134587438559,True,1,1,640,480,17.248244101979058,24.840866456898514,False,False,14.825999999999999,17.7912,False,
114,PostNateMinutely0114 25-09-24 18-26-55.fits,2025-09-24 18:26:55,359.33910055958154,352.6982729925655,3.8615549201316712,6.640702061332381,9.093266930913947,15.637658327103836,779.6267103640394,479.9351579541435,7725.610338606037,10299.89189374979,True,1,1,640,480,18.357036972467252,21.497551606262373,False,False,14.825999999999999,19.273799999999998,True,116.78130744048376
115,PostNateMinutely0115 25-09-24 18-27-55.fits,2025-09-24 18:27:55,357.8090463897459,351.6544140770892,3.8062989980383164,8.006657685917391,8.963149177961846,18.854238012499387,841.0714233991478,440.95862224865044,7723.639620553779,10296.466846486896,True,1,1,640,480,16.796320437170326,26.772907957595194,False,False,13.343399999999999,17.7912,False,
116,PostNateMinutely0116 25-09-24 18-28-55.fits,2025-09-24 18:28:55,355.4173386663392,349.12953999240113,3.352475201906571,6.989322196492647,7.8944758059187725,16.458596009480626,922.9058941357454,480.8676479463499,7731.6569440334915,10307.482032207958,True,1,1,640,480,20.80070340007503,26.4386657969933,False,False,17.7912,23.734426891956144,False,
117,PostNateMinutely0117 25-09-24 18-29-55.fits,2025-09-24 18:29:55,357.2221739594324,348.2111160659207,3.1969380473162823,7.108894574253118,7.528213796542483,16.740167441463,932.9511524794848,481.8864138092129,7725.263692195938,10298.037696609163,True,1,1,640,480,17.845927637124618,24.036363553444815,False,False,14.825999999999999,16.3086,False,
118,PostNateMinutely0118 25-09-24 18-30-55.fits,2025-09-24 18:30:55,360.2758836884525,355.0009672058828,3.697875743198416,6.626043930486628,8.707831924117349,15.60314106676557,818.1939329764979,505.90795513370756,7726.214057629081,10299.913250138105,True,1,1,640,480,16.768097787052806,25.138239597123025,False,False,15.5673,17.7912,True,296.29106205397693
119,PostNateMinutely0119 25-09-24 18-31-55.fits,2025-09-24 18:31:55,358.3022734644502,346.59543993529155,2.9572141751601246,5.924226225203212,6.963707217116727,13.950486666406558,967.809655825373,523.5755906785107,7726.401529155536,10300.616645698963,True,1,1,640,480,17.85228724513349,24.191573811674974,False,False,16.30859999967975,21.4977,False,
120,PostNateMinutely0120 25-09-24 18-32-55.fits,2025-09-24 18:32:55,360.2773720849869,352.9814442917388,4.60285231630195,6.836784333639176,10.838888898744969,16.09939679240709,667.876276914863,472.67787675372176,7729.483256425833,10305.155392359935,True,1,1,640,480,17.092289773223587,23.791503043000972,False,False,16.3086,19.273799999999998,True,83.09138571105161
121,PostNateMinutely0121 25-09-24 18-33-55.fits,2025-09-24 18:33:55,356.6724373554642,350.18670673407325,4.026613464947624,7.393450242730396,9.48195010085019,17.410244833520476,735.6129753340255,438.93829800502294,7726.166084497664,10300.075663134156,True,1,1,640,480,15.619743864642508,23.51574382478697,False,False,16.3086,22.238987312167435,False,
122,PostNateMinutely0122 25-09-24 18-34-55.fits,2025-09-24 18:34:55,356.6657715557002,352.7210035619474,3.1632222726458656,6.248762130527432,7.448819214514839,14.714710321596298,990.1548945243617,555.2553149637122,7724.760999490764,10297.918450394664,True,1,1,640,480,16.20501942412276,21.385987111498782,False,False,14.825999999999999,17.7912,False,
123,PostNateMinutely0123 25-09-24 18-35-55.fits,2025-09-24 18:35:55,358.1723357865168,348.32621149663424,3.061912983199288,7.249232598770892,7.210254068978196,17.070638234677496,947.1603251947943,442.6240096449345,7723.967923358294,10297.012543664352,True,1,1,640,480,16.829055333063092,22.687088720673962,False,False,14.825999999999999,19.273799999999998,False,
124,PostNateMinutely0124 25-09-24 18-36-55.fits,2025-09-24 18:36:55,357.2280792686395,352.2516667211682,3.2914136776614606,7.067148051958115,7.750686904646243,16.64186189395239,901.967777906853,485.78502231080046,7728.181952519836,10301.817620178359,True,1,1,640,480,18.239840835599956,26.168407187032432,False,False,16.3086,19.96395294743615,True,101.33938376240907
125,PostNateMinutely0125 25-09-24 18-37-55.fits,2025-09-24 18:37:55,358.8254804228108,346.6901414525263,3.66385850158015,7.243580695971753,8.627727441677996,17.057329020673517,786.8827704131062,447.0493752944276,7727.85987919441,10301.95820938478,True,1,1,640,480,17.676655935866275,26.60668609642271,False,False,14.825999999999999,19.273900200247603,False,
126,PostNateMinutely0126 25-09-24 18-38-55.fits,2025-09-24 18:38:55,358.0873839013925,350.33927385085076,3.3767428104965616,7.329645805897913,7.951621657071447,17.259996866705432,922.2720573317085,467.41233661369137,7730.869795123292,10306.198697012042,True,1,1,640,480,18.531920962080413,25.162951925854397,False,False,14.825999999999999,19.273799999999998,False,
127,PostNateMinutely0127 25-09-24 18-39-56.fits,2025-09-24 18:39:56,357.62996922962714,348.5707413292203,3.2084903181393565,7.082394864993903,7.555417315442284,16.67776539491191,946.5152970511347,491.2016484899366,7726.374465272811,10299.524439411422,True,1,1,640,480,17.38976364140777,23.130464289923513,False,False,16.3086,20.01510000838715,False,
128,PostNateMinutely0128 25-09-24 18-40-56.fits,2025-09-24 18:40:56,355.72860875557615,347.9882710410252,3.8462611621368628,7.600606276935069,9.057252883023919,17.898060015314755,883.5907591035619,465.17729027160107,7723.60808065565,10297.428106860698,True,1,1,640,480,16.46760995833633,28.512446167881418,False,False,14.825999999999999,19.273799999999998,False,
129,PostNateMinutely0129 25-09-24 18-41-56.fits,2025-09-24 18:41:56,356.8580562804318,351.1590293659316,4.0490076687470715,6.0290453186077855,9.534684420849638,14.19731676865762,757.1140618583989,538.3336449738415,7732.816842208182,10309.482067008707,True,1,1,640,480,19.58355824437346,28.2786854142391,False,False,16.3086,20.7564,True,119.17581074790468
130,PostNateMinutely0130 25-09-24 18-42-56.fits,2025-09-24 18:42:56,356.4159289501331,344.09189193457325,3.222699991896205,8.094347988661436,7.5888785400382615,19.060732895155898,912.9538682336821,413.41189664559556,7726.0063396677,10299.231396708554,True,1,1,640,480,19.54457889969203,21.73220519554159,False,False,14.825999999999999,20.756399676541765,False,
131,PostNateMinutely0131 25-09-24 18-43-56.fits,2025-09-24 18:43:56,355.4378145678623,344.3214067095572,3.300679470716506,6.395220330441062,7.772506179865372,15.059593026512065,937.6151721258029,516.9834374148652,7726.527451808436,10300.932349935923,True,1,1,640,480,17.29437760365407,22.75618699011667,False,False,13.343399999999999,18.46883260135089,True,34.49012513124536
132,PostNateMinutely0132 25-09-24 18-44-56.fits,2025-09-24 18:44:56,356.3941626897837,350.45835346881967,4.477378779645806,6.954361765765854,10.543421299506155,16.37627048642226,684.2357398924438,466.47363509789903,7724.838651994014,10298.842565976714,True,1,1,640,480,15.317021057004196,20.75279718081463,False,False,13.343399999999999,19.273799999999998,True,119.7341478649866
133,PostNateMinutely0133 25-09-24 18-45-56.fits,2025-09-24 18:45:56,357.25782496273797,346.3823819429926,3.711008249143722,8.656773145424708,8.738756612358845,20.385142928131724,807.3598530992316,402.4396406604256,7730.798192517221,10305.184034462445,True,1,1,640,480,20.527022301638063,24.060760446175845,False,False,18.5325,18.910948653837167,True,160.64935655255098
134,PostNateMinutely0134 25-09-24 18-46-56.fits,2025-09-24 18:46:56,359.59023780227704,350.2975270521317,3.6316280361024256,7.415171501886926,8.551830495510371,17.461394489985583,802.7433977215599,420.05489613616925,7725.2258019494,10299.259180516441,True,1,1,640,480,16.1388940999166,21.39385833058587,False,False,14.825999999999999,17.7912,True,218.42944404766337
135,PostNateMinutely0135 25-09-24 18-47-56.fits,2025-09-24 18:47:56,357.3103081981112,340.72441630950163,3.881154234450455,7.262367118198688,9.13941978914068,17.10156766430792,755.8617554524654,461.92665411077445,7726.064867271541,10299.220962275946,True,1,1,640,480,18.525685005691113,19.560571049030397,False,False,14.825999999999999,19.273799155253254,True,244.94150810584617
136,PostNateMinutely0136 25-09-24 18-48-57.fits,2025-09-24 18:48:57,356.01380541800097,343.43293611283826,2.9394961416642706,6.8134854540485765,6.92198443668216,16.044532123720387,1015.1282268294161,497.93929121506443,7726.531730765762,10299.907826965415,True,1,1,640,480,16.95919905854005,23.396915551340218,False,False,16.3086,20.7564,False,
137,PostNateMinutely0137 25-09-24 18-49-56.fits,2025-09-24 18:49:56,356.50593490023635,349.2983463247587,3.3959512927573834,6.64341227344368,7.996854176133852,15.644040388909808,881.439844773091,488.81685027213746,7725.627878838747,10299.510303343794,True,1,1,640,480,18.43755808157614,25.118938850459774,False,False,14.084699996700424,20.7564,False,
138,PostNateMinutely0138 25-09-24 18-50-56.fits,2025-09-24 18:50:56,359.2278602210406,348.22192701522795,3.1655857718851603,8.48869278903127,7.454384829899945,19.98934393572051,897.6111939083282,378.92474685923276,7726.317973324742,10299.798417146474,True,1,1,640,480,18.335301489364234,26.65751878265785,False,False,13.343399999999999,19.273799999999998,False,
139,PostNateMinutely0139 25-09-24 18-51-56.fits,2025-09-24 18:51:56,358.0340292657561,348.61557547081014,2.974139532830521,7.409707606357366,7.003563388628295,17.44852799926862,1054.0481751710483,474.8493772793951,7725.120320694655,10298.15716841603,True,1,1,640,480,18.343164067543515,23.321947123419587,False,False,16.3086,17.835960470997485,False,
140,PostNateMinutely0140 25-09-24 18-52-56.fits,2025-09-24 18:52:56,358.46661333310027,351.3973184446728,5.2898562467538195,8.078236086034316,12.456659525188078,19.022792263885968,585.8679780097434,420.39830198313683,7725.449319487885,10299.048537572582,True,1,1,640,480,16.8055276868063,25.410360895807955,False,False,14.0847,19.60014527771237,False,
141,PostNateMinutely0141 25-09-24 18-53-56.fits,2025-09-24 18:53:56,359.79130515045784,345.6972598812673,3.8810086215316293,9.339299477927899,9.139076896920614,21.992369617171697,722.7893574516305,358.59013564664036,7730.4711365057465,10304.454896602314,True,1,1,640,480,21.044419292554362,29.731722316388144,False,False,16.3086,16.99072572872653,False,
142,PostNateMinutely0142 25-09-24 18-54-56.fits,2025-09-24 18:54:56,358.76207051153204,342.7077112075321,3.758607961829004,7.324796953850071,8.85084536992786,17.248578692707785,754.6441294125765,444.6789130744684,7732.726829534615,10308.105111720197,True,1,1,640,480,20.129246743247084,26.937745197862682,False,False,17.7912,19.273799999999998,False,
143,PostNateMinutely0143 25-09-24 18-55-56.fits,2025-09-24 18:55:56,361.66294483879693,348.05896338142367,3.1395687665056133,6.831354593165759,7.3931194641205105,16.086610730700976,901.768017949809,481.65060331920154,7727.597386744231,10301.065365961424,True,1,1,640,480,18.86294625233493,25.611760918061236,False,False,14.825999999999999,20.66594941946511,False,
144,PostNateMinutely0144 25-09-24 18-56-56.fits,2025-09-24 18:56:56,359.5730414957499,345.89248336415125,3.6064894844983053,6.855826983446462,8.492633730289944,16.144238805883795,820.5988390204369,474.4991168553166,7727.877626619131,10302.303600088491,True,1,1,640,480,21.734801244802178,22.7184126406174,False,False,16.3086,19.273799999999998,False,
145,PostNateMinutely0145 25-09-24 18-57-56.fits,2025-09-24 18:57:56,358.9480475619495,344.63452149965275,3.633058286901704,7.450568881848515,8.555198478761934,17.544748949860708,819.6898177981221,461.0458202752351,7725.867670174505,10298.769994616774,True,1,1,640,480,16.748695227083704,28.038661063110503,False,False,14.825999999999999,19.273799545324625,True,117.22490727698622
146,PostNateMinutely0146 25-09-24 18-58-56.fits,2025-09-24 18:58:56,359.2380280439215,348.4435861213609,3.1359709837463177,7.900489212506811,7.384647333161254,18.604230363161818,960.2755979520946,430.7347142336794,7725.191482201716,10298.210221812,True,1,1,640,480,15.440561511409992,29.851316083172524,False,False,13.343399999999999,14.828159149351228,True,119.36742045882426
147,PostNateMinutely0147 25-09-24 18-59-56.fits,2025-09-24 18:59:56,356.2821163185591,341.2133074765545,3.5440124734922187,7.203160947137862,8.345511612419193,16.962147785904357,873.2731620019435,449.0689807873501,7729.975404318569,10305.903685520227,True,1,1,640,480,20.410565087754893,29.585118903229784,False,False,17.7912,19.273799999999998,True,183.88629069052922
148,PostNateMinutely0148 25-09-24 19-00-56.fits,2025-09-24 19:00:56,357.6285191082352,337.3277633043207,3.3005265932373495,6.259537496851951,7.772146180913021,14.740084370209827,881.3545839103065,503.72467924851185,7725.870911217095,10299.886232711284,True,1,1,640,480,17.32714621100801,21.615847148547395,False,False,14.825999999999999,19.273799999999998,False,
149,PostNateMinutely0149 25-09-24 19-01-56.fits,2025-09-24 19:01:56,358.31007014019565,349.1447807292456,3.8174361443940326,8.41482179552368,8.98937515344473,19.815391039462487,759.199488506042,389.9761099372641,7730.6707828761555,10305.558958568346,True,1,1,640,480,19.6690786457631,24.796444522066828,False,False,16.3086,17.7912,False,
150,PostNateMinutely0150 25-09-24 19-02-56.fits,2025-09-24 19:02:56,357.62634398349894,346.8708004285013,3.862445930535832,6.416927035156574,9.095365100073995,15.11070840988772,781.1866200350516,515.0433974874385,7725.8683950970235,10299.655424636323,True,1,1,640,480,17.00263701355168,25.623691746813588,False,False,14.825999999999999,19.273799999999998,True,57.93454877850326
151,PostNateMinutely0151 25-09-24 19-03-56.fits,2025-09-24 19:03:56,356.22647829854026,341.98987693876757,3.1135142467406287,7.227659476444798,7.33176575871427,17.019837413790107,976.9994981152423,480.4814057262026,7726.984504371803,10300.396024283318,True,1,1,640,480,16.459262766069862,22.242692405770722,False,False,14.825999999999999,20.7564,False,
152,PostNateMinutely0152 25-09-24 19-04-56.fits,2025-09-24 19:04:56,356.97202581204135,343.7948776855715,3.1678648143637753,6.62160594404804,7.459751564812065,15.592690407340408,959.3088152919487,494.22189439633183,7727.056961451585,10301.522816882662,True,1,1,640,480,16.05928086809959,27.03375432076336,False,False,14.825999999999999,20.0151,False,
153,PostNateMinutely0153 25-09-24 19-05-57.fits,2025-09-24 19:05:57,359.0343918604416,339.5896737396328,4.450670908503758,7.758762258275052,10.480529069180756,18.270488890415688,673.3967716343194,424.8048362365763,7725.058540719031,10298.517196139062,True,1,1,640,480,17.415973815514505,25.637003415613567,False,False,14.825999999999999,16.918549781096303,True,133.03873092316195
154,PostNateMinutely0154 25-09-24 19-06-57.fits,2025-09-24 19:06:57,358.74250926341597,342.10399621383516,4.068205318926011,7.996610006913478,9.579891432308496,18.830577536574935,718.8167229480492,433.80800632470624,7733.3138780254,10308.240672806884,True,1,1,640,480,20.473407544745246,28.76993714997404,False,False,17.7912,22.238999999999997,True,125.3961795521375
155,PostNateMinutely0155 25-09-24 19-07-57.fits,2025-09-24 19:07:57,358.4717965718419,340.71531803275343,3.3473826180238024,6.536067519102269,7.882483687310628,15.39126280965773,915.0166595473354,497.9476040189077,7724.842845359638,10298.789332470542,True,1,1,640,480,18.07707113949022,22.878729447823204,False,False,14.825999999999999,20.7564,False,
156,PostNateMinutely0156 25-09-24 19-08-57.fits,2025-09-24 19:08:57,358.0747850186028,343.2107904294771,3.133878327644141,6.4435335551593615,7.379719504624492,15.1733619765188,968.2827304519122,490.55900747544786,7730.502634330148,10306.676489368994,True,1,1,640,480,20.172625813062428,28.43758374836426,False,False,19.273799999999998,17.79120000082523,True,202.98020002636054
157,PostNateMinutely0157 25-09-24 19-09-57.fits,2025-09-24 19:09:57,356.87558916813094,345.35372742725434,3.305418589440314,7.334332394707617,7.783665951631977,17.27103293997734,912.8007278623746,443.70667768075236,7729.228171888872,10304.399372929522,True,1,1,640,480,18.45779181335478,27.014113309893034,False,False,14.825999999999999,20.756399993626033,False,
158,PostNateMinutely0158 25-09-24 19-10-57.fits,2025-09-24 19:10:57,359.3369127795812,342.7365113585717,3.1584184739208707,6.781416427368828,7.437507132984927,15.969015336870283,929.1400238169459,475.1753430032739,7728.417212560587,10303.053617929829,True,1,1,640,480,19.491793956916784,26.359663017427476,False,False,16.3086,19.273799346106824,False,
159,PostNateMinutely0159 25-09-24 19-11-57.fits,2025-09-24 19:11:57,355.9216329584309,341.951466629995,3.338836868412316,6.347778356965323,7.862359984825684,14.947875716395567,942.5474356442282,532.0577010668862,7726.010328776643,10300.144068472302,True,1,1,640,480,17.34623481470133,22.720452350970817,False,False,14.825999999999999,16.3086,False,
160,PostNateMinutely0160 25-09-24 19-12-57.fits,2025-09-24 19:12:57,357.0071152595343,339.8512366360003,3.8173467079010743,7.858578865242132,8.989164546598355,18.505539037328745,797.3614058694741,410.0505191157123,7725.153613250264,10299.272093936952,True,1,1,640,480,17.47198995508505,24.44535679064524,False,False,14.825999997579592,19.27379999921522,False,
161,PostNateMinutely0161 25-09-24 19-13-57.fits,2025-09-24 19:13:57,357.55523584616594,332.8689888390242,2.77839745658355,7.895559671218803,6.54262602382595,18.592622180524007,1024.9533853787295,431.33043715296543,7727.848132468255,10300.884247433265,True,1,1,640,480,17.192146882137642,24.615373754419313,False,False,14.825999999999999,20.7564,False,
162,PostNateMinutely0162 25-09-24 19-14-58.fits,2025-09-24 19:14:58,357.015766685038,344.3223734225093,3.193823061291501,6.1981317662202535,7.520878565011336,14.595484924838535,964.4260127952595,532.4975665478456,7725.582919447965,10299.626871329961,True,1,1,640,480,15.568754358184853,22.256561347037206,False,False,13.343399999999999,19.273799999999998,False,
163,PostNateMinutely0163 25-09-24 19-15-57.fits,2025-09-24 19:15:57,358.98834214026516,340.53771620140213,3.3388169750002388,7.620364616533902,7.86231313942016,17.944587349458615,904.6301938006177,427.5649038379864,7725.628114649266,10299.595630392787,True,1,1,640,480,17.0296922467887,26.334940448235155,False,False,14.825999999999999,17.7912,False,
164,PostNateMinutely0164 25-09-24 19-16-57.fits,2025-09-24 19:16:57,360.6688994613476,339.33520606635005,2.938349482358016,6.075701220050515,6.91928426036297,14.307183020593948,1009.0848267671304,542.1290830832953,7725.932401840277,10299.526316385243,True,1,1,640,480,17.903257032640926,21.72368960352425,False,False,16.3086,16.3086,True,239.67027741541915
165,PostNateMinutely0165 25-09-24 19-17-57.fits,2025-09-24 19:17:57,358.1687977756431,335.58747302537154,3.338678809639582,6.803574493505737,7.861987784859356,16.021193595168597,877.0418474049153,466.98159498048284,7726.364357445164,10300.518918426618,True,1,1,640,480,17.440327990619817,26.1788625407972,False,False,14.825985818835559,20.756400000014832,False,
166,PostNateMinutely0166 25-09-24 19-18-57.fits,2025-09-24 19:18:57,360.7814387638592,338.4053449652774,3.276204762261968,6.240900914597977,7.714872645800338,14.696198572747301,901.9408214919416,519.4504622868382,7725.006338732761,10298.510239663927,True,1,1,640,480,22.764493826704772,22.442708203273433,False,False,14.825999999999999,19.09299608013639,True,292.5088657690542
167,PostNateMinutely0167 25-09-24 19-19-57.fits,2025-09-24 19:19:57,355.1526966338409,344.3790066855045,3.0052625373413413,7.45297171700462,7.076852463511963,17.55040719425121,1029.7658946126492,476.8303288776456,7724.64639875266,10297.131118810476,True,1,1,640,480,16.308307800593266,22.58306426418931,False,False,14.0847,17.7912,True,280.78816144066224
168,PostNateMinutely0168 25-09-24 19-20-57.fits,2025-09-24 19:20:57,357.3317004704696,336.96519773274787,3.5356895954254646,8.16618394252716,8.32591273231525,19.229893639272824,838.620702431732,408.716292929389,7732.011859773385,10307.403637595899,True,1,1,640,480,21.068577419860645,25.036626725854884,False,False,17.7912,19.27323517489583,True,182.7376723253324
169,PostNateMinutely0169 25-09-24 19-21-57.fits,2025-09-24 19:21:57,357.90617432173775,342.4581613462079,3.5291485308295334,7.3731205915598785,8.310509702288911,17.36237216343565,883.7265818495163,455.85304815538075,7724.9395653145475,10298.654319227657,True,1,1,640,480,17.14032265001122,24.52747315822148,False,False,14.825999999999999,22.238999999999997,False,
170,PostNateMinutely0170 25-09-24 19-22-57.fits,2025-09-24 19:22:57,358.6835292094971,345.2911473081898,4.28267006727036,6.447100106051605,10.084917320662289,15.181760562051478,717.1555842309245,512.0806031917939,7730.3660787883055,10305.953187299601,True,1,1,640,480,20.49374907765026,25.365037599262994,False,False,19.273799999999998,19.273799999999998,True,314.7608569423586
171,PostNateMinutely0171 25-09-24 19-23-58.fits,2025-09-24 19:23:58,358.9274739217986,342.7566512043834,3.605308841526552,8.439340661127384,8.489853528554034,19.873128555667506,768.128753040829,385.5584717913335,7730.33170403014,10304.5787172986,True,1,1,640,480,22.276791252161665,26.234582400001642,False,False,16.3086,19.273799999999998,False,
172,PostNateMinutely0172 25-09-24 19-24-57.fits,2025-09-24 19:24:57,360.74562596227344,336.9411217353664,2.9703013930808417,5.417590895165278,6.9945252602101196,12.75745163571236,1007.9611061623281,594.6117867330015,7725.884819676212,10299.99216544366,True,1,1,640,480,17.117857058615375,23.334785578267894,False,False,13.343399999999999,17.7912,False,
173,PostNateMinutely0173 25-09-24 19-25-57.fits,2025-09-24 19:25:57,357.17279861299204,337.1825437150566,3.8672323940083446,8.61320002863099,9.106636360203876,20.282536079281403,777.469951804538,415.3048483333672,7728.500669678423,10301.688605505939,True,1,1,640,480,17.30532605838439,27.124156682016242,False,False,16.3086,17.11730543443464,False,
174,PostNateMinutely0174 25-09-24 19-26-57.fits,2025-09-24 19:26:57,361.37727556110667,335.7842811014279,4.207790597305015,9.026230253235427,9.908589643826602,21.255147931383565,673.6262651825948,361.8113258941151,7727.617213491645,10301.237234557499,True,1,1,640,480,20.700219709515977,22.68536074740357,False,False,14.084704431433073,20.7564,True,175.79177090225357
175,PostNateMinutely0175 25-09-24 19-27-57.fits,2025-09-24 19:27:57,359.9996895945361,334.34698133440946,3.8252957962196765,6.782134785054739,9.00788321911072,15.970706939948567,800.1913434071716,480.8742145466113,7729.580140006283,10305.060413557108,True,1,1,640,480,23.153345025957353,20.822838271768227,False,False,17.7912,20.0151,True,54.246119174915506
176,PostNateMinutely0176 25-09-24 19-28-57.fits,2025-09-24 19:28:57,361.0878170837346,342.41155636388737,4.59657304496805,8.802480518935853,10.82410234473971,20.72825757198458,614.7729590728599,368.90106684987535,7723.908824164297,10296.344510905943,True,1,1,640,480,17.852969929124885,21.349863934125988,False,False,16.3086,17.068257132043406,True,141.29174288072113
177,PostNateMinutely0177 25-09-24 19-29-57.fits,2025-09-24 19:29:57,357.5431287609604,342.21704692587565,3.3315224305474898,8.314146935056673,7.845135799923457,19.578319860004083,917.0087130215206,405.9316639165946,7732.075254135916,10307.76289787461,True,1,1,640,480,20.896745122223926,27.771472942622882,False,False,19.273799999999998,21.33254164985831,True,280.3795012022217
178,PostNateMinutely0178 25-09-24 19-30-58.fits,2025-09-24 19:30:58,359.00506775385526,340.50078978534714,3.5435864533665975,5.807180706529671,8.344508411687793,13.67486553285306,825.3320026337282,529.2357714384407,7726.396916332992,10301.085853059134,True,1,1,640,480,19.374604881193562,22.87121427605269,False,False,14.825999999999999,20.7564,True,208.6184323480301
179,PostNateMinutely0179 25-09-24 19-31-57.fits,2025-09-24 19:31:57,360.2108896487474,336.85313093613,4.030557672059737,7.882309005931562,9.491237998819548,18.561419248295618,766.7324486573717,431.51116291935,7729.5400279141695,10304.429571668597,True,1,1,640,480,19.82355866762804,35.095305434371504,False,False,16.3086,18.847573381833524,False,
180,PostNateMinutely0180 25-09-24 19-32-57.fits,2025-09-24 19:32:57,361.6561414845294,333.5334563503685,5.0042088087695324,7.900956908619232,11.784011212410944,18.60533170334233,616.1508964983763,429.2350403418846,7728.309677131284,10302.804379547197,True,1,1,640,480,17.635798626849052,26.877052875646353,False,False,14.825999999999999,22.238999999999997,False,
181,PostNateMinutely0181 25-09-24 19-33-57.fits,2025-09-24 19:33:57,357.13295973876575,333.5587013259247,4.547097509315742,6.5849757398588045,10.707596361647013,15.506432868262019,683.8937124846649,491.5563478615464,7726.5875927397265,10301.452767630293,True,1,1,640,480,17.60674058215371,27.154438313362025,False,False,14.825999999999999,19.273799999999998,True,222.89360729138647
182,PostNateMinutely0182 25-09-24 19-34-57.fits,2025-09-24 19:34:57,359.9056520635325,338.93657785867924,3.343302097082116,4.674356796851306,7.872874794802976,11.007269082852117,881.8451170942506,643.007879584108,7724.152767894902,10298.5707439709,True,1,1,640,480,18.007379351252617,23.747935502073727,False,False,14.825999999999999,19.273799999999998,True,145.15202697838782
183,PostNateMinutely0183 25-09-24 19-35-57.fits,2025-09-24 19:35:57,358.22660363694894,335.07698310490053,3.3235644613248554,6.444819229416904,7.826396214480259,15.176389508031843,927.3262753721474,526.7877886129532,7725.969530992209,10299.65805517658,True,1,1,640,480,17.213061195453143,23.269248486755373,False,False,14.825999999999999,19.273799999999998,False,
184,PostNateMinutely0184 25-09-24 19-36-57.fits,2025-09-24 19:36:57,358.58530658839317,335.9962558579462,4.635819851799838,6.314400911014957,10.916521512170664,14.869277837619707,694.0900425591348,508.0963105047197,7728.328877128229,10304.487343397068,True,1,1,640,480,20.09995227133476,25.652000013192666,False,False,17.018248567933306,19.273799999999998,False,
185,PostNateMinutely0185 25-09-24 19-37-57.fits,2025-09-24 19:37:57,362.06053499120264,329.0853830997766,3.8634816479295866,5.9732349193303556,9.097804028153796,14.065893321717947,743.858374303691,511.5950900936044,7724.77850494817,10298.754272207472,True,1,1,640,480,17.541343692372003,26.734216765594766,False,False,14.825999999999999,19.273799999999998,False,
186,PostNateMinutely0186 25-09-24 19-38-57.fits,2025-09-24 19:38:57,363.18088077241026,323.82088897343294,4.578672997858641,6.03408506804023,10.781950954999477,14.209184471643072,660.8003536649823,523.2706514123955,7725.428083945134,10299.882130057873,True,1,1,640,480,18.967925408455237,23.228586483030696,False,False,13.343399999999999,22.238999999999997,True,87.18127548542672
187,PostNateMinutely0187 25-09-24 19-39-57.fits,2025-09-24 19:39:57,361.87893660791997,326.11670337159865,4.031100722103385,7.477504081206255,9.492516783947787,17.60817649722522,732.3795730082574,430.1425150409235,7724.5307684494755,10297.995207995798,True,1,1,640,480,18.706626912360534,24.34186766059044,False,False,14.825999999999999,20.7564,False,
188,PostNateMinutely0188 25-09-24 19-40-58.fits,2025-09-24 19:40:58,361.13762012309036,330.4625596250185,3.7006736206273603,7.8942627947797135,8.714420421970567,18.589568269889313,798.4985033287402,404.93066147214364,7728.737433904259,10303.721331718147,True,1,1,640,480,20.045842412707437,27.05295871970364,False,False,16.3086,17.7912,False,
189,PostNateMinutely0189 25-09-24 19-41-57.fits,2025-09-24 19:41:57,360.19245370393236,329.00858135159336,4.062773566500333,5.702990403528305,9.567100632816864,13.429516118847594,742.7589353070038,563.6862097718175,7724.937257326509,10298.887394776333,True,1,1,640,480,15.913221291289231,19.452388731471224,False,False,14.825999980737864,20.7564,True,248.1713627595576
190,PostNateMinutely0190 25-09-24 19-42-57.fits,2025-09-24 19:42:57,358.8428250040809,329.6769110294719,3.256524813590681,7.985057907460946,7.668529908184011,18.80337442122192,892.3900637355151,391.2624281116706,7726.714861980654,10301.147205684856,True,1,1,640,480,17.731955857117622,24.710965484752627,False,False,16.3086,19.273799999999998,False,
191,PostNateMinutely0191 25-09-24 19-43-57.fits,2025-09-24 19:43:57,359.38063441580454,329.013922072389,3.9869750031144626,7.112366785198928,9.388608656371268,16.748343873398767,725.6900753668456,428.8853062243253,7727.239924816184,10302.166264916641,True,1,1,640,480,16.056790869734275,25.198575828114958,False,False,13.343399999999999,20.7564,False,
192,PostNateMinutely0192 25-09-24 19-44-57.fits,2025-09-24 19:44:57,358.7158290126528,334.56827045542906,4.111694413196662,6.671880963204474,9.682300423237265,15.711079030214293,718.5460639254411,483.7347006448206,7729.455175869271,10304.5147019146,True,1,1,640,480,19.615277206302792,23.01060027419289,False,False,16.3086,17.7912,True,117.33436637173429
193,PostNateMinutely0193 25-09-24 19-45-57.fits,2025-09-24 19:45:57,358.5413982387593,328.7540684338201,3.4456593937466757,8.511289795545911,8.11390780874386,20.042555819618883,793.1522341965284,401.8947104816405,7729.144616022879,10301.934835776015,True,1,1,640,480,19.797785475425886,25.52517630040528,False,False,17.7912,19.273799999999998,True,149.66790076132907
194,PostNateMinutely0194 25-09-24 19-46-57.fits,2025-09-24 19:46:57,359.36585651057743,326.0534163093873,2.9928312144274996,7.4771511269632125,7.047578935128195,17.607345353498726,970.9947933621937,446.72727579367756,7729.605748844148,10303.873419872474,True,1,1,640,480,20.357486923872905,23.957188047777915,False,False,17.7912,19.273799999999998,False,
195,PostNateMinutely0195 25-09-24 19-47-57.fits,2025-09-24 19:47:57,360.0936539051315,329.9967829803978,3.184594352288754,7.882091845235868,7.4991466160619105,18.560907873936404,931.3306427145601,439.47336441748797,7724.954008388749,10297.337742298665,True,1,1,640,480,18.088799366502514,24.808649000556354,False,False,16.3086,17.7912,False,
196,PostNateMinutely0196 25-09-24 19-48-57.fits,2025-09-24 19:48:57,359.905055048318,328.10631152954534,4.207562426722064,7.887552830306545,9.908052343164181,18.573767511046448,688.7535418005507,401.1989608517532,7725.573215042333,10299.372562441116,True,1,1,640,480,17.308486649494093,25.671181746580352,False,False,16.3086,19.273799999999998,False,
197,PostNateMinutely0197 25-09-24 19-49-58.fits,2025-09-24 19:49:58,360.26544519295214,327.8752894067245,3.549008701167812,5.784509527216225,8.357276829499218,13.621478985361266,847.8983181389178,558.7091911593767,7725.286028020747,10299.218607822831,True,1,1,640,480,17.419039823673934,21.927433652964993,False,False,14.825999999999999,19.273799999293427,False,
198,PostNateMinutely0198 25-09-24 19-50-57.fits,2025-09-24 19:50:57,357.61863786751786,324.32615412676023,3.491147185977883,8.224590157853457,8.221023373694111,19.36742976587758,860.6251449251032,421.91255516993647,7726.427597280209,10299.472614333128,True,1,1,640,480,18.7315936035736,22.997534396179354,False,False,13.343399999999999,19.27380000002427,False,
199,PostNateMinutely0199 25-09-24 19-51-57.fits,2025-09-24 19:51:57,357.8651478788743,324.69345091758544,3.702253282125057,6.829744289015965,8.718140240529706,16.082818754210443,819.1442233138995,484.85448467241815,7725.473750143392,10299.175980309818,True,1,1,640,480,18.795511010636154,22.751869453986465,False,False,14.825999999999999,17.7912,False,
200,PostNateMinutely0200 25-09-24 19-52-57.fits,2025-09-24 19:52:57,357.9479073948823,324.08492306918424,3.6512848042228176,7.91456912352626,8.598118647100797,18.637386019862667,815.4980220128479,437.5106931581794,7727.069101103266,10300.22557636049,True,1,1,640,480,19.761974436273885,29.42998889138762,False,False,14.825999999999999,17.79793964138644,False,
201,PostNateMinutely0201 25-09-24 19-53-57.fits,2025-09-24 19:53:57,358.31000315297,325.89960624055624,3.4801848261994346,5.682866594139581,8.195208989146979,13.382128169116646,849.4687190048262,559.0664838727731,7733.077553765232,10309.617063945505,True,1,1,640,480,20.453790032789588,22.44568050767052,False,False,17.7912,23.642978611392774,False,
202,PostNateMinutely0202 25-09-24 19-54-57.fits,2025-09-24 19:54:57,361.37059564182675,327.3290927575931,5.333061120513329,7.073875536971901,12.558399227960003,16.6577039105155,575.1395504396577,437.66841779709387,7727.77895852727,10303.555102078079,True,1,1,640,480,16.99411980400598,24.882018514073586,False,False,16.308590102570466,19.273799999999998,False,
203,PostNateMinutely0203 25-09-24 19-55-57.fits,2025-09-24 19:55:57,358.9189593215198,325.8469912871919,5.1462403487673205,7.823989585564577,12.11846992982435,18.424087508200856,627.5804469479464,424.6323991587036,7725.595926951949,10300.31079183295,True,1,1,640,480,17.423706031569747,24.653653035072374,False,False,14.825681421663546,22.238999999999997,False,
204,PostNateMinutely0204 25-09-24 19-56-57.fits,2025-09-24 19:56:57,360.438067918026,324.104938321708,3.7681294961557255,6.854679443734489,8.873266869819874,16.141536556367573,748.2024674955258,473.3390262871159,7726.073442623539,10299.210470313763,True,1,1,640,480,17.804055106640973,21.725499126201655,False,False,14.084700056382701,17.7912,False,
205,PostNateMinutely0205 25-09-24 19-57-57.fits,2025-09-24 19:57:57,357.6430180306147,323.65732957501075,3.3507660695366357,7.147068809573445,7.890451106754438,16.830060895999033,917.0423298621403,477.736349639555,7727.196323229648,10301.14444148593,True,1,1,640,480,18.48725859597349,24.856112396650897,False,False,14.825999999999999,20.7564,True,215.3148666161809
206,PostNateMinutely0206 25-09-24 19-58-57.fits,2025-09-24 19:58:57,357.90728853730906,326.24676043072157,3.5057130031875348,7.42021706491463,8.255323252031655,17.47327588294169,837.0600193088216,465.1759285636823,7727.489560773171,10300.618448402434,True,1,1,640,480,18.655654549925593,25.049276096272518,False,False,14.825999999999999,19.273800001035582,False,
207,PostNateMinutely0207 25-09-24 19-59-58.fits,2025-09-24 19:59:58,362.2259148326416,323.8546322047023,3.6780464952663805,6.8755726405754665,8.661137613609103,16.19073627509348,790.5585162576791,463.6134742780876,7726.150702253299,10300.07260699573,True,1,1,640,480,18.010248926498402,24.714364102768425,False,False,13.34340000000337,19.273799999999998,False,
208,PostNateMinutely0208 25-09-24 20-00-58.fits,2025-09-24 20:00:58,358.15651488675263,323.0390581155855,3.550767010298857,5.327367272709948,8.361417331086363,12.544991241019245,821.4825494854947,597.4580298940696,7726.580364359711,10300.71813982784,True,1,1,640,480,16.11743330744885,24.658835785916526,False,False,14.825999999999999,17.795289756260917,False,
209,PostNateMinutely0209 25-09-24 20-01-58.fits,2025-09-24 20:01:58,358.0039396539361,326.28633345250125,3.038783197492712,6.998066089984892,7.1557875859590805,16.479186305147785,941.8677465541175,435.81388271360726,7727.757342650815,10302.696143414978,True,1,1,640,480,18.03213941962697,27.08482398396863,False,False,16.3086,19.25258962474532,False,
210,PostNateMinutely0210 25-09-24 20-02-58.fits,2025-09-24 20:02:58,360.6255414610151,315.62723400506235,3.8273910555936785,9.013891476525151,9.012817177884159,21.226092332655046,768.0432331398152,380.04355948335404,7725.285173451181,10297.841906666963,True,1,1,640,480,16.55512383844257,29.624973540406423,False,False,14.825999999999999,19.27380010682428,False,
211,PostNateMinutely0211 25-09-24 20-03-58.fits,2025-09-24 20:03:58,361.53519610785946,320.7644961543884,4.293449022119175,7.809662045551029,10.11029981960476,18.39034872978097,702.0332774293039,413.5117762260529,7723.482283129047,10296.852347233005,True,1,1,640,480,17.659935921221177,24.397208395458556,False,False,13.343399999999999,19.273799999999998,True,114.54313957148364
212,PostNateMinutely0212 25-09-24 20-04-58.fits,2025-09-24 20:04:58,360.64432028452535,316.708375727246,4.773444569181622,8.42457400674923,11.240602955353008,19.838355741939786,635.368759616015,388.67208998420404,7729.021333175485,10304.100634229464,True,1,1,640,480,19.186499781456668,31.6876778931869,False,False,16.3086,17.7912,True,244.70154215885404
213,PostNateMinutely0213 25-09-24 20-05-58.fits,2025-09-24 20:05:58,360.4036986903761,316.2564376605547,2.8270743122208497,6.929287059046941,6.657251259209741,16.317224064417292,1043.8675904430575,484.6423453365224,7728.591736297566,10302.662866505361,True,1,1,640,480,19.787043088712903,25.09857636312633,False,False,16.3086,19.26008785115034,False,
214,PostNateMinutely0214 25-09-24 20-06-58.fits,2025-09-24 20:06:58,357.04276930095614,323.3444804285876,3.637140345159677,5.7701615403884645,8.564810991372793,13.587692058373415,819.5316372005519,561.7752163992367,7726.55838094413,10300.715999689592,True,1,1,640,480,18.119451812335605,25.276200416773495,False,False,16.3086,19.273799999999998,True,87.12606239709076
215,PostNateMinutely0215 25-09-24 20-07-59.fits,2025-09-24 20:07:59,358.9252865170634,321.9083339000149,3.7853067454772145,8.141135007792505,8.91371620084061,19.170907905652985,776.698987768661,400.866979067127,7727.916254354991,10302.199141775773,True,1,1,640,480,15.746916285590444,25.344210900859952,False,False,13.343399999999999,17.791215723794437,True,36.16684121080917
216,PostNateMinutely0216 25-09-24 20-08-59.fits,2025-09-24 20:08:59,362.93079137897513,314.22398629309487,3.2964558673997693,7.819440225280073,7.762560354112861,18.41337458341084,881.4114873045894,437.9303506669785,7724.48422835645,10296.602868402877,True,1,1,640,480,18.204500861801193,26.308900686634804,False,False,16.3086,19.273799999999998,False,
217,PostNateMinutely0217 25-09-24 20-09-58.fits,2025-09-24 20:09:58,361.7357946433625,316.958527162458,3.4342154809787035,7.319424784080677,8.086959453564255,17.235928199649507,899.1721859756932,472.7145983801653,7726.233835326943,10299.70222667818,True,1,1,640,480,18.16806340534957,24.894913320058667,False,False,13.343399999999999,17.79119999987055,False,
218,PostNateMinutely0218 25-09-24 20-10-58.fits,2025-09-24 20:10:58,358.04719162350665,315.3373636416253,2.9262092663184123,8.583335323103523,6.890696236281904,20.212210072066377,975.5816156187709,403.5576743938105,7730.734668725177,10304.465340430828,True,1,1,640,480,20.754902048605594,26.262307279984302,False,False,16.3086,20.14298201676684,False,
219,PostNateMinutely0219 25-09-24 20-11-58.fits,2025-09-24 20:11:58,360.2120302572199,318.71508786026453,2.9947684978570375,7.049894875897702,7.052140888980977,16.601233769124885,943.9555843273488,452.405782011217,7724.560845660934,10297.521513921232,True,1,1,640,480,18.738882268445217,25.07929733568306,False,False,14.825999999999999,19.273799999999998,False,
220,PostNateMinutely0220 25-09-24 20-12-58.fits,2025-09-24 20:12:58,361.7240288821336,314.71589679885216,3.4467211735521834,6.161470944683524,8.116408109113278,14.509155287416542,832.1421559389024,510.07775584536097,7731.343100097998,10307.023115174079,True,1,1,640,480,22.971378406123666,25.2295393093264,False,False,17.7912,20.369994430185873,False,
221,PostNateMinutely0221 25-09-24 20-13-58.fits,2025-09-24 20:13:58,359.91731685640787,312.96951068751025,3.4698233881400884,7.796452182693326,8.170809667109484,18.35924187993154,834.7521512711273,452.32642527314965,7724.129211310128,10295.548482815304,True,1,1,640,480,19.680357239293848,20.003529989693092,False,False,13.343399999999999,16.30863824340751,False,
222,PostNateMinutely0222 25-09-24 20-14-58.fits,2025-09-24 20:14:58,363.53520700527673,316.77748289311717,3.4323800303934764,8.328328115690205,8.082637297734497,19.611713988422128,839.5248316015577,397.2391045074376,7727.035905479853,10300.48589046788,True,1,1,640,480,18.323571416923446,25.64091790036769,False,False,14.825999999999999,19.68069401670552,False,
223,PostNateMinutely0223 25-09-24 20-15-58.fits,2025-09-24 20:15:58,360.01419167893073,318.9350678497684,3.2274324044718115,6.659307093007148,7.600022520032656,15.681469828630012,919.8841311912148,486.9552787280394,7726.504940500786,10300.576133491888,True,1,1,640,480,18.61316569901212,23.31770273857322,False,False,14.825999999999999,20.7564,True,251.2225090999331
224,PostNateMinutely0224 25-09-24 20-16-58.fits,2025-09-24 20:16:58,358.3031971292395,310.4698415252212,2.9671376939437293,8.232036440211674,6.9870753180656,19.38496442083567,1004.0654751470747,405.4166664795688,7727.387893350343,10301.313264232736,True,1,1,640,480,17.885100888366285,24.74139071023351,False,False,14.825999999999999,17.7912,True,224.6625452343657
225,PostNateMinutely0225 25-09-24 20-17-58.fits,2025-09-24 20:17:58,361.7571740988435,322.78912462151607,3.9370029888968947,7.957225798142664,9.270933555601168,18.737834812303742,744.841620093856,407.4227840420074,7726.255396478528,10300.057549390138,True,1,1,640,480,17.159505483551712,28.144485339653624,False,False,16.3086,17.7912,False,
226,PostNateMinutely0226 25-09-24 20-18-59.fits,2025-09-24 20:18:59,357.95222680574074,312.2028679232079,3.4931693748708135,7.603368442533336,8.225785264634021,17.90456441823325,884.2846169585395,451.3584823558424,7726.537712020987,10300.259668098091,True,1,1,640,480,18.054113551630504,25.913629295848853,False,False,16.3086,19.692802024327833,True,118.1088268002518
227,PostNateMinutely0227 25-09-24 20-19-59.fits,2025-09-24 20:19:59,361.94957115331897,314.1777368303258,3.249680661339709,7.0697246487834455,7.652413161272179,16.647929315804646,884.5435730420542,455.2408907645315,7726.482401203782,10300.180412520402,True,1,1,640,480,15.311595070885561,23.89949234282024,False,False,13.343399999999999,20.7564,False,
228,PostNateMinutely0228 25-09-24 20-20-58.fits,2025-09-24 20:20:58,361.0032105987355,312.9625456312897,3.982442635310941,6.859653725743702,9.377935745816083,16.153250095352504,739.0524488297948,448.5843817751041,7739.995947627613,10319.295354371481,True,1,1,640,480,23.358737054941848,27.6741091388991,False,False,20.756462345201673,22.238999999999997,True,63.06997386957813
229,PostNateMinutely0229 25-09-24 20-21-58.fits,2025-09-24 20:21:58,360.3075805230609,312.4632576592032,5.3732977109348585,8.884974169530414,12.65314915762832,20.92251527399243,559.0838777216013,357.1022858660736,7724.24652740513,10298.114287598146,True,1,1,640,480,16.035427813456547,22.265741699328526,False,False,14.825999999999999,20.7564,False,
230,PostNateMinutely0230 25-09-24 20-22-58.fits,2025-09-24 20:22:58,359.9620782274144,311.1235336969465,4.765899896971339,5.765202762892357,11.222836609999046,13.576015029726733,642.5541407961073,494.5931782398907,7724.588797075095,10300.553177169675,True,1,1,640,480,16.836911624621102,22.316133124948777,False,False,14.825999999999999,16.3086,False,
231,PostNateMinutely0231 25-09-24 20-23-58.fits,2025-09-24 20:23:58,362.0445808134781,312.3907369801311,3.870792157673722,7.882844664309849,9.115018963038679,18.562680627382097,768.3126630620827,422.66827343812304,7728.119282930131,10302.290301804876,True,1,1,640,480,20.17242590817755,22.21556304627281,False,False,17.7912,19.273799999999998,False,
232,PostNateMinutely0232 25-09-24 20-24-58.fits,2025-09-24 20:24:58,361.31255909644307,313.9378198613971,4.166080960030265,6.649035364878828,9.81037095390105,15.657281757336337,717.7371440661982,469.5549240853182,7730.401254422745,10306.512682720571,True,1,1,640,480,18.343830549134186,26.680797720082403,False,False,16.3086,25.2042,False,
233,PostNateMinutely0233 25-09-24 20-25-58.fits,2025-09-24 20:25:58,359.986132889482,314.88231066174376,3.943978879310879,6.81104590214693,9.287360522179958,16.038787418001494,753.6671777139135,479.6100089012161,7725.506530037702,10299.139027727922,True,1,1,640,480,16.794976731999913,25.168146050290378,False,False,14.825999999999999,19.273799971157363,False,
234,PostNateMinutely0234 25-09-24 20-26-58.fits,2025-09-24 20:26:58,362.39200432332956,315.1302106941801,4.806444579540218,7.56908077768448,11.318312041231659,17.82382313774986,595.3734851512354,421.3642483240277,7725.2468096587845,10298.617729367099,True,1,1,640,480,18.788109097456882,22.646125777683515,False,False,13.343399999999999,20.756393380122795,False,
235,PostNateMinutely0235 25-09-24 20-27-58.fits,2025-09-24 20:27:58,361.95032637862226,310.49550240861936,3.7292978516844526,7.434248807866988,8.781825335037405,17.50631811251262,773.0510095341463,433.725957410681,7731.4867928523745,10306.865751893283,True,1,1,640,480,24.562731869362736,24.24061723758442,False,False,19.273799999999998,22.16741958906589,False,
236,PostNateMinutely0236 25-09-24 20-28-59.fits,2025-09-24 20:28:59,360.6073121207751,313.5296936539126,3.563874691586684,7.034901424631651,8.392283561726817,16.565926889539394,800.274094954957,436.3271606138069,7729.865475265964,10305.351787454065,True,1,1,640,480,19.703900142657602,25.67453906981672,False,False,16.3086,19.273799999999998,True,115.44485888132012
237,PostNateMinutely0237 25-09-24 20-29-59.fits,2025-09-24 20:29:59,363.8411925503003,314.3066573065953,3.1154481326265553,6.071219853397183,7.3363197119632515,14.29663020856955,930.6598502489134,551.809518899079,7724.272227499526,10296.675837445655,True,1,1,640,480,17.256814019364395,18.77541933942435,False,False,13.343399999999999,17.7912,True,263.5769167015485
238,PostNateMinutely0238 25-09-24 20-30-58.fits,2025-09-24 20:30:58,361.9483408892334,312.7813793528684,3.6743926694341456,8.867447802168465,8.652533511298305,20.881243832811936,798.4734767521344,396.2210076761338,7726.394985229234,10298.833414583612,True,1,1,640,480,17.638676929080173,22.977649135283876,False,False,14.825999999999999,16.3086,False,
239,PostNateMinutely0239 25-09-24 20-31-58.fits,2025-09-24 20:31:58,360.42909257750273,308.1518395224339,3.638755317859427,7.5028700250155955,8.568613961458341,17.667908730168584,774.1876038806517,443.00813136827503,7725.4916085484,10298.009140936407,True,1,1,640,480,19.987145549366893,20.316982298452327,False,False,15.5673,17.7912,False,
240,PostNateMinutely0240 25-09-24 20-32-58.fits,2025-09-24 20:32:58,361.50270374669196,308.74258383726215,3.990133714243524,9.86099785515187,9.396046852654445,23.220875413318822,718.8000648406985,337.10890911464674,7731.544872591059,10306.344563562829,True,1,1,640,480,20.434456323952045,25.71097573756635,False,False,16.3086,19.273799999999998,True,67.92541061624217
241,PostNateMinutely0241 25-09-24 20-33-58.fits,2025-09-24 20:33:58,357.8460345127701,313.63032245091335,4.153530055100768,7.528175250795453,9.780815831389793,17.727497983079026,723.1384549816788,432.70838229027675,7730.126794058863,10305.509681311785,True,1,1,640,480,18.462154658965524,25.193933946359365,False,False,14.825999999999999,19.273799999999998,False,
242,PostNateMinutely0242 25-09-24 20-34-58.fits,2025-09-24 20:34:58,360.43213513415225,307.98606701205614,3.8187501773975336,6.499152572248879,8.992469464701205,15.304334752846115,767.9557455296244,497.20883315531063,7731.935912293023,10307.687481222381,True,1,1,640,480,21.10314912676131,24.797800424173147,False,False,17.7912,19.273799999999998,False,
243,PostNateMinutely0243 25-09-24 20-35-58.fits,2025-09-24 20:35:58,361.41801608433065,316.62252502932114,4.4201698761581465,7.0392097159423885,10.408704626819173,16.576072140277752,674.1498527564395,455.96458376147154,7723.67594767041,10297.034687222234,True,1,1,640,480,22.863324236535075,21.625337221076318,False,False,14.825999999999999,17.7912,False,
244,PostNateMinutely0244 25-09-24 20-36-58.fits,2025-09-24 20:36:58,359.77044826173426,304.62995234105637,3.5408125445821965,7.889655394839429,8.337976355679197,18.578718672154455,805.1235644139581,405.1179023676431,7731.208008011738,10306.473360057082,True,1,1,640,480,21.7030534046805,27.693975452399634,False,False,16.3086,19.36285958650854,False,
245,PostNateMinutely0245 25-09-24 20-37-58.fits,2025-09-24 20:37:58,360.5875065236819,308.8675127772481,3.616035890516894,8.004392402036862,8.515113798540522,18.848903676609833,826.5421140119097,424.49556904686995,7725.322147656436,10298.293553095567,True,1,1,640,480,18.153974677706213,23.730854624103358,False,False,14.825999999999999,19.23837129261889,False,
246,PostNateMinutely0246 25-09-24 20-38-59.fits,2025-09-24 20:38:59,358.7649473036413,310.1483322733371,3.4331984201114594,8.239779513050737,8.084564458247051,19.40319796396723,869.0136533161698,399.5275917920974,7723.597630957738,10296.519023808598,True,1,1,640,480,18.53384753018451,22.551028462400485,False,False,13.343399999999999,17.7912,True,142.30929328048646
247,PostNateMinutely0247 25-09-24 20-39-58.fits,2025-09-24 20:39:58,362.0919269187655,310.7740927021035,2.975738124714201,7.661264413581488,7.0073277848398074,18.04089901138397,973.2440859005952,439.1525287860759,7727.227351400433,10300.524042309695,True,1,1,640,480,18.893090440101542,26.629131149590677,False,False,14.825999999999999,22.238999999999997,False,
248,PostNateMinutely0248 25-09-24 20-40-58.fits,2025-09-24 20:40:58,360.5929193843301,312.16048908021094,4.533923327232771,6.6488661625361125,10.676573533601147,15.656883316268043,673.280658541014,487.7846042975681,7728.948842657442,10304.26972230825,True,1,1,640,480,22.09536889862526,21.059449589658183,False,False,16.3086,19.273799999999998,False,
249,PostNateMinutely0249 25-09-24 20-41-58.fits,2025-09-24 20:41:58,360.1675607478931,313.99317489524105,3.3361934102992823,9.139452223243874,7.856135116672912,21.52176529589735,866.2666504714485,361.0698669041003,7728.596502092269,10302.654530871283,True,1,1,640,480,17.86888129471361,27.059629961472314,False,False,14.825999999999999,18.48171249609429,False,
250,PostNateMinutely0250 25-09-24 20-42-58.fits,2025-09-24 20:42:58,360.13826180175613,315.8249636272531,3.29151798741871,7.842847038449488,7.750932535353507,18.46849341625247,915.3405843188107,433.1907820488213,7726.02949990834,10299.364287849803,True,1,1,640,480,17.26937403170045,21.710069174661072,False,False,14.825999999999999,17.7912,False,
251,PostNateMinutely0251 25-09-24 20-43-58.fits,2025-09-24 20:43:58,358.27564819851074,314.505622676425,3.7249527554874655,7.526374210753977,8.771593415415152,17.723256857887456,831.4623806144266,440.57352062441794,7731.035274953883,10306.904621259824,True,1,1,640,480,20.159781116277205,22.62616675143758,False,False,16.3086,20.756400000001346,True,85.12807533258267
252,PostNateMinutely0252 25-09-24 20-44-58.fits,2025-09-24 20:44:58,360.4677452201452,314.1265728269737,3.945205899127294,7.9853876802016694,9.290249933039302,18.804150976682084,783.2043044171133,418.91784645438696,7726.126193240844,10300.168277974675,True,1,1,640,480,18.965052411365683,27.208127826140174,False,False,16.3086,20.661449605586984,False,
253,PostNateMinutely0253 25-09-24 20-45-58.fits,2025-09-24 20:45:58,360.7084767246599,307.42431436213263,4.045848532826831,8.279322438102787,9.527245224259678,19.496314436518954,724.4219525420847,417.71270247431477,7726.264561631386,10298.931524033735,True,1,1,640,480,17.258659129016504,26.21303141872189,False,False,14.825999999999999,19.273799999999998,True,44.94201586595821
254,PostNateMinutely0254 25-09-24 20-46-59.fits,2025-09-24 20:46:59,360.17875223018524,308.172400860562,3.837726886621625,6.490806772706164,9.03715619997082,15.28468189679112,769.013189103726,477.34392182108394,7725.637940219618,10300.082490419678,True,1,1,640,480,17.16067600042265,24.13298941372638,False,False,13.343399999999999,17.791253446289645,True,76.23121150973073
255,PostNateMinutely0255 25-09-24 20-47-59.fits,2025-09-24 20:47:59,360.7748584470204,311.26153139595993,3.7089258250863497,9.260115844931022,8.733852878446289,21.805906410952275,782.7268642926873,349.50007520031784,7725.461043614768,10298.874000454249,True,1,1,640,480,15.398441265673624,22.61941342715839,False,False,13.343399999999999,16.3086,True,263.79543170582684
256,PostNateMinutely0256 25-09-24 20-48-58.fits,2025-09-24 20:48:58,362.1996295954755,316.4568098862907,4.042249484380057,6.788984858385225,9.518770112834178,15.98683762993713,748.2066213746983,488.90994093750135,7729.596654092895,10304.589570729193,True,1,1,640,480,19.867800095005972,28.25972030117772,False,False,17.7912,20.75639999012824,True,142.8814493425444
257,PostNateMinutely0257 25-09-24 20-49-58.fits,2025-09-24 20:49:58,361.24180607217505,307.8007546444684,3.432191106537168,5.827715451807607,8.082192416050678,13.723221162653148,851.3306723616148,530.4921459813255,7725.2637636600975,10299.465864823538,True,1,1,640,480,16.849969032277134,22.829309424684144,False,False,14.825999999999999,17.7912,True,47.676561894246156
258,PostNateMinutely0258 25-09-24 20-50-58.fits,2025-09-24 20:50:58,361.81770501255096,306.4608959149715,4.424221341739361,7.872355389197615,10.41824509918157,18.537980272089964,684.9439498589269,423.3416742144143,7727.117273354319,10301.244103537678,True,1,1,640,480,17.246458908220745,23.553731296031625,False,False,13.343399999999999,19.273799988129884,False,
259,PostNateMinutely0259 25-09-24 20-51-58.fits,2025-09-24 20:51:58,359.59374049582186,306.87993320267356,3.997911184508185,6.454475669516158,9.4143613955333,15.199128686741204,748.2188323123756,483.593812441953,7724.595143224994,10298.781145063796,True,1,1,640,480,17.243144696285665,25.08000948180569,False,False,13.343400000022248,19.27384714446352,False,
260,PostNateMinutely0260 25-09-24 20-52-58.fits,2025-09-24 20:52:58,360.8865412396621,309.8702724950067,3.4569857133414637,6.7815947954606495,8.140579253162095,15.969435361628298,830.4187866964862,465.73134002054746,7726.247042505378,10300.160546187142,True,1,1,640,480,16.887359349781057,23.129951697423177,False,False,16.3086,19.273799999999998,False,
261,PostNateMinutely0261 25-09-24 20-53-58.fits,2025-09-24 20:53:58,358.1719779800268,305.32343183311514,3.65415387224068,7.12269402780246,8.604874785979817,16.772662671291464,776.1394392405637,433.7059882111163,7731.363857794346,10307.163826248618,True,1,1,640,480,20.489976868557854,24.574069714510873,False,False,17.7912,19.787381798981713,False,
262,PostNateMinutely0262 25-09-24 20-54-58.fits,2025-09-24 20:54:58,362.3330895888242,306.7145603905352,4.215322691552233,6.359292915998475,9.92632637034101,14.974990430816527,703.5422993236872,500.95825802333115,7726.108122276948,10300.328194343116,True,1,1,640,480,18.033121047737605,25.046039806794283,False,False,14.825999999999999,19.273799999999998,False,
263,PostNateMinutely0263 25-09-24 20-55-58.fits,2025-09-24 20:55:58,362.19260593321405,309.7885666651729,4.248805063763139,6.5874053369094225,10.00517133157844,15.512154132098162,727.2234741692253,504.4619343355056,7729.503035632154,10304.785907323592,True,1,1,640,480,20.198764067661926,23.467275991856926,False,False,19.273799999999998,19.273799999999998,True,115.58816973082006
264,PostNateMinutely0264 25-09-24 20-56-59.fits,2025-09-24 20:56:59,360.10366019026446,310.6153670721962,2.999439562065731,8.928912886414931,7.063140404611236,21.025983045265033,991.2208270193294,375.6151693973695,7727.324259409564,10301.110795922337,True,1,1,640,480,18.39736395628181,28.145830401016184,False,False,16.3086,24.07543597956246,False,
265,PostNateMinutely0265 25-09-24 20-57-58.fits,2025-09-24 20:57:58,359.97694392400797,310.02091839252955,3.613554643665073,7.696750320548086,8.509270908717182,18.124461936425018,797.8398470621735,430.14553101165126,7726.050462065148,10299.16718485621,True,1,1,640,480,17.811479601458977,24.31530113850244,False,False,16.308600007098065,19.273799999999998,False,
266,PostNateMinutely0266 25-09-24 20-58-58.fits,2025-09-24 20:58:58,362.16125800588503,312.61364980024,4.119666665442092,8.179533810454886,9.701073642628849,19.26133017586755,735.1789511422282,389.97812396791426,7723.661241326058,10297.373455712797,True,1,1,640,480,18.711494976793333,26.880170221727578,False,False,14.825999999999999,19.273799999999998,False,
267,PostNateMinutely0267 25-09-24 20-59-58.fits,2025-09-24 20:59:58,361.13256519354724,301.4029026686773,4.306070494366179,6.955486400880212,10.140021115449809,16.378918799732897,707.797966459777,446.72141511347354,7732.959731734349,10310.303110494215,True,1,1,640,480,19.266571934636115,33.810033725451504,False,False,17.7912,22.238999999999997,True,181.19089236898276
268,PostNateMinutely0268 25-09-24 21-00-58.fits,2025-09-24 21:00:58,360.28022163829013,308.17656108559896,4.394837783219309,10.708931972040133,10.34905210658421,25.21760766863292,669.5566685179753,304.476827403605,7728.657833315968,10303.21632002443,True,1,1,640,480,18.4484539290771,28.975678792475275,False,False,14.825999999999999,17.791200000001346,False,
269,PostNateMinutely0269 25-09-24 21-01-58.fits,2025-09-24 21:01:58,362.24612354076055,308.72948581440505,5.61692594598902,6.689715569018569,13.226849809069371,15.753076317480549,568.2865635392924,463.2874328790314,7727.526224261111,10303.852717421714,True,1,1,640,480,20.81206165441109,23.776929537608936,False,False,16.3086,22.238999999999997,False,
270,PostNateMinutely0270 25-09-24 21-02-58.fits,2025-09-24 21:02:58,360.29704516807243,305.77822728232195,3.539845037936494,7.4426570931407845,8.335698051636198,17.526118111219695,856.9711385327954,448.1777653544585,7727.150047264028,10301.28918113039,True,1,1,640,480,16.581019884477193,25.845786814357364,False,False,14.825999999999999,17.7912,False,
271,PostNateMinutely0271 25-09-24 21-03-59.fits,2025-09-24 21:03:59,358.600781048702,302.3503317735375,3.5840971535088944,6.440170542662025,8.439903820421112,15.165442687278382,830.719411514095,513.7044732012272,7725.309089716642,10298.683771551327,True,1,1,640,480,15.738395042515197,21.92223230403619,False,False,14.0847,20.01509999997977,False,
272,PostNateMinutely0272 25-09-24 21-04-59.fits,2025-09-24 21:04:59,362.7362873720413,310.6659496598131,3.684964369430633,8.17598904577453,8.677427962360087,19.25298289294333,799.6821383999342,399.9971882927822,7728.397605203301,10302.840398951485,True,1,1,640,480,17.40969132132375,26.333751030936444,False,False,16.3086,19.273799999999998,False,
273,PostNateMinutely0273 25-09-24 21-05-58.fits,2025-09-24 21:05:58,362.8727614886805,309.27262626621166,3.4929454033726577,7.634808540539996,8.225257852060649,17.97860019123707,817.9147064633371,431.6464662798242,7730.190210835254,10304.629814477625,True,1,1,640,480,21.330514888482075,23.791477195164138,False,False,19.273799999999998,17.7912,False,
274,PostNateMinutely0274 25-09-24 21-06-58.fits,2025-09-24 21:06:58,359.2591705489483,303.29677645668164,3.543618353761356,7.673974884476439,8.344583531376815,18.070829883029184,881.9977567973178,448.6643100712316,7726.857226517897,10300.817879107295,True,1,1,640,480,19.46483290001985,23.35182342180611,False,False,16.3086,20.75640000307439,False,
275,PostNateMinutely0275 25-09-24 21-07-58.fits,2025-09-24 21:07:58,361.00345427453044,304.4165431241368,3.770038693073624,8.43599081255814,8.877762684992053,19.865240265108834,783.8696931162224,402.2643141401005,7728.825569237099,10302.812003744975,True,1,1,640,480,21.019394982888194,32.94479196578167,False,False,16.3086,19.273802558318916,False,
276,PostNateMinutely0276 25-09-24 21-08-58.fits,2025-09-24 21:08:58,362.546286130938,301.7731685127042,4.027874574268642,7.428253188342747,9.484919786358299,17.492199507474563,754.977553611922,434.68815840623677,7726.3304007565575,10300.79200672457,True,1,1,640,480,17.51268265138645,26.4272554110634,False,False,14.825999999999999,20.756400000048544,True,70.73965121673105
277,PostNateMinutely0277 25-09-24 21-09-58.fits,2025-09-24 21:09:58,362.61752469756715,303.6204565665517,4.053645292676394,7.288519291040908,9.545605190639721,17.163151325137893,708.386433475358,428.49718074882446,7730.32671604195,10305.78859218087,True,1,1,640,480,20.52016728394016,26.842291815933564,False,False,17.7912,17.7912,True,134.68874621283533
278,PostNateMinutely0278 25-09-24 21-10-58.fits,2025-09-24 21:10:58,360.8887132246578,299.58641132130396,3.6377044726259022,7.493242025231208,8.566139410038213,17.645236523282755,849.1018051749813,448.9474112015635,7725.31808300337,10298.986506224122,True,1,1,640,480,16.720168633949474,21.40862291313746,False,False,14.825999999999999,17.7912,False,
279,PostNateMinutely0279 25-09-24 21-11-58.fits,2025-09-24 21:11:58,359.226969087196,305.0713331460946,3.87791292554426,9.137606449497818,9.131787089956235,21.517418830881546,761.4837462524413,366.5057149036926,7726.820324635481,10300.359040722902,True,1,1,640,480,19.290103277776176,26.698936750430107,False,False,14.825999999999999,19.273799999999998,False,
280,PostNateMinutely0280 25-09-24 21-12-58.fits,2025-09-24 21:12:58,358.8342577953232,305.7596137016859,3.861272910612283,8.413878327229268,9.0926028492448,19.813169341410955,780.1053198014406,406.20516451984906,7725.441461667216,10298.470716806227,True,1,1,640,480,17.3734458728542,24.732159773997548,False,False,13.343399999999999,19.273799999999998,False,
281,PostNateMinutely0281 25-09-24 21-13-58.fits,2025-09-24 21:13:58,359.49001566940154,310.27382419454943,4.204518543365197,6.858796191967228,9.900884545620693,16.151230757626372,749.3834588685658,482.7704956162127,7726.886131300312,10301.677065005504,True,1,1,640,480,16.841877491473664,22.29794868764729,False,False,14.825999999999999,19.273799999999998,True,136.06243719573283
282,PostNateMinutely0282 25-09-24 21-14-59.fits,2025-09-24 21:14:59,363.1961302066803,306.3595722135163,3.4094173007176996,8.593410260539807,8.02856420160535,20.23593473669377,826.0379718013737,384.04158158619214,7730.911816177313,10305.355329200796,True,1,1,640,480,21.874654651922416,27.43205138629496,False,False,19.273799999999998,21.136585719212597,False,
283,PostNateMinutely0283 25-09-24 21-15-59.fits,2025-09-24 21:15:59,362.6465374175929,305.80815517828995,3.8337544803446297,7.520933506595828,9.027801898042744,17.71044497867676,746.3839258071375,426.7316313906963,7725.619377663989,10299.008701081515,True,1,1,640,480,18.30623629033504,24.678390898835932,False,False,14.825999999999999,16.3086,False,
284,PostNateMinutely0284 25-09-24 21-16-59.fits,2025-09-24 21:16:59,361.56225536820386,301.7451493275783,4.428675053224059,7.912876448956307,10.42873278826052,18.63340007585563,681.2672112050559,413.7244309204237,7725.415975001318,10299.214426913375,True,1,1,640,480,18.529470222765266,23.17371930649072,False,False,14.825999999999999,19.273799999999998,False,
285,PostNateMinutely0285 25-09-24 21-17-58.fits,2025-09-24 21:17:58,363.1452876164122,300.73700626003813,4.55207735384692,7.128939371338942,10.719322999370169,16.787369331439276,634.3365318807549,441.17795929566734,7724.232793947684,10297.631928950379,True,1,1,640,480,18.106630077670708,24.58383087439716,False,False,13.343399999999999,19.273799999994605,True,133.0516783677091
286,PostNateMinutely0286 25-09-24 21-18-58.fits,2025-09-24 21:18:58,361.886212734572,305.8790462782401,3.2206583110902605,8.091274651522646,7.584070749150868,19.053495739256334,861.2055890818204,414.52626098431654,7725.857020540775,10298.111778939387,True,1,1,640,480,20.92170888227666,24.56046364789256,False,False,16.3086,17.7912,False,
287,PostNateMinutely0287 25-09-24 21-19-58.fits,2025-09-24 21:19:58,361.1676979687253,304.34802179552366,3.5780299155029645,6.058256821244524,8.425616566746774,14.266104600612087,787.9499901100795,509.20933547650446,7725.8578769634205,10299.756770774324,True,1,1,640,480,16.842899876324882,22.684784612905496,False,False,14.825999999999999,20.7564,False,
288,PostNateMinutely0288 25-09-24 21-20-58.fits,2025-09-24 21:20:58,359.66066975134476,301.575850420092,3.851449440531666,8.495812775121259,9.069470344987202,20.006110221685557,784.7815380349614,397.89375557102585,7724.071249519652,10296.892742595368,True,1,1,640,480,19.147867235637484,24.768972818967292,False,False,16.3086,19.285249710621134,True,303.70911042064654
289,PostNateMinutely0289 25-09-24 21-21-58.fits,2025-09-24 21:21:58,359.953193669331,304.3482445106595,2.674776556511079,7.920615015606354,6.298617451251147,18.651623007722968,1056.903335605359,419.5481210100172,7726.432517713377,10299.319324673746,True,1,1,640,480,18.17700744436288,25.04321280215205,False,False,16.3086,17.7912,True,76.25653475739357
290,PostNateMinutely0290 25-09-24 21-22-58.fits,2025-09-24 21:22:58,360.1466984746986,309.68462551400586,4.576790943756362,7.466932563694703,10.777519056273597,17.583282475882623,648.5696012054864,438.18095592013566,7726.686572111793,10300.66384174589,True,1,1,640,480,16.494871410130497,25.11422080917332,False,False,13.343399999999999,20.7564,False,
291,PostNateMinutely0291 25-09-24 21-23-58.fits,2025-09-24 21:23:58,361.7492731450232,306.6576527887594,4.938277512133061,6.885173338415314,11.628754873496499,16.213344190813043,593.5019483068215,439.82642596810825,7725.378718792879,10299.996301589877,True,1,1,640,480,18.776401841465784,29.147675965652027,False,False,14.825999999999999,22.238999999999997,False,
292,PostNateMinutely0292 25-09-24 21-24-59.fits,2025-09-24 21:24:59,359.83949408999626,307.5424413962191,3.4476486452386843,7.191566517431581,8.11859213803185,16.934844990421304,818.856539721698,462.2048655487553,7731.377286593148,10305.887552453905,True,1,1,640,480,19.44109354961548,27.53715076663167,False,False,16.3086,18.532490748818116,True,116.18649976464147
293,PostNateMinutely0293 25-09-24 21-25-59.fits,2025-09-24 21:25:59,359.0863631397207,304.2835103066123,3.589189922909901,8.527618376227714,8.451896375891323,20.0810066887153,809.6391295543049,401.7555205463791,7727.249792283674,10300.283847945544,True,1,1,640,480,17.961472711696047,21.92460758241883,False,False,16.3086,19.273799999999998,False,
294,PostNateMinutely0294 25-09-24 21-26-58.fits,2025-09-24 21:26:58,361.27911320491876,305.0117812615543,3.9866279860483687,5.948968446382899,9.387791493628063,14.008750144799075,739.4092491737699,530.0262443953429,7727.707949201792,10302.538180861618,True,1,1,640,480,18.6916882089071,21.925175969252212,False,False,14.825999999999999,20.75640107086681,False,
295,PostNateMinutely0295 25-09-24 21-27-58.fits,2025-09-24 21:27:58,360.1215383420882,308.09746624032806,3.95041538677288,9.113021318685924,9.302517338971468,21.45952527203599,746.66021815411,371.3643980511107,7727.370943880799,10300.891539699225,True,1,1,640,480,15.513298674431192,28.26445796067229,False,False,14.82600000000809,17.7912,False,
296,PostNateMinutely0296 25-09-24 21-28-58.fits,2025-09-24 21:28:58,361.856505362971,306.0122148168323,4.463635128592994,7.815863956819843,10.51105747451508,18.404953114754278,671.9395461519401,426.6246485861693,7726.371699148464,10300.07874558183,True,1,1,640,480,19.097004703416452,25.771055115110123,False,False,14.825999999999999,17.7912,False,
297,PostNateMinutely0297 25-09-24 21-29-58.fits,2025-09-24 21:29:58,358.53493717042454,305.335150359184,4.4732048114703264,6.895558067103431,10.533592355579213,16.237798358090025,693.2709116748766,450.9151782356241,7729.186855984363,10305.539814874794,True,1,1,640,480,19.01595572200035,25.106137784654166,False,False,16.3086,17.7912,False,
298,PostNateMinutely0298 25-09-24 21-30-58.fits,2025-09-24 21:30:58,358.8211518167289,299.708107735248,3.2538612485633105,7.176752986124407,7.662257691866316,16.899961789961477,972.6462153259351,471.0992137440025,7731.338879521478,10307.323298594909,True,1,1,640,480,20.25762108999714,25.268916977917126,False,False,16.310868697054982,22.238999999999997,True,117.34764748314872
299,PostNateMinutely0299 25-09-24 21-31-58.fits,2025-09-24 21:31:58,360.71089306939433,303.31790528994634,4.055063818456817,8.20386807028612,9.548945563581855,19.318632978699128,736.1412550956376,425.41989973358324,7724.927288306087,10297.265926881943,True,1,1,640,480,17.812960020583702,22.989788339677666,False,False,14.825999999999999,17.7912,False,
300,PostNateMinutely0300 25-09-24 21-32-58.fits,2025-09-24 21:32:58,360.32298386078423,307.99057405508296,4.281719245729399,7.306317945322812,10.082678307038387,17.205063953015497,698.8952283927578,433.5215649826546,7725.906222172989,10300.29456107424,True,1,1,640,480,15.198662357794834,24.356713463728962,False,False,14.825999999999999,19.273799999999998,False,
301,PostNateMinutely0301 25-09-24 21-33-59.fits,2025-09-24 21:33:59,359.56648221923166,307.47864335155873,4.045818468580708,8.772933237737837,9.52717442837027,20.658679041943323,779.4901286382784,411.820890237295,7728.1232932421835,10301.766374813109,True,1,1,640,480,16.30233922549293,27.548331316682386,False,False,14.825999999999999,20.7564,False,
302,PostNateMinutely0302 25-09-24 21-34-59.fits,2025-09-24 21:34:59,359.1968043320099,312.42087608501424,4.00308835944334,4.5410860236999255,9.426552710847234,10.693440394818474,736.0565599635613,668.8244644332702,7723.753470584222,10297.864364800998,True,1,1,640,480,17.206289779849623,21.794509729715916,False,False,16.3086,16.3086,True,61.383546309080714
303,PostNateMinutely0303 25-09-24 21-35-59.fits,2025-09-24 21:35:59,358.5034809483889,300.3629653751849,3.7578530619848918,7.533358769594088,8.849067716642953,17.739704237049846,774.533361417902,421.7037264633008,7726.037892887391,10299.99339443818,True,1,1,640,480,17.640007153275093,24.942215744252444,False,False,14.825999999999999,20.7564,False,
304,PostNateMinutely0304 25-09-24 21-36-58.fits,2025-09-24 21:36:58,361.3567540212791,309.53501801727407,4.1599537993467095,5.915611442390868,9.795942593104288,13.930200403156464,728.5285744537562,522.8430627169519,7726.5176547232595,10301.698246156626,True,1,1,640,480,16.58435339875449,25.327606376265077,False,False,14.825999999999999,17.7912,False,
305,PostNateMinutely0305 25-09-24 21-37-58.fits,2025-09-24 21:37:58,361.2334462506902,306.7769297889717,3.88300127202009,8.26140730469016,9.143769230233582,19.454127521249497,753.0668552796708,407.2973530002189,7725.465967149404,10298.319944854366,True,1,1,640,480,16.995194473712278,29.875294263393933,False,False,14.825999999999999,19.273799999999998,False,
306,PostNateMinutely0306 25-09-24 21-38-58.fits,2025-09-24 21:38:58,358.28729376882694,306.6223672916135,3.962291059582003,8.672008253376179,9.33048241135062,20.421018865724058,715.373481996694,373.92417755619493,7726.35299555473,10299.67254746454,True,1,1,640,480,15.592434808993572,24.78530809563853,False,False,14.825999999999999,17.7912,False,
307,PostNateMinutely0307 25-09-24 21-39-58.fits,2025-09-24 21:39:58,360.0299006460267,308.73496337182274,3.615496805732243,7.113531014094652,8.513844350883653,16.751085422939422,830.8263225175647,453.0687164268554,7729.650726359838,10305.056961866565,True,1,1,640,480,20.201653653986153,25.04574133663962,False,False,17.7912,22.236775079536557,False,
308,PostNateMinutely0308 25-09-24 21-40-58.fits,2025-09-24 21:40:58,358.9852848479948,307.3364816868999,4.56912971690502,7.666651928341522,10.759478245714527,18.053585639133797,683.4930351296181,440.3901485307305,7724.396686347743,10297.872553914722,True,1,1,640,480,15.629993943094236,24.25329676257404,False,False,14.825999999999999,20.756393536804786,False,
309,PostNateMinutely0309 25-09-24 21-41-58.fits,2025-09-24 21:41:58,357.91779432052783,305.30134665018494,3.2136296343932282,7.190108181486778,7.567519480374655,16.931410871706092,913.7363416049992,443.17740338881157,7725.513298755039,10299.378427835512,True,1,1,640,480,17.184243720964382,23.031396888155765,False,False,14.825999999999999,19.27671558841429,False,
310,PostNateMinutely0310 25-09-24 21-42-59.fits,2025-09-24 21:42:59,358.50535421522017,305.7924950442543,3.704536406254235,8.39191797521248,8.72351658699439,19.761456664285888,807.8001960149348,399.80349360052867,7725.256018174095,10298.447845924455,True,1,1,640,480,17.231275216025836,26.415499955623545,False,False,14.825999999999999,18.238140679645504,False,
311,PostNateMinutely0311 25-09-24 21-43-59.fits,2025-09-24 21:43:59,359.69042889355063,306.79209957607236,3.69959912771495,6.659123006766045,8.71189018452218,15.681036338659448,781.3921951564723,469.9726254245959,7725.501162536595,10299.42133812797,True,1,1,640,480,17.81519021776537,25.27032450668642,False,False,13.343399999999999,21.4977,True,79.65463629520171
312,PostNateMinutely0312 25-09-24 21-44-58.fits,2025-09-24 21:44:58,361.2036251264094,310.4483850970169,4.586414321635091,6.216682645809134,10.800180379403336,14.639168907947386,648.3005011584548,492.9708066870619,7725.8466482746935,10300.652248035982,True,1,1,640,480,19.409822174834257,21.723102654506015,False,False,16.3086,17.791200893873615,False,
313,PostNateMinutely0313 25-09-24 21-45-58.fits,2025-09-24 21:45:58,356.9029882668168,310.6418482067631,3.2448350196951625,7.617329173711089,7.641002547196564,17.93743942785391,917.6644107959354,439.2573593564984,7727.148576790721,10300.941463027475,True,1,1,640,480,18.371947904466758,24.534885813856945,False,False,14.825999999999999,19.273799999999998,False,
314,PostNateMinutely0314 25-09-24 21-46-58.fits,2025-09-24 21:46:58,358.536708329218,314.6240102759731,3.797842477042157,7.114372458062435,8.943235592808865,16.753066872061527,809.646683372354,462.03250402317224,7733.389597241058,10310.078196010585,True,1,1,640,480,19.230538219412793,24.5812399160306,False,False,17.7912,19.273799999999998,True,118.930562299582
315,PostNateMinutely0315 25-09-24 21-47-58.fits,2025-09-24 21:47:58,358.9311128813338,314.1309516333926,3.8402895985498504,6.5879953054507805,9.043190925389045,15.51354340184529,808.4753674606211,502.1332600278216,7725.586674696717,10299.720717553508,True,1,1,640,480,15.628435966366382,24.6057978460496,False,False,13.343399999999999,20.7564,False,
316,PostNateMinutely0316 25-09-24 21-48-58.fits,2025-09-24 21:48:58,357.70978187845697,316.9596694318279,4.0569994753889125,6.960569642045977,9.553503687325856,16.390888917923768,755.0141948652506,460.81218808627517,7726.499947656926,10301.245732056519,True,1,1,640,480,15.522746286726175,23.45672537971157,False,False,13.343399999999999,20.551949750085335,False,
317,PostNateMinutely0317 25-09-24 21-49-58.fits,2025-09-24 21:49:58,359.68942930690037,314.7066304775046,4.359149005517346,7.793956028668159,10.265011457468974,18.35336388639759,701.3405700638175,427.4839802066468,7728.408774373594,10303.111328339312,True,1,1,640,480,18.234958218228474,22.34193389008283,False,False,17.049899999999997,19.27379998161029,False,
318,PostNateMinutely0318 25-09-24 21-50-58.fits,2025-09-24 21:50:58,359.86026079691317,315.93533951417874,4.305578937451358,8.2480081172319,10.138863587373514,19.42257484603566,699.7144641721775,396.5380718532353,7730.455221106896,10305.926454468512,True,1,1,640,480,22.01645112813345,25.93097506473531,False,False,14.825999999999999,20.75569265848652,True,105.95694711457831
319,PostNateMinutely0319 25-09-24 21-51-59.fits,2025-09-24 21:51:59,356.44808120599424,315.42876280159766,3.457919247447589,9.023605468944433,8.142777557987918,21.24896703672125,853.2329504919743,383.7203911693224,7726.289714472533,10299.045199525573,True,1,1,640,480,18.741613699460345,28.385464980359956,False,False,14.825999999999999,16.308622991366146,False,
320,PostNateMinutely0320 25-09-24 21-52-59.fits,2025-09-24 21:52:59,359.9397782175309,313.5647325098107,3.6444821171796096,7.980624614543554,8.582099543291378,18.792934814194556,837.41563175731,422.5615449158528,7726.373289257479,10300.158093269574,True,1,1,640,480,17.231596782357354,22.44892601582168,False,False,13.343399999999999,19.273799999999998,False,
321,PostNateMinutely0321 25-09-24 21-53-59.fits,2025-09-24 21:53:59,358.2474622088346,314.0138227188591,3.2207068313123735,7.514088078153738,7.58418500554249,17.694325226564505,866.5854815647267,427.79330581341173,7731.434306118524,10306.367712744772,True,1,1,640,480,19.512304982907168,29.856329101144137,False,False,16.3086,22.238999989892267,False,
322,PostNateMinutely0322 25-09-24 21-54-58.fits,2025-09-24 21:54:58,357.911820255575,318.3800395258826,4.207452010792622,9.337340954494135,9.90779233352024,21.987757646931204,674.0726548025777,359.8256882548899,7726.81075077137,10299.67956745821,True,1,1,640,480,18.462867847506608,28.36965302711528,False,False,16.3086,19.273799999999998,False,
323,PostNateMinutely0323 25-09-24 21-55-58.fits,2025-09-24 21:55:58,359.6527031721123,317.4639542033818,3.7858979630737135,7.1406906454224695,8.915108411887822,16.81504146720582,760.6510640077774,443.5996223338398,7731.388349935158,10307.014552170464,True,1,1,640,480,23.475057906157463,22.212281409491407,False,False,17.7912,17.957790489728623,True,135.67994234320847
324,PostNateMinutely0324 25-09-24 21-56-58.fits,2025-09-24 21:56:58,358.7169491909732,314.9853804069938,4.3748171052499245,7.238952002343797,10.301907012786794,17.046429280136103,708.9813449741338,429.9419127768631,7724.0910656751375,10298.732392610073,True,1,1,640,480,17.009794086045307,27.789048576141113,False,False,14.825999999999999,17.79135105540191,True,145.33850839627746
325,PostNateMinutely0325 25-09-24 21-57-58.fits,2025-09-24 21:57:58,356.56141631574934,314.93974188706125,2.7235472422175215,7.426129186684702,6.413463639562582,17.487197865794517,1098.2932720926656,458.3789211766315,7731.668811122009,10306.7364265978,True,1,1,640,480,20.874185694772322,23.58342793211432,False,False,19.273799999999998,19.273799993737953,True,232.2122560084209
326,PostNateMinutely0326 25-09-24 21-58-58.fits,2025-09-24 21:58:58,357.85419005625755,323.0384318053244,3.813307651693313,8.454357225299509,8.979653296077311,19.908489861987523,776.1105815072129,363.71979472048224,7731.255487894576,10307.73765677686,True,1,1,640,480,20.21026187549842,31.960191138692227,False,False,16.3086,20.7564,True,77.95491602122945
327,PostNateMinutely0327 25-09-24 21-59-58.fits,2025-09-24 21:59:58,357.14359935072935,318.89523279546825,3.8907618160050035,6.7922927607411925,9.162043914769601,15.994627144711966,793.7640958416154,489.2259786247186,7727.283846872442,10301.819915178501,True,1,1,640,480,17.19464385186416,23.465412943281503,False,False,14.825999999999999,17.79120000324429,False,
328,PostNateMinutely0328 25-09-24 22-00-59.fits,2025-09-24 22:00:59,357.2669806819745,318.0363678163249,3.957905153612082,7.8532286419501744,9.32015439205703,18.49294022427545,741.5318394352895,421.25564303159496,7726.059788859873,10299.463604216297,True,1,1,640,480,17.092688210930515,25.845466893482428,False,False,16.3086,20.7564,True,238.28139092392468
329,PostNateMinutely0329 25-09-24 22-01-59.fits,2025-09-24 22:01:59,356.87962659405747,313.8301751721705,3.2796403073742293,7.967191396346285,7.722962736296299,18.761302002714352,901.2826903232549,416.4889669239715,7725.941718744219,10299.363307205747,True,1,1,640,480,17.66854577489706,24.97457003401861,False,False,16.3086,19.273799999999998,False,
330,PostNateMinutely0330 25-09-24 22-02-59.fits,2025-09-24 22:02:59,358.3414062252103,321.35197642138536,4.249356898765268,8.68247879928,10.006470803703003,20.445675117100794,756.8864475601125,401.14111581956723,7725.42653123197,10299.176388130758,True,1,1,640,480,17.461822776042816,25.481632351602236,False,False,14.825999999999999,17.337143401659066,False,
331,PostNateMinutely0331 25-09-24 22-03-59.fits,2025-09-24 22:03:59,355.7152423476891,318.15391637756113,3.0087517527322336,6.871595376787566,7.0850689378558664,16.18137053460136,892.2367582680672,473.8567302279287,7730.820170301405,10304.775079249386,True,1,1,640,480,22.323724094286117,23.473240783145247,False,False,16.3086,20.7564,False,
332,PostNateMinutely0332 25-09-24 22-04-58.fits,2025-09-24 22:04:58,356.7406822895426,314.39083609995214,2.995226060452776,7.331031719936412,7.053218366553279,17.26326044486398,988.0520897779105,435.43210372733955,7726.296540002199,10300.513385483777,True,1,1,640,480,18.70782140534309,22.45582927173191,False,False,15.5673,22.238999999999997,False,
333,PostNateMinutely0333 25-09-24 22-05-58.fits,2025-09-24 22:05:58,356.7510823905318,316.1976909342361,3.1903645661279914,6.263215127618225,7.512734431274661,14.748744528856472,932.9968685981873,504.73995756164356,7725.610577971845,10299.849601508718,True,1,1,640,480,17.613054277473676,23.760034080603464,False,False,16.3086,17.7912,False,
334,PostNateMinutely0334 25-09-24 22-06-58.fits,2025-09-24 22:06:58,358.5805447282651,311.3458999258642,3.8631709331887962,7.965185278866938,9.097072350853896,18.7565779570613,778.516265722415,409.4848714863935,7723.211268230098,10296.288174768235,True,1,1,640,480,17.8377797009011,21.60723848389984,False,False,14.0847,18.54857691776237,False,
335,PostNateMinutely0335 25-09-24 22-07-58.fits,2025-09-24 22:07:58,359.25839863494934,313.60470478943313,3.355806903177818,7.227387196199858,7.902321362856361,17.019196242811457,907.6475721336118,486.6886747159733,7724.351696925708,10296.672846629646,True,1,1,640,480,17.2227154178726,28.057389637473047,False,False,14.825999999999999,16.3086,False,
336,PostNateMinutely0336 25-09-24 22-08-58.fits,2025-09-24 22:08:58,357.82875505343395,317.18561910713703,4.339345248549466,8.441478906418501,10.21837717359409,19.878163738540223,695.5444260774182,407.52262495968466,7727.250743734032,10300.79784168554,True,1,1,640,480,16.192692531971552,25.451813772047572,False,False,14.825999999999999,17.7912,False,
337,PostNateMinutely0337 25-09-24 22-09-58.fits,2025-09-24 22:09:58,361.5705166086533,313.33115789764423,3.8599286522449017,7.019388454679836,9.089437362695591,16.5293966369389,742.5870449210789,449.27560736956883,7729.9533884821985,10305.104159954852,True,1,1,640,480,20.003759390973933,25.711195431978386,False,False,17.05035482404784,20.752170042487332,True,221.6008895121983
338,PostNateMinutely0338 25-09-24 22-10-59.fits,2025-09-24 22:10:59,360.4361465243297,312.7475164248391,3.9663968938318233,8.585034843600832,9.340150912143672,20.21621213700038,734.7964823734466,380.5599247324696,7724.713196431628,10297.776133527706,True,1,1,640,480,16.54006022529708,23.738535327925234,False,False,13.343399999999999,19.2737999999973,False,
339,PostNateMinutely0339 25-09-24 22-11-59.fits,2025-09-24 22:11:59,359.87407111306834,307.1699156731005,4.307788957617527,8.220671859374272,10.144067787160731,19.358202878076384,709.5128870834428,405.3981072263649,7723.899471371088,10297.090204760314,True,1,1,640,480,19.137778750851638,21.009319533892615,False,False,16.17686521001982,17.990978285189758,False,
340,PostNateMinutely0340 25-09-24 22-12-58.fits,2025-09-24 22:12:58,357.4601981984389,315.3019050055266,3.457632438813634,7.774118152843532,8.142102175267594,18.306649258754927,880.6983588128196,423.74873086273277,7725.587481247506,10299.482256035557,True,1,1,640,480,17.044808665719547,28.12949016927636,False,False,14.825999999999999,20.7564,False,
341,PostNateMinutely0341 25-09-24 22-13-58.fits,2025-09-24 22:13:58,362.8109341146262,306.09000667761603,3.411989155876683,8.121299685734416,8.034620457686641,19.12419929167095,814.9467327957977,403.700534498776,7726.570462422682,10299.493408652987,True,1,1,640,480,19.07866075214127,25.521572414398847,False,False,16.3086,17.7912,False,
342,PostNateMinutely0342 25-09-24 22-14-58.fits,2025-09-24 22:14:58,359.2976419266059,310.6010384775432,3.385002346891085,7.455159912824641,7.9710713789359335,17.55556000163065,888.7881218041457,451.3795338139229,7728.830755952146,10303.245684654503,True,1,1,640,480,18.92173839539853,23.347279127448477,False,False,16.3086,20.7564,True,39.284803031626986
343,PostNateMinutely0343 25-09-24 22-15-58.fits,2025-09-24 22:15:58,358.6614938472211,315.3229780848037,3.2805584670385226,8.367591414308754,7.725124837078316,19.704171991043125,944.2433797123857,414.6888257310662,7726.98649049584,10300.704444972405,True,1,1,640,480,17.142136108946392,28.765877319000705,False,False,14.825999999999999,16.3086,False,
344,PostNateMinutely0344 25-09-24 22-16-58.fits,2025-09-24 22:16:58,360.212753816333,310.2122261614025,3.9316145205755997,6.586731040029427,9.258244682386168,15.510566284288847,728.1723414889158,490.3354949286192,7724.877799341308,10297.921505306233,True,1,1,640,480,17.69101706757942,21.791830697875522,False,False,14.825999999999999,17.7912,True,234.5304207118094
345,PostNateMinutely0345 25-09-24 22-17-58.fits,2025-09-24 22:17:58,360.548665212237,307.23743628296626,3.1533422295412596,8.552670374448045,7.425553490966343,20.13999963629261,906.0573096713061,406.0987150933921,7726.856703678913,10299.258140326167,True,1,1,640,480,19.161912768636014,24.70069908156352,False,False,14.825999999999999,17.7912,True,104.24508894706935
346,PostNateMinutely0346 25-09-24 22-18-58.fits,2025-09-24 22:18:58,364.1665255504442,307.0239313818334,4.361048533828967,7.011552690869944,10.269484504813283,16.510944823251236,632.0835100687198,442.02438028511153,7726.742752634017,10300.533883451853,True,1,1,640,480,19.20282730685784,21.188295553341366,False,False,14.825999999999999,17.791200117296082,False,
347,PostNateMinutely0347 25-09-24 22-19-59.fits,2025-09-24 22:19:59,360.7621522314504,306.98358004342754,3.716490407465498,7.356349807093183,8.751666108664995,17.322879984002586,797.4885637195988,438.5323938590612,7725.843294119633,10299.755464527974,True,1,1,640,480,18.246443862434706,28.2910004107873,False,False,15.567252060997358,19.273799999999998,False,
348,PostNateMinutely0348 25-09-24 22-20-59.fits,2025-09-24 22:20:59,358.67153094562883,304.303475287732,3.5533679282672224,7.818288895014905,8.367542024853751,18.410663407823968,848.2680330607913,429.3343424841617,7731.042968656084,10306.268961084385,True,1,1,640,480,20.4335850094414,24.629542753197555,False,False,16.3086,22.238999999999997,False,
349,PostNateMinutely0349 25-09-24 22-21-59.fits,2025-09-24 22:21:59,360.6149387562199,310.9205772888724,3.0079252701220947,7.414543132028764,7.0831227200386415,17.45991479204789,974.340847568624,430.6564049475214,7726.590176684339,10300.750070615653,True,1,1,640,480,19.089667919445127,30.76539764994358,False,False,15.5673,19.273799999999998,False,
350,PostNateMinutely0350 25-09-24 22-22-58.fits,2025-09-24 22:22:58,358.6213303741839,309.80095813996166,2.952879265968333,7.546832291293492,6.9534992860585065,17.771431956024763,1048.5983669387867,478.9360954115289,7727.863305270005,10301.112325931295,True,1,1,640,480,18.017354141725317,26.887810999468268,False,False,14.825999999999999,22.238999999999997,False,
351,PostNateMinutely0351 25-09-24 22-23-58.fits,2025-09-24 22:23:58,358.34707374656153,310.6027143471445,3.487595070300423,8.327341207931035,8.212658780494559,19.60938999824824,820.8170959928095,403.2847962624632,7729.875517564154,10303.912531386382,True,1,1,640,480,21.52745868569302,26.155894439667943,False,False,17.7912,19.273799999999998,False,
352,PostNateMinutely0352 25-09-24 22-24-58.fits,2025-09-24 22:24:58,358.7356945264969,303.96350052294866,4.157262176274455,8.14319431560533,9.789604305140074,19.175757204969514,718.7823002203407,405.5300742106382,7725.123089746434,10298.52361644362,True,1,1,640,480,15.917953891740956,29.952853744443743,False,False,14.825999999999999,19.273799999999998,False,
353,PostNateMinutely0353 25-09-24 22-25-58.fits,2025-09-24 22:25:58,359.65743538092187,300.79121379383116,4.657316342167364,6.486442739628845,10.967141878585927,15.27440538422347,635.4227227333945,480.63067099529815,7732.442145218621,10309.096619761414,True,1,1,640,480,21.457577834925736,24.91329281691081,False,False,16.3086,20.7564,False,
354,PostNateMinutely0354 25-09-24 22-26-58.fits,2025-09-24 22:26:58,358.56984522516655,307.234038340141,3.540021167744317,7.263529774035478,8.336112805638185,17.104305509577866,825.8685397755612,434.1358167604357,7724.568189604398,10298.224380403628,True,1,1,640,480,16.527387091930393,23.147017703946993,False,False,13.343399999999999,20.7564,False,
355,PostNateMinutely0355 25-09-24 22-27-58.fits,2025-09-24 22:27:58,359.9656170155934,304.95486864573803,3.2084386066920234,7.824301981402064,7.555295544289547,18.424823144180955,908.6774793282651,437.9617564913972,7725.6938842579775,10298.255049988056,True,1,1,640,480,18.20934880651059,21.629944809710473,False,False,14.825999999999999,16.30860007342669,False,
356,PostNateMinutely0356 25-09-24 22-28-59.fits,2025-09-24 22:28:59,360.7387096628094,306.08233255884016,3.546752133967668,7.193492285512764,8.35196301982336,16.939379827700954,793.3377005340836,446.4347069561879,7730.732686075301,10305.566983842435,True,1,1,640,480,22.372231896027138,25.642963035396928,False,False,17.7912,20.75639999985437,False,
357,PostNateMinutely0357 25-09-24 22-29-59.fits,2025-09-24 22:29:59,359.187034058987,304.20803634694545,3.1723582504486747,5.912877461048366,7.470332798175852,13.923762369088397,939.5391026152467,502.40587389398775,7729.182589852542,10305.628434788108,True,1,1,640,480,19.43383798172936,25.534322771559047,False,False,14.825999999999999,20.7564,False,
358,PostNateMinutely0358 25-09-24 22-30-58.fits,2025-09-24 22:30:58,358.04547611848795,302.0479427083979,3.3648971889445387,5.501031387005327,7.923727349994893,12.95393897846455,892.1600672750719,563.8847560940027,7725.167241382703,10299.70118767399,True,1,1,640,480,16.694043140620597,21.03945319553106,False,False,14.825999999999999,19.273799999999998,False,
359,PostNateMinutely0359 25-09-24 22-31-58.fits,2025-09-24 22:31:58,360.1959212050464,307.52807996214045,4.006227340165544,7.827582625503602,9.433944445572847,18.43254847067187,764.8109727980059,430.7896453101012,7725.271366168624,10298.753219425973,True,1,1,640,480,17.29040371843978,23.6800819945616,False,False,14.825999999999999,16.3086,False,
360,PostNateMinutely0360 25-09-24 22-32-58.fits,2025-09-24 22:32:58,360.14840080918435,306.44186131690907,2.9798333518617652,6.7687616836641995,7.016971307815846,15.939215692729894,1030.8169135485725,508.84050419740083,7733.178880668236,10308.959626026335,True,1,1,640,480,21.07292702186728,23.712819989083883,False,False,17.7912,22.797142651510477,True,101.36047218308808
361,PostNateMinutely0361 25-09-24 22-33-58.fits,2025-09-24 22:33:58,360.6418990857954,306.11777438533073,5.820297599350839,6.906964850215192,13.70575345499687,16.26465927961092,516.0326121522206,411.7898717756448,7726.189740284029,10302.417921490714,True,1,1,640,480,20.772588219285694,21.57019908210438,False,False,16.3086,20.7564,True,224.14293126749277
362,PostNateMinutely0362 25-09-24 22-34-58.fits,2025-09-24 22:34:58,362.52136724494096,302.70288874692716,3.6890842168342868,7.428352439542349,8.687129461608679,17.492433226188876,816.5949545373775,443.9310677107313,7726.721583608909,10300.806147958298,True,1,1,640,480,15.220120497879002,26.846314741696855,False,False,14.825999999999999,19.273799999999998,False,
363,PostNateMinutely0363 25-09-24 22-35-58.fits,2025-09-24 22:35:58,359.5135310556516,301.7012416989762,3.475642603312946,7.123808817719373,8.184512871644877,16.775287800933807,822.9807263145577,451.6896188998606,7727.973552163383,10302.098532576605,True,1,1,640,480,17.302760760632193,25.078171808306646,False,False,16.3086,19.273799999999998,False,
364,PostNateMinutely0364 25-09-24 22-36-59.fits,2025-09-24 22:36:59,360.7634495351222,291.9562234012459,4.454375470493928,7.607110441689782,10.489252646013268,17.91337615285534,685.1214008675539,426.34111188563946,7729.46140938331,10304.948840021983,True,1,1,640,480,20.39832786799105,30.291526178366173,False,False,16.3086,20.7564,True,115.30747890846003
365,PostNateMinutely0365 25-09-24 22-37-59.fits,2025-09-24 22:37:59,362.15144677913275,302.4965099063544,3.909060387922958,7.279558798862673,9.20513375871744,17.142050978543242,761.7871606150562,455.7913034103026,7729.7087215805905,10304.50230972841,True,1,1,640,480,20.207838122697442,24.239375660985502,False,False,17.7912,19.273800000009437,False,
366,PostNateMinutely0366 25-09-24 22-38-58.fits,2025-09-24 22:38:58,361.9871111490675,296.4174294747991,4.520175799121736,7.73634403348601,10.644200578835653,18.217698005308442,644.4820426348284,399.76829192519926,7731.312125567832,10307.47841215647,True,1,1,640,480,21.492291603161565,23.50183803388559,False,False,16.3086,19.3001136462326,True,78.44005752382023
367,PostNateMinutely0367 25-09-24 22-39-58.fits,2025-09-24 22:39:58,361.1729236746248,298.67271115605536,2.7615478950446817,6.116547976433077,6.502948338564241,14.403369781298101,1070.605671116896,506.9648314270457,7726.276689405564,10300.948457846152,True,1,1,640,480,18.126007101822314,22.89966864108433,False,False,13.343399999999999,20.756430897672125,False,
368,PostNateMinutely0368 25-09-24 22-40-58.fits,2025-09-24 22:40:58,357.62000864149127,299.79433949542175,3.2182602546017915,6.584799595356894,7.578423757662705,15.506018079658098,898.2230200356447,487.7681498685867,7725.811017076958,10299.404316974831,True,1,1,640,480,17.387214717541077,23.337903009227013,False,False,14.825999999999999,19.7494287280992,True,149.79994364966012
369,PostNateMinutely0369 25-09-24 22-41-58.fits,2025-09-24 22:41:58,357.73561512348044,296.9012949851975,3.2164036718247737,6.887678340665807,7.574051839324125,16.21924302032535,945.7005769385258,484.7913083391691,7726.0475803020345,10299.844064848196,True,1,1,640,480,18.00981661768961,25.914521812816307,False,False,14.825999999999999,20.7564,True,227.1100611329057
370,PostNateMinutely0370 25-09-24 22-42-58.fits,2025-09-24 22:42:58,358.3557203290945,303.58146332910763,3.4332632233555738,8.259920015515338,8.084717058225275,19.45062522288787,860.6073550017344,426.16515404528394,7725.249510214916,10297.380088865937,True,1,1,640,480,18.046235662213807,21.963640709515346,False,False,14.825999999999999,19.273799999999998,False,
371,PostNateMinutely0371 25-09-24 22-43-58.fits,2025-09-24 22:43:58,361.25838709243067,301.1711592189998,4.693642985946942,7.6844166945569405,11.052684587526779,18.095418466713152,641.2285173405219,414.8904717297823,7728.855947757088,10304.209145046067,True,1,1,640,480,19.233289834802527,25.361821796005323,False,False,17.7912,19.273799999999998,False,
372,PostNateMinutely0372 25-09-24 22-44-59.fits,2025-09-24 22:44:59,359.91693957472785,303.16555750211586,3.3335143914851977,6.888428542783538,7.849826509468491,16.22100961131001,893.4249240908204,475.4828469736136,7730.18851135823,10305.366596204498,True,1,1,640,480,19.483398645886748,23.032033403919506,False,False,17.7912,22.757872681205153,False,
373,PostNateMinutely0373 25-09-24 22-45-59.fits,2025-09-24 22:45:59,358.1524171739291,301.0665232932756,4.363977085500763,6.464174252452283,10.276380716992938,15.221967104247588,706.5113166625905,495.4786473787731,7726.563383933458,10301.459624530158,True,1,1,640,480,15.652310794241115,23.74604602045955,False,False,14.825999999999999,19.27379666082637,False,
374,PostNateMinutely0374 25-09-24 22-46-59.fits,2025-09-24 22:46:59,359.27471472420876,294.5029458049244,3.7322694743180413,6.234164616396245,8.788822971581247,14.680335802712557,786.8856965025604,517.1244181447637,7724.76931244052,10298.193822158122,True,1,1,640,480,17.208193937141385,24.359546810627005,False,False,14.084700380289283,19.273799999999998,False,
375,PostNateMinutely0375 25-09-24 22-47-59.fits,2025-09-24 22:47:59,358.14627801090313,295.9909235653694,4.162898545955491,8.219836949704556,9.802876941446183,19.356236816050345,721.6318284046242,402.89222865401297,7725.843574858291,10299.51828753169,True,1,1,640,480,17.09093977850024,25.265965125971523,False,False,14.825999999999999,20.7564,False,
376,PostNateMinutely0376 25-09-24 22-48-59.fits,2025-09-24 22:48:59,358.7241809683353,292.26973377076655,4.302783298105618,7.667299014740036,10.132280359803488,18.055109411155886,691.1112270510818,450.3870607336955,7726.5047419893945,10299.502042135906,True,1,1,640,480,18.435751932268882,26.11995434338594,False,False,14.825999999999999,19.419499477610575,False,
377,PostNateMinutely0377 25-09-24 22-49-59.fits,2025-09-24 22:49:59,363.45602129763904,299.7673207676946,3.4896730658976627,5.7031434747570415,8.217552086180426,13.429876574045341,829.2288059596086,540.3762144676703,7732.535118655103,10309.064510401873,True,1,1,640,480,20.655579195628533,27.09485439573031,False,False,16.3086,22.238999999999997,True,247.87948179305306
378,PostNateMinutely0378 25-09-24 22-50-59.fits,2025-09-24 22:50:59,360.1204032738016,295.85086612938807,3.6219979430142435,8.038875331426798,8.529153359270806,18.93010476994864,836.2150722525641,432.982916766499,7727.446877037768,10300.902478678323,True,1,1,640,480,19.220613547855194,27.43235454331998,False,False,14.825999999999999,17.7912,False,
379,PostNateMinutely0379 25-09-24 22-51-59.fits,2025-09-24 22:51:59,359.7460918827537,293.8851872496142,3.864290189714284,8.161052053121121,9.099707998555646,19.2178089632306,808.0462978336398,429.6378571922642,7727.409358732102,10301.20836876602,True,1,1,640,480,18.204372210708705,26.540838627505817,False,False,17.7912,17.7912,False,
380,PostNateMinutely0380 25-09-24 22-52-59.fits,2025-09-24 22:52:59,362.081441080088,296.1832000899502,3.437603630350869,6.113132870363923,8.094937935621388,14.39532782107055,830.1096033684906,498.126320170792,7727.343931516695,10302.125073342266,True,1,1,640,480,16.512638399783878,28.236441466640823,False,False,14.825999999999999,19.273799999999998,True,169.96142099598063
381,PostNateMinutely0381 25-09-24 22-53-59.fits,2025-09-24 22:53:59,360.8360451243754,295.87477907190515,3.6471654754005893,7.863091842809383,8.58841836901814,18.516166287366882,780.760046220541,410.91913516117995,7725.390973234654,10298.518429509282,True,1,1,640,480,19.176876786302167,24.491798408688613,False,False,14.825999999999999,19.273799999999998,False,
382,PostNateMinutely0382 25-09-24 22-55-00.fits,2025-09-24 22:55:00,362.2164510355856,297.93533531856065,4.043674595186532,8.129755599054933,9.522125992327656,19.14411144585715,735.6044752879549,404.89502286384004,7725.31862667995,10298.768620346487,True,1,1,640,480,17.102054867900094,25.679608860006837,False,False,13.343399999999999,19.273799999999998,False,
383,PostNateMinutely0383 25-09-24 22-56-00.fits,2025-09-24 22:56:00,358.9577200181287,297.0711918716247,3.9624355203134023,8.144346134484433,9.33082259037664,19.17846953115427,709.6870435368078,380.01649897262286,7726.587715353549,10300.639626716158,True,1,1,640,480,19.754533322995496,28.995627627120797,False,False,14.825999999999999,18.207314028071217,False,
384,PostNateMinutely0384 25-09-24 22-57-00.fits,2025-09-24 22:57:00,359.4880436608957,294.966932188681,3.7105276544963957,7.737775332563093,8.737624898449786,18.22106845706559,761.928368519371,412.5060693128928,7726.50995332162,10300.10863567823,True,1,1,640,480,18.08205147656793,24.077001143417995,False,False,14.0847,16.3086,False,
385,PostNateMinutely0385 25-09-24 22-57-59.fits,2025-09-24 22:57:59,361.35173416649764,302.16467418781997,5.180819006218175,6.749902547176769,12.199896445519881,15.89480582009732,580.8276977974541,444.6082099134866,7725.564291405478,10300.794693567612,True,1,1,640,480,18.34483910662329,27.245682221787842,False,False,16.3086,19.273899159203726,True,42.82037251928875
386,PostNateMinutely0386 25-09-24 22-58-59.fits,2025-09-24 22:58:59,359.97882412341033,294.8578057440877,3.4590316834564794,7.881734367748874,8.145397144600468,18.560066078784384,821.0064899920861,415.16148152287053,7725.933527801278,10298.987145240471,True,1,1,640,480,17.81749187256013,25.05863923747902,False,False,14.825999999999999,17.7912,True,116.13507400243947
387,PostNateMinutely0387 25-09-24 22-59-59.fits,2025-09-24 22:59:59,360.29253096431415,295.4483315924362,2.9406930477705213,6.73251721231229,6.924802935173179,15.853866485068869,992.6716920616024,484.8557317899854,7727.238741032753,10301.182530051046,True,1,1,640,480,18.530501870400382,27.189491932924618,False,False,16.3086,19.273799999999998,False,
388,PostNateMinutely0388 25-09-24 23-00-59.fits,2025-09-24 23:00:59,358.4453195279883,291.9274489475933,3.871153298913426,5.501216077378914,9.115869385669022,12.954373891058397,793.3166128797442,556.1077512809879,7728.167216682542,10304.284479310112,True,1,1,640,480,17.70665690325411,25.755957506678282,False,False,16.3086,19.273799999999998,False,
389,PostNateMinutely0389 25-09-24 23-01-59.fits,2025-09-24 23:01:59,358.782180494699,294.18044151699695,2.9098969365291034,7.673081719510353,6.852283635112885,18.068726640263524,1020.1983270479711,444.91102642806874,7727.1931919685685,10300.599532251144,True,1,1,640,480,18.677088727634526,27.043882158881416,False,False,16.3086,20.7564,False,
390,PostNateMinutely0390 25-09-24 23-02-59.fits,2025-09-24 23:02:59,358.126149682585,295.60120490087706,3.3352803377272435,8.101859780545865,7.853984995077708,19.078421813259453,875.8267183291136,386.86099015160596,7728.720029501895,10303.846856851194,True,1,1,640,480,18.285581714322046,30.493107303602972,False,False,16.3086,20.015247326465698,False,
391,PostNateMinutely0391 25-09-24 23-03-59.fits,2025-09-24 23:03:59,360.51422689358753,295.14421018772094,3.8404350261017544,6.927805460593766,9.043533381103368,16.31373516668107,760.245507603655,458.6727181177377,7727.0507248613885,10301.387395046082,True,1,1,640,480,18.07383421342709,26.955526412474466,False,False,16.3086,19.2738000003398,True,179.52718418858757
392,PostNateMinutely0392 25-09-24 23-05-00.fits,2025-09-24 23:05:00,358.3388492498241,295.98535137624935,3.413396300350505,6.696150669497396,8.037934029699851,15.768229821079878,896.130618925282,498.10561611400857,7729.36812931254,10304.38003432987,True,1,1,640,480,19.109710520344176,24.50508607811913,False,False,16.3086,22.238999999999997,False,
393,PostNateMinutely0393 25-09-24 23-06-00.fits,2025-09-24 23:06:00,360.618947144731,297.6668324124459,3.739409209768037,6.95630234506319,8.805635763735115,16.3808402014506,772.2008306755716,454.8691453399891,7725.112379864638,10298.705226058004,True,1,1,640,480,14.818548984902554,22.155559016267382,False,False,13.343399999999999,17.7912,True,59.031359356926856
394,PostNateMinutely0394 25-09-24 23-07-00.fits,2025-09-24 23:07:00,357.2327593869381,301.1262704404574,3.6283222357432674,7.784527476185463,8.544045930559756,18.331161342015715,787.6781878272997,420.5338300661161,7728.201845330267,10302.098246694517,True,1,1,640,480,17.913689205921212,24.798346590184735,False,False,16.3086,16.3086,True,111.50915580302261
395,PostNateMinutely0395 25-09-24 23-08-00.fits,2025-09-24 23:08:00,360.0714232081198,298.5324776374434,3.2372505286855504,6.483747384401107,7.623142435735772,15.268058307704713,918.2721418359329,509.57761073167296,7725.102505997837,10298.406602315297,True,1,1,640,480,19.45284637070697,29.235880030479567,False,False,16.3086,19.273799999999998,False,
396,PostNateMinutely0396 25-09-24 23-09-00.fits,2025-09-24 23:09:00,359.60281213192087,293.6062820499094,2.865858405198324,7.2724716172080965,6.748580818781442,17.12536194112027,1047.8090699700226,475.1318001806213,7724.556117280807,10297.045084254787,True,1,1,640,480,18.199023743895555,24.881694018272658,False,False,16.3086,18.793888008314955,False,
397,PostNateMinutely0397 25-09-24 23-10-00.fits,2025-09-24 23:10:00,359.24069370332654,297.87002262741737,3.625010215601527,6.370136691424619,8.536246719140438,15.000525570553824,804.0065165806413,514.198378878424,7729.103675143661,10303.586466856139,True,1,1,640,480,19.99986750012835,23.032332296173667,False,False,17.7912,18.872978154944708,False,
398,PostNateMinutely0398 25-09-24 23-10-59.fits,2025-09-24 23:10:59,359.74376749554443,304.2714086766107,4.034215432376086,8.202851075534518,9.499851366132404,19.316238139072365,770.8937963614951,420.2011673601376,7721.497667596285,10293.570904902816,True,1,1,640,480,16.687677095743815,22.995672137735827,False,False,15.5673,16.310583867988885,False,
399,PostNateMinutely0399 25-09-24 23-11-59.fits,2025-09-24 23:11:59,359.72748238945195,299.7074230681317,4.026608899348908,8.172192073878923,9.481939349686817,19.244041707413132,743.616228372497,400.898042564738,7724.76488120365,10298.214051721823,True,1,1,640,480,17.911981139722812,25.823110262815476,False,False,14.825999999999999,19.273799999999998,False,
400,PostNateMinutely0400 25-09-24 23-12-59.fits,2025-09-24 23:12:59,361.1152754155649,292.2091926058759,4.028195969991199,7.163254241808892,9.485676615448163,16.868174676264555,768.9654381408185,453.85359535095847,7724.221265522228,10298.1599568589,True,1,1,640,480,20.29678263218745,22.02028899581076,False,False,16.3086,17.7912,False,
401,PostNateMinutely0401 25-09-24 23-13-59.fits,2025-09-24 23:13:59,360.6671428692071,293.6754277659691,3.3814342862079068,8.562075674390135,7.962669238117299,20.162147425125774,870.4501681148217,402.03409865560303,7725.807914729687,10298.472016463033,True,1,1,640,480,18.78388925186693,27.500944043006697,False,False,14.084700001795417,18.532500055024844,False,
402,PostNateMinutely0402 25-09-24 23-15-00.fits,2025-09-24 23:15:00,363.3771226909609,300.996577782544,4.581143718312133,7.704280454218494,10.787769057049028,18.142194046133856,648.3140899304738,435.85030810655087,7725.19103725121,10298.229083969896,True,1,1,640,480,17.268513096971528,23.871230433343914,False,False,14.825999999999999,18.120095558172526,True,79.53465810941789
403,PostNateMinutely0403 25-09-24 23-16-00.fits,2025-09-24 23:16:00,362.324310057868,296.4273517489067,5.730223630900049,6.09870288002352,13.493645468553463,14.361347790567367,544.5992074063809,490.0838166075401,7723.833792481343,10299.133333230273,True,1,1,640,480,15.465013604233333,21.352495884888313,False,False,13.343399999999999,16.3086,False,
404,PostNateMinutely0404 25-09-24 23-17-00.fits,2025-09-24 23:17:00,362.52280221255427,295.6408951049901,4.128607596291727,7.165831305098044,9.722127925814803,16.87424319655516,713.564232329694,438.05368793463765,7731.878759606795,10308.163847175514,True,1,1,640,480,23.785710736687598,29.291905433513165,False,False,17.791187834663457,24.983587061837298,False,
405,PostNateMinutely0405 25-09-24 23-18-00.fits,2025-09-24 23:18:00,360.16137533860797,294.8215816904333,3.7209300166494463,6.645207536701287,8.76212058936346,15.648267910814928,804.5316454710631,481.25748894901335,7727.172097942839,10301.828463906146,True,1,1,640,480,18.08808816161095,28.11231275200228,False,False,16.3086,20.7564,True,129.079851087002
406,PostNateMinutely0406 25-09-24 23-18-59.fits,2025-09-24 23:18:59,360.38151380165425,294.13187089269525,3.7725325126518574,6.132446530505146,8.883635181323568,14.440808015114017,776.8167040027714,508.6337776478982,7726.484624565997,10300.994586812005,True,1,1,640,480,19.7523637541666,33.01054318090244,False,False,14.826000000002695,19.29852004378229,False,
407,PostNateMinutely0407 25-09-24 23-19-59.fits,2025-09-24 23:19:59,363.05732348828735,296.97745121716036,3.892843758445653,7.954069082563328,9.166946514561443,18.73040131518106,731.290674545872,391.0929674643502,7726.558015279053,10300.698811851207,True,1,1,640,480,17.843815988742268,24.312182390331486,False,False,16.3086,19.273799326721985,False,
408,PostNateMinutely0408 25-09-24 23-20-59.fits,2025-09-24 23:20:59,360.3267232999039,295.9852190111661,3.848694117232271,7.81240717661046,9.062982054451247,18.396813019425956,802.703052940519,428.4850465611577,7725.075197795013,10298.752213999345,True,1,1,640,480,15.657874273457473,32.92230188063278,False,False,14.825999999999999,19.273799999999998,False,
409,PostNateMinutely0409 25-09-24 23-21-59.fits,2025-09-24 23:21:59,364.42702577409034,294.49245935160167,3.2637624525529123,6.991103029132189,7.68557324549097,16.46278954987707,906.7202893509655,449.33985300994624,7725.809508950306,10300.128593840003,True,1,1,640,480,17.335544216846134,24.421371550661203,False,False,14.825999999999999,18.62353835717432,False,
410,PostNateMinutely0410 25-09-24 23-22-59.fits,2025-09-24 23:22:59,363.1423957759455,293.9792352385786,3.5809999880034504,7.636773386856051,8.432610553006114,17.98322705072752,791.121922818729,408.1143474355844,7727.329223524111,10301.624270502845,True,1,1,640,480,18.71032420778427,24.824955676609644,False,False,16.3086,19.273799999999998,False,
411,PostNateMinutely0411 25-09-24 23-23-59.fits,2025-09-24 23:23:59,360.5134421808329,291.87472201242946,2.806591037016473,7.090794893020395,6.60901683217059,16.697545949287512,1042.8168516735664,452.46882337089335,7726.465155554821,10300.482968810835,True,1,1,640,480,17.589869253556465,23.785849968154025,False,False,15.5673,19.273799999999998,True,165.1990506527221
412,PostNateMinutely0412 25-09-24 23-25-00.fits,2025-09-24 23:25:00,361.97115847479813,299.8485725813805,3.832017730316871,7.569641726290511,9.02371216426417,17.825144070771575,740.2107169310709,432.7112062161427,7725.938980337053,10298.959619348709,True,1,1,640,480,18.55741856375692,22.908864221737087,False,False,13.343399999999999,19.273799999999998,False,
413,PostNateMinutely0413 25-09-24 23-26-00.fits,2025-09-24 23:26:00,361.72615561090066,298.0102248736404,3.986184610365626,4.737040818092525,9.386747423682861,11.154878672574084,776.5472355837688,638.4985186768168,7726.590360682137,10302.490558954183,True,1,1,640,480,15.902959824636069,24.777043113952175,False,False,14.825999999999999,20.7564,False,
414,PostNateMinutely0414 25-09-24 23-27-00.fits,2025-09-24 23:27:00,362.37102988986396,291.5557579840454,4.060305473792353,7.871409331427549,9.56128871863512,18.535752476289257,719.3981274529616,417.9932419029173,7730.9549977818515,10306.011878984864,True,1,1,640,480,21.215637516582525,25.294980729056807,False,False,20.01506591241927,20.7564,False,
415,PostNateMinutely0415 25-09-24 23-27-59.fits,2025-09-24 23:27:59,359.66683719810413,289.12398692595036,3.4030292116079663,6.1725274052762975,8.013521401320308,14.5351912624475,842.9512918456749,509.19341242034756,7733.121119586221,10309.395086523253,True,1,1,640,480,21.001779963265168,23.61613170373769,False,False,17.7912,19.273799999999998,False,
416,PostNateMinutely0416 25-09-24 23-28-59.fits,2025-09-24 23:28:59,361.65792136710274,290.1927216751801,3.3647128669171193,7.999621965889428,7.923293304789985,18.837670157946317,870.151418199367,420.1303778832159,7724.851671080544,10297.540651328578,True,1,1,640,480,16.942400087355455,23.341329921411333,False,False,14.825999999999999,18.71995083047395,True,142.57765616666893
417,PostNateMinutely0417 25-09-24 23-29-59.fits,2025-09-24 23:29:59,358.33204582054765,289.66759355216175,4.5666390046293275,8.12131827846845,10.753613066521323,19.124243074213748,645.562379555156,395.8974884911763,7724.681771340891,10298.180551944522,True,1,1,640,480,17.53024820432767,21.67445593796999,False,False,14.825999999999999,19.273799999999998,False,
418,PostNateMinutely0418 25-09-24 23-30-59.fits,2025-09-24 23:30:59,361.5975804611245,293.9425534674251,5.1949092999016155,8.460077558347452,12.23307655152602,19.92196021691307,574.7554699177222,397.5398534424825,7725.193285836575,10298.286797261011,True,1,1,640,480,20.830697817577185,22.211422479310798,False,False,13.343399999999999,19.273799999999998,False,
419,PostNateMinutely0419 25-09-24 23-31-59.fits,2025-09-24 23:31:59,360.15688642894344,290.0499665403583,3.8783719296279897,6.947273368851699,9.132867961973352,16.359578587281675,731.0530204169668,436.80849734210534,7724.61713765264,10298.448574059588,True,1,1,640,480,17.880946139435316,27.495093123941206,False,False,16.3086,20.7564,False,
420,PostNateMinutely0420 25-09-24 23-32-59.fits,2025-09-24 23:32:59,361.1288790865827,293.51050407159016,3.709732752153935,6.6352325057174495,8.735753046479916,15.624778507904383,814.3203743338823,486.11241002890887,7724.960467444196,10298.87905946299,True,1,1,640,480,17.790057018925456,28.567736628014416,False,False,14.825999999999999,14.825999999999999,False,
421,PostNateMinutely0421 25-09-24 23-33-59.fits,2025-09-24 23:33:59,359.37906746530217,290.23049069118997,3.5527721592279047,8.35836733783778,8.366139095977758,19.68245095087238,830.4343044279742,419.22034130663656,7728.305600965827,10301.516209407011,True,1,1,640,480,19.118416993411405,24.982001711736125,False,False,17.7912,17.791337066558793,False,
422,PostNateMinutely0422 25-09-24 23-35-00.fits,2025-09-24 23:35:00,359.17948881962354,298.1061165653605,3.893388419302505,6.971939441915793,9.168229092864902,16.4176627505652,726.8250403288123,451.3501543726605,7730.158926154386,10305.22328620694,True,1,1,640,480,19.87301332849473,23.97986775358289,False,False,16.3086,19.273799999999998,False,
423,PostNateMinutely0423 25-09-24 23-36-00.fits,2025-09-24 23:36:00,359.9478757524016,292.1684916227982,2.7379373488299463,7.4902965713519185,6.447349751063652,17.63830050944609,1062.791890423562,452.67227506651915,7732.762607245439,10307.83937887901,True,1,1,640,480,21.70555634521519,25.9585290297915,False,False,17.7912,19.414298589752157,False,
424,PostNateMinutely0424 25-09-24 23-37-00.fits,2025-09-24 23:37:00,358.4363271884853,297.4712832278058,3.172136517533925,7.413945526635307,7.469810657063556,17.45850753888836,921.3923040508856,429.8395128837339,7727.376049313618,10301.789291948644,True,1,1,640,480,17.089323518177867,23.3701791403924,False,False,13.343399999999999,17.791210423987657,True,203.79242546751354
425,PostNateMinutely0425 25-09-24 23-37-59.fits,2025-09-24 23:37:59,359.6605911545403,293.1945647124913,3.0598943458278627,6.231223101873277,7.205500541232315,14.673409065351121,947.7785455087023,544.1593039792368,7733.266440303753,10308.459541514145,True,1,1,640,480,18.725536487405297,24.154142384317044,False,False,17.7912,19.273799999999998,True,171.52617057132602
426,PostNateMinutely0426 25-09-24 23-38-59.fits,2025-09-24 23:38:59,360.26477978566965,295.24351552616264,3.469157127585445,6.942214862672896,8.169240743400197,16.347666715533915,901.2633685592245,466.13560413728834,7729.733930121019,10305.74066044894,True,1,1,640,480,19.628957901661405,23.009739784586834,False,False,17.7912,20.756400000853546,False,
427,PostNateMinutely0427 25-09-24 23-39-59.fits,2025-09-24 23:39:59,361.88955286490386,294.93484128626994,3.6170750165158103,5.708798739349224,8.517560753272083,13.443193704466967,817.0677324320727,538.497386638092,7726.106129097423,10300.854563599434,True,1,1,640,480,18.54652040802616,22.52482334101944,False,False,14.825999999999999,17.79119999870552,True,209.08374625428664
428,PostNateMinutely0428 25-09-24 23-40-59.fits,2025-09-24 23:40:59,360.97603009718046,301.2304102655234,4.207459345466698,7.144955915789147,9.907809605357778,16.825085411362746,685.8431309623184,413.7368482688075,7726.255828663573,10301.306410611252,True,1,1,640,480,19.31289971211634,25.365518752978513,False,False,17.7912,19.273799999999998,False,
429,PostNateMinutely0429 25-09-24 23-41-59.fits,2025-09-24 23:41:59,361.45805186572767,293.9337840929651,3.0277469012861964,8.549348514720474,7.129799094429078,20.132177254419346,959.193235760986,393.0963761501418,7728.156663020408,10301.824852996608,True,1,1,640,480,17.511504701482995,23.6390441545429,False,False,14.825999999999999,17.7912,False,
430,PostNateMinutely0430 25-09-24 23-42-59.fits,2025-09-24 23:42:59,360.6773499989846,297.86754836902975,3.3698706702348096,5.975174311289128,7.93543900343081,14.070460240777635,883.1844288463902,541.5805433128265,7731.7105149277395,10307.590531823891,True,1,1,640,480,22.998208238122526,27.996225688870336,False,False,19.273550828791898,25.2042,False,
431,PostNateMinutely0431 25-09-24 23-44-00.fits,2025-09-24 23:44:00,360.135785204991,295.87951572869565,3.168976308422403,6.857327108599708,7.462368933301255,16.147771330664714,974.5623613769634,478.1470351137767,7730.771276377999,10306.700501201207,True,1,1,640,480,19.682538944350643,23.9868929864873,False,False,19.273618333068107,22.857604816522574,False,
432,PostNateMinutely0432 25-09-24 23-45-00.fits,2025-09-24 23:45:00,360.6464381774811,299.8831529084066,4.679250304589184,5.337875469463259,11.018792412963785,12.569736153371071,657.3648948357221,545.1744466172819,7724.629178716493,10300.371933273485,True,1,1,640,480,16.957133746553723,22.430480470565996,False,False,14.0847,20.544334530006605,True,147.90188020232733
433,PostNateMinutely0433 25-09-24 23-46-00.fits,2025-09-24 23:46:00,361.7243722814276,300.10414882645887,3.215879901320262,7.814864661295198,7.572818454041105,18.402599953621934,892.1113187414535,399.6695025517805,7724.610432565188,10298.151853773601,True,1,1,640,480,16.77982787715271,23.326131182091224,False,False,14.825999999999999,20.756365382679554,False,
434,PostNateMinutely0434 25-09-24 23-47-00.fits,2025-09-24 23:47:00,359.07241288155313,301.69709394225157,3.1561788290580646,7.065483154915713,7.432233172368241,16.637941361024033,905.0986562688274,467.33634235864577,7729.892862929797,10304.198377257984,True,1,1,640,480,18.882930133123285,23.125304289239697,False,False,14.825999999999999,19.273799999999998,False,
435,PostNateMinutely0435 25-09-24 23-47-59.fits,2025-09-24 23:47:59,361.78600618325714,298.74352534552054,3.12581190901903,8.35680344061248,7.36072454035447,19.67876825433787,906.6272395083479,410.12366103365935,7726.55210979392,10298.970782714137,True,1,1,640,480,18.866637121078572,25.88053826439518,False,False,14.825999999999999,16.3086,False,
436,PostNateMinutely0436 25-09-24 23-48-59.fits,2025-09-24 23:48:59,359.77882444029103,298.99347467133657,3.767115522082238,7.32007330241385,8.870879143346484,17.237455343620034,751.8418075085532,415.5113076454128,7728.522718040084,10303.603971957915,True,1,1,640,480,16.775801201366157,26.314915807956357,False,False,14.825999999999999,22.238999999999997,False,
437,PostNateMinutely0437 25-09-24 23-49-59.fits,2025-09-24 23:49:59,357.219783028738,301.6119250515435,3.877411669112944,7.588303614136333,9.130606721264071,17.869089458349034,779.0493273623824,410.97544033129833,7729.034750967029,10304.868360349572,True,1,1,640,480,20.075553538534788,30.877500231649236,False,False,16.3086,21.4977,False,
438,PostNateMinutely0438 25-09-24 23-50-59.fits,2025-09-24 23:50:59,358.79584915410805,297.68164721956657,3.5504684330868996,7.119528824956813,8.360714235482657,16.765209188183945,863.6622796067928,470.576495257066,7725.927595106449,10299.754346037822,True,1,1,640,480,17.70413109469133,24.53617208008845,False,False,14.825999999999999,19.50475127817271,False,
439,PostNateMinutely0439 25-09-24 23-51-59.fits,2025-09-24 23:51:59,357.37287051385806,298.5364679026894,2.8949963655021604,6.2413889985647595,6.817195471776232,14.697347922655938,1023.7275727846369,529.1515638102442,7726.66740134112,10300.453140237994,True,1,1,640,480,16.94164805159295,29.509139804649056,False,False,14.825999999999999,20.7564,False,
440,PostNateMinutely0440 25-09-24 23-52-59.fits,2025-09-24 23:52:59,358.85817308630095,308.37194927739284,4.032779097214389,7.636432031309284,9.496469055302258,17.98242321984351,731.9005699009665,404.6190902799889,7732.410082389556,10309.158133737947,True,1,1,640,480,19.95187403973429,24.31651384171117,False,False,16.308608964888037,19.273799999999998,True,240.9823981732955
441,PostNateMinutely0441 25-09-24 23-54-00.fits,2025-09-24 23:54:00,357.55662378351514,305.5810804577662,3.6432684703880636,7.372900838754603,8.579241623499058,17.36185468512484,805.4855613600315,449.14682734580407,7724.911012952984,10297.913047538674,True,1,1,640,480,16.161567149806128,24.29952855095454,False,False,13.343399999999999,17.791200124324032,False,
442,PostNateMinutely0442 25-09-24 23-55-00.fits,2025-09-24 23:55:00,359.67071501526186,304.71864859751224,4.166900970049372,6.579811343704135,9.81230192993117,15.494271644676521,761.2980499055734,495.219867581821,7725.109905427131,10299.696393375296,True,1,1,640,480,17.286029211913473,24.699173899291473,False,False,14.825999999999999,20.7564,True,235.00861598760565
443,PostNateMinutely0443 25-09-24 23-56-00.fits,2025-09-24 23:56:00,359.4726807350865,300.68415639871336,3.420471834533095,6.762416111914096,8.054595639422317,15.924273013175569,856.3807736072098,466.1951605016686,7725.950810146167,10300.101228120446,True,1,1,640,480,17.510829578094512,25.096333544256307,False,False,14.825999999999999,19.273799999999998,False,
444,PostNateMinutely0444 25-09-24 23-57-00.fits,2025-09-24 23:57:00,357.297843213469,307.12602262209674,3.4914353131160647,8.290556050072201,8.221701861254617,19.52276757116263,864.3314753385802,408.0962590780839,7729.8181310697,10304.515024966086,True,1,1,640,480,18.51668083978667,25.13638248228637,False,False,16.3086,17.986114077975156,True,45.32473221516814
445,PostNateMinutely0445 25-09-24 23-57-59.fits,2025-09-24 23:57:59,358.88851987447003,305.0308395227958,3.239412965638785,6.237108323207606,7.628234585619365,14.687267702518643,891.5154107067017,493.7110584447351,7726.877954967033,10301.504720787041,True,1,1,640,480,19.226647100378013,26.017359999297017,False,False,14.825999999999999,20.7564,False,
446,PostNateMinutely0446 25-09-24 23-58-59.fits,2025-09-24 23:58:59,359.0431691469089,310.7733819797548,3.8580560100929744,7.37628165731958,9.085027627419063,17.36981590445026,765.5083640434588,460.0559990408192,7725.8452950989185,10298.82864659092,True,1,1,640,480,15.776058409942236,24.547652588707443,False,False,14.825999999999999,17.7912,True,89.11024234820043
447,PostNateMinutely0447 25-09-24 23-59-59.fits,2025-09-24 23:59:59,357.94444654242085,312.1591538898158,3.4941941473970726,6.866205885563983,8.228198419520455,16.16867925263555,882.6799311435548,475.9837627721537,7723.190498573086,10296.626731607295,True,1,1,640,480,16.90266762123461,23.409601098255365,False,False,13.343399999999999,16.3086,False,
448,PostNateMinutely0448 25-09-25 00-00-59.fits,2025-09-25 00:00:59,357.58887348319416,307.906394598108,4.988317743786718,7.4985903210045315,11.746590614052522,17.657830797376533,536.3606012689494,397.7357810872104,7726.797535999409,10300.793931775937,True,1,1,640,480,24.588163346962606,23.991125402260263,False,False,14.825999999959548,19.273799999999998,True,110.51568921272901
449,PostNateMinutely0449 25-09-25 00-01-59.fits,2025-09-25 00:01:59,359.3542228769037,304.0334005053962,4.061853621648775,7.942791154281342,9.564934328240094,18.703843823596216,721.4543504894714,398.3966946713418,7724.941361421876,10298.700148441867,True,1,1,640,480,16.514699242994695,24.16755324633771,False,False,14.825999999999999,17.791199977780785,True,116.92208022581174
450,PostNateMinutely0450 25-09-25 00-02-59.fits,2025-09-25 00:02:59,359.9479950484811,307.27898852185,5.019752016984297,7.11605697981155,11.82061267067916,16.757033617642634,606.675814783719,446.3860703413326,7726.705326782839,10301.588903013619,True,1,1,640,480,16.396811359414492,30.332420788752188,False,False,14.825999999999999,20.7564,True,116.11164360083741
451,PostNateMinutely0451 25-09-25 00-03-59.fits,2025-09-25 00:03:59,355.48106974097357,308.3733995783285,4.0451564260626185,7.959234360970865,9.52561543737801,18.74256461631329,721.6336602717065,405.4417487803352,7730.170076042944,10305.285616192825,True,1,1,640,480,20.426571954639208,21.65541351951808,False,False,17.049899999999997,16.308555187113708,True,120.75999993694897
452,PostNateMinutely0452 25-09-25 00-05-00.fits,2025-09-25 00:05:00,357.14449933147534,308.03380361587165,2.920495102469725,7.436277596692587,6.877240408710425,17.51109554510628,966.3405646578374,423.63954375190417,7725.793455490409,10299.344512117663,True,1,1,640,480,17.84953417635905,27.621364720273075,False,False,14.825999999999999,19.273799999989212,False,
453,PostNateMinutely0453 25-09-25 00-06-00.fits,2025-09-25 00:06:00,360.3835436610952,306.88908763591604,3.6603555650258195,5.91480816321458,8.619478656463386,13.928308825250385,790.057072170787,532.1168074983354,7731.5095425878035,10307.345242253818,True,1,1,640,480,20.81651468182887,21.542575164563456,False,False,17.789248555283404,19.639186912655227,True,57.722960036501654
454,PostNateMinutely0454 25-09-25 00-07-00.fits,2025-09-25 00:07:00,358.80993284703163,307.12966167386554,3.78944775241422,7.2640810546991395,8.923467526982483,17.105603676335093,766.9742690763637,443.6305579277015,7724.430801908699,10297.590039799503,True,1,1,640,480,18.873918398346103,28.55559290436179,False,False,14.825999999999999,17.7912,False,
455,PostNateMinutely0455 25-09-25 00-08-00.fits,2025-09-25 00:08:00,359.5832517418063,303.95389703271366,3.6640543264157666,8.094749056349642,8.62818857392622,19.061677337387497,782.2167313830154,403.20685942196485,7725.579361416283,10298.695250789326,True,1,1,640,480,16.725849822776166,27.559927963989775,False,False,14.825999999999999,16.3086,False,
456,PostNateMinutely0456 25-09-25 00-09-00.fits,2025-09-25 00:09:00,355.7922765515557,307.3992868884888,3.7175311100974016,6.849982188664945,8.754116776083519,16.130475365973187,808.7237672572597,480.6509490269471,7726.878020272939,10301.010522145534,True,1,1,640,480,15.764004188681538,29.069369913396265,False,False,14.825999999999999,20.7564,False,
457,PostNateMinutely0457 25-09-25 00-09-59.fits,2025-09-25 00:09:59,359.01319614909545,312.8123078061858,2.9178028894962647,6.085783494544458,6.870900731635028,14.330924962671789,985.2526791831934,500.4595463694039,7726.3187694194685,10300.865815048517,True,1,1,640,480,18.746405233048012,20.32785050900151,False,False,14.825999999999999,19.273799999999998,True,39.64635856424424
458,PostNateMinutely0458 25-09-25 00-10-59.fits,2025-09-25 00:10:59,358.11318583124023,300.92907474968035,3.158381811281521,6.659563411320831,7.437420799066882,15.682073412132983,920.3465522595087,502.11113136531384,7731.568309942022,10306.475487096026,True,1,1,640,480,20.84718323652096,24.82759185717167,False,False,19.273799999999998,20.7564,False,
459,PostNateMinutely0459 25-09-25 00-11-59.fits,2025-09-25 00:11:59,360.3339696072323,308.871578791444,4.500092226166785,7.916306404848513,10.596907378665493,18.641477004744168,671.2651781018807,397.77258438635357,7731.343889968719,10307.789383648302,True,1,1,640,480,21.154070834246262,24.104492641042615,False,False,16.3086,17.791185610218616,False,
460,PostNateMinutely0460 25-09-25 00-12-59.fits,2025-09-25 00:12:59,358.39063160539826,312.9748066436153,3.6070558658029723,6.835182880457141,8.493967456339305,16.09562565835286,854.1205026041445,476.2156188803122,7727.535044199408,10302.470568153698,True,1,1,640,480,16.689573427160962,21.902519712121993,False,False,14.825999999999999,17.791200000590607,False,
461,PostNateMinutely0461 25-09-25 00-13-59.fits,2025-09-25 00:13:59,355.90886477038543,307.5974920921063,2.916378055570436,7.132259453589393,6.867545504145647,16.79518752767379,999.1096694611722,484.101274018835,7726.795676356577,10299.579738744651,True,1,1,640,480,18.937802640322918,22.62495213694706,False,False,14.825999999999999,17.7912,False,
462,PostNateMinutely0462 25-09-25 00-14-59.fits,2025-09-25 00:14:59,356.6004162866388,304.0655621705552,3.374620594125594,6.4209701263404115,7.946624219421199,15.120229162051308,878.2565465430505,495.97929058478906,7726.967029159652,10301.469209633577,True,1,1,640,480,17.672898640417007,23.765436444521747,False,False,14.825999999999999,19.273792370749184,False,
463,PostNateMinutely0463 25-09-25 00-16-00.fits,2025-09-25 00:16:00,358.4080481248851,314.04483029249343,3.121197464686765,7.537959660790504,7.349858354344173,17.750538507864174,924.392507736439,437.98422600343787,7725.204448665474,10298.098641939874,True,1,1,640,480,17.187122148633243,24.465487890933012,False,False,14.825999999999999,17.79143675266719,False,
464,PostNateMinutely0464 25-09-25 00-17-00.fits,2025-09-25 00:17:00,359.2642221268909,311.8240163687304,3.4181767453373797,6.038909539834194,8.049191117379113,14.220545234530185,910.8170345138047,528.9657986460589,7727.765671801645,10303.264344323234,True,1,1,640,480,18.611031219838967,25.463191751302567,False,False,14.825999999999999,19.273799999999998,True,65.28534796732998
465,PostNateMinutely0465 25-09-25 00-18-00.fits,2025-09-25 00:18:00,355.7923544451383,315.5058759699233,2.9228901780920635,6.219436111313677,6.882880380795273,14.645652823710787,974.7848410957364,510.9763099191155,7727.526784684907,10301.65202950051,True,1,1,640,480,16.895674731944432,22.905496686266577,False,False,13.343399999999999,20.7564,False,
466,PostNateMinutely0466 25-09-25 00-19-00.fits,2025-09-25 00:19:00,359.26218676931126,314.7967562568868,3.202566058747678,7.078160552065801,7.541466750674797,16.667794349951876,916.8436254968055,469.85934148107094,7725.638917223762,10298.817930088037,True,1,1,640,480,18.792359249601756,20.91327462385062,False,False,14.825999999999999,19.273799999978426,False,
467,PostNateMinutely0467 25-09-25 00-19-59.fits,2025-09-25 00:19:59,358.62670465273845,310.13149441030055,3.34054903630745,5.9585151802128244,7.866391832105604,14.031230984986358,865.7878989739563,527.5199898482256,7723.6426755121,10296.87932521037,True,1,1,640,480,16.539955851761444,22.249664496304725,False,False,16.3086,19.273799999999998,True,278.98483772404677
468,PostNateMinutely0468 25-09-25 00-20-59.fits,2025-09-25 00:20:59,354.54363886405906,317.68777530172684,3.4999038394800706,9.160158659746783,8.241643716888452,21.57052522763556,837.5172746308868,372.5128255644555,7725.202337797165,10297.757689629047,True,1,1,640,480,16.843014538845598,26.4868712035741,False,False,14.825999999999999,17.7912,True,126.7009736252997
469,PostNateMinutely0469 25-09-25 00-21-59.fits,2025-09-25 00:21:59,356.79140129472484,316.8008894765784,3.1277829482561583,7.817901492791662,7.365365983059602,18.409751145303186,936.3028091560649,424.87407897807043,7726.211263829334,10299.562341926196,True,1,1,640,480,18.168785276137505,25.48765475610271,False,False,14.825999999999999,20.7564,False,
470,PostNateMinutely0470 25-09-25 00-22-59.fits,2025-09-25 00:22:59,358.2329144998,316.216960734338,3.7058246471723844,7.643885859364994,8.726550162531277,17.999975643561314,768.6844693965655,430.7041726765676,7729.01499062113,10303.036550419298,True,1,1,640,480,18.708170270267434,23.574305983058856,False,False,15.567296370982822,17.7912,True,194.3189867672092
471,PostNateMinutely0471 25-09-25 00-24-00.fits,2025-09-25 00:24:00,357.7369037129346,314.48022988383116,3.5672927499407,5.673188985017884,8.400332474053938,13.359339141168899,843.6098128238781,559.3489010694723,7727.40241394714,10302.347367682753,True,1,1,640,480,20.49792731057693,24.074511364066204,False,False,16.3086,17.7912,False,
472,PostNateMinutely0472 25-09-25 00-25-00.fits,2025-09-25 00:25:00,357.29356532157686,310.97363905909094,3.3271750889853293,8.096392170246393,7.834898592870286,19.065546574927836,911.7161798361449,421.90043192449957,7727.378586134507,10301.174333920913,True,1,1,640,480,18.055523067537013,25.428601615073553,False,False,16.3086,19.273799999999998,False,
473,PostNateMinutely0473 25-09-25 00-26-00.fits,2025-09-25 00:26:00,355.9500980183541,315.6388132402408,3.0388929032174308,6.086851291943419,7.156045923198703,14.333439433390893,1003.7772703241282,538.8695921778111,7730.110706626542,10305.615023852219,True,1,1,640,480,19.43663267911447,24.725303815706404,False,False,16.881988270355418,20.7564,False,
474,PostNateMinutely0474 25-09-25 00-27-00.fits,2025-09-25 00:27:00,356.2544009575123,312.171991974819,3.0830674439728605,6.728818774672949,7.260069017249625,15.845157329980452,958.8242646779505,480.2967161879501,7728.439228654301,10303.14584300571,True,1,1,640,480,18.291904682554915,21.70307086381933,False,False,14.825999999999999,19.273799999999998,False,
475,PostNateMinutely0475 25-09-25 00-27-59.fits,2025-09-25 00:27:59,357.2620586669139,311.6352946734967,3.7429899939395086,7.387599486773722,8.814067866079027,17.396467356115114,810.2946623814536,447.3324421440449,7725.060288915389,10298.661069073605,True,1,1,640,480,17.337161071184166,22.5093081677814,False,False,14.825999999999999,17.7912,True,152.63445388649296
476,PostNateMinutely0476 25-09-25 00-28-59.fits,2025-09-25 00:28:59,356.99784098665856,313.99381432740773,2.73785823053957,7.146987207884733,6.447163441727545,16.829868738706747,1067.7719203120312,459.13961671365934,7726.020472651477,10299.490806521228,True,1,1,640,480,18.357103091193466,22.491785742827457,False,False,13.343399999999999,19.273799999999998,False,
477,PostNateMinutely0477 25-09-25 00-29-59.fits,2025-09-25 00:29:59,356.213396937466,316.5579815333849,4.18040314509943,8.247389960618404,9.844097122390563,19.42111919845123,709.1524372905538,395.21007389488807,7724.771863274304,10298.155763479537,True,1,1,640,480,16.822120327316888,21.94716938761605,False,False,13.466704921436811,19.273799999764027,False,
478,PostNateMinutely0478 25-09-25 00-30-59.fits,2025-09-25 00:30:59,357.01920292234496,317.72651176732677,3.0574269118208157,6.579199254035088,7.199690178172729,15.492830283654495,961.8271915553324,481.730795970757,7726.127683239588,10300.309343939689,True,1,1,640,480,19.168647974059546,22.42771287015216,False,False,14.825999999999999,20.7564,False,
479,PostNateMinutely0479 25-09-25 00-31-59.fits,2025-09-25 00:31:59,356.0486194022943,319.71299723950506,3.6441592537549683,5.5773153519447005,8.581339258027224,13.133573988218224,828.1970925421605,557.759731009898,7723.913734490239,10298.067449945136,True,1,1,640,480,16.93625939642859,26.32286201633141,False,False,14.825999999999999,19.273799999999998,False,
480,PostNateMinutely0480 25-09-25 00-33-00.fits,2025-09-25 00:33:00,357.0894705198863,316.80413702638447,3.465327020200109,6.548488776806033,8.160221529754587,15.420512636283048,840.7800137216798,484.22185661619557,7726.282412121407,10300.365997450466,True,1,1,640,480,16.985327981905456,25.037712384201306,False,False,13.343399999999999,19.273799999999998,False,
481,PostNateMinutely0481 25-09-25 00-34-00.fits,2025-09-25 00:34:00,357.2947322553099,323.5912857592383,3.4544865173730335,6.966100319945421,8.134694096399175,16.40391266910399,886.6004803869598,457.5180822014756,7725.990352719004,10300.671005762779,True,1,1,640,480,16.775246238150398,24.477458097453386,False,False,13.343399999999999,19.275299800591654,False,
482,PostNateMinutely0482 25-09-25 00-35-00.fits,2025-09-25 00:35:00,357.33197247450255,321.2012858413428,3.921120120851158,7.993813974419745,9.233532259554485,18.823993383212137,765.7637295388904,413.51600460860357,7723.924169814684,10296.983676518124,True,1,1,640,480,16.717611783210494,24.069882481440864,False,False,13.343399999999999,17.7912,False,
483,PostNateMinutely0483 25-09-25 00-36-00.fits,2025-09-25 00:36:00,358.9268234263945,319.51753110552875,3.2640489819693608,8.05384644057575,7.686247970704314,18.96535903786894,908.7419265638771,403.9492010760947,7726.777959304373,10300.870987173694,True,1,1,640,480,16.46638606330093,23.41852527745532,False,False,16.3086,17.791199985108083,False,
484,PostNateMinutely0484 25-09-25 00-36-59.fits,2025-09-25 00:36:59,358.5340281500115,325.9688321594104,3.483654580054509,7.643216069000149,8.203379635076232,17.998398407784208,855.5353548129976,445.7803294509187,7726.676985959338,10300.00714110221,True,1,1,640,480,16.839674777642994,28.920349465274978,False,False,14.825999999999999,19.279083041851,False,
485,PostNateMinutely0485 25-09-25 00-37-59.fits,2025-09-25 00:37:59,354.6308073702502,317.4499715647447,2.8770107525468944,5.802997983815774,6.774842589867004,13.66501597356357,1012.5758521971825,559.9676458583599,7727.997986764059,10302.241111828975,True,1,1,640,480,18.35293427174942,23.745906157741537,False,False,16.3086,17.79120000000944,True,167.58120593734603
486,PostNateMinutely0486 25-09-25 00-38-59.fits,2025-09-25 00:38:59,358.77477402444725,314.10983048253894,4.276937410956173,7.217859685960142,10.071417946662368,16.996760670719734,696.0998097127884,453.72288903042437,7726.58020026277,10300.552130491335,True,1,1,640,480,21.014791459949045,23.597503736743754,False,False,14.825999999999999,19.273799999999998,False,
487,PostNateMinutely0487 25-09-25 00-39-59.fits,2025-09-25 00:39:59,358.7836899366369,319.9280959426314,3.5083944919057033,8.167619527351462,8.261637675415724,19.23327418319343,853.8454678567819,397.3364919063607,7724.03918331553,10297.415116822449,True,1,1,640,480,16.441564179166214,26.13775164955727,False,False,13.343399999999999,16.308600079025318,False,
488,PostNateMinutely0488 25-09-25 00-40-59.fits,2025-09-25 00:40:59,354.91177738699963,317.6566178573605,3.2241280499833618,6.400545035941297,7.592241359847367,15.072131749757904,942.481621485467,512.6039970850743,7729.164305004636,10304.287272026339,True,1,1,640,480,18.891743341474626,21.876795386822938,False,False,16.308600089843665,19.273799999999998,False,
489,PostNateMinutely0489 25-09-25 00-41-59.fits,2025-09-25 00:41:59,355.3399911137583,315.3092008855082,3.3372296606170435,5.994426358332683,7.858575299692846,14.11579534706368,900.924508813707,513.7317573557343,7726.561861720098,10301.701604332073,True,1,1,640,480,17.649954904919078,22.959648464145012,False,False,16.3086,17.7912,False,
490,PostNateMinutely0490 25-09-25 00-43-00.fits,2025-09-25 00:43:00,358.50339536315255,309.99158913167554,3.7580813218829556,7.562680334121983,8.849605227626391,17.808751244951804,761.9892392431113,433.8873842121781,7731.871836467719,10306.980981932866,True,1,1,640,480,22.043423963134167,31.397135642041288,False,False,17.7912,22.238999999999997,False,
491,PostNateMinutely0491 25-09-25 00-44-00.fits,2025-09-25 00:44:00,359.2137071714785,314.49116640284143,3.660821243628147,5.281572245676351,8.620575245770688,12.437152193397797,822.8769905065893,598.3748010246395,7729.0156547340275,10304.581568571051,True,1,1,640,480,17.682719437672976,26.99348355466064,False,False,13.343399999999999,21.497699930578104,False,
492,PostNateMinutely0492 25-09-25 00-45-00.fits,2025-09-25 00:45:00,358.023126236804,316.165890820414,3.7040189401599517,7.12491027185096,8.722298047462946,16.77788152720155,833.2165199020587,479.114409293163,7731.351436035574,10306.758865559666,True,1,1,640,480,20.50046072712422,27.44944461013098,False,False,19.273799999999998,19.273799999999998,False,
493,PostNateMinutely0493 25-09-25 00-45-59.fits,2025-09-25 00:45:59,356.86291179618627,315.7922864704095,3.012486992117481,6.9122360786042245,7.093864754433236,16.277072073883353,963.3595557221099,473.36817920308835,7724.830458912633,10297.842146985651,True,1,1,640,480,17.285767803118617,21.86682682730157,False,False,14.825999999999999,17.7912,True,184.00585798155464
494,PostNateMinutely0494 25-09-25 00-46-59.fits,2025-09-25 00:46:59,356.786972893457,310.67967673033456,3.5002364856189816,7.411936639591154,8.242427038684262,17.453776971408583,830.8863410844228,455.25387532273794,7726.917150438087,10300.122608187898,True,1,1,640,480,21.15341052975441,28.043158088712406,False,False,16.3086,17.7912,False,
495,PostNateMinutely0495 25-09-25 00-47-59.fits,2025-09-25 00:47:59,358.2619678524455,313.5063529620349,4.035800020885516,7.686658073782865,9.503582786917535,18.100696511442877,722.7811713386371,415.8226952756577,7725.812757270656,10299.6252019497,True,1,1,640,480,16.96409641407809,22.47239181634323,False,False,14.825999999999999,19.273799999999998,False,
496,PostNateMinutely0496 25-09-25 00-48-59.fits,2025-09-25 00:48:59,354.71226676654163,310.2057274417289,3.1451295249304834,8.862024455413291,7.406214049524969,20.8684728271617,974.5631462524427,405.21519242211605,7727.935726846418,10301.167979841443,True,1,1,640,480,17.796923910868355,29.277488703175443,False,False,13.343399999999999,20.7564,False,
497,PostNateMinutely0497 25-09-25 00-49-59.fits,2025-09-25 00:49:59,355.56508468292355,312.9050038613064,2.904392486439452,6.046954498289602,6.839321645704901,14.239489663962422,1029.7526705737573,529.6078961347707,7730.967439560723,10306.851011930656,True,1,1,640,480,19.35003240522781,26.9367655793499,False,False,17.7912,19.273799999999998,True,205.04460761907833
498,PostNateMinutely0498 25-09-25 00-51-00.fits,2025-09-25 00:51:00,358.96671539301377,314.63920538387345,3.3027255978403174,8.500489334504973,7.7773244410312055,20.017122677464105,873.9711714845813,395.17143452059884,7725.96351589222,10298.816371279574,True,1,1,640,480,18.536216994000068,25.780217610538557,False,False,16.3086,17.7912,False,
499,PostNateMinutely0499 25-09-25 00-52-00.fits,2025-09-25 00:52:00,359.59972393804145,322.49193783509685,4.072831722881059,7.8139453126055365,9.590785781078255,18.400435052899144,681.884710854897,392.52586842223525,7725.135293342991,10298.666105712628,True,1,1,640,480,20.379566303085504,32.680020089651535,False,False,14.825999999999999,20.7564,False,
500,PostNateMinutely0500 25-09-25 00-53-00.fits,2025-09-25 00:53:00,357.41781225097185,316.55016167133203,3.390223317737314,8.029170278405596,7.983365825739156,18.907251116556225,834.4522366836742,389.33396428557927,7726.198125266713,10300.046266848009,True,1,1,640,480,17.343630128005625,22.5958627457588,False,False,14.825999999995954,19.273799999999998,False,
501,PostNateMinutely0501 25-09-25 00-54-00.fits,2025-09-25 00:54:00,355.72449764614936,319.5431512018464,3.3766065312345823,6.166416677870641,7.951300743933617,14.52080159906294,864.5545540648603,496.80417552862474,7725.977342114496,10300.54987580331,True,1,1,640,480,16.836478197689484,24.739909051668253,False,False,16.3086,19.273799999999998,True,71.76656372301431
502,PostNateMinutely0502 25-09-25 00-54-59.fits,2025-09-25 00:54:59,359.17158728420395,314.77117031826435,3.043946248435383,7.2613335353505635,7.1679456418123975,17.099133762698955,963.4737453204261,452.53953125215656,7726.043211115309,10299.546079237318,True,1,1,640,480,18.06061602652655,23.37863153963636,False,False,14.825999999999999,22.238999999999997,True,121.28676738412894
503,PostNateMinutely0503 25-09-25 00-55-59.fits,2025-09-25 00:55:59,356.7648179677296,311.5598314010761,3.114259123140586,5.789420604844738,7.3335198085919595,13.633043689403591,940.9084930207963,528.0628574385546,7725.001555415016,10299.339148357503,True,1,1,640,480,19.590428726759413,26.15446884748415,False,False,16.3086,20.319608376480705,False,
504,PostNateMinutely0504 25-09-25 00-56-59.fits,2025-09-25 00:56:59,355.9263064307284,313.98516845725806,3.5966759941275583,7.417563631611508,8.46952472645319,17.467027525011343,859.4175419838118,447.5626882778586,7724.6123368598755,10298.288403105418,True,1,1,640,480,16.3051130750229,26.471195798209006,False,False,13.343399999999999,19.273799999999998,False,
505,PostNateMinutely0505 25-09-25 00-57-59.fits,2025-09-25 00:57:59,356.9657236830758,310.09007084074,4.0114071266038565,6.969420443593417,9.446141910506764,16.41173096282227,750.5912230331644,436.0116227911545,7726.801133270833,10302.256224057452,True,1,1,640,480,18.81540478509825,27.82836420938332,False,False,14.825999999999999,25.2042,False,
506,PostNateMinutely0506 25-09-25 00-58-59.fits,2025-09-25 00:58:59,359.54366564731157,312.9818084634648,3.303599972495988,7.733047781793744,7.779383435997246,18.209935925750028,922.7938975577714,413.34572768644716,7725.703810452932,10300.166161621362,True,1,1,640,480,17.16674526297782,27.345910275547126,False,False,14.825999999999999,16.3086,True,83.64024111044917
507,PostNateMinutely0507 25-09-25 00-59-59.fits,2025-09-25 00:59:59,358.34122230319235,308.7549730100004,3.0919963817491785,7.288370517277526,7.281095058906133,17.162800989697708,913.0684818590145,440.504111222763,7725.172306122074,10298.206930417886,True,1,1,640,480,18.008720696829506,23.952505801650684,False,False,14.825999999999999,17.970152574539778,False,
508,PostNateMinutely0508 25-09-25 01-00-59.fits,2025-09-25 01:00:59,357.3960803781472,311.7509973567409,2.8972703901081203,8.163922120014679,6.82255039050124,19.224567454282127,1007.1305521811119,424.05820693418445,7732.763805222143,10307.510640871064,True,1,1,640,480,21.247666298508598,26.823372492007994,False,False,16.3086,19.273799999999998,False,
509,PostNateMinutely0509 25-09-25 01-02-00.fits,2025-09-25 01:02:00,357.02037391681506,316.45692210809744,3.8663067426306092,6.8020972302529445,9.104456617784875,16.017714906049136,761.6092245790571,454.3847730923036,7723.860851691768,10297.717895863025,True,1,1,640,480,17.777331227847448,27.211720908433666,False,False,14.825999999999999,17.790282392802425,True,293.04179383033096
510,PostNateMinutely0510 25-09-25 01-03-00.fits,2025-09-25 01:03:00,358.69840731844914,314.8185699855598,3.366764941926411,6.931624747233256,7.928125572155772,16.32272889941746,864.8797806574693,472.7629682812985,7725.576690889117,10298.861958988608,True,1,1,640,480,18.54063665549471,25.49533210134064,False,False,14.825999999999999,17.890537987054337,False,
511,PostNateMinutely0511 25-09-25 01-04-00.fits,2025-09-25 01:04:00,356.79176735709706,312.78373659079585,3.1800939229917566,7.06634692251543,7.488548914942097,16.639975378282095,947.8214718631973,467.74745378524045,7725.758778209539,10299.49151529119,True,1,1,640,480,17.547202700250274,23.008530374650892,False,False,14.825999999999999,21.84361548914777,False,
512,PostNateMinutely0512 25-09-25 01-05-00.fits,2025-09-25 01:05:00,357.7952992883518,310.1439396203846,3.1343727330427194,7.138205105312949,7.380883740367436,16.80918846753319,957.3627349542987,492.05577337515854,7732.278564367507,10307.032773535508,True,1,1,640,480,19.774922530309542,23.64576131000647,False,False,17.7912,19.273799999999998,False,
513,PostNateMinutely0513 25-09-25 01-06-00.fits,2025-09-25 01:06:00,358.2563319321734,317.0424315899059,4.095836852081428,6.671058950792285,9.64495872045781,15.709143338908806,769.0350628563182,479.0792313068166,7730.355494691539,10306.89979536426,True,1,1,640,480,19.072244400711597,25.645931124690524,False,False,16.3086,20.7564,False,
514,PostNateMinutely0514 25-09-25 01-06-59.fits,2025-09-25 01:06:59,356.94455754205694,310.56784259801924,3.832424843677623,7.839857127246996,9.02467084296667,18.46145271341998,767.6593358392229,410.874010261133,7730.546106034721,10305.936802498818,True,1,1,640,480,20.173930708264727,24.527009117891478,False,False,17.7912,16.3086,False,
515,PostNateMinutely0515 25-09-25 01-07-59.fits,2025-09-25 01:07:59,357.1847436840091,309.9059351242084,3.631748566440087,4.817347453632562,8.552114322765531,11.343986347692757,800.1839942334816,621.0211747226978,7729.550890786184,10305.62079879256,True,1,1,640,480,18.749973574976057,23.044384277937773,False,False,16.3086,19.273799999999998,True,35.12793693327254
516,PostNateMinutely0516 25-09-25 01-08-59.fits,2025-09-25 01:08:59,358.1726590563404,310.88497181941216,4.557909966077209,5.225879987144098,10.733057751564946,12.306006946653001,646.2740125940159,579.8796834050517,7724.169263213902,10298.449916070058,True,1,1,640,480,17.65975709259959,23.1028149309902,False,False,14.826000000111918,19.273799999999998,False,
517,PostNateMinutely0517 25-09-25 01-09-59.fits,2025-09-25 01:09:59,357.4895614719994,311.1558763477849,3.8043219230132004,8.624530088661672,8.958493522062172,20.309216331753056,807.6421464251904,385.26542712425186,7730.081730645423,10305.469047580593,True,1,1,640,480,19.114341930722023,25.343979157040454,False,False,16.3086,21.4977,True,118.6093991809121
518,PostNateMinutely0518 25-09-25 01-11-00.fits,2025-09-25 01:11:00,359.9277597052359,307.67834170465864,5.132970710923399,7.424131341327827,12.087222320639182,17.482493299501275,602.0904772664752,436.212153177287,7724.495676979416,10298.55477824876,True,1,1,640,480,19.820402658622317,24.33628056374871,False,False,13.343400000052588,19.273799999999998,False,
519,PostNateMinutely0519 25-09-25 01-12-00.fits,2025-09-25 01:12:00,356.6781057394167,304.5815562459824,3.9142554612956655,5.555156736558715,9.217367221630898,13.081394436537174,754.9670662807289,543.1156689869313,7725.10715258553,10299.819312937932,True,1,1,640,480,15.539243614333271,19.884180680369894,False,False,13.343399999999999,17.7912,False,
520,PostNateMinutely0520 25-09-25 01-13-00.fits,2025-09-25 01:13:00,358.72225188426467,310.888914518126,4.0829771210699,7.178498527567143,9.61467636809816,16.904072225940265,697.140679671532,438.2942554022868,7724.581421252797,10297.87585171849,True,1,1,640,480,19.551651817633346,24.78317693272719,False,False,15.567298755261577,20.466756533119213,False,
521,PostNateMinutely0521 25-09-25 01-14-00.fits,2025-09-25 01:14:00,354.11987503054104,312.0768780948457,3.175288486907184,7.136663886205611,7.47723297772503,16.805559173885445,924.3722856692199,485.00456263927657,7727.388552087665,10300.437023086595,True,1,1,640,480,19.235108315595433,28.62742240989558,False,False,16.2852568800051,20.75640000632138,False,
522,PostNateMinutely0522 25-09-25 01-15-00.fits,2025-09-25 01:15:00,357.13806404737613,309.53959872382814,2.805348038337336,7.317323973750137,6.606089793965011,17.230981169372345,1053.4013178544901,453.36856102430556,7724.919561100453,10298.000832216485,True,1,1,640,480,17.356639458367724,31.101079507968286,False,False,14.825999999999999,19.273799999999998,True,90.97135035055375
523,PostNateMinutely0523 25-09-25 01-16-00.fits,2025-09-25 01:16:00,356.01290174684107,306.4438485559285,3.774623064846921,7.647055136435514,8.888558055537686,18.00743872073523,787.638530672492,444.3782846799197,7731.168277293373,10306.004193298337,True,1,1,640,480,23.629382078540225,26.39412489132995,False,False,17.7912,19.27379998176401,False,
524,PostNateMinutely0524 25-09-25 01-17-00.fits,2025-09-25 01:17:00,357.99488086439527,311.1459936386325,3.223824358990011,5.566508608304095,7.59152622220873,13.108126051671816,888.4620239675198,504.6384896484458,7726.9787518867015,10302.926446751422,True,1,1,640,480,19.811907280414502,22.011972970266285,False,False,14.825999999999999,19.273799999999998,True,211.38242186411549
525,PostNateMinutely0525 25-09-25 01-17-59.fits,2025-09-25 01:17:59,355.8483362371912,313.7723357724244,3.6057706459204835,6.118471180969814,8.490940994797748,14.407898581891903,846.480213630133,523.7914648381158,7725.367555191835,10299.693229643995,True,1,1,640,480,17.37354580661525,20.939626382972715,False,False,16.3086,19.273799999999998,True,68.67758402596007
526,PostNateMinutely0526 25-09-25 01-18-59.fits,2025-09-25 01:18:59,357.5147036936665,305.4270192805541,3.3081988180955464,7.267145077838897,7.790212889799088,17.112818899443035,926.119396804991,444.9401756477706,7724.6534760031545,10298.651991294444,True,1,1,640,480,16.947951929895314,25.02225845203213,False,False,14.825999999999999,17.7912,False,
527,PostNateMinutely0527 25-09-25 01-19-59.fits,2025-09-25 01:19:59,356.5125999495886,310.16015907009523,3.537751562568186,6.4574297954160516,8.330768293875128,15.20608512162582,848.4134216606167,510.1817623748201,7726.624086909946,10300.635429397733,True,1,1,640,480,15.914549926327888,21.952721322574018,False,False,14.825999999999999,19.27379999999191,True,122.1368543713413
528,PostNateMinutely0528 25-09-25 01-20-59.fits,2025-09-25 01:20:59,356.3033356650462,313.5389968905882,3.763130549054445,5.782930775965747,8.86149524898173,13.617761310270524,806.6865085719928,548.4797008423134,7725.483925244973,10299.934220727946,True,1,1,640,480,17.210278992908137,24.41772927994914,False,False,14.825999999999999,20.7564,True,205.70664701451835
529,PostNateMinutely0529 25-09-25 01-22-00.fits,2025-09-25 01:22:00,358.05640688811343,310.81126354819764,3.0578297776862318,7.098710732532205,7.20063885478807,16.71618632684317,981.8210422645271,460.3305639439605,7730.6523379203045,10306.149909677077,True,1,1,640,480,21.948729947132446,26.511094288438574,False,False,17.7912,20.7564,False,
530,PostNateMinutely0530 25-09-25 01-23-00.fits,2025-09-25 01:23:00,357.85137784022294,307.5091719854633,3.9116278292449636,8.75994758179155,9.21117962100694,20.628100159023134,754.5220155829115,387.34036327098585,7726.162365566569,10299.243346933376,True,1,1,640,480,18.398598842127985,29.524787926468825,False,False,14.825999999999999,19.273799999999998,True,65.23891893150429
531,PostNateMinutely0531 25-09-25 01-24-00.fits,2025-09-25 01:24:00,355.54869157128945,311.3178530290665,3.5899926861550315,6.9847761732345095,8.45378673887237,16.44789094278719,814.7576429211313,473.6566238367287,7726.612777374588,10300.14814033371,True,1,1,640,480,16.892664491589144,19.68854541055725,False,False,14.825999999999999,17.7912,False,
532,PostNateMinutely0532 25-09-25 01-25-00.fits,2025-09-25 01:25:00,356.9212330450433,311.5628700950173,4.113396266716077,6.681402600248477,9.68630798201849,15.733500771987021,714.2217823988609,462.4144505797288,7728.787240483846,10304.257455520621,True,1,1,640,480,18.367770050509552,22.858692714852044,False,False,14.825999999999999,17.7912,False,
533,PostNateMinutely0533 25-09-25 01-25-59.fits,2025-09-25 01:25:59,355.28495789632797,315.18025568547944,3.103284394032597,5.372075458041847,7.307676296499682,12.65027097201576,972.3262805957687,623.6073198464695,7727.227324030274,10301.23256437315,True,1,1,640,480,17.528236961701854,23.37274156081098,False,False,14.825999999999999,19.273799999999998,True,183.36751784419604
534,PostNateMinutely0534 25-09-25 01-26-59.fits,2025-09-25 01:26:59,359.5901137123439,311.9038653631114,3.282561623008145,6.327500655286862,7.729841908908906,14.90012537801597,887.0005959666988,491.6469403511045,7726.229086873797,10300.598206833389,True,1,1,640,480,18.145704400332914,26.3219576735044,False,False,16.3086,17.7912,False,
535,PostNateMinutely0535 25-09-25 01-27-59.fits,2025-09-25 01:27:59,357.13838664532597,315.19777407697364,3.23971970166035,7.984250195543603,7.628956893751479,18.801472405008354,902.2924390698396,405.9822748168389,7727.51669986742,10301.693446961955,True,1,1,640,480,17.10987811256125,29.758545310533624,False,False,14.825999999999999,16.30860000034789,True,36.55317657784017
536,PostNateMinutely0536 25-09-25 01-29-00.fits,2025-09-25 01:29:00,354.38849920175755,311.6024857820911,3.2491587318862396,5.94417660936112,7.651184111333057,13.99746623092767,968.7570676190134,564.2384345946541,7726.7828481699635,10301.29986864232,True,1,1,640,480,17.51281674366831,26.353307762237705,False,False,14.0847,20.7564,False,
537,PostNateMinutely0537 25-09-25 01-30-00.fits,2025-09-25 01:30:00,355.74760514492783,314.37955625068554,3.139388340268721,7.557388082827513,7.392694592801227,17.796288945520246,957.1985180732604,479.6129942834047,7727.086776949356,10299.546710821116,True,1,1,640,480,16.82566966503903,27.9621328143755,False,False,14.825999999999999,19.27379981008088,True,40.51671003437001
538,PostNateMinutely0538 25-09-25 01-31-00.fits,2025-09-25 01:31:00,357.44224132806374,314.837588814127,3.560018434680344,6.087436350659804,8.383202770664978,14.334817141383757,816.4964024012512,522.0538349165702,7724.054496410632,10297.32294128341,True,1,1,640,480,17.392581532491775,24.112703632699116,False,False,14.825999999999999,16.3086,True,212.98454336481237
539,PostNateMinutely0539 25-09-25 01-32-00.fits,2025-09-25 01:32:00,354.92903227167966,315.0871932046185,3.299488845342689,8.551648577456023,7.769702471368986,20.137593488253845,847.6781237219678,363.746643290834,7727.150312601657,10301.228746256696,True,1,1,640,480,19.75477832586453,25.552977678260334,False,False,16.3086,20.7564,False,
540,PostNateMinutely0540 25-09-25 01-33-00.fits,2025-09-25 01:33:00,359.05472376531947,312.27125458285457,3.0818074206698545,7.857683231098797,7.2571018891185,18.503429980095003,971.1930483886408,451.0182968101287,7725.108728931346,10297.267942494775,True,1,1,640,480,18.24377355139036,22.00141927325828,False,False,13.343399999999999,17.7912,True,47.04598893586592
541,PostNateMinutely0541 25-09-25 01-34-00.fits,2025-09-25 01:34:00,357.1110918129863,314.5762908635399,4.117348694370422,7.467633801199258,9.695615237885479,17.584933764014675,723.3136983465691,421.82172166819873,7725.796755198351,10300.16478229245,True,1,1,640,480,18.184934304795398,24.36376368926724,False,False,16.308599996132738,19.273799999999998,False,
542,PostNateMinutely0542 25-09-25 01-34-59.fits,2025-09-25 01:34:59,357.6303153580299,317.1426259616444,3.6052276175473956,6.594495542191342,8.489662260699781,15.52885028961941,804.712175247421,474.75769178658925,7727.027881014436,10301.504749105923,True,1,1,640,480,16.964962539305446,25.804281321469492,False,False,13.343399999999999,20.7564,True,196.42975112985118
543,PostNateMinutely0543 25-09-25 01-35-59.fits,2025-09-25 01:35:59,357.570538854303,318.0019270810808,3.188427320676402,9.104012354472804,7.508172566853115,21.438310782521967,898.3372261558385,355.5555281072869,7725.684855246828,10298.966853313079,True,1,1,640,480,17.63142132019305,27.546425201263723,False,False,14.825999999999999,20.7564,False,
544,PostNateMinutely0544 25-09-25 01-36-59.fits,2025-09-25 01:36:59,357.55778740434937,312.0671287318315,3.682027188385829,7.168125979878714,8.670511429559898,16.879646742725512,803.9526472137296,438.59495303696144,7731.467094344674,10307.663336753918,True,1,1,640,480,19.996616681450515,23.930610273510492,False,False,17.7912,20.7564,True,118.5907107915201
545,PostNateMinutely0545 25-09-25 01-38-00.fits,2025-09-25 01:38:00,354.5660354926733,318.6624677557785,3.648692322052429,8.522266157314997,8.59201381811958,20.068403176334236,801.697508047199,397.44344393552853,7730.602722599077,10305.05781711796,True,1,1,640,480,20.971580872350927,24.756994273202398,False,False,17.7912,19.273799960628924,False,
546,PostNateMinutely0546 25-09-25 01-39-00.fits,2025-09-25 01:39:00,356.7083035251118,314.33135970226704,3.4154654598296914,6.63124854797575,8.042806527917806,15.615397004355675,868.2320984706537,493.3034881885617,7726.2481289758725,10300.067234102635,True,1,1,640,480,17.537283821666442,22.142935607260807,False,False,14.825999999999999,20.7564,True,130.62196550399628
547,PostNateMinutely0547 25-09-25 01-40-00.fits,2025-09-25 01:40:00,355.9459392497051,312.9267676164261,3.4360979505974867,7.0030240806627795,8.091392330756726,16.49086148097915,861.7910585854127,464.3440097934593,7729.711525212418,10304.764407061268,True,1,1,640,480,20.158639869024103,26.058685509727095,False,False,16.3086,21.4977,False,
548,PostNateMinutely0548 25-09-25 01-41-00.fits,2025-09-25 01:41:00,355.71300817230036,311.0748196091631,4.231655148783709,8.514390286833049,9.964786368014302,20.049856918651276,745.2415981415197,409.9566502222692,7727.004817846839,10300.913617705115,True,1,1,640,480,18.557024213391227,29.215156014021453,False,False,14.825999999999999,20.7564,False,
549,PostNateMinutely0549 25-09-25 01-42-00.fits,2025-09-25 01:42:00,355.4545690789445,320.366243843898,2.9189070856601163,6.284642190614714,6.873500914895312,14.799201406306745,1027.300085575576,538.4343760124847,7727.236938674216,10300.970629802277,True,1,1,640,480,18.025818471018784,29.234457540255345,False,False,16.3086,23.7216,True,270.46899343623636
550,PostNateMinutely0550 25-09-25 01-43-00.fits,2025-09-25 01:43:00,354.91665005169773,318.0745693238,3.082570634294414,5.747036713753361,7.258899119860254,13.533237253075209,1003.2748381736354,555.6535281298496,7726.660682932009,10301.688396784522,True,1,1,640,480,16.896553385243358,29.65926072256377,False,False,14.825999999999999,17.7912,False,
551,PostNateMinutely0551 25-09-25 01-43-59.fits,2025-09-25 01:43:59,356.7296296228922,317.7893830427996,3.8595406838124635,6.519683344870748,9.088523766854046,15.352681027756065,791.5453470266674,507.4116643804639,7723.136323336421,10296.193050285226,True,1,1,640,480,14.164029019684461,27.06424555250682,False,False,11.8608,17.7912,True,119.3446712050971
552,PostNateMinutely0552 25-09-25 01-44-59.fits,2025-09-25 01:44:59,356.0382187238904,321.59112382587756,5.668003513471168,6.125142910930446,13.347128288827756,14.423609305338234,546.0153824879262,491.34155276956017,7723.258506150361,10298.123351853166,True,1,1,640,480,16.2336219836782,23.226515871391427,False,False,14.825999999999999,17.7912,True,212.00762936946415
553,PostNateMinutely0553 25-09-25 01-45-59.fits,2025-09-25 01:45:59,356.36088887991133,312.8663020118893,3.827484575479269,6.710885144759263,9.013037400385356,15.802926858779536,794.4069913002647,469.6017148969647,7729.35842958087,10305.232298820858,True,1,1,640,480,20.931010256119556,20.259029428602577,False,False,17.7912,19.273799999999998,True,241.01136883505077
554,PostNateMinutely0554 25-09-25 01-46-59.fits,2025-09-25 01:46:59,354.8345632654697,315.99097973305857,3.893817241985692,8.264587169662862,9.169238893115034,19.461615531027707,748.4609563214023,397.6104655876105,7723.133995799241,10295.570839658167,True,1,1,640,480,18.343418005494932,22.77021528695719,False,False,14.825999999999999,17.7912,False,
555,PostNateMinutely0555 25-09-25 01-48-00.fits,2025-09-25 01:48:00,352.2695887188824,319.33639513872043,3.9458428924405307,6.027360848419475,9.291749937661862,14.193350144492928,775.156624318246,547.9599448890446,7726.406423137285,10300.600474277657,True,1,1,640,480,19.940512786985558,29.802235406999795,False,False,14.825999999999999,20.7564,False,
556,PostNateMinutely0556 25-09-25 01-49-00.fits,2025-09-25 01:49:00,355.1281517180588,320.28878169579497,3.266875146417791,7.0033841747551175,7.6929030793980315,16.491709437765884,955.5183633403287,474.0533187267398,7729.531892914875,10305.006355209689,True,1,1,640,480,19.42893703686452,24.90779404853557,False,False,17.7912,17.79111847643814,False,
557,PostNateMinutely0557 25-09-25 01-50-00.fits,2025-09-25 01:50:00,357.39548274373897,324.94496503602215,3.5999172373787154,5.675580374584338,8.477157271031837,13.364970433255463,825.3037518103972,555.0205364334529,7724.696475348689,10298.660336150071,True,1,1,640,480,17.581470368414365,24.89653219437259,False,False,14.825999999999999,20.014955774229623,False,
558,PostNateMinutely0558 25-09-25 01-51-00.fits,2025-09-25 01:51:00,355.7206145973744,322.7644284905575,3.2439534467732214,6.231706242868071,7.63892660160882,14.67454677545024,927.1206084998248,529.7875221322714,7729.558164049328,10304.542534082788,True,1,1,640,480,20.465271108338094,22.820505153057546,False,False,16.3086,19.2738006962874,True,33.46247197340545
559,PostNateMinutely0559 25-09-25 01-52-00.fits,2025-09-25 01:52:00,355.731544708125,318.28758972051173,3.530829924368985,5.9073805529478225,8.314469081499198,13.910818139707546,852.4909263736131,562.4629969640778,7729.928199542599,10304.938060246355,True,1,1,640,480,21.228148839382435,27.767123671527813,False,False,17.7912,20.755061245023,True,151.16554588127747
560,PostNateMinutely0560 25-09-25 01-53-00.fits,2025-09-25 01:53:00,356.32006304728066,321.8757287564046,4.1430947952370705,8.107902404624314,9.75624267228765,19.09265110556397,734.1413923353831,422.20596715670945,7725.7403060478,10298.994371070448,True,1,1,640,480,15.91558214164403,29.247488664506758,False,False,14.825999999999999,17.7912,False,
561,PostNateMinutely0561 25-09-25 01-53-59.fits,2025-09-25 01:53:59,355.16035916636486,321.42809896889577,3.2155171618511234,6.657227113411457,7.5719642678680525,15.676571850984823,867.1723750058744,468.0355117160821,7725.932028957956,10299.532918231871,True,1,1,640,480,17.674155297019098,23.71529795596466,False,False,13.343399999999999,21.497700008187586,False,
562,PostNateMinutely0562 25-09-25 01-54-59.fits,2025-09-25 01:54:59,351.8848721764557,320.28376173375796,4.152876533772669,7.339127339644084,9.779276906266528,17.282324172428552,728.7153668429787,433.47428590368855,7724.276997995389,10298.226262209864,True,1,1,640,480,15.77013494603876,27.1634520386098,False,False,14.825999999999999,18.5325,True,70.21354268631826
563,PostNateMinutely0563 25-09-25 01-55-59.fits,2025-09-25 01:55:59,354.26972822020804,319.59302734352,3.381157839507156,7.799535350751791,7.962018255884989,18.366502185877813,917.6460112465558,455.9147827961756,7726.422920937707,10299.530461871962,True,1,1,640,480,17.619224267107345,23.977322867156403,False,False,14.825999999999999,17.012331541264725,False,
564,PostNateMinutely0564 25-09-25 01-56-59.fits,2025-09-25 01:56:59,353.45276682746896,324.1352155564863,3.35257793874054,7.102938720225952,7.894717732674766,16.726142477014548,886.7706866948124,485.97102207339435,7725.432616797188,10298.07617583152,True,1,1,640,480,16.75238341246798,27.23226055511995,False,False,13.343399999999999,19.273799746138952,True,154.59554922467692
565,PostNateMinutely0565 25-09-25 01-58-00.fits,2025-09-25 01:58:00,356.34140120191194,320.54950605464,3.710452736168897,4.113910700204125,8.737448479270451,9.68751938030798,810.3406880616473,720.9535353433567,7725.137880474996,10300.396864138525,True,1,1,640,480,17.995862010731148,23.619359401801656,False,False,14.825999999999999,20.0151,False,
566,PostNateMinutely0566 25-09-25 01-59-00.fits,2025-09-25 01:59:00,351.1749100525905,321.99533624511844,4.391690128720328,6.438571319433298,10.34163994667518,15.161676804362898,695.8700809739548,499.4432069315097,7732.2869207437825,10308.882153505527,True,1,1,640,480,22.77422981927259,21.529734729701904,False,False,17.7912,17.7912,False,
567,PostNateMinutely0567 25-09-25 02-00-00.fits,2025-09-25 02:00:00,352.0529523441656,325.46566915505645,2.92690594193339,6.572472990850447,6.892336781984938,15.476991144279149,1038.6478262656096,481.8414593892393,7729.018419756986,10304.695383414864,True,1,1,640,480,19.249501442813187,22.89065425750737,False,False,17.7912,19.273799999999998,False,
568,PostNateMinutely0568 25-09-25 02-01-00.fits,2025-09-25 02:01:00,353.4962337089134,322.0303692071078,3.3200755410980904,6.157724648640553,7.818180435194758,14.500333434399932,899.4376954429096,524.7543196687888,7726.424537351756,10300.619480380175,True,1,1,640,480,15.89472318627741,21.798763863829222,False,False,14.825999999999999,19.273799999999998,False,
569,PostNateMinutely0569 25-09-25 02-02-00.fits,2025-09-25 02:02:00,352.14819134395043,325.78540576705996,3.4027418860480725,6.358600941941821,8.01284480133242,14.973360956437276,879.3935086842314,486.3320682285701,7730.839520423266,10307.263591482477,True,1,1,640,480,20.70201487356385,25.62547311946708,False,False,19.273799999999998,22.238999999999997,False,
570,PostNateMinutely0570 25-09-25 02-03-00.fits,2025-09-25 02:03:00,355.0387586441517,325.2116823256237,3.9496134575138946,6.632736931913694,9.300628939877713,15.618901880687446,758.7314437865732,473.61244126538884,7725.649058240058,10300.11002388422,True,1,1,640,480,16.721544993389777,20.264477396818606,False,False,14.825999999999999,17.7912,False,
571,PostNateMinutely0571 25-09-25 02-04-00.fits,2025-09-25 02:04:00,354.82268919094315,328.9313701244192,3.0745454484983803,7.077808485316067,7.240001251482656,16.666965296112416,927.4362366758492,443.0551226375152,7727.2382620124445,10301.499096658394,True,1,1,640,480,16.724723881792826,23.830755154360986,False,False,14.825999999999999,17.052904366755428,True,66.96479737233973
572,PostNateMinutely0572 25-09-25 02-04-59.fits,2025-09-25 02:04:59,354.03803356050855,322.28782632463736,3.595960355261651,6.4257437577532475,8.467839525706749,15.131470204989844,814.5875815431823,492.7715277362774,7731.232066673177,10307.07073573587,True,1,1,640,480,18.927854652770606,25.412291037842362,False,False,14.825999999999999,20.7564,True,244.29570483888145
573,PostNateMinutely0573 25-09-25 02-05-59.fits,2025-09-25 02:05:59,355.9314431491115,323.55290991296954,3.617156058930293,8.822222866887481,8.517751593574204,20.77474724867705,818.6672364014136,381.7826877740866,7725.045709616037,10297.935926942691,True,1,1,640,480,16.77128748584336,30.255107525291876,False,False,13.343399999999999,16.3086,False,
574,PostNateMinutely0574 25-09-25 02-06-59.fits,2025-09-25 02:06:59,353.5330936959321,327.5252738797696,3.0831512592552612,6.87217730330151,7.260266387156703,16.182740866821128,933.5266769278032,465.19218202115576,7729.800644685602,10304.736671441175,True,1,1,640,480,20.483567255767948,25.544022310287612,False,False,17.049899999999997,19.273800000001348,True,122.5161902007239
575,PostNateMinutely0575 25-09-25 02-07-59.fits,2025-09-25 02:07:59,353.0355998404514,324.13123813208836,3.62598892474903,7.7896547556814975,8.538551403059234,18.34323516254945,833.8679737598659,455.19054049394526,7727.020263562426,10299.966780664192,True,1,1,640,480,17.575920329402653,22.92096872787033,False,False,16.3086,22.238999999999997,False,
576,PostNateMinutely0576 25-09-25 02-08-59.fits,2025-09-25 02:08:59,353.60352317906114,324.8882479134989,3.0790289156397614,7.0760386251453635,7.250559009778418,16.66279759390554,951.7644821749178,457.8638978316166,7725.444218543293,10298.976809856096,True,1,1,640,480,16.19007065960962,25.290305707006084,False,False,13.343399999999999,19.273799999999998,False,
577,PostNateMinutely0577 25-09-25 02-10-00.fits,2025-09-25 02:10:00,355.0402620825265,322.77126518630865,4.303200373417583,7.15790890741389,10.133262497108392,16.855587375683807,746.4252809262296,459.76141374886913,7731.007290619975,10307.597627107272,True,1,1,640,480,19.981919135356762,22.983067397141077,False,False,17.7912,22.238999999999997,False,
578,PostNateMinutely0578 25-09-25 02-11-00.fits,2025-09-25 02:11:00,354.95147646288893,324.3550767916111,3.5092096280324925,7.186138138038125,8.263557174306515,16.922062133813558,837.9732854618212,448.8351639540541,7730.449920208481,10305.77946353194,True,1,1,640,480,19.86561172469186,23.65890182882382,False,False,17.7912,19.30017126073896,False,
579,PostNateMinutely0579 25-09-25 02-12-00.fits,2025-09-25 02:12:00,356.649312849262,326.33618560761744,3.387299567669342,7.268743446935929,7.976480920472435,17.116582771032082,881.0716501737751,475.1850048946196,7730.723569019189,10305.179398386643,True,1,1,640,480,18.85241270297464,25.39229325238221,False,False,16.3086,19.84423092518633,False,
580,PostNateMinutely0580 25-09-25 02-13-00.fits,2025-09-25 02:13:00,356.71488857120386,323.202565218319,4.20665779293672,8.04524456788124,9.90592209339304,18.9451031756231,729.434831566873,417.3545141064976,7727.258522589332,10301.500929729562,True,1,1,640,480,18.462548183245126,26.126128310490863,False,False,16.3086,17.80360277837163,False,
581,PostNateMinutely0581 25-09-25 02-14-00.fits,2025-09-25 02:14:00,354.4609728390981,321.7240256227074,2.9688146607245214,6.57428176626128,6.99102427305586,15.481250484873536,949.9748347206228,474.92938365765923,7724.971184751685,10298.384386332888,True,1,1,640,480,18.15411302753193,22.996132448812567,False,False,14.825999999999999,19.273799999999998,False,
582,PostNateMinutely0582 25-09-25 02-14-59.fits,2025-09-25 02:14:59,356.2378815681764,323.6168554621945,4.183951630149037,7.717538877123015,9.85245316611487,18.17341524615492,704.2374872255134,435.9726552875763,7726.326923221301,10299.58564265427,True,1,1,640,480,16.753164067434714,22.941067288325698,False,False,16.3086,22.238999999999997,False,
583,PostNateMinutely0583 25-09-25 02-15-59.fits,2025-09-25 02:15:59,354.2831463671372,326.84060809803117,3.694367330975505,5.867408599335677,8.699570244688607,13.816691382102618,819.1535847942827,537.1638889783844,7726.384852416893,10301.19106086222,True,1,1,640,480,18.410164433224683,26.45076291820044,False,False,14.82600000011394,19.17170324639207,False,
584,PostNateMinutely0584 25-09-25 02-16-59.fits,2025-09-25 02:16:59,352.89689331476495,326.93351673226425,3.5424820321649766,8.10491377694478,8.341907698504059,19.08561342519707,872.8169594827347,403.29908450923716,7724.465093426286,10298.363694507712,True,1,1,640,480,17.965318691937416,23.73806647423819,False,False,13.343399999999999,19.273799999999998,False,
585,PostNateMinutely0585 25-09-25 02-17-59.fits,2025-09-25 02:17:59,354.05185974417515,325.93965707007476,3.3518520344986573,7.047115303378073,7.893008358815207,16.594688376039045,906.7829474239487,477.65513549402095,7725.989606780851,10299.613461639738,True,1,1,640,480,17.225660970820517,24.855570445118047,False,False,14.825999999999999,17.791199998867327,False,
586,PostNateMinutely0586 25-09-25 02-19-00.fits,2025-09-25 02:19:00,354.41013807459956,323.738696215154,3.2041684407757933,6.955304933294425,7.5452400719944,16.37849147622436,932.7844418746687,474.8690373045411,7726.615926946354,10300.51450071979,True,1,1,640,480,17.700721931958054,21.106084056746145,False,False,16.3086,20.0151,False,
587,PostNateMinutely0587 25-09-25 02-20-00.fits,2025-09-25 02:20:00,355.01335146130134,321.95362457531786,3.4663318150572415,7.964434941855102,8.162587640825306,18.7548110484253,860.6048609599673,429.7919467137942,7731.872456078957,10306.866012676137,True,1,1,640,480,20.683731803834675,27.030220194122265,False,False,16.3086,20.7564,False,
588,PostNateMinutely0588 25-09-25 02-21-00.fits,2025-09-25 02:21:00,354.90401322268644,322.37711953777585,3.2946280228793414,6.490565203776481,7.758256109196958,15.284113045433246,896.8181407268808,508.97819187100765,7726.796422046886,10300.573359932736,True,1,1,640,480,19.755318877858567,21.459707951097304,False,False,16.3086,17.791200000002696,False,
589,PostNateMinutely0589 25-09-25 02-22-00.fits,2025-09-25 02:22:00,356.5665766819423,325.7486007607181,4.341957408387523,7.596526500655888,10.224528339941571,17.8884528763533,680.6027355097399,426.9796020632011,7725.774284755029,10299.526241917161,True,1,1,640,480,18.831906661915827,24.65655880887159,False,False,13.343617180057562,19.275699903797932,False,
590,PostNateMinutely0590 25-09-25 02-23-00.fits,2025-09-25 02:23:00,353.3781487410868,319.4949510133061,3.5410521495490186,5.816316895931959,8.33854058225796,13.696379614792768,866.3658748289918,536.0656534802822,7727.187575951455,10302.65523796774,True,1,1,640,480,17.44235887843622,20.399642735614858,False,False,14.825999999999999,19.273799999999998,False,
591,PostNateMinutely0591 25-09-25 02-24-00.fits,2025-09-25 02:24:00,354.0660463148632,320.1159724056903,3.6322085565521123,7.125531137398634,8.553197516701845,16.779343553838483,836.8697430324352,453.380170319679,7727.618185196829,10302.494063658885,True,1,1,640,480,17.20315912960566,24.034575085100634,False,False,16.3086,22.238999999999997,True,40.58303115503919
592,PostNateMinutely0592 25-09-25 02-25-00.fits,2025-09-25 02:25:00,352.1102418476382,320.3647246292853,3.1222496569521407,6.199982631574088,7.3523360777819065,14.599843379674397,924.3641799726938,517.6024919703514,7725.991610632065,10299.635235161297,True,1,1,640,480,18.577443830658577,22.330555813469246,False,False,14.825999999999999,19.273799999999998,False,
593,PostNateMinutely0593 25-09-25 02-26-00.fits,2025-09-25 02:26:00,355.81077016650335,325.6654242987331,3.5309918549940185,5.797217009282558,8.31485039898093,13.651402818852938,833.6793277145323,546.6019752710486,7727.373751498503,10301.989730933043,True,1,1,640,480,19.950119055819247,23.68401350651056,False,False,14.825999999999999,20.7564,True,227.92925993995902
594,PostNateMinutely0594 25-09-25 02-27-00.fits,2025-09-25 02:27:00,353.29660888891766,324.5661537277246,3.5352055690642894,8.179288405518923,8.324772937337633,19.260752291405193,882.8035127651417,407.8750575684199,7725.607943959981,10299.68659979094,True,1,1,640,480,16.574039430846447,24.992380531402134,False,False,14.825999999999999,17.7912,True,86.16938989939317
595,PostNateMinutely0595 25-09-25 02-28-01.fits,2025-09-25 02:28:01,355.3119618596558,317.9752549734493,3.4811452434075947,6.458165266039556,8.197470598840347,15.20781702259258,857.321597701906,483.8400717903259,7724.387602603215,10298.451022159423,True,1,1,640,480,17.468954048653707,26.584861019796847,False,False,14.825999999999999,20.7564,False,
596,PostNateMinutely0596 25-09-25 02-29-01.fits,2025-09-25 02:29:01,357.16760186279896,314.0507581768603,3.0821759955502555,5.734207558806739,7.257969816634963,13.503026901846095,950.861058094368,560.1147026748935,7726.44964305126,10300.464950646372,True,1,1,640,480,18.70118019470512,19.449252452237207,False,False,14.825999999999999,16.3086,True,99.37302139559293
597,PostNateMinutely0597 25-09-25 02-30-01.fits,2025-09-25 02:30:01,354.2032110017594,320.42917838802924,2.9069558168107483,6.236831300851714,6.845357827445267,14.686615364722067,1035.3676560265158,508.801200095326,7725.702547429432,10300.08270483277,True,1,1,640,480,18.63530249533686,20.826562353987885,False,False,14.825999999999999,16.3086,False,
598,PostNateMinutely0598 25-09-25 02-31-01.fits,2025-09-25 02:31:01,354.9460322097635,322.8142651890973,3.414583750936049,7.113286203132666,8.040730262141174,16.750508937178896,888.4240310823875,471.33821723928844,7727.467026289074,10301.62264138886,True,1,1,640,480,17.94471191220309,24.44509333870829,False,False,14.825999999999999,17.791201208065527,False,
599,PostNateMinutely0599 25-09-25 02-32-01.fits,2025-09-25 02:32:01,355.3192100624715,318.77323936966246,3.3688885870669902,8.112799369290432,7.933126374301342,19.104182576119552,899.0327869270993,410.4679489076638,7725.471986612061,10299.055869292051,True,1,1,640,480,18.15761731575263,22.272671443703754,False,False,16.3086,19.273799999999998,False,
600,PostNateMinutely0600 25-09-25 02-33-00.fits,2025-09-25 02:33:00,355.10025842691226,320.3599287637874,4.01285273907392,7.932538124129715,9.449546067728617,18.679699782672856,765.463811211612,434.33797235639946,7730.564697017467,10305.468034613335,True,1,1,640,480,19.57106571571979,24.104683066854964,False,False,16.3086,19.273799999999998,False,
601,PostNateMinutely0601 25-09-25 02-34-00.fits,2025-09-25 02:34:00,353.5423382594129,321.09838547524527,4.099793707746236,7.239025422781602,9.654276403492593,17.04660217205476,727.9946615124315,458.4951077172793,7725.605698801159,10299.061158377137,True,1,1,640,480,19.762955396160173,21.938237653808613,False,False,14.825999999999999,19.273799999999998,True,113.22431764084311
602,PostNateMinutely0602 25-09-25 02-35-00.fits,2025-09-25 02:35:00,353.949496600651,318.98963715713705,4.128112529503294,7.058269319841645,9.720962132617773,16.62095407759007,719.183081324746,464.5549591225651,7728.492421563153,10303.037252400512,True,1,1,640,480,17.274799157104397,25.9434451831332,False,False,16.3086,20.7564,False,
603,PostNateMinutely0603 25-09-25 02-36-00.fits,2025-09-25 02:36:00,354.65527393432615,323.3203890547516,2.794452790932292,7.776884255183934,6.580433446980042,18.313162931992714,1044.0346901204146,439.0143289957286,7723.99671537187,10296.068668599379,True,1,1,640,480,15.356756693014505,26.39283439724903,False,False,13.343399999999999,16.308600011987426,True,234.68412200637272
604,PostNateMinutely0604 25-09-25 02-37-00.fits,2025-09-25 02:37:00,354.35799411378395,321.40147849735956,3.255064751420103,5.295069372552,7.665091724517743,12.4689354983149,941.1607759154477,622.654928149478,7733.2294466402045,10309.753424940116,True,1,1,640,480,19.81020692321139,23.239720590813473,False,False,17.7912,19.273799999999998,True,113.13684346033833
605,PostNateMinutely0605 25-09-25 02-38-00.fits,2025-09-25 02:38:00,354.7149613925922,319.41721681410314,3.1869597458556,7.570741632094464,7.504716692247507,17.827734151006368,937.6971669526639,461.2074074003365,7726.540912859546,10299.426355981088,True,1,1,640,480,15.913016287276712,23.58712503902114,False,False,13.343399999999999,17.7912,True,162.01394710977337
606,PostNateMinutely0606 25-09-25 02-39-00.fits,2025-09-25 02:39:00,355.49915415346766,323.78144638021513,3.903286514081156,7.81902242820577,9.191537324857284,18.412390746485514,746.2816679933261,405.3009024765342,7724.4270534895995,10297.898651025309,True,1,1,640,480,15.533544162557298,27.609334992688392,False,False,13.343399999999999,19.274544212836734,False,
607,PostNateMinutely0607 25-09-25 02-40-01.fits,2025-09-25 02:40:01,354.6563111547062,322.27302748368794,3.2491352077560127,7.578414587330187,7.651128716239657,17.845802579800072,934.0979657267416,449.09727886426396,7730.231807259503,10305.051724178875,True,1,1,640,480,19.973061793567368,21.74585094542154,False,False,16.3086,19.273799999999998,True,274.3537863475846
608,PostNateMinutely0608 25-09-25 02-41-01.fits,2025-09-25 02:41:01,353.1603805891961,320.41187982476885,3.679765347127623,5.981894378751918,8.665185200426397,14.086284790342974,805.4685932920358,544.3375445655713,7729.744555745339,10304.799985347421,True,1,1,640,480,19.059198813936074,22.34383004920551,False,False,17.790426145893367,20.7564,True,163.10047894861216
609,PostNateMinutely0609 25-09-25 02-42-01.fits,2025-09-25 02:42:01,352.2367797072653,319.8582228445982,3.328309151288535,6.998115337983842,7.837569105514189,16.479302275322887,933.2520980165251,477.39230984583116,7730.459426292917,10306.053624660668,True,1,1,640,480,20.198075604841694,30.590020515070375,False,False,19.273799999999998,22.238999999999997,True,304.2649707814754
610,PostNateMinutely0610 25-09-25 02-43-01.fits,2025-09-25 02:43:01,356.23620838876576,319.72177822181555,3.5509930929200024,8.011145940055883,8.36194971497447,18.864807043311902,829.5707976668317,430.8213892369897,7726.631209366518,10299.534772484218,True,1,1,640,480,17.850837150236902,27.317697366374237,False,False,14.825999999999999,20.75639999829695,False,
611,PostNateMinutely0611 25-09-25 02-44-01.fits,2025-09-25 02:44:01,354.9893066371061,318.825486105128,3.16015393421947,7.043668417734229,7.441593829683424,16.586571580631993,948.564794144563,484.43167286425955,7726.431412648896,10299.74363119256,True,1,1,640,480,18.27535534793497,22.756579579371554,False,False,16.3086,20.7564,False,
612,PostNateMinutely0612 25-09-25 02-45-00.fits,2025-09-25 02:45:00,354.69269887108914,320.10909079539675,3.813502585906654,7.835397918496175,8.980112331070348,18.450952079268568,788.2476343189986,423.4669685412539,7725.33767895278,10298.820680544359,True,1,1,640,480,17.589086700216154,26.55482344928975,False,False,14.825999999999999,20.7564,True,191.97469716243435
613,PostNateMinutely0613 25-09-25 02-46-00.fits,2025-09-25 02:46:00,353.72545176395516,318.813470889595,2.9051016253533546,6.1005746078312315,6.840991540234071,14.365755372727806,1024.2620969840452,537.4032923402278,7725.373927023139,10298.9168691847,True,1,1,640,480,17.292344478641617,22.105498844754653,False,False,14.825999999999999,19.273969942849256,False,
614,PostNateMinutely0614 25-09-25 02-47-00.fits,2025-09-25 02:47:00,353.6066160295425,318.30089703356697,3.152617298006891,7.234472696651086,7.423846407657937,17.035881321303084,970.0891930828045,472.63674545334175,7727.181138575642,10301.023212518838,True,1,1,640,480,19.402770523452826,29.026970446494428,False,False,16.3086,20.7564,True,49.74434356445704
615,PostNateMinutely0615 25-09-25 02-48-00.fits,2025-09-25 02:48:00,353.08464658593925,323.962049849072,3.435581779744684,6.266559440454343,8.090176841285885,14.756619783759817,890.9249871969283,517.3711725638956,7729.413433971013,10304.937848349262,True,1,1,640,480,18.47111320705187,22.943041729477034,False,False,16.3086,19.275521506428994,False,
616,PostNateMinutely0616 25-09-25 02-49-01.fits,2025-09-25 02:49:01,354.7491055380777,324.9150641139432,2.840472574310125,5.7474118270608265,6.6888017553461445,13.534120577410786,1036.8688148909794,538.8451112883255,7731.153882567141,10307.41262614485,True,1,1,640,480,21.062023670531197,27.64242496634544,False,False,17.7912,20.7564,True,121.2901324809125
617,PostNateMinutely0617 25-09-25 02-50-01.fits,2025-09-25 02:50:01,352.79893010134094,321.71506344128045,3.7000703605409258,6.301122291567861,8.712999853026664,14.838009078375348,815.0072726651032,528.4602844300869,7726.529767570905,10300.398325748632,True,1,1,640,480,16.8088814243232,22.961592273595194,False,False,14.825999999999999,21.49746219960213,False,
618,PostNateMinutely0618 25-09-25 02-51-01.fits,2025-09-25 02:51:01,352.70569501199395,323.46560064424875,2.9097979817660264,8.159174763683625,6.85205061445324,19.21338828443286,1009.941865219354,419.2790388913658,7730.540162982304,10304.868536411206,True,1,1,640,480,20.065863217702894,28.33748789738189,False,False,18.5325,20.7564,False,
619,PostNateMinutely0619 25-09-25 02-52-01.fits,2025-09-25 02:52:01,354.4014683009875,328.202981435306,3.5024897766110428,6.707346890725168,8.247733133479656,15.794594907255638,836.6736087455909,483.5384240175705,7726.238241140081,10300.017401915948,True,1,1,640,480,17.738618673343137,25.734884555504316,False,False,16.3086,20.7564,True,185.61960640428205
620,PostNateMinutely0620 25-09-25 02-53-01.fits,2025-09-25 02:53:01,355.63438067358885,323.519527288503,3.0492012249358984,7.328622560236127,7.180320165811978,17.257587307310068,983.6387855690533,439.8915381704528,7725.682559779032,10299.73777946517,True,1,1,640,480,17.301149509041238,23.11097526967313,False,False,14.825999999999999,19.273799999999998,True,184.42005375047916
621,PostNateMinutely0621 25-09-25 02-54-00.fits,2025-09-25 02:54:00,354.8991303769191,333.42557944271266,3.694967556927366,6.342405014310436,8.700983668791597,14.935222461403018,790.7030178719294,466.2398671097356,7732.271218265443,10309.509780146336,True,1,1,640,480,21.11120714264212,29.184967259091263,False,False,17.7912,20.7564,True,134.9766672424681
622,PostNateMinutely0622 25-09-25 02-55-00.fits,2025-09-25 02:55:00,353.4656408425493,322.81287343193947,3.6531145395101485,7.418554269707569,8.602427344432504,17.469360299457318,837.6770982511722,449.4082861465497,7724.259985387118,10297.583337914508,True,1,1,640,480,16.002197694839516,21.80280719722646,False,False,14.084682318960981,17.7912,False,
623,PostNateMinutely0623 25-09-25 02-56-00.fits,2025-09-25 02:56:00,355.38774603969836,321.9803054068283,3.551456153017755,6.474924506674382,8.363040138174712,15.247282018378966,853.0279731268056,487.25196559159036,7726.931548574712,10301.92039393756,True,1,1,640,480,19.788521870973707,25.0442776904157,False,False,16.3086,19.27733569680492,False,
624,PostNateMinutely0624 25-09-25 02-57-00.fits,2025-09-25 02:57:00,353.25046623182146,326.0046442998379,2.7126250459386263,7.285875172984555,6.387743832829277,17.156924902937366,1149.860850306224,479.09199923757404,7726.110112685387,10299.540316786317,True,1,1,640,480,17.995246846206257,22.838677972650668,False,False,14.825999999999999,17.7912,False,
625,PostNateMinutely0625 25-09-25 02-58-01.fits,2025-09-25 02:58:01,353.6637489651779,328.20751738310463,4.55698767699396,8.895240017679653,10.730885926744397,20.946689498993504,666.3238905354575,369.23906663565697,7726.919998928806,10301.264696510863,True,1,1,640,480,15.999418728036861,25.88630063684794,False,False,14.825999999999999,19.273799999999998,True,101.82863403052082
626,PostNateMinutely0626 25-09-25 02-59-01.fits,2025-09-25 02:59:01,352.4574022895346,328.6771351825351,4.32358962492074,7.325660465768016,10.181275515251203,17.250612107881285,723.0046246513808,449.84857784027304,7725.820846784728,10300.209504320648,True,1,1,640,480,20.020016347196915,26.64433754908961,False,False,16.3086,20.438182302887668,False,
627,PostNateMinutely0627 25-09-25 03-00-01.fits,2025-09-25 03:00:01,353.7255910697671,324.94859222244037,3.591015038367798,6.239544194561259,8.456194194356074,14.693003741209342,815.8972992653286,512.9763757323292,7730.654423658523,10306.12487022116,True,1,1,640,480,20.564788903822507,21.090573378203434,False,False,17.7912,17.7912,False,
628,PostNateMinutely0628 25-09-25 03-01-01.fits,2025-09-25 03:01:01,352.79022610908174,325.09270185235636,3.1431303251534017,7.698153749088567,7.401506293815876,18.12776675808391,939.0561043826406,436.56568227706606,7727.282026325925,10300.905936805942,True,1,1,640,480,17.571866835077486,27.735375782313067,False,False,14.825999999999999,19.273799999999998,False,
629,PostNateMinutely0629 25-09-25 03-02-01.fits,2025-09-25 03:02:01,352.2695405675738,328.64602023901443,3.089872931965599,6.914569277391562,7.276094716791143,16.28256633715682,962.5206317540664,488.95013063822,7725.914251491816,10299.094566089554,True,1,1,640,480,16.83471270630908,23.499300025169465,False,False,14.825999999999999,16.3086,True,175.81200036292356
630,PostNateMinutely0630 25-09-25 03-03-00.fits,2025-09-25 03:03:00,354.19874131988627,327.6058645096572,4.140561642237699,6.033713533820731,9.750277552827601,14.208309575415583,716.6870914075198,511.51437437059366,7725.66814527901,10300.27023945378,True,1,1,640,480,18.553851007151806,23.48145584617477,False,False,16.30859999997438,20.7564,True,56.11770413066795
631,PostNateMinutely0631 25-09-25 03-04-00.fits,2025-09-25 03:04:00,353.5229245488742,322.5477967808358,3.951562960785317,6.7105345645926,9.305219669259111,15.80210130557569,745.5363112856242,466.85287608426455,7732.15998233995,10308.57115379502,True,1,1,640,480,21.534431764709385,23.690497471246278,False,False,17.7912,20.7564,True,277.1643667962407
632,PostNateMinutely0632 25-09-25 03-05-00.fits,2025-09-25 03:05:00,356.1677369351813,326.0522580096097,2.6951286080698753,5.647967622097484,6.346542870219303,13.299947370200941,1087.8356121416425,539.9296388986121,7727.462382265837,10302.668800505651,True,1,1,640,480,17.27372104295855,22.403134598689554,False,False,14.825999999999999,19.273799999999998,False,
633,PostNateMinutely0633 25-09-25 03-06-01.fits,2025-09-25 03:06:01,354.75989604931544,324.88406059113225,4.269093340202063,7.7099119897351605,10.052946571615948,18.155455298852807,696.2680847515578,408.337795318739,7725.647209820784,10299.944815371498,True,1,1,640,480,15.869945643422868,22.687117966348747,False,False,14.084648488858425,20.75639887142364,True,177.49880400327757
634,PostNateMinutely0634 25-09-25 03-07-01.fits,2025-09-25 03:07:01,354.9959733608436,321.9735938854408,3.8689928154997077,7.467507340889142,9.110781836019441,17.584635972741513,783.0620905806645,438.1373557493909,7725.507444629138,10299.412143436524,True,1,1,640,480,17.394686002262752,23.072411376381567,False,False,14.825999999999999,16.3086,False,
635,PostNateMinutely0635 25-09-25 03-08-01.fits,2025-09-25 03:08:01,352.02220704166047,327.08107656202,3.8166085281796325,7.6572791911537985,8.987426266193467,18.03151452972734,798.0320775372593,430.8346046871938,7725.534955745751,10299.390793855031,True,1,1,640,480,18.17911454502796,23.12693540825191,False,False,14.825999999999999,19.273800000273727,False,
636,PostNateMinutely0636 25-09-25 03-09-01.fits,2025-09-25 03:09:01,350.73716506612834,327.6754855988115,3.3827482512596307,8.307578531863575,7.9657633893595685,19.562852452501133,886.8678723446047,415.3332734558101,7725.042168716624,10297.70436507285,True,1,1,640,480,18.072715150454023,29.099665648308974,False,False,14.825999999999999,17.049902561998746,False,
637,PostNateMinutely0637 25-09-25 03-10-01.fits,2025-09-25 03:10:01,351.16916802882156,322.7501548631216,3.2188409572041006,6.540112112034371,7.579791207790824,15.400787098168234,924.9562214206065,497.9322117218073,7727.475075469055,10301.841840805291,True,1,1,640,480,17.763800991997428,21.902039821405804,False,False,16.3086,19.273799999999998,False,
638,PostNateMinutely0638 25-09-25 03-11-01.fits,2025-09-25 03:11:01,353.29144772127137,332.66898056754314,3.2854075350618244,7.261556057387273,7.736543519659305,17.09965776205146,960.2506033230011,448.85615518681067,7731.507894691933,10308.131063543924,True,1,1,640,480,20.733618992418748,27.692160697189884,False,False,16.3086,17.7912,True,94.85847164550938
639,PostNateMinutely0639 25-09-25 03-12-01.fits,2025-09-25 03:12:01,354.0481996743767,318.1246921059186,4.28658971258267,6.887319372375744,10.094147380013128,16.21839771460038,694.385329099475,476.8375919213961,7730.04048143901,10305.114374801822,True,1,1,640,480,19.37724349677759,23.583915528513707,False,False,19.273799999999998,20.7564,True,298.1061028761192
640,PostNateMinutely0640 25-09-25 03-13-01.fits,2025-09-25 03:13:01,357.8024576430699,325.01290756948765,4.389402910927674,5.566194483506639,10.336253960369685,13.107386344302125,691.1290229359078,576.7306023738721,7726.2527856431225,10300.748406669562,True,1,1,640,480,19.282293556068918,23.229853723480378,False,False,13.343399999999999,19.273799999999998,False,
641,PostNateMinutely0641 25-09-25 03-14-00.fits,2025-09-25 03:14:00,354.7372609108424,330.4761707991723,3.2292574478831177,5.930950858558248,7.604320168840652,13.966321967826481,912.1523008009009,523.149673473824,7725.424280304589,10299.744784255994,True,1,1,640,480,16.340279979522883,23.699361483674757,False,False,14.825999999999999,20.7564,False,
642,PostNateMinutely0642 25-09-25 03-15-00.fits,2025-09-25 03:15:00,353.9804363598896,323.1798939872017,3.6465156982678892,6.8178042957569716,8.586888260801254,16.05470221874663,817.7483367567603,462.63472010237086,7725.891257134435,10300.288981150738,True,1,1,640,480,18.750809341285038,21.957350011449847,False,False,14.825999999999999,17.791199999603563,False,
643,PostNateMinutely0643 25-09-25 03-16-00.fits,2025-09-25 03:16:00,352.4154871962334,324.3901793255292,3.596633298567427,7.506734127821862,8.46942418609236,17.67700799691284,813.594613709578,456.66157627414435,7724.470469740309,10296.673302972671,True,1,1,640,480,18.53408036556478,24.121669189394737,False,False,16.3086,17.791200007019857,False,
644,PostNateMinutely0644 25-09-25 03-17-01.fits,2025-09-25 03:17:01,353.8832398862393,328.72044483808753,3.168812850941601,5.519050617839781,7.461984020348952,12.996371024429562,991.2167745615063,583.0811727245867,7724.099577477497,10298.39694496757,True,1,1,640,480,16.26999180440238,24.145139693439027,False,False,14.825999999999999,20.7564,True,212.73097641268197
645,PostNateMinutely0645 25-09-25 03-18-01.fits,2025-09-25 03:18:01,354.4994589272602,319.36765879805023,3.11434533043422,6.310271404870177,7.333722811255037,14.859553593773901,984.6257984374085,525.1263905014105,7724.4820511498565,10298.018355909226,True,1,1,640,480,17.672976588154906,22.692055437996256,False,False,14.825999999999999,20.7564,False,
646,PostNateMinutely0646 25-09-25 03-19-01.fits,2025-09-25 03:19:01,354.86658223071197,321.74706368063715,3.6194202014772063,8.83717945570067,8.523083241828482,20.809967323819635,841.668132011321,397.76574463879484,7729.926455237892,10304.120588752114,True,1,1,640,480,19.41690062791775,30.880245320618748,False,False,16.3086,20.7564,False,
647,PostNateMinutely0647 25-09-25 03-20-01.fits,2025-09-25 03:20:01,355.1952581275944,323.27135849306796,4.142818813089672,6.645934949832395,9.755592783994885,15.64998083783708,744.3215466611111,476.0243738060694,7726.422793526401,10301.479089695496,True,1,1,640,480,16.709448230127265,23.705594963708762,False,False,13.343399999999999,17.7912,False,
648,PostNateMinutely0648 25-09-25 03-21-01.fits,2025-09-25 03:21:01,353.0908172982304,323.16304370844216,3.203786057526598,6.984785272596974,7.544339628254312,16.447912370148316,903.5621731096858,440.0130234822678,7732.002754075188,10308.404453050978,True,1,1,640,480,20.620210807510276,35.0860042248292,False,False,17.7912,21.252126134603152,False,
649,PostNateMinutely0649 25-09-25 03-22-01.fits,2025-09-25 03:22:01,355.53583649294814,322.72945675552523,3.171675144601782,5.5467551426626605,7.468724206834711,13.061610194820537,905.5458286523876,536.8466686617182,7729.927687434842,10306.018479280405,True,1,1,640,480,19.491310635081774,24.30089767328716,False,False,17.7912,22.238999999999997,False,
650,PostNateMinutely0650 25-09-25 03-23-01.fits,2025-09-25 03:23:01,353.08148347560973,324.28308300702224,2.9159398173292512,5.438897453888818,6.8665135319508055,12.807624747285182,1083.449728688415,558.5391753561012,7724.402928050697,10299.838064853162,True,1,1,640,480,17.058490051162778,24.214727306723155,False,False,14.825999999999999,20.7564,False,
651,PostNateMinutely0651 25-09-25 03-24-00.fits,2025-09-25 03:24:00,357.56074233785466,316.6258670496938,4.224753103209993,7.353044910011461,9.9485332927456,17.315097546107783,711.8136136777617,443.2487350398836,7724.339023867649,10297.802765218566,True,1,1,640,480,18.781206940496,20.908433858211303,False,False,14.825999999999999,18.526596274643758,False,
652,PostNateMinutely0652 25-09-25 03-25-00.fits,2025-09-25 03:25:00,354.10219055987284,322.5051644790542,3.538766022144023,6.267599810064217,8.333157163619182,14.759069666971389,859.0411707609128,518.5735396437009,7724.992165840719,10298.891516999125,True,1,1,640,480,18.59124763133855,21.394447328729186,False,False,14.825999999999999,19.271018264128227,True,194.17995158497553
653,PostNateMinutely0653 25-09-25 03-26-00.fits,2025-09-25 03:26:00,352.60702192391363,327.1062425769018,2.859611932063867,7.03401924382895,6.733871498633675,16.56384951250185,1062.0497985444795,477.9471420060485,7727.37538110125,10301.470818722113,True,1,1,640,480,16.813219435096286,25.734662665257897,False,False,14.825999999999999,19.273799999999998,False,
654,PostNateMinutely0654 25-09-25 03-27-00.fits,2025-09-25 03:27:00,355.32015613655994,315.5573094995824,2.9849524371542695,7.408542499491448,7.029025832474859,17.445784382266154,1020.5521840345419,472.8435502432537,7726.564154633605,10299.700159927848,True,1,1,640,480,17.34520385569729,23.759213251892977,False,False,15.5673,19.27380044824477,False,
655,PostNateMinutely0655 25-09-25 03-28-01.fits,2025-09-25 03:28:01,352.91803608371833,322.7378709851469,3.1129285541032536,8.279308225187835,7.3303865579515515,19.496280967661928,954.8050931257368,400.11102586574356,7726.996404814759,10300.884242956852,True,1,1,640,480,18.038292672107616,27.906825480426498,False,False,16.3086,19.273799999999998,False,
656,PostNateMinutely0656 25-09-25 03-29-01.fits,2025-09-25 03:29:01,353.52710031512714,321.80313969272544,3.129309492533595,7.118364368937439,7.368960720123737,16.762467103807968,989.9661410761399,497.35330815170977,7729.94326576911,10304.280580144867,True,1,1,640,480,18.51543758111173,28.14927255827451,False,False,15.5673,20.722261834664383,False,
657,PostNateMinutely0657 25-09-25 03-30-01.fits,2025-09-25 03:30:01,355.01114874845604,323.4885967879063,3.1036842546452306,7.113316644057999,7.30861789628553,16.750580620080058,960.155292868219,466.4581556592498,7724.808125711285,10297.97884489623,True,1,1,640,480,16.392244372611202,25.848437357761323,False,False,14.825999999999999,17.7912,True,199.03998513201105
658,PostNateMinutely0658 25-09-25 03-31-01.fits,2025-09-25 03:31:01,354.1689528214116,323.0205092422374,3.178501979478719,6.109882805641673,7.484800174447038,14.387674503514948,956.5160553907573,544.5022434400805,7725.620512027984,10299.330909419583,True,1,1,640,480,16.299272431941212,22.32932660727228,False,False,13.343399999999999,20.7564,False,
659,PostNateMinutely0659 25-09-25 03-32-01.fits,2025-09-25 03:32:01,355.84679379168637,320.0087875783785,3.6963474057399113,7.907287118910969,8.70423296443449,18.620238209426574,781.8249025066291,402.06281944008475,7724.8798497613125,10298.328878818189,True,1,1,640,480,17.123843298165973,23.51987669975085,False,False,14.825999999999999,20.7564,True,215.8836912940514
660,PostNateMinutely0660 25-09-25 03-33-01.fits,2025-09-25 03:33:01,355.52131670555383,321.01372150586474,2.9937922291766292,6.595731944869959,7.049841951923017,15.531761795430748,999.2191625316556,528.947713669935,7725.683649073107,10298.314337422129,True,1,1,640,480,16.144331948976408,21.69301260489386,False,False,14.825999999999999,19.273800060330867,False,
661,PostNateMinutely0661 25-09-25 03-34-01.fits,2025-09-25 03:34:01,354.2733016309035,315.48924950436566,2.838717070081703,6.347951998736702,6.68466785879992,14.948284611519465,1080.357420363451,517.871828008497,7725.477499355127,10299.4846797411,True,1,1,640,480,17.20286829585259,22.035934679951193,False,False,14.825999999999999,19.273799999999998,False,
662,PostNateMinutely0662 25-09-25 03-35-01.fits,2025-09-25 03:35:01,353.7102790082739,317.253771604568,3.3108136098867766,7.657420423505416,7.796370253922659,18.031847106499935,909.6700691024392,446.7646095454942,7727.279167487672,10300.90138151449,True,1,1,640,480,16.955201534329486,24.42913023884269,False,False,14.825999999999999,17.791200096249995,False,
663,PostNateMinutely0663 25-09-25 03-36-00.fits,2025-09-25 03:36:00,355.5049277856026,320.36647369205184,3.0746338591230273,7.539927282764221,7.240209442593769,17.75517190352893,933.208679549581,424.5980092054674,7731.587178355737,10307.04830145451,True,1,1,640,480,19.75211141131769,27.345328544558676,False,False,17.7912,20.938573981745105,True,120.62669292745775
664,PostNateMinutely0664 25-09-25 03-37-01.fits,2025-09-25 03:37:01,354.12467880458075,323.39782839165025,3.160555086328185,6.695646668954435,7.442538470710133,15.767042990498608,925.5711880861576,492.8571489486355,7725.387989640041,10298.560694567192,True,1,1,640,480,17.446124769032895,23.87383444509996,False,False,14.825999538369492,19.273799999999998,False,
665,PostNateMinutely0665 25-09-25 03-38-01.fits,2025-09-25 03:38:01,353.0820740566141,325.1354520263694,3.046845723042601,7.071274732372209,7.174773382737533,16.65157948371094,1021.6146053769925,494.17204358749206,7725.249395199116,10298.33910889403,True,1,1,640,480,18.009860317461985,22.09676289124696,False,False,16.3086,17.7912,False,
666,PostNateMinutely0666 25-09-25 03-39-01.fits,2025-09-25 03:39:01,356.30646444224334,323.9499665747226,3.3159403928330926,7.774858552433656,7.808442905171167,18.308392766551083,883.9190314899067,427.2319723165191,7725.053148944416,10298.030859760493,True,1,1,640,480,16.75401509509591,23.966683778665725,False,False,16.3086,19.273799999999998,False,
667,PostNateMinutely0667 25-09-25 03-40-01.fits,2025-09-25 03:40:01,354.52705104896734,323.76661796283435,2.6551057390362005,7.003152414629031,6.2522962159591575,16.491163684375337,1092.8725215956365,457.07739589796836,7724.811775822065,10298.18609653219,True,1,1,640,480,17.490397429655623,23.877308389619163,False,False,16.308599978351168,22.238999999999997,False,
668,PostNateMinutely0668 25-09-25 03-41-01.fits,2025-09-25 03:41:01,354.2469275562218,326.0155924932152,2.8035794202739526,7.221024201403267,6.6019250166973515,17.004212535118018,1062.494807119231,443.0004407556746,7726.556694269635,10300.926050905387,True,1,1,640,480,17.289903538215466,24.524039449743285,False,False,14.825999999999999,17.7912,False,
669,PostNateMinutely0669 25-09-25 03-42-01.fits,2025-09-25 03:42:01,355.55664625233175,320.90000341847974,2.8898392988762667,7.327079597212546,6.805051507912017,17.253953907053397,1000.5962011128693,461.7772234613252,7726.8452005790605,10299.891410819591,True,1,1,640,480,15.94567990459383,28.053810592126375,False,False,13.343399999999999,19.13380930539913,False,
670,PostNateMinutely0670 25-09-25 03-43-01.fits,2025-09-25 03:43:01,353.83753268622024,325.3551005418208,3.0908868974574593,5.698687306556774,7.278482423056346,13.419383099843323,942.9697054959096,555.8614684406779,7731.195545901931,10306.93917084645,True,1,1,640,480,21.376469512367073,25.211493711458157,False,False,19.273799999999998,22.238999999999997,False,
671,PostNateMinutely0671 25-09-25 03-44-00.fits,2025-09-25 03:44:00,355.67988379541475,327.98498247507786,3.7835924979251665,7.238364242601989,8.909679456342902,17.045045211714427,758.3656039989924,444.3867822547725,7726.840023680277,10300.639782879676,True,1,1,640,480,17.99787773116855,24.213331080190915,False,False,14.825999999999999,19.273799999999998,False,
672,PostNateMinutely0672 25-09-25 03-45-00.fits,2025-09-25 03:45:00,353.7383316105305,327.20284131107326,4.194788878772357,6.78374625039039,9.877972936406048,15.974501650822832,750.8268546187228,499.4111418881717,7727.301911720541,10301.824683453498,True,1,1,640,480,16.86894541697013,22.3321409560457,False,False,14.825999999999999,17.7912,False,
673,PostNateMinutely0673 25-09-25 03-46-00.fits,2025-09-25 03:46:00,356.52575363240095,326.85169895048244,3.1708851123732407,7.69732914531525,7.4668638231067215,18.125824964589295,924.5707407998674,419.2848707815717,7724.772341940931,10298.152445706128,True,1,1,640,480,16.881372909377255,24.513022984065028,False,False,14.825999999999999,19.273799999999998,True,104.65246378426951
674,PostNateMinutely0674 25-09-25 03-47-01.fits,2025-09-25 03:47:01,357.1613126257109,327.0202370783784,3.797918701581187,7.013732963237435,8.943415087881295,16.51607897232583,762.4015240430757,454.8699752163322,7724.215562588283,10297.414608785855,True,1,1,640,480,20.168082799629172,23.589364551395644,False,False,14.825999999999999,16.3086,False,
675,PostNateMinutely0675 25-09-25 03-48-01.fits,2025-09-25 03:48:01,353.9261586470242,328.1386945022171,3.650683760969851,6.655381479714339,8.59670329840078,15.672225715759065,813.7927830287557,488.5258560824394,7724.881340332722,10298.377363494374,True,1,1,640,480,16.344190123301683,20.658062937456165,False,False,14.825999999999999,18.5325,False,
676,PostNateMinutely0676 25-09-25 03-49-01.fits,2025-09-25 03:49:01,353.8421416580115,327.31969050918747,3.6260951181691223,8.32675372755149,8.538801469453519,19.608006587674424,806.929206591979,401.814698339355,7725.622813300001,10298.638110300717,True,1,1,640,480,18.891203012896415,27.797465458268913,False,False,14.825999999999999,22.238999999999997,False,
677,PostNateMinutely0677 25-09-25 03-50-01.fits,2025-09-25 03:50:01,352.82703142969274,329.56092492170995,3.059992810769413,7.907633099128907,7.205732408450411,18.62105293057896,968.3380067131096,423.63598191123623,7724.721236506575,10297.608126615447,True,1,1,640,480,19.361249796058573,24.57683934464639,False,False,14.825999999999999,17.7912,False,
678,PostNateMinutely0678 25-09-25 03-51-01.fits,2025-09-25 03:51:01,353.6259738592513,322.8794584268868,3.893081980098412,7.087199309539763,9.16750748368452,16.689078997233736,759.4926769991143,460.59559758569435,7725.6273181209535,10299.230273128991,True,1,1,640,480,19.01987673692437,22.8979927050181,False,False,14.825999999999999,19.273799999999998,False,
679,PostNateMinutely0679 25-09-25 03-52-01.fits,2025-09-25 03:52:01,353.6893959632757,325.8493883109799,3.4967597086879962,7.155936824526187,8.234239854675076,16.850943475369384,859.5043165445992,466.55374880170217,7726.781841709005,10300.636037016007,True,1,1,640,480,18.055940118219553,27.929433076854536,False,False,14.825999999999999,22.236544882494506,True,183.7362832070631
680,PostNateMinutely0680 25-09-25 03-53-00.fits,2025-09-25 03:53:00,355.00600812958373,328.53937781334025,3.4613327672049126,6.773044948670926,8.150815782736572,15.949302011025914,848.5564565191141,485.27911569876244,7727.755767475235,10301.84827271994,True,1,1,640,480,15.562039746548505,31.42739662059756,False,False,14.825999999999999,21.497741003581734,True,307.03841156759876
681,PostNateMinutely0681 25-09-25 03-54-00.fits,2025-09-25 03:54:00,354.81078121620044,331.1343737156153,3.6267869900053515,6.271979970238332,8.540430703122063,14.769384155949842,795.3331523410969,512.9920166940528,7726.636907643065,10300.443717819204,True,1,1,640,480,18.95513244670429,25.326926143203114,False,False,16.3086,17.7912,True,225.20745118769872
682,PostNateMinutely0682 25-09-25 03-55-01.fits,2025-09-25 03:55:01,357.47064486854924,328.1109653095527,4.254140732365998,5.651723592028049,10.017735870958095,13.308792003481969,678.0184191036914,501.418028179319,7726.857682908199,10302.740679252662,True,1,1,640,480,17.392662502576368,22.79569450649602,False,False,16.3086,17.79120006469569,False,
683,PostNateMinutely0683 25-09-25 03-56-01.fits,2025-09-25 03:56:01,354.0642427152812,325.567315930379,4.028124070208272,7.59922403316713,9.485507304398094,17.894805079982895,782.299735749323,439.9947144200244,7729.176737480763,10304.564149079284,True,1,1,640,480,21.579664511639777,21.701571849744816,False,False,17.7912,19.272967633002935,False,
684,PostNateMinutely0684 25-09-25 03-57-01.fits,2025-09-25 03:57:01,352.08928279984025,334.51219418284916,2.89350775490729,6.643226059649634,6.8136900617081855,15.643601888934928,1004.3873138607366,491.8825545948203,7727.547235449154,10301.508590330635,True,1,1,640,480,19.28321120319837,23.876410774178378,False,False,14.825999999999999,20.7564,False,
685,PostNateMinutely0685 25-09-25 03-58-01.fits,2025-09-25 03:58:01,353.1234063329421,322.0963889537685,3.2016940724332166,6.238753548864443,7.539413379822511,14.691141912873961,953.2357769222796,530.2862502438718,7726.813824011683,10301.079705099084,True,1,1,640,480,18.87874464763814,25.020200636678602,False,False,16.3086,20.7564,False,
686,PostNateMinutely0686 25-09-25 03-59-01.fits,2025-09-25 03:59:01,353.79256000561014,322.8801337520377,3.136899650162825,7.3439752066485635,7.386834175453993,17.293740026826345,946.5672079260105,439.23132990199525,7726.767348275379,10301.017414893962,True,1,1,640,480,18.431894961947776,25.853511859668085,False,False,14.825999999999999,22.238999999999997,False,
687,PostNateMinutely0687 25-09-25 04-00-01.fits,2025-09-25 04:00:01,353.53223073592847,325.2238157760658,3.556295533786992,6.396008556914215,8.374436009015648,15.06144915801107,856.9282455970832,511.33094321019564,7724.111054947522,10297.650270122202,True,1,1,640,480,17.12906161352279,23.780139088624722,False,False,14.825999999999999,17.7912,True,253.56035098025313
688,PostNateMinutely0688 25-09-25 04-01-01.fits,2025-09-25 04:01:01,352.94623179855074,328.24402376307637,3.305187705928552,6.0148404019292885,7.783122262510413,14.1638667461251,912.1197750826302,505.27042269406684,7725.014374833868,10299.891778104886,True,1,1,640,480,15.63693895209276,23.634199994077058,False,False,13.343399999999999,19.273799999999998,False,
689,PostNateMinutely0689 25-09-25 04-02-00.fits,2025-09-25 04:02:00,354.7674320942996,331.7137088741075,4.040620237322334,7.2974161974406,9.514933529204344,17.184101938666654,747.0257939646408,431.14215744932545,7731.515428200419,10308.019971989515,True,1,1,640,480,21.58125347566618,27.66845591643293,False,False,16.3086,19.273799999999998,False,
690,PostNateMinutely0690 25-09-25 04-03-00.fits,2025-09-25 04:03:00,354.0328714512328,330.52081098190087,3.1572734063152406,6.999135998260521,7.434810704834273,16.48170574660158,932.9938318715052,470.88458920242476,7725.928411635716,10299.409773804278,True,1,1,640,480,20.650826049838845,24.84571520618496,False,False,16.3086,22.238999999999997,True,134.65602149616407
691,PostNateMinutely0691 25-09-25 04-04-01.fits,2025-09-25 04:04:01,355.2497989098235,320.7774897396507,3.7191636365520955,6.031154365329167,8.757961082103074,14.202283194153035,789.9885460796769,521.2360168193416,7726.747318439986,10301.256303742864,True,1,1,640,480,17.19590343528813,22.807061927722994,False,False,14.825999999999999,19.273799999999998,False,
692,PostNateMinutely0692 25-09-25 04-05-01.fits,2025-09-25 04:05:01,352.9283209010164,332.6137757348937,3.66674303053847,6.433931219130824,8.634519988289519,15.150750203159678,813.8875323191949,488.59680091953646,7730.394418809913,10306.360766333391,True,1,1,640,480,21.116825027977153,25.374564446484914,False,False,16.3086,20.75119238604823,True,46.25607275973665
693,PostNateMinutely0693 25-09-25 04-06-01.fits,2025-09-25 04:06:01,354.9663028504155,324.99797690353864,2.903117795990822,6.148482534044556,6.836319979085258,14.478569917690805,1015.9752293077701,536.3224379677155,7727.304235173062,10301.25462489075,True,1,1,640,480,18.172996408994226,25.399063750884203,False,False,14.825999999999999,20.7564,False,
694,PostNateMinutely0694 25-09-25 04-07-01.fits,2025-09-25 04:07:01,355.8480577472259,324.7681500926377,3.0228955577676238,6.906086643134115,7.118375053466212,16.262591259972716,973.3441324708715,485.97247212803575,7723.079224023342,10295.277779993095,True,1,1,640,480,18.313277307594703,24.174870237086967,False,False,13.343399999999999,17.7912,False,
695,PostNateMinutely0695 25-09-25 04-08-01.fits,2025-09-25 04:08:01,356.47437523922036,324.0320229667839,3.2051641883161417,5.690844462699271,7.547584878262203,13.400914613917626,873.5721645730522,515.1267970319345,7723.883727608816,10297.824589517195,True,1,1,640,480,16.374576884340676,25.923320600213984,False,False,14.825999999999999,20.7564,False,
696,PostNateMinutely0696 25-09-25 04-09-01.fits,2025-09-25 04:09:01,357.17032677744504,326.30092233447743,3.3259792449053034,5.750540971982335,7.83208259525991,13.54148915059576,912.4387601875915,570.6922152612502,7727.237506062635,10301.69328121822,True,1,1,640,480,17.6399414243036,23.62089944116784,False,False,15.5673,19.273404314803308,False,
697,PostNateMinutely0697 25-09-25 04-10-01.fits,2025-09-25 04:10:01,353.7270943965709,325.2025825537415,3.4668168677843227,6.5978630535990845,8.163729852709933,15.536780172984233,854.0429230954104,482.12388536311096,7726.355232662701,10300.657181487564,True,1,1,640,480,17.311199979737555,23.53380192405363,False,False,14.825999999995954,17.7912,False,
698,PostNateMinutely0698 25-09-25 04-11-01.fits,2025-09-25 04:11:01,352.3292712259553,330.21191889041137,3.3812280729940025,6.4152705818444735,7.962183643107647,15.106807760424728,897.4704603114297,480.92090281155345,7726.128914632497,10301.240533115364,True,1,1,640,480,19.152881847794305,24.022084791484303,False,False,14.825999999999999,20.7564,True,244.4745666007982
699,PostNateMinutely0699 25-09-25 04-12-01.fits,2025-09-25 04:12:01,353.2910717823109,325.8791965588278,3.5851357260932475,6.747878506372095,8.442349471960966,15.890039568238512,824.497508684255,492.8928091595406,7725.461825875047,10298.683338548159,True,1,1,640,480,16.901396088350737,22.915564526677116,False,False,14.825999999999999,19.273799999999998,True,154.50173012256207
700,PostNateMinutely0700 25-09-25 04-13-00.fits,2025-09-25 04:13:00,353.7004634626826,326.1439549882248,3.775129880192583,7.826895314671669,8.889751514472781,18.430929977347667,784.4464430470862,416.2515847892846,7725.207661085813,10298.728148780878,True,1,1,640,480,18.949073362294754,21.96411861818481,False,False,16.3086,17.791199939847125,False,
701,PostNateMinutely0701 25-09-25 04-14-00.fits,2025-09-25 04:14:00,353.6418085310752,328.25543046457113,3.5747950310386125,5.552380813198038,8.417998995966759,13.074857636563983,877.4021775384363,586.029325427196,7726.870121617906,10301.880807454372,True,1,1,640,480,17.860917993539843,22.204159917971413,False,False,14.825999999999999,19.273799999999998,False,
702,PostNateMinutely0702 25-09-25 04-15-01.fits,2025-09-25 04:15:01,354.03338388777814,329.2201130519129,3.5095541131337207,7.1083394543184495,8.264368374728102,16.738860233913446,855.5950839577894,449.2303132402173,7722.820630913987,10296.099229488427,True,1,1,640,480,17.554992911663884,24.702149986698277,False,False,16.3086,17.7912,False,
703,PostNateMinutely0703 25-09-25 04-16-01.fits,2025-09-25 04:16:01,353.1777989654236,326.43420295921476,3.129934590085326,6.58577222690206,7.370432712368653,15.508308451917085,952.0146267372803,476.10188176958866,7726.790454161401,10301.573897246615,True,1,1,640,480,16.685603564364804,25.94461053280414,False,False,14.825999999999999,22.238999999999997,True,190.85551424105188
704,PostNateMinutely0704 25-09-25 04-17-01.fits,2025-09-25 04:17:01,353.3174874763117,327.1064887368663,2.9972909028830386,7.522129651476925,7.058080698897892,17.713261684619532,1056.4490317874236,462.1347341202008,7731.669998414873,10307.27576057271,True,1,1,640,480,19.99487869048047,29.92408185689488,False,False,16.3086,19.197981684334923,True,122.82398932673378
705,PostNateMinutely0705 25-09-25 04-18-01.fits,2025-09-25 04:18:01,353.1402115746469,323.7005153939354,3.7388988694971466,6.770472936657623,8.804434004235436,15.943245385580928,810.3711430610651,474.3368226218261,7728.367465062338,10303.541670514565,True,1,1,640,480,20.99966269717968,24.24270967499766,False,False,14.825999999999999,20.7564,True,227.88389187981917
706,PostNateMinutely0706 25-09-25 04-19-01.fits,2025-09-25 04:19:01,351.91577010473765,331.0281518687256,3.226243220044828,7.784096887378219,7.597222204706757,18.33014738286125,913.4383241128684,424.94956920966047,7725.695361166048,10299.04261067111,True,1,1,640,480,17.580339127616643,23.721882544962995,False,False,14.825999999999999,20.7564,False,
707,PostNateMinutely0707 25-09-25 04-20-01.fits,2025-09-25 04:20:01,352.0062570148953,332.35855609869293,3.025142581683916,6.881632828475326,7.123666390425961,16.205006927036727,1022.5845620870319,485.7120074023779,7725.613805335761,10299.517949603827,True,1,1,640,480,16.336632687608905,27.363101017461325,False,False,13.343399999999999,21.4974487422038,True,200.06010558479005
708,PostNateMinutely0708 25-09-25 04-21-01.fits,2025-09-25 04:21:01,354.09643566660526,331.97808273892497,3.376592858878052,7.289516804869927,7.951268547994396,17.165500290697665,854.1781709222129,474.69947652094015,7725.827113859956,10298.094248861056,True,1,1,640,480,17.6668691078553,24.051308128797626,False,False,14.825999999999999,17.7912,False,
709,PostNateMinutely0709 25-09-25 04-22-00.fits,2025-09-25 04:22:00,352.9283632427962,326.9215590802654,3.2574406666726037,7.026558105874836,7.670686577379626,16.54627987528876,900.4358863808953,444.54662461796477,7726.827761425481,10301.442112464678,True,1,1,640,480,16.25477555129661,21.202338737841494,False,False,14.826000000001347,19.273799999999998,False,
710,PostNateMinutely0710 25-09-25 04-23-00.fits,2025-09-25 04:23:00,352.704769337286,329.9208355487379,3.128456432279194,7.585379383493822,7.366951916737055,17.862203421415757,960.0431672771253,453.3863000059516,7726.571030049329,10299.819660236482,True,1,1,640,480,18.815407379285247,26.276557753857247,False,False,16.3086,19.27438235059656,False,
711,PostNateMinutely0711 25-09-25 04-24-00.fits,2025-09-25 04:24:00,351.95145979739505,327.15942851958744,3.388941694432961,6.431167413733717,7.980347833491886,15.144241938810005,859.5288386814767,504.1728366065804,7725.161655853717,10298.494705324185,True,1,1,640,480,18.303483253780154,21.7230055942366,False,False,14.825999999999999,20.7564,False,
712,PostNateMinutely0712 25-09-25 04-25-01.fits,2025-09-25 04:25:01,351.4359186286176,334.58628912535045,3.198703971499659,7.884034315562965,7.532372230207503,18.56548204199953,911.5842096212812,406.7998097707056,7734.482738454208,10311.122255189533,True,1,1,640,480,20.814600630830682,24.12848200921467,False,False,17.7912,21.4977,False,
713,PostNateMinutely0713 25-09-25 04-26-01.fits,2025-09-25 04:26:01,351.10396432623133,334.80523775094656,3.0245466196875586,6.607359271143349,7.122263007170862,15.559142056409442,966.5216280215568,499.4556324968995,7724.659998945443,10297.578998197027,True,1,1,640,480,16.036354499880108,24.997502491362784,False,False,14.084699999998652,19.273799999999998,False,
714,PostNateMinutely0714 25-09-25 04-27-01.fits,2025-09-25 04:27:01,353.4883031267865,336.09174242928236,3.3641493418836403,6.099969222247365,7.921966304745273,14.364329798619945,905.1297974291302,510.0163879803344,7727.000527228948,10302.322225425576,True,1,1,640,480,17.580269708097745,22.548463259105922,False,False,14.825999999999999,17.7912,False,
715,PostNateMinutely0715 25-09-25 04-28-01.fits,2025-09-25 04:28:01,351.7980565632173,336.295495304138,3.958248255031718,8.008438072006882,9.320962334157468,18.858430501350814,736.9067676149741,421.4564573837187,7726.530494425808,10299.647100721937,True,1,1,640,480,17.485520814817768,24.895002495381817,False,False,14.825999999999999,19.273799999999998,True,326.75121144972474
716,PostNateMinutely0716 25-09-25 04-29-01.fits,2025-09-25 04:29:01,354.1398265761171,337.7245801247364,3.096682976801142,9.923721030588752,7.2921311468774395,23.368577204125582,922.5074052298339,352.74511281733254,7727.155128869858,10299.51132748917,True,1,1,640,480,18.321452050584604,28.66746935868234,False,False,16.3086,18.2547806774476,False,
717,PostNateMinutely0717 25-09-25 04-30-01.fits,2025-09-25 04:30:01,350.22320028751335,337.02944402926676,3.231256794061549,5.701220420497954,7.609028269298578,13.425348127328359,965.847875994888,567.7197378825072,7731.278214879238,10307.76626643175,True,1,1,640,480,20.571851149982656,24.673617569537754,False,False,19.273799999999998,22.238999999999997,False,
718,PostNateMinutely0718 25-09-25 04-31-00.fits,2025-09-25 04:31:00,352.2414774066634,334.954413861387,3.135632981427622,6.074958308397586,7.383851398525922,14.305433597341944,942.2318690368538,529.4506811987065,7728.129974209972,10302.805633000684,True,1,1,640,480,18.16773044031603,25.171467508657468,False,False,16.3086,20.7564,False,
719,PostNateMinutely0719 25-09-25 04-32-00.fits,2025-09-25 04:32:00,351.8337150884614,333.43412743846267,2.8403098095585126,5.645127348227077,6.688418473646424,13.29325903635753,1064.6247882078585,583.3263648352889,7728.227025661948,10302.897488273871,True,1,1,640,480,17.0831499445369,24.379158170673527,False,False,13.343399999999999,17.7912,True,198.93977551331866
720,PostNateMinutely0720 25-09-25 04-33-00.fits,2025-09-25 04:33:00,353.2416990931178,329.26863477124624,3.5833851088722066,6.9308123239104695,8.438227083437683,16.32081578869191,830.8195576262959,454.7318551732759,7725.822500905874,10300.1853272068,True,1,1,640,480,17.264577088120785,23.066529905591693,False,False,13.343399999999999,18.38119888349134,True,133.81759186271833
721,PostNateMinutely0721 25-09-25 04-34-00.fits,2025-09-25 04:34:00,351.7267873391651,329.5883024104992,2.852414022455496,6.595215934257421,6.716921716805563,15.530546683296896,1029.7490645876856,496.84887719442753,7724.533366069858,10297.604617125276,True,1,1,640,480,15.599898127729503,20.25436032804619,False,False,13.343399999999999,17.791237921951677,False,
722,PostNateMinutely0722 25-09-25 04-35-01.fits,2025-09-25 04:35:01,352.1200820767583,338.2011525881174,2.623992473321425,5.513111188983341,6.17903007418763,12.982384738302382,1131.234764682441,586.5898971932272,7726.61788465683,10300.770263069888,True,1,1,640,480,17.006423050052643,22.668780470637127,False,False,14.825999999999999,17.7912,False,
723,PostNateMinutely0723 25-09-25 04-36-01.fits,2025-09-25 04:36:01,354.43368296311314,327.887222258031,2.9423777741431194,4.561186080662062,6.9287701626057645,10.740772411859176,1012.3430674602795,689.2214959826588,7727.59924536418,10302.604154523597,True,1,1,640,480,16.55957346467431,22.12169575470505,False,False,14.825999999999999,20.7564,False,
724,PostNateMinutely0724 25-09-25 04-37-01.fits,2025-09-25 04:37:01,354.1262368686757,332.22813636383756,3.2997047470012504,5.332082902011621,7.770210880922321,12.556095699423759,876.6883275797527,592.6983985582455,7726.241865706688,10300.2588751219,True,1,1,640,480,16.90245178760833,21.24729202781786,False,False,14.825999999999999,20.015174658379312,True,97.96360598232113
725,PostNateMinutely0725 25-09-25 04-38-01.fits,2025-09-25 04:38:01,354.4739049733839,330.31768909891434,3.153917245227318,6.370593245819903,7.42690754943008,15.001600673995485,921.5245774709038,517.2702178593489,7729.894851342537,10304.495546534607,True,1,1,640,480,20.010314147692075,26.26214141168003,False,False,17.049899999999997,19.273799998898344,False,
726,PostNateMinutely0726 25-09-25 04-39-01.fits,2025-09-25 04:39:01,352.2681742294743,331.692853333797,4.025528498473467,7.794056237516552,9.47939520004866,18.35359986020248,748.5726814118326,416.8681314076262,7727.488319835834,10302.086937427752,True,1,1,640,480,21.42387272842664,24.25891247488257,False,False,17.7912,20.7564,True,185.7009289146032
727,PostNateMinutely0727 25-09-25 04-40-00.fits,2025-09-25 04:40:00,351.82020677146943,331.7119158892782,2.8934611857224324,7.974020227085472,6.8135803996582025,18.777382670223112,1038.4280821272198,432.27366788432323,7724.666337456732,10297.245323287652,True,1,1,640,480,15.91942907864019,27.345897467358906,False,False,14.825999999999999,16.3086,True,187.97846610279814
728,PostNateMinutely0728 25-09-25 04-41-00.fits,2025-09-25 04:41:00,352.87070393622014,333.772332163505,3.0585514829825087,7.253862517037861,7.202338340886348,17.081540859019412,978.998458209898,472.7423710306203,7725.075562307634,10297.829687188903,True,1,1,640,480,17.33602943442159,25.35047501710756,False,False,16.3086,19.005097694469733,False,
729,PostNateMinutely0729 25-09-25 04-42-00.fits,2025-09-25 04:42:00,351.472840377466,341.5967632471275,3.5452007222391186,6.64591737085431,8.348309724386876,15.649939442507113,857.8147680820174,478.41330191474333,7724.845357416168,10299.07122342816,True,1,1,640,480,17.31880799359065,26.91986540608281,False,False,13.343399999999999,17.7912,True,68.56928724161138
730,PostNateMinutely0730 25-09-25 04-43-01.fits,2025-09-25 04:43:01,354.0167549655126,339.70252628774494,3.1544641760489895,6.447329129466043,7.428195473092198,15.182299870978579,912.8902858419614,486.3921211847629,7726.882364738145,10301.171643674632,True,1,1,640,480,19.811045257999346,26.58153009053178,False,False,14.825999999999999,20.7564,False,
731,PostNateMinutely0731 25-09-25 04-44-01.fits,2025-09-25 04:44:01,352.99248499137184,333.5092452403817,3.246020133839481,6.5496850868405865,7.643793277739254,15.423329731132487,940.2981306311609,520.0321739646029,7725.133128657801,10298.329804893234,True,1,1,640,480,17.55578836823188,23.521543116377963,False,False,16.30859985450987,19.273799999999998,False,
732,PostNateMinutely0732 25-09-25 04-45-01.fits,2025-09-25 04:45:01,352.5492589389362,334.0537214627021,3.8169219748404952,5.785491268656659,8.988164376673515,13.623790809784238,783.839698698364,554.8578501636445,7729.828955840027,10305.298769350828,True,1,1,640,480,20.601794667201023,23.212491414112893,False,False,14.825999999999999,20.7564,False,
733,PostNateMinutely0733 25-09-25 04-46-01.fits,2025-09-25 04:46:01,354.1509892592393,337.31971101373574,3.612510514002312,5.435822306094491,8.506812171257703,12.800383327617668,867.643439253414,598.366228097034,7726.02858892335,10300.75397826329,True,1,1,640,480,16.08210308476021,23.60901953909051,False,False,14.825999999999999,22.238999999999997,False,
734,PostNateMinutely0734 25-09-25 04-47-01.fits,2025-09-25 04:47:01,351.6032021913672,336.59005687757997,3.2464490338323473,5.469275465404614,7.64480326003977,12.87915949773076,900.4599888207727,567.9738064908931,7725.636531140062,10299.89249349802,True,1,1,640,480,16.543546724202454,25.2475516101223,False,False,14.0847,20.7564,True,100.4546898971155
735,PostNateMinutely0735 25-09-25 04-48-01.fits,2025-09-25 04:48:01,353.39221612728943,335.992795526496,3.3620384344515073,6.462652898113601,7.9169954976108805,15.218384588555264,918.2947936655588,523.1476774348399,7726.219031672506,10300.092261847478,True,1,1,640,480,14.51600592842564,24.445944831278865,False,False,13.343400000016855,20.7564,True,94.80618456319789
736,PostNateMinutely0736 25-09-25 04-49-01.fits,2025-09-25 04:49:01,349.6299997549724,334.4890455609049,2.758198817586769,7.307017131604308,6.495061863833987,17.206710410886373,1114.23892402722,489.63045836017244,7726.750622135017,10299.699875833017,True,1,1,640,480,16.55120567163225,26.346692210265918,False,False,16.3086,22.238999999999997,True,70.58546276192405
737,PostNateMinutely0737 25-09-25 04-50-01.fits,2025-09-25 04:50:01,353.2959147088786,332.69526181005614,3.2081340599531947,8.23772942927115,7.554578391524304,19.398370385589065,915.5470813852784,428.83447562098263,7729.758651577564,10303.235476784394,True,1,1,640,480,20.722156701127766,27.003419051502327,False,False,17.791200001895874,19.273799999999998,True,122.92132340303863
738,PostNateMinutely0738 25-09-25 04-51-01.fits,2025-09-25 04:51:01,350.877232342785,340.4292007277905,3.4102118799248786,5.618298013818851,8.03043529264978,13.2300807818982,880.8674200505428,561.5958658343696,7724.401918249136,10298.412612574555,True,1,1,640,480,16.5865989648241,20.91604998223393,False,False,14.825999999999999,16.3086,False,
739,PostNateMinutely0739 25-09-25 04-52-01.fits,2025-09-25 04:52:01,351.7778203899671,335.6966445957687,3.554342131488988,7.24123772795213,8.3698360981283,17.051811752616043,835.6468732086637,461.772332573783,7726.89511819417,10300.575683865296,True,1,1,640,480,17.548301883457025,26.24989633103531,False,False,16.3086,20.75241392793039,True,124.38200109509145
740,PostNateMinutely0740 25-09-25 04-53-02.fits,2025-09-25 04:53:02,352.7476508416286,340.1354925835272,3.421370378298298,7.448654043855927,8.056711548291954,17.540239850972778,861.3884363463466,439.6292088003189,7726.619755340671,10300.449333411922,True,1,1,640,480,18.411689499058127,25.565717456506587,False,False,14.825999999999999,22.238999999999997,False,
741,PostNateMinutely0741 25-09-25 04-54-02.fits,2025-09-25 04:54:02,351.0848986135028,342.0374426652293,3.4936244316327083,7.122040551970623,8.22685684141856,16.77112385330371,825.7952262936943,461.45804955836684,7726.684892751097,10300.149809718125,True,1,1,640,480,17.420754012516646,25.288040821050117,False,False,14.825999999999999,19.273799999999998,True,124.97793571278982
742,PostNateMinutely0742 25-09-25 04-55-02.fits,2025-09-25 04:55:02,351.0037728719307,335.6644415537511,3.4209183479923078,6.000628189997142,8.055647098266446,14.130399544583055,895.5597830565717,557.6004072634947,7725.880626778377,10299.69987562535,True,1,1,640,480,18.03645835477085,22.255373609918475,False,False,14.825999999999999,20.75372988914634,True,88.61277402526258
743,PostNateMinutely0743 25-09-25 04-56-02.fits,2025-09-25 04:56:02,353.1383891107415,336.41056579456983,3.20112028413699,6.666653559253526,7.538062211640952,15.698769434607128,919.611935555071,487.31405307118183,7725.525026107862,10299.1074613543,True,1,1,640,480,18.5912557095885,23.06047630949854,False,False,14.825999999999999,18.5325,True,210.0826893504769
744,PostNateMinutely0744 25-09-25 04-57-02.fits,2025-09-25 04:57:02,350.6465673079256,335.85856745454123,2.598511222485283,5.153162200355183,6.119026313946221,12.13476964469218,1135.1532271516749,610.5866269553118,7727.876839877167,10302.808363825989,True,1,1,640,480,16.585641418939332,24.408362232993316,False,False,13.343399999999999,19.273799999999998,False,
745,PostNateMinutely0745 25-09-25 04-58-02.fits,2025-09-25 04:58:02,350.2002741518629,339.9028095853929,3.4374861125839233,7.519713279108168,8.094661202428137,17.707571562529324,862.8411302415033,466.8714822631118,7725.822389844575,10298.251834667893,True,1,1,640,480,17.799865390454706,28.310280120271873,False,False,14.825999999999999,17.7912,False,
746,PostNateMinutely0746 25-09-25 04-59-02.fits,2025-09-25 04:59:02,349.6374201273786,342.6084428740869,3.4614885000795064,8.0504245894239,8.151182505631336,18.957301194185447,897.4558312009964,429.1866036932312,7725.334494453477,10298.625546769616,True,1,1,640,480,18.880748808218318,25.775011974714218,False,False,14.825999999999999,18.5325,True,68.5748584765767
747,PostNateMinutely0747 25-09-25 05-00-01.fits,2025-09-25 05:00:01,353.2389672336645,336.0437212809221,3.9335961967138706,7.0080614183134395,9.262911173079328,16.50272350465251,779.9878121163856,470.66042030016195,7725.809797943062,10299.877279900658,True,1,1,640,480,17.125892194201715,26.597963125211518,False,False,14.82603102239529,18.406365355354097,True,69.35190498383943
748,PostNateMinutely0748 25-09-25 05-01-01.fits,2025-09-25 05:01:01,353.2078836999972,339.104273373939,2.854094353341078,5.890564562899128,6.720878593657216,13.871219509263838,1047.187770199233,550.2475736712913,7726.437902873618,10300.59863298756,True,1,1,640,480,16.957155286611,24.329192633166553,False,False,14.825999999660198,20.7564,True,241.22526482879906
749,PostNateMinutely0749 25-09-25 05-02-02.fits,2025-09-25 05:02:02,348.0643500424971,342.41495476600227,3.542380391727251,6.013322508947449,8.341668353563918,14.160292381305254,902.839257540145,508.15831878783155,7727.750470694204,10304.41134625541,True,1,1,640,480,16.203071837213642,32.59833240650077,False,False,14.825999999999999,22.9803,True,156.60050398569848
750,PostNateMinutely0750 25-09-25 05-03-02.fits,2025-09-25 05:03:02,352.5749334017517,338.2212939353125,3.140559507479132,7.7678597155939455,7.395452480824386,18.29191176526903,920.2612161974412,413.2612965140347,7726.375790016938,10300.163193252509,True,1,1,640,480,17.110077927686504,25.948660408737204,False,False,14.825999999999999,17.7912,False,
751,PostNateMinutely0751 25-09-25 05-04-02.fits,2025-09-25 05:04:02,352.2482897907352,335.97976017196993,3.4386200098417676,7.819571853340805,8.097331326419914,18.41368454380674,884.3739575528026,455.02650184943224,7727.347309808372,10300.429447472125,True,1,1,640,480,21.04348669729279,27.022154703497,False,False,16.3086,22.23899802610382,True,38.02013507837125
752,PostNateMinutely0752 25-09-25 05-05-02.fits,2025-09-25 05:05:02,354.14288188227897,336.79580322260335,4.043035363447681,7.504296091853656,9.52062071661559,17.671266860944403,722.5497794972341,408.1945568668543,7725.77250169163,10300.288883595204,True,1,1,640,480,16.848890853279933,27.440151290512667,False,False,16.30641756608489,20.7564,True,138.20684167321224
753,PostNateMinutely0753 25-09-25 05-06-02.fits,2025-09-25 05:06:02,350.2387256650188,331.02525316440557,3.264874408501362,6.225377537971905,7.688191701647571,14.659643814301662,902.7836145357717,543.940025408766,7731.321524258764,10306.137448089477,True,1,1,640,480,20.927301878022707,22.930428688252928,False,False,19.273799999999998,19.30704450017312,False,
754,PostNateMinutely0754 25-09-25 05-07-02.fits,2025-09-25 05:07:02,352.9136688532165,331.2832192301931,2.6429806536165907,5.949774910675889,6.223743821765348,14.01064922308181,1125.00017050983,566.9724729841585,7727.187355594201,10300.82759158027,True,1,1,640,480,17.793879392836697,27.34679208091146,False,False,16.3086,18.532500002694135,False,
755,PostNateMinutely0755 25-09-25 05-08-02.fits,2025-09-25 05:08:02,351.9094672279838,334.0029263882634,3.1589701122801883,7.369737677868844,7.438806142051056,17.354406010465397,928.8475265928893,430.17484408214534,7731.687574011883,10307.683952388366,True,1,1,640,480,19.49489932724873,29.478369619364774,False,False,16.3086,19.273799999999998,False,
756,PostNateMinutely0756 25-09-25 05-09-01.fits,2025-09-25 05:09:01,353.9147608871762,337.2522465185226,3.227159187119601,5.86078521647515,7.599379142335021,13.801094507376733,937.9424166678353,535.0786422833737,7730.580801918406,10306.871377840986,True,1,1,640,480,18.181294081821388,25.92826126353361,False,False,16.3086,20.7564,True,113.94789553641394
757,PostNateMinutely0757 25-09-25 05-10-01.fits,2025-09-25 05:10:01,350.70154639061053,337.5487997831159,2.797181279571098,6.644828486123529,6.586858546719341,15.647375314916344,1086.043399340341,531.5021792088259,7726.111271195061,10298.902580414891,True,1,1,640,480,17.970221564967925,27.445233351003832,False,False,14.825999999999999,19.273799999999998,False,
758,PostNateMinutely0758 25-09-25 05-11-01.fits,2025-09-25 05:11:01,351.39599878588945,334.9996459874747,3.1592979328848614,7.771047030675094,7.439578100582114,18.29941731871195,980.9236958720907,457.2787446701841,7730.48575510186,10304.940853343662,True,1,1,640,480,19.043747315044136,29.01837567614157,False,False,17.7912,20.7564,True,84.75159869546587
759,PostNateMinutely0759 25-09-25 05-12-02.fits,2025-09-25 05:12:02,350.78845218864706,341.9356284191481,3.7338369249392613,7.416974752097476,8.792514035723693,17.465640819727593,803.041010001274,414.8212515447873,7730.004789346521,10306.264187055662,True,1,1,640,480,18.936594311438174,23.899722230120684,False,False,17.7912,20.7564,False,
760,PostNateMinutely0760 25-09-25 05-13-02.fits,2025-09-25 05:13:02,352.0265801943168,331.5318337678617,3.3955037311047187,6.34668652703763,7.99580024898277,14.94530465339607,879.4932926573224,532.8878545871743,7731.7490608445105,10306.932088080523,True,1,1,640,480,20.59765841514772,21.75767934321715,False,False,17.77079568647194,19.273799999999998,False,
761,PostNateMinutely0761 25-09-25 05-14-02.fits,2025-09-25 05:14:02,351.8337876525336,338.61141875540113,3.16872383000818,7.543368541904349,7.461774392070504,17.763275449532244,950.7149794058837,448.2642902992978,7725.436951473064,10298.656312780053,True,1,1,640,480,16.871711919204138,25.545884200558426,False,False,14.825999999999999,19.273799999999998,False,
762,PostNateMinutely0762 25-09-25 05-15-02.fits,2025-09-25 05:15:02,350.54917671331964,336.6887816243352,2.909850121644853,6.437451662289883,6.852173394485046,15.159040213278022,1031.771528548891,521.1657625823406,7726.441169779263,10300.079820336927,True,1,1,640,480,17.78754375717541,23.285461933167657,False,False,16.3086,17.7912,False,
763,PostNateMinutely0763 25-09-25 05-16-02.fits,2025-09-25 05:16:02,354.32541119622334,342.87702691836495,3.30315513610789,6.331255844961859,7.778335926353793,14.908968173935547,926.3645894671248,494.46520580836733,7726.357661080855,10301.44121939057,True,1,1,640,480,17.795557047995334,22.899193020163402,False,False,14.825999995186825,19.271291440022228,False,
764,PostNateMinutely0764 25-09-25 05-17-02.fits,2025-09-25 05:17:02,352.00181176909047,338.99583620254793,3.2097067380481055,5.663763941930092,7.558281765426581,13.337144860780485,940.8528312224167,557.9939542143943,7731.01301460557,10307.283723463155,True,1,1,640,480,19.442805016883103,28.133364072214373,False,False,17.790992633081757,22.238999999999997,False,
765,PostNateMinutely0765 25-09-25 05-18-02.fits,2025-09-25 05:18:02,350.7777821242826,338.02051391603993,3.1286575321095267,6.848111681861891,7.367425470648574,16.12607065905899,978.5757380421666,476.6125304071955,7730.9322434415,10306.85338834141,True,1,1,640,480,20.567567324483495,26.637464760768243,False,False,17.7912,20.756400000625664,True,288.6022721789888
766,PostNateMinutely0766 25-09-25 05-19-01.fits,2025-09-25 05:19:01,349.8247752612505,331.8903275169982,2.810951274643826,5.993879372594287,6.619284407136579,14.114507294082557,1105.5476036582374,565.8106535415953,7726.327032173773,10300.287539271714,True,1,1,640,480,17.595381491724783,21.610538027402328,False,False,14.825999999999999,20.0151,False,
767,PostNateMinutely0767 25-09-25 05-20-01.fits,2025-09-25 05:20:01,348.882297531459,340.6179664911628,3.1270501817721996,6.830537276441543,7.36364044985485,16.084686096895652,940.6971630591461,481.8261551641464,7730.547631453604,10305.571576439386,True,1,1,640,480,20.06940786553197,23.643011450325385,False,False,16.308600000300697,20.7564,False,
768,PostNateMinutely0768 25-09-25 05-21-02.fits,2025-09-25 05:21:02,349.8977085593155,337.58122897165885,3.103241783150496,6.936771463618459,7.307575955540375,16.334848490327424,967.0012277222936,502.4121146490677,7725.88127043991,10298.646051313353,True,1,1,640,480,16.810275811437045,26.02276585253781,False,False,14.825999999999999,17.7912,False,
769,PostNateMinutely0769 25-09-25 05-22-02.fits,2025-09-25 05:22:02,352.8644353774514,339.1835715726574,3.700490055375167,6.105521515979861,8.71398815883513,14.377404451197126,836.7290811248273,534.0172262661757,7725.010480800567,10299.156780529915,True,1,1,640,480,16.7460716800354,25.8226331617631,False,False,14.0847,19.273800000002694,False,
770,PostNateMinutely0770 25-09-25 05-23-02.fits,2025-09-25 05:23:02,350.75470057556345,337.01990165491486,3.514501162904442,5.841970188402449,8.276017786691963,13.75678850212332,841.8794663159988,558.302287956275,7725.2990975651965,10298.81753752069,True,1,1,640,480,17.000153749276244,21.521147888687157,False,False,14.825999999999999,17.96778206323886,True,207.34339649457795
771,PostNateMinutely0771 25-09-25 05-24-02.fits,2025-09-25 05:24:02,349.9289194007098,341.83410639358476,3.373518618090208,5.875019227855987,7.94402926416393,13.83461304269753,909.0858825742612,563.0479284869065,7726.350979548992,10300.542251457782,True,1,1,640,480,17.613190305908784,19.752780809614105,False,False,16.3086,17.877735077433407,True,95.21140072452687
772,PostNateMinutely0772 25-09-25 05-25-02.fits,2025-09-25 05:25:02,351.83926185911326,343.3769520831471,3.3709053163390132,6.156752446521359,7.9378754088165016,14.498044073361832,849.028492424394,502.2579815201785,7730.21100509925,10305.745434144126,True,1,1,640,480,18.666430268008057,25.753253023342396,False,False,17.7912,20.7564,True,160.18221631069974
773,PostNateMinutely0773 25-09-25 05-26-02.fits,2025-09-25 05:26:02,351.4395370793442,343.0041519475177,3.2920750421350173,5.625051073045002,7.752244298965646,13.245983021129222,886.652285625377,556.8076334067804,7731.869277976039,10308.045961101378,True,1,1,640,480,20.407270093928712,26.799775633938562,False,False,16.3086,22.238999999999997,False,
774,PostNateMinutely0774 25-09-25 05-27-02.fits,2025-09-25 05:27:02,349.94515741004125,339.3545361175875,3.1026617363990368,7.735548728051521,7.306210049822983,18.215825204129384,957.2996085313887,452.45545121858777,7727.5919854473495,10300.689214835276,True,1,1,640,480,18.2302009845508,23.393751627782763,False,False,14.825999999999999,18.5325,True,64.13036256396182
775,PostNateMinutely0775 25-09-25 05-28-01.fits,2025-09-25 05:28:01,351.87103223714973,340.997635419199,2.6696466975522783,5.980240277533644,6.286537556546781,14.082389679637673,1109.3701062685639,560.2141181072358,7726.095787383444,10299.431783896141,True,1,1,640,480,18.14299067972793,23.526985114738437,False,False,14.825999999999999,19.273800051744146,False,
776,PostNateMinutely0776 25-09-25 05-29-01.fits,2025-09-25 05:29:01,352.3948508078513,341.472517653691,3.387153165599157,6.432809896589858,7.976136169942929,15.148109690363267,920.6687937251385,510.6345911017499,7726.370647709453,10300.958727529984,True,1,1,640,480,17.49245635569743,23.215323113808598,False,False,16.3086,19.273799999999998,False,
777,PostNateMinutely0777 25-09-25 05-30-02.fits,2025-09-25 05:30:02,352.55843780691976,340.0651232992258,3.09793126352396,6.58662450956442,7.295070637474277,15.510315424214442,975.9740492242692,476.1711596445368,7731.115950170101,10307.565228673366,True,1,1,640,480,20.224333464703847,23.196305281077667,False,False,17.049899745946803,19.273799999999998,True,232.2228849824663
778,PostNateMinutely0778 25-09-25 05-31-02.fits,2025-09-25 05:31:02,350.2212174068759,341.02441975302787,3.8244854926841763,6.724795840164876,9.005975100102765,15.835684043160994,780.2965389184114,485.2651468634444,7725.813496409527,10299.627286017763,True,1,1,640,480,17.884999186532838,23.05938070407176,False,False,14.825999999999999,20.76496135935873,True,135.2173802086079
779,PostNateMinutely0779 25-09-25 05-32-02.fits,2025-09-25 05:32:02,350.1483240768638,337.8284997126993,2.966909126794002,5.767089089008659,6.986537083559787,13.580456988276866,1001.7803470226395,536.7967501209708,7725.266908380214,10299.710612054127,True,1,1,640,480,16.55207466190752,22.104492993502358,False,False,14.825999999999999,20.7564,True,283.9758952491867
780,PostNateMinutely0780 25-09-25 05-33-02.fits,2025-09-25 05:33:02,351.3685620242947,345.8287979469116,3.73648354422592,5.840735874323612,8.798746347871482,13.753881914588609,832.4174395028799,519.4529081297602,7730.94156065962,10308.320670434732,True,1,1,640,480,18.242027745035593,31.57738457514422,False,False,16.76105986759995,22.238999999999997,True,171.382315799005
781,PostNateMinutely0781 25-09-25 05-34-02.fits,2025-09-25 05:34:02,352.95229494765624,339.44630892960805,3.6655924417333274,7.6317536010032025,8.631810558707581,17.971406358379472,793.2094534480433,426.43892489054934,7724.187142655999,10297.104659232438,True,1,1,640,480,15.921606152607142,26.34967983471408,False,False,14.825999999999999,16.3086,True,123.13193664120269
782,PostNateMinutely0782 25-09-25 05-35-02.fits,2025-09-25 05:35:02,353.72927961713356,343.3092143689144,3.150396867435107,6.00699871107852,7.4186176932389,14.145400975322774,983.5534613710303,559.7664975381849,7725.764066216423,10299.640459880673,True,1,1,640,480,17.611816740505475,24.13146783043893,False,False,13.343399999999999,19.273799999999998,False,
783,PostNateMinutely0783 25-09-25 05-36-02.fits,2025-09-25 05:36:02,352.1721880043288,338.42843786717316,3.383760450693618,6.451409086543644,7.968146936876291,15.19190743568778,875.0687340696477,498.50957031382626,7729.59658764051,10304.796791551513,True,1,1,640,480,19.266531112071252,24.729103353851965,False,False,17.7912,20.02001450531229,False,
784,PostNateMinutely0784 25-09-25 05-37-02.fits,2025-09-25 05:37:02,349.587076822477,340.10439075884057,3.005130184027467,7.8734811672725105,7.076540795275425,18.540631276866986,1001.2595994671478,412.47686289128535,7733.610574172205,10310.234170402953,True,1,1,640,480,21.021596218816708,25.896629494512865,False,False,19.273799999999998,19.273799999999998,False,
785,PostNateMinutely0785 25-09-25 05-38-02.fits,2025-09-25 05:38:02,353.4985875920774,336.38231077840226,3.021294119770149,5.666751152771187,7.114603955168885,13.344179204747832,997.5417220199989,593.3163190742963,7728.127118616345,10302.350572367135,True,1,1,640,480,17.826897754283113,25.044669514747344,False,False,16.3086,19.273799999999998,False,
786,PostNateMinutely0786 25-09-25 05-39-02.fits,2025-09-25 05:39:02,353.9523580951971,344.81003220912766,3.5846395754236813,6.419571914628761,8.441181126418916,15.116936625085517,817.1142719225287,481.3811002186562,7733.324898425891,10310.258052970974,True,1,1,640,480,19.21195686580826,23.912086492120576,False,False,16.3086,20.7564,False,
787,PostNateMinutely0787 25-09-25 05-40-02.fits,2025-09-25 05:40:02,353.4221013174194,341.22993733908095,3.996525711888304,7.5699413997804905,9.411098856836162,17.82584974791274,738.6321939253774,424.40652166651915,7725.328948740267,10299.076820582735,True,1,1,640,480,16.95824127726245,25.24665175505667,False,False,13.343399999999999,19.273799999999998,False,
788,PostNateMinutely0788 25-09-25 05-41-02.fits,2025-09-25 05:41:02,352.1716119276827,343.3154584779871,3.7696661413402563,6.653944565334624,8.876885392702507,15.668842040974718,831.7554937921666,471.3297023633005,7724.175962707415,10298.897308571943,True,1,1,640,480,17.74377765029074,24.527143913217806,False,False,13.343399999999999,22.238999999999997,False,
789,PostNateMinutely0789 25-09-25 05-42-02.fits,2025-09-25 05:42:02,354.38166442427854,340.27293095266543,3.5877383861411594,3.9246872312898047,8.44847826801219,9.24193216271825,838.9536685395004,747.5032684361254,7727.498724290979,10303.729714976022,True,1,1,640,480,16.587413853173164,23.734158248565063,False,False,14.825999999999999,20.7564,True,243.65530595453507
790,PostNateMinutely0790 25-09-25 05-43-02.fits,2025-09-25 05:43:02,353.70161817544107,341.3018010433111,3.483208672903749,6.775217251972426,8.202329603979399,15.954417394384173,870.4385079525262,478.33792852924233,7724.972040950428,10298.871688196732,True,1,1,640,480,15.544052765907502,23.997847241644507,False,False,13.343399999999999,17.7912,True,91.75478094796034
791,PostNateMinutely0791 25-09-25 05-44-02.fits,2025-09-25 05:44:02,354.3145692633613,340.7616561522864,3.8613202908768645,7.079196640755875,9.092714421241576,16.670234152367694,799.5665478108581,469.75415465280804,7729.940749441651,10305.34427647423,True,1,1,640,480,20.27503530564425,25.938299832766038,False,False,17.7912,19.273799999999998,True,189.80590777861977
792,PostNateMinutely0792 25-09-25 05-45-02.fits,2025-09-25 05:45:02,353.3604410376637,339.72658496090475,3.0772593940810355,5.243611798826867,7.246392104941816,12.347762172238301,1021.6091331829125,609.8252029514498,7725.362143070005,10300.201225582601,True,1,1,640,480,17.54013051358132,27.369109855376728,False,False,14.825999999999999,20.7564,False,
793,PostNateMinutely0793 25-09-25 05-46-01.fits,2025-09-25 05:46:01,353.8185776440047,343.1124039397089,3.0065413685064457,7.620459457034578,7.07986388077376,17.944810681770687,1014.6952747384722,442.5325041667033,7725.812454168443,10299.403947793951,True,1,1,640,480,16.977341554710627,24.592548927877303,False,False,14.825999999999999,17.7912,False,
794,PostNateMinutely0794 25-09-25 05-47-01.fits,2025-09-25 05:47:01,356.2623006607427,348.0250611965263,3.164591461348219,6.300981474970315,7.4520434075165705,14.837677480628773,939.1648322379158,527.8496713374254,7726.629871502724,10300.325056353497,True,1,1,640,480,17.12222560472391,23.891152012459756,False,False,16.3086,20.7564,False,
795,PostNateMinutely0795 25-09-25 05-48-02.fits,2025-09-25 05:48:02,354.48077801192153,344.8505404339399,3.0600731718268315,6.370107505010048,7.205921644279259,15.00045684179975,969.011619037724,509.4484793490049,7725.087858414417,10298.654970188947,True,1,1,640,480,17.183251166060824,25.171606046436068,False,False,14.825999999999999,21.50056069679034,True,162.9794434990686
796,PostNateMinutely0796 25-09-25 05-49-02.fits,2025-09-25 05:49:02,353.6728452458984,338.6615419947971,3.573162442005105,6.381785457424879,8.414154542585358,15.027956318231112,861.0384433976144,507.98586992368774,7724.196924503411,10298.066395808895,True,1,1,640,480,17.787190220147302,22.72529734400715,False,False,16.3086,21.422341392591292,False,
797,PostNateMinutely0797 25-09-25 05-50-02.fits,2025-09-25 05:50:02,352.91949377063565,337.7000611426864,2.785378259651565,5.896658500990817,6.559064558820925,13.885569636835326,1072.6296424275833,544.973689911008,7726.220310349647,10300.447688595232,True,1,1,640,480,15.668613609607178,27.197045089642813,False,False,13.343399999999999,19.398906996036576,True,123.12473597997521
798,PostNateMinutely0798 25-09-25 05-51-02.fits,2025-09-25 05:51:02,353.25919473600555,340.9910978004733,3.8127624396078215,6.987350540157477,8.978369419729603,16.45395311362066,787.9293918028601,472.9713698618054,7727.497841318936,10301.760526821692,True,1,1,640,480,17.54782797960428,25.047928094344268,False,False,14.825999999999999,19.273799999999998,False,
799,PostNateMinutely0799 25-09-25 05-52-02.fits,2025-09-25 05:52:02,352.30223184972397,337.9388771604078,3.200520350591725,6.644558942783395,7.536649476102876,15.646740588855993,935.011051660859,522.8679130315627,7725.216968742454,10297.77376083832,True,1,1,640,480,16.690015075439785,26.147426942389497,False,False,16.3086,17.7912,True,123.80126336090794
800,PostNateMinutely0800 25-09-25 05-53-02.fits,2025-09-25 05:53:02,352.4556561879631,338.87019583731654,3.297134070127718,5.759195983839794,7.76415739949123,13.561870146007685,890.7692128585369,570.4756695647063,7726.2266703920495,10299.815666595427,True,1,1,640,480,16.90122594497363,21.234578908291,False,False,14.825999999999999,17.7912,False,
801,PostNateMinutely0801 25-09-25 05-54-02.fits,2025-09-25 05:54:02,351.5446005986287,342.5314727004624,3.653561486868474,6.6849870004143925,8.603479825030961,15.741941389347131,806.0248370882333,476.5228583493965,7726.3036365516855,10300.481276084867,True,1,1,640,480,16.305686403766707,26.849077445039278,False,False,13.343399999999999,19.273799999999998,False,
802,PostNateMinutely0802 25-09-25 05-55-02.fits,2025-09-25 05:55:02,353.5188288006546,339.77753283924466,3.0458399585452844,7.123096984004578,7.172404988338672,16.77361156063348,951.4710198185873,466.62831640676796,7724.599562409382,10297.242441223527,True,1,1,640,480,18.276199737063966,27.594792222246706,False,False,14.825999999999999,19.273799999999998,True,122.5539331367501
803,PostNateMinutely0803 25-09-25 05-56-02.fits,2025-09-25 05:56:02,353.5340577737607,339.5870742835969,3.2244898664500146,6.067844749570384,7.593093372515663,14.288682446424142,968.2088538914153,528.0232239144077,7729.955246198595,10306.178866429127,True,1,1,640,480,19.39022433048336,24.048041321823305,False,False,16.3086,21.4977,False,
804,PostNateMinutely0804 25-09-25 05-57-02.fits,2025-09-25 05:57:02,352.74893061539944,340.1206048944347,4.245265718806559,5.126994750178241,9.996836811128407,12.073150008488167,721.4220580315558,582.063643526827,7723.973639419644,10299.040888632993,True,1,1,640,480,16.66481682644041,21.938777642560105,False,False,14.825999999999999,19.273799999999998,True,168.11868521101536
805,PostNateMinutely0805 25-09-25 05-58-02.fits,2025-09-25 05:58:02,354.040358205775,346.0992794627767,3.686213316679155,5.898905533152885,8.680369008376093,13.890860993212392,835.1534854107981,557.4915205772402,7723.733140235984,10297.214016218762,True,1,1,640,480,17.177517415025935,22.221048688351065,False,False,14.825999999999999,17.7912,True,194.19324451489848
806,PostNateMinutely0806 25-09-25 05-59-02.fits,2025-09-25 05:59:02,351.511967026814,337.1243119328349,3.0019662951054134,7.102048537367287,7.069090406221521,16.72404625657522,1018.8139145767541,468.1451365126036,7729.816586259012,10305.031226401337,True,1,1,640,480,19.99061080117056,26.110179714258564,False,False,19.273799999999998,17.7912,True,180.5296402381721
807,PostNateMinutely0807 25-09-25 06-00-02.fits,2025-09-25 06:00:02,353.7316613123238,340.2741594373494,4.350132780562319,7.523735988069164,10.24377987021437,17.717044318226,724.5115970045733,433.910923352758,7730.616883441864,10306.899548028176,True,1,1,640,480,18.82422632371621,25.539940360842948,False,False,15.57076300360427,19.273842148829917,True,271.495185325965
808,PostNateMinutely0808 25-09-25 06-01-02.fits,2025-09-25 06:01:02,353.2184970880801,346.952008832604,2.7618923244449425,6.5721501449429605,6.5037594078200724,15.476230900264742,1065.185400186832,465.86735229620444,7726.560440071876,10301.454855004258,True,1,1,640,480,16.877454368762695,28.186870348005193,False,False,13.343399999999999,20.7561806201116,True,122.84821402772249
809,PostNateMinutely0809 25-09-25 06-02-02.fits,2025-09-25 06:02:02,352.497379808504,349.4718634792139,2.891092866335539,7.119763877587275,6.80800343369291,16.765762694829792,1050.5887265925587,488.0310703325905,7726.313271375651,10299.467299986702,True,1,1,640,480,16.20375685964242,24.227027516159648,False,False,13.343399999999999,19.273799999999998,False,
810,PostNateMinutely0810 25-09-25 06-03-02.fits,2025-09-25 06:03:02,351.89291461753413,340.8040089638353,2.885860457973747,7.145111568380947,6.795682053598775,16.825451945205977,1083.5179343240297,485.81815007246666,7731.836047287241,10307.31651990859,True,1,1,640,480,19.007443950846397,27.853593702608276,False,False,14.825999999999999,20.756400020285582,True,56.34716810065275
811,PostNateMinutely0811 25-09-25 06-04-02.fits,2025-09-25 06:04:02,351.0046236435472,343.3868480512911,3.0633240596794247,6.627633512526679,7.213576900158693,15.606884246416703,948.0126808134218,488.19222549832807,7731.077462330859,10306.372199867348,True,1,1,640,480,18.345603125668067,22.529135986806327,False,False,14.825999999999999,19.27383672391163,False,
812,PostNateMinutely0812 25-09-25 06-05-01.fits,2025-09-25 06:05:01,352.44926862274735,346.76982325768745,3.1489570900478014,6.41763144552451,7.415227276586891,15.112367169542063,933.7215662659537,520.744658414195,7723.168575555551,10295.460375870724,True,1,1,640,480,16.74627673044936,21.815968737305123,False,False,14.825999999999999,17.7912,False,
813,PostNateMinutely0813 25-09-25 06-06-01.fits,2025-09-25 06:06:01,355.5048742574595,346.40712941560815,3.664524785239466,7.583340800937462,8.62929641979463,17.857402926348588,804.5471252610453,412.0464922171399,7730.185548074771,10305.992846379811,True,1,1,640,480,19.522275065022708,26.48444307051969,False,False,17.7912,18.532410346541724,True,243.5690948961196
814,PostNateMinutely0814 25-09-25 06-07-02.fits,2025-09-25 06:07:02,354.2861541901128,344.0445196198074,3.073489041558125,6.547670049262459,7.237513603244033,15.418584680252023,987.7385988175731,511.07616521158127,7726.047450717608,10299.774842020568,True,1,1,640,480,16.784607241574637,23.654836314614204,False,False,14.825999999999999,20.7564,True,96.25001549870751
815,PostNateMinutely0815 25-09-25 06-08-02.fits,2025-09-25 06:08:02,351.1578552507207,344.99971447273003,3.1017310641091593,6.6647251074749905,7.304018484059425,15.694228277703155,931.758583279854,477.3900985326603,7726.129191409859,10299.982763649423,True,1,1,640,480,18.21012542104839,22.559017539409126,False,False,14.825999999999999,17.7912,False,
816,PostNateMinutely0816 25-09-25 06-09-02.fits,2025-09-25 06:09:02,351.54732730357983,348.5902158982801,3.1241221005951454,7.345873708114848,7.356745345605645,17.29821065613467,905.9264855158514,441.5812886104624,7730.910434534778,10305.720829692924,True,1,1,640,480,20.822688400644413,26.7629960154284,False,False,17.7912,19.27380029519811,True,166.7610931316503
817,PostNateMinutely0817 25-09-25 06-10-02.fits,2025-09-25 06:10:02,352.98694620714434,346.5380022046744,3.5648189308551483,6.345491678269893,8.394507075283501,14.942490999567022,877.3919745256151,522.6749844073321,7727.154546336709,10301.886337616517,True,1,1,640,480,15.931562498399284,24.73491076892912,False,False,13.343399999999999,19.273799999999998,True,169.02240507444904
818,PostNateMinutely0818 25-09-25 06-11-02.fits,2025-09-25 06:11:02,353.0762934593295,347.86239719850295,3.0573922157305025,6.867711139176541,7.199608475123775,16.172223854015254,922.1685820655006,456.31361763630235,7730.80583503906,10306.099276721252,True,1,1,640,480,20.063403436680787,21.288737839452185,False,False,16.3086,17.791200005175224,True,252.02588403879537
819,PostNateMinutely0819 25-09-25 06-12-02.fits,2025-09-25 06:12:02,352.14505282640096,352.2227487217358,3.3002064754461755,6.187821299353124,7.771392361121594,14.57120563078619,903.8920721118259,522.892395521141,7728.7182054390805,10303.638837557019,True,1,1,640,480,16.572113949053648,24.059854568055886,False,False,14.825999999999999,22.238999999824706,False,
820,PostNateMinutely0820 25-09-25 06-13-02.fits,2025-09-25 06:13:02,354.4723624368163,348.04994422630745,3.3951664672784903,7.334371423068761,7.995006053364303,17.271124844744488,870.7302592179944,449.0815722934604,7730.743311807859,10305.895501278545,True,1,1,640,480,18.79701717070199,26.878594078154507,False,False,16.3086,21.731482333832037,False,
821,PostNateMinutely0821 25-09-25 06-14-02.fits,2025-09-25 06:14:02,350.6645633879322,347.7140779877947,2.934691712352818,6.0649428377881085,6.9106708702346165,14.281848966390328,1047.8679364289874,547.4085267861817,7727.368271186338,10301.879146995174,True,1,1,640,480,18.953776107275107,22.723243159446255,False,False,17.044784925578366,17.7912,False,
822,PostNateMinutely0822 25-09-25 06-15-02.fits,2025-09-25 06:15:02,353.26443911955346,347.8692099278105,3.5174230072241253,6.381178138111339,8.282898204264411,15.02652619053785,857.7048641508331,525.0197609723978,7726.269884420755,10299.952462719217,True,1,1,640,480,17.838647087278087,27.209071798941704,False,False,14.825999999999999,20.7564,False,
823,PostNateMinutely0823 25-09-25 06-16-02.fits,2025-09-25 06:16:02,353.65882361735225,351.5190813643469,3.407159816462183,7.606521265298128,8.023248232429118,17.911988748478212,937.59641314175,460.7957947046742,7726.271052574112,10300.073197949025,True,1,1,640,480,18.463010796191806,23.934099440700695,False,False,16.3086,20.015099999042622,True,115.74559219412696
824,PostNateMinutely0824 25-09-25 06-17-01.fits,2025-09-25 06:17:01,352.4755755739177,346.22117129452084,2.931660174251387,6.501407627712338,6.903532143546092,15.309645002654124,1024.112818052614,515.8368813915745,7726.325347949732,10299.932513318632,True,1,1,640,480,17.135492325639273,22.481085185847352,False,False,14.825999999999999,18.861107244021966,True,123.58221140674038
825,PostNateMinutely0825 25-09-25 06-18-02.fits,2025-09-25 06:18:02,350.79541329671906,349.2072927172394,3.3131639330957454,6.764348334738981,7.80190484212744,15.928823050215072,942.1237259930646,498.0195416757237,7725.263725878001,10299.059847234941,True,1,1,640,480,15.605464669790543,23.257903309655756,False,False,13.343399999999999,19.273799999999998,False,
826,PostNateMinutely0826 25-09-25 06-19-02.fits,2025-09-25 06:19:02,351.1130507227506,349.0209459967482,2.982226915627932,7.476925534914831,7.022607719751476,17.6068141248212,965.8881079723251,451.4441386232799,7732.232286695642,10307.058523558371,True,1,1,640,480,20.232442458324826,28.385680548504002,False,False,17.7912,19.27380000000809,False,
827,PostNateMinutely0827 25-09-25 06-20-02.fits,2025-09-25 06:20:02,351.48792089055314,346.64807079520375,3.2286253487051733,5.076015848197696,7.60283168902598,11.953103868230711,910.3057726927144,599.9479474926429,7725.567075825182,10300.200940398083,True,1,1,640,480,16.77336675508939,22.884923636038,False,False,14.825999999999999,20.7564,False,
828,PostNateMinutely0828 25-09-25 06-21-02.fits,2025-09-25 06:21:02,349.0803732080237,350.6101282083902,3.2799972095738315,6.30415902324274,7.723803176750038,14.845160034994734,955.6581894968195,536.8972419381528,7724.224738769679,10297.660107064567,True,1,1,640,480,16.834468644203913,24.18597687675709,False,False,13.343399999999999,19.273800561754502,False,
829,PostNateMinutely0829 25-09-25 06-22-02.fits,2025-09-25 06:22:02,350.78697189201654,348.1127348591569,3.2763698785012116,6.8423466586016195,7.715261464830269,16.112495066725632,920.0045910165736,486.0041928222784,7724.5989566087155,10297.840490336785,True,1,1,640,480,18.073074132962784,21.785027283782156,False,False,14.084700000000673,17.7912,False,
830,PostNateMinutely0830 25-09-25 06-23-02.fits,2025-09-25 06:23:02,351.93401968981516,348.4867572353794,3.6086324065080015,5.615847358194735,8.497679925993316,13.224309928911063,853.5767831190343,574.5534717052425,7726.476517481846,10301.204378516619,True,1,1,640,480,17.843916262561855,22.374846955878258,False,False,16.3086,18.896665259319672,False,
831,PostNateMinutely0831 25-09-25 06-24-02.fits,2025-09-25 06:24:02,349.79362486672136,353.6217785987848,2.879733815186801,6.621371276127252,6.7812549123553305,15.59213780661661,1050.0748097940125,502.8846757332704,7723.942369806264,10296.992633113972,True,1,1,640,480,16.607852851472995,23.391985594442545,False,False,13.343399999999999,19.273799999999998,False,
832,PostNateMinutely0832 25-09-25 06-25-02.fits,2025-09-25 06:25:02,349.6167009501376,349.54686404577706,3.2420402032263254,6.563727052695863,7.634421257353564,15.456396033800132,951.6939324136541,510.74495605216674,7726.306209291299,10300.347506711443,True,1,1,640,480,16.203136000763084,23.03904879023897,False,False,14.825999999999999,19.273799999999998,True,281.9796411136401
833,PostNateMinutely0833 25-09-25 06-26-01.fits,2025-09-25 06:26:01,350.70163531420695,353.9909609212382,3.808796865003471,9.502257620732626,8.969031205161212,22.376106718349284,788.1986374141801,358.1112487851236,7730.888875132121,10305.758919798998,True,1,1,640,480,20.34613347181868,28.306539179901062,False,False,17.7912,20.75634816280584,True,193.46421502998166
834,PostNateMinutely0834 25-09-25 06-27-02.fits,2025-09-25 06:27:02,351.51168895115393,353.9301883879648,3.8601642404673018,7.434654292609144,9.089992130564072,17.507272956111404,761.9504121284384,436.2423749494164,7725.386515979158,10298.937967349297,True,1,1,640,480,17.843652576591793,22.283372639936626,False,False,15.5673,20.756398721277428,False,
835,PostNateMinutely0835 25-09-25 06-28-02.fits,2025-09-25 06:28:02,351.67644509722004,359.942405274836,2.8723126149349434,4.337981020882146,6.763779321244067,10.215164662937099,1019.8286573753072,736.496779144681,7726.903776908213,10301.151147164168,True,1,1,640,480,17.23078035193371,22.093640266064668,False,False,16.3086,18.532492019897862,False,
836,PostNateMinutely0836 25-09-25 06-29-02.fits,2025-09-25 06:29:02,351.7992823226187,348.0292642705192,3.4858329287951424,7.142443152306375,8.208509254355743,16.819168305545094,864.6967227132006,448.53621797341754,7726.538359932744,10301.061779725549,True,1,1,640,480,15.68801249223929,22.42911769478044,False,False,14.825999999999999,20.760379134334144,False,
837,PostNateMinutely0837 25-09-25 06-30-02.fits,2025-09-25 06:30:02,352.4620700551303,352.26062358694156,3.045383702892681,6.988871068214815,7.171330588382262,16.45753368356911,947.8654965066175,476.7107510013536,7726.483330294202,10299.653628823544,True,1,1,640,480,18.604148270667316,22.957363511751584,False,False,14.825999999999999,16.30883770688246,False,
838,PostNateMinutely0838 25-09-25 06-31-02.fits,2025-09-25 06:31:02,352.0257961525175,349.59060757884356,2.934666179491058,6.2552815261380434,6.910610744939937,14.730062325061652,1016.4900922439958,545.3098800196933,7726.702468321168,10300.034840553792,True,1,1,640,480,16.460590546798404,22.472840070414104,False,False,14.825999999999999,19.273799999999998,False,
839,PostNateMinutely0839 25-09-25 06-32-02.fits,2025-09-25 06:32:02,350.838542195207,342.7385025961138,3.1206222614818007,6.808331573980375,7.348503854307157,16.0323956636261,971.4382870156211,495.78939268862104,7726.633088402997,10300.380999635778,True,1,1,640,480,16.715246953863705,25.47527175359473,False,False,13.343399999999999,20.75639999936085,False,
840,PostNateMinutely0840 25-09-25 06-33-02.fits,2025-09-25 06:33:02,350.9688692236141,346.9736946693623,3.4156662503436275,6.837961326642189,8.043279353444875,16.10216839912345,853.958418618332,461.2230970028894,7725.072771921096,10298.85944026345,True,1,1,640,480,17.873627026482886,24.888791929270816,False,False,14.825999999999999,19.273799999999998,False,
841,PostNateMinutely0841 25-09-25 06-34-02.fits,2025-09-25 06:34:02,351.3883515240626,347.550593760154,3.1651344343098957,5.2244964970416925,7.453322011130637,12.302749076427755,949.7811793595222,617.3091239816857,7732.18533029704,10308.437082431245,True,1,1,640,480,21.503297097599862,23.300475403266137,False,False,17.7912,19.273799999999998,False,
842,PostNateMinutely0842 25-09-25 06-35-02.fits,2025-09-25 06:35:02,352.2614291032251,347.3702199497985,3.3809035902857407,7.572768046331119,7.9614195447219664,17.83250599187038,869.1519180958015,444.49962988804583,7724.85816498267,10297.578035685043,True,1,1,640,480,18.172964761542424,24.81133155154757,False,False,14.825999999999999,19.273799999999998,True,337.82437050480416
843,PostNateMinutely0843 25-09-25 06-36-02.fits,2025-09-25 06:36:02,351.5661355357275,346.1881860408334,3.4894679406334865,6.364055756016533,8.217069053096601,14.986206061962326,918.1224293663478,536.7785150164492,7726.264636950798,10300.577367146572,True,1,1,640,480,17.697862315798965,24.299600780088607,False,False,14.825999999999999,21.48693392153333,False,
844,PostNateMinutely0844 25-09-25 06-37-02.fits,2025-09-25 06:37:02,354.0754316959898,350.2675039361694,3.1026967667517225,4.9853788823511715,7.306292539999672,11.73967012423453,959.3713313986673,619.024239599302,7725.643240942192,10300.286184889439,True,1,1,640,480,15.831250421126725,20.7311483921879,False,False,14.825999999999999,17.7912,False,
845,PostNateMinutely0845 25-09-25 06-38-02.fits,2025-09-25 06:38:02,353.04700033910285,346.29000633458185,3.3230070037583315,6.6478684437429525,7.825083502228354,15.654533868054607,896.7285768996244,489.6785261781132,7725.960406998313,10299.841930825787,True,1,1,640,480,18.07010264416357,30.819928991963522,False,False,14.825999999999999,20.0151,False,
846,PostNateMinutely0846 25-09-25 06-39-02.fits,2025-09-25 06:39:02,351.8118409953871,353.1561921520822,3.2549154818309,7.506305114742665,7.664740221496975,17.67599774831437,881.9082066732137,422.9034386634691,7728.54317438355,10303.137194395265,True,1,1,640,480,17.95533523753102,25.610717813844506,False,False,14.825999999999999,20.7564,False,
847,PostNateMinutely0847 25-09-25 06-40-02.fits,2025-09-25 06:40:02,350.9742279910218,348.3787832481719,3.2184760637046015,6.774752960333947,7.578931949263902,15.953324071127142,961.598372641066,504.13724812543643,7725.572317051153,10299.089267634698,True,1,1,640,480,17.291512590771354,23.147265166390497,False,False,16.3086,20.7564,False,
848,PostNateMinutely0848 25-09-25 06-41-02.fits,2025-09-25 06:41:02,349.92030196837516,350.5439539918175,3.1568952904017817,5.98962059715051,7.433920309901915,14.104478644300265,959.0003118406842,526.2639822653598,7725.6238659689,10300.180839380431,True,1,1,640,480,16.052973433682457,23.401790389487676,False,False,13.343399999999999,19.273799999999998,False,
849,PostNateMinutely0849 25-09-25 06-42-02.fits,2025-09-25 06:42:02,352.8884699288177,343.45496266373806,3.4504308667029484,6.115737485789239,8.125143768905614,14.40146122168368,865.640136548325,524.1259168813879,7726.243943505545,10300.51710901228,True,1,1,640,480,16.889217152985783,22.076959201342333,False,False,14.825999999999999,19.273799999999998,True,91.88588081691995
850,PostNateMinutely0850 25-09-25 06-43-02.fits,2025-09-25 06:43:02,352.6192745314116,344.9239625894489,3.4958958816678085,6.7541048227425025,8.2322056974925,15.904701422834252,837.3178109064994,464.2752258836389,7726.424465870478,10300.810013421418,True,1,1,640,480,17.002299883233768,23.59777463807893,False,False,13.343399999999999,19.273799999999998,True,133.16285373271154
851,PostNateMinutely0851 25-09-25 06-44-01.fits,2025-09-25 06:44:01,351.6463768873752,352.3522515862862,3.0350482220162833,7.700150829582361,7.146992390839487,18.132469523262237,974.3678679182332,415.9949890889694,7726.184788825492,10300.295224475336,True,1,1,640,480,17.38181242202756,23.01153916551973,False,False,16.3086,18.558514858445673,False,
852,PostNateMinutely0852 25-09-25 06-45-01.fits,2025-09-25 06:45:01,351.6148040803941,345.10373795655744,3.0205124125801555,8.232127308280079,7.112763175408543,19.385178398784603,963.8628515254298,385.72035290710943,7725.923911625818,10299.85355336786,True,1,1,640,480,17.484898054628914,24.196435118636,False,False,14.825999999999999,20.7564,False,
853,PostNateMinutely0853 25-09-25 06-46-02.fits,2025-09-25 06:46:02,354.09473153347494,342.84347115942865,2.919783150143499,6.723262132887071,6.875563889101522,15.83207243852001,1032.0700308872617,500.82943103012633,7725.821053911783,10299.247213231021,True,1,1,640,480,17.95854362986276,25.65444558214323,False,False,14.825999999999999,19.273799999999998,True,61.14796591214919
854,PostNateMinutely0854 25-09-25 06-47-02.fits,2025-09-25 06:47:02,351.5402027911871,348.8960604818668,3.153601312287852,5.781713747489128,7.4261635842113405,13.614895427218407,966.6592546224617,581.0535868979681,7724.383826951924,10297.554205476887,True,1,1,640,480,17.247385463586532,22.58902996875526,False,False,14.825999999999999,19.273799999999998,False,
855,PostNateMinutely0855 25-09-25 06-48-02.fits,2025-09-25 06:48:02,351.4466273926125,351.76023282445436,3.783101578195695,5.752129431886831,8.908523428723443,13.545229687819598,748.7042619170126,561.9845977988595,7724.756508164836,10297.585527128664,True,1,1,640,480,19.787568695983644,22.562417185883053,False,False,14.825999999999999,16.30911400561144,False,
856,PostNateMinutely0856 25-09-25 06-49-02.fits,2025-09-25 06:49:02,350.50965964234933,346.7792259448315,3.0080122457258653,6.083109682838372,7.083327531933829,14.324628617269658,985.3944210353138,514.2248161948544,7726.818995404492,10301.568856856335,True,1,1,640,480,17.562014554429062,24.376304091887217,False,False,14.825999999999999,20.756502372780417,False,
857,PostNateMinutely0857 25-09-25 06-50-02.fits,2025-09-25 06:50:02,352.76247441112605,349.9736947965189,3.156832929340717,6.5348100887682445,7.43377346082529,15.38830178750194,920.8548931045964,485.0810465649771,7725.541045437504,10299.348349284772,True,1,1,640,480,18.982674747933647,24.27531404882707,False,False,14.825999999999999,17.7912,False,
858,PostNateMinutely0858 25-09-25 06-51-02.fits,2025-09-25 06:51:02,352.00840439295695,347.94645438848113,3.3590705856894707,5.171519146931689,7.910006747855417,12.177996950456096,894.9416370896263,627.7899166013681,7726.505693660679,10300.751899011062,True,1,1,640,480,16.86061534773785,20.59966011976689,False,False,14.826761449918946,17.7912,True,139.51008856007007
859,PostNateMinutely0859 25-09-25 06-52-02.fits,2025-09-25 06:52:02,350.6460347747609,350.0131632656502,3.149338061783939,6.431369831880356,7.416124396467738,15.144718597119189,932.7932781029884,525.5428741331637,7726.352070009637,10299.493115051619,True,1,1,640,480,17.00914055463029,23.57610447498515,False,False,14.825999999999999,20.7564,False,
860,PostNateMinutely0860 25-09-25 06-53-02.fits,2025-09-25 06:53:02,350.0269694065092,354.79917012500454,3.2591422282024656,5.092212102572893,7.674693448577998,11.991243132687845,978.6585231269072,616.1263601319629,7726.2263910000365,10301.907476816335,True,1,1,640,480,17.01078102735879,32.05970272786951,False,False,14.825999999999999,19.273799999999998,False,
861,PostNateMinutely0861 25-09-25 06-54-02.fits,2025-09-25 06:54:02,350.37977296441767,353.2558767538424,3.9320197735664166,9.089251663355258,9.259198980252252,21.40355201119986,797.3128647904904,376.078807116923,7725.424367425781,10299.086782133547,True,1,1,640,480,17.059713716041962,26.73478990533329,False,False,16.3086,19.273799999999998,True,46.1160309777136
862,PostNateMinutely0862 25-09-25 06-55-03.fits,2025-09-25 06:55:03,351.31046523343764,349.65783989688714,3.1613499542880548,7.6491230558685865,7.444410241715187,18.012308298867737,975.3776977056749,445.3091563397985,7726.182478197874,10299.891377642083,True,1,1,640,480,17.054622469391916,27.488500066240974,False,False,14.825999999999999,21.423074206888277,False,
863,PostNateMinutely0863 25-09-25 06-56-03.fits,2025-09-25 06:56:03,350.35488461412626,356.45489439732086,3.915231408629765,5.831304956995254,9.21966540197613,13.731673801420762,751.6752017279857,521.6440447589107,7729.71412063489,10305.76911232838,True,1,1,640,480,20.854176929923582,25.25523572397439,False,False,19.273799999999998,20.756455092976296,False,
864,PostNateMinutely0864 25-09-25 06-57-03.fits,2025-09-25 06:57:03,349.1191291282955,348.2082618915864,2.8911798446644945,6.097092237519509,6.808208252005418,14.357555017313542,1057.7938731314152,526.6578404337178,7729.556325178576,10305.277109361523,True,1,1,640,480,19.59694143719487,23.982916236475923,False,False,16.3086,22.238999999999997,False,
865,PostNateMinutely0865 25-09-25 06-58-03.fits,2025-09-25 06:58:03,349.7552837522508,350.18180556453103,2.7634275960889867,6.316026016185139,6.507374696262036,14.873104667849738,1105.625684403403,529.0857818091449,7726.927276882601,10301.07406512021,True,1,1,640,480,16.128237837700112,25.47303693403065,False,False,13.343399999999999,19.273799999999998,False,
866,PostNateMinutely0866 25-09-25 06-59-03.fits,2025-09-25 06:59:03,348.6767865802577,351.90792075129315,2.856410362348578,6.1680547147768765,6.7263323780925495,14.524658881204244,1042.0406342396172,533.0883125131459,7724.360987193672,10297.520647401896,True,1,1,640,480,17.84669696791522,21.0054993580128,False,False,16.3086,16.3086,True,183.3688787420539
867,PostNateMinutely0867 25-09-25 07-00-03.fits,2025-09-25 07:00:03,350.9785738306159,349.9435715192081,2.9725349460071047,8.244240162143381,6.999784875412521,19.41370198986444,986.7930641986761,396.63774995610504,7727.845883227617,10302.036215673981,True,1,1,640,480,17.720988158325863,26.78119999543925,False,False,14.825999999999999,20.48653784934098,True,88.6248474146006
868,PostNateMinutely0868 25-09-25 07-01-03.fits,2025-09-25 07:01:03,348.3614086910325,352.5249610965099,2.915980605214525,6.002191267716545,6.866609580080643,14.134080311328646,985.2491330813871,523.0017761933523,7725.64615433461,10299.471460565455,True,1,1,640,480,18.0653152719456,20.974658622693322,False,False,15.566885187672847,20.7564,True,84.93751941082921
869,PostNateMinutely0869 25-09-25 07-02-02.fits,2025-09-25 07:02:02,349.60334801944805,354.76397338034764,3.793603329762255,7.1825173922706975,8.933253163820313,16.913535929102462,781.4295708014753,456.74798584963435,7730.572291192598,10305.778654996799,True,1,1,640,480,20.3822690051134,24.98355747584523,False,False,17.7912,20.7564,False,
870,PostNateMinutely0870 25-09-25 07-03-02.fits,2025-09-25 07:03:02,348.6300994743336,357.87636402131164,3.327534369666823,5.780135738781495,7.83574463422086,13.61117950068244,923.8632773691498,564.5501119134993,7731.181494411146,10307.255062657303,True,1,1,640,480,19.678964514953773,23.288886500103253,False,False,19.273799542726902,19.605976823510954,False,
871,PostNateMinutely0871 25-09-25 07-04-03.fits,2025-09-25 07:04:03,349.1763780169007,358.0727883633786,2.532336747871977,6.340101385526161,5.963197334657417,14.929797830165498,1234.957500169184,528.1906199750487,7730.990547749129,10306.830933627893,True,1,1,640,480,19.186099862627074,27.621232276096638,False,False,14.825999999999999,21.49824429029462,True,97.25570130188972
872,PostNateMinutely0872 25-09-25 07-05-03.fits,2025-09-25 07:05:03,348.68538511493045,360.15875580512795,3.0424971014443005,5.66763379372156,7.164533161429601,13.346257665350334,1004.698971902179,585.4847031496483,7731.221491338841,10306.929631422512,True,1,1,640,480,20.339902697027885,22.972487821588075,False,False,16.3086,19.324901137234864,False,
873,PostNateMinutely0873 25-09-25 07-06-03.fits,2025-09-25 07:06:03,349.8453118778718,350.74696691154645,3.3262229622636394,7.080210173438395,7.832656505780641,16.672620839444786,929.8186235702935,465.1980906445757,7727.028968806709,10301.656078780914,True,1,1,640,480,16.307769820137146,24.01745836705473,False,False,14.825999999999999,20.7564,True,66.05451879260487
874,PostNateMinutely0874 25-09-25 07-07-03.fits,2025-09-25 07:07:03,348.1247576547898,356.8180920479384,3.063782360405569,5.982269344007607,7.214656115895271,14.08716776604326,1032.4162342845864,542.4268677494515,7730.750449211133,10307.23985951202,True,1,1,640,480,18.00607983626173,25.322349446053853,False,False,17.7912,17.7912,True,58.457340582762484
875,PostNateMinutely0875 25-09-25 07-08-03.fits,2025-09-25 07:08:03,347.89367222755703,358.44586674505587,2.983691979925706,6.318964831173095,7.026057682527133,14.880025048292012,1032.0280643868523,558.6085172539849,7729.331961269482,10303.42298832544,True,1,1,640,480,18.407145048087607,23.160492436057854,False,False,17.7912,19.273799999999998,False,
876,PostNateMinutely0876 25-09-25 07-09-03.fits,2025-09-25 07:09:03,347.75188406730325,361.6364189022492,3.1060869177080974,5.426771976722994,7.314275735427424,12.779071430599533,965.0462001808106,596.9210297580931,7725.992715917685,10300.06071432871,True,1,1,640,480,16.300756054269268,22.91496483050499,False,False,14.825999999999999,22.238999999569852,False,
877,PostNateMinutely0877 25-09-25 07-10-03.fits,2025-09-25 07:10:03,349.6482337046632,362.6217446139587,3.624395512446758,7.546398011079935,8.534799203829845,17.770409304272718,868.9577447094061,443.72829127880647,7724.832044105013,10298.73631073289,True,1,1,640,480,17.204858974316455,23.504336289937072,False,False,14.825999999999999,16.3086,False,
878,PostNateMinutely0878 25-09-25 07-11-03.fits,2025-09-25 07:11:03,351.3995280837006,360.25347961092183,3.5020016153688704,5.2810947263076295,8.246583601601381,12.43602772121644,849.311397226868,565.513697669991,7730.749313868952,10307.601824858695,True,1,1,640,480,18.986511457509817,22.852420129706708,False,False,16.3086,22.238999999999997,False,
879,PostNateMinutely0879 25-09-25 07-12-03.fits,2025-09-25 07:12:03,350.84188792428694,365.97554266779935,2.781448522882391,6.485816811767314,6.549810735905179,15.272931436748394,1050.6303383012403,487.09379951324297,7729.931163839995,10305.33761887303,True,1,1,640,480,19.2184630699615,23.635724051141455,False,False,17.7912,16.3086,True,189.20091865756552
880,PostNateMinutely0880 25-09-25 07-13-03.fits,2025-09-25 07:13:03,351.8350307936111,360.6181628644223,3.3741418599348014,7.106165265847474,7.94549688655248,16.733740411320316,846.8514381383852,449.41590485980174,7725.057137766387,10298.320359483576,True,1,1,640,480,18.43133905001107,19.658922501151658,False,False,13.343399999999999,17.7912,True,323.80341637853667
881,PostNateMinutely0881 25-09-25 07-14-02.fits,2025-09-25 07:14:02,349.4603625838067,368.45381954341383,3.7564256349844616,6.244455244676749,8.845706382929523,14.704568380463451,837.5785815977229,525.9306361381288,7723.638111423608,10297.46428323206,True,1,1,640,480,16.26039204855865,23.450151888530563,False,False,14.084750786923067,17.7912,False,
882,PostNateMinutely0882 25-09-25 07-15-03.fits,2025-09-25 07:15:03,349.7000150253079,366.1573427094478,3.548857970672407,5.999888322485442,8.35692188630724,14.128657289735836,849.8214059418908,527.329592677,7726.537923657259,10301.27756669764,True,1,1,640,480,16.726344015636826,23.21488858986764,False,False,14.825999999999999,17.7912,False,
883,PostNateMinutely0883 25-09-25 07-16-03.fits,2025-09-25 07:16:03,347.5593309032268,363.37487613317495,2.8836886417097625,6.24619935164611,6.79056781712622,14.70867543851558,1038.184498989493,514.565649741473,7730.672897102826,10306.413535678972,True,1,1,640,480,19.69362385020756,24.479668083644984,False,False,16.3086,18.371661333661294,True,283.58250239627887
884,PostNateMinutely0884 25-09-25 07-17-03.fits,2025-09-25 07:17:03,351.0251969642158,369.61978905729114,3.249299131224599,6.864781344580372,7.651514726509334,16.16532471497237,881.3277707482843,469.28316970611843,7727.716835508839,10301.753814512844,True,1,1,640,480,18.110179549339925,22.68790871991002,False,False,16.3086,19.273799999999998,False,
885,PostNateMinutely0885 25-09-25 07-18-03.fits,2025-09-25 07:18:03,347.3417396617034,366.31917713380875,2.725532398042525,7.644815023777113,6.41813832429181,18.0021636585441,1071.3163994512704,431.52320528653814,7726.218558066333,10299.645512867792,True,1,1,640,480,17.627868988355402,22.676700092060234,False,False,16.3086,17.789060528202313,False,
886,PostNateMinutely0886 25-09-25 07-19-03.fits,2025-09-25 07:19:03,351.07980138408976,365.9399372592679,3.234611695470189,5.961753408860255,7.616928458384746,14.038856430715722,951.6728246798987,570.0297642666236,7726.409165800517,10300.207359163353,True,1,1,640,480,16.599854044420876,23.982265381154782,False,False,14.825999999999999,20.7564,True,98.58849205635853
887,PostNateMinutely0887 25-09-25 07-20-03.fits,2025-09-25 07:20:03,348.4752301974809,367.98055282308036,3.1910659702495177,6.291066977927359,7.514386111759699,14.814330624255623,954.8242567707383,521.8816756073697,7726.757087935373,10301.108868038244,True,1,1,640,480,15.980164626604173,21.675569927031166,False,False,13.343399999999999,19.273799999999998,False,
888,PostNateMinutely0888 25-09-25 07-21-03.fits,2025-09-25 07:21:03,348.2090289635976,369.9574175671949,2.9308009527546286,4.742313546020875,6.901508831542404,11.167294997991759,989.849690848005,639.7001372382787,7725.748656226406,10300.305719816213,True,1,1,640,480,17.627801701736562,21.61983079781689,False,False,14.825999999999999,17.7912,False,
889,PostNateMinutely0889 25-09-25 07-22-02.fits,2025-09-25 07:22:02,347.1017385021539,370.12135022587177,3.596412885899336,6.298943953065182,8.46890515392336,14.832879483204378,841.7195665385678,490.2645031591118,7725.929698968488,10300.921165278478,True,1,1,640,480,17.46463661210296,21.42964691355837,False,False,16.3086,19.273799999999998,False,
890,PostNateMinutely0890 25-09-25 07-23-03.fits,2025-09-25 07:23:03,347.7772823448576,366.2521328272564,3.0572165784477328,6.981166270711207,7.199194880929655,16.439390271964708,956.0217732130907,466.11804371441536,7732.233926672411,10307.915234086542,True,1,1,640,480,18.852467901208357,25.16305330375667,False,False,17.7912,17.7912,False,
891,PostNateMinutely0891 25-09-25 07-24-03.fits,2025-09-25 07:24:03,345.7767097719288,364.853631019829,2.9303203840987018,6.551135655485217,6.900377178838414,15.426745559253556,989.5080601834934,475.2110797961063,7728.216940185591,10303.173821698338,True,1,1,640,480,19.04309493024819,27.060377461926812,False,False,17.7912,22.238983788324074,True,141.19252609623024
892,PostNateMinutely0892 25-09-25 07-25-03.fits,2025-09-25 07:25:03,345.88841891290633,364.522515592345,3.8294892002835916,6.374338546401207,9.017757931057341,15.010420182879006,801.0249126380631,509.97157226757076,7725.523245357745,10299.740884646462,True,1,1,640,480,15.504782475619551,22.624694529990652,False,False,14.825999999999999,17.7912,False,
893,PostNateMinutely0893 25-09-25 07-26-03.fits,2025-09-25 07:26:03,347.7525884937518,357.77128421226104,3.3269172068625363,6.343296432976818,7.834291326878278,14.93732159194713,974.1925957405911,533.38777950951,7725.937300160579,10300.506211777176,True,1,1,640,480,15.828584041957415,22.17185764181661,False,False,14.825999999999999,17.791199946973506,True,81.0849565163185
894,PostNateMinutely0894 25-09-25 07-27-03.fits,2025-09-25 07:27:03,346.4984557575152,361.47637064063446,3.0090076219265027,7.952534430974008,7.085671463763437,18.726787486856388,971.2563422427446,424.6009742747599,7726.356772508878,10299.437466545287,True,1,1,640,480,17.692533210593982,23.421212160886927,False,False,14.825999999999999,17.79119999996764,True,85.72304162316861
895,PostNateMinutely0895 25-09-25 07-28-03.fits,2025-09-25 07:28:03,347.8382451922046,367.30044498809116,3.860894918256436,5.885780715850063,9.091712745268383,13.85995441034034,815.354282780566,578.5637252008297,7727.742408113222,10302.31287645529,True,1,1,640,480,16.53995982622729,21.82611226983724,False,False,16.3086,19.190433553022476,False,
896,PostNateMinutely0896 25-09-25 07-29-03.fits,2025-09-25 07:29:03,349.23721316923775,365.16155026650415,2.828760857659588,6.808784389832561,6.661222770215739,16.033461963471535,1085.9336504173577,493.799748188584,7728.8672225717155,10303.640155260007,True,1,1,640,480,16.68975409944038,30.621630730753992,False,False,14.500425081107672,20.7564,False,
897,PostNateMinutely0897 25-09-25 07-30-03.fits,2025-09-25 07:30:03,345.33921166250514,366.51528368082165,3.3040461072270486,7.2426196138401595,7.780434003004731,17.05506584520512,892.7422010659192,453.31689673308637,7727.784836482638,10301.971319619406,True,1,1,640,480,17.999220900525447,23.313885905702797,False,False,16.3086,17.7912,True,205.4124484038904
898,PostNateMinutely0898 25-09-25 07-31-03.fits,2025-09-25 07:31:03,347.67086910152585,366.9700956915619,3.1744722685937847,6.545398135848886,7.475310930479516,15.413234733005167,913.4450189475868,489.5467153546425,7727.133617575218,10301.254303684404,True,1,1,640,480,17.19760338352072,28.211587095184694,False,False,16.3086,17.934970262126832,True,232.34888720232473
899,PostNateMinutely0899 25-09-25 07-32-03.fits,2025-09-25 07:32:03,345.75713125878116,369.9231732209767,3.531422457415673,7.8674953796100855,8.31586439019488,18.526535824094207,838.7078502317449,416.0062239490633,7730.541857532975,10305.76455943257,True,1,1,640,480,21.620241847911206,27.383492012057474,False,False,17.7912,22.238999999999997,False,
900,PostNateMinutely0900 25-09-25 07-33-03.fits,2025-09-25 07:33:03,346.60177638900603,364.2209373009772,3.026526003504001,6.419166816216313,7.126924099858631,15.115982691223673,982.3190406337767,490.3916453469309,7725.740248038064,10300.07368827765,True,1,1,640,480,19.013412581732652,24.027224750528333,False,False,16.3086,20.7564,False,
901,PostNateMinutely0901 25-09-25 07-34-03.fits,2025-09-25 07:34:03,345.7757317772348,364.00774658309473,2.9310779756556538,6.999332458113952,6.90216117062267,16.48216837420248,1052.6923762808922,487.14954624151966,7727.141780787775,10301.162698647067,True,1,1,640,480,19.823250699493872,25.149169479949297,False,False,16.308599999998652,19.253836531196484,False,
902,PostNateMinutely0902 25-09-25 07-35-03.fits,2025-09-25 07:35:03,348.3407056086349,367.10793941776274,4.360165809943029,6.043831893424019,10.26740584891245,14.232136491432236,693.1969139194443,542.0476763637076,7727.173176000738,10301.5732768501,True,1,1,640,480,17.563966255793616,22.38511989883246,False,False,14.825999999999999,17.7912,False,
903,PostNateMinutely0903 25-09-25 07-36-03.fits,2025-09-25 07:36:03,348.02950352929025,363.8117973356355,2.66971969435254,6.58739153645103,6.286709450875261,15.512121634502108,1123.5021037034444,497.00881160376616,7726.402390131843,10300.436083302737,True,1,1,640,480,16.524248043553005,25.521375126574824,False,False,16.3086,17.977437394872034,True,208.0716592431578
904,PostNateMinutely0904 25-09-25 07-37-03.fits,2025-09-25 07:37:03,344.69787587382484,372.22970193427955,3.2613415588768033,6.255124229746024,7.67987247653558,14.729691920364715,907.9419193685277,515.2877823796493,7732.269689326529,10308.324298091538,True,1,1,640,480,20.9026264401516,23.700427870308186,False,False,17.049899999999997,19.27379971886048,False,
905,PostNateMinutely0905 25-09-25 07-38-03.fits,2025-09-25 07:38:03,347.2745909548804,364.5707008913231,2.864919472264713,6.501127360639368,6.746369800688435,15.308985024132733,1079.4572135385974,529.0074779682604,7725.698604218743,10299.121545678561,True,1,1,640,480,16.925075900808853,23.78409043829293,False,False,14.825999999999999,17.7912,True,160.92274918256507
906,PostNateMinutely0906 25-09-25 07-39-03.fits,2025-09-25 07:39:03,344.1124207838134,364.23498840444324,2.980832854264428,8.98355309375067,7.019324956108694,21.154650900763876,1064.6208284259524,395.8265936935329,7732.630193125457,10308.176265146798,True,1,1,640,480,21.97806648974476,29.20960374480099,False,False,19.273799999999998,19.27380000511185,False,
907,PostNateMinutely0907 25-09-25 07-40-03.fits,2025-09-25 07:40:03,346.9174499007425,363.5490497375479,3.1818387571505613,5.84782876156363,7.492657685394505,13.770584387638547,926.2864976181077,544.57875566177,7731.453482545169,10307.365381868782,True,1,1,640,480,21.400350087310002,22.1698829872974,False,False,17.7912,18.05121044380303,False,
908,PostNateMinutely0908 25-09-25 07-41-03.fits,2025-09-25 07:41:03,347.6820848752677,366.2979940294893,3.328379088857522,6.94442177081061,7.8377337959035405,16.352863587054145,885.5326096612652,474.13804722121927,7725.849989609596,10299.330498338391,True,1,1,640,480,15.975016267290037,24.578317530651237,False,False,16.3086,19.284283658673584,False,
909,PostNateMinutely0909 25-09-25 07-42-03.fits,2025-09-25 07:42:03,346.4702848262915,370.7375732809631,3.1672363285477294,6.059636961867766,7.458271593814422,14.269354583416659,931.3917888820758,532.8574589273035,7729.7696909783035,10304.902689431494,True,1,1,640,480,17.820244601177095,25.583862860113314,False,False,16.3086,20.7564,True,153.56437369851494
910,PostNateMinutely0910 25-09-25 07-43-03.fits,2025-09-25 07:43:03,345.17843911639704,366.1055822504271,3.292147099526282,8.799383062312526,7.752413981154988,20.720963619039352,896.758151938134,406.77696587913107,7727.179347247432,10299.63085204568,True,1,1,640,480,16.864071254386467,28.214495370099566,False,False,13.343399999999999,19.273799999999998,True,101.48595160728028
911,PostNateMinutely0911 25-09-25 07-44-03.fits,2025-09-25 07:44:03,345.2332076427155,365.5154900473309,2.99033688672705,5.280076795014961,7.041705242260301,12.433630676204,1034.631759290215,638.2482633369758,7727.471482832093,10301.853464789869,True,1,1,640,480,17.810631728104088,21.85946957225968,False,False,16.3086,23.69765278709979,False,
912,PostNateMinutely0912 25-09-25 07-45-03.fits,2025-09-25 07:45:03,346.671139410874,370.58717120888696,2.8499194983048852,6.2132784055291665,6.71104756133289,14.631152534698018,1039.3602152376814,521.5979435464485,7724.4580219926975,10297.821741186248,True,1,1,640,480,18.757548974258587,23.779971538804876,False,False,13.343399999999999,19.27379999997438,False,
913,PostNateMinutely0913 25-09-25 07-46-03.fits,2025-09-25 07:46:03,345.2402211186353,364.7172822023312,2.7496101651574776,6.157674580960964,6.474837132933687,14.500215534024429,1061.5870195589525,531.3558362006756,7725.8613691316295,10299.305254200892,True,1,1,640,480,16.49991969111428,26.842493564475518,False,False,14.825999999999999,19.273799999999998,True,234.78272938307532
914,PostNateMinutely0914 25-09-25 07-47-03.fits,2025-09-25 07:47:03,346.1102674714184,367.3912959350551,2.833365240026303,7.525866451766291,6.672065262107865,17.72206117684521,1075.374399827946,468.6448627591608,7726.988254703261,10300.14422025056,True,1,1,640,480,19.120212562363868,24.975439189144268,False,False,16.3086,19.273799999999998,True,163.50550741766781
915,PostNateMinutely0915 25-09-25 07-48-03.fits,2025-09-25 07:48:03,342.7752753172712,366.009484346184,2.871508719981314,6.149258156685767,6.761886293293162,14.480396369433711,1049.5054609911776,519.7239148639353,7724.621663124709,10298.54380266665,True,1,1,640,480,15.657989921616151,22.782380183308284,False,False,14.825999999999999,16.3086,True,294.1102358022762
916,PostNateMinutely0916 25-09-25 07-49-03.fits,2025-09-25 07:49:03,346.2408468501509,372.0803566912209,3.5702494673492753,6.659389197727652,8.407295011475144,15.681663170471648,834.2125742012404,478.70487377980294,7725.481861252072,10299.548259739906,True,1,1,640,480,15.372507306216484,24.2374562174852,False,False,14.825999999999999,20.7564,False,
917,PostNateMinutely0917 25-09-25 07-50-03.fits,2025-09-25 07:50:03,343.35275892250957,367.9744583738828,2.9830436627218724,7.543263807334421,7.024531012180008,17.76302881846757,1055.4457857198365,484.585037209498,7726.181295489657,10298.927894551545,True,1,1,640,480,18.02489256705686,25.536474014540886,False,False,14.825999999999999,19.273799999999998,False,
918,PostNateMinutely0918 25-09-25 07-51-03.fits,2025-09-25 07:51:03,348.8237055719617,375.0494008213451,3.8385927428589053,6.335913205228726,9.039195135594483,14.919935419248896,753.2211052525463,480.00147455160845,7727.77119208998,10302.911922024894,True,1,1,640,480,18.83625557420455,24.732318749149922,False,False,16.3086,20.7564,False,
919,PostNateMinutely0919 25-09-25 07-52-03.fits,2025-09-25 07:52:03,345.6524116183851,367.6190847071153,2.818518454006118,6.974297504181837,6.637103752783249,16.42321556285671,1087.5118252922673,495.1039172833731,7724.15430129037,10296.84709899421,True,1,1,640,480,16.01847562604692,26.244751995732486,False,False,14.825999999999999,17.791202891129767,True,253.6749426097113
920,PostNateMinutely0920 25-09-25 07-53-03.fits,2025-09-25 07:53:03,345.4975375857592,365.06309229982594,3.5611029262053644,6.393096981781921,8.385756553046761,15.05459292252693,852.4497614428153,498.12390917413546,7725.977696020164,10300.526053631495,True,1,1,640,480,16.93456181692124,21.94906118109345,False,False,14.825999999999999,19.273799999999998,False,
921,PostNateMinutely0921 25-09-25 07-54-03.fits,2025-09-25 07:54:03,345.2523311762087,366.44443815538455,2.848751647864061,6.450845986852425,6.708297483705239,15.190581437247547,1014.9181906651384,489.1400897004732,7726.458923955379,10300.565972699818,True,1,1,640,480,17.009256017414284,25.477662475049808,False,False,14.825999999999999,20.7564,False,
922,PostNateMinutely0922 25-09-25 07-55-03.fits,2025-09-25 07:55:03,345.2380992568469,368.4195682284131,3.382980075005569,6.1962516767916425,7.966309292563419,14.59105765256559,862.9686240370696,507.7594516127274,7727.143961290897,10301.674234798002,True,1,1,640,480,16.09806110337183,25.399177220939663,False,False,14.825999999999999,20.713945850784388,False,
923,PostNateMinutely0923 25-09-25 07-56-03.fits,2025-09-25 07:56:03,346.14533260366943,371.12816721028724,2.951321906997589,5.511923892621796,6.94983198593689,12.979588869030824,976.6905526223842,554.901879640124,7731.000895703796,10307.081842897478,True,1,1,640,480,19.397253903601904,23.959397749615174,False,False,17.7912,22.238999999999997,False,
924,PostNateMinutely0924 25-09-25 07-57-03.fits,2025-09-25 07:57:03,343.6515302675058,371.3068207863033,3.2994002240522655,6.7498296378715406,7.769493784177881,15.894634131803898,923.5717267511234,491.7423410844029,7725.162062812226,10298.795952106773,True,1,1,640,480,16.869868466115967,21.547515055760087,False,False,14.825999999999999,16.308599999057456,False,
925,PostNateMinutely0925 25-09-25 07-58-03.fits,2025-09-25 07:58:03,345.22536718723734,368.5903951987412,2.936441966995502,5.521561881809818,6.914792404951118,13.00228459916457,1015.8447074319745,568.5406582142705,7729.576258568943,10305.285648412219,True,1,1,640,480,19.454642651550607,21.37263330201045,False,False,16.3086,20.7564,False,
926,PostNateMinutely0926 25-09-25 07-59-03.fits,2025-09-25 07:59:03,344.54089952362847,366.20668491995616,3.528085521015888,7.263086371453947,8.308006505471674,17.10326137629086,850.9242132888572,472.5359173761217,7724.963699287674,10297.706413225213,True,1,1,640,480,16.999915464754036,26.323426286621572,False,False,14.825999999999999,17.7912,True,131.58669232742878
927,PostNateMinutely0927 25-09-25 08-00-03.fits,2025-09-25 08:00:03,344.2133238349389,369.26257909283396,2.8733426265765374,6.26733343255934,6.766204813304308,14.75844239588336,1008.4955625830943,497.9223067021015,7725.785015115426,10299.882713975032,True,1,1,640,480,16.867647748139703,20.286114881538268,False,False,14.825999999999999,17.7912,False,
928,PostNateMinutely0928 25-09-25 08-01-03.fits,2025-09-25 08:01:03,346.71324204718485,368.07401403559606,2.662628133101316,5.5616523925805845,6.270010100290313,13.096690537543099,1073.6885944216042,567.4231917462242,7727.470261281102,10301.742825079738,True,1,1,640,480,18.569131554544175,24.27130489141666,False,False,16.3086,20.866176632716346,False,
929,PostNateMinutely0929 25-09-25 08-02-03.fits,2025-09-25 08:02:03,345.829871684805,373.37287776528126,3.121417538072169,6.056282872052864,7.350376587563501,14.261456305487693,990.127443411141,525.451888460577,7730.626580825827,10307.023320329252,True,1,1,640,480,20.729956335706287,27.17760362840625,False,False,17.7912,20.7564,False,
930,PostNateMinutely0930 25-09-25 08-03-03.fits,2025-09-25 08:03:03,343.28238891979015,365.7163170522488,3.037087146456084,5.3687634202729555,7.151793690980632,12.642471719087675,983.7354590371227,592.043914010262,7727.0405796442465,10301.72410930732,True,1,1,640,480,16.532001080624266,21.779612064890223,False,False,14.825999999999999,19.273799999999998,False,
931,PostNateMinutely0931 25-09-25 08-04-03.fits,2025-09-25 08:04:03,344.496132381451,372.20658178783646,2.9954026318717815,6.288852751204433,7.053634160470133,14.809116518784233,1031.2620005036517,517.8693866221706,7727.140488569948,10301.97792127993,True,1,1,640,480,16.364778874335062,24.487577890727014,False,False,14.825999999999999,19.273799999999998,False,
932,PostNateMinutely0932 25-09-25 08-05-03.fits,2025-09-25 08:05:03,344.5255873037933,371.96870199496544,2.8244891558639904,6.890299844223996,6.65116368120107,16.225416189452293,1032.2733014608873,489.2878623448457,7725.80087881198,10298.6881325558,True,1,1,640,480,16.42972464179999,24.949439257766162,False,False,14.825999999999999,20.7564,False,
933,PostNateMinutely0933 25-09-25 08-06-03.fits,2025-09-25 08:06:03,342.1752936038997,367.8959717524258,3.445638203717716,6.325769378365782,8.113857910038911,14.89604853241871,877.6500332153329,498.42248231191115,7726.502803843192,10301.330911426016,True,1,1,640,480,17.34774663668907,21.546016779605168,False,False,14.825999999999999,19.273799999999998,False,
934,PostNateMinutely0934 25-09-25 08-07-03.fits,2025-09-25 08:07:03,344.51101787759745,363.29247899700124,3.2407335606281404,7.033759328972968,7.631344349171666,16.563237459788983,959.2931639245139,465.72888624451934,7724.828687579632,10298.899426428081,True,1,1,640,480,16.453893714355377,23.431111934741022,False,False,14.825999999999999,19.273800091793476,False,
935,PostNateMinutely0935 25-09-25 08-08-03.fits,2025-09-25 08:08:03,342.77265627123285,364.2348069816995,2.720133329839777,6.741020361656373,6.405424490263489,15.873889871590206,1089.408327765061,489.57220225334976,7725.97190381305,10299.536634995817,True,1,1,640,480,17.437236026257242,22.00776478864229,False,False,13.343399999999999,17.7912,False,
936,PostNateMinutely0936 25-09-25 08-09-03.fits,2025-09-25 08:09:03,343.58600832546836,367.4367450549157,2.9626395708225965,6.702214700855127,6.9764830475749395,15.782509523674761,1043.4911115636692,499.2294151616625,7730.073107219783,10305.43534449815,True,1,1,640,480,19.06162693646154,22.960653025341276,False,False,17.7912,19.273115206557932,True,103.68647171399861
937,PostNateMinutely0937 25-09-25 08-10-03.fits,2025-09-25 08:10:03,343.1111803606812,366.156819673488,2.9998492559229337,7.4971659043824666,7.064105159918503,17.654476552562418,964.7516406619804,429.488730581523,7725.546161433556,10299.026638811767,True,1,1,640,480,17.402855075127462,24.29803784380562,False,False,14.825999999999999,20.7564,True,196.97550623184688
938,PostNateMinutely0938 25-09-25 08-11-03.fits,2025-09-25 08:11:03,345.1946419686076,372.77673268252306,3.2961838160153567,5.575008573200081,7.761919722059568,13.128141939390943,913.8216008471364,602.8629934017132,7725.424570134487,10298.744388959649,True,1,1,640,480,16.114447393733304,20.586381301421888,False,False,14.825999999999999,17.7912,False,
939,PostNateMinutely0939 25-09-25 08-12-03.fits,2025-09-25 08:12:03,344.0042674679085,369.0023204039817,4.090295528632139,4.712859102742264,9.631909900923425,11.097935084544059,768.0255188270764,653.5596462413289,7724.274295678003,10299.352599380436,True,1,1,640,480,16.347608755005837,22.06498704411847,False,False,13.343399999999999,19.273799999999998,False,
940,PostNateMinutely0940 25-09-25 08-13-03.fits,2025-09-25 08:13:03,342.0169245124194,368.0707037060243,3.3990408210973055,6.57818909434237,8.004129459398392,15.4904515393614,867.7696328488353,485.0726938975972,7725.700763016886,10299.67416682622,True,1,1,640,480,16.34433959553327,23.330085690754384,False,False,14.825999999999999,17.7912,False,
941,PostNateMinutely0941 25-09-25 08-14-03.fits,2025-09-25 08:14:03,341.107791674651,368.49011409486246,3.6999546290581633,5.8037053929741775,8.712727326211214,13.666681794829817,837.8365076284741,588.2678191786028,7733.455562453673,10309.63341125176,True,1,1,640,480,20.051917256537383,27.55214748543169,False,False,19.273799999999998,20.7564,False,
942,PostNateMinutely0942 25-09-25 08-15-03.fits,2025-09-25 08:15:03,341.6473882498822,363.3222974476641,3.958452491108778,7.598687169428854,9.321443273365645,17.89354086249055,769.4667947570395,417.8358252204696,7724.843854026007,10299.117595609085,True,1,1,640,480,17.303231935198777,22.918495413205253,False,False,14.825999999999999,20.756399999993256,False,
943,PostNateMinutely0943 25-09-25 08-16-03.fits,2025-09-25 08:16:03,342.9718079026972,367.15556539400336,3.0141479720163558,5.027855369881061,7.0977760631935,11.839694608512419,995.4536397798284,599.718122682103,7726.4671887586155,10301.878695478314,True,1,1,640,480,17.04018920256056,22.04679140919707,False,False,16.3086,17.7912,False,
944,PostNateMinutely0944 25-09-25 08-17-04.fits,2025-09-25 08:17:04,341.78460563462556,368.8484600612236,2.855376010069,6.765887826998685,6.723896664610975,15.932448277447396,1040.2869138656954,487.58230395790264,7729.942633689214,10304.8746163832,True,1,1,640,480,20.000891128906876,24.90087648944094,False,False,17.7912,19.273799999999998,True,210.30538146183576
945,PostNateMinutely0945 25-09-25 08-18-04.fits,2025-09-25 08:18:04,339.405285470145,366.6903709545063,2.930509603215669,6.265475379145942,6.90082275580795,14.75406701446075,1004.6071966747945,514.9414195482981,7725.883529204851,10299.703610165934,True,1,1,640,480,18.258076169906936,23.976926478640653,False,False,14.825999999999999,20.7564,False,
946,PostNateMinutely0946 25-09-25 08-19-04.fits,2025-09-25 08:19:04,340.0844534183309,365.7399175436483,2.7781472174548214,6.130635570447644,6.542036755709569,14.43654353006986,1049.1602327151304,517.833291039886,7726.552931986239,10300.713207463421,True,1,1,640,480,17.229843287883522,24.719200109511682,False,False,14.825999999999999,17.7912,True,68.32410555338562
947,PostNateMinutely0947 25-09-25 08-20-04.fits,2025-09-25 08:20:04,339.62758502187245,362.32384397781175,3.039778727814714,6.401533781823776,7.158131880716766,15.074460068381407,988.6137814153847,528.8668515448153,7725.70806729479,10298.95762926059,True,1,1,640,480,17.13241041482602,21.144052655971937,False,False,14.825999999999999,17.7912,True,72.16348574371285
948,PostNateMinutely0948 25-09-25 08-21-04.fits,2025-09-25 08:21:04,339.1265316688683,362.88467063188466,3.025555119641015,6.004787002539245,7.124637843076674,14.140192799720724,1000.2987952720268,541.3676085101174,7726.718424912932,10301.119708072645,True,1,1,640,480,15.921754627743118,24.2148670011623,False,False,16.3086,19.273799999999998,True,295.8645621940854
949,PostNateMinutely0949 25-09-25 08-22-04.fits,2025-09-25 08:22:04,338.5316437034987,359.1818847949891,2.7135489864664954,6.580398432027269,6.38991954650472,15.495654132028042,1128.6530079984962,522.3005266929358,7725.278221586222,10298.416364713425,True,1,1,640,480,17.811456823865893,22.451662275548024,False,False,15.5673,17.7912,False,
950,PostNateMinutely0950 25-09-25 08-23-04.fits,2025-09-25 08:23:04,339.93052719035063,366.3013807512182,3.0578981419466054,6.7302917547261165,7.200799840318761,15.848625932935581,988.0551760409148,510.9285908508257,7731.110223899607,10305.96762740898,True,1,1,640,480,20.573325223483366,23.46217209553059,False,False,19.273799999999998,20.7564,False,
951,PostNateMinutely0951 25-09-25 08-24-04.fits,2025-09-25 08:24:04,337.27087413041687,361.3291768614739,2.695239568405431,4.7765177745093075,6.346804161841674,11.247839800861136,1084.4733663450165,673.3572266531374,7725.713027020546,10299.418592828042,True,1,1,640,480,17.525988322890928,21.795805290025626,False,False,14.825999999999999,17.7912,True,379.87668155711617
952,PostNateMinutely0952 25-09-25 08-25-04.fits,2025-09-25 08:25:04,338.3303766663137,365.2481383449545,3.361680353963251,7.491648380124581,7.9161522824994,17.641483775841007,908.1584485133518,437.2996971058371,7725.435028514063,10299.414679624415,True,1,1,640,480,18.691975249523644,20.655371879567443,False,False,16.3086,19.273799999999998,False,
953,PostNateMinutely0953 25-09-25 08-26-05.fits,2025-09-25 08:26:05,337.4274426716037,362.2233694440887,3.1657609300863716,6.301669038218228,7.45479729594321,14.839296568347187,966.6030531395821,523.5878187069299,7726.129112190021,10300.255077696062,True,1,1,640,480,18.223594554117792,24.276848701040713,False,False,13.343399999999999,22.238999999999997,False,
954,PostNateMinutely0954 25-09-25 08-27-04.fits,2025-09-25 08:27:04,338.2760229242816,364.71116298594853,2.6387396325837096,5.29030493711508,6.213756980425722,12.457716110244785,1111.9961414601455,571.1212517779634,7726.418562718357,10301.436373643894,True,1,1,640,480,16.204015971497135,22.001850506415124,False,False,14.825999999999999,19.273538357459117,True,214.9114424875287
955,PostNateMinutely0955 25-09-25 08-28-04.fits,2025-09-25 08:28:04,339.240167111514,362.934262341205,2.794643635131066,5.932368841060193,6.580882850724793,13.969661061445565,1052.6113592278664,547.503760362422,7726.302058890871,10300.136428706883,True,1,1,640,480,17.16057740612062,22.911847979175644,False,False,14.825999999999999,17.7912,False,
956,PostNateMinutely0956 25-09-25 08-29-04.fits,2025-09-25 08:29:04,336.5013722793542,363.51063540848395,2.9949007644356676,6.288351602885827,7.052452352971623,14.807936404678046,988.6058675386417,539.8716523660954,7728.541303108399,10302.454668172082,True,1,1,640,480,17.405493303059323,24.855258693917992,False,False,16.3086,20.7564,False,
957,PostNateMinutely0957 25-09-25 08-30-04.fits,2025-09-25 08:30:04,340.0582717690358,356.65058822473407,2.9752497815316796,6.85982250565422,7.006177824524752,16.15364754166899,1013.225093251237,493.1780265459323,7725.647693865932,10298.939148913665,True,1,1,640,480,16.403685747231535,21.298679155856053,False,False,14.825999999999999,17.7912,False,
958,PostNateMinutely0958 25-09-25 08-31-04.fits,2025-09-25 08:31:04,338.2343919318991,366.12269153338684,2.646020329211512,5.355185070616597,6.23090171078666,12.610497149138443,1121.749345907154,607.3126507490963,7727.381089391529,10301.69117489193,True,1,1,640,480,17.4569286549232,24.14603196426345,False,False,14.825999999999999,20.0150999983819,False,
959,PostNateMinutely0959 25-09-25 08-32-04.fits,2025-09-25 08:32:04,337.39048744148744,364.0995857680079,3.0545681661386412,4.765984897899355,7.1929583465367,11.223036771888184,991.9543110690526,664.9180230509752,7733.359275357868,10310.41983735067,True,1,1,640,480,20.19124960875487,24.27227910356242,False,False,16.3086,20.75639999835493,True,54.93465582953599
960,PostNateMinutely0960 25-09-25 08-33-04.fits,2025-09-25 08:33:04,338.4299675503548,356.72551011203257,2.959705850244281,6.173296531797272,6.969574663550602,14.537002416996254,956.084664837957,486.5733268726147,7730.048313022506,10305.822263887636,True,1,1,640,480,19.31347453360259,23.4397738137449,False,False,17.7912,20.7564,False,
961,PostNateMinutely0961 25-09-25 08-34-04.fits,2025-09-25 08:34:04,340.3775106879918,364.24651715048714,4.282139886200248,7.015301107323967,10.083668839650892,16.519771669454293,718.7140281707497,464.59549953576084,7728.705493092906,10303.99209022235,True,1,1,640,480,19.111069615096252,23.224577296099365,False,False,17.7912,17.7912,False,
962,PostNateMinutely0962 25-09-25 08-35-05.fits,2025-09-25 08:35:05,337.0835323366167,358.5799548741055,3.4150155979139,4.690188132402154,8.041747184061004,11.044549029146864,821.7096070763599,670.7703697753738,7731.254722262352,10306.564685661046,True,1,1,640,480,21.22913363901592,23.95741740582249,False,False,19.273799999999998,22.238999999999997,False,
963,PostNateMinutely0963 25-09-25 08-36-04.fits,2025-09-25 08:36:04,333.6934412313418,358.9045356542051,2.829895612221525,5.859867802601538,6.663894913004378,13.798934162797563,1092.248679103056,565.9107151397426,7729.965840588622,10305.445030459645,True,1,1,640,480,18.65560974907713,24.046658741497403,False,False,14.825999999999999,19.273799999999998,False,
964,PostNateMinutely0964 25-09-25 08-37-04.fits,2025-09-25 08:37:04,334.68314763060016,359.31457672118574,2.951555442533864,6.245014213595831,6.950381920098938,14.705884651678653,1036.0433475366265,562.7372203057904,7726.64512919324,10299.810315402374,True,1,1,640,480,17.788174326708454,20.30349826579021,False,False,16.3086,17.7912,False,
965,PostNateMinutely0965 25-09-25 08-38-04.fits,2025-09-25 08:38:04,336.1699495671617,358.09045284933075,2.5865523006106543,5.279098467455546,6.090865204998886,12.431326890856484,1163.2453101611584,606.2912895410964,7725.2688590597545,10299.356471931618,True,1,1,640,480,16.155167730456093,22.872607044394915,False,False,13.343399999999999,19.273799999999998,False,
966,PostNateMinutely0966 25-09-25 08-39-04.fits,2025-09-25 08:39:04,336.1331209055968,360.07172969042045,3.262705785088875,5.995609955529004,7.683084983765724,14.118582505466819,911.9195661165753,522.8165583187011,7731.142133776439,10307.357734531084,True,1,1,640,480,19.125271277813198,28.287872830818927,False,False,16.3086,23.7216,False,
967,PostNateMinutely0967 25-09-25 08-40-04.fits,2025-09-25 08:40:04,336.15966417933663,359.245563828406,2.7694103831428762,5.731439069278645,6.521463083141686,13.496507607210882,1105.602620202835,602.3710136132346,7723.643807282892,10296.152050601208,True,1,1,640,480,16.222925505826943,24.11177684543851,False,False,14.825998402802943,19.273799999999998,False,
968,PostNateMinutely0968 25-09-25 08-41-04.fits,2025-09-25 08:41:04,336.20791666557034,358.84177513861744,2.708819476490683,7.848987282383428,6.378782401610502,18.48295258574949,1139.65788963171,425.69255298146714,7727.805810860997,10302.413988864359,True,1,1,640,480,17.741171072164175,24.341653284885698,False,False,16.3086,17.791200488730986,True,210.37141462356067
969,PostNateMinutely0969 25-09-25 08-42-04.fits,2025-09-25 08:42:04,336.3079103053169,365.36642341111497,3.108718663601446,6.731455236086153,7.32047302341051,15.851365722164214,974.2109050714482,506.76757382111344,7730.408682651182,10305.212877046242,True,1,1,640,480,20.69952805202181,26.288490107009032,False,False,17.7912,20.7564,True,256.7032844670341
970,PostNateMinutely0970 25-09-25 08-43-04.fits,2025-09-25 08:43:04,337.4942143761761,356.2043173907984,3.001952921325214,6.418417720909411,7.06905891337583,15.114218706579342,957.4032404106426,502.3559944011072,7725.449611211914,10298.770420221732,True,1,1,640,480,15.60551087289506,29.808578455479147,False,False,14.825999999999999,19.273799999999998,True,117.56941224909393
971,PostNateMinutely0971 25-09-25 08-44-04.fits,2025-09-25 08:44:04,336.3558379591146,364.0901786311876,3.7345468590277155,5.400110496699437,8.794185802745835,12.71628844300987,794.3025821093867,558.3158553974815,7729.217871274362,10305.369995190105,True,1,1,640,480,20.957950215750685,25.835624224754447,False,False,16.3086,22.238999999999997,True,54.73177735422781
972,PostNateMinutely0972 25-09-25 08-45-04.fits,2025-09-25 08:45:04,336.2276842985421,362.65028254461663,2.714350736713905,4.9527940530748795,6.391807524058429,11.662938715090807,1114.1943935417703,644.4259547162461,7724.925262626935,10299.026191426305,True,1,1,640,480,17.12348054378559,24.779139873525335,False,False,14.825999999999999,22.238999999999997,True,203.78586265601143
973,PostNateMinutely0973 25-09-25 08-46-04.fits,2025-09-25 08:46:04,336.60890032994325,357.9033102033971,3.2620467040337453,5.892593249678421,7.681532966485804,13.875996701556806,934.4536086807894,542.6905482983835,7724.219089374892,10298.177431430908,True,1,1,640,480,17.232066198385517,25.734553666329546,False,False,14.825999999999999,19.27409037935074,False,
974,PostNateMinutely0974 25-09-25 08-47-04.fits,2025-09-25 08:47:04,338.04485823716885,356.4479840775203,4.083393166421826,7.53710009562594,9.615656080032513,17.74851438658465,759.2990525162498,464.58821934567254,7725.065871123116,10297.99306319663,True,1,1,640,480,16.269617128231,23.479096584870252,False,False,14.825999999999999,18.53519173365357,True,228.1124333507797
975,PostNateMinutely0975 25-09-25 08-48-04.fits,2025-09-25 08:48:04,335.12605422577775,356.17516432938334,2.866437726810104,4.814458938541028,6.749945016925381,11.33718441445484,1025.611834903326,667.3779900172913,7726.126379231937,10300.075089802582,True,1,1,640,480,16.326235957950434,22.568463676437034,False,False,14.483789182526495,19.273799999999998,False,
976,PostNateMinutely0976 25-09-25 08-49-04.fits,2025-09-25 08:49:04,336.81654936692286,359.13469267278134,2.7401458520319153,5.74601755257617,6.4525503786731635,13.530837311906042,1106.928682303679,579.1693467176605,7727.123484972944,10301.291976186452,True,1,1,640,480,17.50467272336936,21.980827801550728,False,False,14.825999999999999,16.3086,True,257.7082093212886
977,PostNateMinutely0977 25-09-25 08-50-04.fits,2025-09-25 08:50:04,336.93394804801477,359.0826986936359,3.010602544478982,5.638176848869796,7.089427219360287,13.27689186114803,935.1613079864735,546.4976092327003,7729.434126917708,10304.523856676562,True,1,1,640,480,20.690649692529398,22.287025663296507,False,False,17.7912,19.273799999999998,True,111.4413808994923
978,PostNateMinutely0978 25-09-25 08-51-04.fits,2025-09-25 08:51:04,335.3884537188866,360.6222608141169,3.2914216243469054,6.814084898431602,7.7507056176604205,16.045943707369418,861.877552086769,486.24908882361694,7724.972173221317,10297.474337125863,True,1,1,640,480,19.664393888244504,24.04293758861464,False,False,13.343399999999999,19.217021687927264,False,
979,PostNateMinutely0979 25-09-25 08-52-04.fits,2025-09-25 08:52:04,335.91082695036306,358.4696745314594,3.3093765075721495,7.214451968253246,7.792986136585415,16.98873610875573,889.9259944634255,450.4620293359282,7730.498013465209,10305.739307299997,True,1,1,640,480,19.003019435702253,26.40670695753311,False,False,17.7912,22.98008626650196,False,
980,PostNateMinutely0980 25-09-25 08-53-04.fits,2025-09-25 08:53:04,335.7997771023973,360.57756374716894,2.869055472673224,6.287902920120358,6.756109337356653,14.806879837508058,1049.426699294925,536.2671135903482,7726.745132236493,10300.440959608017,True,1,1,640,480,17.514621553173175,24.605606286658908,False,False,16.3086,21.550174685430587,False,
981,PostNateMinutely0981 25-09-25 08-54-04.fits,2025-09-25 08:54:04,336.2451477450815,365.59733545456317,2.543334109338116,6.123057616635715,5.989094141880332,14.418698812533211,1135.0034153289355,538.0283443592397,7725.293959305659,10298.26295328007,True,1,1,640,480,16.951844963212825,23.314892361544086,False,False,14.825999999999999,19.273799999999998,False,
982,PostNateMinutely0982 25-09-25 08-55-05.fits,2025-09-25 08:55:05,338.71681967278664,358.95215991407247,3.0086421289115988,5.454457874026011,7.084810793485622,12.844266736533347,992.794777468085,601.7166595217723,7726.951236091847,10301.060729828781,True,1,1,640,480,17.142636512094082,23.63454332775243,False,False,13.343399999999999,17.7912,False,
983,PostNateMinutely0983 25-09-25 08-56-04.fits,2025-09-25 08:56:04,337.01271895515504,362.2682999235435,3.839869211633223,4.7411198352509,9.042200989851102,11.16448402394265,816.9483119371732,661.9219603015557,7730.837141550657,10307.77618847841,True,1,1,640,480,19.549933352367493,24.88882295714875,False,False,14.825999999999999,21.412655976949036,True,146.95502537996964
984,PostNateMinutely0984 25-09-25 08-57-04.fits,2025-09-25 08:57:04,337.1162331468328,356.8506019085807,2.9049194644448573,4.75063493333117,6.84056258407532,11.186890367632508,1020.0239812359016,637.9407163151536,7729.8166266370245,10306.06948659207,True,1,1,640,480,19.479632776540093,25.80406718476452,False,False,16.3086,19.273799999999998,True,50.34004085877277
985,PostNateMinutely0985 25-09-25 08-58-04.fits,2025-09-25 08:58:04,337.4748376195381,361.08020835208265,2.969039397228472,6.5276361079214364,6.991553487080213,15.371408353601208,1014.8479825031604,532.7791080453388,7726.809717317525,10299.986412303673,True,1,1,640,480,18.735581682506066,23.79069859683125,False,False,17.049899999999997,17.7912,True,202.58490996886064
986,PostNateMinutely0986 25-09-25 08-59-04.fits,2025-09-25 08:59:04,335.9285230714088,357.71279439802,3.0871200057056565,6.79807063578807,7.269612070851738,16.008233000690037,967.1901671308323,493.31248570335873,7730.799419995831,10305.812164138257,True,1,1,640,480,19.72042444618315,26.57807474208245,False,False,17.7912,22.23900000032092,False,
987,PostNateMinutely0987 25-09-25 09-00-04.fits,2025-09-25 09:00:04,333.8644961059696,362.9520411748063,2.654656652357836,5.740288646617303,6.251238697646988,13.517346769318005,1168.8297806776538,583.3621419646346,7725.161451764378,10298.931534195179,True,1,1,640,480,17.647742409133226,18.910261901015843,False,False,14.825999999999999,14.825999999999999,False,
988,PostNateMinutely0988 25-09-25 09-01-04.fits,2025-09-25 09:01:04,334.46528319640777,367.66774776110225,2.7506491217386584,5.6127373432607,6.477283688716969,13.216986403404052,1095.458028766725,574.9564029070217,7725.8515248161575,10300.018566351288,True,1,1,640,480,16.906381557361865,23.262971614961774,False,False,14.825999999999999,19.273799999999998,False,
989,PostNateMinutely0989 25-09-25 09-02-04.fits,2025-09-25 09:02:04,336.7096241222549,367.3705167223546,3.4020406599711928,6.974829843872628,8.011193540110485,16.42446912703135,877.135198831391,469.9669016873951,7726.214213863433,10300.084218726837,True,1,1,640,480,16.568693299222275,23.775155016354567,False,False,14.825999999999999,17.064004983514714,True,139.36728786763953
990,PostNateMinutely0990 25-09-25 09-03-04.fits,2025-09-25 09:03:04,337.33210641639187,356.45839426485173,2.9016963298544383,5.739620876948931,6.832972682133969,13.515774291917458,1040.1553631806642,564.7187892445776,7728.892901471364,10304.02570120276,True,1,1,640,480,20.36373744489542,23.70702420482697,False,False,17.7912,17.7912,True,77.71315918080799
991,PostNateMinutely0991 25-09-25 09-04-04.fits,2025-09-25 09:04:04,334.12477665216613,356.9498046623642,2.594577641144932,5.118598901034045,6.109763437757203,12.053379294628359,1166.4878124830125,612.0395593022199,7727.1165331999555,10302.267234377996,True,1,1,640,480,16.800737967223945,20.38551912364935,False,False,16.3086,17.7912,True,330.7210667261999
992,PostNateMinutely0992 25-09-25 09-05-04.fits,2025-09-25 09:05:04,336.22087086715106,360.9767946265166,3.3852676390888394,5.48937787764319,7.971696094320996,12.926497061023634,899.291395623287,573.8475214900342,7726.292134554467,10301.170741188556,True,1,1,640,480,16.659090328622394,24.820780196836942,False,False,14.084700001547308,22.238999999999997,False,
993,PostNateMinutely0993 25-09-25 09-06-04.fits,2025-09-25 09:06:04,336.1616713163401,359.36018257387093,3.0517744480948683,5.1762509433524375,7.186379643287058,12.189139479516681,981.4442089383284,595.9810702762725,7726.027002263797,10300.900381614916,True,1,1,640,480,16.960643551973966,26.474902907912654,False,False,14.825999999999999,22.238999999999997,False,
994,PostNateMinutely0994 25-09-25 09-07-04.fits,2025-09-25 09:07:04,336.1941052933422,359.52873778594955,2.8122536208983564,5.269643656856385,6.622351198202318,12.40906251333561,1069.6088567148674,595.5140377076533,7725.359427535448,10299.799651192488,True,1,1,640,480,18.57021885366663,25.32490474951926,False,False,16.3086,20.015028711883414,True,69.80409958227624
995,PostNateMinutely0995 25-09-25 09-08-04.fits,2025-09-25 09:08:04,336.4176553840987,359.47956775498454,2.9846154776312668,8.69783401352704,7.028232353435728,20.481833883405464,987.5792975930328,387.3981921491937,7732.891565192328,10308.318443596288,True,1,1,640,480,19.287375298922438,24.220428521273,False,False,18.532499999588733,19.273799579930397,False,
996,PostNateMinutely0996 25-09-25 09-09-04.fits,2025-09-25 09:09:04,335.63873983429096,354.4734401599866,2.9779940097663795,6.356546473679712,7.012639988179963,14.968523053391783,1013.3103653157413,517.8123176047421,7727.138934076411,10301.421745609396,True,1,1,640,480,17.801553315041748,26.768863682902147,False,False,14.825999999999999,22.238999999999997,False,
997,PostNateMinutely0997 25-09-25 09-10-04.fits,2025-09-25 09:10:04,336.5812739853023,361.89025900624665,3.3174026443450964,5.527759197343319,7.81188624434251,13.01687816200824,908.8527445322078,586.4901411402556,7732.636623913526,10308.997022102956,True,1,1,640,480,19.654743186283767,23.752652598527934,False,False,17.7912,20.756399999986513,True,246.9996333624722
998,PostNateMinutely0998 25-09-25 09-11-04.fits,2025-09-25 09:11:04,337.9272203005576,363.20677736496486,3.3505916078176727,6.353584129961432,7.890040280801533,14.961547267023706,897.7867923948702,525.404287976912,7725.634014286354,10299.12160963577,True,1,1,640,480,17.371413831483892,23.27106789649355,False,False,14.825999999999999,19.273799999999998,False,
999,PostNateMinutely0999 25-09-25 09-12-04.fits,2025-09-25 09:12:04,338.13544200668986,356.5515767438343,2.9166501589427267,5.053716072382507,6.868186258621037,11.900591909141406,1020.9424578406391,629.4108401875415,7727.887395029869,10302.789077425443,True,1,1,640,480,17.87737372614739,23.05831831884221,False,False,14.825999999999999,20.7564,False,
1000,PostNateMinutely1000 25-09-25 09-13-04.fits,2025-09-25 09:13:04,336.33584789015833,358.8390213017799,3.410853109076433,5.294404958932927,8.03194527190932,12.467370923806516,899.8073133719906,634.9233096495392,7725.104501033204,10298.61222080036,True,1,1,640,480,15.360875950439091,21.10260611690199,False,False,13.343399999999999,18.29432517592698,False,
1001,PostNateMinutely1001 25-09-25 09-14-04.fits,2025-09-25 09:14:04,337.29961724233397,358.42559451128824,2.850130089887523,5.572523739492768,6.7115434666130005,13.122290603168393,1004.4731759763268,563.6965019095849,7727.377853112518,10301.716976738266,True,1,1,640,480,16.808848162563045,22.305532008408434,False,False,14.825999999999999,22.238999999999997,False,
1002,PostNateMinutely1002 25-09-25 09-15-04.fits,2025-09-25 09:15:04,337.50337067093136,354.68350793002253,2.864794034182844,5.191373310249863,6.74607441657884,12.224749932215051,1033.3602613974344,615.7226826973282,7727.061667359961,10301.51603608674,True,1,1,640,480,16.699751994960007,24.291676732183948,False,False,15.5673,19.273799999999998,True,257.0925426868044
1003,PostNateMinutely1003 25-09-25 09-16-04.fits,2025-09-25 09:16:04,337.64874045090073,356.5732838798748,2.6385342829003826,5.197391667540541,6.213273418875183,12.238922080601297,1179.4340145004692,653.8640997292681,7731.8975472745715,10307.701052067252,True,1,1,640,480,21.56379796352047,25.903679480636256,False,False,19.273799999999998,19.27396032029045,False,
1004,PostNateMinutely1004 25-09-25 09-17-04.fits,2025-09-25 09:17:04,336.38089792883693,354.25356394409516,2.9901589187857627,5.949470240754021,7.041286159784784,14.009931780242677,972.0848608221766,532.08468406281,7732.889083017452,10309.166588334827,True,1,1,640,480,18.669270229532184,24.945519423711055,False,False,16.3086,22.238999999999997,False,
1005,PostNateMinutely1005 25-09-25 09-18-04.fits,2025-09-25 09:18:04,340.7342157775224,362.2111259275782,2.7307492739947383,5.371761631516665,6.430423128356522,12.649531967023599,1052.458720881503,580.5752809750044,7730.89054392651,10306.576142236554,True,1,1,640,480,18.855492695528316,28.650926750529006,False,False,17.048975468217396,20.7564,True,192.93820489482124
1006,PostNateMinutely1006 25-09-25 09-19-04.fits,2025-09-25 09:19:04,338.00226217172747,356.25591325181875,2.8842418038811135,5.2986911850576,6.79187041449547,12.477464215002433,1013.1461934755738,603.1869040797002,7724.837866590576,10298.353255281361,True,1,1,640,480,16.27972241794377,23.034135749586618,False,False,14.825999999999999,19.273692685790984,True,238.28288960607048
1007,PostNateMinutely1007 25-09-25 09-20-04.fits,2025-09-25 09:20:04,337.4520583823432,356.12614151887914,3.0042854926861438,4.388038108233154,7.074551699173012,10.333040095627117,1012.7562233815408,736.9194380384114,7726.003610435728,10300.340604512814,True,1,1,640,480,16.61171244859341,22.669951039966403,False,False,14.825999999999999,20.7564,True,164.20033174599604
1008,PostNateMinutely1008 25-09-25 09-21-04.fits,2025-09-25 09:21:04,339.3431343950122,357.26867093241765,3.037991324931536,7.1823843744118765,7.1539228685789125,16.91322269598216,988.8308325522644,469.3700444389793,7726.203030531904,10299.68680125582,True,1,1,640,480,16.62518806571028,24.978671959872,False,False,16.3086,19.273799999999998,False,
1009,PostNateMinutely1009 25-09-25 09-22-04.fits,2025-09-25 09:22:04,336.3709780074248,354.6006646946587,2.726639257891731,7.097691708547482,6.42074478005176,16.713786708737576,1091.835076906637,502.97456806775455,7733.241666246657,10307.892585996191,True,1,1,640,480,20.86156094065328,28.75488358739298,False,False,19.273799999999998,20.7564,False,
1010,PostNateMinutely1010 25-09-25 09-23-04.fits,2025-09-25 09:23:04,337.2015143656225,361.51461993855463,2.996587794351571,6.546660630591357,7.05642500483416,15.416207680931482,968.2886970095092,500.4410463194319,7726.185722533066,10299.62445851869,True,1,1,640,480,17.311892031436788,31.554218790197773,False,False,13.343399999999999,19.27379999595205,False,
1011,PostNateMinutely1011 25-09-25 09-24-05.fits,2025-09-25 09:24:05,337.5782657938209,361.23105850839863,2.937638852691066,5.994112372142051,6.917610855378642,14.115055966088114,980.9437267930891,535.550879867312,7732.754302449851,10308.623628836753,True,1,1,640,480,19.98179866819059,24.267636887892518,False,False,16.3086,20.756400021109464,False,
1012,PostNateMinutely1012 25-09-25 09-25-04.fits,2025-09-25 09:25:04,334.56761649016477,358.1622168119675,2.966018465328616,6.933623764270479,6.984439736087759,16.32743622480707,1020.2113549356443,474.30433940234144,7732.815669958224,10309.049129877098,True,1,1,640,480,19.98029008028081,23.469527469500008,False,False,17.7912,23.721491853007393,True,149.18421660976887
1013,PostNateMinutely1013 25-09-25 09-26-04.fits,2025-09-25 09:26:04,336.9382612702786,355.2920967803418,2.992422821916809,5.764468761223097,7.0466172442577815,13.574286587882874,1036.0973216535454,575.9501400265378,7727.60210350807,10302.322661121209,True,1,1,640,480,17.901658906755422,26.007830220899493,False,False,16.3086,20.7564,False,
1014,PostNateMinutely1014 25-09-25 09-27-04.fits,2025-09-25 09:27:04,337.6731960234443,353.87847212735375,3.472725213108085,6.1842103567791415,8.177642942711294,14.562702510831521,872.7542597628897,527.2913638975812,7726.93565856395,10301.379550421037,True,1,1,640,480,17.771762745477766,25.11333654800663,False,False,14.825999999999999,17.791200000005393,False,
1015,PostNateMinutely1015 25-09-25 09-28-04.fits,2025-09-25 09:28:04,335.6048865706255,363.374738363687,2.851057990848243,6.034022532116929,6.713728506395108,14.20903721079735,1098.9973780936684,576.9630454629212,7727.651513203179,10301.717508811475,True,1,1,640,480,17.28215657373271,25.40991798927014,False,False,14.825999999999999,20.0151,False,
1016,PostNateMinutely1016 25-09-25 09-29-04.fits,2025-09-25 09:29:04,337.60860777987614,354.75253225835655,2.9094681251574888,6.6071670718374556,6.851273861499469,15.558689461631282,1022.1731100563128,508.0011195868839,7727.423964745618,10301.234649715883,True,1,1,640,480,16.20569185859019,27.116742005584584,False,False,14.0847,19.273799999999998,False,
1017,PostNateMinutely1017 25-09-25 09-30-04.fits,2025-09-25 09:30:04,336.25046667672416,358.81384191052143,3.3434025140824253,6.876152191530848,7.873111258768166,16.192101013300334,871.8972027490647,485.2431544677499,7727.2358119433,10300.779936688443,True,1,1,640,480,16.845840726432424,22.902039346887666,False,False,15.42988486636259,17.791202744991047,True,46.68876113372595
1018,PostNateMinutely1018 25-09-25 09-31-04.fits,2025-09-25 09:31:04,336.36322591797693,362.47917790291353,3.8165562398471096,4.891369451686936,8.987303136579921,11.51829483248444,835.0492636477207,618.9926888320076,7729.961475641819,10307.44713875918,True,1,1,640,480,17.57382184706772,25.168284129499956,False,False,16.308600000012135,19.273799999999998,False,
1019,PostNateMinutely1019 25-09-25 09-32-04.fits,2025-09-25 09:32:04,339.8943825607138,361.0970292960138,2.6969137198820037,5.523450343316542,6.350746487297125,13.00673158617487,1090.1972149037128,591.2720674577316,7728.443894054565,10302.891037937326,True,1,1,640,480,17.613886917129967,24.83516285779921,False,False,14.825999999999999,20.7564,False,
1020,PostNateMinutely1020 25-09-25 09-33-04.fits,2025-09-25 09:33:04,335.9331187184356,354.5318901897013,2.9262096077266286,6.292052979127703,6.890697040236816,14.816652479646617,1030.914871742213,513.1405293027614,7724.966128368853,10298.847564062393,True,1,1,640,480,16.200244985363014,24.38771320958314,False,False,13.343399999999999,17.791200000013482,True,60.16691792463565
1021,PostNateMinutely1021 25-09-25 09-34-04.fits,2025-09-25 09:34:04,334.98432283373376,413.0863758401621,3.484635522920373,5.349580378446716,8.205689578999799,12.59729910767058,890.4517057483098,612.8242875249775,7726.867475025406,10301.573725452063,True,1,1,640,480,18.28150908514407,25.193906144919588,False,False,16.272990856314234,23.721600001469774,True,257.0942776435673
1022,PostNateMinutely1022 25-09-25 09-35-04.fits,2025-09-25 09:35:04,339.73767942442277,404.26658786017816,3.131063320102126,5.187513605519804,7.373090668437642,12.215661022148808,958.6477613848464,625.6620739445065,7730.1892774223,10305.644605754836,True,1,1,640,480,20.19470810348793,21.68946629889382,False,False,17.7912,17.7912,False,
1023,PostNateMinutely1023 25-09-25 09-36-04.fits,2025-09-25 09:36:04,337.75565467684186,386.83319820768025,2.9450733134451474,5.625581798414479,6.935117672586349,13.247232783867672,1058.2658331591217,608.917719279928,7726.711977645798,10300.669799250601,True,1,1,640,480,17.50844177326986,23.062313527927223,False,False,14.825999999999999,22.238999999999997,False,
1024,PostNateMinutely1024 25-09-25 09-37-04.fits,2025-09-25 09:37:04,338.1138125756233,387.1379374696823,3.0193637684065564,4.345379935349435,7.110058325083944,10.232587775036139,1094.894205820754,779.2546043442055,7731.0005905558355,10307.581588153445,True,1,1,640,480,19.39738420779639,23.513277192253785,False,False,17.7912,23.719758215961566,False,
1025,PostNateMinutely1025 25-09-25 09-38-04.fits,2025-09-25 09:38:04,340.32174901867,385.10374820544644,2.9189681548315,4.641300303566731,6.8736447218042205,10.929426989847169,1018.8332412794593,669.6947198724508,7727.225677235713,10302.266170562394,True,1,1,640,480,18.074925170680814,22.784875534709492,False,False,16.3086,20.7564,False,
1026,PostNateMinutely1026 25-09-25 09-39-04.fits,2025-09-25 09:39:04,340.06418626002784,380.533708934464,2.5815833014495277,5.469748827625252,6.0791641061705235,12.880274180576478,1168.3124274354066,612.7169065187028,7732.716826334283,10308.538056244473,True,1,1,640,480,20.036795788334537,26.80677833783373,False,False,17.7912,19.009987667578603,True,145.02482958383897
1027,PostNateMinutely1027 25-09-25 09-40-04.fits,2025-09-25 09:40:04,341.4815744863639,386.60456878440874,2.6551118021642948,5.1719558996937,6.25231049353473,12.179025424614801,1152.5118520484004,664.3457464176241,7726.063433767921,10299.454808773175,True,1,1,640,480,17.365237770860297,22.654756676895563,False,False,14.825999999999999,19.273799999999998,False,
1028,PostNateMinutely1028 25-09-25 09-41-04.fits,2025-09-25 09:41:04,340.4723079072361,385.7443775301503,2.7900560398841447,4.81254828292194,6.570079889478854,11.332685164303859,1082.4875384119314,665.1953049809515,7727.771061003347,10302.7491035361,True,1,1,640,480,17.321526770340398,23.118549724311823,False,False,16.3086,19.273799999999998,True,265.850973925488
1029,PostNateMinutely1029 25-09-25 09-42-04.fits,2025-09-25 09:42:04,340.57618868696034,389.49967907587865,2.827350623712711,7.694098281536751,6.657901923049448,18.11821686180092,1027.537743477962,426.12348420544464,7724.769874645058,10297.743079934884,True,1,1,640,480,16.00993710294796,26.993215894083196,False,False,13.343399999999999,20.7564,False,
1030,PostNateMinutely1030 25-09-25 09-43-05.fits,2025-09-25 09:43:05,339.95699332852536,390.51606497563773,2.5113286523954095,5.6340343270248905,5.913727050321271,13.267136967670666,1170.1385268621405,588.3914858864101,7726.704712673792,10300.307255371414,True,1,1,640,480,17.550166523751482,23.668810725419874,False,False,14.825999999999999,22.238999999999997,False,
1031,PostNateMinutely1031 25-09-25 09-44-04.fits,2025-09-25 09:44:04,341.4581310988571,386.333898141687,2.952034220176259,6.366158890756321,6.951509355288361,14.991158565804977,1006.1381583977595,543.6357392841563,7729.7655114351655,10303.791420115933,True,1,1,640,480,19.535620128989596,22.365228015323133,False,False,17.7912,17.7912,True,96.55012888889867
1032,PostNateMinutely1032 25-09-25 09-45-04.fits,2025-09-25 09:45:04,342.1857438624733,390.0142719146096,2.737550574641147,6.150557639912326,6.446438967450966,14.483456418583792,1063.9595014046672,537.6718114915403,7732.662635689956,10308.157555726637,True,1,1,640,480,19.708443593459545,28.013787522589777,False,False,16.308600006638255,22.238999470568395,False,
1033,PostNateMinutely1033 25-09-25 09-46-04.fits,2025-09-25 09:46:04,339.1246372639795,389.5715350067526,2.77879195345427,5.718335265501098,6.5435549929648245,13.46565050740936,1049.7874285137345,545.9851754571499,7726.18408162528,10300.50831245887,True,1,1,640,480,16.841675217269785,26.825269643969303,False,False,14.825999999999999,22.238999999999997,False,
1034,PostNateMinutely1034 25-09-25 09-47-04.fits,2025-09-25 09:47:04,339.3720666916254,384.3008419896108,2.5227281839569136,6.419628626034514,5.940570895746264,15.117070170240567,1124.802979365691,531.6209893999659,7728.284783356492,10301.375740946984,True,1,1,640,480,17.43585894394785,28.23584393389822,False,False,16.3086,22.238999728592006,True,136.7731434525642
1035,PostNateMinutely1035 25-09-25 09-48-04.fits,2025-09-25 09:48:04,339.52469721542946,392.48043988928674,2.975615871147102,4.815554103934739,7.007039899689426,11.339763331876574,974.2298498710944,610.0768445915636,7726.496016503035,10301.791420704147,True,1,1,640,480,15.758546574739066,25.122205559615207,False,False,14.825999999999999,22.238999999999997,False,
1036,PostNateMinutely1036 25-09-25 09-49-04.fits,2025-09-25 09:49:04,339.1158271568383,383.4552426532348,2.77067299541306,5.093775524563906,6.524436307824617,11.994924710131125,1102.4282604100842,640.1903918245501,7724.458724404256,10298.199833155533,True,1,1,640,480,17.661144066833778,20.71709703744675,False,False,16.3086,19.273799987334318,False,
1037,PostNateMinutely1037 25-09-25 09-50-04.fits,2025-09-25 09:50:04,339.49736343259485,387.2515890556834,2.727663169252133,4.581204842616574,6.42315590704757,10.787912993786366,1117.1480221833297,722.8056785538307,7725.394989863394,10299.147394726337,True,1,1,640,480,17.4972239906258,19.246055028033794,False,False,13.343399999999999,17.7912,True,37.81397385555677
1038,PostNateMinutely1038 25-09-25 09-51-04.fits,2025-09-25 09:51:04,338.6043133247284,389.5014939348211,2.821031757368908,6.312039569551486,6.6430221299211905,14.863717303408365,1104.2306354142852,553.8289066070037,7726.638559746309,10300.19657085531,True,1,1,640,480,17.53675479347078,23.902039038257122,False,False,16.3086,19.273777524710734,False,
1039,PostNateMinutely1039 25-09-25 09-52-04.fits,2025-09-25 09:52:04,338.08294743870977,387.15357521933566,2.929450355384014,5.446345544007871,6.898328417781314,12.825163659194724,1013.674999459701,595.8280370239246,7723.514907498064,10296.580785933354,True,1,1,640,480,16.216481911997445,21.102740299307015,False,False,14.825999999999999,17.791200000005393,False,
1040,PostNateMinutely1040 25-09-25 09-53-04.fits,2025-09-25 09:53:04,338.1097689706318,392.11401725551235,2.56075841450803,5.022963351914992,6.030125244965181,11.82817478654527,1176.357082736439,659.2934442342408,7728.8908085385,10303.625068203624,True,1,1,640,480,19.72150724090697,19.77998822864718,False,False,14.825999999999999,19.273799999999998,True,177.16114775538895
1041,PostNateMinutely1041 25-09-25 09-54-04.fits,2025-09-25 09:54:04,340.15485696680236,390.0914729112804,2.648127214652415,5.878963837488296,6.235863046855482,13.843901888529512,1114.3688750179017,525.7885108430946,7728.242130720823,10303.591213107706,True,1,1,640,480,19.03196458505325,26.007503865627896,False,False,14.825999999999999,19.273799999999998,True,262.24068473080627
1042,PostNateMinutely1042 25-09-25 09-55-04.fits,2025-09-25 09:55:04,337.82974595838664,390.30187950438176,2.7947867549606826,4.232178212076509,6.581219872168416,9.966018087941007,1081.223684643978,757.5053072804508,7727.558588540639,10302.45001414137,True,1,1,640,480,16.207006984894985,26.189922217759754,False,False,14.825999999999999,17.791211070308123,False,
1043,PostNateMinutely1043 25-09-25 09-56-04.fits,2025-09-25 09:56:04,339.53474267042645,390.77958832441317,3.1246289539996956,5.817083645033026,7.357938894162571,13.69818517094547,927.6909946078907,551.1165739599355,7729.343845828531,10304.187546769546,True,1,1,640,480,19.66484423643184,23.141519552711962,False,False,17.7912,19.282922211856974,False,
1044,PostNateMinutely1044 25-09-25 09-57-04.fits,2025-09-25 09:57:04,337.42287797734656,393.7052875409546,2.6068158796282805,5.756452165050893,6.138582287053661,13.55540894652365,1193.1439804899803,566.6626831055765,7726.482214602295,10301.184296285166,True,1,1,640,480,16.92157813957634,23.43979700257042,False,False,15.5673,20.7564,True,222.1839935955799
1045,PostNateMinutely1045 25-09-25 09-58-05.fits,2025-09-25 09:58:05,336.39818993529855,391.1464794824991,2.8214034153204355,5.6733371738583305,6.643897317515342,13.359688099220833,1070.7683508233426,588.4285470570728,7725.269221589546,10298.702059583795,True,1,1,640,480,16.210586869197922,21.07621918281772,False,False,14.825999999999999,20.0151,False,
1046,PostNateMinutely1046 25-09-25 09-59-04.fits,2025-09-25 09:59:04,340.2482782498318,393.73538319434937,2.7089789235800863,4.465516881295942,6.379157870812752,10.515488663499776,1068.1652700299103,689.2170101688376,7726.4839487001955,10301.017342930752,True,1,1,640,480,18.12774226951026,22.189810503792827,False,False,16.3086,20.7564,False,
1047,PostNateMinutely1047 25-09-25 10-00-04.fits,2025-09-25 10:00:04,338.7084835122194,392.64559761990915,2.8193898183777426,5.015839108845197,6.639155659072076,11.811398476158843,1069.3507830560466,652.8109758651373,7726.0042570743435,10299.983977816551,True,1,1,640,480,17.41928382418297,23.292741665768755,False,False,16.3086,20.7564,False,
1048,PostNateMinutely1048 25-09-25 10-01-04.fits,2025-09-25 10:01:04,339.76706469179044,398.33142854320414,2.5524121514721045,5.817818833295153,6.010471297467084,13.699916407001997,1188.6470598271333,556.9987151065199,7725.098589632828,10299.052556087348,True,1,1,640,480,15.81210862733358,21.331374577485896,False,False,13.343399999999999,17.7912,False,
1049,PostNateMinutely1049 25-09-25 10-02-04.fits,2025-09-25 10:02:04,339.091069829682,392.5050293659519,2.781860703128583,4.906243356899577,6.550781346211078,11.55332020262706,1124.1237663111885,661.7980201705705,7725.4052859774365,10299.914839630892,True,1,1,640,480,16.655716158916764,20.374342447612953,False,False,13.343399999999999,19.273799999999998,False,
1050,PostNateMinutely1050 25-09-25 10-03-04.fits,2025-09-25 10:03:04,339.66251710129757,397.28775806103624,2.7383944982414183,5.417969416470012,6.448426255661361,12.75834298526822,1119.4495819604358,617.1944893169142,7732.104600967563,10308.018715152486,True,1,1,640,480,21.20752146560848,25.54339160261247,False,False,16.3086,20.7564,False,
1051,PostNateMinutely1051 25-09-25 10-04-04.fits,2025-09-25 10:04:04,336.15126090213096,397.24910004603413,2.9575247129862996,5.656824157680619,6.964438477814544,13.320802917721638,1010.4330134693641,578.5219179867455,7727.737876049193,10302.166284224118,True,1,1,640,480,17.285837794230915,25.076706772910814,False,False,14.825999999999999,20.7564,False,
1052,PostNateMinutely1052 25-09-25 10-05-04.fits,2025-09-25 10:05:04,338.6027730170292,397.3128744762212,3.108706287105381,5.665902028019105,7.320443878989488,13.342179668760897,950.5018707957435,547.733435806966,7725.131776117055,10299.399832960722,True,1,1,640,480,17.901582581540612,29.972868379003835,False,False,14.825999999999999,19.273799999999998,False,
1053,PostNateMinutely1053 25-09-25 10-06-04.fits,2025-09-25 10:06:04,340.69127879071186,394.3460360524467,2.70013201883112,4.906236441166108,6.358325002173407,11.553303917319258,1113.0781207523166,636.7988465678309,7726.686616117883,10301.628285643003,True,1,1,640,480,17.055030958292324,22.8182246348593,False,False,14.825999999999999,20.015100002532325,False,
1054,PostNateMinutely1054 25-09-25 10-07-04.fits,2025-09-25 10:07:04,337.63092587314713,401.2063268273158,2.502113057635352,5.101649916389758,5.892025983053406,12.01346748584507,1212.9822856814603,599.8262636988276,7725.948962535064,10301.134287025867,True,1,1,640,480,17.721792680985534,24.066968235034246,False,False,14.825999999999999,19.273799999999998,False,
1055,PostNateMinutely1055 25-09-25 10-08-04.fits,2025-09-25 10:08:04,337.34042626241063,397.50061947005355,2.526627701826594,6.518186467878405,5.949753558591745,15.34915615180955,1154.1176160554642,501.8321866436584,7726.682199894091,10300.389019283262,True,1,1,640,480,17.718387770862723,20.986179270750082,False,False,14.825999999999999,20.7564,False,
1056,PostNateMinutely1056 25-09-25 10-09-04.fits,2025-09-25 10:09:04,339.46984345055967,401.62176717701817,3.018665553498516,3.9031326872866043,7.108414154622751,9.191175090438012,1015.7593415733669,797.0941111236687,7724.850127807109,10299.56555864603,True,1,1,640,480,17.45029736916203,20.7134134732967,False,False,16.3086,19.273799999999998,False,
1057,PostNateMinutely1057 25-09-25 10-10-04.fits,2025-09-25 10:10:04,339.5036928348314,398.66936488684263,2.6589620516858092,4.975931247549935,6.261377138286362,11.717422644426447,1137.1888402006825,651.306875495954,7726.554066997665,10300.938277324916,True,1,1,640,480,18.076472147944376,24.171581895774196,False,False,16.308599999896845,17.7912,False,
1058,PostNateMinutely1058 25-09-25 10-11-05.fits,2025-09-25 10:11:05,342.8133665369589,396.5946414571878,2.8128957340426135,5.773156971180038,6.623863259105592,13.594745758844915,1049.8579571482092,554.2004109259777,7723.4868333568575,10296.695995861106,True,1,1,640,480,15.76026116834416,22.09995541591202,False,False,13.343399999999999,17.7912,True,246.71839390698025
1059,PostNateMinutely1059 25-09-25 10-12-04.fits,2025-09-25 10:12:04,336.8999427311656,399.283901121303,2.656104507765454,5.258892906694133,6.254648136583154,12.383746431354417,1091.4374897726973,594.1063582066475,7728.166179256446,10303.044659838148,True,1,1,640,480,17.181808874087785,21.795314920178612,False,False,14.825999999999999,17.7912,True,169.956026396151
1060,PostNateMinutely1060 25-09-25 10-13-04.fits,2025-09-25 10:13:04,340.52108092637803,397.02125958557315,2.6844768837077857,5.00168684558306,6.3214599761773105,11.778072442946607,1150.472696192127,663.4474190517922,7726.3991964465595,10300.6648217753,True,1,1,640,480,16.19779231413166,24.232494350520785,False,False,14.084700000000673,19.84638053838935,True,299.4216268405314
1061,PostNateMinutely1061 25-09-25 10-14-04.fits,2025-09-25 10:14:04,340.60499051328037,398.567447993947,3.057887850838006,5.163512000141496,7.2007756066099455,12.159141560691044,972.868730776734,601.7129894113889,7729.25933235532,10304.989636798839,True,1,1,640,480,19.352912398976592,23.097140442112867,False,False,16.3086,22.238999999999997,False,
1062,PostNateMinutely1062 25-09-25 10-15-04.fits,2025-09-25 10:15:04,339.70976775250057,404.61952313614324,2.8363205209490947,4.5827425753937225,6.679024416863553,10.791534077753894,1055.9447857024036,675.0763100433561,7731.302583859278,10307.88800360531,True,1,1,640,480,19.106898062792773,21.334346566487774,False,False,17.7912,19.27379999999865,True,105.00499002492867
1063,PostNateMinutely1063 25-09-25 10-16-05.fits,2025-09-25 10:16:05,339.2684743665132,398.6785271666399,2.708740723507626,5.24246262704655,6.378596952507394,12.345056079494826,1118.0330939498583,601.6048349310853,7725.730893893317,10300.31951663034,True,1,1,640,480,17.303925253470176,20.869993405913895,False,False,14.825999999999999,20.014705251466236,False,
1064,PostNateMinutely1064 25-09-25 10-17-04.fits,2025-09-25 10:17:04,338.86171425332094,400.75967870820745,2.5388364447774046,5.231909319179577,5.978502951216943,12.320204938588295,1209.4512897056222,608.4174506173731,7729.951796398809,10306.01445552359,True,1,1,640,480,19.10586784581442,23.495944117932904,False,False,16.3086,22.238999999999997,False,
1065,PostNateMinutely1065 25-09-25 10-18-04.fits,2025-09-25 10:18:04,338.7075823020489,401.1669479813164,2.7984303752615487,5.8055563552817935,6.5897999422893765,13.671040477974387,1060.9590184678618,551.1853543683077,7733.48557915481,10310.108220501117,True,1,1,640,480,21.591803852555433,23.329181649497613,False,False,17.7912,20.7564,False,
1066,PostNateMinutely1066 25-09-25 10-19-05.fits,2025-09-25 10:19:05,336.56614821362547,394.012207287391,2.5002647790239596,5.612859029390743,5.8876736195304975,13.217272952342281,1234.5621541181213,631.4872403518876,7726.658921268965,10299.82163390004,True,1,1,640,480,17.224951426508532,23.16837597111898,False,False,14.825999999999999,19.2738010776035,False,
1067,PostNateMinutely1067 25-09-25 10-20-04.fits,2025-09-25 10:20:04,337.2995716885923,398.0366524715337,3.737971580655734,4.91493458300198,8.802250405884145,11.573786476068893,799.1488867213126,605.770124101994,7724.315953870498,10299.139508686168,True,1,1,640,480,16.699993948173862,21.84770109379554,False,False,14.825999999999999,20.740061468570396,False,
1068,PostNateMinutely1068 25-09-25 10-21-04.fits,2025-09-25 10:21:04,337.7128974374622,404.50592712738495,2.9747706547458517,6.918459206157113,7.005049567165373,16.29172641938768,993.9545292803995,494.8828906317346,7730.722554204106,10305.191121264163,True,1,1,640,480,18.35314039537178,25.427503039266753,False,False,17.7912,19.273799999999998,False,
1069,PostNateMinutely1069 25-09-25 10-22-04.fits,2025-09-25 10:22:04,337.69571345228394,399.51471871560847,3.6471178780553632,5.497637167947426,8.588306285835511,12.945946203389777,864.5011652760022,572.0210775335432,7725.182433319099,10300.285926655148,True,1,1,640,480,16.245441909989836,26.87417661935649,False,False,14.825999999999999,20.7564,True,61.745750310842254
1070,PostNateMinutely1070 25-09-25 10-23-04.fits,2025-09-25 10:23:04,338.19748971084886,400.78212167496554,2.85719298106727,4.676721705650775,6.728175304338941,11.012838017497776,1043.5139155376046,661.067077535486,7727.952243866558,10303.361335359077,True,1,1,640,480,17.818603819297298,22.65010972861723,False,False,14.825999999999999,20.0151,False,
1071,PostNateMinutely1071 25-09-25 10-24-04.fits,2025-09-25 10:24:04,337.3253869510653,402.63723373951353,2.9078591762887998,7.541534729923017,6.847485076452051,17.758957152319788,999.8718054209264,459.1476709869479,7729.403144327345,10302.97156904145,True,1,1,640,480,18.728525652884475,30.81204045510934,False,False,16.3086,17.7912,True,53.594366825679145
1072,PostNateMinutely1072 25-09-25 10-25-04.fits,2025-09-25 10:25:04,337.898868635641,391.7558170757411,2.763466918003087,4.657887865289451,6.507467292293568,10.968487712690019,1087.9751287594254,684.9001884178048,7727.569708360093,10302.467466383987,True,1,1,640,480,18.267969728768023,20.87213572178526,False,False,17.7912,17.7912,True,138.8337827450354
1073,PostNateMinutely1073 25-09-25 10-26-05.fits,2025-09-25 10:26:05,336.15361285978435,396.1346640361466,3.1614739129772143,5.047013864253869,7.444702142121176,11.884809415094121,957.9114352736536,648.7935798879582,7725.990463777427,10300.035667563343,True,1,1,640,480,18.292880508123393,21.499516135579523,False,False,14.825999999999999,20.7564,True,263.6278811375466
1074,PostNateMinutely1074 25-09-25 10-27-04.fits,2025-09-25 10:27:04,337.51650018314444,394.18339717253986,2.647332741448576,5.289079790757176,6.233992205429842,12.454831111043099,1110.6901425876106,625.9669503938892,7725.711866396014,10299.014754816813,True,1,1,640,480,17.22737112480362,21.26894392519245,False,False,16.3086,19.273799999999998,False,
1075,PostNateMinutely1075 25-09-25 10-28-04.fits,2025-09-25 10:28:04,335.5402101803037,389.7022606786085,2.5819144313793028,5.418705903599079,6.0799438575666676,12.760077279922655,1171.4252970086463,610.6417327035882,7723.590082739466,10296.635099743236,True,1,1,640,480,16.02286052112802,20.475046017976855,False,False,13.343399999999999,19.27379999988943,False,
1076,PostNateMinutely1076 25-09-25 10-29-04.fits,2025-09-25 10:29:04,335.6907019272533,397.02019760752955,2.7279930584950858,5.247322499446481,6.423932736849515,12.356500204438476,1100.8556883464705,618.0926078994873,7726.453559001606,10300.683696227772,True,1,1,640,480,17.15523300521953,22.52164756894802,False,False,14.825999999999999,17.79122362479979,False,
1077,PostNateMinutely1077 25-09-25 10-30-04.fits,2025-09-25 10:30:04,336.2553486906335,394.14060900937466,2.894085013331145,5.296631722532601,6.815049401415843,12.472614551366576,1020.3759729216862,607.1673421450923,7735.577795801728,10312.73089446049,True,1,1,640,480,20.734634850291766,26.197651761477875,False,False,19.273799999999998,22.253779223105795,True,151.44165277867123
1078,PostNateMinutely1078 25-09-25 10-31-04.fits,2025-09-25 10:31:04,335.48857767688327,393.5694262566633,2.863342311547049,6.881185346410979,6.742655871016244,16.20395318730181,996.9427666106003,478.73878518107585,7727.529074983737,10301.075914072544,True,1,1,640,480,16.796187735694502,25.343410825050395,False,False,16.3086,21.4977,False,
1079,PostNateMinutely1079 25-09-25 10-32-04.fits,2025-09-25 10:32:04,335.17582438387564,392.5640391309816,2.7670030321698547,4.308660232904738,6.51579420481499,10.146119483671795,1104.7270298206897,747.3180245207593,7725.626220623655,10299.982934839025,True,1,1,640,480,16.35317700843061,24.538631499895203,False,False,14.825999999999999,22.238999999999997,False,
1080,PostNateMinutely1080 25-09-25 10-33-05.fits,2025-09-25 10:33:05,334.3551479010354,392.816355535091,2.795256329530796,4.96605511867366,6.582325635778756,11.694166138181284,1063.5815491793269,623.0885837889429,7727.1856822007585,10302.280749070607,True,1,1,640,480,17.65178897033752,22.46630928407767,False,False,13.343399999999999,19.273799999999998,False,
1081,PostNateMinutely1081 25-09-25 10-34-04.fits,2025-09-25 10:34:04,334.34436612698534,392.52505928565034,2.4525251503618377,5.478348465055029,5.7752553850145985,12.900524779176115,1205.2453409626569,606.3818020114601,7726.877611312724,10300.591779225762,True,1,1,640,480,16.776461123973597,22.310741455275863,False,False,14.825999999999999,18.93491836107707,False,
1082,PostNateMinutely1082 25-09-25 10-35-04.fits,2025-09-25 10:35:04,334.00239975506184,391.15498013643514,2.623933217819761,4.738420828115759,6.178890538144533,11.158128347839138,1165.615713975553,677.2950408761337,7726.632004622807,10301.388448953574,True,1,1,640,480,16.738718269967983,22.645926204937226,False,False,14.825999999999999,20.7564,False,
1083,PostNateMinutely1083 25-09-25 10-36-04.fits,2025-09-25 10:36:04,333.7450284123156,390.52823064403856,2.8010541900161474,5.335947312276323,6.595978553867954,12.565195690177305,1052.717285408795,595.3419151577679,7728.846343247871,10303.93783571441,True,1,1,640,480,17.435297555750136,23.70796518152836,False,False,13.347109818507198,17.791974419206557,True,210.9796573173961
1084,PostNateMinutely1084 25-09-25 10-37-04.fits,2025-09-25 10:37:04,334.2071933543523,390.7102188549721,2.8988626452909867,5.648098045271775,6.8262998649226585,13.300254493306097,1042.2256246334632,593.662584244862,7726.279377923556,10299.973153673414,True,1,1,640,480,16.82631775295164,22.115227357782594,False,False,13.343399999999999,17.7912,True,164.15291748698047
1085,PostNateMinutely1085 25-09-25 10-38-05.fits,2025-09-25 10:38:05,334.99362294176404,389.65619685675796,2.7749068241497366,5.548431185219819,6.534406212600971,13.065556973430457,1079.7826388580452,576.9482895645209,7725.952186238675,10300.199764876998,True,1,1,640,480,18.216176639786603,21.34749159246847,False,False,14.825999999999999,19.626124768523184,True,141.02585502050212
1086,PostNateMinutely1086 25-09-25 10-39-05.fits,2025-09-25 10:39:05,332.3796647663106,392.4009378384948,2.547128979530763,4.930241466417273,5.998030378278267,11.609831431962178,1199.4125394400478,661.3951606501744,7724.484537715485,10298.238107611096,True,1,1,640,480,16.637569678953163,20.460780907218325,False,False,14.825999999999999,17.7912,False,
1087,PostNateMinutely1087 25-09-25 10-40-04.fits,2025-09-25 10:40:04,337.14772007938194,397.8038217022345,2.935089169007463,5.661053843815624,6.911606809132006,13.330763067416537,1039.8727594757725,580.7966514651118,7726.150736766134,10300.302924924963,True,1,1,640,480,16.64848819710889,23.77874423272757,False,False,13.343399999999999,16.3086,False,
1088,PostNateMinutely1088 25-09-25 10-41-04.fits,2025-09-25 10:41:04,335.20306018046307,392.08197166466607,2.9485243967874695,4.708130903120044,6.9432443528179215,11.086801025296747,1020.932551430444,672.937696472746,7725.8272436459565,10300.277714302027,True,1,1,640,480,16.878028780431123,21.456994993369488,False,False,14.825999999999999,17.791199999991907,False,
1089,PostNateMinutely1089 25-09-25 10-42-04.fits,2025-09-25 10:42:04,335.1121652621017,394.3343879462449,2.590590624959162,6.53529341406041,6.100374732123089,15.389439931588202,1172.04685520294,523.1578800827216,7726.089282224996,10299.453879941424,True,1,1,640,480,17.12539683271376,26.141661176944677,False,False,14.825999999999999,19.273799999999998,False,
1090,PostNateMinutely1090 25-09-25 10-43-04.fits,2025-09-25 10:43:04,335.09927597744,392.0605725753644,2.6461403410226993,6.586409029063438,6.231184317005284,15.509808006411415,1148.0203384217305,526.6154411690676,7728.553604923138,10302.489058449608,True,1,1,640,480,18.90114022637915,23.227607380070605,False,False,14.825999999999999,19.273799999999998,False,
1091,PostNateMinutely1091 25-09-25 10-44-04.fits,2025-09-25 10:44:04,337.52754513336856,394.28293687969654,2.7791450861475155,5.40776416846499,6.544386556909434,12.73431146270148,1061.1586124842163,575.406380505261,7731.9229189131165,10308.381708400086,True,1,1,640,480,21.41532982986919,22.423611780052994,False,False,17.7912,20.756399520989746,True,266.4887892280088
1092,PostNateMinutely1092 25-09-25 10-45-05.fits,2025-09-25 10:45:05,334.1941160858536,411.2822859336297,2.7012381692445926,4.757469293064986,6.36092978733987,11.202984054928649,1161.0674245113698,683.9460732339152,7726.344394533731,10301.1787530598,True,1,1,640,480,17.37016114393475,21.06450206338894,False,False,14.825999999999999,19.273799999999998,False,
1093,PostNateMinutely1093 25-09-25 10-46-04.fits,2025-09-25 10:46:04,339.6738140691561,457.30750517789573,2.9175213773288977,4.619610835027017,6.8702378211403925,10.878352194563782,1002.5623797893033,662.6673413354434,7727.909561524742,10303.167816067924,True,1,1,640,480,17.105004571819546,24.35955780678845,False,False,16.3086,19.273799999999998,False,
1094,PostNateMinutely1094 25-09-25 10-47-04.fits,2025-09-25 10:47:04,335.9966469861636,363.2588003591329,2.735618139183422,5.000314410880553,6.441888429699387,11.77484060619865,1110.7149955391144,628.6314032044899,7733.149421585684,10310.318288164732,True,1,1,640,480,21.326017302072227,23.022387072627996,False,False,19.273799999999998,20.0151,False,
1095,PostNateMinutely1095 25-09-25 10-48-04.fits,2025-09-25 10:48:04,337.5337048198496,367.5446238008017,2.7105807447652954,5.019321296638467,6.382929871448237,11.819598401774998,1133.543625564549,672.509779930168,7727.708172508049,10302.028686092382,True,1,1,640,480,17.677189318127457,20.518562446131877,False,False,14.825999999999999,17.7912,False,
1096,PostNateMinutely1096 25-09-25 10-49-04.fits,2025-09-25 10:49:04,336.6688047830395,363.8893785553228,2.5058967970214145,5.681922042133362,5.900936008404879,13.379903919118826,1239.6310207307545,620.9020770830334,7731.153814844239,10306.003797918871,True,1,1,640,480,19.82631441937993,23.55027392597935,False,False,17.7912,21.4977,True,429.3988074659243
1097,PostNateMinutely1097 25-09-25 10-50-04.fits,2025-09-25 10:50:04,336.76967541433504,361.1019650884907,2.955147033826867,4.9759993428453955,6.9588394712692585,11.717582996593169,1031.6020310205697,660.7696870157242,7726.439772285568,10300.669234332034,True,1,1,640,480,16.018021034135998,21.677594983677086,False,False,13.343399999999999,19.273799999999998,False,
1098,PostNateMinutely1098 25-09-25 10-51-04.fits,2025-09-25 10:51:04,336.8299018063453,361.18229759223425,2.5090363822515718,5.042336476433847,5.9083291666379365,11.873795008497149,1208.076534231916,649.5294944324693,7724.817404752384,10298.48213703003,True,1,1,640,480,16.39161048135969,21.896099752024607,False,False,14.825999999999999,17.79120000000809,True,148.157872248611
1099,PostNateMinutely1099 25-09-25 10-52-05.fits,2025-09-25 10:52:05,337.5963160304391,359.63217441482436,3.0025978532442394,5.267475169927405,7.070577611986431,12.403956116847858,1002.3934739532507,606.8349935133307,7730.307170450022,10306.101233635532,True,1,1,640,480,19.347851844033247,23.12162232880146,False,False,14.825999999999999,17.7912,False,
1100,PostNateMinutely1100 25-09-25 10-53-04.fits,2025-09-25 10:53:04,337.0391126210661,364.14802790804123,2.6599011704717475,5.47563369234189,6.263588594028155,12.894131977973512,1146.5353582356483,599.756000961532,7727.043139206108,10301.500254245992,True,1,1,640,480,17.94315237364637,22.588072663725864,False,False,16.3086,20.7564,False,
1101,PostNateMinutely1101 25-09-25 10-54-04.fits,2025-09-25 10:54:04,340.19598556246586,362.74190534178217,2.7786799648354488,4.531583143922741,6.543291279920409,10.671062823033639,1114.4589627165176,696.3629770572512,7725.405721997537,10300.233368368752,True,1,1,640,480,16.843656461891687,21.75797940945835,False,False,14.825999999999999,20.7564,False,
1102,PostNateMinutely1102 25-09-25 10-55-04.fits,2025-09-25 10:55:04,337.65243991205216,362.19812047960545,2.6468429265231697,3.950907921400629,6.23283877942514,9.303677169385765,1156.7923040263033,824.0088743035427,7726.232947525442,10300.632214846915,True,1,1,640,480,17.791891960505932,23.798582470346794,False,False,14.825999999999999,19.273799999999998,False,
1103,PostNateMinutely1103 25-09-25 10-56-04.fits,2025-09-25 10:56:04,339.6451937261942,360.27226292082224,2.8453122547622387,4.155464094997237,6.700198331886327,9.785370147305887,1085.4664910090096,770.15030556476,7724.881720094998,10299.258244717565,True,1,1,640,480,18.320034277986807,21.067787501095445,False,False,14.825999999999999,19.273799999999998,False,
1104,PostNateMinutely1104 25-09-25 10-57-04.fits,2025-09-25 10:57:04,335.9910218341572,361.44603479429594,2.684825402745089,5.4820482913383275,6.322280675792427,12.90923720427116,1139.1407874898337,604.8944343194593,7726.274598148145,10300.353893723832,True,1,1,640,480,17.35484192497903,22.081986150577077,False,False,16.3086,20.7564,False,
1105,PostNateMinutely1105 25-09-25 10-58-05.fits,2025-09-25 10:58:05,337.30112691935204,363.30781467925226,2.5030555846692866,4.006341197501441,5.894245464605898,9.43421255910969,1245.0618434720934,816.8947963137206,7725.520618360838,10299.87793554441,True,1,1,640,480,16.877878640285072,20.100847525726312,False,False,14.825999999999999,19.273799999999998,False,
1106,PostNateMinutely1106 25-09-25 10-59-05.fits,2025-09-25 10:59:05,336.6289507229535,364.95896639902725,2.6282294601784084,5.299310693904262,6.189007415768987,12.478923046852627,1217.8415042968938,630.2329259662743,7725.61229240508,10300.090338901618,True,1,1,640,480,17.322918411026578,22.58878358082792,False,False,16.3086,19.273799999999998,False,
1107,PostNateMinutely1107 25-09-25 11-00-04.fits,2025-09-25 11:00:04,337.5254550423166,362.981806220472,2.5828930229009255,4.272793188494902,6.082248264497682,10.0616590485395,1191.8671247863224,785.2341492328868,7725.081924819926,10298.66438204038,True,1,1,640,480,16.7896780500651,19.614466661204634,False,False,14.825999999999999,20.7564,False,
1108,PostNateMinutely1108 25-09-25 11-01-04.fits,2025-09-25 11:01:04,337.6631051048537,362.99823837386396,2.677017202629572,4.924552276718049,6.3038937696447945,11.596434414018459,1152.4215808314445,657.6918998293921,7731.3280006786335,10307.634243194843,True,1,1,640,480,20.094923092665802,26.932923096018268,False,False,16.3086,20.7564,False,
1109,PostNateMinutely1109 25-09-25 11-02-04.fits,2025-09-25 11:02:04,338.4721550225645,370.85786438477186,2.6054776712164913,4.424125698018802,6.135431047061151,10.418019875431215,1163.9935736693271,704.2407059158206,7734.121874802472,10311.729635637012,True,1,1,640,480,20.621907536594723,25.031559285138346,False,False,17.7912,20.7564,False,
1110,PostNateMinutely1110 25-09-25 11-03-05.fits,2025-09-25 11:03:05,338.84511340577757,367.5338258167699,2.6500365942553414,4.591705625221488,6.240359292218026,10.812640447152928,1137.5141083346423,725.7464255457389,7727.074819276518,10301.105993715477,True,1,1,640,480,16.191235405407916,22.398770142106336,False,False,14.825999999999999,17.7912,True,247.88312964942537
1111,PostNateMinutely1111 25-09-25 11-04-04.fits,2025-09-25 11:04:04,336.42411543689036,365.68861701190565,2.62781932406229,6.411228732116283,6.18804161902156,15.097289931665781,1161.031849672274,563.2632092879169,7728.327066292493,10301.51050152832,True,1,1,640,480,17.404531821576672,25.563155721442385,False,False,16.3086,22.238999999999997,False,
1112,PostNateMinutely1112 25-09-25 11-05-04.fits,2025-09-25 11:05:04,339.96560107832687,365.59986600966636,2.821003979380564,6.057631556409407,6.642956717757427,14.2646322144449,1091.2048165786914,557.6005212816304,7726.638849067705,10300.62138569554,True,1,1,640,480,18.44776465548631,23.065525378357513,False,False,16.3086,19.273800629984393,False,
1113,PostNateMinutely1113 25-09-25 11-06-04.fits,2025-09-25 11:06:04,335.8262490659532,369.11327073270326,2.57387829150017,4.34029416060273,6.061020194294613,10.220611690718087,1184.568573853222,764.3701705572146,7724.628831991707,10298.10214921361,True,1,1,640,480,16.630660143541352,24.721543908320957,False,False,14.825999999999999,20.7564,False,
1114,PostNateMinutely1114 25-09-25 11-07-04.fits,2025-09-25 11:07:04,337.530068080342,360.79588331622057,2.925489196442374,3.7762098662150243,6.889000601303987,8.892294687206778,1073.9661908780222,832.2514865813376,7728.361693059065,10304.477663043705,True,1,1,640,480,18.108696894827652,25.135546317928362,False,False,16.3086,22.238999999999997,False,
1115,PostNateMinutely1115 25-09-25 11-08-04.fits,2025-09-25 11:08:04,341.75425585773695,364.9728398885611,2.7992586400661366,5.925734429981881,6.591750356853813,13.954038217251378,1111.1765979313723,581.0201473402834,7726.215947211814,10299.88489856685,True,1,1,640,480,17.948494580754094,24.053570282979294,False,False,16.3086,19.273799999999998,True,83.80128095645043
1116,PostNateMinutely1116 25-09-25 11-09-04.fits,2025-09-25 11:09:04,340.76992616009863,366.5082445201851,2.7984780494670836,5.2212734325399754,6.589912206464201,12.295159339532685,1092.4909382308913,625.17648244962,7725.288211753352,10299.303792652043,True,1,1,640,480,16.589617807739145,23.09548086953129,False,False,14.825999999999999,17.79120004486722,True,90.79656542984453
1117,PostNateMinutely1117 25-09-25 11-10-04.fits,2025-09-25 11:10:04,338.14945595844193,356.24916393800925,2.57718569040604,4.532253886303312,6.068808523535069,10.672642300636461,1190.3654512869475,739.1457547644405,7725.558099700282,10299.27042657586,True,1,1,640,480,16.93216840315738,21.7704113489976,False,False,16.3086,17.79120200196752,False,
1118,PostNateMinutely1118 25-09-25 11-11-05.fits,2025-09-25 11:11:05,341.13255516657773,366.49419450411784,2.8478078182273427,6.206211120734331,6.706074934757601,14.614510350799195,1084.7576388333712,547.6126836535472,7726.530579446536,10300.424944425065,True,1,1,640,480,17.396746589261202,25.261924000445152,False,False,14.825999999999999,20.7564,False,
1119,PostNateMinutely1119 25-09-25 11-12-04.fits,2025-09-25 11:12:04,340.43630869046785,365.7613139199572,2.579515403857715,4.720038446310871,6.074294579470252,11.114841146689576,1212.0654897220159,714.3786246361171,7726.335816283316,10300.499820255038,True,1,1,640,480,17.732148722175964,21.864806154641336,False,False,16.3086,19.273799999999998,False,
1120,PostNateMinutely1120 25-09-25 11-13-04.fits,2025-09-25 11:13:04,338.6748713957721,362.6201221486432,2.5901772281719664,4.594797039459722,6.099401257082049,10.819920171368617,1242.821772274465,743.5545045459668,7725.6575642166035,10299.846144848107,True,1,1,640,480,17.550654539712905,21.65810575877876,False,False,14.825999999999999,17.049900008683803,False,
1121,PostNateMinutely1121 25-09-25 11-14-04.fits,2025-09-25 11:14:04,338.08554090099244,362.9620784033594,2.606414451519334,3.928821629620161,6.137636996096075,9.251667926780716,1203.54896508101,812.6536826434071,7727.724748299625,10303.341477123187,True,1,1,640,480,17.4990715328329,24.593344706583263,False,False,16.3086,20.7564,False,
1122,PostNateMinutely1122 25-09-25 11-15-05.fits,2025-09-25 11:15:05,340.32773189011795,360.12787663331164,2.607540719589389,5.356304720343813,6.140289154723519,12.613133722759503,1164.8301667691433,635.3547885055644,7733.9773631778435,10310.059496520164,True,1,1,640,480,21.247332174068603,24.417319834699235,False,False,19.273799999999998,20.7564,True,295.71740769982046
1123,PostNateMinutely1123 25-09-25 11-16-04.fits,2025-09-25 11:16:04,337.65022550704344,358.2231503972342,2.736645705454216,5.638019165901736,6.444308163351451,13.276520546134082,1128.9665977398465,601.0502974084144,7726.40713660181,10300.313970426574,True,1,1,640,480,17.467862264011135,22.398636913842935,False,False,14.825999999999999,20.0151,False,
1124,PostNateMinutely1124 25-09-25 11-17-04.fits,2025-09-25 11:17:04,338.7595533479496,362.07986078746177,2.490226773115127,5.175385748493895,5.864035922004239,12.187102101320926,1248.5216627558837,644.0712567072197,7724.949432560435,10298.761693438964,True,1,1,640,480,17.66393494322596,22.440000600238175,False,False,14.825999999999999,19.273799999999998,True,179.859714681406
1125,PostNateMinutely1125 25-09-25 11-18-04.fits,2025-09-25 11:18:04,339.4634179807579,362.85293405129386,2.771646945472377,3.371831705013213,6.526729784947156,7.940056887435997,1125.566691180511,910.573755646508,7730.598653505789,10307.72269906376,True,1,1,640,480,18.23130084429225,24.576048719850558,False,False,16.3086,20.7564,False,
1126,PostNateMinutely1126 25-09-25 11-19-04.fits,2025-09-25 11:19:04,339.4671736933526,360.3139933804761,2.8792040407270494,5.049936141568351,6.780007388838162,11.891690852291402,1038.0827812953207,642.7973839403166,7730.050091749417,10305.390145206833,True,1,1,640,480,20.126005436069843,21.756956435187742,False,False,16.3086,19.273799999999998,False,
1127,PostNateMinutely1127 25-09-25 11-20-04.fits,2025-09-25 11:20:04,339.1577188323048,355.3541503882175,2.8765278020460303,4.88678382836225,6.773705328346811,11.50749651476051,1013.7762216768853,614.1490865034636,7725.481690943614,10300.198067849407,True,1,1,640,480,17.464990457207712,19.677559049034468,False,False,14.825999999999999,17.049899999999997,False,
1128,PostNateMinutely1128 25-09-25 11-21-05.fits,2025-09-25 11:21:05,339.8597688658161,356.6153251572318,2.7804836634682766,4.5604394562980115,6.547538665616186,10.739014245840602,1102.4775414943633,733.7678296500529,7731.384577445774,10307.045959112804,True,1,1,640,480,20.183354583354358,21.92292288749217,False,False,17.7912,20.0151,False,
1129,PostNateMinutely1129 25-09-25 11-22-04.fits,2025-09-25 11:22:04,338.4235531064871,359.7000689086341,2.5833476473070793,5.908915468787375,6.083318823162253,13.91443259029396,1195.899844399531,575.7807495654821,7733.417124711295,10309.589269948201,True,1,1,640,480,21.19143011500082,26.03240924153741,False,False,19.273799999999998,20.7564,True,197.62323186927094
1130,PostNateMinutely1130 25-09-25 11-23-04.fits,2025-09-25 11:23:04,341.76482273211656,364.1569614196867,2.634181457838451,4.8718600197737505,6.203023299166833,11.472353631148104,1084.8051372488817,631.581003550801,7726.6126957366405,10301.00451951362,True,1,1,640,480,18.401729141348017,23.502838234574902,False,False,16.3086,20.7564,False,
1131,PostNateMinutely1131 25-09-25 11-24-04.fits,2025-09-25 11:24:04,341.1276426450267,358.4816251539428,2.540808142539745,5.547042982772297,5.983145944630445,13.062288006480472,1211.5800968942665,626.665620079778,7727.654084577714,10301.46167990812,True,1,1,640,480,17.508021859937852,24.156450853453535,False,False,14.825999999999999,20.7564,False,
1132,PostNateMinutely1132 25-09-25 11-25-04.fits,2025-09-25 11:25:04,340.36783363465804,364.562579208616,2.7098393235794695,5.6808033546090435,6.381183957978044,13.377269611312435,1100.9998113979634,588.2730900829741,7726.414676351423,10300.014978854439,True,1,1,640,480,16.767209338294798,22.36856918530885,False,False,14.825999999999999,17.049911481204447,False,
1133,PostNateMinutely1133 25-09-25 11-26-04.fits,2025-09-25 11:26:04,340.4450161476929,361.8751903113331,2.6245522844535647,4.546078926976419,6.180348328663024,10.70519778353686,1173.3382472010862,718.7263109648908,7728.704483387112,10303.958076090214,True,1,1,640,480,19.324827670791194,21.29906518647423,False,False,17.7912,17.7912,False,
1134,PostNateMinutely1134 25-09-25 11-27-05.fits,2025-09-25 11:27:05,340.11062455691484,356.6313099382425,2.9483773868666128,4.741313073422967,6.94289817090947,11.1649390650637,1053.3786881799542,708.0470628789383,7731.34690534924,10307.150138347992,True,1,1,640,480,19.310312711192505,25.51966640615616,False,False,16.3086,19.273799999999998,False,
1135,PostNateMinutely1135 25-09-25 11-28-04.fits,2025-09-25 11:28:04,340.85097287114013,359.3460483872359,2.6225309690947523,4.987179197274504,6.175588494738764,11.74390954190336,1196.9370455465967,667.1182762711658,7726.385441626839,10300.865315622588,True,1,1,640,480,17.022281587101627,23.0284056990989,False,False,14.825999999999999,20.7564,False,
1136,PostNateMinutely1136 25-09-25 11-29-04.fits,2025-09-25 11:29:04,339.8561018455372,360.15675427689723,2.4783877821919567,5.37305067679239,5.836157228865418,12.65256743667783,1278.5477602027224,640.9852169986119,7726.864302922634,10301.048034957934,True,1,1,640,480,18.222093550071495,20.8759859081023,False,False,17.7912,17.79120000054476,False,
1137,PostNateMinutely1137 25-09-25 11-30-04.fits,2025-09-25 11:30:04,340.7698753259188,361.6113121897736,2.8660516836974947,6.327861363013935,6.749035954865563,14.900974779802079,1058.2079049814306,533.30464839936,7725.093282623581,10298.33945210323,True,1,1,640,480,16.44186079606025,25.656340956175317,False,False,13.343399999999999,17.79120000001753,False,
1138,PostNateMinutely1138 25-09-25 11-31-04.fits,2025-09-25 11:31:04,340.633825482494,357.48410482596694,2.7753813738342483,5.312992727225996,6.535523691710423,12.511141773175426,1128.9227746895858,641.4765885552628,7725.939459755611,10299.816684691283,True,1,1,640,480,16.470912990190623,21.141618538517463,False,False,14.825999999999999,20.7564,False,
1139,PostNateMinutely1139 25-09-25 11-32-05.fits,2025-09-25 11:32:05,341.18701313827495,356.91638375870434,3.3483012585084144,3.8620635247070405,7.8846469203379685,9.09446460316302,905.0574214626457,748.831939033172,7725.867033416287,10301.878623942957,True,1,1,640,480,15.898874733476982,24.928157454198917,False,False,14.825999999999999,20.7564,False,
1140,PostNateMinutely1140 25-09-25 11-33-04.fits,2025-09-25 11:33:04,338.94355385214055,352.0216650981729,2.4363712417615027,5.219273331334356,5.737215837236931,12.2904494611216,1266.720261982246,644.944234005453,7726.695377764288,10300.798620195861,True,1,1,640,480,16.71651314981445,23.986057913357314,False,False,14.825999999999999,20.7564,False,
1141,PostNateMinutely1141 25-09-25 11-34-04.fits,2025-09-25 11:34:04,340.57570707899873,353.1428940770685,2.6725325864591887,4.9568373521527525,6.2933333055925065,11.672459956807437,1127.997826911712,621.6962522503113,7726.435142115853,10301.563449960506,True,1,1,640,480,17.601190578098603,27.669506912084387,False,False,16.3086,19.273799999999998,False,
1142,PostNateMinutely1142 25-09-25 11-35-04.fits,2025-09-25 11:35:04,340.54453968663177,354.9034371649569,2.7040127694700806,4.702051769184486,6.367463471567797,11.072485758848867,1184.0641309538653,676.2764379791731,7723.6351043195655,10298.294178711998,True,1,1,640,480,15.413650387991902,18.747428563534193,False,False,13.343400000328339,17.7912,False,
1143,PostNateMinutely1143 25-09-25 11-36-04.fits,2025-09-25 11:36:04,340.82005771145117,357.86996281642854,2.9219968257714912,4.696319115071907,6.880776696843514,11.058986390033335,1049.9408490070934,686.0958052670296,7726.165399043518,10300.748605742523,True,1,1,640,480,16.04949327007688,23.124979099502433,False,False,13.343399999999999,20.7564,False,
1144,PostNateMinutely1144 25-09-25 11-37-04.fits,2025-09-25 11:37:04,339.0654292763896,352.54167774970267,2.5673748039439275,4.608375982676415,6.045705651434564,10.85189613904562,1180.2537618155761,724.5120838636608,7724.964892004265,10298.341269043583,True,1,1,640,480,16.633058833337817,20.349771145789745,False,False,14.825999999999999,20.41798967909325,True,298.67534198125986
1145,PostNateMinutely1145 25-09-25 11-38-05.fits,2025-09-25 11:38:05,339.2908584475472,358.36939858887047,2.6307065687665463,4.504921989739348,6.194840560726052,10.608280602738924,1153.1242856781746,720.4585011950697,7724.806349743379,10298.634299683446,True,1,1,640,480,16.928080024672497,21.053192868457902,False,False,14.825999999999999,20.7564,False,
1146,PostNateMinutely1146 25-09-25 11-39-05.fits,2025-09-25 11:39:05,339.96409992295315,355.1601247865791,2.737728928141086,4.9595208397238215,6.4468589578477244,11.678779087130382,1137.3787692125836,660.778774008646,7730.354333985099,10306.286276926829,True,1,1,640,480,19.900018017136546,21.768012042844003,False,False,16.3086,19.273799999999998,True,228.33561156685508
1147,PostNateMinutely1147 25-09-25 11-40-04.fits,2025-09-25 11:40:04,339.26859704650406,358.1113851260838,2.573166011241674,3.542103242404312,6.059342902464227,8.341015716782794,1205.1253236120738,857.243426420343,7727.542151558631,10303.726587102059,True,1,1,640,480,17.53390612302606,27.676246646746506,False,False,14.825999999999999,20.7564,True,212.88598913790995
1148,PostNateMinutely1148 25-09-25 11-41-04.fits,2025-09-25 11:41:04,339.0507849928053,350.6151884766531,2.639568523563147,5.692103789981126,6.215708869519247,13.403880103044193,1166.0674866389752,595.7264435116141,7725.748142416868,10299.362879316392,True,1,1,640,480,17.34414426078449,26.99421034585159,False,False,13.343399999999999,22.238999999999997,False,
1149,PostNateMinutely1149 25-09-25 11-42-04.fits,2025-09-25 11:42:04,338.9542950990531,357.2054319919172,2.772313644641122,4.664473120635171,6.528299741513722,10.983994803979767,1138.1067641397171,731.8246471841306,7726.778303536111,10301.021735184942,True,1,1,640,480,16.72683008658011,23.02236698841769,False,False,14.825999999999999,20.7564,False,
1150,PostNateMinutely1150 25-09-25 11-43-04.fits,2025-09-25 11:43:04,341.21707912680006,363.1628359139565,2.7091075476098574,4.924027174592017,6.379460757256329,11.595197893006391,1102.5109894654174,618.9456710413773,7727.218985038386,10302.640699400565,True,1,1,640,480,17.365995737533225,24.715194059986345,False,False,14.825999999999999,19.273799870247238,False,
1151,PostNateMinutely1151 25-09-25 11-44-05.fits,2025-09-25 11:44:05,341.997192318853,360.4613707573791,2.8226283188891443,3.6666987590913975,6.646781744992167,8.63441573699853,1084.5862576295533,802.5494331779613,7725.4488259272775,10301.218182086159,True,1,1,640,480,15.37354380701841,23.48998470307624,False,False,13.343399999999999,17.7912,False,
1152,PostNateMinutely1152 25-09-25 11-45-04.fits,2025-09-25 11:45:04,341.3134819865067,355.78419395811744,2.604303396257408,5.9401436039128495,6.132665840849124,13.987969228856361,1178.113478123935,564.335806892009,7729.245704732657,10304.177481512694,True,1,1,640,480,19.59703416854996,23.0517389408366,False,False,16.3086,20.7564,True,134.7524810724531
1153,PostNateMinutely1153 25-09-25 11-46-04.fits,2025-09-25 11:46:04,340.37950341751457,360.6123717580849,2.5581071859036837,5.314682190813823,6.023882078703707,12.51512015589739,1192.3240457842328,608.7231184347737,7724.986799019506,10299.015899188349,True,1,1,640,480,16.63100369467106,23.86015333399262,False,False,13.343399999999999,19.273799999999998,False,
1154,PostNateMinutely1154 25-09-25 11-47-04.fits,2025-09-25 11:47:04,339.5807678968662,353.939565633253,3.0031958787395148,6.722023367007808,7.071985854410146,15.829155367796421,1057.4149862326842,489.1565416465882,7729.34514104328,10305.206044101113,True,1,1,640,480,19.44679227794547,26.87410229187796,False,False,17.7912,22.238999999999997,True,55.728887367791316
1155,PostNateMinutely1155 25-09-25 11-48-04.fits,2025-09-25 11:48:04,338.98287248007944,351.229085563817,2.729069942827171,5.559992898359911,6.426468605660889,13.092782727287645,1191.772675653447,618.7155145014167,7730.074007067225,10305.785549398432,True,1,1,640,480,20.53327852814019,21.442436564693427,False,False,16.3086,19.27380000193363,False,
1156,PostNateMinutely1156 25-09-25 11-49-05.fits,2025-09-25 11:49:05,338.8403412182271,351.31310894873764,2.7056309134630836,6.197963696135626,6.371273909478267,14.595089150034283,1086.3561684543922,537.2058668439811,7731.216125892269,10306.249946797252,True,1,1,640,480,20.343936452772716,25.461682268210538,False,False,19.273799999999998,20.7564,False,
1157,PostNateMinutely1157 25-09-25 11-50-05.fits,2025-09-25 11:50:05,341.9131567798598,354.87694742158754,2.7752012774873993,6.290463030529661,6.535099597222826,14.812908436817379,1144.6273252264343,573.5320919423583,7730.577369961874,10305.184647025404,True,1,1,640,480,19.365449418553816,31.380982129686956,False,False,17.79118539517175,17.791201245036422,True,221.93513153489278
1158,PostNateMinutely1158 25-09-25 11-51-04.fits,2025-09-25 11:51:04,342.82386310474084,355.04248294990657,2.6430747281672478,5.292733600083497,6.223965350402962,12.463435174485438,1110.6711400523368,616.3143254942206,7727.616523547058,10301.784187091149,True,1,1,640,480,17.467875332793092,21.01257341842959,False,False,14.825999999999999,17.7912,False,
1159,PostNateMinutely1159 25-09-25 11-52-04.fits,2025-09-25 11:52:04,339.8922395097692,355.9876843644967,2.681740134457114,5.301653115141213,6.315015424183605,12.484439027335304,1137.4139768628436,607.5783774223588,7725.736188022438,10300.089009807585,True,1,1,640,480,17.588753844675754,22.04565059604329,False,False,14.825999999999999,16.3086,True,272.3621306498691
1160,PostNateMinutely1160 25-09-25 11-53-04.fits,2025-09-25 11:53:04,342.2352743561452,352.3841716862107,2.986603103340721,4.081837666145614,7.032912854298369,9.611993156802042,1066.5920999153223,803.0010787912993,7731.379949259842,10308.024946347368,True,1,1,640,480,19.887305812603284,24.444439938626136,False,False,16.3086,20.7564,True,135.19534957612927
1161,PostNateMinutely1161 25-09-25 11-54-04.fits,2025-09-25 11:54:04,341.4392269740752,356.55248759399586,2.797710398004458,7.0647082559883305,6.5881045254124135,16.63611661349696,1050.303619448864,485.2972806688787,7726.56626528686,10299.529303760768,True,1,1,640,480,16.532068813969136,27.487922739495488,False,False,14.825999999999999,23.68828662237217,True,236.6234872662405
1162,PostNateMinutely1162 25-09-25 11-55-05.fits,2025-09-25 11:55:05,341.6248897954256,354.96414061112523,2.783759556595986,5.7973601737409854,6.5552528044186955,13.65173994538938,1116.250820586087,591.9864209167278,7723.689013669774,10296.556991223066,True,1,1,640,480,17.176196357813232,20.37387816205352,False,False,14.825999999999999,16.308600427936266,False,
1163,PostNateMinutely1163 25-09-25 11-56-05.fits,2025-09-25 11:56:05,342.32886042424235,356.7547461854431,2.644500156783387,5.425142631186542,6.227321978281008,12.775234615070016,1156.0653779374177,619.0682751823956,7729.296403524698,10304.155009348893,True,1,1,640,480,18.0725305338175,24.952682164560134,False,False,14.825999999999999,20.7564,True,328.0629013029023
1164,PostNateMinutely1164 25-09-25 11-57-05.fits,2025-09-25 11:57:05,340.4851788221091,355.31670320723214,2.9732561805460516,5.3910360101622326,7.001483252962002,12.694919660213698,1006.4437046540096,593.0776236978526,7725.903325060318,10300.13447985896,True,1,1,640,480,15.908871559798081,23.737248900162665,False,False,13.343399999999999,21.4977,False,
1165,PostNateMinutely1165 25-09-25 11-58-05.fits,2025-09-25 11:58:05,341.7307381118825,344.71527312010977,2.8867263548460125,6.146260143140865,6.797721084910515,14.473336587042901,1115.960635263901,529.3960580329589,7725.432757420778,10300.408162816977,True,1,1,640,480,16.469852074023585,23.972469766280312,False,False,14.825999999999999,20.7564,False,
1166,PostNateMinutely1166 25-09-25 11-59-05.fits,2025-09-25 11:59:05,341.4770188026161,347.2230175748127,2.677185301160675,3.6456402271472323,6.304289611435377,8.584826683857486,1140.3704256404358,820.1104039686657,7727.7192291199235,10303.95544562644,True,1,1,640,480,17.790974510838026,24.86543743149021,False,False,16.3086,20.7564,True,212.39567603285454
1167,PostNateMinutely1167 25-09-25 12-00-05.fits,2025-09-25 12:00:05,340.90929898125484,348.61943257207406,2.6288479176053494,6.024898394053763,6.190463771714946,14.187551507592577,1149.5807200199015,550.4015378154082,7729.459041667458,10304.409867782224,True,1,1,640,480,18.71663299570127,27.878473853284916,False,False,16.3086,19.273799999999998,True,135.13299278070753
1168,PostNateMinutely1168 25-09-25 12-01-06.fits,2025-09-25 12:01:06,342.9867939138715,349.2766863510268,3.028989046107805,5.867549856809206,7.132724121953833,13.817024018032795,1063.4546054528282,588.5872879632107,7725.785419023875,10299.833740995582,True,1,1,640,480,17.90763067405532,22.457446698481043,False,False,16.3086,22.238999999999997,False,
1169,PostNateMinutely1169 25-09-25 12-02-05.fits,2025-09-25 12:02:05,341.65254588565153,349.62955186763054,2.7477570742018607,5.15565462913855,6.470473437206135,12.140638865952063,1147.4713675408682,650.7100950345704,7725.158859082025,10299.157649870638,True,1,1,640,480,17.804930414834143,22.318752715168856,False,False,13.343399999999999,19.273799999999998,False,
1170,PostNateMinutely1170 25-09-25 12-03-05.fits,2025-09-25 12:03:05,344.1991095759844,344.7156802628239,2.823037029069353,3.7289222614791986,6.647744183917131,8.780940887693356,1143.3048121339666,867.7289987373446,7725.7103548207115,10300.904829124354,True,1,1,640,480,16.708827712134966,22.043706629875466,False,False,14.825999999999999,20.7564,False,
1171,PostNateMinutely1171 25-09-25 12-04-05.fits,2025-09-25 12:04:05,343.5727277376239,343.8177295300654,2.7313688893358528,6.087619097493363,6.431882210981986,14.335247477290588,1110.2759858568647,529.9667481639262,7732.781978210503,10309.364638282539,True,1,1,640,480,19.580280686279686,25.24583712244651,False,False,18.5325,20.7564,False,
1172,PostNateMinutely1172 25-09-25 12-05-05.fits,2025-09-25 12:05:05,341.81829609953076,340.3216856190618,2.8361668912946296,6.473647950432729,6.678662646673708,15.24427595815251,1048.5554765342883,513.4922767029574,7728.757175783562,10303.180304038091,True,1,1,640,480,18.86996813348281,22.2512005808158,False,False,16.3086,19.273799999999998,False,
1173,PostNateMinutely1173 25-09-25 12-06-05.fits,2025-09-25 12:06:05,343.4058738450687,344.75045811713113,2.996409711498048,3.0856956493337955,7.056005651761007,7.266257967916013,1036.4316845245705,969.6384534087666,7725.892938265517,10301.783635934193,True,1,1,640,480,17.71719100607738,24.15307373235207,False,False,16.3086,20.7564,False,
1174,PostNateMinutely1174 25-09-25 12-07-06.fits,2025-09-25 12:07:06,344.0126315723323,346.44696026352887,3.120558956147709,5.277742752015143,7.348354781637481,12.428134424962067,961.2257087627322,609.923094841243,7724.553459916665,10298.258584348374,True,1,1,640,480,17.162036755620033,23.314584413557956,False,False,13.343399999999999,20.7564,True,89.08705151062439
1175,PostNateMinutely1175 25-09-25 12-08-06.fits,2025-09-25 12:08:06,343.7054143398616,347.44929792774474,2.7256483450037283,5.602173653140149,6.418411358520212,13.192110814158683,1104.9843887684085,568.5308401530873,7731.1414684284755,10307.284099270304,True,1,1,640,480,18.016622821308093,32.30211595259506,False,False,16.3086,16.309020918317977,True,191.72238254382145
1176,PostNateMinutely1176 25-09-25 12-09-06.fits,2025-09-25 12:09:06,345.841416465007,345.63451615945166,2.672003478705969,6.564315332741314,6.2920873520492435,15.457781327443252,1098.3497913415545,498.40371540897934,7727.0680644029235,10300.998159444776,True,1,1,640,480,16.76413134163934,26.95006011641691,False,False,16.3086,16.3086,False,
1177,PostNateMinutely1177 25-09-25 12-10-05.fits,2025-09-25 12:10:05,344.6817654968983,344.85909157058427,3.219628568760204,6.607779725256118,7.581645891270835,15.560132150182206,942.1964537949524,490.1751569604512,7726.839197545369,10301.379390742874,True,1,1,640,480,17.323031838262427,26.774724308952475,False,False,14.826010727417856,20.7564,True,243.32765303312635
1178,PostNateMinutely1178 25-09-25 12-11-05.fits,2025-09-25 12:11:05,341.79873959283356,333.97925876520634,2.7757520321609688,4.464423273842932,6.536396525368041,10.512913414748033,1100.2370926648125,691.6574156041513,7726.023115595692,10301.187300443375,True,1,1,640,480,17.151141012499032,20.822431956613936,False,False,13.343399999999999,17.7912,False,
1179,PostNateMinutely1179 25-09-25 12-12-05.fits,2025-09-25 12:12:05,344.5023210280231,347.7594119481166,2.5420340442533824,6.447018984081668,5.9860327225589565,15.181569534410578,1200.6302066071435,541.9629380265692,7725.8057235483275,10298.766098190938,True,1,1,640,480,17.42327299270391,23.01538947923838,False,False,14.0847,17.782038378009748,True,243.5346017545878
1180,PostNateMinutely1180 25-09-25 12-13-06.fits,2025-09-25 12:13:06,342.59912571598375,340.41911383394006,2.9881365647714557,5.2392806807564005,7.036523880013745,12.33756316858857,996.7301640782828,588.278017262109,7725.5130374252285,10300.142055228629,True,1,1,640,480,16.87531115404847,25.185113476530958,False,False,14.825999999999999,17.7912,True,105.46168520163747
1181,PostNateMinutely1181 25-09-25 12-14-06.fits,2025-09-25 12:14:06,342.0121433898527,346.5757137664733,2.7197941541675563,5.689533400958624,6.404625792591758,13.397827299450476,1094.1790519147496,577.8279291215454,7724.936594012798,10298.288085035712,True,1,1,640,480,16.68798413782589,23.16095083951975,False,False,14.825999999999999,19.273799999999998,False,
1182,PostNateMinutely1182 25-09-25 12-15-06.fits,2025-09-25 12:15:06,342.5111498552014,340.8682606723623,2.89106440333568,5.443736233032135,6.807936408450301,12.819019201405343,1048.8284538326811,625.3189839206528,7729.8505078484295,10304.525537194433,True,1,1,640,480,18.850331029592304,24.134016256917267,False,False,17.7912,20.7564,False,
1183,PostNateMinutely1183 25-09-25 12-16-05.fits,2025-09-25 12:16:05,344.7920576742495,339.73567442511927,3.2854028825522463,6.045151186093523,7.736532563836492,14.235243188255648,903.0579779232636,543.1631222219944,7733.550095780887,10309.74682928668,True,1,1,640,480,19.831061897359927,24.594102793128783,False,False,17.7912,18.785365035549425,False,
1184,PostNateMinutely1184 25-09-25 12-17-05.fits,2025-09-25 12:17:05,343.1822679085003,339.3303592232078,3.050787221347457,4.271054220946654,7.184054901953263,10.057564092899227,1040.052448781922,741.4351538277906,7724.944565350573,10299.958824623807,True,1,1,640,480,16.026451873466872,21.256708474059558,False,False,14.0847,18.53250000000135,False,
1185,PostNateMinutely1185 25-09-25 12-18-05.fits,2025-09-25 12:18:05,343.796978680479,344.11053377116167,3.0093678578731686,5.532996042783282,7.086519754591587,13.029209990622991,1023.565777989727,584.0418537939945,7726.448231462773,10301.14130741133,True,1,1,640,480,17.927186389815567,21.552955424468564,False,False,16.3086,20.7564,False,
1186,PostNateMinutely1186 25-09-25 12-19-05.fits,2025-09-25 12:19:05,343.6981845406723,340.7229003028466,2.8882925299317344,5.388217010540173,6.801409145396401,12.688281423396738,1040.9888190187517,616.8745070864068,7724.831828629029,10298.11944646609,True,1,1,640,480,17.224716568395642,20.953585468187736,False,False,16.3086,19.273799999999998,False,
1187,PostNateMinutely1187 25-09-25 12-20-06.fits,2025-09-25 12:20:06,341.6699201768019,344.09110699447785,2.76390755179518,5.086821617245508,6.508504905579707,11.978549509786474,1143.0299247881187,658.4033924573284,7725.5874799374305,10299.791352472272,True,1,1,640,480,16.118182664844095,22.37569114052909,False,False,16.3086,19.273799999999998,False,
