frame_num,filename,timestamp,mu_x,mu_y,sigma_x,sigma_y,fwhm_x,fwhm_y,amp_x,amp_y,offset_x,offset_y,fit_ok,n_peaks_x,n_peaks_y,nx,ny,resid_x,resid_y,on_bound_x,on_bound_y,noise_x,noise_y,two_component,two_comp_sep
1,overnightvideo0001 25-09-18 16-12-03.bmp,2025-09-18 16:12:03,146.18163014959322,154.7521255478388,3.1582625695776336,6.1434373141532355,7.437140006312365,14.466689332759136,414.6269588655714,217.78982223703895,7872.572762898307,10496.614971252115,True,1,7,640,480,20.334831194357562,35.51845156411122,False,False,22.238999999999997,31.1346,False,
2,overnightvideo0002 25-09-18 16-13-03.bmp,2025-09-18 16:13:03,150.4234174496801,159.8803754686499,3.1245016772211973,5.003280827898395,7.3576391802532966,11.781825984454185,428.25896299481,280.3126542780507,7885.870142363737,10514.157284652001,True,1,6,640,480,20.195525026436204,32.28176331469937,False,False,20.7564,29.651999999999997,False,
3,overnightvideo0003 25-09-18 16-14-03.bmp,2025-09-18 16:14:03,150.98431904720732,146.95950602678914,2.9254651059897534,3.739549617544715,6.888943872623262,8.805966398782115,406.5090501950059,280.236243314376,7871.762574006416,10496.421167701674,True,1,8,640,480,21.027124828763423,33.26167351918365,False,False,19.50860490639222,28.1694,False,
4,overnightvideo0004 25-09-18 16-15-03.bmp,2025-09-18 16:15:03,150.2566041418823,161.5570065801334,3.3702029677468444,3.9355952763633795,7.936221504273063,9.267618645909605,392.90609010969655,249.92081277847095,7894.413734120636,10527.663567870417,True,1,8,640,480,18.958308165900053,30.57844904062552,False,False,18.5325,27.428099999999997,False,
5,overnightvideo0005 25-09-18 16-16-04.bmp,2025-09-18 16:16:04,152.54895446207792,149.1687081569779,3.2486739114098904,3.35427517858293,7.650042446357109,7.898714427076851,380.1755628086733,321.5086671781541,7900.329918053098,10534.591209411743,True,1,7,640,480,24.337179531539167,32.66140505250215,False,False,20.7564,27.428099999999997,False,
6,overnightvideo0006 25-09-18 16-17-04.bmp,2025-09-18 16:17:04,153.39212786279222,154.9575429966026,3.2401995862060864,3.175744068609312,7.6300869354990795,7.47830579064935,371.3946718195561,283.69913416806725,7894.3227209792185,10527.342997087917,True,1,8,640,480,18.386223262988423,33.128831862310385,False,False,17.7912,29.651999999999997,False,
7,overnightvideo0007 25-09-18 16-18-04.bmp,2025-09-18 16:18:04,154.20733263673202,152.44245060085225,3.052030638338567,4.804983159129119,7.1869829252082615,11.314870659153385,475.822826008756,298.9150512280489,7903.401265058951,10537.951615539683,True,1,8,640,480,24.30062607206682,31.151689253537327,False,False,23.7216,28.1694,False,
8,overnightvideo0008 25-09-18 16-19-03.bmp,2025-09-18 16:19:03,151.57316653769067,158.4753332067636,3.457438063218692,5.004207407535772,8.141644455720359,11.784007912757598,319.77362290347554,249.0945665353868,7891.499496959018,10521.263407336815,True,1,7,640,480,25.400228269189924,36.09327888185767,False,False,23.7216,31.134599999501084,False,
9,overnightvideo0009 25-09-18 16-20-03.bmp,2025-09-18 16:20:03,153.5121904249973,135.49268637678134,3.047511293974634,4.445401773551859,7.176340682509674,10.468121204576052,439.3347575660054,281.55155125524806,7861.043642909472,10481.847249025375,True,1,7,640,480,21.574545723401428,34.64743540140558,False,False,20.7564,32.6172,False,
10,overnightvideo0010 25-09-18 16-21-04.bmp,2025-09-18 16:21:04,157.68638066129836,140.38539323894184,2.8882099628389177,5.797057059995611,6.801214714751176,13.651026167065847,356.6576572648423,158.56223158474785,7879.357682347019,10506.388716899666,True,1,9,640,480,20.418104652451607,35.19473033601624,False,False,19.273799999999998,32.6172,False,
11,overnightvideo0011 25-09-18 16-22-04.bmp,2025-09-18 16:22:04,154.66845745688485,142.0348358921907,2.8941169578773733,3.980725240068494,6.81512462507363,9.373891589073928,445.97221192360803,340.0881868962216,7894.9120399393605,10526.219859548524,True,1,7,640,480,26.39493354683364,33.24834298941879,False,False,25.2042,29.651999999999997,False,
12,overnightvideo0012 25-09-18 16-23-03.bmp,2025-09-18 16:23:03,156.4277462164678,139.24657273894294,2.86218625371643,4.3246491884617875,6.739933562863488,10.183770596716645,460.7834457330682,294.95074631267914,7849.967403435386,10466.849268715492,True,1,7,640,480,22.34710875397621,34.40043400284381,False,False,20.7564,32.6172,False,
13,overnightvideo0013 25-09-18 16-24-03.bmp,2025-09-18 16:24:03,153.65661615768823,137.1578973195243,3.668238810712933,4.174188785723201,8.638042281427305,9.829463424364393,338.9612224458311,326.3624810985409,7873.428565132603,10497.283799558865,True,1,7,640,480,21.693080110806083,33.36900856570341,False,False,21.41189322108096,34.099799999999995,False,
14,overnightvideo0014 25-09-18 16-25-03.bmp,2025-09-18 16:25:03,155.56270147409967,137.96305503193165,3.3454489835266736,4.702670932688643,7.877930326037025,11.073943777479608,399.3729727027117,314.0995808375953,7903.35771768459,10537.07383730228,True,1,7,640,480,22.702132059373927,30.83778859991753,False,False,22.238999999999997,28.169287971120255,False,
15,overnightvideo0015 25-09-18 16-26-04.bmp,2025-09-18 16:26:04,155.01898233353174,143.79804573540278,3.488086033095704,2.630662053919798,8.213814909526251,6.194735736272628,384.1663337941155,392.0617753649928,7894.698601591864,10527.876476288511,True,1,7,640,480,25.38571606346886,32.381457767292204,False,False,23.7216,29.651999999999997,False,
16,overnightvideo0016 25-09-18 16-27-04.bmp,2025-09-18 16:27:04,154.66250054973867,143.14191349853212,3.0968610454537564,4.193203392827909,7.292550466510008,9.874239402322948,436.9415531727206,279.78240923986493,7872.794004343731,10497.998463392192,True,1,7,640,480,20.052022793168952,35.29710636761394,False,False,17.7912,32.6172,False,
17,overnightvideo0017 25-09-18 16-28-04.bmp,2025-09-18 16:28:04,156.16686927347752,150.97254289574735,3.438117982903382,3.8039067294653486,8.096149143322258,8.957515815973123,368.2720898615046,330.9945081250896,7848.46593794947,10464.65827901168,True,1,2,640,480,22.567593332070683,33.93559679114858,False,False,20.7564,29.651999999999997,False,
18,overnightvideo0018 25-09-18 16-29-03.bmp,2025-09-18 16:29:03,157.15492583173094,146.68922905568056,3.1663875570982984,3.3262757518202086,7.456272889791653,7.832780815686618,367.27324288697804,346.9585084396303,7877.382762839644,10503.22323178692,True,1,6,640,480,19.88965172812067,32.853986347697656,False,False,20.7564,32.6172,False,
19,overnightvideo0019 25-09-18 16-30-03.bmp,2025-09-18 16:30:03,157.50389411107813,142.90356510131602,3.473765165545994,3.9900847221023272,8.18009184355796,9.395931484978306,334.3703215965425,315.76420954095266,7878.132017430693,10503.662154153424,True,1,5,640,480,21.700518159652503,34.71932004934661,False,False,20.7564,35.5824,False,
20,overnightvideo0020 25-09-18 16-31-03.bmp,2025-09-18 16:31:03,156.34191257131653,148.43136739332965,2.8135457541753532,3.8621241371589186,6.625393939543842,9.094607334579681,500.6300119438229,307.9843370637962,7898.781719004038,10532.85298224073,True,1,8,640,480,25.4384087138116,32.98534444085963,False,False,23.7216,29.651999999999997,False,
21,overnightvideo0021 25-09-18 16-32-04.bmp,2025-09-18 16:32:04,153.16605705046175,121.34850404572805,2.9097949689428733,4.342680275389368,6.8520435197968865,10.226230561647407,423.8069813247944,293.24200740870833,7867.706011727167,10490.064413460723,True,1,7,640,480,20.942352149912946,35.65181075696977,False,False,22.238999999999997,33.3585,False,
22,overnightvideo0022 25-09-18 16-33-03.bmp,2025-09-18 16:33:03,152.76688635147383,138.44966098812367,2.595817565987428,3.934208046466187,6.112683237630644,9.264351969140629,481.31825545334084,282.7419811870332,7889.615910284617,10520.203567680326,True,1,6,640,480,27.64925362457344,34.72300996311156,False,False,25.9455,29.651999999999997,False,
23,overnightvideo0023 25-09-18 16-34-03.bmp,2025-09-18 16:34:03,152.41674291070103,132.01445726345145,3.8007078725616577,3.293687017072923,8.949983083615127,7.7560402098615135,323.42810566074627,263.50767992533474,7867.085488725631,10491.334307649251,True,1,9,640,480,20.763159459429737,37.45778272731661,False,False,20.7564,34.099799999999995,False,
24,overnightvideo0024 25-09-18 16-35-04.bmp,2025-09-18 16:35:04,155.88904790103723,145.24501989173385,3.0368574542902382,4.208836883619526,7.151252807264313,9.911053459812852,438.3776213152547,321.2761539862687,7886.612421834657,10515.374041527404,True,1,8,640,480,28.853009126119073,32.53134456362685,False,False,26.686799999999998,29.651999999999997,False,
25,overnightvideo0025 25-09-18 16-36-04.bmp,2025-09-18 16:36:04,157.27529729136128,134.2998912791586,3.4200369697071724,4.767207765828469,8.053571611013355,11.225916405800087,403.02038172815134,272.01775175116774,7878.442191313164,10505.01560799483,True,1,8,640,480,20.74742017568292,35.6371023037802,False,False,20.7564,32.61720002446837,False,
26,overnightvideo0026 25-09-18 16-37-03.bmp,2025-09-18 16:37:03,154.85242993312835,156.1399845640734,3.4638949938632355,4.027118464857855,8.156849365431505,9.483139284761542,321.1837535420917,278.36887739600365,7906.867591787039,10542.445850886523,True,1,8,640,480,24.02846255740533,30.206233869294245,False,False,23.7216,26.686799999762677,False,
27,overnightvideo0027 25-09-18 16-38-03.bmp,2025-09-18 16:38:03,156.54208517527186,150.29420260608978,3.2948246801367915,4.571361895101924,7.758719201648803,10.764734623676677,321.5354466530101,266.62720949923363,7868.535110427405,10490.54749471452,True,1,7,640,480,21.564216556701496,35.9772912181057,False,False,20.7564,32.617200541207325,False,
28,overnightvideo0028 25-09-18 16-39-03.bmp,2025-09-18 16:39:03,153.62377260104248,150.8050036670185,2.62840270854092,4.112568590465712,6.189415384485798,9.684358953393337,501.70758954485206,321.65755020397387,7867.1227115522615,10489.475281275112,True,1,7,640,480,22.073659577728613,36.38946129656611,False,False,22.238999999999997,34.099799999999995,False,
29,overnightvideo0029 25-09-18 16-40-03.bmp,2025-09-18 16:40:03,155.85151176479184,150.5126259803201,3.018660759021853,7.059014632111079,7.108402864493,16.62270915386194,493.76989041834037,289.245436926266,7858.88876705779,10475.639577156615,True,1,6,640,480,21.482156547384072,41.121669347343214,False,False,22.238999999999997,40.0302,False,
30,overnightvideo0030 25-09-18 16-41-04.bmp,2025-09-18 16:41:04,155.27925793412507,158.68891432939355,3.202747083633304,3.921290302338894,7.541893031704118,9.2339330063331,377.05466508952213,282.442474683016,7868.653076252574,10492.060440502366,True,1,8,640,480,20.985468522872736,37.632261875038,False,False,17.7912,32.6172,False,
31,overnightvideo0031 25-09-18 16-42-04.bmp,2025-09-18 16:42:04,153.76109664626,128.90071532117216,3.420127644931537,5.478411616246583,8.053785134849276,12.900673488867854,362.7052292281471,228.55172030433084,7903.838331531427,10538.390520280187,True,1,8,640,480,22.739329065141714,31.70031600420389,False,False,22.238999999999997,26.686799999999998,False,
32,overnightvideo0032 25-09-18 16-43-04.bmp,2025-09-18 16:43:04,154.76143538069712,122.31159404250376,3.538660181239212,3.6942885532561114,8.332907927334949,8.699384737335876,349.05680268334964,293.04713011364794,7883.091920745332,10511.58608869208,True,1,7,640,480,20.474228127058687,32.035036944813356,False,False,17.7912,29.651999999999997,False,
33,overnightvideo0033 25-09-18 16-44-03.bmp,2025-09-18 16:44:03,155.60356661398606,133.02737872396625,2.953031584675612,3.8508943263244886,6.95385796920364,9.06816315092486,434.3109701128175,314.1320462331131,7897.347131220763,10530.17658031654,True,1,8,640,480,26.230295666506738,34.59831499152898,False,False,26.68674985061111,32.6172,False,
34,overnightvideo0034 25-09-18 16-45-03.bmp,2025-09-18 16:45:03,153.3768995998441,126.91576117491167,3.1595045316605876,3.974081629186507,7.440064603520473,9.35824708099764,380.9933064346162,283.13614539527094,7881.436946900021,10508.992763393226,True,1,8,640,480,20.73666378204418,34.39591405013948,False,False,20.7564,29.651999999999997,False,
35,overnightvideo0035 25-09-18 16-46-03.bmp,2025-09-18 16:46:03,157.87089746608208,122.39895439612684,4.049477090249559,4.726883048343908,9.535789824013266,11.130958952757233,299.7365485500616,230.13468264079728,7870.930490685082,10495.231750619367,True,1,7,640,480,21.513146437987146,37.292463271707334,False,False,20.756399977013537,37.83778275016113,False,
36,overnightvideo0036 25-09-18 16-47-03.bmp,2025-09-18 16:47:03,158.3793687234701,106.43729537650577,3.4230665416618673,4.718042457741227,8.060705707780134,11.110140952796126,379.9257240856336,222.50406689283355,7861.867347287461,10483.799130535637,True,1,7,640,480,22.145732167788786,36.21915465413865,False,False,20.7564,35.5824,False,
37,overnightvideo0037 25-09-18 16-48-04.bmp,2025-09-18 16:48:04,156.7665686146109,137.98809129751578,3.7453354625815183,3.5720952805725243,8.819591022652222,8.411641569452634,338.53149875988106,305.1348860980274,7881.271579448991,10509.291350319316,True,1,8,640,480,20.570010979554407,33.523191462005734,False,False,20.75639959279699,32.637401953721145,False,
38,overnightvideo0038 25-09-18 16-49-04.bmp,2025-09-18 16:49:04,156.14882848594337,140.56683602523864,3.882634236149518,4.004659642692187,9.142904926808313,9.43025280013804,314.9202018276414,245.13237859898612,7890.809524349252,10522.338153812601,True,1,6,640,480,20.197682152188865,32.88621397593513,False,False,19.273799999999998,28.9107,False,
39,overnightvideo0039 25-09-18 16-50-03.bmp,2025-09-18 16:50:03,157.85658750221714,143.1866718245589,3.8322684254086674,4.60816324382709,9.024302506091523,10.851395177338874,286.893127579049,258.22048732790114,7868.592318510654,10490.983973888573,True,1,7,640,480,21.187234920594932,34.52065377126058,False,False,20.7564,31.1346,False,
40,overnightvideo0040 25-09-18 16-51-03.bmp,2025-09-18 16:51:03,157.78073756807018,124.10484280821409,3.093154956208734,3.425262152815758,7.283823293267155,8.06587597693641,453.9887501236032,306.6495880074513,7858.368825489249,10479.673228905982,True,1,7,640,480,21.187435240460943,36.09691844404236,False,False,19.273799999999998,32.6172,False,
41,overnightvideo0041 25-09-18 16-52-03.bmp,2025-09-18 16:52:03,155.3493228090176,149.15375784083423,3.0484217988370923,4.491216344236102,7.17848475761089,10.576006273977795,496.1497827929693,298.57531676372486,7881.669984960982,10509.788949687143,True,1,6,640,480,20.30298670492812,32.99227607488666,False,False,20.7564,31.1346,False,
42,overnightvideo0042 25-09-18 16-53-04.bmp,2025-09-18 16:53:04,154.9929528462826,135.58914463908852,2.949531215855909,5.724268879121721,6.9456152305420025,13.479623099702673,401.07794760071425,223.26313111124534,7887.958873416911,10516.78225717992,True,1,8,640,480,18.85131564824457,34.392989814972594,False,False,18.02467768771868,32.6172,False,
43,overnightvideo0043 25-09-18 16-54-04.bmp,2025-09-18 16:54:04,156.83709243954092,128.25765904903184,3.2095809432519293,4.372562640594592,7.557985541318985,10.296598154225604,374.52817597862827,255.3080183726931,7878.9981813307395,10505.77859320318,True,1,9,640,480,21.617574624599122,33.70196578936095,False,False,22.239000390724005,31.1346,False,
44,overnightvideo0044 25-09-18 16-55-04.bmp,2025-09-18 16:55:04,153.63998906093138,136.53174820844512,3.259982348334705,4.075608986662918,7.67667178030563,9.597325737502116,384.6137461310051,312.02560357016233,7870.412662789841,10493.790281117477,True,1,7,640,480,20.701251607357637,34.209863252945155,False,False,20.7564,31.1346,False,
45,overnightvideo0045 25-09-18 16-56-03.bmp,2025-09-18 16:56:03,155.5504559540141,129.37924414129594,3.030823505331952,3.16403921681796,7.137043943306647,7.4507429710269575,392.9318291008381,298.8348326941089,7874.555998088681,10500.68941658572,True,1,8,640,480,21.493322618274146,38.222042953140495,False,False,20.7564,37.065,False,
46,overnightvideo0046 25-09-18 16-57-03.bmp,2025-09-18 16:57:03,158.15818645827724,135.033141416557,3.2891027590368034,5.008727368505166,7.745245107146465,11.794651607451083,398.23454599469676,280.99668882635274,7882.116769058236,10508.979336638135,True,1,7,640,480,20.07349101253364,37.10427433557751,False,False,20.7564,32.622529013677294,False,
47,overnightvideo0047 25-09-18 16-58-03.bmp,2025-09-18 16:58:03,153.67652383883149,133.45349946365346,2.9080149161071773,3.950604838322272,6.847851815698176,9.302963463277539,385.24911584015626,260.7700520716842,7882.944998184446,10511.06390202863,True,1,8,640,480,20.22705262278959,35.50780034121022,False,False,20.7564,29.651999999999997,False,
48,overnightvideo0048 25-09-18 16-59-03.bmp,2025-09-18 16:59:03,152.40218874636304,135.96077783667144,3.46614477890571,6.16700342579213,8.162147204346534,14.522183284829842,395.92358734015625,227.29130243786608,7895.364191627815,10526.998840622917,True,1,8,640,480,19.055773551743275,32.575011106429635,False,False,20.7564,29.651999999999997,False,
49,overnightvideo0049 25-09-18 17-00-04.bmp,2025-09-18 17:00:04,156.57297552875116,136.14667984186713,3.220919564927169,4.652678478068644,7.584685954922862,10.956220543240134,372.22646020640883,254.0267406678977,7887.230897757567,10516.396675273876,True,1,8,640,480,20.51943342218032,31.250922721635686,False,False,22.238999999999997,26.686799999999998,False,
50,overnightvideo0050 25-09-18 17-01-04.bmp,2025-09-18 17:01:04,154.76942049803915,147.09646200009252,3.6023535814244454,4.283780708146712,8.482894422827314,10.087532680060752,318.2746770452057,266.03118788593406,7886.512586906078,10515.386246048158,True,1,8,640,480,20.972614287923736,34.22290081650219,False,False,20.7564,29.651999999999997,False,
51,overnightvideo0051 25-09-18 17-02-04.bmp,2025-09-18 17:02:04,157.19745170350453,113.5537223358532,3.3917934653729187,4.355852863765274,7.987063240865136,10.257249636799932,325.2517584855175,277.2194221619872,7864.807376248311,10485.86495548579,True,1,7,640,480,22.539801656492045,34.584074148679456,False,False,20.756148538056188,29.651999999999997,False,
52,overnightvideo0052 25-09-18 17-03-03.bmp,2025-09-18 17:03:03,156.38105894376636,144.3331433794871,3.198386074437791,4.239259470774656,7.531623639833961,9.982693177867455,412.8644380292624,318.3721874657985,7884.549996386536,10512.581038089638,True,1,7,640,480,20.592240930027746,33.950701149408886,False,False,17.7912,31.875899999999998,False,
53,overnightvideo0053 25-09-18 17-04-03.bmp,2025-09-18 17:04:03,155.5245277726066,149.9088993281283,3.343953294279385,3.8520475095347497,7.8744082470163725,9.070878689863976,385.0308700929459,317.8959559993523,7868.033832519887,10491.04064068628,True,1,7,640,480,21.17350175045764,35.31373001879002,False,False,20.7564,34.099799999999995,False,
54,overnightvideo0054 25-09-18 17-05-03.bmp,2025-09-18 17:05:03,158.61881880755598,135.4866432354851,3.690856244225772,5.636755684160723,8.691302267230494,13.273545274003812,315.47290497600864,216.7242984943213,7882.989639710993,10510.353849892823,True,1,8,640,480,20.584529947806438,33.77920065583657,False,False,20.7564,29.651999999999997,False,
55,overnightvideo0055 25-09-18 17-06-04.bmp,2025-09-18 17:06:04,157.07003719928952,142.5932582813052,3.0230268642803164,4.555308578135098,7.118684256674344,10.726931951093961,398.99545091284574,277.1335928174251,7896.447765985323,10528.303249348897,True,1,7,640,480,26.15108229569719,33.18449935401828,False,False,25.2042,29.651999999999997,False,
56,overnightvideo0056 25-09-18 17-07-04.bmp,2025-09-18 17:07:04,155.96075890940045,142.35498977327,3.493757559620298,6.786803397403675,8.22717033387229,15.981700681890322,403.64770213146465,236.42152967921996,7868.22974135433,10489.958330238665,True,1,7,640,480,21.377884854643426,37.40858883651492,False,False,19.273799784160264,34.099799999999995,False,
57,overnightvideo0057 25-09-18 17-08-04.bmp,2025-09-18 17:08:04,157.03679568023284,136.65416038661087,2.8172066167118563,4.269392330611454,6.634014612026902,10.053650640225253,409.7952598179231,283.82066646147933,7888.83461407678,10518.147112071925,True,1,8,640,480,20.362976973281803,31.148244055554304,False,False,20.7564,26.686799999999998,False,
58,overnightvideo0058 25-09-18 17-09-04.bmp,2025-09-18 17:09:04,158.37944708359993,137.41668853955628,3.1008816934484993,5.624974856790695,7.302018369002042,13.245803545565822,380.9757276397272,248.97562070218115,7876.479324948655,10500.828152507496,True,1,7,640,480,19.764723230766887,35.382930757996114,False,False,20.7564,32.61719999598846,False,
59,overnightvideo0059 25-09-18 17-10-03.bmp,2025-09-18 17:10:03,158.31933559362042,125.43710252496457,3.308826598934412,5.958562308218844,7.791691200702335,14.031341962959615,380.09783324497886,220.4353686656277,7867.680420645766,10489.949164997808,True,1,7,640,480,21.490938513729404,35.417114332237624,False,False,20.756405874808802,30.3933,False,
60,overnightvideo0060 25-09-18 17-11-03.bmp,2025-09-18 17:11:03,156.25756775020452,133.065389673743,4.258813400965955,6.578489018059628,10.02873916464106,15.491157805742779,292.680064788007,197.47883210064808,7860.541505608531,10480.447100459034,True,1,8,640,480,21.562281856811826,37.52446678056028,False,False,20.01509998775233,32.617199855244756,False,
61,overnightvideo0061 25-09-18 17-12-03.bmp,2025-09-18 17:12:03,156.5166192613534,137.70001706002918,3.093734705443585,3.241140177160423,7.285188498386473,7.632301857932526,427.13792480314015,283.4261690164673,7874.910332033279,10501.984065092813,True,1,7,640,480,20.743765443379914,36.89976638069365,False,False,20.7564,32.6172,False,
62,overnightvideo0062 25-09-18 17-13-04.bmp,2025-09-18 17:13:04,153.56828799685312,142.14535132473634,3.1497110216693276,4.568240757314292,7.4170026498818435,10.757384905851058,382.7215396544806,276.2356170204886,7872.741178490762,10496.693455598963,True,1,7,640,480,21.185136076210416,39.096404469741564,False,False,20.7564,32.81453340410984,False,
63,overnightvideo0063 25-09-18 17-14-04.bmp,2025-09-18 17:14:04,157.25950340386515,129.58092878115198,3.2833971675116422,5.1843294605133075,7.731809465854257,12.208162933661225,342.3417025610637,231.0127714903855,7898.480375136313,10530.922803911462,True,1,8,640,480,25.869370439266376,31.78633055104651,False,False,23.7216,29.651999999999997,False,
64,overnightvideo0064 25-09-18 17-15-03.bmp,2025-09-18 17:15:03,159.0509484306942,97.65963657369413,3.0457422379362136,4.56748772106279,7.1721748738896185,10.755611640991386,341.9043492268716,235.01937792853732,7886.637056773491,10515.348467868165,True,1,8,640,480,19.957562890111003,35.25360028889624,False,False,17.7912,35.5824,False,
65,overnightvideo0065 25-09-18 17-16-03.bmp,2025-09-18 17:16:03,155.63752916411988,130.8726232906274,3.5936538515706578,4.208401964039748,8.46240812458126,9.910029302468415,379.98979859112706,294.4343279847341,7868.415733186732,10491.881337280645,True,1,6,640,480,20.87760255008059,34.37706678957433,False,False,20.7564,31.1346,False,
66,overnightvideo0066 25-09-18 17-17-03.bmp,2025-09-18 17:17:03,154.92590769123586,123.07811908966919,3.383222972893019,5.399521957977568,7.966881273377681,12.714902540230337,329.0862602258545,205.08481118302387,7910.470609019347,10547.325542205077,True,1,9,640,480,22.46178670123098,30.521329972402953,False,False,22.238999999999997,28.1694,False,
67,overnightvideo0067 25-09-18 17-18-04.bmp,2025-09-18 17:18:04,154.37950589267803,124.13066691889263,3.219606968151547,3.1031439586149356,7.581595025724584,7.307345596363141,366.0701181097838,300.4284334509029,7882.96356741409,10511.904456113134,True,1,7,640,480,19.170474468533918,33.14444697388902,False,False,18.532500000000674,32.6172,False,
68,overnightvideo0068 25-09-18 17-19-04.bmp,2025-09-18 17:19:04,156.211130097594,140.22471395009046,3.1945868185412754,5.001826613648075,7.522677075892643,11.77840157158776,421.43116831845026,230.92780829393223,7855.419265972699,10474.891024553368,True,1,6,640,480,22.67073481376589,37.33116504527131,False,False,22.238999999999997,32.6172,False,
69,overnightvideo0069 25-09-18 17-20-04.bmp,2025-09-18 17:20:04,152.65278569987913,152.66373693283947,2.767709453431863,3.5545453063614687,6.517457699763004,8.370314538390664,466.65937443788494,346.9904973815049,7874.617961193311,10499.794460653402,True,1,8,640,480,20.489017713403506,36.052803686327415,False,False,20.7564,34.099799999999995,False,
70,overnightvideo0070 25-09-18 17-21-03.bmp,2025-09-18 17:21:03,154.77844467985375,124.021817758289,3.742272866547484,4.573199442477144,8.812379160121445,10.76906171706954,307.0909536247837,236.57677123245838,7891.02240204273,10521.714681006748,True,1,7,640,480,27.037732919852782,32.92005184548165,False,False,26.686799999999998,29.651999999999997,False,
71,overnightvideo0071 25-09-18 17-22-03.bmp,2025-09-18 17:22:03,155.11644205294553,130.3479110430973,3.4850727208479193,3.42818609238918,8.20671910144323,8.072761328454364,367.3644880315517,290.44165452732415,7882.124662467775,10510.985792078405,True,1,8,640,480,20.4444352586914,33.32301307389948,False,False,19.273799999999998,29.651999999999997,False,
72,overnightvideo0072 25-09-18 17-23-03.bmp,2025-09-18 17:23:03,155.9005191003262,139.16293309961054,3.3110811682152828,3.1481089617101583,7.79700030563784,7.41323008697665,324.3089850349968,325.6439730670264,7885.445857866507,10514.181871158582,True,1,7,640,480,20.049130415836554,32.36793253248727,False,False,18.22962952623433,31.1346,False,
73,overnightvideo0073 25-09-18 17-24-03.bmp,2025-09-18 17:24:03,151.38703599245778,125.21496489799979,3.390033298968046,3.8792271901530895,7.982918365732353,9.134881946601581,340.86026626666126,240.11294586962268,7887.616440174986,10517.992071669476,True,1,8,640,480,20.893488851191655,29.100753908823318,False,False,19.273799999999998,25.2042,False,
74,overnightvideo0074 25-09-18 17-25-04.bmp,2025-09-18 17:25:04,156.49840817295166,136.0667998927719,3.467836284671263,3.6219088282442162,8.166130396029544,8.528943510024039,363.7701075523399,286.9564428405416,7896.31703205541,10529.58288718463,True,1,9,640,480,27.38221497779497,32.34095237423396,False,False,25.2042,29.651999999999997,False,
75,overnightvideo0075 25-09-18 17-26-04.bmp,2025-09-18 17:26:04,154.34107113013368,125.75044671692064,3.5855295900023143,4.538571575041106,8.443276950589052,10.687519320714484,361.2342823551052,234.69307035107403,7863.464647546452,10485.820857291532,True,1,7,640,480,20.92565878989423,35.737714664534565,False,False,20.7564,31.1346,False,
76,overnightvideo0076 25-09-18 17-27-04.bmp,2025-09-18 17:27:04,155.58546069302514,145.00996691616686,3.3411447370657217,4.520456967263197,7.867794600192022,10.64486267921119,389.1022988529978,290.0500669213185,7869.180101851559,10492.182108658692,True,1,7,640,480,20.238396505221463,36.49942507033243,False,False,19.273799999999998,32.6172,False,
77,overnightvideo0077 25-09-18 17-28-03.bmp,2025-09-18 17:28:03,157.04633915382516,143.10872660900083,3.7633907789634256,4.697289071478401,8.862108043587714,11.061270462822153,293.86105874669005,242.82624097337987,7884.0248198437175,10511.851827070112,True,1,8,640,480,20.10367566104694,35.736527156849164,False,False,19.273799999999998,32.6172,False,
78,overnightvideo0078 25-09-18 17-29-03.bmp,2025-09-18 17:29:03,155.2854633985392,149.82236990193414,2.727294894180955,5.025833810442522,6.422288685527875,11.834934199824328,412.22508784422604,241.4812949040188,7905.773280712953,10540.564257252532,True,1,8,640,480,23.187276438506288,31.745653983246935,False,False,21.499849440912428,28.1694,False,
79,overnightvideo0079 25-09-18 17-30-03.bmp,2025-09-18 17:30:03,157.58695049568436,136.49281812579127,3.459292095958922,3.5681239838126593,8.146010369181196,8.402289880237737,301.84872249093246,315.2134215969091,7887.025971276987,10515.614049174685,True,1,7,640,480,20.15991752553732,33.39822512894699,False,False,19.273799999999998,29.652000548990387,False,
80,overnightvideo0080 25-09-18 17-31-04.bmp,2025-09-18 17:31:04,155.20448305338164,139.69077112995046,3.3852113580559693,4.187296760545232,7.971563562616638,9.860330346225071,373.16957452132266,284.38052607248545,7907.1179407406535,10543.20238124813,True,1,7,640,480,22.449761669441724,30.87518679945665,False,False,20.7564,25.2042,False,
81,overnightvideo0081 25-09-18 17-32-04.bmp,2025-09-18 17:32:04,153.9557794563412,166.11081377917333,3.0668415616441744,3.0990780601877526,7.2218599842937214,7.297771137245751,341.11044020448634,286.4453375033903,7885.649588691366,10515.02671836749,True,1,7,640,480,19.321673277063173,33.25229274553993,False,False,17.7912,29.651999999999997,False,
82,overnightvideo0082 25-09-18 17-33-04.bmp,2025-09-18 17:33:04,154.86697320127476,130.90150968597288,3.5661870966369262,5.191454193589572,8.397728859491357,12.224940397924707,390.8116315914969,228.7240599181559,7865.296083796493,10488.138756894323,True,1,6,640,480,22.440588408083183,37.318622110900904,False,False,20.7564,32.6172,False,
83,overnightvideo0083 25-09-18 17-34-03.bmp,2025-09-18 17:34:03,152.45093031704283,145.19413443803128,3.692588164737497,5.300848106236611,8.695380628367904,12.482543376230318,329.0666353522422,189.76844623457546,7857.750276590553,10478.092704393297,True,1,7,640,480,21.27481043100395,34.57180682703241,False,False,20.7564,32.6172,False,
84,overnightvideo0084 25-09-18 17-35-03.bmp,2025-09-18 17:35:03,154.20859824285102,139.3870108861921,2.9831930775826776,4.765286259650427,7.024882857289257,11.221391604535382,397.94192596276315,250.97708876535637,7884.759823949266,10512.966934473465,True,1,7,640,480,19.8012906608638,33.48839007157328,False,False,20.7564,29.651999999999997,True,96.17783649091977
85,overnightvideo0085 25-09-18 17-36-04.bmp,2025-09-18 17:36:04,154.9925954239637,135.18514850836283,3.5035625030263393,4.093500078768811,8.250259211145229,9.639456039820566,338.85671688197266,251.0095915484551,7880.625182267736,10508.334208195081,True,1,7,640,480,21.059728956186678,31.608991089114802,False,False,20.7564,28.1694,False,
86,overnightvideo0086 25-09-18 17-37-04.bmp,2025-09-18 17:37:04,152.79743333165626,140.52078081757443,3.504967754139449,4.057381661390502,8.253568324634681,9.55440366658333,364.4552206124823,291.162739413086,7889.14534926009,10519.362028599831,True,1,8,640,480,19.32320880862666,33.12832833460888,False,False,19.273799999999998,28.1694,False,
87,overnightvideo0087 25-09-18 17-38-04.bmp,2025-09-18 17:38:04,155.98164767127918,138.45778507646645,3.1312693573946664,4.00369423392058,7.37357584918414,9.427979436211013,358.0112913061017,256.8539697241272,7858.082804752404,10477.927649609017,True,1,6,640,480,22.032301491645658,36.780778220464356,False,False,22.238999999999997,34.099799999999995,False,
88,overnightvideo0088 25-09-18 17-39-04.bmp,2025-09-18 17:39:04,156.07532739168133,138.97239062402502,3.300639087414877,3.7690358786432303,7.772411084457212,8.875401237469916,387.48114233134135,298.2473471449897,7866.964350551532,10490.09434736714,True,1,7,640,480,31.11042772119005,36.99537710809972,False,False,31.1346,35.5824,False,
89,overnightvideo0089 25-09-18 17-40-03.bmp,2025-09-18 17:40:03,153.4485883176149,144.37120858540368,3.1232711321692057,4.435264305753415,7.3547414680985534,10.444249292198418,392.7157463475999,254.37824898206392,7894.435118207343,10526.42694755075,True,1,8,640,480,20.720519165290625,33.11857558318462,False,False,17.7912,26.686799999999998,False,
90,overnightvideo0090 25-09-18 17-41-03.bmp,2025-09-18 17:41:03,154.24731639338572,149.48213297728512,2.9083797400773452,5.760595972867084,6.848710910496035,13.565166868231973,425.91466425707205,250.72241440920203,7890.520289782908,10519.620104964415,True,1,7,640,480,20.010284763658838,33.50517952481626,False,False,17.7912,26.686799999999998,False,
91,overnightvideo0091 25-09-18 17-42-04.bmp,2025-09-18 17:42:04,156.34360194343046,124.38894757832816,3.348130820759211,4.09546902549848,7.884245570109715,9.64409255504719,359.65352462504654,262.9563190927103,7887.4853137866785,10517.311537835525,True,1,7,640,480,21.079723528694657,34.04100983614046,False,False,20.7564,29.65206314378267,False,
92,overnightvideo0092 25-09-18 17-43-04.bmp,2025-09-18 17:43:04,153.39940685098617,156.4253452819837,3.4520395169246525,4.788572037646196,8.128931850693126,11.276225421323959,287.0786936143322,205.31763878360653,7885.99674037689,10514.703203044362,True,1,8,640,480,19.524839653703797,31.917022925094816,False,False,20.7564,32.6172,False,
93,overnightvideo0093 25-09-18 17-44-04.bmp,2025-09-18 17:44:04,156.5441336956504,121.6169798979642,3.70625103069331,4.50026929204431,8.727554218993223,10.59732433694318,333.08782155531156,287.98515136971315,7897.349296296627,10529.47788094115,True,1,8,640,480,25.794937585939167,31.80688155150784,False,False,23.7216,31.1346,False,
94,overnightvideo0094 25-09-18 17-45-03.bmp,2025-09-18 17:45:03,156.92976618970124,119.38203041808136,3.071339470455499,4.119393360063856,7.23245175012335,9.700430057645763,439.1754569456651,280.8234284987729,7906.060807993876,10542.417243414091,True,1,8,640,480,23.084411358016098,29.764154762583757,False,False,20.7564,26.686799999999998,False,
95,overnightvideo0095 25-09-18 17-46-03.bmp,2025-09-18 17:46:03,155.3088527541272,151.19257321041084,3.292198523125355,3.6530112324488266,7.7525350744768735,8.60218407489371,388.54726694948187,255.99324170933713,7885.189975671149,10515.383200245797,True,1,8,640,480,19.90728054252989,34.10380325979661,False,False,19.251024222601494,29.652000335242047,False,
96,overnightvideo0096 25-09-18 17-47-04.bmp,2025-09-18 17:47:04,155.44548233423694,135.7004110924284,3.576652996842563,5.057860303928431,8.422374171084885,11.910350828656998,332.7088280413807,234.17332494588643,7886.237738110393,10515.012727963745,True,1,7,640,480,20.628478513998363,33.36071928642461,False,False,20.7564,31.495615359843537,False,
97,overnightvideo0097 25-09-18 17-48-04.bmp,2025-09-18 17:48:04,154.94866280551778,146.05693819248225,3.5153993871425104,3.942398841999453,8.278132943132698,9.283639818647115,334.53659181120025,217.18150670990977,7885.987704105311,10516.320384297653,True,1,8,640,480,20.621771617899714,32.41077813051579,False,False,19.273799999999998,29.651999999999997,False,
98,overnightvideo0098 25-09-18 17-49-04.bmp,2025-09-18 17:49:04,155.88001389327863,117.96804614782333,3.2418957532978845,4.0575616910172805,7.634081103766568,9.554827603957166,328.6914762877836,250.09680004385834,7890.257778534474,10520.608991144065,True,1,7,640,480,20.008030074959745,31.115297179661283,False,False,17.7912,26.686799999999998,False,
99,overnightvideo0099 25-09-18 17-50-03.bmp,2025-09-18 17:50:03,154.788255913493,119.20560086307493,3.241127699756268,8.980528989061298,7.632272475891113,21.147529678423073,349.9133796150942,162.5912690414165,7875.817496728257,10499.387359696246,True,1,8,640,480,21.999247597872273,35.58747106881456,False,False,20.7564,32.6172,False,
100,overnightvideo0100 25-09-18 17-51-03.bmp,2025-09-18 17:51:03,154.33344022809715,112.6321183670182,4.21407606605155,4.183408352544712,9.923390791623358,9.851173845122187,300.4420287150327,249.68505013077583,7896.136553321118,10529.339042126454,True,1,7,640,480,25.04055825542058,32.57792567971577,False,False,23.7216,29.651999999999997,False,
101,overnightvideo0101 25-09-18 17-52-03.bmp,2025-09-18 17:52:03,151.3452135682801,120.70428906923361,3.495605636680713,5.68739563670295,8.231522222778917,13.392793249329666,350.7005617094091,215.11642035541405,7885.837651835111,10514.463041965966,True,1,7,640,480,18.789833278408494,32.710388385600886,False,False,19.273799999999998,26.68680002277206,False,
102,overnightvideo0102 25-09-18 17-53-04.bmp,2025-09-18 17:53:04,154.60481362773882,128.62162311289904,4.133394487951569,6.153242040460505,9.73340019424879,14.489777698803536,269.58971050019335,186.37523174454822,7880.302831903757,10506.90076839783,True,1,8,640,480,20.665068055720035,35.15155413135972,False,False,20.7564,28.1694,False,
103,overnightvideo0103 25-09-18 17-54-04.bmp,2025-09-18 17:54:04,156.671537454294,126.76744511388927,3.5011036817403096,2.752075186993017,8.244469129493739,6.480641815763454,314.9324239345207,308.50362450445823,7895.467443621924,10528.61418646055,True,1,7,640,480,19.62907094090632,32.926800265178336,False,False,19.273799999999998,29.651999999999997,False,
104,overnightvideo0104 25-09-18 17-55-04.bmp,2025-09-18 17:55:04,157.01706881087452,133.94570139261185,3.798027015917676,5.964898612731433,8.943670148652023,14.046262819837281,354.4092586588003,211.94797597876135,7881.290528310567,10508.814582788593,True,1,6,640,480,21.083614757408693,33.77366716730376,False,False,20.7564,28.1694,False,
105,overnightvideo0105 25-09-18 17-56-04.bmp,2025-09-18 17:56:04,155.2557772943876,136.11177422687283,3.3563022956120143,5.343735941671202,7.903487922890562,12.583536510799682,360.07172937117065,199.36940398068248,7881.049555837248,10508.813530747617,True,1,7,640,480,20.272813496130457,33.66620894200157,False,False,19.273799999999998,30.67950159016781,False,
106,overnightvideo0106 25-09-18 17-57-03.bmp,2025-09-18 17:57:03,157.88674057118521,136.69929041986128,3.689231198706499,3.1865173195406973,8.687475577467621,7.503674857892725,348.5872956406688,350.45044404808147,7878.206918898648,10505.16001473164,True,1,7,640,480,20.186681389347413,31.168473591905727,False,False,19.273799999999998,29.651999999999997,False,
107,overnightvideo0107 25-09-18 17-58-03.bmp,2025-09-18 17:58:03,156.65299451563092,113.42169697031275,2.9557685514831067,2.909294544701704,6.9603030335045135,6.850865110762761,395.6355525289202,281.4144622148537,7892.549579747512,10525.230790440433,True,1,7,640,480,19.548656742993398,30.253741030707605,False,False,19.273799999999998,26.686799999999998,False,
108,overnightvideo0108 25-09-18 17-59-04.bmp,2025-09-18 17:59:04,154.6316612142814,139.0682852585379,4.01265391870063,3.114354466940841,9.449077881528233,7.33374432608397,313.3357589308413,250.07567555914673,7885.069369241943,10515.924535383072,True,1,8,640,480,20.677529995030504,33.593088885592,False,False,20.7564,29.651999999999997,False,
109,overnightvideo0109 25-09-18 18-00-04.bmp,2025-09-18 18:00:04,154.55171033163177,133.05815794139173,3.4867186050053594,3.4152365282110644,8.21059486244897,8.042267435153322,363.7890599939415,274.4322409519482,7897.310183248674,10531.47637521088,True,1,9,640,480,26.09115958930525,33.17122345527017,False,False,24.69864194477814,29.651999999999997,False,
110,overnightvideo0110 25-09-18 18-01-04.bmp,2025-09-18 18:01:04,155.88214937690222,130.5628466438924,3.4078004952897993,6.126560819423451,8.024756915774816,14.426948224679581,323.85720156747146,191.1753344534248,7886.241535835362,10514.635663245168,True,1,8,640,480,21.187233852882592,34.71581228795284,False,False,20.7564,31.1346,False,
111,overnightvideo0111 25-09-18 18-02-03.bmp,2025-09-18 18:02:03,158.40489232113575,130.56858701770224,2.842394130614113,4.674398677473695,6.693326674648431,11.007367704181217,401.02380749688234,220.19530672767505,7879.457461487779,10506.52078334428,True,1,8,640,480,21.3605320768309,32.79363161827873,False,False,20.7564,28.57216421760852,False,
112,overnightvideo0112 25-09-18 18-03-03.bmp,2025-09-18 18:03:03,155.5565111231703,134.80020550450863,3.2366315312852336,3.6126860363690447,7.621684808249684,8.507225494845235,380.7536339537783,235.24900202424286,7867.687396158573,10492.247218294375,True,1,8,640,480,21.599033439107988,38.170157549683,False,False,20.7564,35.5824,False,
113,overnightvideo0113 25-09-18 18-04-04.bmp,2025-09-18 18:04:04,158.70277025624682,130.6081244987923,3.7142042527844197,4.682467820876947,8.746282625795951,11.026369084813423,322.7386314322176,252.67772369754536,7886.105096218312,10514.888061338237,True,1,8,640,480,19.27611813974054,33.065795552302724,False,False,19.273799979787906,31.694274342830674,False,
114,overnightvideo0114 25-09-18 18-05-04.bmp,2025-09-18 18:05:04,154.90934550348592,136.98474491869436,3.1756809540955055,4.257686438761871,7.478157167327106,10.026085371452892,297.09475078865665,258.57717212154273,7884.606329707542,10511.986148653996,True,1,8,640,480,20.287340811424574,34.35211649028507,False,False,17.7912,32.6172,False,
115,overnightvideo0115 25-09-18 18-06-04.bmp,2025-09-18 18:06:04,157.86186161822295,124.91633989992316,3.5182360344767107,4.140863948856815,8.284812737135956,9.75098943051404,358.35566031461826,271.5355064532992,7905.991708908923,10542.034517173754,True,1,6,640,480,23.92263815152492,31.700485808154813,False,False,20.7564,28.1694,False,
116,overnightvideo0116 25-09-18 18-07-03.bmp,2025-09-18 18:07:03,157.86797723763746,136.77379237973216,3.5644313261470884,5.012125951501135,8.393594335947412,11.802654658814692,407.48026103397785,282.2438688107527,7893.358256783031,10524.675039171441,True,1,9,640,480,26.602465395710926,32.60633968160769,False,False,26.686799999999998,31.13525927675546,False,
117,overnightvideo0117 25-09-18 18-08-03.bmp,2025-09-18 18:08:03,155.60357561760108,140.83529083452524,3.7006628777300055,4.226053902889878,8.714395124380534,9.95159644190636,300.8115998979538,236.939774926395,7900.563461854199,10534.668879820114,True,1,8,640,480,20.019130314309667,28.367648586177385,False,False,20.01509999999528,22.238999999999997,False,
118,overnightvideo0118 25-09-18 18-09-03.bmp,2025-09-18 18:09:03,154.8767224350506,139.38401192658228,3.284133349665319,2.888397702433768,7.733543042346529,6.801656807712376,329.20505211155904,287.6518746091318,7882.53273529659,10511.350750695272,True,1,8,640,480,20.029748567763416,34.989844333072575,False,False,20.7564,32.6172,False,
119,overnightvideo0119 25-09-18 18-10-04.bmp,2025-09-18 18:10:04,154.15455360037885,128.85565481962087,2.729696222507794,5.820254945226831,6.427943381606616,13.705653012210652,440.0352828812676,220.39904415935192,7879.636143344429,10505.755314184986,True,1,8,640,480,20.648427800334012,32.320498849287986,False,False,22.238999999999997,26.686799999999998,False,
120,overnightvideo0120 25-09-18 18-11-04.bmp,2025-09-18 18:11:04,156.80163925203104,123.35326881971947,3.3920643881168706,4.3756541669779585,7.9877012151732485,10.303878142522898,355.0457847823118,270.68207793556485,7896.37370610782,10528.602336436506,True,1,7,640,480,19.512158745288946,31.043739406505853,False,False,17.802706664378967,26.686799999999998,False,
121,overnightvideo0121 25-09-18 18-12-04.bmp,2025-09-18 18:12:04,153.27523779543205,143.15942580138582,3.878738254417601,3.7636352688362296,9.13373059093092,8.862683773240999,310.2665356256651,280.8018526596007,7880.739713348021,10508.41855330834,True,1,7,640,480,20.96708758821716,34.18925166613454,False,False,19.273799999999998,29.651999999999997,False,
122,overnightvideo0122 25-09-18 18-13-04.bmp,2025-09-18 18:13:04,154.8536212120157,134.88375785656433,3.8039851781876366,4.5068483077911665,8.957700548596874,10.612816735100452,324.77801790742325,223.9344212920154,7880.253412773331,10508.18586315649,True,1,8,640,480,20.144094620280544,33.961611479858185,False,False,17.7912,31.1346,False,
123,overnightvideo0123 25-09-18 18-14-04.bmp,2025-09-18 18:14:04,153.30649577586863,145.61726417271234,3.1399469137403235,5.101563242095832,7.394009932808779,12.013263383480343,395.513738393815,245.83183467377197,7879.254746932479,10505.609105558928,True,1,7,640,480,20.514818293490205,33.05012806035389,False,False,21.02713886180436,29.074538842596183,False,
124,overnightvideo0124 25-09-18 18-15-03.bmp,2025-09-18 18:15:03,154.56539525275838,143.3124033295771,2.8318464484058974,3.654620706920516,6.668488781155909,8.605974097641608,367.4604097911176,272.5034972615494,7884.194725051025,10512.493034606157,True,1,6,640,480,21.30840497903785,34.03676519269987,False,False,22.238999999999997,34.099799999999995,False,
125,overnightvideo0125 25-09-18 18-16-03.bmp,2025-09-18 18:16:03,152.85682023082234,125.44176710922856,3.099607318003106,3.9387601893536095,7.299017444158334,9.275071446459778,383.707181946457,272.66338530945546,7900.665254286414,10534.82290063262,True,1,8,640,480,24.884423057448764,34.03149927599978,False,False,22.233162015508285,30.3933,False,
126,overnightvideo0126 25-09-18 18-17-04.bmp,2025-09-18 18:17:04,154.6974150242235,140.146908891396,3.6287735920384265,4.179196742090339,8.545108793411048,9.841256260402368,330.81037228032665,308.1010668807276,7886.637427061764,10515.061308113694,True,1,8,640,480,20.798509126248177,32.89584093825212,False,False,19.273799999999998,26.686799999999998,False,
127,overnightvideo0127 25-09-18 18-18-04.bmp,2025-09-18 18:18:04,156.19499513322947,138.38861811933688,3.7624056800276313,4.379886476059505,8.859788312867366,10.31384446878489,359.6044218287088,270.9262656216981,7893.749355928409,10525.867852069452,True,1,8,640,480,18.885050601666865,31.023233379281628,False,False,19.273799999999998,26.686799999999998,False,
128,overnightvideo0128 25-09-18 18-19-04.bmp,2025-09-18 18:19:04,153.36940179873721,151.06467083420105,3.7153116683933938,4.001901817816764,8.748890390270143,9.42375861884071,367.447993607812,327.0123040859009,7873.603111927125,10498.432599846143,True,1,6,640,480,20.86849786194248,33.473608825800596,False,False,20.7564,33.3585,False,
129,overnightvideo0129 25-09-18 18-20-03.bmp,2025-09-18 18:20:03,155.1664471285794,119.49227801958004,3.22823034427197,5.426393618887917,7.601901524668797,12.7781804659853,402.95140641623595,241.08094802942466,7904.950512366037,10539.89547623943,True,1,7,640,480,24.287854511228122,32.72285826985628,False,False,23.721624294323814,28.18442960180702,False,
130,overnightvideo0130 25-09-18 18-21-03.bmp,2025-09-18 18:21:03,155.50133209400607,126.44544820216895,3.5809845714495383,4.1297813366379925,8.432574249795936,9.724891873109852,326.7097752968369,252.11766699635817,7890.992794741741,10521.996086685844,True,1,7,640,480,19.82179108518367,31.319478839597707,False,False,19.273799999999998,27.464587408183036,False,
131,overnightvideo0131 25-09-18 18-22-03.bmp,2025-09-18 18:22:03,157.25477438097153,140.89789200014923,4.508482589040759,3.9285272642618216,10.616665173346211,9.250974749334334,257.797104247319,257.91120535044377,7872.158768320745,10496.990116966786,True,1,8,640,480,21.287833292656643,34.69120079793924,False,False,19.273799999999998,32.6172,False,
132,overnightvideo0132 25-09-18 18-23-04.bmp,2025-09-18 18:23:04,153.15157568999481,171.01495790117298,3.7230048258176685,5.946511578017894,8.767006391582404,14.002964661925159,310.99447004649875,234.72766587824222,7895.391782461725,10525.946294217498,True,1,8,640,480,27.069804578714827,34.359034740720446,False,False,23.7216,31.1346,False,
133,overnightvideo0133 25-09-18 18-24-04.bmp,2025-09-18 18:24:04,156.45553696248874,144.68407583673633,3.5461062335468694,4.802057019768779,8.350442040565369,11.307980127533103,327.7439571039955,194.31684142781663,7860.596498901391,10481.99171299499,True,1,8,640,480,22.332373408113646,38.332268786120636,False,False,20.7564,35.5824,False,
134,overnightvideo0134 25-09-18 18-25-03.bmp,2025-09-18 18:25:03,154.97798469758095,168.1450518962034,2.8047229951350956,5.227762026723411,6.604617929703365,12.31043881117991,419.8531391924733,200.18340737774523,7890.26916459725,10521.043302875609,True,1,7,640,480,19.71185704327424,32.65485906676393,False,False,19.273799999999998,29.651947124915907,False,
135,overnightvideo0135 25-09-18 18-26-03.bmp,2025-09-18 18:26:03,153.24414904362277,148.72876415361327,3.0003321031559183,3.9194424635943017,7.065242178261422,9.229581678617349,369.933215101746,272.4733283331439,7887.946620118288,10517.481380285215,True,1,8,640,480,19.023448692609744,34.09502613549413,False,False,17.7912,31.1346,False,
136,overnightvideo0136 25-09-18 18-27-03.bmp,2025-09-18 18:27:03,154.5289985679718,143.38558590465033,3.647670704123026,4.565586627464545,8.589608091741058,10.75113490767876,321.42942497052616,247.52535967831778,7863.700088765448,10485.15473932946,True,1,8,640,480,22.87188468801323,37.51999358984216,False,False,22.238999999999997,36.323699999999995,False,
137,overnightvideo0137 25-09-18 18-28-04.bmp,2025-09-18 18:28:04,153.53650493672174,136.194348032822,3.496409271108329,3.532286978570057,8.233414637237944,8.317900181938578,342.8759926485442,304.8222880235983,7892.32963561208,10523.74388271821,True,1,7,640,480,19.271789812755596,31.03603787031452,False,False,17.7912,25.2042,False,
138,overnightvideo0138 25-09-18 18-29-04.bmp,2025-09-18 18:29:04,156.08487329712278,135.71784501586941,3.438448081505208,3.931172400893267,8.096926466126675,9.257203570095909,351.10710938900564,272.1072640740718,7886.129435950113,10515.557621479298,True,1,7,640,480,29.66893469783086,35.91956957343439,False,False,29.651999999999997,32.6172,False,
139,overnightvideo0139 25-09-18 18-30-04.bmp,2025-09-18 18:30:04,151.76547159040723,131.51984733151005,2.9531749453985316,3.0691483268728823,6.954195557907641,7.227292001293463,393.42251208551,315.3687682065477,7885.615133131405,10515.166251210741,True,1,8,640,480,20.28095722712662,33.92826205984827,False,False,20.7564,30.39672987244954,False,
140,overnightvideo0140 25-09-18 18-31-03.bmp,2025-09-18 18:31:03,151.93309588042248,144.8068865530438,3.441609702921327,3.6447543191205076,8.10437151561215,8.582740529878102,337.1323585559,273.9846046652608,7875.321272449282,10501.272634431643,True,1,8,640,480,21.407258286086417,34.232752134354854,False,False,19.273799999999998,33.30554493123308,False,
141,overnightvideo0141 25-09-18 18-32-03.bmp,2025-09-18 18:32:03,159.26914752486465,136.1234042367982,3.1295801718418654,5.692974237851652,7.3695981211846275,13.405929851137861,458.18931068712584,255.41570947223346,7897.896320301889,10530.423279894261,True,1,7,640,480,19.114695006402762,33.17932486822447,False,False,17.7912,28.1694,False,
142,overnightvideo0142 25-09-18 18-33-03.bmp,2025-09-18 18:33:03,155.1635101422098,122.367679194181,3.2081961546568523,4.292671736334345,7.554724613377167,10.108469451457925,367.6823390820196,258.51548579605037,7906.356544751125,10542.173623227876,True,1,7,640,480,23.50438049537788,30.43621785014108,False,False,22.238999999999997,26.686799999999998,False,
143,overnightvideo0143 25-09-18 18-34-04.bmp,2025-09-18 18:34:04,152.42534941558515,152.35411317753469,4.0325131091850075,3.949198556080857,9.495842701358933,9.299651921666484,311.2676426882085,242.05434066487348,7873.065161134598,10498.983046371917,True,1,8,640,480,21.065189256967486,36.171879168897824,False,False,20.7564,32.6172,False,
144,overnightvideo0144 25-09-18 18-35-04.bmp,2025-09-18 18:35:04,155.93972613307238,130.11000428277333,3.313153343994577,5.180182634531973,7.80187990669975,12.198397904717122,372.882651976375,252.01349570795674,7875.601980932288,10500.436785641612,True,1,8,640,480,20.201446087791993,32.929368676808316,False,False,17.7912,29.651999999999997,False,
145,overnightvideo0145 25-09-18 18-36-04.bmp,2025-09-18 18:36:04,152.15665381002515,148.68633956353779,3.7921177859655852,5.775705674663559,8.929754975510143,13.600747496896751,263.97155984113726,153.62766497938173,7882.190370159919,10510.180933796599,True,1,8,640,480,28.69685109760203,34.06465159212229,False,False,26.686799999999998,31.1346,False,
146,overnightvideo0146 25-09-18 18-37-03.bmp,2025-09-18 18:37:03,156.5046825157822,144.72551761371386,3.0741638867523946,3.8611769694193474,7.239102742234792,9.092376925000533,331.6172630946487,247.9491600675879,7886.51191921161,10515.673365165509,True,1,8,640,480,28.07781851509839,33.9939191803164,False,False,26.686799999999998,32.6172,False,
147,overnightvideo0147 25-09-18 18-38-03.bmp,2025-09-18 18:38:03,157.22235822066776,118.52098366840308,4.007449799010166,4.890092815646469,9.436823116164387,11.51528858434614,295.18479851077217,250.20053889621897,7884.574708602989,10512.554438799434,True,1,7,640,480,20.053848824236944,34.98192265714048,False,False,19.273799999999998,31.1346,False,
148,overnightvideo0148 25-09-18 18-39-03.bmp,2025-09-18 18:39:03,154.53319789325494,132.2530906253772,3.1473421748264747,4.372526254445784,7.411424441852685,10.29651247139303,394.5902921497539,298.7621961034197,7861.910924377658,10482.211411073997,True,1,7,640,480,21.349172369400055,31.81924648674178,False,False,20.7564,26.6868000017853,False,
149,overnightvideo0149 25-09-18 18-40-04.bmp,2025-09-18 18:40:04,156.89288392348124,132.65287730084944,2.812010655342182,5.373601609892495,6.621779058040387,12.653864784985426,420.9343543512791,220.64388664989812,7894.762460270468,10526.339604645907,True,1,8,640,480,19.07635111496818,31.02219624587345,False,False,17.7912,24.46860040175895,False,
150,overnightvideo0150 25-09-18 18-41-04.bmp,2025-09-18 18:41:04,154.70302451487387,124.90445292122156,3.1447621170092455,3.6853083475746984,7.405348869987335,8.678237968988785,412.26666661327124,267.96105194305005,7867.492507940109,10491.603451439183,True,1,8,640,480,21.513863188087715,35.91987237274179,False,False,20.7564,34.099799999999995,False,
151,overnightvideo0151 25-09-18 18-42-03.bmp,2025-09-18 18:42:03,154.9663979655041,159.67177675521395,3.7926580480554324,3.7654884415316183,8.931027195508886,8.867047661451005,292.44867666211326,254.8488946956002,7905.085552540486,10540.894922662947,True,1,8,640,480,24.02611407122485,32.163011272119,False,False,23.7216,28.1694,False,
152,overnightvideo0152 25-09-18 18-43-03.bmp,2025-09-18 18:43:03,154.92130028902392,127.90302153488976,4.441284988388948,5.942815055340774,10.458426916353341,13.994260016228166,244.775896345851,209.08149678137718,7889.662492941348,10518.738400996821,True,1,8,640,480,20.612131580096847,33.388833766549276,False,False,20.7564,28.1694,False,
153,overnightvideo0153 25-09-18 18-44-03.bmp,2025-09-18 18:44:03,155.39780489989553,156.35669230052733,3.121091339379071,3.8094130786563953,7.349608448342329,8.970482277423141,422.4454016737001,346.204297578134,7901.29849057835,10535.062855103746,True,1,5,640,480,18.118806008716906,29.502830354848346,False,False,17.79114396483024,22.238999999999997,False,
154,overnightvideo0154 25-09-18 18-45-04.bmp,2025-09-18 18:45:04,156.82306582305063,133.67609181294267,3.4130301650134527,6.060677855786007,8.037071846868967,14.271805701280082,360.07551077215135,199.75508396169948,7893.496066779291,10524.756973806945,True,1,8,640,480,19.41158067545844,31.66443719113407,False,False,17.7912,29.651999999999997,False,
155,overnightvideo0155 25-09-18 18-46-04.bmp,2025-09-18 18:46:04,153.24288607445854,130.38053463585163,3.6210335941587717,6.953947029825124,8.52688249125554,16.375293857915636,348.8924350184539,204.04762439243606,7882.912887634082,10509.73802900323,True,1,9,640,480,20.505671681728842,33.234393431160086,False,False,20.7564,28.16940309370917,False,
156,overnightvideo0156 25-09-18 18-47-04.bmp,2025-09-18 18:47:04,155.33551967704324,155.68586677857712,3.144737964320304,6.022109887464043,7.405291994751274,14.180985076379404,422.04575864144766,240.01792626237562,7901.643975776192,10534.908090782516,True,1,8,640,480,18.22809241183161,29.00200410811208,False,False,17.7912,22.980299992994972,False,
157,overnightvideo0157 25-09-18 18-48-03.bmp,2025-09-18 18:48:03,152.28551021918037,161.33073975117998,2.7212115109591974,3.042815759751639,6.407963412775675,7.165283544399236,396.06256179909406,280.92011494367887,7885.395986309516,10515.025758014106,True,1,8,640,480,21.230863210298512,33.7735694446807,False,False,20.7564,34.841101393644095,False,
158,overnightvideo0158 25-09-18 18-49-03.bmp,2025-09-18 18:49:03,154.4825058704611,158.32860864375345,2.988362468546274,3.975523899496253,7.037055842750936,9.361643368033382,355.0924898847448,229.8678391874608,7905.5954746322695,10541.563187614925,True,1,8,640,480,23.130722617875996,30.537836033329697,False,False,20.7564,23.7216,False,
159,overnightvideo0159 25-09-18 18-50-04.bmp,2025-09-18 18:50:04,157.0307799232808,140.8270930971134,3.8470784618075182,4.3373368560558365,9.059177476671175,10.213647770691802,272.29413544495316,250.68126587222383,7889.228459956945,10518.763688344026,True,1,7,640,480,20.674763604171662,31.645626795277416,False,False,20.7564,25.9455,False,
160,overnightvideo0160 25-09-18 18-51-04.bmp,2025-09-18 18:51:04,154.04217262541118,159.04273583576233,4.171388610828355,3.6451784031591403,9.822869516392418,8.58373917147305,263.500686336538,263.4618751919152,7909.590320365425,10546.845251217484,True,1,7,640,480,21.801969469998905,29.161791106776295,False,False,20.7564,25.2042,False,
161,overnightvideo0161 25-09-18 18-52-04.bmp,2025-09-18 18:52:04,152.16364302355808,139.0313407323753,3.4093659396799443,4.7458738921366495,8.028443255604111,11.175678972392431,374.14877847621176,256.22367403075106,7902.375811951308,10536.81234763153,True,1,7,640,480,24.788192454131014,31.303047982528483,False,False,22.238999999999997,26.686799999999998,False,
162,overnightvideo0162 25-09-18 18-53-03.bmp,2025-09-18 18:53:03,153.74963735810505,150.30297913715737,3.226775187393873,3.2204960368027167,7.59847489208359,7.583688622405767,347.47773896339874,297.3826808003635,7911.58044811994,10549.627817923836,True,1,7,640,480,22.482134597400893,30.83298958599061,False,False,22.238999999999997,28.1694,False,
163,overnightvideo0163 25-09-18 18-54-03.bmp,2025-09-18 18:54:03,157.22592713443643,147.45105879075774,3.3218027473375042,5.904150752729461,7.822247695069233,13.903212541411904,417.39782949446675,218.28327014159908,7888.913322916639,10519.061488106247,True,1,8,640,480,20.253613400632833,31.93863777293752,False,False,20.0151,29.651999999999997,False,
164,overnightvideo0164 25-09-18 18-55-03.bmp,2025-09-18 18:55:03,156.82855417269332,139.41144446917463,3.6839265124281573,4.171338395683941,8.674983995886782,9.822751268763787,347.522269582524,225.83789101594354,7900.123277996653,10535.26383371519,True,1,8,640,480,19.176858221215817,30.255422447532688,False,False,19.273799999999998,25.2042,False,
165,overnightvideo0165 25-09-18 18-56-04.bmp,2025-09-18 18:56:04,153.57205484370235,136.58585915695917,2.935758009758135,4.002742989218228,6.913181808738622,9.425739426118184,402.61353119329124,267.15435868429853,7910.423790298832,10547.819867594955,True,1,8,640,480,21.330488068790338,29.45684430608691,False,False,19.273799999999998,26.686799999999998,False,
166,overnightvideo0166 25-09-18 18-57-04.bmp,2025-09-18 18:57:04,152.58243337585085,130.50274775403534,2.7704401973843056,5.061482866211709,6.523888110360063,11.918881310936035,399.1108074107917,232.24615684139997,7907.155296044612,10542.509236528023,True,1,8,640,480,18.368942144841874,28.316736828375763,False,False,16.30860496573044,22.9803,False,
167,overnightvideo0167 25-09-18 18-58-04.bmp,2025-09-18 18:58:04,153.4562028655748,138.0851148493731,3.3746907352181883,4.3668933926306135,7.946789389072022,10.283248095479776,328.9837928277991,239.8500950084831,7912.206398076176,10549.936579276156,True,1,8,640,480,17.63674168740679,28.682895904737123,False,False,17.7912,22.238999999999997,False,
168,overnightvideo0168 25-09-18 18-59-04.bmp,2025-09-18 18:59:04,155.27813347322046,152.51923089755317,3.1810207089958955,3.95749522400734,7.490731329202097,9.319189081606732,349.23431668792296,264.711059453533,7906.92239456106,10542.893904952945,True,1,7,640,480,17.74660957006561,28.730162467835235,False,False,16.3086,25.2042,False,
169,overnightvideo0169 25-09-18 19-00-03.bmp,2025-09-18 19:00:03,154.1595002942631,155.1706516035155,3.2091375409353944,4.625333492007426,7.556941408655995,10.891828021932085,361.20869980810414,258.77106088528336,7906.333430807294,10541.580855133067,True,1,8,640,480,17.5334838456493,28.762195766041042,False,False,16.3086,22.238999999999997,False,
170,overnightvideo0170 25-09-18 19-01-03.bmp,2025-09-18 19:01:03,154.0231514018031,160.1059260053605,2.7796215565054823,3.483356225405639,6.545508558859237,8.202677063568546,393.9640977330003,259.94147933805186,7908.798537220538,10546.054846602467,True,1,8,640,480,17.327917268013554,28.103198428714474,False,False,17.7912,20.7564,False,
171,overnightvideo0171 25-09-18 19-02-04.bmp,2025-09-18 19:02:04,153.97723770269633,134.86907110654798,3.0607462138916444,3.885155127467271,7.20750653722463,9.148841172214704,346.7273728567847,289.73453251770087,7895.934147725782,10527.575791181162,True,1,7,640,480,19.519501462479653,29.451903395022345,False,False,20.7564,25.2042,False,
172,overnightvideo0172 25-09-18 19-03-04.bmp,2025-09-18 19:03:04,152.4840091081195,139.33086403120018,3.2462079589690394,3.7695028219619227,7.6442355721193,8.876500804956665,389.49796905208717,257.8605185832527,7905.882251168757,10542.70321331365,True,1,7,640,480,18.645507518451222,30.360700114263395,False,False,17.7912,24.462899999999998,False,
173,overnightvideo0173 25-09-18 19-04-04.bmp,2025-09-18 19:04:04,155.66151861341845,163.86767359359746,4.1087255059336085,3.6485053042149307,9.67530918090239,8.591573424767061,286.5152647888238,302.05652314868007,7907.587758860748,10543.84282959116,True,1,8,640,480,17.90675932026685,26.722025652553064,False,False,17.79119999969256,20.7564,False,
174,overnightvideo0174 25-09-18 19-05-03.bmp,2025-09-18 19:05:03,152.87790262817498,168.82406240486407,3.51047008410954,3.678008810302138,8.266525321542627,8.66104887229991,338.8020945811815,273.50971440547715,7894.916765761119,10527.513342272201,True,1,7,640,480,19.317059852684377,31.605464058091222,False,False,17.7912,28.9107,False,
175,overnightvideo0175 25-09-18 19-06-03.bmp,2025-09-18 19:06:03,154.23727059209514,139.2950865627959,2.6149495713410724,4.104440373872541,6.157735667339046,9.665218466029383,421.8921808676288,315.35773443713487,7900.424407132735,10532.901047987716,True,1,7,640,480,19.371315187618674,32.16963202973451,False,False,17.7912,26.751997084257233,False,
176,overnightvideo0176 25-09-18 19-07-04.bmp,2025-09-18 19:07:04,155.54891860490608,144.88002735845316,2.995018231534754,4.910276369450509,7.052728966851183,11.562817221423854,425.7671076834056,285.4144915655795,7902.2993705155895,10535.73968880747,True,1,8,640,480,24.383613555703864,30.083775987356983,False,False,22.95532687908761,26.686799999999998,False,
177,overnightvideo0177 25-09-18 19-08-04.bmp,2025-09-18 19:08:04,154.00010908569277,141.782963315896,3.5010186144206514,4.50036029588251,8.24426881126423,10.597538634605549,327.3258851820663,255.34639954469137,7888.286670510139,10517.698971069125,True,1,7,640,480,19.871332664205283,32.67347631646166,False,False,19.273799999999998,31.1346,False,
178,overnightvideo0178 25-09-18 19-09-04.bmp,2025-09-18 19:09:04,156.04428056987572,144.14225332455786,3.6135494513672204,5.707684383990224,8.50925868179012,13.440569598130306,358.7838000501588,249.8286546280398,7887.990936006096,10516.64518891816,True,1,7,640,480,21.155354825322647,30.971639865029925,False,False,20.7564,25.2042,False,
179,overnightvideo0179 25-09-18 19-10-04.bmp,2025-09-18 19:10:04,151.89378453853118,131.8065093487728,3.589198175982727,5.108707245866196,8.451915810392647,12.030086226760572,334.4956522669172,239.28503732442846,7873.657209868124,10498.095425705547,True,1,9,640,480,21.568770253937178,34.91056179088179,False,False,20.7564,29.651999999999997,False,
180,overnightvideo0180 25-09-18 19-11-03.bmp,2025-09-18 19:11:03,156.01623567271508,131.33536362322644,3.1579555604296274,5.163726647867656,7.436417055016632,12.159647017459227,351.9803914993744,208.70401009212839,7895.873103643045,10528.007563794803,True,1,7,640,480,19.554628714810097,31.657435842896657,False,False,17.7912,26.686799999999998,False,
181,overnightvideo0181 25-09-18 19-12-03.bmp,2025-09-18 19:12:03,158.71745808080394,126.11880929647342,2.5870868749238767,5.321440475471369,6.092124031307221,12.531034700079005,478.97419538090537,282.45409539716536,7888.415495233734,10516.5091263487,True,1,7,640,480,19.87145616922356,31.50346136070304,False,False,17.7912,28.910699926976484,False,
182,overnightvideo0182 25-09-18 19-13-04.bmp,2025-09-18 19:13:04,155.18590183425883,151.4148045927504,3.1245819736601987,5.15345761058475,7.357828263917401,12.13546528262227,370.3686304505618,222.31481826359132,7901.078455589219,10534.831627220397,True,1,8,640,480,18.1702847434014,30.82895083878674,False,False,16.308603568350556,25.2042,False,
183,overnightvideo0183 25-09-18 19-14-04.bmp,2025-09-18 19:14:04,154.11693625549088,146.0947160568433,3.301534090018313,5.717847386063323,7.774518654528138,13.46450163912973,368.8026122272891,245.6861112934051,7889.420145817105,10518.249373748788,True,1,7,640,480,20.24329983878825,35.32587237328156,False,False,19.273799999999998,34.101884030045284,False,
184,overnightvideo0184 25-09-18 19-15-04.bmp,2025-09-18 19:15:04,154.70455193195878,137.87986258106895,3.1764913642609045,4.011326613243075,7.480065537429285,9.445952316030905,347.14198484580925,316.096794434151,7891.453058205476,10521.074326753784,True,1,6,640,480,19.37477105871396,29.639238181997563,False,False,19.273799999999998,26.686799999999998,False,
185,overnightvideo0185 25-09-18 19-16-04.bmp,2025-09-18 19:16:04,155.4546127886038,128.0633781355063,3.548008232033106,5.88757949026254,8.354920904726377,13.864190200383327,381.2419004087407,251.7229044105063,7901.6053293204295,10534.798083568792,True,1,7,640,480,18.2940349168646,30.727348549913852,False,False,17.7912,23.7216,False,
186,overnightvideo0186 25-09-18 19-17-04.bmp,2025-09-18 19:17:04,158.74542280676678,124.99294224242097,3.4291186692431905,4.03038877620557,8.074957379123719,9.490840279476634,309.99301376437654,263.86082462922633,7898.2288235122705,10530.969368370621,True,1,7,640,480,25.576812868199042,31.305845331548657,False,False,23.7216,29.651999999999997,False,
187,overnightvideo0187 25-09-18 19-18-04.bmp,2025-09-18 19:18:04,158.8003152365139,133.55488593308453,4.114217935306458,2.719602715078805,9.688242863685494,6.4041749879881635,278.3673321746268,276.0322591432472,7882.664451861602,10512.279747824468,True,1,7,640,480,19.44555813386496,33.540687321569116,False,False,19.27379999523874,29.651999999999997,False,
188,overnightvideo0188 25-09-18 19-19-03.bmp,2025-09-18 19:19:03,155.70270197771666,124.12019837595433,3.3100127848948904,5.601427650098758,7.794484455179203,13.190354111243161,349.5207959219951,235.133791467287,7902.968806044651,10536.455328524493,True,1,7,640,480,23.918888598537947,31.711942610076502,False,False,21.54691053324812,26.686799999999998,False,
189,overnightvideo0189 25-09-18 19-20-03.bmp,2025-09-18 19:20:03,155.48516723466236,115.88098609153849,3.1020235435922645,3.6907255170109448,7.304707220609001,8.690994428164586,403.5657067814502,310.19591265831,7910.128166324919,10547.396441055416,True,1,7,640,480,22.145057720531394,28.979544314420178,False,False,20.847235648980316,23.7216,False,
190,overnightvideo0190 25-09-18 19-21-04.bmp,2025-09-18 19:21:04,152.19212747814024,125.86610267104544,2.838420495612277,4.158260434566259,6.683969479294472,9.791955023775733,432.52100072430096,327.7874664894189,7879.3057366218445,10505.034169487011,True,1,7,640,480,21.32933054001022,35.660821725479785,False,False,20.7564,34.099799999999995,False,
191,overnightvideo0191 25-09-18 19-22-04.bmp,2025-09-18 19:22:04,153.8873728675864,141.74329781796578,3.239384733911825,3.6408533555974194,7.628168104982813,8.573554462778999,392.17988259956945,233.37962833417356,7888.278946068075,10519.902323811073,True,1,8,640,480,19.70161216029307,32.37166089461365,False,False,17.7912,25.2042,False,
192,overnightvideo0192 25-09-18 19-23-04.bmp,2025-09-18 19:23:04,153.1290813496449,138.67930990390028,2.9531820512338505,4.413534045448942,6.954212290871087,10.393078439649704,462.03639712527075,287.0593652435857,7868.843377935939,10492.300492960445,True,1,7,640,480,21.318670101113003,35.63093274139746,False,False,20.7564,32.6172,False,
193,overnightvideo0193 25-09-18 19-24-03.bmp,2025-09-18 19:24:03,156.73560216725383,134.86514294591325,3.0673429976016324,3.913277344380858,7.223040775737643,9.215063932313525,409.0373950018449,305.955555771825,7898.246935637819,10531.295503485811,True,1,7,640,480,26.160078516305706,32.85203660627151,False,False,24.462899999999998,29.651999999999997,False,
194,overnightvideo0194 25-09-18 19-25-03.bmp,2025-09-18 19:25:03,153.66975384381905,132.21532502844764,3.426163882278232,4.594366767593016,8.067999387549838,10.818906958552082,342.86965497105905,253.0094954722687,7897.305303925128,10529.804685674526,True,1,9,640,480,26.33433248855494,32.56423382955497,False,False,23.7216,29.651999999999997,False,
195,overnightvideo0195 25-09-18 19-26-03.bmp,2025-09-18 19:26:03,156.40190659820627,120.346153373712,3.3598510058547304,4.5865594288635005,7.911844496904116,10.800522080813474,343.8020921849242,243.45941744748112,7891.314896888285,10521.95415805467,True,1,7,640,480,19.30367270285686,34.95976840595193,False,False,17.7912,30.332752436953847,False,
196,overnightvideo0196 25-09-18 19-27-04.bmp,2025-09-18 19:27:04,158.0500944775733,113.02491108623914,3.8525744972348774,2.8443081433433446,9.072119651063721,6.697833830189671,304.0066919551791,286.1409134197428,7909.092524742543,10547.32275645535,True,1,7,640,480,22.303476581938764,30.225571706897643,False,False,20.7564,25.2042,False,
197,overnightvideo0197 25-09-18 19-28-04.bmp,2025-09-18 19:28:04,157.9874121595401,134.34525215330456,4.490582768393721,3.6118934436071957,10.574514316884107,8.505359081522087,260.36200675324443,309.89642076397496,7884.159855500101,10512.47353906332,True,1,7,640,480,20.883988668727,32.58978767818532,False,False,20.7564,28.1694,False,
198,overnightvideo0198 25-09-18 19-29-03.bmp,2025-09-18 19:29:03,157.44032395339374,124.23148929633453,3.3255434689965835,3.1678702202309394,7.831056421414914,7.459764294656424,342.6520673549274,268.9352293164617,7881.213572154638,10509.786402619358,True,1,7,640,480,28.911635016146143,35.22768074250179,False,False,26.686799999999998,34.09979999997842,False,
199,overnightvideo0199 25-09-18 19-30-03.bmp,2025-09-18 19:30:03,156.14209118492596,115.835040970581,3.7197880242866947,5.937942534786018,8.75943140285638,13.982786107156,321.1889229185797,188.68046640985057,7890.003428221676,10520.3929988157,True,1,9,640,480,19.366268343427606,31.076041199102743,False,False,17.7912,26.686799999999998,False,
200,overnightvideo0200 25-09-18 19-31-04.bmp,2025-09-18 19:31:04,157.6582925850133,143.1163579922863,3.612216806819251,3.502262271254227,8.50612054369566,8.247197399305074,269.16315083337565,250.50992928607408,7862.027916166863,10483.199595790693,True,1,7,640,480,22.130150336922064,37.337612556866304,False,False,20.7564,34.099799999999995,False,
201,overnightvideo0201 25-09-18 19-32-04.bmp,2025-09-18 19:32:04,153.37739343334292,144.6934398803143,3.320831623691337,3.9269963950930684,7.819960873641034,9.247369827929434,360.5243208399565,269.20762590384885,7902.678067095529,10537.63551935522,True,1,8,640,480,25.312329443023888,31.2668025196685,False,False,23.7216,24.462899999999998,False,
202,overnightvideo0202 25-09-18 19-33-04.bmp,2025-09-18 19:33:04,155.49000205688438,134.72272983101414,2.716145513241904,3.1452938158555934,6.396033899802911,7.406600925088635,489.94087274744453,316.0957773020292,7883.394222902605,10512.949739242837,True,1,8,640,480,20.39461544234841,33.78028721308283,False,False,19.273799999999998,31.1346,False,
203,overnightvideo0203 25-09-18 19-34-04.bmp,2025-09-18 19:34:04,156.37573769840733,129.1073380220779,2.7032546721265094,3.7344151307194933,6.365678288747071,8.793875606285136,436.13397801957046,260.78229632552365,7900.9714567981655,10535.699732369616,True,1,8,640,480,18.498837089181038,31.143060598958378,False,False,17.7912,25.2042,False,
204,overnightvideo0204 25-09-18 19-35-04.bmp,2025-09-18 19:35:04,157.48931604861096,134.63821371027353,2.861381064122585,5.751247533776012,6.738037486267852,13.543152976470566,381.23326479720777,188.15600709841772,7905.024430327467,10540.07800385087,True,1,9,640,480,24.353521986188944,33.13664243393648,False,False,20.7564,29.651999999999997,False,
205,overnightvideo0205 25-09-18 19-36-03.bmp,2025-09-18 19:36:03,157.00882709935982,141.79344866657343,2.9697357264194015,3.813787221477708,6.993193217016954,8.980782596618596,431.46427656706896,311.4428645260331,7889.4440152606185,10519.747260502227,True,1,7,640,480,19.467365155619028,33.84923877363345,False,False,17.7912,29.651999999999997,False,
206,overnightvideo0206 25-09-18 19-37-03.bmp,2025-09-18 19:37:03,155.17645651260605,119.28644928318433,3.027412461511452,6.394476888110126,7.129011548943655,15.057842353608851,416.3352265300624,200.1882736245118,7883.536874168514,10511.279722722671,True,1,8,640,480,21.63364273649793,33.92429444952938,False,False,23.7216,25.9455,False,
207,overnightvideo0207 25-09-18 19-38-04.bmp,2025-09-18 19:38:04,154.50567635066815,137.16324842633946,3.1559840503794576,5.305375655663943,7.431774503631512,12.49320494037667,374.8367344984942,240.80587948543868,7879.418300004428,10505.397120449037,True,1,7,640,480,20.565287580033768,35.357186682275604,False,False,20.7564,29.651999999999997,False,
208,overnightvideo0208 25-09-18 19-39-04.bmp,2025-09-18 19:39:04,156.26766282763546,156.49298662997248,3.833245456359125,4.947066947237144,9.026603238158277,11.649452411464093,296.1729950792008,222.88512056459615,7868.986274100747,10492.152338416063,True,1,6,640,480,19.783354134460012,35.22282462111788,False,False,19.273799999999998,31.875900000012134,False,
209,overnightvideo0209 25-09-18 19-40-04.bmp,2025-09-18 19:40:04,157.41327840922327,128.48252856189958,3.050443416270131,4.473564635644058,7.1832453028655925,10.534439676756202,403.32205039596556,266.91586684812523,7912.0657303526705,10549.61025405539,True,1,8,640,480,21.109079951064754,30.4696752833252,False,False,20.7564,26.68678297034475,False,
210,overnightvideo0210 25-09-18 19-41-03.bmp,2025-09-18 19:41:03,154.80360505519508,126.75545055604675,3.4038820309236124,4.254279623684595,8.015529637339581,10.018062935019207,320.627459912098,245.16269403509648,7908.688001441851,10545.170021108483,True,1,9,640,480,22.396270565257627,30.234306458961395,False,False,20.7564,23.7216,False,
211,overnightvideo0211 25-09-18 19-42-04.bmp,2025-09-18 19:42:04,158.32384391734462,142.35599845100643,2.9161471564145796,3.517019464291171,6.867001778185055,8.28194793327686,338.0813643469162,291.068323053924,7913.540199517321,10551.189546432997,True,1,8,640,480,21.466793012365642,29.79088519554974,False,False,20.7564,28.200689237995395,False,
212,overnightvideo0212 25-09-18 19-43-04.bmp,2025-09-18 19:43:04,154.19557118809598,122.20297603648098,3.1451025448709293,4.1527292391382495,7.406150516339915,9.778930053908873,402.80739855885577,308.77969269503546,7896.656916242833,10528.795426157667,True,1,8,640,480,19.229285058865074,30.077983706517827,False,False,17.7912,25.2042,False,
213,overnightvideo0213 25-09-18 19-44-04.bmp,2025-09-18 19:44:04,151.86514963109173,137.82838720371043,3.337734993722681,5.010990152150815,7.859765268219419,11.799980055737427,352.23178861861624,229.94808020644345,7895.832916421468,10527.899361525418,True,1,7,640,480,19.338008218428982,31.638257024980746,False,False,17.7912,28.16940000001618,False,
214,overnightvideo0214 25-09-18 19-45-04.bmp,2025-09-18 19:45:04,162.88327210640892,129.1814457205168,3.3962373668464463,3.800786938716361,7.9975278291331415,8.950169270181105,362.9580335250434,343.8348539361705,7871.839219204333,10495.398396509085,True,1,6,640,480,19.99949253201815,36.301214103275484,False,False,20.7564,35.5824,False,
215,overnightvideo0215 25-09-18 19-46-03.bmp,2025-09-18 19:46:03,155.75506071374434,129.03165385398518,3.2990470325948418,5.153091950259008,7.768662081854205,12.13460421835754,408.63490768218674,270.5828799803174,7871.271562398988,10494.787316229158,True,1,7,640,480,20.832127840029724,37.80529441201932,False,False,19.273799999999998,37.065,False,
216,overnightvideo0216 25-09-18 19-47-03.bmp,2025-09-18 19:47:03,154.75918286420094,114.70035846412887,2.8692647507915723,5.222049156234784,6.756602149664726,12.296986029238626,418.20159295297094,221.51696390289788,7897.90659187439,10530.767502913875,True,1,7,640,480,25.489145214946703,33.60841820291592,False,False,25.2042,29.647448112350673,False,
217,overnightvideo0217 25-09-18 19-48-04.bmp,2025-09-18 19:48:04,155.56225044739378,137.22217783376817,2.9433459695577593,7.030939147191819,6.931050088575666,16.556596439200103,441.7762668717414,180.8367159231388,7866.98223479002,10489.460297083448,True,1,8,640,480,20.497939486851443,38.00450823368606,False,False,18.532500110891778,36.84979470023509,False,
218,overnightvideo0218 25-09-18 19-49-04.bmp,2025-09-18 19:49:04,158.59496174200876,131.126405592206,3.2826310632073823,6.198181876967777,7.730005428082001,14.595602926631274,401.0267285723362,242.79427254439108,7865.245652181917,10486.010036602625,True,1,6,640,480,19.781542724397884,37.02266609825361,False,False,18.5325,34.099799999999995,False,
219,overnightvideo0219 25-09-18 19-50-04.bmp,2025-09-18 19:50:04,155.26069001434115,129.22421709710045,3.3782634316849705,4.564352561240396,7.955202446326812,10.748228903797237,340.49264324291636,256.6670767919452,7895.462017264391,10527.171744318086,True,1,7,640,480,25.297887929864523,32.995529447847964,False,False,23.7216,29.651999999999997,False,
220,overnightvideo0220 25-09-18 19-51-04.bmp,2025-09-18 19:51:04,159.38074281212795,142.0397117481696,3.3019029138213063,4.558611598495446,7.775387168212511,10.734709969647653,352.14902280244314,273.769328446803,7879.027169033244,10504.92439118515,True,1,8,640,480,21.334263742521056,33.48962769765039,False,False,20.7564,31.1346,False,
221,overnightvideo0221 25-09-18 19-52-03.bmp,2025-09-18 19:52:03,151.98548860331994,124.8399261613424,2.828338939721654,6.361157311041155,6.660229229398133,14.979380745634884,446.47142008338125,191.6515212685828,7901.15890428081,10535.10647001852,True,1,8,640,480,19.57676709775282,30.52559739983437,False,False,20.7564,22.980198319459035,False,
222,overnightvideo0222 25-09-18 19-53-03.bmp,2025-09-18 19:53:03,158.2309430761631,112.72648039143947,2.86058150729351,4.969065533418696,6.7361546738196045,11.701255123166753,446.66546977161426,264.0875494160474,7894.544099115788,10525.878398056539,True,1,7,640,480,26.816760799619086,33.923669174248666,False,False,25.2042,29.651999999999997,False,
223,overnightvideo0223 25-09-18 19-54-04.bmp,2025-09-18 19:54:04,158.06091863551762,120.06675093093673,2.9376428363217926,5.522498341507235,6.917620236112129,13.004489793231409,404.8273316274727,226.6000656288673,7878.423472071287,10504.240019059724,True,1,8,640,480,21.73552881217419,32.02769518837609,False,False,20.7564,29.652000000291256,False,
224,overnightvideo0224 25-09-18 19-55-04.bmp,2025-09-18 19:55:04,156.93520064192901,128.40015835378557,5.431514800327869,6.259317790298505,12.79023992669434,14.739567000813748,200.3463050580746,188.89822577248688,7876.314574081549,10501.26089128372,True,1,9,640,480,21.154065013199897,34.97002468872697,False,False,19.925956970478445,34.711868863321065,False,
225,overnightvideo0225 25-09-18 19-56-04.bmp,2025-09-18 19:56:04,156.64293984856195,127.67721164051271,2.927192895465193,4.0418720430485235,6.893012505913621,9.51788130642086,424.2127165498477,260.4397670381524,7885.345919060326,10514.782004406046,True,1,7,640,480,21.198374380643546,30.777608177656,False,False,20.7564,26.686799999999998,False,
226,overnightvideo0226 25-09-18 19-57-04.bmp,2025-09-18 19:57:04,157.32660520447666,139.76957199472216,2.883927246257724,4.652777877098885,6.791129687898595,10.956454610069,460.3465001523777,274.27659719391016,7878.019040199529,10504.29410650054,True,1,9,640,480,21.23950013530282,32.26333345978737,False,False,19.273799999999998,28.1694,False,
227,overnightvideo0227 25-09-18 19-58-04.bmp,2025-09-18 19:58:04,157.0083769227188,132.38305083828791,3.042360630275135,3.0743782648162643,7.1642117963848815,7.239607563996807,417.02603706323157,408.5076647312612,7848.083955349472,10464.178974552246,True,1,2,640,480,21.536150866133767,36.22293345319355,False,False,20.7564,37.8063,False,
228,overnightvideo0228 25-09-18 19-59-03.bmp,2025-09-18 19:59:03,156.08656433368432,128.94680985298768,2.895261534011368,4.674588766274009,6.817819895897025,11.00781532909853,374.09804692069537,247.12333652636673,7885.034440035085,10513.002798054853,True,1,7,640,480,20.037727082401418,35.87136180308964,False,False,17.7912,31.1346,False,
229,overnightvideo0229 25-09-18 20-00-03.bmp,2025-09-18 20:00:03,156.63463559850848,123.02276122742497,3.538361978525946,3.534802938211289,8.332205713608268,8.32382481413424,313.6402647485731,287.2653413388428,7904.190956485806,10539.413965703014,True,1,9,640,480,18.987300675276757,30.247839431355512,False,False,17.7912,23.7216,False,
230,overnightvideo0230 25-09-18 20-01-04.bmp,2025-09-18 20:01:04,159.56931807672194,131.46234142369354,3.82414551182335,5.960664642150122,9.005174506356765,14.036292581042337,310.31574315386763,207.2031912322958,7904.481879495321,10539.056545385187,True,1,7,640,480,17.729590050182328,28.65063876194655,False,False,16.3086,24.462899999999998,False,
231,overnightvideo0231 25-09-18 20-02-04.bmp,2025-09-18 20:02:04,152.79148091383735,129.40707881007359,3.371856470487011,2.7518444668758058,7.9401152056701205,6.480098511406654,337.73598632787514,314.14514216563566,7899.039779003171,10533.485569921559,True,1,7,640,480,24.808246689396796,33.973154080346454,False,False,22.9803,28.867462055118583,False,
232,overnightvideo0232 25-09-18 20-03-04.bmp,2025-09-18 20:03:04,155.69059977072794,113.19687516660777,3.641360507818582,5.878555528454854,8.574748714995273,13.842940394232995,345.33194421222464,196.85551893843953,7892.131202859776,10523.365134024201,True,1,8,640,480,20.55983941719002,34.1882500854017,False,False,17.7912,29.651999999999997,False,
233,overnightvideo0233 25-09-18 20-04-04.bmp,2025-09-18 20:04:04,155.3532930013853,125.20599778226463,3.7158715247204,5.386001782103683,8.750208751171314,12.683064959070169,348.664124197527,246.73643682903258,7875.236616770968,10500.14142563187,True,1,6,640,480,21.448287421321425,35.098336232921255,False,False,20.756403583746103,29.651999999999997,False,
234,overnightvideo0234 25-09-18 20-05-03.bmp,2025-09-18 20:05:03,157.47916041536106,129.65724853690418,3.2339069565169463,4.321610102509083,7.615268924971136,10.176614096196644,343.4661112340834,217.2386029395229,7888.901240798429,10519.432762245911,True,1,9,640,480,20.442310150741537,33.038731666855234,False,False,20.7564,26.686799999999998,False,
235,overnightvideo0235 25-09-18 20-06-03.bmp,2025-09-18 20:06:03,154.30857704109724,127.67647820763518,3.5329213993096467,3.204154680487315,8.319394128613146,7.5452076689912655,328.5856670605428,342.16152666375274,7891.408026740677,10522.214347953883,True,1,6,640,480,20.13630472733589,32.22962296739569,False,False,17.7912,31.1346009311088,False,
236,overnightvideo0236 25-09-18 20-07-04.bmp,2025-09-18 20:07:04,157.43330074504104,128.60586286507814,3.294644075556496,4.193531267764177,7.758293910362899,9.875011488795133,354.5961542503548,308.94824704602735,7884.796228281518,10512.396775356916,True,1,6,640,480,29.383194618670625,34.381136241268806,False,False,27.428099999999997,32.6172,False,
237,overnightvideo0237 25-09-18 20-08-04.bmp,2025-09-18 20:08:04,155.66601831524764,123.01716355813375,3.8523473035005447,3.8845725702840515,9.07158465070401,9.147469354882281,307.4675217469211,282.74230922462783,7897.60776531316,10530.593515413031,True,1,7,640,480,19.15278867799601,28.32548266969541,False,False,19.273799999999998,23.7216,False,
238,overnightvideo0238 25-09-18 20-09-04.bmp,2025-09-18 20:09:04,156.84616742992748,143.7050647137884,3.478598676387998,3.8116030240226655,8.191473891776585,8.975639204669156,321.01875252599234,258.0407100934648,7893.857593308651,10525.838768503916,True,1,7,640,480,27.828175686788324,34.66240524120951,False,False,25.2042,32.6172,False,
239,overnightvideo0239 25-09-18 20-10-04.bmp,2025-09-18 20:10:04,156.73589270232628,127.39413416624973,3.071788248748866,4.7255598043314055,7.233508542244346,11.127842951232125,414.1476611620535,254.30635373857314,7908.314270128077,10544.786843389054,True,1,8,640,480,22.705778374355994,30.48239237386445,False,False,20.813204804801433,26.686799999999998,False,
240,overnightvideo0240 25-09-18 20-11-03.bmp,2025-09-18 20:11:03,157.7554684810477,128.70609999745943,2.8725928018574036,3.531331143014844,6.764439111025432,8.31564936121341,420.13915194502414,282.25487032713903,7892.724654137059,10524.730322535745,True,1,8,640,480,27.03539010568044,35.77764419074765,False,False,23.7216,32.379941698354216,False,
241,overnightvideo0241 25-09-18 20-12-03.bmp,2025-09-18 20:12:03,153.29415352841556,128.29668458456942,2.7345965943899353,3.3174156250243914,6.439482875542788,7.811916811506312,412.13018732064126,236.11146553472977,7883.415633356966,10513.01585111474,True,1,8,640,480,29.657156470652854,34.843776616567006,False,False,27.428099999999997,28.9107,False,
242,overnightvideo0242 25-09-18 20-13-04.bmp,2025-09-18 20:13:04,157.8024101726235,130.61893043079138,3.4765772396117463,4.290286117670692,8.186713771936105,10.102851748808956,364.3735347122963,255.9809078669221,7872.221361926577,10497.175296392052,True,1,7,640,480,20.959012149985412,37.11456955615185,False,False,20.7564,34.141102411033216,False,
243,overnightvideo0243 25-09-18 20-14-04.bmp,2025-09-18 20:14:04,157.16968234952657,133.23312582387666,3.1597980471685054,4.588803063110618,7.440755779722045,10.805805435712303,380.5910093823047,225.009779219765,7881.44148761239,10509.476754621575,True,1,8,640,480,20.05566170101811,32.64655368054437,False,False,17.7912,28.1694,False,
244,overnightvideo0244 25-09-18 20-15-04.bmp,2025-09-18 20:15:04,154.5969383689751,123.36037467870896,3.650267379867885,4.551067098658677,8.5957227958355,10.7169440302023,301.83389179232273,273.8221447579864,7893.956657979461,10524.521422024425,True,1,9,640,480,19.6652296607271,31.909020232502375,False,False,19.273799999999998,28.1694,False,
245,overnightvideo0245 25-09-18 20-16-04.bmp,2025-09-18 20:16:04,155.72971875948593,135.29015162467894,3.7039844030398545,4.270439959841259,8.722216718760244,10.056117618535358,333.5039333152402,266.3666675033434,7900.463404245545,10534.461881587162,True,1,7,640,480,18.78674512717596,31.906628059347764,False,False,19.273799999999998,26.686799999999998,False,
246,overnightvideo0246 25-09-18 20-17-04.bmp,2025-09-18 20:17:04,160.17704924016502,125.15338229488503,2.967098588958553,3.0503376136642086,6.986983232862646,7.1829961567683505,336.9369038851407,252.39811669157814,7881.225095339628,10509.500308771754,True,1,7,640,480,20.70456395291121,35.92942984124413,False,False,17.7912,32.6172,False,
247,overnightvideo0247 25-09-18 20-18-03.bmp,2025-09-18 20:18:03,157.67963478027562,135.58166936610547,3.4805228658298946,4.6123820245079665,8.196005011644802,10.861329646651791,348.6427656334843,234.99182853086276,7889.337982914294,10519.794032398651,True,1,7,640,480,19.915283222724476,33.085647687232395,False,False,20.7564,29.651999999999997,False,
248,overnightvideo0248 25-09-18 20-19-03.bmp,2025-09-18 20:19:03,156.03646198153945,120.64510638017788,3.123081055358749,2.886635371796663,7.354293871415194,6.797506836202149,333.8484304148092,332.7109716763345,7863.388281015781,10484.947074905911,True,1,7,640,480,20.825395838501453,35.976738487190026,False,False,19.273799999999998,34.099799999999995,False,
249,overnightvideo0249 25-09-18 20-20-04.bmp,2025-09-18 20:20:04,158.65514483440714,118.81800628484844,3.220565719066909,4.50444546224601,7.5838527115982695,10.607158466245604,375.7029472672472,257.6822657595326,7902.267249783096,10536.613577432237,True,1,8,640,480,19.134499700068663,31.955609865960373,False,False,20.7564,26.686799999999998,False,
250,overnightvideo0250 25-09-18 20-21-04.bmp,2025-09-18 20:21:04,153.83105734098595,131.82862848591097,3.307712340811505,5.3904082781436795,7.789067323339174,12.693441464273501,447.9123839082539,284.1496713291276,7856.595728865254,10475.19925150297,True,1,5,640,480,20.336406397025335,38.20765551831889,False,False,19.273799999999998,36.299988075929704,False,
251,overnightvideo0251 25-09-18 20-22-04.bmp,2025-09-18 20:22:04,156.18137829656072,123.97464481134168,3.3192840963398926,3.73700437474635,7.81631672521362,8.799972810021055,388.9555238166229,263.15466783391986,7872.807512226423,10498.683242321882,True,1,7,640,480,21.160665687548537,36.22588260862736,False,False,22.238999999999997,35.5824,False,
252,overnightvideo0252 25-09-18 20-23-04.bmp,2025-09-18 20:23:04,154.00586337399616,134.40941418451442,3.127203652730428,4.428013209468922,7.364001846343616,10.427174265319247,357.014966707889,278.75427281740275,7867.280396150477,10489.091665672144,True,1,7,640,480,20.93522941442861,35.619846825699945,False,False,20.66358983516932,31.1346,False,
253,overnightvideo0253 25-09-18 20-24-03.bmp,2025-09-18 20:24:03,155.1687541327505,123.22178035859383,3.4370933785497293,4.318788320632842,8.09373638445205,10.169969307671765,337.4202988492398,268.1066631698014,7874.660859691111,10499.557469440384,True,1,7,640,480,21.622573817294626,34.81202281781714,False,False,20.7564,29.651999999999997,False,
254,overnightvideo0254 25-09-18 20-25-04.bmp,2025-09-18 20:25:04,157.73101977930057,127.66022587886042,3.2694889100984237,4.158283766432385,7.69905802250616,9.792009966121775,380.74267511485186,274.67141256704076,7894.519787516439,10526.562552582054,True,1,8,640,480,25.927588741306398,34.141592679262814,False,False,23.7216,29.651999999999997,False,
255,overnightvideo0255 25-09-18 20-26-04.bmp,2025-09-18 20:26:04,161.54526828511072,129.9610409361345,2.8890945717763152,4.685979050939758,6.803297809608974,11.034637399748046,403.6803684771384,266.8933193913243,7907.560301142903,10542.97306049212,True,1,8,640,480,21.426281295719992,29.33754255628165,False,False,20.7564,22.238999999999997,False,
256,overnightvideo0256 25-09-18 20-27-04.bmp,2025-09-18 20:27:04,156.31737069362578,130.24160711751065,2.7060245080736083,2.7265823638545914,6.372200753956747,6.420610804832661,461.0903122119765,310.3362958810979,7894.967852410183,10528.720828647047,True,1,7,640,480,19.221113293765217,33.45404889812815,False,False,19.273799999999998,29.651999999999997,False,
257,overnightvideo0257 25-09-18 20-28-04.bmp,2025-09-18 20:28:04,156.18375059460666,141.62878363093614,3.3886292414845065,4.531413807408865,7.979612063025737,10.670664066016409,308.7141582853169,223.6222208185137,7900.749642937898,10534.504106976481,True,1,8,640,480,18.74835215900136,31.254654140045442,False,False,19.273799999999998,26.686799999999998,False,
258,overnightvideo0258 25-09-18 20-29-03.bmp,2025-09-18 20:29:03,159.07827163785416,127.87768026264347,3.2541093536576002,2.912217264065047,7.662841934715623,6.857747588905562,350.96320213946296,333.2714105652659,7899.664450674359,10533.781604118269,True,1,6,640,480,18.977556070900853,30.508289617062825,False,False,17.7912,25.2042,False,
259,overnightvideo0259 25-09-18 20-30-03.bmp,2025-09-18 20:30:03,156.28954983380254,119.88054122950612,3.603155451267318,4.127303251968527,8.484782682006816,9.719056429656911,357.2870846964388,319.15535218096954,7893.628226172116,10524.681544956391,True,1,6,640,480,19.625820619013446,31.83361901375057,False,False,18.535149574483317,28.1694,False,
260,overnightvideo0260 25-09-18 20-31-04.bmp,2025-09-18 20:31:04,161.35095863211762,125.72772666464124,2.6145723380087404,4.131927923302529,6.156847350726417,9.729946698415898,410.8597694396724,211.48318866891384,7897.839567635327,10531.499218247785,True,1,7,640,480,19.23101434144214,31.31606631908255,False,False,17.7912,25.2042,False,
261,overnightvideo0261 25-09-18 20-32-04.bmp,2025-09-18 20:32:04,157.47129359314965,134.33540536219292,3.6802816069902904,5.4339357648536595,8.66640089949945,12.795940862487981,321.93803683847466,244.9677596140018,7860.953265740589,10480.506935749481,True,1,8,640,480,21.692176477907772,35.904184674111555,False,False,20.7564,33.3585,False,
262,overnightvideo0262 25-09-18 20-33-04.bmp,2025-09-18 20:33:04,158.71137890713362,131.59542246848295,2.8898247070154643,5.454088130134617,6.805017146705706,12.843396056206366,497.6577501150937,272.00757354541287,7902.272044428657,10536.12559041866,True,1,7,640,480,17.836195653406264,30.268153062928366,False,False,16.3086,25.9455,False,
263,overnightvideo0263 25-09-18 20-34-04.bmp,2025-09-18 20:34:04,157.60967568830122,136.567633805437,2.906458083620779,4.85340767892318,6.844185755352449,11.428901689035436,415.47776101203556,256.1268193387147,7896.337615875012,10528.264668308735,True,1,7,640,480,19.45348139974217,33.95050480461131,False,False,17.7912,29.651999999999997,False,
264,overnightvideo0264 25-09-18 20-35-03.bmp,2025-09-18 20:35:03,156.102814053013,121.06678942481301,3.8336560146221785,3.499977478891072,9.027570028985767,8.241817124449582,333.8863066034249,283.47535310971784,7887.70234788874,10518.439646513954,True,1,8,640,480,19.635374733142914,30.86603940605386,False,False,20.7564,26.686799999999998,False,
265,overnightvideo0265 25-09-18 20-36-03.bmp,2025-09-18 20:36:03,159.3712884866141,134.6464524724989,3.257759886970119,3.6545987293474655,7.671438283734997,8.605922344412049,343.1561535663014,247.90135289381254,7883.312170682389,10512.189677045471,True,1,7,640,480,21.1712194736027,32.742026820443485,False,False,20.7564,25.2042,False,
266,overnightvideo0266 25-09-18 20-37-03.bmp,2025-09-18 20:37:03,155.19845725648085,126.13155742664848,3.293221591632798,3.886442069993058,7.754944216705639,9.151871690271228,365.26514330268975,272.1946719422617,7911.580905018012,10549.531908518933,True,1,8,640,480,22.03691056890754,29.938368958375065,False,False,20.7564,26.686799999999998,False,
267,overnightvideo0267 25-09-18 20-38-04.bmp,2025-09-18 20:38:04,159.16477813078467,148.11543323878658,2.9655593679815624,5.329995644053617,6.983358644452296,12.551180582545102,362.4505424407355,236.7738219929614,7883.644849955608,10510.549221853755,True,1,7,640,480,20.478478259645094,33.44820474524428,False,False,20.7564,26.686799999999998,False,
268,overnightvideo0268 25-09-18 20-39-04.bmp,2025-09-18 20:39:04,158.80216792988304,131.57940544075828,3.356128766596579,5.392539745593679,7.903079293286621,12.698460686550092,387.189463967001,266.0126710266973,7873.462097800517,10497.244337678956,True,1,8,640,480,21.501892303846414,32.442158298045044,False,False,19.311326749109668,28.1694,False,
269,overnightvideo0269 25-09-18 20-40-04.bmp,2025-09-18 20:40:04,159.1467357595649,128.33880671094374,3.6675220229823173,3.3999379826252714,8.63635437531122,8.006242113348076,328.595383038775,271.1559659106276,7883.795601643827,10513.20647005801,True,1,7,640,480,19.27991535396384,35.13939879397832,False,False,17.791200002246462,31.8758999999137,False,
270,overnightvideo0270 25-09-18 20-41-04.bmp,2025-09-18 20:41:04,155.26314119238677,130.99263216813068,3.0959596429318585,4.370473894433429,7.290427825782801,10.291679532896316,459.93031845582004,297.0674826977149,7888.410543074603,10518.536625289611,True,1,7,640,480,18.924014575280044,33.61859076792243,False,False,17.7912,31.1346,False,
271,overnightvideo0271 25-09-18 20-42-03.bmp,2025-09-18 20:42:03,158.25471550213902,143.76451530398697,3.2334388549232047,2.7870311767673286,7.614166629955082,6.5629568811779,320.18634309041875,278.36761218548827,7889.0529379997215,10520.092311706761,True,1,8,640,480,27.99101270035089,36.03521212507679,False,False,26.686799999999998,32.6172,False,
272,overnightvideo0272 25-09-18 20-43-03.bmp,2025-09-18 20:43:03,156.60572362324172,132.305047829591,3.57039087316307,4.925821587491727,8.40762799671995,11.599423412471692,342.7096103535047,235.08966960154768,7903.24198661324,10537.998541540595,True,1,8,640,480,18.471169476058503,29.940234250455475,False,False,17.7912,25.2042,False,
273,overnightvideo0273 25-09-18 20-44-04.bmp,2025-09-18 20:44:04,155.40464519971496,130.8946689620699,3.6287672589425353,3.5159773058941672,8.545093880109896,8.279493837793499,316.77051947374565,241.86083376069433,7890.122913537151,10521.72587595015,True,1,8,640,480,19.401999333943312,32.13800843874493,False,False,19.273799999999998,29.651999999999997,False,
274,overnightvideo0274 25-09-18 20-45-04.bmp,2025-09-18 20:45:04,154.42985082062538,128.94209086851583,3.066055536837486,5.6900140510478305,7.22000903732304,13.398959143915187,418.65290030326264,237.56589934137637,7893.075717581498,10523.745118624194,True,1,7,640,480,20.741002702181596,30.681193909581907,False,False,20.7564,29.651999999999997,False,
275,overnightvideo0275 25-09-18 20-46-04.bmp,2025-09-18 20:46:04,155.11679105686744,138.71148819159106,3.023794895397529,4.9362137426193895,7.1204928317443645,11.623895067677381,395.97070083717017,292.93961185819893,7857.677700437918,10475.604966835868,True,1,7,640,480,22.458376902178554,40.38080002694762,False,False,23.72159999999191,35.58239999998112,False,
276,overnightvideo0276 25-09-18 20-47-04.bmp,2025-09-18 20:47:04,156.3482082442146,145.10908006140414,4.067362657253548,3.8700608105977503,9.577907115711001,9.113296772284306,338.7510396796382,255.16609361987824,7868.914545446899,10493.92434117574,True,1,8,640,480,20.886639671520914,37.768933106197366,False,False,19.30195170043138,38.547599999999996,False,
277,overnightvideo0277 25-09-18 20-48-03.bmp,2025-09-18 20:48:03,154.38933664510876,145.5746646695464,2.874831320467799,6.03363067724974,6.769710419520366,14.208114463101351,445.01911833889164,200.86124989545644,7907.209582555622,10543.298251128519,True,1,8,640,480,22.37997264926699,31.876090276023078,False,False,22.12921467480548,25.2042,False,
278,overnightvideo0278 25-09-18 20-49-03.bmp,2025-09-18 20:49:03,153.20703136270043,155.17090497654922,3.903587337542381,5.161672055240961,9.192245709973793,12.154808821557513,363.83808320947713,212.85033102216613,7874.571721395732,10501.108455702952,True,1,8,640,480,21.90023832772384,35.22401686728622,False,False,20.7564,32.6172,False,
279,overnightvideo0279 25-09-18 20-50-04.bmp,2025-09-18 20:50:04,157.31992094072694,128.57904556613593,3.19545722356701,4.099608045992569,7.524726723094539,9.653839203473463,420.4636918677706,295.33308796679137,7871.465875110162,10495.98145844546,True,1,6,640,480,22.379588680681625,34.94114304531068,False,False,20.7564,35.5824,False,
280,overnightvideo0280 25-09-18 20-51-04.bmp,2025-09-18 20:51:04,153.68567372807982,128.97665892236304,4.010614747640017,4.568823728891321,9.444276000639453,10.75875769900633,295.5790964059916,261.1035414059428,7903.41954340192,10537.853651561853,True,1,8,640,480,24.337225437190536,32.47663485143023,False,False,20.7564,29.651999999999997,False,
281,overnightvideo0281 25-09-18 20-52-04.bmp,2025-09-18 20:52:04,155.73763664508468,154.98547874960616,3.0432653870319344,2.9481496370198124,7.166342335731669,6.942361861004971,391.64982116314155,299.97440159651035,7891.291193647855,10523.32753037637,True,1,8,640,480,19.741892419264033,32.217143504887325,False,False,17.7912,29.651999999999997,False,
282,overnightvideo0282 25-09-18 20-53-04.bmp,2025-09-18 20:53:04,154.58690077882744,142.89331428811008,3.2753298312177654,4.090824767825055,7.71281234063943,9.633156163983518,339.7279221613574,257.0082218887716,7892.707534503598,10523.930400389774,True,1,7,640,480,19.453208544079082,32.19866383687205,False,False,17.7912,28.1694,False,
283,overnightvideo0283 25-09-18 20-54-03.bmp,2025-09-18 20:54:03,149.58367512672132,149.98775266712715,3.6330160376373546,4.9021176839897365,8.555098989347357,11.543604985359725,315.28646932049423,250.942866420351,7891.662196406294,10521.773890719509,True,1,6,640,480,19.20645492841429,33.6533913323325,False,False,20.756399999987863,32.6172,False,
284,overnightvideo0284 25-09-18 20-55-03.bmp,2025-09-18 20:55:03,155.15567178280762,134.98122333170036,2.9310936807869044,4.932018991048775,6.902198153380549,11.614017182594973,427.1853131262376,268.22282765658673,7892.544375270816,10523.022982050266,True,1,8,640,480,19.978701366233725,31.041520268911817,False,False,17.7912,26.686799999999998,False,
285,overnightvideo0285 25-09-18 20-56-04.bmp,2025-09-18 20:56:04,153.60403512797757,110.7359690412358,3.104785528725932,4.277568220403735,7.3112111985658395,10.07290338939408,317.3870505076365,259.4834215765965,7900.048314951094,10532.74739123408,True,1,7,640,480,19.038599298689878,31.507255861944678,False,False,20.7564,28.689157755547296,False,
286,overnightvideo0286 25-09-18 20-57-04.bmp,2025-09-18 20:57:04,153.53003277230926,139.9157967912487,3.3206227408413906,4.374877139014395,7.819468992118918,10.302048381498748,306.41876788859605,248.4659943490439,7895.560160782575,10527.050571889948,True,1,7,640,480,19.73910260115472,30.086463188354553,False,False,20.011100718247025,25.2042,False,
287,overnightvideo0287 25-09-18 20-58-04.bmp,2025-09-18 20:58:04,154.26875113259004,138.47852766751987,4.500138894862758,5.512145041830736,10.597017275046246,12.980109635620977,239.41196085193968,193.8734608907084,7891.725611078637,10522.346395881057,True,1,7,640,480,19.425950815582755,31.403572396264366,False,False,17.7912,28.910700458766467,False,
288,overnightvideo0288 25-09-18 20-59-04.bmp,2025-09-18 20:59:04,157.76585595471676,125.69071769340881,2.894339025381557,4.543335608545795,6.8156475540838315,10.698737762306525,413.9470105999945,262.2335817447636,7906.830939337303,10542.476177170423,True,1,8,640,480,17.672437379409903,29.33598010999087,False,False,17.7912,23.7216,False,
289,overnightvideo0289 25-09-18 21-00-04.bmp,2025-09-18 21:00:04,152.2106719802181,134.7750737592915,2.947347730790307,3.4402519313533504,6.940473516141497,8.101174207907308,346.5346425119539,274.77431957539665,7896.223179574515,10528.694796096364,True,1,7,640,480,19.375290985709103,31.44756047945325,False,False,17.7912,29.651999999999997,False,
290,overnightvideo0290 25-09-18 21-01-03.bmp,2025-09-18 21:01:03,154.09103623208014,129.07602587134465,3.0924667688577228,5.009662650409752,7.282202735898257,11.796854028027758,358.92368188165125,227.82378556859658,7888.2917874684435,10517.558612993447,True,1,9,640,480,19.240971695034396,32.53804589032071,False,False,17.7912,29.06626468006824,False,
291,overnightvideo0291 25-09-18 21-02-04.bmp,2025-09-18 21:02:04,151.9773934236447,126.32251146564633,3.3942749115442283,4.839291137304986,7.992906600050001,11.395659773866402,402.67186160684037,271.2115612799476,7905.982801748874,10541.594002736188,True,1,8,640,480,23.355501863232625,30.47557022881317,False,False,20.756400470311615,26.686799999999998,False,
292,overnightvideo0292 25-09-18 21-03-04.bmp,2025-09-18 21:03:04,151.76242513369465,153.1979993584102,3.1533449676488887,5.2408411002702096,7.425559938717074,12.341237675738345,414.61514722801405,266.33018867559815,7895.277769621422,10526.575547479259,True,1,7,640,480,18.775094519589793,32.06435238767724,False,False,17.7912,25.2042,False,
293,overnightvideo0293 25-09-18 21-04-04.bmp,2025-09-18 21:04:04,153.4131658546024,152.25107546854355,2.809095570556903,6.895109774027715,6.614914557955047,16.236742708569285,406.9619630421067,168.79777602468857,7908.517867140215,10544.58247391969,True,1,8,640,480,23.00578904928761,30.23459800973157,False,False,20.7564,29.651999999999997,False,
294,overnightvideo0294 25-09-18 21-05-04.bmp,2025-09-18 21:05:04,157.01544520219332,139.93621837244788,3.2248168620313247,3.579791106646608,7.593863388265168,8.429763854954958,342.9794559553946,285.8616441259552,7898.647740612004,10531.96230143175,True,1,8,640,480,18.354862531580103,29.18992679491346,False,False,17.7912,23.7216,False,
295,overnightvideo0295 25-09-18 21-06-03.bmp,2025-09-18 21:06:03,152.17152899950577,140.75592290981226,3.2691896438997543,3.9475335574034034,7.698353304462732,9.295731149405865,382.01005191093157,307.64892574078766,7886.182131130513,10515.089196071947,True,1,8,640,480,28.705948467311288,33.585213294173755,False,False,26.686799999999998,32.6172,False,
296,overnightvideo0296 25-09-18 21-07-03.bmp,2025-09-18 21:07:03,151.16312947409617,144.1313104365822,3.6236950253372706,7.07615393258826,8.533149682743138,16.663069122183416,357.2231578770542,198.53130716782772,7869.337891335446,10491.874152251297,True,1,8,640,480,21.298325077658134,36.811530383316104,False,False,20.7564,34.099799778840755,False,
297,overnightvideo0297 25-09-18 21-08-04.bmp,2025-09-18 21:08:04,156.40494815683982,139.28800242665537,3.297825914126956,4.708413533967534,7.76578656760867,11.08746657008176,380.32295730248535,284.75617463974237,7879.918889528367,10506.106747030088,True,1,7,640,480,20.02713803265464,34.323993817266214,False,False,17.7912,32.6172,False,
298,overnightvideo0298 25-09-18 21-09-04.bmp,2025-09-18 21:09:04,153.59859371497294,147.55523507121907,2.818157002770413,5.383398213583847,6.636252600168109,12.676934023731047,440.47395178765606,229.56126836413912,7885.627281685373,10514.198272429561,True,1,8,640,480,21.1590257697516,34.36210611516241,False,False,22.238999999999997,31.875899999999998,False,
299,overnightvideo0299 25-09-18 21-10-04.bmp,2025-09-18 21:10:04,154.79052721350172,127.58536503099741,3.225424511056697,6.954389436481216,7.5952942923704585,16.376335645977456,410.8418319191987,226.78112667763358,7879.758388008231,10505.028616050751,True,1,7,640,480,20.94347575472623,32.73946803170473,False,False,20.7564,29.64877870817061,False,
300,overnightvideo0300 25-09-18 21-11-04.bmp,2025-09-18 21:11:04,152.02837795279126,115.14023172141894,3.1261607704962726,3.3538829657531406,7.36154604635402,7.8977908364433445,350.64750040929374,270.14830054411584,7895.858254785346,10528.803916695448,True,1,6,640,480,19.719905797009645,32.52638299633014,False,False,17.7912,26.686799999999998,False,
301,overnightvideo0301 25-09-18 21-12-04.bmp,2025-09-18 21:12:04,152.91119787901258,145.88505690666864,3.2098559254795838,4.4794387273970155,7.558633074980693,10.548272105762418,402.6692534132421,262.01051421966037,7902.654933068753,10537.493896962464,True,1,8,640,480,18.415845570268907,30.424919555416054,False,False,17.7912,25.2042,False,
302,overnightvideo0302 25-09-18 21-13-04.bmp,2025-09-18 21:13:04,148.63962440275108,153.05728836046663,4.3300758922425535,6.854233524937602,10.196549507558037,16.140486497846204,258.2553199360005,187.64782736833683,7870.938945303126,10493.708374473155,True,1,9,640,480,21.277883275242147,37.109610367384846,False,False,21.4977,34.099799999999995,False,
303,overnightvideo0303 25-09-18 21-14-05.bmp,2025-09-18 21:14:05,153.57308999526677,171.15826338312934,4.328551422804543,5.759929939744741,10.192959656367375,13.563598480084824,257.6208422709171,174.36689909228195,7899.234056225654,10532.890604456285,True,1,7,640,480,25.138549537913978,33.36062855233898,False,False,25.2042,32.6172,False,
304,overnightvideo0304 25-09-18 21-15-05.bmp,2025-09-18 21:15:05,150.2851595512438,160.39571866300744,2.987484428846854,3.534629201994501,7.034988217266409,8.323415696608398,360.1281314902691,176.00239777277662,7879.314337230443,10508.122121832746,True,1,8,640,480,20.860984837343125,34.65103010740936,False,False,20.7564,31.1346,False,
305,overnightvideo0305 25-09-18 21-16-05.bmp,2025-09-18 21:16:05,152.5820705502747,160.51169438506648,4.275600326664237,3.588338654107011,10.06826935376982,8.449891791050568,240.16336281084207,236.5563951630136,7893.028261600067,10524.96721348826,True,1,7,640,480,18.40793105395028,33.07960754845242,False,False,17.7912,29.651999999999997,False,
306,overnightvideo0306 25-09-18 21-17-05.bmp,2025-09-18 21:17:05,153.20109107027002,151.32505241093776,3.2850031245476776,3.335969450448188,7.735591205674171,7.855607731526273,368.79625091880814,289.23390941165775,7895.937855897675,10529.205032950027,True,1,8,640,480,18.435427243184154,32.37334325164083,False,False,17.7912,28.1694,False,
307,overnightvideo0307 25-09-18 21-18-04.bmp,2025-09-18 21:18:04,155.1040222679964,152.3785444258771,3.246237049962142,3.3812696804077103,7.644304076172987,7.962281621079468,369.98852791188335,303.15252603246495,7884.714629384083,10513.872092994747,True,1,7,640,480,20.660918326193435,31.938832905658245,False,False,19.273799999999998,28.169399930824866,False,
308,overnightvideo0308 25-09-18 21-19-05.bmp,2025-09-18 21:19:05,151.50421530015726,170.6086655719943,3.958475052038892,3.564592221717012,9.321496400296112,8.393973216060626,286.81819076736207,290.9299268086971,7914.806356050022,10553.588562048659,True,1,8,640,480,19.176792876959567,27.574689387963126,False,False,18.5325,20.7564,False,
309,overnightvideo0309 25-09-18 21-20-05.bmp,2025-09-18 21:20:05,152.20265506615002,163.91117628674854,3.8554000253662117,4.074952111611703,9.078773261345185,9.595778914964432,313.9424798525195,290.20356153953406,7900.843816700163,10534.603640808022,True,1,7,640,480,24.497809430472532,31.828683647728248,False,False,22.238999999999997,29.651999999999997,False,
310,overnightvideo0310 25-09-18 21-21-05.bmp,2025-09-18 21:21:05,150.8203172469146,145.59474284058865,2.7691658278297977,5.481974066070774,6.52088719938833,12.909062417123277,453.53383055284866,232.38670995030853,7907.388905490581,10543.091064981003,True,1,9,640,480,22.755825781774305,30.865810136872128,False,False,22.238999999999997,26.686799999999998,False,
311,overnightvideo0311 25-09-18 21-22-04.bmp,2025-09-18 21:22:04,151.3879668308794,147.2839750630566,3.4473369602110124,4.808056136345961,8.117858175880952,11.322106967501528,321.0607739749591,216.21436420912266,7890.247893926859,10520.681630060071,True,1,7,640,480,19.523861202061763,30.906070940543085,False,False,20.7564,28.1694,False,
312,overnightvideo0312 25-09-18 21-23-05.bmp,2025-09-18 21:23:05,153.5482430992844,150.37212571901222,3.0091780641017403,4.63290415842504,7.086072824414205,10.909655578966525,440.81305256209686,269.5969355473267,7909.432805113041,10546.314956784176,True,1,8,640,480,17.819917999002456,29.36260127380245,False,False,17.7912,23.7216,False,
313,overnightvideo0313 25-09-18 21-24-05.bmp,2025-09-18 21:24:05,154.8518485334531,146.93274709668225,3.151506473256756,5.824841110890865,7.421230615269803,13.71645260704615,398.490406937872,213.95824170977411,7904.004786188866,10538.723036350284,True,1,8,640,480,24.250905284389013,31.981934242244474,False,False,20.756400000001346,26.686799999999998,False,
314,overnightvideo0314 25-09-18 21-25-05.bmp,2025-09-18 21:25:05,154.11076333610242,151.16251538178358,3.324583880560521,4.2249604477269775,7.828796763330694,9.949021551770421,426.8830990087429,234.31940876851698,7903.479017841053,10540.213463499771,True,1,8,640,480,18.187319754887536,30.017411505150278,False,False,17.7912,23.7216,False,
315,overnightvideo0315 25-09-18 21-26-05.bmp,2025-09-18 21:26:05,150.31292886773807,172.56597805188488,2.6797289416507626,4.261714867566028,6.310279427048787,10.035571596350902,423.4726376835758,249.99991179715892,7903.266404030122,10538.05076497598,True,1,8,640,480,19.68039298980972,28.993072823618395,False,False,17.7912,23.7216,False,
316,overnightvideo0316 25-09-18 21-27-05.bmp,2025-09-18 21:27:05,154.6871233545486,133.16551316210163,3.2582213249229253,3.115573632275522,7.672524887075802,7.336615241052283,344.11437333955075,322.0019238681611,7905.097759992528,10540.746455444627,True,1,7,640,480,23.96921622497022,32.958991437565565,False,False,22.238999999999997,29.651999999999997,False,
317,overnightvideo0317 25-09-18 21-28-04.bmp,2025-09-18 21:28:04,154.43744171751513,147.40487874723235,4.104224512312389,4.202989274428502,9.664710150900586,9.897283392474321,277.8653256386072,241.39555335138954,7909.709979323388,10546.93712033097,True,1,7,640,480,21.41281925055015,29.68216905030903,False,False,20.0151,26.686799999999998,False,
318,overnightvideo0318 25-09-18 21-29-05.bmp,2025-09-18 21:29:05,147.79234242719807,163.6803322444734,4.086644389103816,5.093068507753443,9.623312124374925,11.993259812773674,294.48427697444004,254.83866709773017,7896.050612312054,10527.574208561022,True,1,8,640,480,19.834163602799038,33.39047474404889,False,False,19.273799999999998,28.910696192492882,False,
319,overnightvideo0319 25-09-18 21-30-05.bmp,2025-09-18 21:30:05,147.16965669902515,185.81841140319875,3.320487397280343,4.3362910301837,7.819150282388397,10.211185038964482,310.5781793717829,236.66748800594652,7897.343729883895,10529.817812261892,True,1,8,640,480,18.613780088417272,32.18996176461351,False,False,17.7912,29.651999999999997,False,
320,overnightvideo0320 25-09-18 21-31-05.bmp,2025-09-18 21:31:05,153.02391051615103,166.81056601032608,3.455228150874839,3.4272823392550165,8.136440509835293,8.070633152458274,367.70127724292627,277.60747610411846,7901.803670813632,10537.404365826776,True,1,7,640,480,18.74952821789905,31.229843494020955,False,False,19.273799997543183,26.686799999999998,False,
321,overnightvideo0321 25-09-18 21-32-05.bmp,2025-09-18 21:32:05,152.40303735618537,152.38654998947788,2.991503225148747,4.582904813195787,7.0444517593550025,10.791916118582257,429.9863841583492,220.42023042968444,7903.1292341738745,10538.947691670302,True,1,7,640,480,24.175900683873813,31.219403205640937,False,False,20.7564,26.69013155000993,False,
322,overnightvideo0322 25-09-18 21-33-04.bmp,2025-09-18 21:33:04,149.89624436992423,186.1657309279799,3.7947354405026967,6.0267546260683265,8.9359190808851,14.191922599948699,337.3109348228974,192.87048098302435,7877.950783395066,10504.548620303443,True,1,7,640,480,19.732773780930543,35.301151722262475,False,False,19.273799999999998,32.6172,False,
323,overnightvideo0323 25-09-18 21-34-04.bmp,2025-09-18 21:34:04,153.9901987299976,164.06120993176268,3.6902865160383658,3.788337036707765,8.68996065987457,8.920851991372592,332.40356195022684,192.6597264097268,7875.542513085751,10503.317734042614,True,1,8,640,480,20.449617545678052,33.79774398238214,False,False,19.273799999999998,35.58133145390238,False,
324,overnightvideo0324 25-09-18 21-35-05.bmp,2025-09-18 21:35:05,155.75954868670874,160.0865567735469,3.2963767134131134,3.8077754666681267,7.762373960718441,8.966625995887183,363.40812661675096,274.6127935192796,7905.736304023799,10541.776894590237,True,1,9,640,480,17.546343164219664,28.68713479182353,False,False,17.7912,22.238999999999997,False,
325,overnightvideo0325 25-09-18 21-36-05.bmp,2025-09-18 21:36:05,151.33996269840776,161.68580134363927,3.2105990270848594,4.367845958370981,7.560382945536291,10.285491216379404,400.61485167805483,278.4852362839226,7891.246782014315,10522.027054069444,True,1,7,640,480,19.301404190918937,33.69132159965336,False,False,20.7564,29.651999999999997,False,
326,overnightvideo0326 25-09-18 21-37-05.bmp,2025-09-18 21:37:05,153.0198224377318,173.22166837979645,3.228970729226071,6.589466419473542,7.603644997999754,15.517007610634614,361.9000074519757,172.58051960108847,7905.268504852378,10540.52172580661,True,1,8,640,480,17.968588354970414,30.777105079658003,False,False,17.7912,25.2042,False,
327,overnightvideo0327 25-09-18 21-38-05.bmp,2025-09-18 21:38:05,155.45977676976398,169.7642295604023,3.4107309801533017,3.0750759643681387,8.031657680273051,7.24125052088697,304.013679643208,281.41423495622706,7906.270085771485,10542.589247312595,True,1,8,640,480,22.40119808295418,30.504022388199964,False,False,20.7564,27.428099999999997,False,
328,overnightvideo0328 25-09-18 21-39-05.bmp,2025-09-18 21:39:05,155.30032935755122,156.3039411990167,3.563542977813566,5.1284644103760435,8.391502435484664,12.076610793781336,259.551171852294,210.85835229307668,7883.03213277309,10509.89246546635,True,1,8,640,480,20.61181574763919,34.46952793722956,False,False,20.7564,31.1346,False,
329,overnightvideo0329 25-09-18 21-40-04.bmp,2025-09-18 21:40:04,148.6207773016016,162.95094794304867,3.7121503556286823,3.564346738993378,8.741446067603189,8.393395148422304,322.851664947624,279.6399403572207,7861.693549027884,10483.3115814405,True,1,6,640,480,22.48203471551819,36.28959175962664,False,False,20.7564,31.1346,False,
330,overnightvideo0330 25-09-18 21-41-04.bmp,2025-09-18 21:41:04,153.0247256963487,168.02480802204727,4.251149751546749,4.742193319397181,10.010692649370625,11.167011885928337,280.9365503358376,252.8465744827459,7885.913008535579,10514.525904247523,True,1,8,640,480,20.60158263116264,32.55732806134788,False,False,20.7564,29.651999999999997,False,
331,overnightvideo0331 25-09-18 21-42-05.bmp,2025-09-18 21:42:05,148.79101640374006,173.2330087827596,3.430451432164783,2.7625845965881153,8.078095795966759,6.505389584139433,318.449567174207,276.366030023383,7883.979210416203,10513.69005847923,True,1,6,640,480,20.84034823734462,33.90714436088968,False,False,19.273799999999998,29.651999999999997,False,
332,overnightvideo0332 25-09-18 21-43-05.bmp,2025-09-18 21:43:05,152.0192298843855,139.06047727644486,3.216917151720693,6.236116457036643,7.575260992075755,14.684932036177273,385.714632601129,186.31241033062716,7899.788664864913,10533.463821035695,True,1,7,640,480,18.912205439240832,30.397263360265587,False,False,19.273799999999998,23.7216,False,
333,overnightvideo0333 25-09-18 21-44-05.bmp,2025-09-18 21:44:05,149.12665965265472,172.76175888002035,3.543017121008476,4.181027497292202,8.343167736438604,9.84556735944926,313.7676529843738,256.08845630487707,7893.838157867959,10525.33150171322,True,1,8,640,480,20.154312213547424,31.90757970342647,False,False,20.7564,29.651999999999997,False,
334,overnightvideo0334 25-09-18 21-45-05.bmp,2025-09-18 21:45:05,156.3622867499995,148.47376393962557,3.2412577194634675,4.320032111372208,7.632578648903874,10.17289821103665,379.12796067454207,264.5152576247176,7886.98238478448,10516.42633281358,True,1,9,640,480,28.623672679702356,34.49244931831881,False,False,26.686800000000673,31.1346,False,
335,overnightvideo0335 25-09-18 21-46-04.bmp,2025-09-18 21:46:04,151.8498237979596,158.65775411130244,3.405888944468428,5.109134551467143,8.020255557583557,12.031092454555036,346.3114787791544,277.6005247929567,7889.438181043509,10518.003860489442,True,1,8,640,480,18.79877249743876,34.65948346744207,False,False,17.7912,31.850111777873813,False,
336,overnightvideo0336 25-09-18 21-47-05.bmp,2025-09-18 21:47:05,150.06719099056187,180.04443691260423,3.26083348528513,3.7011696009549064,7.678676054657558,8.715588366387813,281.87688839948305,251.85499149388482,7898.642224383761,10531.455054776277,True,1,8,640,480,19.072145006059767,32.938149853450994,False,False,17.7912,29.651999999999997,False,
337,overnightvideo0337 25-09-18 21-48-05.bmp,2025-09-18 21:48:05,150.14505605836572,175.37007910754852,2.996937306996458,3.6448241427533987,7.0572480442163315,8.58290495196845,436.61940243443195,261.6708830497305,7896.826600504505,10530.954827974992,True,1,8,640,480,26.26758110283153,34.26124371750722,False,False,23.7216,29.651999999999997,False,
338,overnightvideo0338 25-09-18 21-49-05.bmp,2025-09-18 21:49:05,154.21676958126832,173.4935222732274,3.2164145807106346,5.506979292442246,7.574077527787218,12.967945225413354,332.562599159986,199.28332271572856,7912.31056565359,10549.602297852321,True,1,7,640,480,20.8094130257863,29.63150814664337,False,False,17.7912,23.7216,False,
339,overnightvideo0339 25-09-18 21-50-05.bmp,2025-09-18 21:50:05,154.52833702884146,171.41892178646484,3.7939007121045325,3.8402416568180664,8.933953445720945,9.043078031238046,249.95508294342923,213.58484969472315,7900.060863210055,10534.083374527778,True,1,7,640,480,17.690179355035035,29.201764893221583,False,False,17.7912,27.560221048721697,False,
340,overnightvideo0340 25-09-18 21-51-05.bmp,2025-09-18 21:51:05,153.58270392713007,199.61818168335415,3.2253115680881375,5.073922395663375,7.59502833200415,11.948174164239573,316.26903534507414,209.32418069424725,7887.100114484569,10515.9140073048,True,1,8,640,480,20.398522005949104,32.1969070322575,False,False,19.27380046589083,26.686799999999998,False,
341,overnightvideo0341 25-09-18 21-52-04.bmp,2025-09-18 21:52:04,154.74059327792114,179.91546268810896,2.780211072595998,5.94992939915985,6.546896763166052,14.011013015660568,429.75969639259523,224.03159148901887,7872.535974563871,10495.993196479718,True,1,7,640,480,22.26047270212564,35.81356083531487,False,False,20.7564,31.1346,False,
342,overnightvideo0342 25-09-18 21-53-05.bmp,2025-09-18 21:53:05,152.19505416932762,152.53935059405075,3.0533755473683275,5.60390251455958,7.190149943950285,13.196181971684242,483.10452793382785,229.33553903524975,7910.62730274014,10548.494888536814,True,1,8,640,480,23.474962204451877,30.198470239414828,False,False,20.758932494615436,28.1694,False,
343,overnightvideo0343 25-09-18 21-54-05.bmp,2025-09-18 21:54:05,153.39833895226087,169.42961850108037,3.788417181402132,4.24085200509444,8.92104071770539,9.98644330960608,282.2801929643199,226.54621670324673,7900.061599878469,10533.982832168773,True,1,7,640,480,19.12901653196471,30.529588495496615,False,False,17.7912,26.686799999999998,False,
344,overnightvideo0344 25-09-18 21-55-05.bmp,2025-09-18 21:55:05,152.67648021641864,174.90196901672113,3.083349849248571,3.675317183659518,7.260734030853691,8.654710575928128,358.10053612458273,281.5610590130843,7899.664544229353,10533.248073722107,True,1,7,640,480,18.852466352058066,30.419372702360505,False,False,17.7912,25.9455,False,
345,overnightvideo0345 25-09-18 21-56-05.bmp,2025-09-18 21:56:05,151.4378753512036,217.37056204848125,3.7723707964240796,3.6500340417241044,8.883254368708789,8.595173326497253,331.8499127942801,226.01694773110077,7904.745390659089,10541.889808299931,True,1,7,640,480,19.755814779489832,31.11552050365024,False,False,17.7912,23.7216,False,
346,overnightvideo0346 25-09-18 21-57-05.bmp,2025-09-18 21:57:05,154.55361442146187,183.51214110841502,3.4049369216371916,5.751219872100859,8.018013715137233,13.543087838203435,364.85985871120107,239.11145384026054,7894.870239865836,10525.799851124844,True,1,6,640,480,19.231010881767407,33.04863846607046,False,False,20.015081342800226,28.1694,False,
347,overnightvideo0347 25-09-18 21-58-04.bmp,2025-09-18 21:58:04,152.87514492709658,166.6886320967371,4.001241372122567,5.751888445847167,9.42220338808136,13.544662209062823,302.77300517516096,203.69272636652144,7886.833281829167,10515.985811641724,True,1,7,640,480,20.84447963122847,32.43882313355594,False,False,19.273799999999998,29.651999999999997,False,
348,overnightvideo0348 25-09-18 21-59-05.bmp,2025-09-18 21:59:05,151.2000633504486,183.2912576117672,3.4109450264185175,4.098428974136877,8.032161720708945,9.651062701433148,336.31401902987767,253.63466912799313,7890.413320010215,10521.113230602743,True,1,7,640,480,19.170987322192598,31.93114129412124,False,False,17.7912,26.686799999999998,False,
349,overnightvideo0349 25-09-18 22-00-05.bmp,2025-09-18 22:00:05,152.37309320738188,179.9085944844098,2.598682111741483,5.143408653401156,6.119428727392202,12.111801796814685,464.22707616308196,252.903813243101,7901.6532145230485,10535.044601797888,True,1,7,640,480,18.14656565869759,30.15697285522026,False,False,17.7912,26.686799999999998,False,
350,overnightvideo0350 25-09-18 22-01-05.bmp,2025-09-18 22:01:05,151.02345164437918,201.74859999032657,3.2114529577397466,6.072140812762915,7.562393798559485,14.298798902144632,281.880725566115,180.4515221101612,7865.584192268288,10486.45087413727,True,1,8,640,480,21.578400058187896,38.03176333317949,False,False,20.7564,35.5824,False,
351,overnightvideo0351 25-09-18 22-02-05.bmp,2025-09-18 22:02:05,152.43652493381805,175.97222143165786,3.8556997423398713,6.219286848934772,9.079479040882596,14.64530133766897,363.7664867382162,223.67755296729345,7893.534792933084,10524.772900304502,True,1,7,640,480,19.699766850415962,31.658669497304935,False,False,20.756399999999324,28.16940000012675,False,
352,overnightvideo0352 25-09-18 22-03-05.bmp,2025-09-18 22:03:05,149.90325235892374,173.10112037352206,4.021485038300467,7.163018531286792,9.469873578981995,16.867619620402287,369.28822242304767,202.0862772826581,7898.042873096595,10530.919866419164,True,1,9,640,480,25.406610302209373,32.291491077547356,False,False,23.7216,28.15460298488048,False,
353,overnightvideo0353 25-09-18 22-04-05.bmp,2025-09-18 22:04:05,153.17861979700936,164.88643160946293,3.072337897547147,3.7506417066868956,7.234802866252265,8.832086272635392,401.07671504675864,249.23614972511086,7889.320663085823,10520.647531596638,True,1,8,640,480,20.35719907507925,33.41186435406987,False,False,19.273800000001348,31.1346,False,
354,overnightvideo0354 25-09-18 22-05-04.bmp,2025-09-18 22:05:04,153.03589981203046,176.6131419430162,3.1441972572187016,6.069423583143012,7.40401872682993,14.292400315368733,390.97501077813666,218.06214973425745,7895.663430393289,10527.059267729835,True,1,8,640,480,19.29399516703782,32.06234465975698,False,False,19.273799999999998,26.712474618159376,False,
355,overnightvideo0355 25-09-18 22-06-05.bmp,2025-09-18 22:06:05,154.2564642132595,178.47774494256905,3.7371136443419033,3.814165178974276,8.800230120254977,8.981672618507684,335.0591927717203,320.7192377033158,7895.164554177563,10527.036877942588,True,1,7,640,480,19.53115031325703,31.006167335985737,False,False,19.273799999999998,26.686799999999998,False,
356,overnightvideo0356 25-09-18 22-07-05.bmp,2025-09-18 22:07:05,154.3795178351941,166.69789738435983,3.366198535959816,6.091167031085216,7.926791788032009,14.343602222431121,332.82548789435907,179.88299656700428,7886.9307535836615,10516.03644574933,True,1,8,640,480,19.778757035185965,33.414606179080145,False,False,17.7912,28.9107,False,
357,overnightvideo0357 25-09-18 22-08-05.bmp,2025-09-18 22:08:05,156.8720315392359,172.1620109331673,3.0478640407679904,3.5536269836014767,7.17717133772949,8.368152053547625,376.9304585030139,242.0883230131441,7891.331723818963,10523.282434893861,True,1,8,640,480,20.169098916281012,32.6849469804026,False,False,17.7912,28.1694,False,
358,overnightvideo0358 25-09-18 22-09-05.bmp,2025-09-18 22:09:05,154.96432184846287,216.24236540285997,3.7397861472470706,6.133901121125381,8.806523383666468,14.44423331426386,356.3269784884041,235.56628727098084,7886.13703203633,10514.262649489154,True,1,8,640,480,20.42595519904317,30.47710316515079,False,False,20.7564,29.651999999999997,False,
359,overnightvideo0359 25-09-18 22-10-04.bmp,2025-09-18 22:10:04,157.57233999981887,188.03614362728032,3.0781255006162724,7.170897400030726,7.248431629972124,16.88617293845267,426.19542605207937,193.6014135209548,7904.907182744147,10539.477204765388,True,1,7,640,480,25.72699586899276,30.607436495410134,False,False,23.7216,28.1694,False,
360,overnightvideo0360 25-09-18 22-11-05.bmp,2025-09-18 22:11:05,155.20524401427406,177.3298670679143,3.2257726770604735,4.332848948389521,7.5961141606551505,10.203079555758913,319.3874011935604,207.16229646426763,7905.433583122584,10541.270923097049,True,1,8,640,480,23.36585069021824,30.412126052491743,False,False,20.7564,26.686799999999998,False,
361,overnightvideo0361 25-09-18 22-12-05.bmp,2025-09-18 22:12:05,155.97218797830004,167.04328245753965,3.1086090787395175,5.09759408680618,7.3202149707810085,12.00391673704243,410.50973077410623,259.4062624173627,7901.859774801027,10535.571594859679,True,1,8,640,480,18.747273315196956,31.02063840203293,False,False,19.273799999999998,26.686799999999998,False,
362,overnightvideo0362 25-09-18 22-13-05.bmp,2025-09-18 22:13:05,160.6816227324126,160.33707890242684,2.7016056475807386,3.6434872705346133,6.361795132691942,8.57975685847001,409.5037411568484,276.03867727309984,7890.941989020338,10521.78119818254,True,1,7,640,480,19.455356170084617,29.87935217673601,False,False,19.273799999999998,25.2042,False,
363,overnightvideo0363 25-09-18 22-14-05.bmp,2025-09-18 22:14:05,157.41415472396133,181.33436165555295,3.2572243741227447,5.653886791247214,7.6701772473476275,13.313885948364655,332.3921577138158,208.46275697689774,7883.60645958222,10510.974220165299,True,1,7,640,480,20.443623065393265,35.58116433643004,False,False,19.273799999999998,29.651999999999997,False,
364,overnightvideo0364 25-09-18 22-15-05.bmp,2025-09-18 22:15:05,152.81967316777198,204.58709197058448,3.89672530042949,2.778303158802859,9.17608684743061,6.542403969521778,268.03512047088907,268.5876702467924,7883.049888980554,10512.290643601369,True,1,8,640,480,20.7242160446958,32.771753604424305,False,False,17.7912,30.3933,False,
365,overnightvideo0365 25-09-18 22-16-04.bmp,2025-09-18 22:16:04,153.00506253949828,179.8940571097456,2.9982268284022466,5.953508875340125,7.060284635071179,14.019442037920589,489.2098639017855,243.43890568677753,7893.416207106825,10524.646050660995,True,1,7,640,480,20.172978687319606,32.27304681237875,False,False,19.273799999999998,28.1694,False,
366,overnightvideo0366 25-09-18 22-17-05.bmp,2025-09-18 22:17:05,154.92645985859943,181.550593351996,3.024779499585647,3.120356149070317,7.122811397422966,7.347877207466364,396.19817045034864,314.19701860291866,7893.9984786493715,10526.469760616706,True,1,9,640,480,27.279848004041124,31.78102287036175,False,False,26.686799999999998,29.651999999999997,False,
367,overnightvideo0367 25-09-18 22-18-05.bmp,2025-09-18 22:18:05,158.45812667053343,182.84758935573453,3.424823730637833,4.2243332185479305,8.064843571603646,9.947544539926772,306.0271045824641,254.40355533173152,7902.187235550848,10536.110756699069,True,1,9,640,480,23.762940364204947,30.495449937219895,False,False,22.238999999999997,26.686799999999998,False,
368,overnightvideo0368 25-09-18 22-19-05.bmp,2025-09-18 22:19:05,156.52461211478956,168.55727734789164,2.6636773645084215,4.101630426917478,6.272480851439641,9.658601546614129,429.0105231844905,225.21676865405212,7878.727439869852,10506.11351501442,True,1,8,640,480,21.922968714201527,32.804133802176224,False,False,21.497700011370522,32.31007436154054,False,
369,overnightvideo0369 25-09-18 22-20-05.bmp,2025-09-18 22:20:05,158.94952681131,159.1925003865458,3.6410291760831988,4.958149770988146,8.573968488383239,11.675550466988497,309.83660049103247,232.31428528524236,7887.170644103126,10516.103630559548,True,1,7,640,480,19.886401455287903,31.83436087833409,False,False,17.7912,25.2042,False,
370,overnightvideo0370 25-09-18 22-21-05.bmp,2025-09-18 22:21:05,156.7390799588994,179.31774430300885,3.6720774920044543,4.137962203690965,8.647081685079064,9.744156342831925,361.0906619325755,234.95681939496356,7897.877076536218,10532.349895017715,True,1,7,640,480,18.68407765714424,30.503972808011028,False,False,17.7912,26.686799999999998,False,
371,overnightvideo0371 25-09-18 22-22-05.bmp,2025-09-18 22:22:05,154.7101945480447,187.24505911179995,3.799109110285629,4.20258926648214,8.946218286160295,9.896341445744058,324.22050215009057,265.43914063764674,7892.6554108908995,10524.147451515326,True,1,8,640,480,26.277328273669962,32.39792002186009,False,False,25.2042,29.651999999999997,False,
372,overnightvideo0372 25-09-18 22-23-05.bmp,2025-09-18 22:23:05,158.80797397013322,165.86305098600502,3.1522195252817604,4.263061390505392,7.422909724471433,10.038742415559609,385.09801976299536,276.7691112456,7893.009640789388,10524.19056275493,True,1,8,640,480,19.140402242093977,32.74904863970913,False,False,17.7912,28.1694,False,
373,overnightvideo0373 25-09-18 22-24-05.bmp,2025-09-18 22:24:05,156.7948766116049,170.3702671139777,3.231681208866966,3.9282719014543983,7.610027689789781,9.250373415876659,378.12037468677585,273.02464030477466,7895.992170634561,10528.770007315035,True,1,8,640,480,18.834898718410404,31.69516064449597,False,False,17.7912,26.686799999999998,False,
374,overnightvideo0374 25-09-18 22-25-05.bmp,2025-09-18 22:25:05,156.54297580281315,203.93209569985947,3.0916798274327335,4.512121388301371,7.280349630456427,10.625233890784944,401.8948701681855,248.23283919703226,7901.281935171605,10535.682154570306,True,1,7,640,480,18.615843819480254,31.202674333115056,False,False,16.3086,23.7216,False,
375,overnightvideo0375 25-09-18 22-26-05.bmp,2025-09-18 22:26:05,156.62497266789666,186.2551428238505,3.453615207559909,4.035313749261746,8.132642318585797,9.502437704750555,334.2944571496481,278.5221141736424,7875.725056938319,10501.126541726395,True,1,8,640,480,21.038670777023835,33.891137620635234,False,False,18.778479304161824,28.1694,False,
376,overnightvideo0376 25-09-18 22-27-05.bmp,2025-09-18 22:27:05,155.64867208276743,181.0483021254822,3.011383524144171,5.665398469452981,7.091266285930636,13.34099387895554,457.11206283340357,219.62137339978412,7891.391447779566,10522.546138185504,True,1,6,640,480,19.00506805630956,31.032053699058864,False,False,17.7912,28.1694,False,
377,overnightvideo0377 25-09-18 22-28-05.bmp,2025-09-18 22:28:05,157.74510743609795,196.51149611946693,2.8745512485894325,6.184544814718018,6.769050900647139,14.563490099090208,474.7997009140138,247.65918631337126,7888.373223919991,10516.95979041383,True,1,8,640,480,20.054961221840394,35.6688445441402,False,False,19.273799999999998,29.651999999999997,False,
378,overnightvideo0378 25-09-18 22-29-04.bmp,2025-09-18 22:29:04,155.7232556510317,213.63639654412654,2.9035817857426944,2.8745066851636545,6.837412591453656,6.768945961798842,304.28666981023196,265.14333619928686,7890.50521983291,10521.30741142111,True,1,8,640,480,19.8928279580674,33.23531627911755,False,False,20.7564,29.651999999999997,False,
379,overnightvideo0379 25-09-18 22-30-05.bmp,2025-09-18 22:30:05,158.224284048634,180.96249331034522,3.040089075631123,4.898085292896433,7.158862693975778,11.53410942998381,365.4588641698933,199.06784344763201,7891.132917268905,10522.220643537483,True,1,8,640,480,19.7927670933576,33.23985984002705,False,False,17.7912,29.651999999999997,False,
380,overnightvideo0380 25-09-18 22-31-05.bmp,2025-09-18 22:31:05,157.071918075972,192.98079217672895,2.559095042650716,4.475397202648544,6.026208303573238,10.53875504227223,474.24818752475005,263.59116527002374,7882.768500242266,10510.53540182396,True,1,7,640,480,21.02973464018209,35.51109153364546,False,False,20.69581826490896,34.099799999999995,False,
381,overnightvideo0381 25-09-18 22-32-05.bmp,2025-09-18 22:32:05,158.4862681566366,199.17116435946238,2.926662401641636,5.427792807608983,6.891763288424143,12.78147530363245,416.7600405187537,253.3556151461362,7886.071289898493,10513.949959535665,True,1,7,640,480,20.923534894269384,34.53781305456426,False,False,20.7564,29.651999999999997,False,
382,overnightvideo0382 25-09-18 22-33-05.bmp,2025-09-18 22:33:05,159.1052002911954,190.74375065707298,3.5493107235576393,3.51119332667215,8.357988037876831,8.26822842762648,304.33298591576937,284.454969165578,7899.199077335823,10532.690497613674,True,1,8,640,480,19.0938952657059,32.01530798276477,False,False,19.273799999999998,28.1694,False,
383,overnightvideo0383 25-09-18 22-34-05.bmp,2025-09-18 22:34:05,158.15214431849725,188.45204854481418,3.339916897970345,3.152263104446574,7.864903260078156,7.423012345562282,361.94862089608574,323.0603555693426,7907.407486616827,10544.204837191843,True,1,8,640,480,22.34609650768345,30.937974157342023,False,False,19.63186791429448,26.686799999999998,False,
384,overnightvideo0384 25-09-18 22-35-06.bmp,2025-09-18 22:35:06,159.55757177056154,190.55471719235007,3.0374771603347437,4.30171778788948,7.152712103479941,10.129771274988341,383.3759954634085,269.81872353516434,7908.2172528505935,10544.309576359123,True,1,8,640,480,22.674587105675172,30.346117709296006,False,False,20.7564,25.9455,False,
385,overnightvideo0385 25-09-18 22-36-06.bmp,2025-09-18 22:36:06,158.43447386323166,197.86896266994816,3.282576659097326,5.236021820495164,7.729877316193109,12.329889139121455,426.42729837566776,261.3827104747264,7890.580111139911,10520.93628033798,True,1,7,640,480,19.157732745106404,33.181432608559355,False,False,19.200913038016914,28.1694,False,
386,overnightvideo0386 25-09-18 22-37-06.bmp,2025-09-18 22:37:06,158.9341771867448,186.87274133963103,3.646464696043923,3.746612907334656,8.586768159741917,8.822599175163331,354.63689160869313,321.909487782443,7877.491408195263,10503.776729642557,True,1,6,640,480,20.37244925886183,33.52539218169608,False,False,20.7564,29.651999999999997,False,
387,overnightvideo0387 25-09-18 22-38-06.bmp,2025-09-18 22:38:06,159.5472134210445,192.02042845397952,2.769091709566136,3.0181154273401414,6.520712664215357,7.107118706517714,383.9880694061435,322.6226168804971,7912.254229245386,10550.140135880934,True,1,8,640,480,21.743299922254053,27.739149070684128,False,False,20.7564,23.7216,False,
388,overnightvideo0388 25-09-18 22-39-06.bmp,2025-09-18 22:39:06,161.36569056345837,197.1908044853029,3.2450579865312386,3.378550828313206,7.641527593971533,7.955879213667855,307.5088007778185,242.32829052876184,7895.388556291844,10528.12036914044,True,1,6,640,480,18.8182000565368,30.865655490088056,False,False,19.273799999999998,23.7216,False,
389,overnightvideo0389 25-09-18 22-40-06.bmp,2025-09-18 22:40:06,159.04083181047474,193.45785404620122,3.760852540354254,4.405497105996874,8.856130948431765,10.374152893527276,302.9380546503604,278.12127980583585,7893.061226546827,10523.632754977623,True,1,8,640,480,20.36886611113567,31.218457771646495,False,False,20.756399877446437,26.686799999999998,False,
390,overnightvideo0390 25-09-18 22-41-06.bmp,2025-09-18 22:41:06,159.0226970922922,192.91558315967598,3.12180687736034,4.782148793167575,7.351293411523603,11.261099836471567,452.7273223897061,295.619612877084,7906.931740470885,10542.573723308946,True,1,9,640,480,23.955288694651937,31.270296865133744,False,False,23.7216,28.157343010740323,False,
391,overnightvideo0391 25-09-18 22-42-06.bmp,2025-09-18 22:42:06,156.7557819356622,206.57577908997476,3.391354627428119,5.509558617413632,7.986029856476201,12.974019071558624,390.23154964226563,215.25558635071513,7886.733897065492,10516.362981038777,True,1,8,640,480,20.445091232101404,31.618703347145388,False,False,19.273799999999998,27.877212014376816,False,
392,overnightvideo0392 25-09-18 22-43-06.bmp,2025-09-18 22:43:06,158.85392179449863,205.71068761743496,3.493560153119902,4.314387604066036,8.226705477088139,10.159606412087753,370.78201864367946,276.5948063574238,7906.7516263326725,10542.868223371774,True,1,8,640,480,24.97384986834174,31.347934495693814,False,False,23.7216,28.1694,False,
393,overnightvideo0393 25-09-18 22-44-05.bmp,2025-09-18 22:44:05,159.18952159920403,195.53071050966182,3.1770161421918126,4.8391446543188525,7.481301295020177,11.395314832794398,359.1046521205578,234.91586461979406,7892.781616772242,10523.730177911615,True,1,7,640,480,19.69873342125289,34.54641035580685,False,False,20.7564,32.6172,False,
394,overnightvideo0394 25-09-18 22-45-06.bmp,2025-09-18 22:45:06,159.57751047122997,189.83791601870203,3.239291976416002,4.71946562293265,7.627949677772323,11.11349225071628,382.1796959122651,255.59243743047855,7910.265336242465,10547.186156812742,True,1,8,640,480,23.025351528795298,30.36026271275441,False,False,20.7564,26.686799999999998,False,
395,overnightvideo0395 25-09-18 22-46-06.bmp,2025-09-18 22:46:06,157.64041485166163,200.32598288457345,3.1594641784213513,4.921784433917263,7.439969578903837,11.589916642309674,410.132899371777,269.03644342288965,7905.068610265629,10539.943489109866,True,1,7,640,480,17.45074134151354,28.474020367631613,False,False,16.3086,23.7216,False,
396,overnightvideo0396 25-09-18 22-47-06.bmp,2025-09-18 22:47:06,160.43804964751598,206.29430650673646,2.9855030842923753,4.667063391240619,7.030322507393409,10.99009442512353,386.74502763183324,264.39417634339793,7895.585586910296,10527.033250254286,True,1,7,640,480,18.918504300833348,30.150171464454587,False,False,17.7912,26.68679998135544,False,
397,overnightvideo0397 25-09-18 22-48-06.bmp,2025-09-18 22:48:06,160.82704909030525,172.95008463717758,3.231019438356709,4.803155688309673,7.608469339327018,11.310567294236044,344.55010445973693,228.6146672057319,7898.24609511478,10531.074045991283,True,1,8,640,480,17.39414910621508,31.784337835227877,False,False,16.316910024508598,29.651999999999997,False,
398,overnightvideo0398 25-09-18 22-49-06.bmp,2025-09-18 22:49:06,158.51718835888758,200.25339986255003,3.14315907311599,5.439093017593604,7.401573990094432,12.808085264617292,437.2508874153097,262.00495393476405,7890.601590155642,10520.53725198956,True,1,6,640,480,20.83458886350166,32.07981161922133,False,False,20.7564,29.651999999999997,False,
399,overnightvideo0399 25-09-18 22-50-06.bmp,2025-09-18 22:50:06,160.78215838284387,182.6609199196711,2.8228270346624096,4.3692747487889925,6.647249684878316,10.288855760695885,448.87321285579503,284.2844626009349,7893.218551199868,10524.421822065357,True,1,8,640,480,18.57401822442572,32.22397894661132,False,False,17.7912,28.169399979264043,False,
400,overnightvideo0400 25-09-18 22-51-06.bmp,2025-09-18 22:51:06,160.38998288986014,187.60949075419208,3.0601390117552567,2.9541623482200268,7.206076685462478,6.956520713864219,366.63154453304276,283.8478462063314,7874.271413624048,10500.508563379623,True,1,6,640,480,21.007041928672653,32.907450200181444,False,False,20.218613251929334,29.651999999999997,False,
401,overnightvideo0401 25-09-18 22-52-06.bmp,2025-09-18 22:52:06,158.48431950740067,189.3802293663031,3.6397775177950624,3.954279941104062,8.571021058356806,9.311617668975646,295.8972481368199,231.70295498763937,7896.009939013019,10528.852877468978,True,1,7,640,480,19.030330194784103,29.308852943673937,False,False,17.7912,26.686799999999998,False,
402,overnightvideo0402 25-09-18 22-53-06.bmp,2025-09-18 22:53:06,159.55635919355728,186.8290072576279,3.341506570035256,4.578901298400495,7.868646651721635,10.782488561691725,378.8557736649399,256.0666791653087,7897.90896296872,10531.033267070303,True,1,8,640,480,20.27880442891012,31.09973103464313,False,False,17.7912,26.686799999999998,False,
403,overnightvideo0403 25-09-18 22-54-06.bmp,2025-09-18 22:54:06,159.42484217183448,187.25429462331712,3.232871522856712,5.290514754791134,7.612830665032717,12.45821019311416,411.37760084251926,248.4918562377796,7904.208371127399,10539.02429491118,True,1,8,640,480,18.442042979611994,29.25818078095369,False,False,17.7912,23.721597202845444,False,
404,overnightvideo0404 25-09-18 22-55-06.bmp,2025-09-18 22:55:06,155.93104857494637,214.37696669622082,3.7338456314294293,5.088751043754752,8.792534537941263,11.983092962005855,308.95075966645504,228.93198827202554,7901.408465124231,10535.151736393991,True,1,7,640,480,20.58403260955245,31.28814463557963,False,False,17.7912,26.686799999999998,False,
405,overnightvideo0405 25-09-18 22-56-06.bmp,2025-09-18 22:56:06,160.22728222600327,185.9614253586721,2.89050536613422,2.7046280828930063,6.806619976442384,6.368912423950079,405.3944993357256,342.96858462050415,7895.969914970993,10529.235094650201,True,1,7,640,480,19.373186503932736,32.45992433856972,False,False,19.273799999999998,25.2042,False,
406,overnightvideo0406 25-09-18 22-57-05.bmp,2025-09-18 22:57:05,161.69359239219867,174.79043542884287,2.9808392109144153,4.722270351254201,7.019339924875503,11.120096881188735,355.1092039066324,267.14648283046625,7902.008867522453,10534.951652887448,True,1,7,640,480,23.893177112864986,31.892377054268334,False,False,23.7216,28.1694,False,
407,overnightvideo0407 25-09-18 22-58-06.bmp,2025-09-18 22:58:06,157.01980474086741,197.9135126492623,3.150746588005623,6.0288253048449025,7.419441222248511,14.1967986758386,444.1165899742032,236.20648376186654,7901.355434351697,10535.01133740264,True,1,8,640,480,18.336357187055174,29.539413518192426,False,False,17.7912,22.353564353582478,False,
408,overnightvideo0408 25-09-18 22-59-06.bmp,2025-09-18 22:59:06,162.28149401650728,161.02873660241028,3.2827520070268705,3.5192278245413235,7.730290229012454,8.28714822426057,292.13203888081273,261.6304673284828,7911.923673299956,10549.431362598929,True,1,7,640,480,21.119696597703598,29.583534421201456,False,False,20.7564,26.686799999999998,False,
409,overnightvideo0409 25-09-18 23-00-06.bmp,2025-09-18 23:00:06,156.95533813272573,179.52270756384797,4.015631626469635,4.6270386363365175,9.456089847470931,10.8958433299779,282.3933618976353,225.28392458804154,7910.863303638271,10548.2960357049,True,1,8,640,480,20.144020121292687,29.473612099042917,False,False,17.7912,25.2042,False,
410,overnightvideo0410 25-09-18 23-01-06.bmp,2025-09-18 23:01:06,160.73326889220587,176.34512849431945,3.378662222403652,4.398177416839339,7.956141526704935,10.356916342775715,319.29070541610105,276.11869732261977,7892.112360889479,10522.108131133065,True,1,7,640,480,19.733338720368803,31.215383939984793,False,False,19.273799999999998,25.2042,False,
411,overnightvideo0411 25-09-18 23-02-06.bmp,2025-09-18 23:02:06,164.71852948768537,185.61375590776123,3.923715685940157,3.84348601135782,9.239644348254243,9.050717902341445,251.9895651924939,239.5514992189208,7902.480637290502,10536.996073272116,True,1,8,640,480,18.403849653986658,28.882556083397834,False,False,19.273799999999998,25.2042,False,
412,overnightvideo0412 25-09-18 23-03-06.bmp,2025-09-18 23:03:06,158.35402433602758,196.32449675966953,2.923918433207038,4.9667019716540155,6.88530173655142,11.695689360545614,470.40170515755574,239.78702537603405,7884.131785654713,10513.139019411094,True,1,8,640,480,20.982278393041447,32.22372972545158,False,False,20.7564,30.393300261634668,False,
413,overnightvideo0413 25-09-18 23-04-06.bmp,2025-09-18 23:04:06,153.30998297247965,201.11038541633573,2.8426741847556447,3.3911180955890567,6.693986151754604,7.98547286656029,392.7198928069646,254.89896120899797,7897.4244743875715,10531.215186168336,True,1,6,640,480,18.275466064350145,32.49518092881746,False,False,17.791200001827104,28.1694,False,
414,overnightvideo0414 25-09-18 23-05-06.bmp,2025-09-18 23:05:06,158.91852302154334,196.28232503746955,3.309893230887472,3.945658096747309,7.794202927006071,9.29131477705923,338.6281870905411,284.8142014247666,7906.532051575847,10542.027297136643,True,1,8,640,480,23.73861608842607,31.051216870823204,False,False,22.238999999999997,26.80369367690161,False,
415,overnightvideo0415 25-09-18 23-06-06.bmp,2025-09-18 23:06:06,156.23818162573158,200.6842229687779,3.3600503874089025,3.7082165158293177,7.91231400458449,8.732182582789704,346.30604475654746,279.1573055608161,7896.559801408088,10529.417081745876,True,1,7,640,480,19.992744127703784,33.892626189390306,False,False,19.273799999999998,28.1694,False,
416,overnightvideo0416 25-09-18 23-07-06.bmp,2025-09-18 23:07:06,161.02892813592737,196.22343499504294,3.3385836972199043,3.9762054349513636,7.861763812226968,9.363248261384475,324.75029465671173,231.21218764841507,7883.719216383846,10512.486538326993,True,1,6,640,480,20.002319653440946,34.56291171944105,False,False,20.7564,31.875899999999998,False,
417,overnightvideo0417 25-09-18 23-08-06.bmp,2025-09-18 23:08:06,159.60848925691676,196.2514774307085,3.4226482118476724,3.403789464672593,8.059720616348233,8.015311660476186,315.8963042345937,334.0407975754,7889.454419834727,10518.981150502255,True,1,6,640,480,19.969203438423957,30.666344102360448,False,False,19.273799999999998,29.651999999999997,False,
418,overnightvideo0418 25-09-18 23-09-06.bmp,2025-09-18 23:09:06,160.4638358156261,177.57873457085918,3.019338567363638,5.646135346448209,7.109998981162924,13.295632690774006,381.3626201259898,212.33648287293164,7904.379235342603,10538.924692043622,True,1,7,640,480,23.15832639199438,30.751431939390766,False,False,22.238999999999997,25.2042,False,
419,overnightvideo0419 25-09-18 23-10-06.bmp,2025-09-18 23:10:06,158.83257030163904,188.1626225563149,3.2524212473672915,4.354054822496951,7.658866748185062,10.253015573179493,353.65161432810606,254.75682708364897,7896.734087400024,10529.192884919532,True,1,8,640,480,20.105612840656608,33.27955348456837,False,False,19.273799999999998,27.433969599006506,False,
420,overnightvideo0420 25-09-18 23-11-06.bmp,2025-09-18 23:11:06,161.95854963482802,164.8857715283306,3.6771315265865834,3.562713546382156,8.658983027021343,8.389549273724002,272.5402962161791,263.70930307528863,7907.212407923004,10543.277022554052,True,1,7,640,480,16.835986715231396,27.950274333883623,False,False,16.3086,23.7216,False,
421,overnightvideo0421 25-09-18 23-12-06.bmp,2025-09-18 23:12:06,163.1094977952902,188.5174553131135,3.223175492644905,4.131914265135626,7.589998258732728,9.729914535890698,292.3673885611194,217.3464283577102,7905.216992703267,10540.520636221945,True,1,7,640,480,18.186016976959284,28.33551155077095,False,False,17.7912,23.7216,False,
422,overnightvideo0422 25-09-18 23-13-06.bmp,2025-09-18 23:13:06,160.91951044331196,154.48728612545833,2.847573359617307,4.433148056049494,6.705522826922959,10.439265904975334,379.36534728091306,239.1876343185219,7889.109629731095,10518.916846215754,True,1,7,640,480,19.710895689612535,34.770514586389574,False,False,17.7912,28.9107,False,
423,overnightvideo0423 25-09-18 23-14-06.bmp,2025-09-18 23:14:06,157.5832198251992,185.11522528831858,3.315530282158004,5.454705775526776,7.807477168332787,12.844850499956541,333.5055534701006,198.27063834827106,7898.141095930692,10530.981378061288,True,1,7,640,480,19.802065193268692,29.476941387979203,False,False,19.273799999999998,26.686799999999998,False,
424,overnightvideo0424 25-09-18 23-15-05.bmp,2025-09-18 23:15:05,156.17073632832603,190.12727042613602,3.7203259918393248,4.804269419237734,8.76069821963289,11.313189930150214,348.22850945031576,288.15076994981706,7896.413443713652,10528.087373520504,True,1,8,640,480,19.72481255609946,29.93609286209858,False,False,20.0151,26.686799999999998,False,
425,overnightvideo0425 25-09-18 23-16-06.bmp,2025-09-18 23:16:06,159.28037898421334,181.28165222122738,3.007968483442991,4.23041406376785,7.0832244796329,9.96186383614137,384.1520706389703,223.28167334774983,7902.969605641437,10538.394383894994,True,1,9,640,480,18.12750799841461,30.157486378498202,False,False,16.3086,26.686799999999998,False,
426,overnightvideo0426 25-09-18 23-17-06.bmp,2025-09-18 23:17:06,159.33579167239645,186.8139323832777,2.8216892689031945,4.0055160010136435,6.644570451261967,9.432269369879135,406.9838897854217,245.0251444423936,7893.253801597098,10525.210133993502,True,1,7,640,480,19.371513032341294,32.268837127576006,False,False,17.7912,28.1694,False,
427,overnightvideo0427 25-09-18 23-18-06.bmp,2025-09-18 23:18:06,162.6594818996995,173.21804344829678,3.220467502178092,4.126541068715395,7.583621428499724,9.717261625254448,355.10880134394034,275.6331404283461,7880.059967047742,10506.77902548507,True,1,8,640,480,20.732175940523174,32.50040477387286,False,False,20.756396121033532,26.686800058723552,False,
428,overnightvideo0428 25-09-18 23-19-06.bmp,2025-09-18 23:19:06,160.0311765199049,186.4427028352458,3.4925824332964495,3.262451867312648,8.224403122849449,7.682487053096474,274.18286395113995,271.9851371430139,7870.233807948301,10494.012025877752,True,1,7,640,480,21.716153598986175,33.57799800214175,False,False,17.7912,29.651999999999997,False,
429,overnightvideo0429 25-09-18 23-20-06.bmp,2025-09-18 23:20:06,159.92551634521863,193.69403246310023,2.9274975213498706,3.741432305077141,6.893729845053095,8.810399789122002,322.1216889234623,233.7130147104102,7885.659723987038,10514.571146893848,True,1,8,640,480,19.886422922415367,33.26123046003116,False,False,19.273799999999998,28.1694,False,
430,overnightvideo0430 25-09-18 23-21-07.bmp,2025-09-18 23:21:07,160.56212577293064,175.6084799340337,3.4000018548016717,3.3416100744039903,8.006392520829383,7.868890385883878,295.5179133976786,290.26633249268684,7891.93818207952,10522.765997091723,True,1,7,640,480,28.870564027720874,32.628769820078155,False,False,26.686799999999998,27.428089521947566,False,
431,overnightvideo0431 25-09-18 23-22-07.bmp,2025-09-18 23:22:07,162.92831040207474,168.7234651394881,2.9544791298794766,2.8204305450592946,6.957266677665789,6.641606383123193,408.5549010845124,323.27407513342985,7891.438018604469,10523.459429841725,True,1,8,640,480,19.189901334240947,33.22793214127601,False,False,20.756104345401194,31.1346,False,
432,overnightvideo0432 25-09-18 23-23-07.bmp,2025-09-18 23:23:07,159.79105976749636,200.61111874551986,3.308408414663936,4.673429181682219,7.790706451999702,11.005084716057876,359.93442134585916,255.02896060284763,7890.212627832321,10520.278021984055,True,1,8,640,480,20.39895065991595,33.82318601157491,False,False,17.7912,26.686799999999998,False,
433,overnightvideo0433 25-09-18 23-24-07.bmp,2025-09-18 23:24:07,162.25805087430692,169.01630685620512,4.177286112833669,3.877079823400377,9.83675707233014,9.12982528432826,253.11429925665698,266.26981215984864,7860.1307259399555,10480.304758328151,True,1,6,640,480,22.28200563529175,35.76998082889001,False,False,22.238999999999997,32.6172,False,
434,overnightvideo0434 25-09-18 23-25-07.bmp,2025-09-18 23:25:07,160.2549992024614,165.4062333938933,3.207658717172562,4.108268846972288,7.5534590448162096,9.674233831226529,401.5098460686441,306.5502228377969,7895.455776573419,10527.423282454269,True,1,7,640,480,19.35384735612994,31.634122682975267,False,False,19.273799999999998,29.651999999999997,False,
435,overnightvideo0435 25-09-18 23-26-07.bmp,2025-09-18 23:26:07,159.8478388277504,179.04354022609164,2.9009842233185776,4.023397982697846,6.831295799389126,9.474378218793973,390.1204976277631,223.06605234177712,7885.142445371735,10514.746546788958,True,1,7,640,480,20.449575096301224,33.74177792870119,False,False,20.7564,28.1694,False,
436,overnightvideo0436 25-09-18 23-27-07.bmp,2025-09-18 23:27:07,158.63436041188353,199.01708322460678,4.315006684088021,4.773983316399428,10.161064234133,11.241871608100702,300.4087738018673,284.41309378937876,7902.4386614401255,10536.263628790693,True,1,8,640,480,17.41109496944959,30.453489902759642,False,False,16.3086,23.7216,False,
437,overnightvideo0437 25-09-18 23-28-07.bmp,2025-09-18 23:28:07,156.93198615077017,205.492046812382,3.438266033443738,5.341993098665996,8.096497775702368,12.57943242915568,338.53182596643325,208.60100964702076,7898.642779277248,10531.78281442536,True,1,7,640,480,19.077187065898347,29.512587910143687,False,False,17.7912,27.045477910191856,False,
438,overnightvideo0438 25-09-18 23-29-07.bmp,2025-09-18 23:29:07,159.64759065368557,170.05186747462264,3.2671036981027655,2.574165338622446,7.6934412774871355,6.061696138612017,360.7338491539273,324.59709673727855,7868.216876535643,10492.746969042782,True,1,7,640,480,19.734972339257816,34.44805327141157,False,False,17.7912,31.1346,False,
439,overnightvideo0439 25-09-18 23-30-07.bmp,2025-09-18 23:30:07,163.00543050219466,175.6832663150028,3.1820569060809474,4.459774168633533,7.49317138686858,10.501965608609481,454.37312166638895,297.39463811583363,7878.499708973539,10505.290471913528,True,1,5,640,480,19.602780388839047,34.60847518506214,False,False,19.273799999999998,34.099799999999995,False,
440,overnightvideo0440 25-09-18 23-31-07.bmp,2025-09-18 23:31:07,158.91673850157994,176.17748693803713,3.68665952966418,2.6602429647130754,8.681419759657583,6.26439345795891,303.6988700239933,262.58054838953274,7876.014832690564,10503.552187121688,True,1,7,640,480,21.59666293165619,37.58591996495796,False,False,20.7564,34.099799999999995,False,
441,overnightvideo0441 25-09-18 23-32-07.bmp,2025-09-18 23:32:07,158.32244104400658,182.7056994707619,2.866581862953333,5.11617243719645,6.75028443160467,12.047665408945047,437.0392049376049,234.5667434293075,7890.074491241116,10520.374657789576,True,1,6,640,480,20.602151544228793,35.278571514237115,False,False,20.7564,29.651999999999997,False,
442,overnightvideo0442 25-09-18 23-33-07.bmp,2025-09-18 23:33:07,159.79048404584844,171.6059531557012,3.1048839691294288,4.969332641860157,7.311443008001234,11.7018841154789,389.5884099353367,219.80801540139893,7893.126430062261,10524.781275149491,True,1,9,640,480,18.456262489752977,32.98018479068607,False,False,17.784374874307797,29.65199999998247,False,
443,overnightvideo0443 25-09-18 23-34-07.bmp,2025-09-18 23:34:07,162.21375455454069,172.32036928925694,3.0129244710284926,4.711046904832878,7.094894938542164,11.09366768458147,338.85776554099607,269.50887469940085,7897.924766731154,10529.267524807447,True,1,6,640,480,17.892745128995458,30.773129497980758,False,False,17.791200370822047,26.686799999999998,False,
444,overnightvideo0444 25-09-18 23-35-07.bmp,2025-09-18 23:35:07,159.48705944364752,183.94636432019917,3.1427645793206054,2.890253016773958,7.40064502819742,6.806025739110489,318.4065539011613,293.29327941520324,7911.777617406777,10549.835732905844,True,1,8,640,480,20.674676996341166,29.04771773231447,False,False,20.7564,28.1694,False,
445,overnightvideo0445 25-09-18 23-36-06.bmp,2025-09-18 23:36:06,161.24201904270143,170.25039576096708,2.79570713644467,3.4060457594050857,6.583387204935984,8.020624828539757,443.30177005660244,275.9062383157473,7899.210047650011,10533.844578945682,True,1,7,640,480,19.006462340822043,30.972132994661507,False,False,17.7912,23.7216,False,
446,overnightvideo0446 25-09-18 23-37-07.bmp,2025-09-18 23:37:07,157.95371385345138,188.14854456105667,3.9795765994930106,4.099551587015002,9.371186747222243,9.653706252741367,323.8851042098551,286.33925534275755,7910.586160458035,10548.049089465341,True,1,7,640,480,23.455049656964785,29.909849922328714,False,False,20.7564,26.686799999999998,False,
447,overnightvideo0447 25-09-18 23-38-07.bmp,2025-09-18 23:38:07,160.21710168926296,176.97056904482702,3.6832657204019585,5.759024652292608,8.673427949577892,13.561466691046025,339.6096387711114,204.85910832465223,7892.246136750334,10523.366059123646,True,1,8,640,480,20.00982110121685,32.500077078030394,False,False,20.0151,28.1694,False,
448,overnightvideo0448 25-09-18 23-39-07.bmp,2025-09-18 23:39:07,157.11598014585522,191.32060608061545,2.957372624339081,4.943586631486475,6.964080336419452,11.64125689417138,417.9714134047009,239.70985533252065,7900.291505884376,10533.988706714208,True,1,7,640,480,18.994491680672464,30.592560335936344,False,False,16.3086,26.686799999999998,False,
449,overnightvideo0449 25-09-18 23-40-07.bmp,2025-09-18 23:40:07,158.2551644876825,190.12237103423595,3.127450735549528,4.948032844448861,7.364583681918815,11.651726925579682,406.0930323665458,222.6307702014627,7897.789831204228,10531.2661197484,True,1,7,640,480,19.173749858916338,32.09442613562651,False,False,17.7912,26.686799999999998,False,
450,overnightvideo0450 25-09-18 23-41-06.bmp,2025-09-18 23:41:06,156.96034100669812,189.87870365976246,3.491293903148486,3.773481244003075,8.221368866228397,8.885869272926763,312.2925087976632,241.76893668135048,7916.1703294132985,10555.823284548942,True,1,8,640,480,20.39118998471993,28.2345099340694,False,False,19.273799999999998,23.72160008520376,False,
451,overnightvideo0451 25-09-18 23-42-07.bmp,2025-09-18 23:42:07,160.62475882711422,159.17733740686074,3.7277652992237162,4.350646939039306,8.778216449782802,10.2449906209023,262.5793790155207,221.51784708989845,7915.402228533362,10553.948431596375,True,1,7,640,480,21.77895168419023,29.711850380787805,False,False,20.7564,26.686799999999998,False,
452,overnightvideo0452 25-09-18 23-43-07.bmp,2025-09-18 23:43:07,161.26047640972283,176.71903557407492,3.195489935818197,2.6457253531546936,7.524803754559352,6.23020709525526,231.86517371504672,189.48971473496175,7901.6512216894025,10536.78610965283,True,1,8,640,480,18.185948134269083,30.440016239855872,False,False,17.7912,26.686799999999998,False,
453,overnightvideo0453 25-09-18 23-44-07.bmp,2025-09-18 23:44:07,157.8452783043401,179.0552454399155,3.1831218946190174,5.09952355826463,7.495679243225755,12.008460295109103,444.56747285504804,232.79483325590806,7903.07787359441,10538.62765508833,True,1,8,640,480,23.836846783125846,31.812139915018044,False,False,22.238999999999997,28.1694,False,
454,overnightvideo0454 25-09-18 23-45-07.bmp,2025-09-18 23:45:07,157.1128339953484,184.47353697072361,3.8447591790325664,3.636433181124782,9.053715983102624,8.563145747328297,318.58775397757046,252.94059776186896,7892.18695014086,10524.509165291238,True,1,7,640,480,20.84205427118269,32.58115292836723,False,False,20.7564,27.428099999999997,False,
455,overnightvideo0455 25-09-18 23-46-07.bmp,2025-09-18 23:46:07,158.00791265939327,175.3650102073915,4.82849394483379,5.02816245493075,11.370234328605171,11.840417738542957,235.232671199568,231.76929994344994,7905.785816628986,10540.893419476877,True,1,8,640,480,23.00756397673436,30.151328639127353,False,False,20.756400000012135,26.686799999999998,False,
456,overnightvideo0456 25-09-18 23-47-07.bmp,2025-09-18 23:47:07,159.02362744670182,183.50412317882157,4.4606833158690815,4.305665676794525,10.504106486743634,10.139067842917495,224.46412229254997,219.06828884690145,7906.5909452158285,10542.42408480771,True,1,7,640,480,17.740546123094553,31.000650487399135,False,False,17.7912,22.980299028208115,False,
457,overnightvideo0457 25-09-18 23-48-07.bmp,2025-09-18 23:48:07,158.54712410928744,178.54861076911627,3.2321278082346296,2.6559482771089438,7.6110793509328545,6.254280241501555,328.7653023420343,315.1363869826007,7876.035043794932,10502.558307007712,True,1,8,640,480,20.28007622765956,31.800972481532106,False,False,20.7564,28.1694,False,
458,overnightvideo0458 25-09-18 23-49-07.bmp,2025-09-18 23:49:07,157.88589416171436,179.05229524430544,4.005245025475832,6.190486117914548,9.431631271250984,14.577480798951003,321.1705575270566,251.8508384539446,7889.869619782909,10518.402017040535,True,1,7,640,480,20.061148061995215,32.3968130491269,False,False,20.7564,28.1694,False,
459,overnightvideo0459 25-09-18 23-50-07.bmp,2025-09-18 23:50:07,160.32395410695165,159.4986658382172,3.795697827927024,3.3987119502480216,8.938185330082991,8.003355027730272,284.9809005391537,305.2503101275578,7899.560276128653,10532.97808071727,True,1,7,640,480,18.043725769480435,31.3105876167385,False,False,17.7912,26.686799999999998,False,
460,overnightvideo0460 25-09-18 23-51-07.bmp,2025-09-18 23:51:07,159.47168454744423,185.2122497795768,2.8590235720020964,4.507739887791202,6.732486016566522,10.614916245556286,353.5745738349854,176.84386596430613,7886.140788306545,10515.97041827976,True,1,9,640,480,20.628030377279313,32.556552661589606,False,False,19.273799999999998,29.651999999999997,False,
461,overnightvideo0461 25-09-18 23-52-07.bmp,2025-09-18 23:52:07,159.21009894498565,192.5655762360171,3.796407399301607,6.526682292025399,8.93985624297924,15.36916228880995,288.6364373326218,174.6756887736695,7899.766067332918,10532.790232497817,True,1,8,640,480,17.928721428785998,32.447944780656385,False,False,17.7912,28.1694,False,
462,overnightvideo0462 25-09-18 23-53-07.bmp,2025-09-18 23:53:07,153.96321056195694,170.20067635421066,3.421296305985143,5.690594874108812,8.056537121324155,13.400326877701803,394.25498142427017,209.2714421862101,7894.9654712259135,10527.445643815097,True,1,8,640,480,18.449248272965086,34.931706108579675,False,False,17.7912,29.651999999999997,False,
463,overnightvideo0463 25-09-18 23-54-07.bmp,2025-09-18 23:54:07,161.42366990019377,152.53301528048945,2.964584280282468,4.26226800930438,6.981062488392805,10.036874145604115,376.58243799521904,267.44048819157166,7901.5118346635845,10535.226430852432,True,1,8,640,480,25.46129612317778,32.69071592755786,False,False,23.721600013796326,29.651999999999997,False,
464,overnightvideo0464 25-09-18 23-55-07.bmp,2025-09-18 23:55:07,161.28329117998496,156.03429226207103,3.062321114489983,4.950324498821369,7.211215144722529,11.657123359232349,398.08282301364915,245.23106447189116,7891.422306509778,10521.92295850277,True,1,6,640,480,19.254147941646362,31.72431612236732,False,False,19.273799999999998,26.686799999999998,False,
465,overnightvideo0465 25-09-18 23-56-07.bmp,2025-09-18 23:56:07,161.31882782381032,160.38835388059715,3.2715701114280784,3.645486393176077,7.703958877114975,8.584464432538603,344.1478055757739,274.53084025520167,7883.630903147669,10512.161188174028,True,1,8,640,480,20.89110755038103,32.968261350573684,False,False,20.7564,29.65830528853389,False,
466,overnightvideo0466 25-09-18 23-57-07.bmp,2025-09-18 23:57:07,160.63147592800533,157.14799453864276,2.943466739425738,4.306352181195751,6.931334479881618,10.140684437242506,441.20599037307704,252.31392286554873,7900.443287700898,10535.032117692963,True,1,7,640,480,19.802019008711994,32.152538692346226,False,False,19.273799999999998,28.1694,False,
467,overnightvideo0467 25-09-18 23-58-07.bmp,2025-09-18 23:58:07,160.11060138781377,184.87967049364684,3.609397499001824,6.175588184282588,8.49948158113407,14.542398846204922,319.2189731534819,178.5249372083851,7888.817019640064,10518.68188446773,True,1,7,640,480,20.18172929530276,32.72974263443171,False,False,19.273799999999998,26.686799999999998,False,
468,overnightvideo0468 25-09-18 23-59-07.bmp,2025-09-18 23:59:07,159.35996606607705,177.7210059245948,3.671292601319466,5.407244252322104,8.645233408760896,12.73308715374648,325.37777935798266,216.28465595659597,7890.5073274401675,10520.807267273422,True,1,7,640,480,19.473804787778228,33.55090776057878,False,False,17.04990000001483,29.65200000210218,False,
469,overnightvideo0469 25-09-19 00-00-07.bmp,2025-09-19 00:00:07,158.4817707135358,136.48789239538883,3.109830716499178,5.332769952313363,7.323091707865223,12.557713579246247,409.6061588450645,254.59943456569533,7898.876628639139,10531.397291914855,True,1,8,640,480,19.29616499915668,30.722733158410694,False,False,19.273799999999998,26.686799999999998,False,
470,overnightvideo0470 25-09-19 00-01-07.bmp,2025-09-19 00:01:07,158.3935740388485,159.41273292462012,3.393998214367461,6.480306937694338,7.992255027991746,15.259956674835754,434.6443403244171,171.77772740002976,7883.219166874205,10512.849355374345,True,1,8,640,480,20.71771750825183,35.132911198920105,False,False,17.7912,29.651999999999997,False,
471,overnightvideo0471 25-09-19 00-02-07.bmp,2025-09-19 00:02:07,160.97233437085475,179.22865244705537,3.4849792943309814,3.5735547074630647,8.206499098808408,8.415078257148735,341.7221872729065,311.6980315833616,7903.046671179604,10537.797795911043,True,1,7,640,480,19.198295684737104,29.864497295456523,False,False,17.7912,28.1694,False,
472,overnightvideo0472 25-09-19 00-03-07.bmp,2025-09-19 00:03:07,158.59242078308978,173.167864705979,3.4914394442288064,3.2707383734901687,8.22171158928171,7.702000283946573,334.4428164648463,241.65336258584077,7907.1328799153125,10544.814164140298,True,1,7,640,480,21.891573084629243,30.17237064987884,False,False,20.7564,28.1694,False,
473,overnightvideo0473 25-09-19 00-04-07.bmp,2025-09-19 00:04:07,161.75597006421071,157.35099171608616,3.611514417690333,3.844990438506982,8.504466543695473,9.05426055754858,266.3324678102972,240.1450970869031,7911.595258801009,10548.994772370595,True,1,8,640,480,21.77504345624395,28.799648134960613,False,False,20.7564,25.2042,False,
474,overnightvideo0474 25-09-19 00-05-07.bmp,2025-09-19 00:05:07,160.7936680568921,181.25387968326532,3.1125180053003443,4.12140251583347,7.329419789400998,9.70516125792564,383.0739406589494,238.52041842876193,7903.697321251526,10539.356015651787,True,1,8,640,480,17.034158888767678,31.18967111660232,False,False,17.7912,23.7216,False,
475,overnightvideo0475 25-09-19 00-06-07.bmp,2025-09-19 00:06:07,158.82680094769793,157.17800536409655,3.616314521459108,3.7195158346447665,8.515769924268412,8.758790445231519,307.48808050070073,283.3101141798289,7890.380774229089,10520.811612779145,True,1,8,640,480,19.15204539123467,32.95138497761212,False,False,18.955130709961445,32.6172,False,
476,overnightvideo0476 25-09-19 00-07-07.bmp,2025-09-19 00:07:07,160.11562313279086,180.2492020473598,3.2322859972455054,4.805449581787383,7.611451857586568,11.315969000578521,380.57721995438567,257.36683760644183,7884.769547307983,10512.99144579162,True,1,7,640,480,20.767131140563915,32.843111585613286,False,False,20.7564,29.651999999999997,False,
477,overnightvideo0477 25-09-19 00-08-07.bmp,2025-09-19 00:08:07,159.02189592017834,180.61863431592727,3.22019149575142,4.241982365957174,7.582971483033639,9.989105106023766,357.4899301052081,298.51425951215003,7891.722507095125,10521.69557520359,True,1,8,640,480,19.587987199449316,32.83892011733661,False,False,20.7564,31.875899999999998,False,
478,overnightvideo0478 25-09-19 00-09-07.bmp,2025-09-19 00:09:07,161.30128988736882,177.59370508203708,3.167878392007199,4.33624189187757,7.459783537718964,10.21106932709623,360.65079477891305,277.0598085032626,7870.587785247313,10493.809460264767,True,1,8,640,480,21.785010413848216,36.999959959937975,False,False,20.7564,31.134600015794003,False,
479,overnightvideo0479 25-09-19 00-10-07.bmp,2025-09-19 00:10:07,159.7683454465625,166.6761130766876,3.196124686106826,6.140085348987348,7.526298477262605,14.45879605799626,418.0692566350797,218.86607259325973,7884.66037438313,10512.840524221421,True,1,8,640,480,28.803771472638996,35.40085777851201,False,False,26.686799999999998,32.855906177547205,False,
480,overnightvideo0480 25-09-19 00-11-07.bmp,2025-09-19 00:11:07,159.32222969563946,167.53884415646178,3.0769803433375027,4.112160394314054,7.245734990657364,9.683397724913107,378.3663650963125,259.3475662497123,7862.155810187354,10483.384862720055,True,1,7,640,480,23.359761642875203,36.91551620818486,False,False,23.7216,34.0998035590303,False,
481,overnightvideo0481 25-09-19 00-12-07.bmp,2025-09-19 00:12:07,161.0632108285617,176.04301617703345,3.1936904582553227,4.105462217854234,7.520566308723712,9.667624724720369,317.2122150617458,239.81005965810294,7905.78061090882,10541.189888340337,True,1,8,640,480,24.686142736289842,31.142591071087004,False,False,22.238999999999997,26.686799999999998,False,
482,overnightvideo0482 25-09-19 00-13-07.bmp,2025-09-19 00:13:07,158.50119070010928,180.74765590079815,3.446433515094981,4.979857758880889,8.115730725212137,11.726668872015617,337.1169360771562,227.449251198501,7902.552611193152,10536.889229331933,True,1,7,640,480,24.531855264036526,33.21987330082811,False,False,22.238999999999997,29.651999999999997,False,
483,overnightvideo0483 25-09-19 00-14-07.bmp,2025-09-19 00:14:07,159.37507368801172,169.20404198480279,4.32198128984352,4.506797084488296,10.177488175572238,10.61269611344008,258.8450319310389,257.6009448810615,7871.985588015394,10495.760243531606,True,1,7,640,480,21.152777499746335,33.066637940826475,False,False,19.273799999999998,31.134497971303198,False,
484,overnightvideo0484 25-09-19 00-15-07.bmp,2025-09-19 00:15:07,161.08994824102894,182.19108818058984,2.986014895683929,4.168301648211349,7.0315277311175155,9.815600274943629,444.4120465118177,339.3929497100835,7875.902580721407,10500.74560947244,True,1,7,640,480,20.427838271768966,34.10789295008314,False,False,20.7564,31.1346,False,
485,overnightvideo0485 25-09-19 00-16-07.bmp,2025-09-19 00:16:07,158.02619635214867,174.40306230269402,2.6413488865162846,6.199157319509991,6.219901303888725,14.597899918282456,389.3078406994872,206.11993282878015,7895.503811843404,10526.035637213652,True,1,7,640,480,18.66161658522369,31.47813881796542,False,False,17.7912,26.686799999999998,False,
486,overnightvideo0486 25-09-19 00-17-07.bmp,2025-09-19 00:17:07,162.38461293190514,167.7233775286344,3.0237176657433507,4.11553257107993,7.120310969806634,9.691338594356779,338.28677837293685,244.2352000721861,7881.953141835063,10509.363422348055,True,1,8,640,480,21.270437218214614,35.06282493759798,False,False,20.75640147561503,29.651999999999997,False,
487,overnightvideo0487 25-09-19 00-18-07.bmp,2025-09-19 00:18:07,160.46597797239184,167.72727027416803,2.8638041402153043,4.390702458981806,6.743743394421622,10.339314162177036,425.8392674090232,264.4370033205967,7887.740806315655,10517.293007577762,True,1,7,640,480,20.830514386414478,33.198226080953035,False,False,20.7564,28.1694,False,
488,overnightvideo0488 25-09-19 00-19-06.bmp,2025-09-19 00:19:06,158.685523564094,191.91804062004175,2.678571046014961,4.282721451733994,6.307552791195548,10.085038321827255,405.4529255651654,273.7096195688309,7886.915180152181,10515.43682293588,True,1,7,640,480,20.444216445333208,32.977272442113616,False,False,20.7564,29.651999999999997,False,
489,overnightvideo0489 25-09-19 00-20-07.bmp,2025-09-19 00:20:07,159.58590896034846,159.73515351821283,3.5691010504171827,5.358561016324558,8.4045906962634,12.618446893762485,391.8748602437592,243.244155424341,7899.290823413684,10532.884924643433,True,1,7,640,480,25.201267596897278,33.159472144592705,False,False,24.462900095548815,29.651999999999997,False,
490,overnightvideo0490 25-09-19 00-21-07.bmp,2025-09-19 00:21:07,161.69098194336868,173.02315635156233,2.9062334652281883,3.108165646395925,6.8436568194590945,7.319170767409702,442.48814453588267,385.3399776683392,7873.566471216178,10498.549604392909,True,1,3,640,480,21.54995775120483,37.700871514354525,False,False,17.79120000069511,37.065,False,
491,overnightvideo0491 25-09-19 00-22-07.bmp,2025-09-19 00:22:07,158.77293870425748,168.14915573845903,3.1596850898006212,5.964453163596808,7.440489785447918,14.045213867286023,358.2149217123271,225.75757004087404,7888.418565537215,10516.770361988672,True,1,8,640,480,20.81055216935504,34.69097637868485,False,False,20.756399999728966,31.1346,False,
492,overnightvideo0492 25-09-19 00-23-07.bmp,2025-09-19 00:23:07,161.91146574226508,166.27631654815067,3.2106985521813685,3.5917868487461493,7.560617309228534,8.458011668905979,359.185841933271,293.4217304449627,7873.219159945215,10498.144257513472,True,1,8,640,480,20.983836968805313,32.56333125887754,False,False,20.7564,31.12704204549106,False,
493,overnightvideo0493 25-09-19 00-24-07.bmp,2025-09-19 00:24:07,158.64919427738212,197.58333400221682,3.096967253878146,4.791321140954793,7.292800568236711,11.282699064900905,348.95892133005543,272.1206411564351,7882.3110169474,10508.582946829752,True,1,6,640,480,20.26590875139674,31.690746887698076,False,False,18.59419947652813,29.651999999999997,False,
494,overnightvideo0494 25-09-19 00-25-07.bmp,2025-09-19 00:25:07,160.07179071485436,185.86687017897506,2.6938010657608644,4.231682960415708,6.343416746979418,9.964851859402819,479.853672552798,311.20394837047945,7886.796650398018,10515.60204166893,True,1,6,640,480,20.125671306823058,32.98014739505938,False,False,19.273799999999998,29.651999999999997,False,
495,overnightvideo0495 25-09-19 00-26-07.bmp,2025-09-19 00:26:07,160.49901622591972,187.51798677336464,3.222095588916906,3.300816364544022,7.587455279787331,7.772828540194448,356.60034334395607,327.41911725943584,7899.193567382048,10532.614501116577,True,1,7,640,480,18.158096285074468,30.32029419081402,False,False,17.7912,28.1694,False,
496,overnightvideo0496 25-09-19 00-27-07.bmp,2025-09-19 00:27:07,163.55867326901776,178.00515135059314,3.9442259870638083,5.191256056371173,9.287942416469837,12.224473820431154,292.45365687681794,209.9402501950909,7879.407181216643,10506.208629497905,True,1,9,640,480,20.75235543493521,32.28765426790495,False,False,20.7564,29.651999999999997,False,
497,overnightvideo0497 25-09-19 00-28-07.bmp,2025-09-19 00:28:07,162.6255431524531,179.8370474320875,3.374465235796504,3.5322858877241043,7.946258378513696,8.317897613192661,323.0870013179108,263.7110480247493,7910.617435805904,10548.318893128622,True,1,8,640,480,21.53785233971637,30.670594878895074,False,False,20.7564,25.2042,False,
498,overnightvideo0498 25-09-19 00-29-07.bmp,2025-09-19 00:29:07,163.46514938753643,153.79760265154457,3.666454756402896,4.554210463535702,8.633841154576606,10.724346088823562,337.1378511006603,271.5887368493132,7890.127429829474,10520.165877070178,True,1,6,640,480,27.74915571688211,34.191144571373506,False,False,26.686799999999998,31.1346,False,
499,overnightvideo0499 25-09-19 00-30-07.bmp,2025-09-19 00:30:07,158.21844355311143,197.007245079271,2.9934497856547475,4.818278786029134,7.049035559053398,11.346179467888792,393.57339243550746,266.15105373695127,7895.249742927558,10526.455260462693,True,1,7,640,480,28.08505505119779,34.56435544699568,False,False,24.462899999999998,32.617199999997304,False,
500,overnightvideo0500 25-09-19 00-31-07.bmp,2025-09-19 00:31:07,160.94008068811837,175.8637156247317,3.1551465831612093,3.103194416930712,7.429802419038925,7.30746441661657,389.31147030702016,362.61215826878396,7893.096908392904,10524.667502977332,True,1,6,640,480,19.594015489203645,30.05982088763646,False,False,19.273799999999998,25.204200000078206,False,
501,overnightvideo0501 25-09-19 00-32-07.bmp,2025-09-19 00:32:07,159.23816628903336,186.9847517761673,3.3742790563413685,5.637698950428742,7.945819959400771,13.275766496319546,356.04944720819583,231.74177257883576,7894.767986313474,10525.808571551697,True,1,7,640,480,26.682524357664143,32.61876321769113,False,False,26.686799999999998,28.1694,False,
502,overnightvideo0502 25-09-19 00-33-07.bmp,2025-09-19 00:33:07,160.1457886492396,179.1254243151366,3.2130596530837257,3.11902940364429,7.566177276961746,7.344752960742501,368.4168642016267,273.74443729328857,7890.730922508284,10522.697496420384,True,1,8,640,480,28.731937343416682,34.87042984531532,False,False,26.686799999999998,32.6172,False,
503,overnightvideo0503 25-09-19 00-34-07.bmp,2025-09-19 00:34:07,159.68058907858972,184.2815234759379,3.080900612557579,6.487033503851866,7.254966519198717,15.275796527657729,442.31367884011337,225.53399159510607,7906.8533691838065,10541.947262715435,True,1,8,640,480,21.445950647651742,30.494557367216174,False,False,19.273799999999998,25.204200000097085,False,
504,overnightvideo0504 25-09-19 00-35-07.bmp,2025-09-19 00:35:07,163.0736213321347,162.5941383892043,3.3011319331692643,5.507819549237017,7.773571647518752,12.969923878956656,402.1974807411201,270.99738537881575,7874.77801910239,10498.842905948484,True,1,7,640,480,20.954599442755377,34.80386559562649,False,False,20.7564,32.6172,False,
505,overnightvideo0505 25-09-19 00-36-07.bmp,2025-09-19 00:36:07,162.97063111321665,158.89689190921078,3.2776307595825425,3.2759476715146745,7.718230612874987,7.714267243355219,347.1108845846748,293.7303517774671,7867.589383940889,10491.035435030008,True,1,7,640,480,22.19966092702629,33.20316225248785,False,False,22.23899999999865,28.1694,False,
506,overnightvideo0506 25-09-19 00-37-07.bmp,2025-09-19 00:37:07,164.48373180974613,180.25104990961657,4.298733385518951,4.453323253066506,10.122743544463782,10.486774863323443,256.7768548882076,248.95704107460318,7897.145539855854,10529.501949668222,True,1,6,640,480,27.0855420239372,32.667036935003495,False,False,23.72160001160245,29.651999999999997,False,
507,overnightvideo0507 25-09-19 00-38-07.bmp,2025-09-19 00:38:07,161.69956169999446,176.47081838859054,3.789533812987158,5.1301638609894145,8.923670184144724,12.080612694151242,288.6511785075256,246.89581058463932,7861.668931461187,10481.323051249397,True,1,7,640,480,23.05669275446298,34.31013455924642,False,False,22.238999999999997,29.932320525316673,False,
508,overnightvideo0508 25-09-19 00-39-07.bmp,2025-09-19 00:39:07,162.14779704484255,181.74421462740602,3.412235273225413,3.5345818640945583,8.03520001975286,8.323304224372725,329.1569248767743,279.63508020744194,7853.269770630224,10471.73013738582,True,1,7,640,480,22.78633832650091,37.174159920494134,False,False,20.7564,35.58372701682767,False,
509,overnightvideo0509 25-09-19 00-40-07.bmp,2025-09-19 00:40:07,160.08011703548604,215.8641596541321,3.198333927677206,4.374828684481429,7.531500843596851,10.301934279793247,367.7346151547663,266.20916109686584,7872.02009217611,10496.086941421157,True,1,6,640,480,21.23889846202951,34.16582300336709,False,False,20.7564,33.32189759550728,False,
510,overnightvideo0510 25-09-19 00-41-07.bmp,2025-09-19 00:41:07,162.12819135283254,207.70181782293744,3.6899989360869148,4.781563980280649,8.689283460840343,11.259722707362842,319.56882562037305,253.4808089870763,7886.476816117386,10515.130999017807,True,1,9,640,480,29.948502024007357,35.04818564085952,False,False,26.686800020168942,32.6172,False,
511,overnightvideo0511 25-09-19 00-42-07.bmp,2025-09-19 00:42:07,157.58065919384697,190.05258676797908,3.203912855206986,4.226244107902806,7.5446382139737524,9.95204434048347,363.9382155141399,254.4928702495465,7889.1034459970915,10519.277080171561,True,1,8,640,480,28.36079495930125,32.800370116910045,False,False,26.686799999999998,31.1346,False,
512,overnightvideo0512 25-09-19 00-43-07.bmp,2025-09-19 00:43:07,162.3640725182371,163.42885674713702,2.9799241384438444,5.918274802240763,7.017185093879147,13.936472136318127,410.51709878778667,218.41069139228338,7883.502526619684,10510.974783260952,True,1,7,640,480,20.661430841700454,33.66781616435313,False,False,20.7564,31.134551038632424,False,
513,overnightvideo0513 25-09-19 00-44-07.bmp,2025-09-19 00:44:07,160.61430337487968,188.70754226714,3.3282215921347134,3.4433516965590294,7.837362919463644,8.10847359714853,356.09816127673116,296.396148431028,7881.409703704326,10509.405718238759,True,1,6,640,480,20.590355779023653,33.37069161642351,False,False,20.7564,29.651999999999997,False,
514,overnightvideo0514 25-09-19 00-45-07.bmp,2025-09-19 00:45:07,161.83303411865333,173.12236243046954,2.9186344507889204,5.443267584218121,6.872858908835646,12.817915617784022,429.2226602995311,234.26890690813102,7882.449744312332,10509.815785063116,True,1,9,640,480,20.712416892092648,33.173778766279305,False,False,19.273799999999998,28.1694,False,
515,overnightvideo0515 25-09-19 00-46-07.bmp,2025-09-19 00:46:07,161.47993233908625,192.0453975239389,2.9678941998389554,5.197853927828107,6.988856753311862,12.24001062039248,430.8698934435264,274.34554716176206,7868.754036367414,10490.903182954577,True,1,6,640,480,21.120284881758487,34.67113540251331,False,False,20.7564,34.099799999999995,False,
516,overnightvideo0516 25-09-19 00-47-07.bmp,2025-09-19 00:47:07,163.1331195927006,173.53086031608626,3.0714803759072824,4.344591779597091,7.232783557105664,10.230731810071914,446.17620143545287,236.9497545207423,7875.218535706872,10502.07198256367,True,1,7,640,480,21.85109817040136,34.37689503051459,False,False,20.7564,32.6172,False,
517,overnightvideo0517 25-09-19 00-48-07.bmp,2025-09-19 00:48:07,161.61206968674685,185.8560174140508,3.0170901637861833,5.450397934017069,7.1047043953494144,12.834706308418667,374.1521712992064,233.83525194974405,7884.52248527675,10511.936071457476,True,1,7,640,480,20.656994092663556,36.7351551447251,False,False,20.015099966323287,35.58237182040452,False,
518,overnightvideo0518 25-09-19 00-49-07.bmp,2025-09-19 00:49:07,161.34306410808912,186.45516740094027,2.8983495034376916,5.1285163014922714,6.8250915082005745,12.076732988021988,382.04667170260666,237.90812576681506,7885.777185193178,10513.780465588057,True,1,7,640,480,20.46130156359048,33.4663654995865,False,False,20.7564,30.404523268566713,False,
519,overnightvideo0519 25-09-19 00-50-07.bmp,2025-09-19 00:50:07,160.12550570087188,186.66736710115083,2.7747095725719007,4.404251127688354,6.533941720631569,10.371218838830698,390.1842217493088,266.55888229872124,7861.628444021585,10481.69424541973,True,1,8,640,480,22.976239225819477,33.47232599751241,False,False,22.238999999999997,31.875899999999998,False,
520,overnightvideo0520 25-09-19 00-51-07.bmp,2025-09-19 00:51:07,160.46856924535075,169.28924756887938,3.239922341819829,2.9830088661751835,7.629434074860948,7.024449072574367,355.21269568070636,277.2130232983446,7895.364402970051,10528.844159610884,True,1,7,640,480,18.91478851378984,30.180467515825004,False,False,17.7912,25.2042,False,
521,overnightvideo0521 25-09-19 00-52-07.bmp,2025-09-19 00:52:07,160.3934462817046,182.2904511675239,3.3154626817977766,4.065561990740791,7.807317981649472,9.573666870112346,326.3538806665697,229.1849325935634,7878.049676299183,10504.850854411943,True,1,8,640,480,21.299315253567855,36.04974644030316,False,False,17.791200002371863,31.875899999999998,False,
522,overnightvideo0522 25-09-19 00-53-07.bmp,2025-09-19 00:53:07,161.27686879180467,184.42251837594245,3.484466383918678,4.71223205623782,8.20529128708821,11.096458502866225,325.2304977591123,245.73326913343237,7889.719299428766,10519.496758951107,True,1,9,640,480,19.312551756688496,34.800134658313844,False,False,19.273799999999998,28.9107,False,
523,overnightvideo0523 25-09-19 00-54-07.bmp,2025-09-19 00:54:07,162.64745299371393,201.0076206737776,2.9000661264511414,3.1813511845430837,6.829133846482407,7.491509539645008,410.3410180559949,384.0855963948106,7882.856362546204,10510.308589415352,True,1,4,640,480,21.154103169806003,34.21925768624842,False,False,22.238999999999997,31.1346,False,
524,overnightvideo0524 25-09-19 00-55-07.bmp,2025-09-19 00:55:07,163.76807600650025,183.03550352517092,3.0213472401101478,4.96953601451078,7.114729044010312,11.702363021473198,369.85534659146344,226.4714323620092,7875.226468096235,10500.260198530346,True,1,8,640,480,21.764395832795895,35.10137688108849,False,False,20.0151,32.6172,False,
525,overnightvideo0525 25-09-19 00-56-07.bmp,2025-09-19 00:56:07,160.32559285868365,185.2011347900691,3.0499310443725074,3.648215104324365,7.182038759250558,8.59089005624769,381.42231037452905,261.6441189730904,7894.718765446172,10527.38195419531,True,1,9,640,480,26.085035999365296,34.18768766106134,False,False,23.7216,29.651999999999997,False,
526,overnightvideo0526 25-09-19 00-57-07.bmp,2025-09-19 00:57:07,163.41728100837128,178.34876945979357,3.0360478834275058,4.11958350033737,7.149346413568877,9.700877803773201,350.5551690507065,264.2910713287818,7885.087796583447,10513.322626026633,True,1,8,640,480,20.614694144839625,35.46476947773457,False,False,20.7564,32.6172,False,
527,overnightvideo0527 25-09-19 00-58-07.bmp,2025-09-19 00:58:07,163.6769528578251,197.80456533853777,3.1120611713320123,4.667544135954104,7.328344027615119,10.991226492411387,385.992120584182,289.60326045311734,7868.849937787007,10491.013959004706,True,1,8,640,480,21.23330754202517,35.155454726683196,False,False,20.7564,32.69629703819677,False,
528,overnightvideo0528 25-09-19 00-59-07.bmp,2025-09-19 00:59:07,161.47446000218312,189.1643205136218,2.916550996293771,3.303091373967934,6.867952748427558,7.778185777988511,441.58027549560245,295.6020593207206,7894.205835969024,10527.23443044699,True,1,8,640,480,27.078653294759995,33.648606220664846,False,False,25.945247582524864,28.9107,True,188.83667859131597
529,overnightvideo0529 25-09-19 01-00-07.bmp,2025-09-19 01:00:07,161.37971701161328,206.32438391316842,3.0266332076581066,4.246802355573001,7.127176546349629,10.000455314187956,455.5965627320962,338.7361733012133,7870.496173276344,10493.683543701723,True,1,6,640,480,21.595016420451156,35.33811907745568,False,False,22.238999999999997,33.082250250497935,False,
530,overnightvideo0530 25-09-19 01-01-07.bmp,2025-09-19 01:01:07,161.731361580178,203.37633073698564,3.5459021344684993,3.8375366261802326,8.349961423964452,9.036708170869654,342.65352648436834,276.9707540746214,7889.706885721575,10520.40362784029,True,1,8,640,480,28.679578011618055,33.92294034260789,False,False,26.686799999999998,29.651999999999997,False,
531,overnightvideo0531 25-09-19 01-02-08.bmp,2025-09-19 01:02:08,161.9982252770024,198.55580078807108,3.122345372081613,3.397886862844788,7.3525614696874,8.001412095374235,394.228901554187,334.13295075157515,7890.463350258943,10521.116895209863,True,1,6,640,480,20.461079224374473,31.972000334952025,False,False,20.7564,29.651999999999997,False,
532,overnightvideo0532 25-09-19 01-03-08.bmp,2025-09-19 01:03:08,162.410714217157,186.6694470338018,3.385751171944718,6.822540680481929,7.97283472718245,16.065855552437938,419.04908003152065,243.03600960815115,7886.372821947641,10513.913962169941,True,1,7,640,480,21.53334805001443,32.566943229694715,False,False,20.0151,28.1694,False,
533,overnightvideo0533 25-09-19 01-04-08.bmp,2025-09-19 01:04:08,160.30837474456797,202.629540281845,2.8939237294332902,3.4493397031730577,6.8146696068602335,8.12257427515302,460.3366328345775,274.56463648743465,7895.227690919172,10528.98136629759,True,1,8,640,480,19.845275220419314,32.48071038296028,False,False,20.7564,32.6172,False,
534,overnightvideo0534 25-09-19 01-05-08.bmp,2025-09-19 01:05:08,161.23267540782905,186.00164008533784,3.1057725905165396,3.5799954637630584,7.313535551456046,8.43024507918912,344.73744909546855,287.4997474318682,7876.809707755428,10502.629288289232,True,1,7,640,480,20.07539317186496,35.779031599694825,False,False,20.7564,34.099799999999995,False,
535,overnightvideo0535 25-09-19 01-06-08.bmp,2025-09-19 01:06:08,164.33214379548457,200.06622542410395,3.53512410841873,4.722444494856983,8.324581112176588,11.12050695803528,364.072006155879,264.42603091185885,7892.810734111849,10523.947666422197,True,1,7,640,480,27.23340838251788,34.11229765103857,False,False,23.7216,29.651999999999997,False,
536,overnightvideo0536 25-09-19 01-07-08.bmp,2025-09-19 01:07:08,163.66001663706106,189.5291315802426,3.002277390574331,5.050169329306991,7.069822980067647,11.892239967452607,416.41161296684817,238.78517421434114,7866.826961742703,10489.333839594481,True,1,7,640,480,22.019139136013305,37.72860875006513,False,False,20.7564,33.3585,False,
537,overnightvideo0537 25-09-19 01-08-09.bmp,2025-09-19 01:08:09,162.04759995302697,199.38419541591438,3.0637063295295723,3.704279958443167,7.214477076864432,8.722912698548383,361.7243429783159,297.37819494601223,7891.0236117723325,10521.399517183003,True,1,8,640,480,27.555042616701073,34.80629056850015,False,False,23.7216,31.875899999999998,False,
538,overnightvideo0538 25-09-19 01-09-09.bmp,2025-09-19 01:09:09,163.6674565978252,184.84812656181376,3.636892759211206,4.194729145990647,8.564227971018466,9.877832276454331,349.54082403576194,256.6287282536875,7886.121043165581,10515.845093161764,True,1,8,640,480,19.68221358763652,33.50623062508986,False,False,19.273799999999998,32.6172,False,
539,overnightvideo0539 25-09-19 01-10-09.bmp,2025-09-19 01:10:09,162.9843607901805,189.97075787746707,2.7822805119842573,4.263874758455641,6.551769920519502,10.04065775071284,453.7598011890998,348.1915482666362,7850.252209778073,10465.842805166063,True,1,4,640,480,23.11373688579797,38.801155740940644,False,False,22.238999999999997,37.06507078182246,False,
540,overnightvideo0540 25-09-19 01-11-09.bmp,2025-09-19 01:11:09,162.4228996868724,181.68174125829714,3.0078773771863876,4.581392752476907,7.083009940793623,10.788355487692135,482.7625118069323,308.31021895755157,7858.070545392884,10477.634191915287,True,1,7,640,480,19.941313975200543,35.75022715361711,False,False,17.7912,37.065,False,
541,overnightvideo0541 25-09-19 01-12-09.bmp,2025-09-19 01:12:09,164.60976826104292,190.27466401544265,3.2430154446805384,5.043562396328377,7.636717775478689,11.876681829238391,397.14129904722915,248.48346755827748,7911.186913741102,10548.43039266162,True,1,8,640,480,22.072049928111884,31.55020118995337,False,False,20.7564,26.686799999999998,False,
542,overnightvideo0542 25-09-19 01-13-09.bmp,2025-09-19 01:13:09,161.65889904768468,192.48095953158037,2.798535974706523,3.387896614454967,6.590048609979146,7.977886858211046,445.17685140007677,355.8168647252213,7894.706458786096,10526.486110250456,True,1,6,640,480,19.200655560311446,30.928507666383332,False,False,19.273799999999998,26.686799999999998,False,
543,overnightvideo0543 25-09-19 01-14-09.bmp,2025-09-19 01:14:09,160.86193782810187,184.38753537774392,3.006268258734344,5.279073847493235,7.0792207564079215,12.431268915275727,346.6533842559575,208.66423220975648,7905.607437173188,10540.499612227277,True,1,9,640,480,17.7963515672971,29.663633949172894,False,False,17.7912,24.462899999999998,False,
544,overnightvideo0544 25-09-19 01-15-09.bmp,2025-09-19 01:15:09,163.3078559262626,191.35161706015458,3.5498065660414757,3.16664884342287,8.359155657696947,7.456888172066247,271.3336112707294,271.60970093658574,7897.779158092452,10530.910557700208,True,1,8,640,480,18.4158003142342,29.42840215048701,False,False,17.7912,26.686799999999998,False,
545,overnightvideo0545 25-09-19 01-16-09.bmp,2025-09-19 01:16:09,163.63515736078858,191.06245158406054,3.7154411260352984,3.7975925107932604,8.749195239720283,8.942646967275381,294.5134112323312,267.857972207793,7884.034576447302,10512.448372994266,True,1,8,640,480,19.741018293016296,34.02764796435069,False,False,19.273799999999998,32.6167891388949,False,
546,overnightvideo0546 25-09-19 01-17-09.bmp,2025-09-19 01:17:09,164.5497474126935,212.08977748981818,2.8247866101419183,4.501400310280405,6.651864132497215,10.599987681356833,448.07454603528197,288.6303230971248,7903.122379752467,10537.32143058633,True,1,8,640,480,25.92624331577848,32.10695523275769,False,False,23.7216,28.1694,False,
547,overnightvideo0547 25-09-19 01-18-09.bmp,2025-09-19 01:18:09,161.81071342472515,190.56626608104074,2.8281417578677517,4.9088955292456875,6.659764901616048,11.559565591230555,406.4814043279489,214.97394898630944,7914.294394745227,10552.884986743875,True,1,7,640,480,21.97262030397142,29.287708267690324,False,False,20.7564,23.92671809228587,False,
548,overnightvideo0548 25-09-19 01-19-09.bmp,2025-09-19 01:19:09,161.1349112447892,187.6284230881204,2.901130949585215,3.1762359037716745,6.831641313342937,7.4794639739485325,391.47079737814516,273.3180560063108,7882.653440780952,10511.601956758941,True,1,8,640,480,20.27862386925176,33.73082036318261,False,False,20.7564,28.1694,False,
549,overnightvideo0549 25-09-19 01-20-09.bmp,2025-09-19 01:20:09,167.29925677061055,175.53974284595407,3.2547122211020074,3.5536371274655423,7.66426157905821,8.368175940522061,350.59597634261405,263.2721434600201,7885.543303166343,10515.13096791899,True,1,7,640,480,19.72787665392833,33.36251544437196,False,False,17.7912,29.651999999999997,False,
550,overnightvideo0550 25-09-19 01-21-09.bmp,2025-09-19 01:21:09,162.317271817077,195.1927475465818,3.2210385137002473,3.9516726924756305,7.584966057878038,9.305478067643037,354.43899915325767,275.5734131530992,7895.826997788212,10528.044462790605,True,1,8,640,480,18.973155286050538,30.640952799259157,False,False,19.273799999999998,27.42809851616165,False,
551,overnightvideo0551 25-09-19 01-22-09.bmp,2025-09-19 01:22:09,165.30572585867156,178.66416469974823,3.0902346439285093,4.00394495134712,7.276946483371932,9.428569830632668,393.55053015957355,280.88618672433086,7891.355515975188,10522.28523627082,True,1,8,640,480,19.17226678803991,31.630269769465972,False,False,19.273799999999998,26.686799999999998,False,
552,overnightvideo0552 25-09-19 01-23-09.bmp,2025-09-19 01:23:09,164.59412505310326,182.05537307272644,3.1935593860056435,3.835772323917363,7.52025765716282,9.032553556535554,408.1745178106011,324.74992796543046,7905.65396240932,10541.174117520211,True,1,7,640,480,17.361303452164737,28.907791787752448,False,False,17.79119999998921,25.2042,False,
553,overnightvideo0553 25-09-19 01-24-09.bmp,2025-09-19 01:24:09,163.18555595534482,181.40249373083893,2.8770341610017587,3.2524248914226077,6.774897712565741,7.6588753292795655,469.1283933588693,308.3856252814346,7875.951262178376,10503.078852291006,True,1,7,640,480,20.524324446575747,34.18487787254651,False,False,20.7564,29.651999999999997,False,
554,overnightvideo0554 25-09-19 01-25-09.bmp,2025-09-19 01:25:09,167.59147285279883,174.2695141042109,3.7154138240154464,3.8908900264554354,8.749130948376665,9.16234582730826,305.89437248411093,278.5944343620907,7895.262744304634,10527.29138398697,True,1,7,640,480,26.81635900293405,33.49769528091843,False,False,23.721869193336758,32.6172,False,
555,overnightvideo0555 25-09-19 01-26-09.bmp,2025-09-19 01:26:09,163.05301348824727,190.62095797913722,3.0364890872082073,3.494162612123733,7.150385369075617,8.228124159626669,387.59526217564996,311.6114858996393,7877.282620361399,10503.50360413559,True,1,6,640,480,21.877946094262455,34.058157746915654,False,False,20.7564,32.6172,False,
556,overnightvideo0556 25-09-19 01-27-09.bmp,2025-09-19 01:27:09,164.0305925713551,195.7040965888358,2.8232622020599583,3.4642940675558656,6.648274425789008,8.157789112162353,411.5008239568014,237.72657646761655,7894.766972862888,10528.122196503578,True,1,8,640,480,27.445292513858575,34.8154896541256,False,False,23.7216,32.6172,False,
557,overnightvideo0557 25-09-19 01-28-09.bmp,2025-09-19 01:28:09,163.45513981735212,186.36670818952817,3.174825440235651,3.5241051155571523,7.476142586141119,8.298633366910092,399.82003244455683,316.4079379566781,7883.267483304512,10511.829108386,True,1,7,640,480,20.1432369334443,32.85615576100744,False,False,17.7912,28.1694,False,
558,overnightvideo0558 25-09-19 01-29-09.bmp,2025-09-19 01:29:09,167.54843068913956,179.56378555565308,3.0613584336336075,4.38756088489997,7.208948204544968,10.331916320556179,349.58893248967036,269.03787439526366,7879.417755844408,10505.314845190029,True,1,8,640,480,21.026474868742707,34.33096740992036,False,False,20.7564,32.6172,False,
559,overnightvideo0559 25-09-19 01-30-09.bmp,2025-09-19 01:30:09,168.30615013456062,177.95528550080806,2.779880438380024,4.085611717816709,6.546118179086704,9.620880369328118,461.87323482546776,314.1470321352127,7888.90407606994,10518.541220271076,True,1,7,640,480,20.028972206113906,32.92480268430931,False,False,20.7564,29.651999999999997,False,
560,overnightvideo0560 25-09-19 01-31-09.bmp,2025-09-19 01:31:09,168.9753416124809,203.95466849244133,3.138858495019725,3.398140282302342,7.391446902588127,8.002008852592684,342.9998660492865,338.61182182623196,7883.423896414124,10510.845306233246,True,1,7,640,480,19.855473723145714,33.22093356794259,False,False,17.7912,29.651999999021047,False,
561,overnightvideo0561 25-09-19 01-32-09.bmp,2025-09-19 01:32:09,170.33529135707886,196.60486300426936,2.635441469508828,3.684973560689354,6.205990399905209,8.677449606120362,503.0733814516292,335.12184866958324,7893.160407763576,10524.688597418832,True,1,8,640,480,27.5630885105915,32.73347282600873,False,False,26.686799999999998,29.651999999999997,False,
562,overnightvideo0562 25-09-19 01-33-09.bmp,2025-09-19 01:33:09,171.9700346394628,208.03260568508526,3.130875930029547,3.473380750899559,7.372649398538493,8.179186616242932,391.15273925638195,339.34452783096475,7869.684774902888,10493.153136563775,True,1,6,640,480,21.967631183996833,35.773436910704696,False,False,20.756400848995607,32.6172,False,
563,overnightvideo0563 25-09-19 01-34-09.bmp,2025-09-19 01:34:09,174.88233486021716,223.00128632907823,2.8683376034967893,4.0919361394459415,6.754418884630275,9.63577324415386,435.4725915291074,304.3024771393822,7907.396897991276,10543.216210006201,True,1,7,640,480,23.53296312366892,30.036664135235608,False,False,20.7564,26.686799999999998,False,
564,overnightvideo0564 25-09-19 01-35-09.bmp,2025-09-19 01:35:09,177.6578180231969,225.06851169656386,3.3674218441995523,5.186374482631006,7.929672458796192,12.212978592736512,389.806734515947,245.9536936354327,7879.269828366629,10505.886510308404,True,1,7,640,480,20.57851804972937,34.904631627498844,False,False,19.27380000001483,32.61701652345494,False,
565,overnightvideo0565 25-09-19 01-36-09.bmp,2025-09-19 01:36:09,178.77758577201595,209.80835712535577,2.723639198749294,4.252566253685482,6.413680180646871,10.014028257000742,412.53762909573715,302.53358816540765,7886.860223909868,10514.96273355767,True,1,6,640,480,20.102645023424852,33.30012611248029,False,False,17.7912,31.1346,False,
566,overnightvideo0566 25-09-19 01-37-09.bmp,2025-09-19 01:37:09,179.47898046504628,229.98949041117058,2.6428395791583594,4.44576419618692,6.223411616803263,10.468974644661865,468.6111068055155,297.21561240443026,7884.3306737026,10512.008052899695,True,1,7,640,480,19.853181172994592,33.190230982975166,False,False,19.278805034528876,26.686800057960347,False,
567,overnightvideo0567 25-09-19 01-38-09.bmp,2025-09-19 01:38:09,179.25217098584952,203.6284046142788,2.986647667397307,3.7018488169697203,7.033017794632106,8.717187797874404,420.94728295372886,310.79754666755827,7906.468146469416,10542.514708689288,True,1,6,640,480,23.430591103520957,31.720264350656095,False,False,23.7216,26.686799999999998,False,
568,overnightvideo0568 25-09-19 01-39-09.bmp,2025-09-19 01:39:09,181.25179959441684,219.3671680842552,3.082036328522119,5.778746473276278,7.257640925917477,13.607908030422884,481.3348722361206,252.3618265511005,7892.149122037765,10522.996867110416,True,1,8,640,480,19.111638472820466,33.38356877093857,False,False,17.7912,29.651999999999997,False,
569,overnightvideo0569 25-09-19 01-40-09.bmp,2025-09-19 01:40:09,181.1733797064869,219.9487558043087,2.7944828846843337,3.327855310892982,6.5805043123505795,7.8365003930534956,490.09361539811295,321.27185669101476,7886.834416626716,10517.34801617448,True,1,6,640,480,20.499867200061523,32.90635002792444,False,False,19.273799999999998,26.686799999999998,False,
570,overnightvideo0570 25-09-19 01-41-09.bmp,2025-09-19 01:41:09,178.7498490106108,230.06639067603854,3.0418903898159884,3.6763028430320066,7.163104464725698,8.657031626376037,429.5844695876359,374.87084564951766,7892.877291144114,10523.463580048552,True,1,5,640,480,20.220745335119187,32.63404207088091,False,False,20.7564,26.686799999999998,False,
571,overnightvideo0571 25-09-19 01-42-09.bmp,2025-09-19 01:42:09,177.74416204943225,225.61505129762807,3.327823689932441,3.2442393396400697,7.83642593138177,7.639599827862407,377.50302994674234,351.4769448581809,7891.500022379563,10522.605736689618,True,1,4,640,480,19.844375606624858,32.7817680731811,False,False,19.273799999999998,29.651999999999997,False,
572,overnightvideo0572 25-09-19 01-43-10.bmp,2025-09-19 01:43:10,183.3663300235362,242.47948588614935,3.991295875541126,4.466404080371649,9.398783533373596,10.517577857667181,316.8136015785779,241.14883046191278,7900.725588299993,10535.279563723603,True,1,8,640,480,25.806521521207312,33.05597965086969,False,False,23.7216,28.169334466197014,False,
573,overnightvideo0573 25-09-19 01-44-09.bmp,2025-09-19 01:44:09,180.50508801830625,242.33039002224066,3.0100481663379233,5.074960511548027,7.088121758601195,11.950618740333814,476.85257818193884,318.19773322388613,7870.422051623848,10492.958737629646,True,1,6,640,480,31.41334832755184,36.23274822322208,False,False,31.1346,29.651999999999997,False,
574,overnightvideo0574 25-09-19 01-45-09.bmp,2025-09-19 01:45:09,179.4487937291168,214.23735340925188,3.0242668459360518,3.1763037897348774,7.12160419033274,7.4796238331754585,396.49822016744344,333.5127309399244,7896.855095111739,10529.870070915782,True,1,4,640,480,20.391168727836373,29.6713359527138,False,False,20.7564,26.686799999999998,False,
575,overnightvideo0575 25-09-19 01-46-09.bmp,2025-09-19 01:46:09,179.40035602749862,217.45910992463345,3.3670938783493467,5.0935196770358955,7.928900158238043,11.994322235243693,384.5122910317773,259.77739543084283,7903.180774983647,10537.425575837355,True,1,8,640,480,24.962377425309864,31.950966320504456,False,False,25.204199993868073,30.393300000080902,False,
576,overnightvideo0576 25-09-19 01-47-09.bmp,2025-09-19 01:47:09,185.36225950106132,211.71515252441662,2.7120633856091105,4.214277553695778,6.386421223826835,9.923865258766812,498.53329806987375,297.19578356042416,7879.049849145538,10505.919863565327,True,1,7,640,480,20.633324958052217,33.08804702233418,False,False,20.7564,28.1694,False,
577,overnightvideo0577 25-09-19 01-48-09.bmp,2025-09-19 01:48:09,179.64025247165037,194.7392138863921,2.867794295422763,4.038922306552442,6.75313949188693,9.510935207792329,484.99345579112554,366.58499636634457,7871.894730182605,10495.39096942373,True,1,6,640,480,31.509515658194456,35.43711949922292,False,False,29.651999999999997,35.5824,False,
578,overnightvideo0578 25-09-19 01-49-09.bmp,2025-09-19 01:49:09,179.66648435659195,207.89133041020563,3.35351375433552,3.201177641715657,7.896921409996277,7.5381972784169315,450.88676299219014,372.29961339509583,7858.4638129387295,10479.624182163378,True,1,4,640,480,21.696683101441547,33.692819371108804,False,False,20.7564,31.1346,False,
579,overnightvideo0579 25-09-19 01-50-09.bmp,2025-09-19 01:50:09,183.2216552550905,188.1420250671373,2.8933753530071122,3.703547472988183,6.813378279059647,8.721187827116292,520.8908944470819,405.9783778196213,7862.969028313252,10483.9773614556,True,1,3,640,480,21.33751591445382,35.1459359399117,False,False,20.7564,35.5824,False,
580,overnightvideo0580 25-09-19 01-51-10.bmp,2025-09-19 01:51:10,179.6873609646067,204.15433950375638,3.0506452373349893,3.768006517153027,7.183720555154631,8.872977276399201,432.70552821925355,308.02173862713175,7903.570582538392,10538.92653591296,True,1,6,640,480,18.45362220072372,29.89756924350805,False,False,17.7912,25.2042,False,
581,overnightvideo0581 25-09-19 01-52-10.bmp,2025-09-19 01:52:10,182.02174155474512,210.17695413270232,2.701681849212086,3.9249050203422833,6.361974573820904,9.242445016744615,560.4399439230588,353.69600669554023,7900.358809167973,10534.469250819184,True,1,7,640,480,24.906059671388142,30.27356882022898,False,False,25.020547288449606,26.686799999999998,False,
582,overnightvideo0582 25-09-19 01-53-10.bmp,2025-09-19 01:53:10,180.70009788597758,205.09442478846856,3.3672524157196997,3.799107270781678,7.929273485215636,8.946213954459518,372.6337832431659,306.05231637453136,7890.152817409369,10520.684331591454,True,1,8,640,480,19.476386480978043,31.51953416704724,False,False,17.7912,26.686799999999998,False,
583,overnightvideo0583 25-09-19 01-54-10.bmp,2025-09-19 01:54:10,181.18299085014496,208.19419236560557,3.2692032481931173,3.2435431769641956,7.6983853401254425,7.6379604900386555,423.877797185406,330.2721295348497,7879.314778496241,10507.395353464477,True,1,7,640,480,20.7702087220024,32.552147492186094,False,False,20.756399936857683,29.651999999999997,False,
584,overnightvideo0584 25-09-19 01-55-10.bmp,2025-09-19 01:55:10,182.2058763508899,197.06769323661885,2.907468174130019,3.274811953701479,6.8465643367309035,7.711592832283207,465.53716635893,347.12025813163547,7873.994050255245,10499.790794481945,True,1,4,640,480,21.369430469597678,33.93275591969622,False,False,20.7564,34.099799999999995,False,
585,overnightvideo0585 25-09-19 01-56-10.bmp,2025-09-19 01:56:10,180.43684841167283,194.75300881018353,2.7598817218593825,4.793622849496295,6.499024800549005,11.288119174312252,501.84669139430235,316.7314758598908,7898.69722783435,10530.900433847475,True,1,8,640,480,26.012515896539306,32.12737151181717,False,False,23.7216,31.1346,False,
586,overnightvideo0586 25-09-19 01-57-10.bmp,2025-09-19 01:57:10,180.87358691876648,185.33392837616154,2.7292836270215797,4.88547220504049,6.426971793485189,11.504407877870898,611.6289990920826,320.6787496954607,7894.361973169427,10526.351974770823,True,1,7,640,480,20.429123832513504,31.000028526392153,False,False,17.7912,26.686799999999998,False,
587,overnightvideo0587 25-09-19 01-58-10.bmp,2025-09-19 01:58:10,180.0448518296729,198.4304273602442,2.933439653714889,4.208601306603481,6.907722497456467,9.910498718333322,458.3001293652642,321.3412521745656,7891.3095305363595,10521.704256052592,True,1,8,640,480,27.8896976445377,35.3801475767004,False,False,25.2042,29.651999999999997,False,
588,overnightvideo0588 25-09-19 01-59-10.bmp,2025-09-19 01:59:10,179.69352981010778,194.10633826888883,3.045770511717145,3.1864620593054878,7.1722414535557055,7.50354472998316,398.21442410983343,336.58677665695114,7886.466853731363,10516.022059483224,True,1,6,640,480,20.610340993198196,31.776653131971226,False,False,19.273799999999998,29.651999999999997,False,
589,overnightvideo0589 25-09-19 02-00-10.bmp,2025-09-19 02:00:10,180.3058675607745,200.0492479664878,3.0426403828206037,3.282709515693429,7.164870563286599,7.7301901695687265,422.9238122092298,354.4025382379965,7908.963215667419,10545.928723327766,True,1,7,640,480,21.647412543505425,29.618022038592805,False,False,20.7564,26.686799999999998,False,
590,overnightvideo0590 25-09-19 02-01-10.bmp,2025-09-19 02:01:10,181.00221666999138,179.8300149838759,2.806953984293222,4.25902365439698,6.609871507693168,10.029234273634975,522.1033577555843,333.31367444015393,7880.303884186909,10507.311694786828,True,1,6,640,480,21.11330833993459,32.268431904878156,False,False,20.7564,29.651999999999997,False,
591,overnightvideo0591 25-09-19 02-02-10.bmp,2025-09-19 02:02:10,177.45949284245896,177.1570122844297,2.9496617253214565,3.195628487975102,6.94592255684754,7.525130019955713,427.06216747856064,394.9194461221916,7884.2053564183325,10512.261657146499,True,1,1,640,480,21.3463315934693,31.595004140909356,False,False,19.273799999999998,28.169399999770768,False,
592,overnightvideo0592 25-09-19 02-03-10.bmp,2025-09-19 02:03:10,179.53961284609952,178.08581907274095,2.984351246039566,3.6718667229397655,7.02761013558706,8.646585361860662,445.6171397836179,375.4851171218819,7888.133578182454,10517.256319003436,True,1,4,640,480,19.8520966429347,31.7775698632168,False,False,19.225358731123997,26.686799999999998,False,
593,overnightvideo0593 25-09-19 02-04-10.bmp,2025-09-19 02:04:10,180.55355021408363,198.64188820475766,2.8954699603568796,3.88772245461398,6.818310702433348,9.154886765641924,471.4386098108847,341.43413646771137,7897.981814580649,10530.838955665795,True,1,5,640,480,19.553274447475506,30.798388022858664,False,False,20.7564,25.2042,False,
594,overnightvideo0594 25-09-19 02-05-10.bmp,2025-09-19 02:05:10,180.55687644866632,182.45218491753093,3.5197690742387198,3.712132384720127,8.288422769897364,8.741403749347494,385.431496595169,328.8465429357082,7847.333489417126,10463.821049846065,True,1,5,640,480,22.465670665542035,40.94990220551949,False,False,20.7564,39.2889,False,
595,overnightvideo0595 25-09-19 02-06-10.bmp,2025-09-19 02:06:10,180.01407747908902,189.6473399026871,2.893332498032373,3.5943849479907,6.813277363306102,8.464129725086027,460.20431330757685,332.53840841348824,7875.00681883175,10500.720624554253,True,1,7,640,480,20.83657968720558,39.97778323625367,False,False,19.273799999999998,41.5128,False,
596,overnightvideo0596 25-09-19 02-07-10.bmp,2025-09-19 02:07:10,180.88501764951576,175.16503749983988,2.9423601704980378,3.882998838719107,6.928728709189461,9.143763500247651,455.6146654462829,311.3974357367062,7894.594778343436,10526.812699312555,True,1,7,640,480,18.211256944971936,31.573161745655607,False,False,17.7912,28.167031134611744,False,
597,overnightvideo0597 25-09-19 02-08-10.bmp,2025-09-19 02:08:10,184.43887910030116,182.3207841037209,3.8933951129714908,3.3651688297085594,9.168244855250803,7.924367015111057,295.43261108800584,330.5856972219362,7910.154353451895,10547.06965518223,True,1,8,640,480,22.699958729824694,28.856895471144604,False,False,20.7564,25.2042,False,
598,overnightvideo0598 25-09-19 02-09-10.bmp,2025-09-19 02:09:10,179.77192471086403,188.73161678560956,3.1927493673697507,3.6748500361712253,7.518350209042171,8.65361052765871,384.2074860331705,316.8273637884612,7874.494021437373,10499.651146074022,True,1,5,640,480,21.4483795488486,34.754083002535,False,False,22.238999983000507,33.3585,False,
599,overnightvideo0599 25-09-19 02-10-11.bmp,2025-09-19 02:10:11,183.472296962331,194.66650692520204,3.7362305954045616,3.4844378842246644,8.798150698916581,8.20522417543747,391.67542297877765,372.08184485689463,7877.5106656283415,10504.219096408213,True,1,6,640,480,20.77617351356974,35.23626975103316,False,False,20.7564,32.61720000010517,False,
600,overnightvideo0600 25-09-19 02-11-10.bmp,2025-09-19 02:11:10,178.36535930083613,160.57773676367984,3.1790532314919355,4.281845781402412,7.486098273737625,10.082976275777607,419.58069418354086,296.3903705686333,7900.267945844071,10534.028840470957,True,1,8,640,480,25.632176674909417,32.85363575587057,False,False,23.7216,30.393300945491013,False,
601,overnightvideo0601 25-09-19 02-12-10.bmp,2025-09-19 02:12:10,179.3845622059313,181.4357999093048,2.9056380233100563,3.1773141830261493,6.842254660894625,7.482003127551111,412.28979903153885,381.6639201240118,7891.806480106496,10522.331868017951,True,1,5,640,480,19.78583994851369,31.908334819336094,False,False,20.7564,28.16940000064454,False,
602,overnightvideo0602 25-09-19 02-13-10.bmp,2025-09-19 02:13:10,179.4916386158516,198.79426167645553,2.645883119936587,4.497758436565402,6.230578607635702,10.591411724131271,499.49004328635755,295.39243015432874,7884.658217872052,10512.8410086601,True,1,7,640,480,20.607174312751702,35.80934693911805,False,False,20.7564,34.099799999999995,False,
603,overnightvideo0603 25-09-19 02-14-10.bmp,2025-09-19 02:14:10,180.34183287854776,177.6768998577559,2.8329895862528156,3.9122782391541557,6.6711806650720655,9.212711219298592,455.2930302603428,263.36943032940866,7895.204452421629,10528.294237847667,True,1,7,640,480,24.647330961687672,32.49984749970273,False,False,23.7216,31.1346,False,
604,overnightvideo0604 25-09-19 02-15-10.bmp,2025-09-19 02:15:10,179.64697237307143,201.7094266432878,3.0450461231738766,2.9927681534153003,7.170535648893626,7.047430437792609,424.89939195930634,358.57716500376694,7886.570044483039,10516.579252375028,True,1,7,640,480,20.006174381675923,32.48009831420054,False,False,19.273799999999998,29.651999999999997,False,
605,overnightvideo0605 25-09-19 02-16-10.bmp,2025-09-19 02:16:10,177.96350961469338,188.74662547472292,2.8269700682077237,3.5388214357810632,6.657005783318057,8.333287652762452,501.97522888189957,342.4432249312912,7877.223315081585,10504.046570811755,True,1,6,640,480,21.640388546361905,32.43649259311332,False,False,20.7564,28.1694,False,
606,overnightvideo0606 25-09-19 02-17-10.bmp,2025-09-19 02:17:10,181.14019038520098,160.71321367861867,2.8759538360129877,3.1713477873960714,6.772353741627035,7.4679533395248185,479.8040269760142,407.2820995304756,7891.753309527089,10522.798657779522,True,1,1,640,480,19.29703899468151,30.32229264666292,False,False,20.7564,26.686799999999998,False,
607,overnightvideo0607 25-09-19 02-18-10.bmp,2025-09-19 02:18:10,182.780149101091,180.72011873686623,3.3071412455151474,3.412707801986082,7.78772249668769,8.036312739950338,346.5889023136618,327.0416830059011,7865.796650646384,10487.886162362684,True,1,6,640,480,22.3728467160278,35.949489086830525,False,False,21.4977,34.8396132699661,False,
608,overnightvideo0608 25-09-19 02-19-10.bmp,2025-09-19 02:19:10,181.7904185154495,183.29894629102972,3.4165393926997574,4.60597042630659,8.045335446567256,10.846231486686506,396.5067837085229,294.14826309104575,7899.3942471500095,10532.524842202221,True,1,8,640,480,24.86622899595831,30.36084430013702,False,False,22.239000391821616,30.3933,False,
609,overnightvideo0609 25-09-19 02-20-10.bmp,2025-09-19 02:20:10,183.26184560908501,181.39514356325407,2.471047600683245,4.235192651907241,5.818872422314538,9.973116551278954,608.477256512618,363.15850150999137,7894.73764565855,10526.136853865019,True,1,3,640,480,19.058739244400122,32.081817326934825,False,False,17.7912,30.300072248564177,False,
610,overnightvideo0610 25-09-19 02-21-10.bmp,2025-09-19 02:21:10,183.07729259806194,162.06423468675345,2.8261042920944277,3.6764959949009777,6.65496703637196,8.657486464268825,431.0351269517234,347.300857017543,7882.825859703502,10510.127939893742,True,1,4,640,480,19.609453421443476,34.871861248555334,False,False,20.7564,32.6172,False,
611,overnightvideo0611 25-09-19 02-22-11.bmp,2025-09-19 02:22:11,178.62489035156582,181.77253860534447,3.0317663752459523,5.199570400235158,7.1392642322799915,12.244052604023347,473.59643539619475,293.3746979579474,7887.832653951487,10516.642360598651,True,1,7,640,480,20.518203425241765,34.322928040176095,False,False,19.273799999999998,32.6172,False,
612,overnightvideo0612 25-09-19 02-23-11.bmp,2025-09-19 02:23:11,180.5124516203714,171.42927513888128,2.713705482209284,3.801684231955378,6.390288065816801,8.952282234286614,499.01901715586945,355.5921240009325,7864.146167884299,10485.540452377254,True,1,4,640,480,21.961841255696996,36.956966423221765,False,False,22.238999999999997,32.960355560892616,False,
613,overnightvideo0613 25-09-19 02-24-11.bmp,2025-09-19 02:24:11,180.57684886201508,197.02434972657574,3.245833363418998,4.7746717783505614,7.643353467009283,11.243492812103472,458.35840962706567,246.24109657133639,7906.574611257636,10543.728970754726,True,1,7,640,480,23.181799853366478,31.122235391984614,False,False,22.238999999999997,26.686799999999998,False,
614,overnightvideo0614 25-09-19 02-25-11.bmp,2025-09-19 02:25:11,176.80781161952274,200.92301645836778,2.8796075165425736,3.404278429206033,6.780957501776244,8.01646308396084,411.27236805706156,352.7513766191295,7902.209988450283,10536.193501219024,True,1,5,640,480,18.87090129206034,30.792427033968785,False,False,19.273799999999998,28.1694,False,
615,overnightvideo0615 25-09-19 02-26-11.bmp,2025-09-19 02:26:11,179.9128787654069,174.19594101100455,2.494500542201422,4.136756839600489,5.87409987911648,9.74131792731011,502.40860530241923,273.6806996966188,7897.05085423781,10530.033582338328,True,1,6,640,480,26.676916332428082,35.46142317535003,False,False,26.686799999999998,29.651999999999997,False,
616,overnightvideo0616 25-09-19 02-27-11.bmp,2025-09-19 02:27:11,183.41059898414525,173.9878477316874,3.62493278894396,5.255275928946764,8.536064393295181,12.375229099652483,413.02022343955076,311.6431327420155,7888.556484321749,10517.341078686988,True,1,7,640,480,19.97765919435295,31.582970891286777,False,False,17.7912,29.651999999999997,False,
617,overnightvideo0617 25-09-19 02-28-12.bmp,2025-09-19 02:28:12,178.38070427354717,154.98553897360506,3.54728887163938,3.9592339580433302,8.35322694045163,9.323283487367659,390.4551770583078,268.8590409668382,7880.040900308331,10508.395322387234,True,1,7,640,480,21.1408566141081,34.7137042018076,False,False,20.756399999980445,32.6172,False,
618,overnightvideo0618 25-09-19 02-29-11.bmp,2025-09-19 02:29:11,182.78598066099926,182.7009717320729,2.8173455974062884,3.8371798658515988,6.634341886552023,9.035868064496514,520.9594590113543,383.0504410782368,7886.273381928676,10515.020154041562,True,1,6,640,480,19.49966667195102,32.421177800800486,False,False,17.7912,31.1346,False,
619,overnightvideo0619 25-09-19 02-30-11.bmp,2025-09-19 02:30:11,178.81229464542042,212.36861158655435,2.8778567516826152,3.8931648819970217,6.776834765589878,9.167702702737138,449.1883188326128,307.66585471002344,7900.957316467588,10535.10536652841,True,1,8,640,480,25.026408713259947,31.63337329978908,False,False,22.238999999999997,29.648657034600497,False,
620,overnightvideo0620 25-09-19 02-31-11.bmp,2025-09-19 02:31:11,179.5897517671405,195.85181676673037,2.8358486437231214,3.6117711231856884,6.677913230913037,8.505071038941605,430.3177638969768,286.13068163694123,7903.215814517098,10538.59698695895,True,1,9,640,480,18.139624276441243,28.5251020684368,False,False,17.7912,25.2042,False,
621,overnightvideo0621 25-09-19 02-32-11.bmp,2025-09-19 02:32:11,179.55136443888,170.40065367075286,2.9341014675646506,3.373327126987023,6.909280949975965,7.943578337075704,456.6817270676672,389.95916483288465,7879.117565820637,10505.617981642596,True,1,4,640,480,21.194710495688543,34.78743806764055,False,False,20.7564,32.6172,False,
622,overnightvideo0622 25-09-19 02-33-12.bmp,2025-09-19 02:33:12,179.9574519795399,177.44957166071316,3.0940124662412223,3.7429076516728204,7.285842575080474,8.813873964858876,403.94304767405254,354.77617850236925,7907.65813107508,10543.136379508585,True,1,6,640,480,23.759666932596083,30.789700812222193,False,False,22.238999999999997,26.686799999999998,False,
623,overnightvideo0623 25-09-19 02-34-11.bmp,2025-09-19 02:34:11,179.52345285858948,197.62241292762536,3.043249582418135,4.601162559813645,7.16630511871029,10.834909826295085,442.6241540997064,293.7268509142312,7871.247706529938,10494.97360311917,True,1,6,640,480,20.480917830840767,33.705187791994916,False,False,22.238999999999997,34.09979998264588,False,
624,overnightvideo0624 25-09-19 02-35-11.bmp,2025-09-19 02:35:11,181.66323158162476,194.43105815058868,2.8961554674129206,3.5586616965074005,6.819924948189924,8.380007896419471,511.90114508563585,345.5982442209417,7890.852828175087,10522.456625030949,True,1,8,640,480,20.496312557851542,31.839860758653327,False,False,18.5325,28.1694,False,
625,overnightvideo0625 25-09-19 02-36-11.bmp,2025-09-19 02:36:11,177.89120357149912,193.12937390446805,3.171632193921206,4.319154756427099,7.468623065711143,10.1708321980253,410.7142520658707,301.12917475164517,7872.071530339765,10496.10587569058,True,1,9,640,480,20.758170727267437,37.25675785581347,False,False,17.7912,32.6172,False,
626,overnightvideo0626 25-09-19 02-37-11.bmp,2025-09-19 02:37:11,181.01691507596684,177.76943955118077,2.819662610192696,4.814222519537618,6.639798034706049,11.336627690246585,457.4650880923722,293.6003337865246,7888.544854993517,10517.41455805163,True,1,8,640,480,28.302326730753826,34.53206744466917,False,False,26.686799999999998,32.6172,False,
627,overnightvideo0627 25-09-19 02-38-11.bmp,2025-09-19 02:38:11,182.40658938912443,189.9969931150447,3.044746319999001,3.8428244544063626,7.169829666367865,9.049160054771225,437.04838248165913,287.70002241069466,7871.572540796438,10496.605667067706,True,1,7,640,480,19.784755165417998,34.99305693953693,False,False,17.7912,32.6172,False,
628,overnightvideo0628 25-09-19 02-39-12.bmp,2025-09-19 02:39:12,184.3072274668177,164.93036960070907,3.7544250592904174,4.061865519257194,8.840995387183586,9.564962344966885,298.10213092271624,242.939650822664,7888.004025537967,10518.030185022166,True,1,8,640,480,20.085366064943823,33.224298490410895,False,False,20.75639999999393,29.651999999999997,False,
629,overnightvideo0629 25-09-19 02-40-11.bmp,2025-09-19 02:40:11,182.26633617742522,192.0028551523877,3.3374114529651866,3.0125372027262123,7.859003387958286,7.093982991381149,287.0572575654273,290.6063903250166,7900.9993429295355,10535.096959953507,True,1,7,640,480,18.41804036496045,27.8712087087918,False,False,17.7912,23.72160000112458,False,
630,overnightvideo0630 25-09-19 02-41-11.bmp,2025-09-19 02:41:11,180.03595891480649,180.27858518129935,2.880700599293583,4.02843925912292,6.783531514949197,9.48624951757228,526.8879144929579,341.99131245819495,7872.930349584077,10497.97216708674,True,1,6,640,480,21.944854320939257,32.699619626692886,False,False,20.756402807978297,29.651999999999997,False,
631,overnightvideo0631 25-09-19 02-42-11.bmp,2025-09-19 02:42:11,182.41755848675956,175.48228482424764,3.08360592070112,3.2445796635344086,7.261337033043114,7.640401229390599,374.7716541933641,275.4018497382234,7903.722218465034,10539.664935652747,True,1,7,640,480,23.06071616498121,29.787047264367803,False,False,20.7564,28.1694,False,
632,overnightvideo0632 25-09-19 02-43-11.bmp,2025-09-19 02:43:11,181.90079534845862,198.02323876012684,2.6204216918298378,3.949157586098539,6.1706215263548145,9.299555444730878,512.6293221547566,324.35534564813935,7891.493490181912,10522.317049381489,True,1,7,640,480,19.69743922854085,33.74912566759492,False,False,19.273799999999998,29.651999999999997,False,
633,overnightvideo0633 25-09-19 02-44-11.bmp,2025-09-19 02:44:11,182.02691613854012,166.1103569350393,3.1132883268095464,3.4315112284616194,7.331233757931985,8.0805914255302,454.7393478466183,414.8058081547252,7905.350436504813,10540.427163062886,True,1,2,640,480,17.271845320795947,29.026037163132273,False,False,16.3086,25.2042,False,
634,overnightvideo0634 25-09-19 02-45-11.bmp,2025-09-19 02:45:11,181.81418420438283,186.9433094977493,3.2005681409353195,3.6972633588458024,7.536762013761931,8.706389869168552,350.4964162979135,273.1308304825174,7898.120461439356,10531.41190623414,True,1,8,640,480,19.384688382689628,30.095003548565423,False,False,19.273799999999998,26.686799999999998,False,
635,overnightvideo0635 25-09-19 02-46-11.bmp,2025-09-19 02:46:11,181.43292776184518,186.89161464525023,2.7535425923533685,2.80764251719331,6.484097291320196,6.611492878767958,477.89983999899215,346.59444584209376,7894.41638097814,10527.67868057001,True,1,8,640,480,18.755168814056905,33.82305099908235,False,False,17.7912,29.651999999999997,False,
636,overnightvideo0636 25-09-19 02-47-11.bmp,2025-09-19 02:47:11,182.59726959742665,165.83737723802335,2.9285772858530037,4.662012651210794,6.896272496148986,10.978200841259056,398.8685463849428,285.788451955498,7880.406193725425,10506.35061529348,True,1,7,640,480,20.25897367249334,34.28525226538467,False,False,20.7564,32.6172,False,
637,overnightvideo0637 25-09-19 02-48-11.bmp,2025-09-19 02:48:11,181.6863548796393,189.67316975501765,3.0443866345355266,2.8951394162767796,7.168982671828569,6.817532330607762,401.06527343009145,308.5139304623868,7898.756894522598,10533.387713694407,True,1,7,640,480,26.39948402038625,32.51628123053265,False,False,23.7216,31.1346,False,
638,overnightvideo0638 25-09-19 02-49-11.bmp,2025-09-19 02:49:11,183.7475001264054,200.04027269172605,2.7993686384928447,4.8270957413538085,6.592009383353948,11.366941811023478,483.2035780584968,283.28850456979785,7912.925580951779,10550.490175533325,True,1,9,640,480,21.49694883942177,29.389612387747263,False,False,20.7564,23.7216,False,
639,overnightvideo0639 25-09-19 02-50-11.bmp,2025-09-19 02:50:11,184.4588500286173,175.4307048292198,3.4127980146415235,4.052440301789243,8.036525174519687,9.54276765394458,435.2542741094834,315.1394186106717,7892.339948160967,10524.207970694024,True,1,7,640,480,19.420986541343545,29.50310862801837,False,False,17.7912,26.686799999999998,False,
640,overnightvideo0640 25-09-19 02-51-11.bmp,2025-09-19 02:51:11,184.98084584446926,181.73632067243955,2.723838631860835,3.784927549746183,6.414149809735571,8.912823263132188,417.27241023497277,297.25068762481067,7906.318765054329,10541.818462332625,True,1,7,640,480,24.18210579067416,30.733192895464924,False,False,25.2042,28.1694,False,
641,overnightvideo0641 25-09-19 02-52-11.bmp,2025-09-19 02:52:11,181.35978774359833,185.27195128250156,2.8073589422138228,3.834046060585388,6.610825110721993,9.028488517038417,525.8479805662071,368.4601944206404,7869.265007770087,10492.685214348432,True,1,4,640,480,22.3170138118939,35.74405171749723,False,False,20.7564,32.6172,False,
642,overnightvideo0642 25-09-19 02-53-11.bmp,2025-09-19 02:53:11,181.62205998986738,208.11458283512343,3.449132770139739,4.057633814709473,8.122086985098184,9.554997442273265,391.0886806270391,319.75607295560536,7889.174636012577,10519.168265595188,True,1,6,640,480,20.19125026294706,31.51083388702392,False,False,19.273799999999998,28.1694,False,
643,overnightvideo0643 25-09-19 02-54-11.bmp,2025-09-19 02:54:11,180.4722218455789,196.24467418217782,3.1981639420649985,5.842056379252991,7.531100558069858,13.756991466065873,451.07928461940213,274.3078235084606,7871.799803318034,10494.898070020616,True,1,5,640,480,22.77314375342176,38.47577954080253,False,False,20.7564,35.5824,False,
644,overnightvideo0644 25-09-19 02-55-11.bmp,2025-09-19 02:55:11,182.81217488629014,181.8027440902602,3.3205800992066585,4.056806854390907,7.819368578742698,9.55305009953866,419.0518750520044,319.7362931914582,7898.793810147153,10532.217982162694,True,1,8,640,480,25.553431946402736,32.86764006019416,False,False,23.7216,31.875899999999998,False,
645,overnightvideo0645 25-09-19 02-56-12.bmp,2025-09-19 02:56:12,181.1634932978599,193.82001164517396,3.0259036107419517,4.2763217253241566,7.125458476906675,10.069968117794657,343.5675612407579,223.8799997561832,7903.67203659282,10538.65874355093,True,1,8,640,480,23.976116284859028,31.38969584812979,False,False,23.7216,26.686799999999998,False,
646,overnightvideo0646 25-09-19 02-57-11.bmp,2025-09-19 02:57:11,182.04885598080367,206.0800028894788,2.887109645381413,4.1825559797197,6.798623665146347,9.84916666050801,435.5859921017426,283.3027888460278,7898.896411072005,10532.241294842774,True,1,7,640,480,24.853648364621918,32.82779184008851,False,False,23.7216,26.686799999999998,False,
647,overnightvideo0647 25-09-19 02-58-11.bmp,2025-09-19 02:58:11,181.84308177766906,200.05250928584033,3.7401029279744944,4.267893564648932,8.807269345273284,10.050121316093897,365.20994678254306,264.51883740730716,7888.7377176635655,10519.554523900753,True,1,8,640,480,19.638605842496723,34.41342332258023,False,False,20.7564,31.133890365333773,False,
648,overnightvideo0648 25-09-19 02-59-11.bmp,2025-09-19 02:59:11,183.36363336694774,193.9060970196788,3.010790478440812,4.514746698193579,7.089869770020746,10.631416023143533,436.4078261684163,287.1256613508433,7896.560093084532,10528.83887226399,True,1,7,640,480,25.89167065103103,31.566786411507806,False,False,23.7216,28.169399998759456,False,
649,overnightvideo0649 25-09-19 03-00-12.bmp,2025-09-19 03:00:12,180.39737100574294,199.3751714567484,2.7557225068934095,5.21973218974257,6.489230597775539,12.291529990099093,414.62323677531754,243.15185889523917,7899.979625247857,10532.645038564699,True,1,8,640,480,18.625164818870424,30.775611297581005,False,False,17.7912,28.169803730822448,False,
650,overnightvideo0650 25-09-19 03-01-11.bmp,2025-09-19 03:01:11,180.07872677631605,187.08791673835708,2.7141912957295906,3.308000394294178,6.3914320692325655,7.789745637454215,398.72517303642263,279.4163737746605,7895.852009042336,10528.627291109102,True,1,9,640,480,20.55643104888033,33.57490649200329,False,False,20.7564,26.686800043154733,False,
651,overnightvideo0651 25-09-19 03-02-11.bmp,2025-09-19 03:02:11,180.76065302693453,208.55396598320812,2.8952848010915035,6.096166198627476,6.817874685683718,14.355374362368105,437.05893099853137,232.2917966170614,7873.3313864284355,10496.98831305063,True,1,6,640,480,21.518752467041537,33.71551835420509,False,False,20.7564,31.160931534432944,False,
652,overnightvideo0652 25-09-19 03-03-11.bmp,2025-09-19 03:03:11,180.6269288458048,186.53334930438615,3.1347116038702127,5.444636394212196,7.381681720184694,12.82113891899591,400.9981604602157,228.91499543333074,7887.640834687488,10516.910086393078,True,1,7,640,480,20.109096141355735,35.375534586822816,False,False,20.7564,35.31333844626988,False,
653,overnightvideo0653 25-09-19 03-04-11.bmp,2025-09-19 03:04:11,180.90028682170973,207.78163973015018,3.4955385358251556,4.425485916524737,8.231364212339212,10.421222945234614,339.8267939593682,252.97103988474572,7912.317862947601,10550.1141251522,True,1,6,640,480,21.930153975151264,30.248225789295873,False,False,20.7564,26.686799998837664,False,
654,overnightvideo0654 25-09-19 03-05-11.bmp,2025-09-19 03:05:11,182.91516364504875,199.5257608774696,3.1395988487768944,3.0194753586902388,7.393190302455923,7.11032110012079,368.8215208627874,297.77952162849584,7907.924133942488,10545.250407166039,True,1,8,640,480,17.64288149517557,28.364433028488154,False,False,17.7912,23.7216,False,
655,overnightvideo0655 25-09-19 03-06-12.bmp,2025-09-19 03:06:12,185.1288650055045,181.50198858193843,3.3633197901797036,3.78968972178961,7.920012859764452,8.924037321317934,393.84086633684734,318.0184421590857,7900.141700228582,10534.145903344512,True,1,7,640,480,26.01056466297542,31.226239443263307,False,False,25.2042,29.651999999999997,False,
656,overnightvideo0656 25-09-19 03-07-11.bmp,2025-09-19 03:07:11,182.14847620293685,198.47059605415046,3.1520191469942205,3.3341804601475893,7.422437869663344,7.851394981306058,371.8720122584353,299.6433452682264,7894.7185334780315,10527.195240524248,True,1,7,640,480,19.151626246870997,30.192933553671853,False,False,19.273798656549374,26.686799999999998,False,
657,overnightvideo0657 25-09-19 03-08-11.bmp,2025-09-19 03:08:11,179.93558183300945,205.28964514351404,3.5908048733846556,3.7395470220555107,8.455699293641008,8.80596028687211,310.6467255354403,267.9818412175201,7881.156135790377,10508.800064263653,True,1,6,640,480,19.62884986976489,34.27705081600849,False,False,20.7564,31.1346,False,
658,overnightvideo0658 25-09-19 03-09-11.bmp,2025-09-19 03:09:11,178.449145585849,190.90434544335196,2.924668267204629,3.4303182944184165,6.887067460679393,8.077782280532865,446.3391076784222,303.12297584687883,7894.093535827461,10526.84497319575,True,1,7,640,480,19.54014430818874,31.20073614302229,False,False,19.273799999999998,28.1694,False,
659,overnightvideo0659 25-09-19 03-10-11.bmp,2025-09-19 03:10:11,181.6752352750805,185.2980729345702,3.3025994431793744,4.866965370017245,7.777027369506842,11.46082761178808,366.20967067040465,240.72503163833107,7900.983396620786,10534.842152759744,True,1,8,640,480,17.561316699402518,29.86360296163339,False,False,17.7912,23.7216,True,312.4459668408738
660,overnightvideo0660 25-09-19 03-11-11.bmp,2025-09-19 03:11:11,181.65775594266324,201.64901084225818,3.1965700940378685,3.5874038838948197,7.52734733278684,8.447690575417402,387.588735045611,314.1150631266038,7885.374064797127,10514.417472667736,True,1,8,640,480,20.659484739117218,33.68085423978409,False,False,20.7564,28.1694,False,
661,overnightvideo0661 25-09-19 03-12-12.bmp,2025-09-19 03:12:12,181.36165638363232,204.54301099014342,2.9956357657158486,3.260184796430566,7.054183148719317,7.677148509139842,420.4639281794416,244.83271288550796,7882.1621239910255,10511.958769944757,True,1,8,640,480,20.117704029722308,35.92250250612692,False,False,17.7912,33.3585,False,
662,overnightvideo0662 25-09-19 03-13-11.bmp,2025-09-19 03:13:11,183.67853731524778,199.43734933163068,2.6797625802874925,4.2929880218829926,6.310358639984846,10.109214247007834,495.14774538226794,273.21703895420757,7889.1422016954875,10519.660274767837,True,1,6,640,480,20.217893358913877,32.67411138169288,False,False,20.7564,26.686799999999998,False,
663,overnightvideo0663 25-09-19 03-14-11.bmp,2025-09-19 03:14:11,180.4641876158335,197.24122003650882,2.773450744363284,3.4706075787750374,6.530977406732668,8.172656294935788,432.8614682461933,291.760287216104,7883.335535500888,10512.095467990364,True,1,8,640,480,20.57954132026005,34.08906893412254,False,False,20.7564,29.950698858102818,False,
664,overnightvideo0664 25-09-19 03-15-11.bmp,2025-09-19 03:15:11,178.8441778638317,215.7085214327891,3.375178135969779,4.745242097632116,7.94793713013183,11.174191210028816,417.68498001654496,291.79285575353055,7913.045707308178,10550.85886029937,True,1,8,640,480,20.779641480897602,29.808639740172556,False,False,19.273799999999998,24.518632540031746,False,
665,overnightvideo0665 25-09-19 03-16-11.bmp,2025-09-19 03:16:11,182.1875684210904,187.03882265105477,3.3900266516505253,4.134992123625229,7.982902712495808,9.737162338757782,425.2097796466606,282.8006899967967,7892.7246317353065,10525.053755088411,True,1,8,640,480,18.933744571881878,31.11993105276082,False,False,17.7912,28.1694,False,
666,overnightvideo0666 25-09-19 03-17-11.bmp,2025-09-19 03:17:11,177.6732005825309,201.81720393981678,3.1081684902702285,4.035777801155854,7.319177464221917,9.503530463452734,429.12464136967384,312.6230690451947,7903.447937563143,10538.307175312306,True,1,7,640,480,18.40242807848315,28.589619856468214,False,False,16.3086,23.7216,False,
667,overnightvideo0667 25-09-19 03-18-12.bmp,2025-09-19 03:18:12,178.92774870685898,190.3707033889022,2.937313487562157,5.459684418099132,6.916844679051133,12.85657430728297,426.0721015511941,230.81920698509126,7910.381150530212,10547.129472861825,True,1,8,640,480,21.845941212898,30.768032084514847,False,False,20.7564,25.204176818335828,False,
668,overnightvideo0668 25-09-19 03-19-11.bmp,2025-09-19 03:19:11,181.9899020730619,185.78877669597946,2.809628874660608,3.368279553708526,6.616170393148549,7.931692210340737,411.1492163044006,299.9473850107695,7897.7912521797125,10531.144868327794,True,1,6,640,480,18.60846825182956,31.331752982685106,False,False,17.7912,29.651999999999997,False,
669,overnightvideo0669 25-09-19 03-20-11.bmp,2025-09-19 03:20:11,180.81392933842363,194.59709203745012,3.507374261752669,4.520850666272729,8.259235217000812,10.645789769530545,370.0004265178721,280.77830647033375,7905.442302120089,10540.737904917942,True,1,7,640,480,24.419340102897635,30.279475100059653,False,False,22.238999999999997,26.686799999999998,False,
670,overnightvideo0670 25-09-19 03-21-11.bmp,2025-09-19 03:21:11,179.3223193618916,185.88061901658756,3.0539282091096376,4.721493823798359,7.191451362896843,11.1182682987702,508.43757310004685,323.9953336758062,7894.265435076593,10525.807303178466,True,1,5,640,480,19.29647406195426,31.177716241246344,False,False,19.273799999999998,29.65199930029571,False,
671,overnightvideo0671 25-09-19 03-22-11.bmp,2025-09-19 03:22:11,178.5406706848828,178.6761805051036,2.947869536229244,3.907341352925189,6.941702274048712,9.201085740646583,455.5376600219653,318.22236537611025,7906.778023658352,10542.890103873278,True,1,8,640,480,22.90070318045488,29.753461240050548,False,False,20.7564,26.686800000009438,False,
672,overnightvideo0672 25-09-19 03-23-11.bmp,2025-09-19 03:23:11,182.68594672444874,172.91384391643922,3.1579599986417524,3.7179924325931837,7.436427506207508,8.75520310754381,385.7332985413162,298.18289258716527,7885.402500125454,10514.441765146523,True,1,7,640,480,20.50191895232258,31.71526387657742,False,False,19.273799999999998,26.686799999999998,False,
673,overnightvideo0673 25-09-19 03-24-11.bmp,2025-09-19 03:24:11,183.46455570800688,178.79973005736704,2.9653996095630855,4.9706740020506555,6.982982442126104,11.705042777343094,503.2180412761507,252.31391717589122,7892.422660232553,10524.4734613394,True,1,8,640,480,27.19138462392967,34.787121512476865,False,False,23.7216,29.651999999999997,False,
674,overnightvideo0674 25-09-19 03-25-11.bmp,2025-09-19 03:25:11,180.5015013911469,182.93059553302336,3.1073596449354683,3.641221444305094,7.317272779014294,8.57442124544618,382.38280878370045,292.02791387738233,7902.4134718839405,10537.203346125703,True,1,7,640,480,17.913789927271967,29.5056076857803,False,False,19.273799999999998,23.7216,False,
675,overnightvideo0675 25-09-19 03-26-11.bmp,2025-09-19 03:26:11,183.3835623688808,194.75249953718748,2.9102274517301523,4.197925393115272,6.853061938933502,9.88535886325227,409.8415857005107,295.74586683644293,7903.151974467099,10537.281194072077,True,1,6,640,480,24.936626531175175,33.29463462291521,False,False,23.7216,29.65416385596112,False,
676,overnightvideo0676 25-09-19 03-27-11.bmp,2025-09-19 03:27:11,182.77583764588937,200.42162059328277,2.8663759223756067,4.1228427813803314,6.749799478604155,9.708552824105556,404.2420263386159,210.38514683990502,7889.941477690491,10521.443309412569,True,1,8,640,480,19.82465818611608,32.29373262808948,False,False,19.273799999999998,26.686799999999998,False,
677,overnightvideo0677 25-09-19 03-28-11.bmp,2025-09-19 03:28:11,184.91828736731287,194.17578444032495,3.151875424155941,3.4385994528118675,7.422099428242835,8.097282918313839,333.60034844586954,299.2168890480079,7913.42713084208,10551.354088901315,True,1,8,640,480,22.352281123022802,29.797443827952147,False,False,22.238999999999997,26.686799999999998,False,
678,overnightvideo0678 25-09-19 03-29-11.bmp,2025-09-19 03:29:11,181.45043190807428,187.87759271162236,2.95568481431193,4.872229416123077,6.960105847535313,11.47322349307606,425.9593034986209,226.52619853501096,7895.818986531867,10528.569719610925,True,1,7,640,480,19.193667275429725,32.02256161146381,False,False,19.2737914855978,29.65126742797307,False,
679,overnightvideo0679 25-09-19 03-30-12.bmp,2025-09-19 03:30:12,181.8114728351903,178.66087721736935,3.2647188299424235,3.8641906643656383,7.687825342138406,9.099473634269666,406.51622420984336,357.6108003831795,7881.423906684334,10508.279478650213,True,1,6,640,480,20.31584499588147,35.01451804315612,False,False,20.7564,32.6172,False,
680,overnightvideo0680 25-09-19 03-31-11.bmp,2025-09-19 03:31:11,183.9702960963643,184.16451702963008,3.196005833585596,4.933688303493897,7.52601860096321,11.617948113002166,367.59023194851954,234.09830389968158,7899.209627581914,10532.383175785182,True,1,8,640,480,19.489801403418326,29.833314272012995,False,False,17.7912,28.1694,False,
681,overnightvideo0681 25-09-19 03-32-11.bmp,2025-09-19 03:32:11,181.3885911568669,181.30757899032466,3.058215482651098,4.993351003150597,7.201547120570805,11.758443034094425,352.72240361381336,221.07023409458915,7897.451714504088,10529.804124951506,True,1,8,640,480,19.01162256766302,32.74253247434279,False,False,17.7912,28.169399866876198,False,
682,overnightvideo0682 25-09-19 03-33-11.bmp,2025-09-19 03:33:11,181.88120504993887,183.6922923893484,3.4108812438193294,5.776475450694686,8.032011524165855,13.602560180925034,365.7509796519561,240.4136984188188,7902.315465798938,10535.68319879893,True,1,7,640,480,17.891932190129342,30.535289453141694,False,False,17.7912,26.686800000035056,False,
683,overnightvideo0683 25-09-19 03-34-11.bmp,2025-09-19 03:34:11,182.19357015530665,177.55900189268448,3.115788882699952,5.037867880276619,7.337122117066432,11.863272268692961,390.4472532258772,227.56943634593605,7914.743059893882,10553.356747965467,True,1,7,640,480,21.869565679083255,30.689021265283138,False,False,23.7216,26.686800000008088,False,
684,overnightvideo0684 25-09-19 03-35-11.bmp,2025-09-19 03:35:11,181.4134497110416,172.81017056728274,3.0144506461828278,3.1465317689306196,7.098488806387821,7.409516081804514,423.7747775751735,352.00831374667786,7907.038925530165,10543.605510685209,True,1,5,640,480,22.849860103885536,33.161326247965626,False,False,20.7564,31.1346,False,
685,overnightvideo0685 25-09-19 03-36-12.bmp,2025-09-19 03:36:12,184.41063633550715,181.83411528024686,2.82051552969314,3.394449547875087,6.641806506642491,7.993317837182498,439.75699885848434,331.2557718137872,7903.645195412827,10538.798894685378,True,1,6,640,480,25.788283586044482,31.526272436241776,False,False,25.2042,28.169458684311966,False,
686,overnightvideo0686 25-09-19 03-37-11.bmp,2025-09-19 03:37:11,181.94556885904655,183.67165693442863,3.1112985665365356,4.4324760442336,7.326548230556293,10.43768343808077,411.34109772756193,221.29097629655024,7894.223444810378,10527.192356574296,True,1,6,640,480,19.105432805025316,32.68969703282892,False,False,19.273799999999998,28.169399993434556,False,
687,overnightvideo0687 25-09-19 03-38-11.bmp,2025-09-19 03:38:11,183.5081821269645,175.3880764143068,3.059767193135793,3.830162228016421,7.20520111952425,9.01934279025347,386.20781522362233,310.30520069155614,7890.4092223766165,10520.510050031315,True,1,7,640,480,20.89104056702508,31.296383431866026,False,False,20.7564,29.65199950276859,False,
688,overnightvideo0688 25-09-19 03-39-11.bmp,2025-09-19 03:39:11,182.51619306756376,173.74578500541267,3.255006212340699,2.8707474079612427,7.664953875520145,6.760093540487775,329.15251552735225,310.9794997969294,7883.410023129041,10512.14629930199,True,1,8,640,480,21.354118431094996,35.037647109808326,False,False,20.7564,32.6172,False,
689,overnightvideo0689 25-09-19 03-40-11.bmp,2025-09-19 03:40:11,180.07319488337532,176.94155418628378,2.8213745229764653,3.1456650227494616,6.643829281244614,7.4074750505231695,393.9547110104247,300.81504303692856,7897.123278518403,10530.360561470216,True,1,7,640,480,18.332238434043802,30.83560893537229,False,False,17.7912,29.651999999999997,False,
690,overnightvideo0690 25-09-19 03-41-11.bmp,2025-09-19 03:41:11,182.82930687545502,168.23273144769175,3.180064855913123,5.265497278079542,7.488480467202679,12.399298537477609,353.51983967877396,206.63902004064698,7895.390638034245,10527.376343856893,True,1,7,640,480,27.393020554517577,33.29837879660032,False,False,26.686799999999998,30.393282408547098,False,
691,overnightvideo0691 25-09-19 03-42-12.bmp,2025-09-19 03:42:12,182.03829627826664,177.51330215903653,2.966748005901842,4.019128417617436,6.986157672853255,9.464324161359059,411.77848543307465,251.76399701602637,7899.785617363335,10534.142944666744,True,1,7,640,480,19.24050849353107,30.959728681975413,False,False,19.273799999999998,28.1694,False,
692,overnightvideo0692 25-09-19 03-43-11.bmp,2025-09-19 03:43:11,178.53738602408956,171.07658977073163,3.8185436113864064,6.728410060639798,8.991983038917581,15.844194881982503,372.81773316939524,218.75191006191326,7885.124237362471,10513.247109929354,True,1,8,640,480,20.770007870386348,34.58110378548197,False,False,20.7564,31.1346,False,
693,overnightvideo0693 25-09-19 03-44-11.bmp,2025-09-19 03:44:11,181.58497261140127,186.37177953360643,3.4579006096691502,5.9005971146845635,8.142733669373655,13.894844363310993,398.74487186204976,242.5243251672171,7889.4387663450125,10518.978997588103,True,1,7,640,480,21.028115617787005,31.90450538873166,False,False,20.00080051366668,28.16939402817058,False,
694,overnightvideo0694 25-09-19 03-45-11.bmp,2025-09-19 03:45:11,179.65246433844487,175.61821655626431,3.1123510016948184,4.560451809891445,7.329026525963113,10.739043336330047,444.9661067214822,300.3357940638934,7888.933740301008,10518.657821206794,True,1,7,640,480,19.64139446226376,32.62411333385975,False,False,19.273799999999998,29.651999999999997,False,
695,overnightvideo0695 25-09-19 03-46-11.bmp,2025-09-19 03:46:11,179.7837629166559,153.1519176267509,2.8239424946214626,3.7809119979671735,6.649876392349324,8.903367361311116,395.57043799691036,263.0329793375415,7892.806133346197,10524.38155579462,True,1,8,640,480,19.767840634763445,29.437999753902186,False,False,17.7912,26.686799999999998,False,
696,overnightvideo0696 25-09-19 03-47-11.bmp,2025-09-19 03:47:11,182.46346518399724,167.719683482306,2.78840688303079,4.596721331788824,6.566196421863174,10.824451533517683,463.5280193518205,302.19206237676866,7902.8580798818175,10536.639710337686,True,1,7,640,480,18.90482132885842,28.863032589904467,False,False,19.273799999999998,24.02180621054212,False,
697,overnightvideo0697 25-09-19 03-48-12.bmp,2025-09-19 03:48:12,180.52534446122547,161.84102196736958,3.2322984681718534,4.093903846624173,7.611481224373913,9.64040684045991,423.8421530654124,314.00166363286354,7879.623372675242,10506.605724688008,True,1,6,640,480,21.24878648551606,33.639507614794454,False,False,20.015099999991236,29.913061529520608,False,
698,overnightvideo0698 25-09-19 03-49-12.bmp,2025-09-19 03:49:12,185.2480132221641,151.09659636422606,3.4250139344286916,3.3912051015908236,8.065291467303,7.985677750037288,366.84699199506605,349.013289337617,7903.916455805346,10538.935866281452,True,1,7,640,480,18.107134037396367,27.410495135226522,False,False,19.273799999999998,22.238999999999997,False,
699,overnightvideo0699 25-09-19 03-50-11.bmp,2025-09-19 03:50:11,180.14071103881315,174.96792560292153,2.6539647042735046,2.8007298158629963,6.249609284427884,6.595214711110024,432.0536220167459,297.02693850420167,7909.937128118698,10548.22657391354,True,1,7,640,480,23.355742763308225,31.15181265608198,False,False,23.7216,26.686799999999998,False,
700,overnightvideo0700 25-09-19 03-51-11.bmp,2025-09-19 03:51:11,180.67981070400907,186.42178076497578,2.939410443732216,3.4225814806687684,6.921782633473939,8.059563476430522,461.62965892885626,342.6809490771359,7874.3104818227175,10500.041858994684,True,1,7,640,480,21.221070069619866,35.419158535351194,False,False,20.7564,26.686930024468,False,
701,overnightvideo0701 25-09-19 03-52-11.bmp,2025-09-19 03:52:11,182.53677853240308,152.59894476038318,3.047315144384997,5.270130007058182,7.175878785524173,12.410207780539704,466.70603280663335,267.41880724040635,7892.3329255616,10523.177768454272,True,1,7,640,480,20.069800880814096,32.983680952937014,False,False,19.273799999999998,31.1346,False,
702,overnightvideo0702 25-09-19 03-53-11.bmp,2025-09-19 03:53:11,180.42280599749668,167.72724054477052,3.6602531388687876,4.645059030006297,8.619237461295672,10.938278114210846,355.3581226767921,268.2901864506066,7891.288479513175,10522.00245894619,True,1,7,640,480,20.60744220997047,32.14149712713814,False,False,20.7564,28.1694,False,
703,overnightvideo0703 25-09-19 03-54-11.bmp,2025-09-19 03:54:11,181.98127601608746,166.8094022478541,2.568394310383164,3.1458864207361565,6.048106405633717,7.407996402940168,456.37412518697994,320.18471547118287,7890.771654546644,10521.889920203581,True,1,7,640,480,19.614763457930895,31.817270582930846,False,False,20.7564,28.1694,False,
704,overnightvideo0704 25-09-19 03-55-12.bmp,2025-09-19 03:55:12,181.3586202828988,166.033276213169,3.092539885670653,3.893101735181031,7.282374912834975,9.167554003349062,357.0016416772201,304.5589225560043,7907.468089947149,10542.86446626725,True,1,7,640,480,23.968618454810148,30.887516139382644,False,False,20.7564,26.686799999999998,False,
705,overnightvideo0705 25-09-19 03-56-11.bmp,2025-09-19 03:56:11,182.72554878792567,171.70677377957276,3.27350126089155,4.330903111111514,7.70850638658151,10.198497459132295,418.4629923858017,283.3395575217114,7897.470816401541,10530.706408122176,True,1,8,640,480,19.328633803694558,32.00287457001007,False,False,17.7912,25.2042,False,
706,overnightvideo0706 25-09-19 03-57-11.bmp,2025-09-19 03:57:11,180.6227621881781,173.97928651113506,2.8601882664032585,3.3469742872423516,6.735228662288714,7.881522141801464,413.20188778595036,303.7709780544833,7906.727466396587,10543.165576680301,True,1,8,640,480,17.14365889985218,29.449316780826692,False,False,17.7912,20.7564,False,
707,overnightvideo0707 25-09-19 03-58-11.bmp,2025-09-19 03:58:11,180.9762044253571,176.47585426687505,3.1526180537972346,4.3248925317881035,7.423848187408188,10.184343626459277,422.80022905141806,342.4396844793897,7873.540384217997,10497.280513208107,True,1,8,640,480,21.709922317480434,36.173076048585806,False,False,20.7564,34.099799999999995,False,
708,overnightvideo0708 25-09-19 03-59-11.bmp,2025-09-19 03:59:11,179.9947339688419,158.0867331843452,3.350083349147059,4.1891742541894095,7.888843423095911,9.864751505892798,368.44291988744544,295.5249537835875,7897.8125506108145,10530.397459038026,True,1,7,640,480,19.453820283942957,30.783202601047147,False,False,17.791491657036378,28.1694,False,
709,overnightvideo0709 25-09-19 04-00-11.bmp,2025-09-19 04:00:11,182.95646431315814,172.18120242037767,3.4369487707103037,4.678434552507768,8.093395859013103,11.016871463610691,378.19581665614527,272.5800651053212,7891.215289354137,10521.748806904332,True,1,6,640,480,19.76091032139373,32.889966441207946,False,False,20.75639922960226,29.651999999999997,False,
710,overnightvideo0710 25-09-19 04-01-12.bmp,2025-09-19 04:01:12,180.9975657030023,174.31894974220612,3.7769464321328794,4.080518304649089,8.894029167394631,9.60888629790338,388.08015144561693,348.0298608376646,7883.721702648383,10511.86714866964,True,1,7,640,480,20.668655796352603,31.36487885851983,False,False,20.7564,31.8758874655485,False,
711,overnightvideo0711 25-09-19 04-02-11.bmp,2025-09-19 04:02:11,179.58069881533137,195.18900264183233,3.4065725950108354,5.4687434362650125,8.021865431584613,12.877906664848286,366.3393388190829,204.3606381342084,7903.334100448951,10538.459588498321,True,1,8,640,480,24.815898943031097,33.92179376864337,False,False,23.7216,29.651999999999997,False,
712,overnightvideo0712 25-09-19 04-03-11.bmp,2025-09-19 04:03:11,182.60778966545996,180.03991604759094,4.182035532608352,3.7959233762375337,9.84794110121783,8.938716455765702,272.23047598342976,295.01684139031187,7899.867593825568,10533.2540082059,True,1,7,640,480,19.149000837849194,31.361279443895217,False,False,17.7912,29.651999999999997,False,
713,overnightvideo0713 25-09-19 04-04-11.bmp,2025-09-19 04:04:11,185.89905281721528,168.44118429506872,2.8808207424125514,3.43741956747976,6.783814430374017,8.094504500682955,405.0122713799412,295.55772385079786,7902.558354622728,10537.532033757378,True,1,7,640,480,17.63182954978331,29.417016609917248,False,False,16.3086,26.686799999999998,False,
714,overnightvideo0714 25-09-19 04-05-11.bmp,2025-09-19 04:05:11,184.11989961827555,169.32412156573616,3.101509837883062,4.296053971022814,7.303497536107725,10.11643400549933,448.15416160522693,325.4676717920714,7900.012344760505,10533.30659470004,True,1,7,640,480,20.051407387363493,30.562222671732144,False,False,20.7564,26.686799999999998,False,
715,overnightvideo0715 25-09-19 04-06-11.bmp,2025-09-19 04:06:11,182.65817266182242,166.51464731745867,2.608147923260867,2.831874007217594,6.141719010100532,6.66855367719811,488.2317581124315,301.7544493320957,7887.993918856973,10519.512519733666,True,1,7,640,480,20.61414874147957,35.78512676144783,False,False,20.7564,32.6172,False,
716,overnightvideo0716 25-09-19 04-07-12.bmp,2025-09-19 04:07:12,181.3064588360302,186.78027389668983,2.8401256536187103,3.9776926698220567,6.687984819547966,9.366750431869653,400.5324337528811,249.97848661036446,7893.805552840754,10525.82201097525,True,1,7,640,480,19.696898595464788,30.84236055462145,False,False,17.7912,26.686799999999998,False,
717,overnightvideo0717 25-09-19 04-08-12.bmp,2025-09-19 04:08:12,181.84430954589905,167.45436341717743,3.6954217875221564,4.8973238791163345,8.702053300101277,11.53231643755187,309.77015009733765,236.06402768950971,7899.005600002385,10531.948192022144,True,1,6,640,480,17.755030570844482,32.408999457226024,False,False,17.7912,23.721680684211478,False,
718,overnightvideo0718 25-09-19 04-09-11.bmp,2025-09-19 04:09:11,183.18123959790762,164.5430635083042,3.159166043155265,3.6921753376270177,7.439267524003127,8.694408494813015,403.7756667202667,303.8886170445238,7896.764936044942,10529.821953873297,True,1,7,640,480,19.480657822677802,31.996113144339198,False,False,20.414145050621723,28.169400000028315,False,
719,overnightvideo0719 25-09-19 04-10-11.bmp,2025-09-19 04:10:11,182.51289806337377,170.79440384459525,3.0271648616994473,4.297318183191437,7.1284284959432,10.119410997655176,438.45776802711646,311.24710662801203,7905.576550817069,10540.715239284023,True,1,7,640,480,18.338793440168118,30.1748722973409,False,False,18.535956332801405,23.7216,False,
720,overnightvideo0720 25-09-19 04-11-11.bmp,2025-09-19 04:11:11,177.90164009356394,170.7978391031586,3.2090098557895614,4.918526335569813,7.5566407331151355,11.582244407012416,401.6617083013312,273.072943674659,7882.60643065733,10509.858971389596,True,1,8,640,480,20.377170458493673,33.470395247822154,False,False,19.29620635925205,32.6172,False,
721,overnightvideo0721 25-09-19 04-12-11.bmp,2025-09-19 04:12:11,180.89300346505928,169.22057734938682,3.3762262890530508,4.4410334756968695,7.95040534202258,10.457834649224456,348.7461837790416,265.33269116816723,7877.958719498719,10503.940231548699,True,1,9,640,480,21.342196522256835,34.6517658633548,False,False,22.238999999999997,32.6172,False,
722,overnightvideo0722 25-09-19 04-13-12.bmp,2025-09-19 04:13:12,181.98686160355624,161.95144307691356,3.8186464783004412,4.20086479938254,8.99222527198872,9.892280636050922,304.006127656174,269.4257501378745,7906.090742904225,10541.606135604328,True,1,7,640,480,25.137474560442893,31.543327690342675,False,False,20.7564,28.1694,False,
723,overnightvideo0723 25-09-19 04-14-12.bmp,2025-09-19 04:14:12,181.44147853138693,163.52204956747264,3.1071819837622208,4.754609233075137,7.316854418922307,11.196249128334562,443.45582810079634,287.9271041330448,7899.658003143746,10532.923903847428,True,1,8,640,480,24.769307611764525,33.17303688652349,False,False,23.7216,29.65200006478199,False,
724,overnightvideo0724 25-09-19 04-15-12.bmp,2025-09-19 04:15:12,179.15634649140188,166.06130894721068,2.8698930217273495,3.930781685881329,6.758081614658004,9.256283506553903,401.56661373156453,288.2544389363987,7903.662856511326,10538.318388607053,True,1,8,640,480,24.034349882900806,31.740769872701836,False,False,20.7564,29.617336026354906,False,
725,overnightvideo0725 25-09-19 04-16-11.bmp,2025-09-19 04:16:11,179.53951008358496,166.3181253721781,2.6135348929272553,3.073160580453237,6.154404354252916,7.23674013645023,488.6028770875583,319.6702832385561,7898.1563814863175,10532.413527304412,True,1,8,640,480,18.655918000121194,29.668330488883853,False,False,20.7564,26.686799999999998,False,
726,overnightvideo0726 25-09-19 04-17-11.bmp,2025-09-19 04:17:11,181.57474536609325,178.15094387445694,2.9505046186953683,4.867067418423228,6.947907419060251,11.461067917420053,384.6495949910745,204.399427180126,7891.347189818901,10522.527794872245,True,1,9,640,480,18.985457112819397,31.643556700195216,False,False,19.273799999999998,29.651999998570677,False,
727,overnightvideo0727 25-09-19 04-18-11.bmp,2025-09-19 04:18:11,181.0678895268571,164.08107090503012,2.9736234532963493,4.326073696128047,7.002348114196396,10.187125055923453,400.7499085267571,271.2753632709921,7872.36703578271,10496.584017282259,True,1,6,640,480,20.97783160447358,36.84604413700547,False,False,20.7564,32.6172,False,
728,overnightvideo0728 25-09-19 04-19-11.bmp,2025-09-19 04:19:11,183.2418242343848,161.50666778292648,3.0819831859392486,3.6169999881565325,7.25751578469809,8.517384074987708,402.82646568441055,293.7207424334163,7893.407828097614,10525.4791424868,True,1,8,640,480,19.417005743603518,32.192095131775254,False,False,19.273799999999998,27.428099999999997,False,
729,overnightvideo0729 25-09-19 04-20-11.bmp,2025-09-19 04:20:11,179.72198347125263,168.11730804034437,2.9350390672202264,3.1124083916035086,6.911488828439129,7.329161668870479,380.4034072554209,314.3329615271444,7882.591175601407,10510.843091593677,True,1,8,640,480,20.44175382825299,31.59522383899774,False,False,17.7912,28.1694,False,
730,overnightvideo0730 25-09-19 04-21-11.bmp,2025-09-19 04:21:11,178.3886680199478,164.74923019936415,3.41490649866506,4.272671321789088,8.041490274962939,10.061372074377825,395.7143848724778,254.38981685832516,7881.191756199418,10509.636427860316,True,1,7,640,480,21.486108103437893,35.307633762869585,False,False,20.7564,32.6172,False,
731,overnightvideo0731 25-09-19 04-22-12.bmp,2025-09-19 04:22:12,178.69621143607372,162.30282938005732,3.4668929703183284,4.569361713032357,8.163909060482489,10.760024554845552,390.7102621556004,254.14634591472065,7901.024445332712,10535.708512942338,True,1,7,640,480,18.33740733532588,27.819169103718977,False,False,17.7912,23.7216,False,
732,overnightvideo0732 25-09-19 04-23-12.bmp,2025-09-19 04:23:12,179.74614826131972,186.15275978259243,3.1665556171626443,3.575186851493346,7.456668640999943,8.41892166262762,428.4223799133583,242.91420479309292,7873.039765146647,10499.935592502157,True,1,7,640,480,22.776721337317202,34.47033046600978,False,False,22.238999999999997,31.1346,False,
733,overnightvideo0733 25-09-19 04-24-12.bmp,2025-09-19 04:24:12,176.76225076013378,179.9723969362479,3.189180027310691,3.2909899024292137,7.509945055523565,7.749688990234761,361.9343646462925,276.916752523125,7898.6541633400575,10532.807570526222,True,1,7,640,480,25.20547477294024,33.50852749468797,False,False,23.7216,32.6172,False,
734,overnightvideo0734 25-09-19 04-25-11.bmp,2025-09-19 04:25:11,179.7008626484205,153.09346213423967,3.30177853111616,4.799652008461751,7.775094269325177,11.302316758698788,343.1219733782982,224.26597519187956,7915.905013795113,10554.835143200746,True,1,7,640,480,20.37605732939879,28.512421480452875,False,False,20.7564,25.2042,False,
735,overnightvideo0735 25-09-19 04-26-11.bmp,2025-09-19 04:26:11,180.58108710939044,173.88916838535897,3.248963606675765,5.0990950574834315,7.650724626576141,12.007451252880225,431.7196217178261,256.7461663360859,7896.564218060181,10529.240395143077,True,1,8,640,480,18.713393210312393,33.21674866128092,False,False,17.7912,29.651999999999997,False,
736,overnightvideo0736 25-09-19 04-27-11.bmp,2025-09-19 04:27:11,179.69035115451467,177.76175450259112,3.361298280967612,3.4033113892104137,7.915252569350605,8.014185878794809,365.36145094223184,307.1078246672432,7884.441621636725,10513.54398612247,True,1,6,640,480,20.15594404039779,35.420721450051644,False,False,20.523528130544634,32.6172,False,
737,overnightvideo0737 25-09-19 04-28-11.bmp,2025-09-19 04:28:11,177.71375660816238,167.49765934762496,2.685935686473832,4.666428720221561,6.3248951941725435,10.988599889085853,460.8582669523907,263.92290073079033,7895.076884563868,10526.801860945825,True,1,7,640,480,19.153126243109416,31.147815215882755,False,False,17.79120000000809,30.3933,False,
738,overnightvideo0738 25-09-19 04-29-12.bmp,2025-09-19 04:29:12,178.95148185818445,173.7024237585914,3.102979977275204,3.1902469692142246,7.306959449817329,7.5124575117048895,357.00468624196935,296.6167176819119,7892.647205245838,10524.372971505672,True,1,7,640,480,20.518394376658186,30.4733427538667,False,False,20.7564,26.686799999999998,False,
739,overnightvideo0739 25-09-19 04-30-12.bmp,2025-09-19 04:30:12,178.59593314550557,159.1850203464662,2.5831344535321406,4.890684834669284,6.082816790187552,11.516682682608105,467.84872262654386,244.05876290649752,7904.591717556489,10539.533442009963,True,1,8,640,480,17.60764559786132,30.012155133358547,False,False,17.7912,23.7216,False,
740,overnightvideo0740 25-09-19 04-31-11.bmp,2025-09-19 04:31:11,178.06881395399566,175.6566922713421,3.012941649116678,4.233429015631663,7.094935389848558,9.96896350522508,408.3362000178249,280.1754950760659,7886.129863155408,10515.070584331907,True,1,7,640,480,20.874246846481373,34.36277936513627,False,False,20.7564,31.1346,False,
741,overnightvideo0741 25-09-19 04-32-11.bmp,2025-09-19 04:32:11,178.18507212514285,151.76096449747754,2.817652382848717,4.308520564914593,6.635064311061377,10.145790590688954,510.54520007084864,352.19834578836543,7882.303308936757,10509.325640329489,True,1,5,640,480,21.464297252543673,32.72006266667911,False,False,20.7564,29.651999999999997,False,
742,overnightvideo0742 25-09-19 04-33-11.bmp,2025-09-19 04:33:11,179.47200291986613,183.38868012985353,3.9573615424323316,7.5082863586985225,9.31887428555425,17.680663221295717,345.6180739087486,173.3183022211139,7890.621242321673,10521.17513716262,True,1,9,640,480,20.70715490799727,32.05073605018469,False,False,20.7564,25.22913583611868,False,
743,overnightvideo0743 25-09-19 04-34-12.bmp,2025-09-19 04:34:12,180.2421963731518,184.8382880645103,3.1568302324546798,4.571004586071661,7.433767110143991,10.763893225209944,440.6903386927815,282.66961380263183,7892.193464665033,10523.442136364887,True,1,7,640,480,19.457280960542136,33.91204039284466,False,False,19.273799999999998,29.651999999999997,False,
744,overnightvideo0744 25-09-19 04-35-12.bmp,2025-09-19 04:35:12,177.76795340134234,184.569276685625,4.0798756676361565,6.554395339888543,9.607373003383648,15.434421529426983,347.7776238578095,212.0518130460804,7894.852143036943,10526.62106044174,True,1,7,640,480,20.347458649848765,30.726936689002127,False,False,19.273799999999998,27.428099999999997,False,
745,overnightvideo0745 25-09-19 04-36-11.bmp,2025-09-19 04:36:11,179.40434654569057,156.93007182196936,3.1271866698989306,4.759311802995823,7.363961854831584,11.207322834246952,442.861486757747,304.22127675315977,7885.838350136318,10514.122277575208,True,1,8,640,480,20.37438378691618,34.014455600561426,False,False,19.273799999999998,32.6172,False,
746,overnightvideo0746 25-09-19 04-37-11.bmp,2025-09-19 04:37:11,180.427003846024,154.95936582745054,3.107004325368932,4.7894841370326775,7.316436065376623,11.278373251242307,368.3074417828224,244.3205745035673,7893.696223454536,10524.793375009747,True,1,7,640,480,19.734650080609665,31.42389308226824,False,False,20.7564,26.686799999999998,False,
747,overnightvideo0747 25-09-19 04-38-11.bmp,2025-09-19 04:38:11,178.53108940049944,169.11930830171482,3.0578765676473743,3.5772764663670076,7.200749036726474,8.423842329618513,379.6317196558522,280.3131581268959,7907.639278289034,10544.344706837861,True,1,7,640,480,22.755329708724688,30.935984167277912,False,False,20.7564,23.7216,False,
748,overnightvideo0748 25-09-19 04-39-11.bmp,2025-09-19 04:39:11,177.60945812235065,166.11632393376502,3.1752250544,3.6546877992433684,7.477083605585606,8.60613208798833,363.6778625720053,320.5240588973126,7900.889762948662,10534.432702326962,True,1,7,640,480,18.785139333570775,29.835082883149646,False,False,17.7912,26.686799998062323,False,
749,overnightvideo0749 25-09-19 04-40-11.bmp,2025-09-19 04:40:11,179.84763734062633,175.6294327560572,2.81704808628824,3.9783042223663383,6.633641301407622,9.368190528059516,440.91213010372405,293.2973958984873,7891.472797702667,10522.35666724674,True,1,9,640,480,17.55558769758522,32.364617841626774,False,False,17.7912,27.428099999999997,False,
750,overnightvideo0750 25-09-19 04-41-12.bmp,2025-09-19 04:41:12,180.42045992942258,189.6674607403129,3.279430815025011,5.7109790793101425,7.72246941951308,13.448328012711919,412.6611149690267,242.00218006774477,7878.6528063382675,10504.720136982018,True,1,8,640,480,21.350007354888785,35.33476148833611,False,False,20.7564,31.1346,False,
751,overnightvideo0751 25-09-19 04-42-12.bmp,2025-09-19 04:42:12,181.05809293492078,151.21410858082874,2.9304466488823597,5.510323755531687,6.900674509681953,12.975820834136236,505.2803697048881,276.8933649606448,7896.48350408769,10528.40928447042,True,1,6,640,480,20.160156639800835,31.128646083827523,False,False,19.273799999999998,26.686799999999998,False,
752,overnightvideo0752 25-09-19 04-43-11.bmp,2025-09-19 04:43:11,184.01478518871326,167.1399148906436,3.032579089392768,4.568022003802332,7.141178027843793,10.756869780696174,383.11883230388224,268.3118816515528,7892.0760994036555,10522.434874083618,True,1,8,640,480,19.44494240484416,31.40631076477346,False,False,17.7912,28.1694,False,
753,overnightvideo0753 25-09-19 04-44-11.bmp,2025-09-19 04:44:11,179.13062223088227,183.2031504231525,3.490077731784997,4.914256717640871,8.218505001523459,11.572190225128722,357.7061609948283,225.3019135327436,7880.121358353652,10507.566005445111,True,1,8,640,480,20.637581226378092,33.15835661763775,False,False,20.7564,29.651999999999997,False,
754,overnightvideo0754 25-09-19 04-45-11.bmp,2025-09-19 04:45:11,178.24796349820673,167.2549796336568,4.650017831351287,5.289340438713845,10.949955199017356,12.455444890076159,220.90767029611865,182.67077310230735,7875.5127027473245,10501.00224147272,True,1,8,640,480,21.124928707616103,34.96550823559453,False,False,20.7564,33.3585,False,
755,overnightvideo0755 25-09-19 04-46-11.bmp,2025-09-19 04:46:11,179.5903508832169,159.46393925236495,2.914961331723398,4.309528017889685,6.8642093744323684,10.148162961149126,450.1001171730256,318.8607859314705,7900.76444132567,10534.028214774899,True,1,6,640,480,19.01803473334077,29.61004542446085,False,False,17.7912,26.686799999999998,False,
756,overnightvideo0756 25-09-19 04-47-11.bmp,2025-09-19 04:47:11,179.47255711616077,160.1908800775161,2.906041610847528,4.992027906345195,6.843205036917789,11.755327379215547,507.10537395312394,281.71340029170045,7898.49696690655,10531.680990887788,True,1,8,640,480,19.798187267597424,30.65956671621811,False,False,17.7912,28.1694,False,
757,overnightvideo0757 25-09-19 04-48-12.bmp,2025-09-19 04:48:12,178.06125570228429,176.37332541617718,4.198010833751162,4.058307535348341,9.885560060574326,9.556583933138421,243.2744173195032,258.96260098724315,7891.018842423329,10521.20345692107,True,1,8,640,480,20.758422542486546,33.20457290644187,False,False,19.273799999999998,31.875899999999998,False,
758,overnightvideo0758 25-09-19 04-49-12.bmp,2025-09-19 04:49:12,178.20090337314247,170.01771677352647,2.942040368284846,4.578459773279092,6.927975632527392,10.78144884948546,378.5735215140371,245.29824548039258,7880.850267360217,10507.751740585818,True,1,7,640,480,21.417199561280114,33.68370482100179,False,False,19.273799999999998,26.686799999999998,False,
759,overnightvideo0759 25-09-19 04-50-11.bmp,2025-09-19 04:50:11,180.75456249377723,175.18122285842807,3.1517776036638288,4.654722746503261,7.421869078587195,10.961034427527393,399.4781488011571,260.20066043382445,7864.412482571622,10486.133473432516,True,1,7,640,480,22.447276218840866,37.770877700634784,False,False,20.7564,35.5824,False,
760,overnightvideo0760 25-09-19 04-51-11.bmp,2025-09-19 04:51:11,180.78586905656977,171.29690036938482,2.780178338276942,4.507916464556533,6.546819679735378,10.615332052062772,448.6299027309652,271.23511976799796,7901.660242021462,10535.675275864778,True,1,7,640,480,25.599247831597,31.603042901243093,False,False,24.08021788318977,28.1694,False,
761,overnightvideo0761 25-09-19 04-52-11.bmp,2025-09-19 04:52:11,181.16364900869613,173.26985297984132,2.8902387514560517,3.2469421798912195,6.805992146853934,7.64596453026433,397.39950112692384,319.4438431529185,7884.846778601553,10513.71059546569,True,1,7,640,480,20.242619201739505,31.39800619538315,False,False,20.7564,29.651999999999997,False,
762,overnightvideo0762 25-09-19 04-53-12.bmp,2025-09-19 04:53:12,177.3151692887344,184.91773970293775,2.7226725396521108,4.891636438564806,6.411403872428113,11.518923538536209,482.9468474893497,285.51148790101774,7892.331279908866,10522.681660064474,True,1,7,640,480,18.96876665034008,34.525931831628064,False,False,17.7912,29.667901803164135,False,
763,overnightvideo0763 25-09-19 04-54-12.bmp,2025-09-19 04:54:12,178.90875621217555,166.85791346527085,2.876297606768646,5.18269572852164,6.773163259893355,12.204315788819038,422.3085357593857,215.94381009709227,7895.325368994909,10527.59927944033,True,1,9,640,480,19.555967846365338,29.876238307094884,False,False,20.7564,23.7216,False,
764,overnightvideo0764 25-09-19 04-55-11.bmp,2025-09-19 04:55:11,179.58577094106417,176.41514948084526,3.0404334807800804,3.5022853036151753,7.159673706124154,8.247251636370319,413.19255520810964,332.71750603885584,7886.910877816774,10516.356452447335,True,1,7,640,480,20.77775885984281,31.868649927043887,False,False,17.7912,29.651999999999997,False,
765,overnightvideo0765 25-09-19 04-56-11.bmp,2025-09-19 04:56:11,181.71226424165675,170.35134608890672,2.7914693593652684,3.8518314837367793,6.573408002523037,9.070369987984671,458.9312647608089,316.60264842247483,7898.332464309134,10531.431597275621,True,1,6,640,480,18.874881996463404,31.52502109931571,False,False,17.7912,26.686799999999998,False,
766,overnightvideo0766 25-09-19 04-57-11.bmp,2025-09-19 04:57:11,180.20870831475472,185.43325576597115,3.0109903160578733,3.5069005041260946,7.0903403516471535,8.25811960304527,375.560677726723,291.18593617491615,7886.549188707762,10515.971523319335,True,1,8,640,480,20.651438389116507,34.491324409069044,False,False,20.7564,32.6172,False,
767,overnightvideo0767 25-09-19 04-58-11.bmp,2025-09-19 04:58:11,180.67148845689783,170.94692812960872,3.6350647240167566,4.128577060913319,8.559923277099553,9.722056020493646,364.10846785122425,287.1542227169713,7908.184894494573,10544.967283498974,True,1,9,640,480,23.676160928381247,30.9812211707268,False,False,22.238999999999997,28.1694,False,
768,overnightvideo0768 25-09-19 04-59-11.bmp,2025-09-19 04:59:11,178.93906005305848,183.51945777857478,2.9782637964796703,4.6394939838579115,7.013275287340304,10.925173431989105,513.2533498201373,267.0225195080083,7868.163059859662,10492.397219027102,True,1,8,640,480,21.740771530976634,33.66385139367212,False,False,20.7564,29.651999999999997,False,
769,overnightvideo0769 25-09-19 05-00-12.bmp,2025-09-19 05:00:12,181.51228148418113,175.28162529224883,3.6004941031954876,3.2997707529224507,8.478515686220465,7.770366312988655,323.5607581482059,278.5432892277811,7905.177862027242,10541.521010956094,True,1,7,640,480,23.03183261210866,31.805734264487814,False,False,21.49770013775359,28.1694,False,
770,overnightvideo0770 25-09-19 05-01-12.bmp,2025-09-19 05:01:12,181.9972041820776,163.88141420253933,2.8214365339036194,4.891912319858804,6.643975305818887,11.519573189337365,462.5964091008538,286.98942624198713,7874.330285692551,10498.591409573368,True,1,6,640,480,20.674165847515365,35.96535544427394,False,False,20.7564,38.5475998145792,False,
771,overnightvideo0771 25-09-19 05-02-11.bmp,2025-09-19 05:02:11,180.3287378780575,164.20863322231975,3.266411088352327,5.67516450125615,7.691810306163418,13.363991126406052,391.0916574032828,233.25491321474865,7891.710730134177,10522.039220304312,True,1,8,640,480,20.189834350814643,30.650215543235426,False,False,20.7564,23.721626522242847,False,
772,overnightvideo0772 25-09-19 05-03-11.bmp,2025-09-19 05:03:11,182.27577681617947,156.1240714421884,3.1384145903913816,5.33335743759132,7.390401587071222,12.55909700135494,501.2357324192612,275.9194961647697,7853.388842674292,10471.715214018019,True,1,7,640,480,22.119294726875818,37.456208573755475,False,False,20.7564,34.099799999999995,False,
773,overnightvideo0773 25-09-19 05-04-11.bmp,2025-09-19 05:04:11,183.22953334539932,165.97325164954978,2.863770772414839,4.070233832316584,6.743664819256227,9.58466821630223,426.16034210863023,311.05582135855707,7912.212260708288,10549.377986072677,True,1,7,640,480,21.57022045858491,30.29288824218608,False,False,19.288471734092067,28.1694,False,
774,overnightvideo0774 25-09-19 05-05-11.bmp,2025-09-19 05:05:11,180.06190279703742,175.42295958136134,3.0118304539818426,4.879444350392442,7.092318725271107,11.49021336491714,455.47640977604584,287.16087712851703,7864.822442046788,10486.27655991065,True,1,7,640,480,22.011733647158188,34.83960384770601,False,False,22.448386094162196,34.47840882150436,False,
775,overnightvideo0775 25-09-19 05-06-11.bmp,2025-09-19 05:06:11,182.87247994567747,165.56610499524163,3.212873104830218,3.4934860512683525,7.56573798939502,8.226530980562735,355.418779308117,321.554530142998,7895.740066372445,10527.75039267506,True,1,7,640,480,18.85420543639819,30.0946140716214,False,False,19.273799999999998,26.686799999999998,False,
776,overnightvideo0776 25-09-19 05-07-12.bmp,2025-09-19 05:07:12,182.1089756170436,159.34394189595952,3.140488148906165,4.050051310050288,7.3952844442263785,9.537142008310276,375.90697030817483,273.6480925627701,7882.941947890926,10510.966524821644,True,1,7,640,480,20.937690209889094,35.19160829103104,False,False,20.7564,34.09980000007281,False,
777,overnightvideo0777 25-09-19 05-08-12.bmp,2025-09-19 05:08:12,183.3460408914459,167.22395661684857,3.0687916215292868,4.274634203270774,7.226452024400195,10.06599430703692,406.7200904800912,304.48446497293514,7911.908404649434,10548.932236734754,True,1,7,640,480,21.78730474989362,30.60236061668487,False,False,22.238999999999997,26.686799999999998,False,
778,overnightvideo0778 25-09-19 05-09-12.bmp,2025-09-19 05:09:12,182.75945333671785,157.861781717293,3.1571155360714407,4.151464195062556,7.434438948819659,9.775951102761582,409.524002569762,271.7576221144642,7893.783037075425,10525.904254025509,True,1,5,640,480,19.99719093632476,30.354710423588095,False,False,20.7564,26.686799999999998,False,
779,overnightvideo0779 25-09-19 05-10-11.bmp,2025-09-19 05:10:11,181.8895302314002,176.73010473403738,3.2176934650718865,3.277054285747157,7.577089070316371,7.716873120731986,342.4641288221496,276.94188199209424,7871.787241460374,10496.731459423196,True,1,7,640,480,21.528613696337892,35.319297488123645,False,False,20.7564,32.61723656587717,False,
780,overnightvideo0780 25-09-19 05-11-11.bmp,2025-09-19 05:11:11,180.67045753785905,177.1797834900628,3.0694579569941896,4.850058399852294,7.228021124509663,11.421014739542914,411.6382574380114,260.15292734011103,7898.754467688994,10531.681759375248,True,1,7,640,480,20.52194199975319,31.820160804553588,False,False,20.756394491094895,29.651818310131535,False,
781,overnightvideo0781 25-09-19 05-12-11.bmp,2025-09-19 05:12:11,178.04682097128045,181.51208648086532,3.671901473150256,3.663809755708192,8.646667192352895,8.627612653921597,341.2179652501874,320.1285163590367,7882.314685058231,10510.170835020142,True,1,8,640,480,19.929227015867294,34.50677687995724,False,False,19.273799999999998,30.393301565622526,False,
782,overnightvideo0782 25-09-19 05-13-11.bmp,2025-09-19 05:13:11,183.30758414558534,170.18595670813662,3.419841548930193,4.231899367660439,8.053111430250508,9.9653614595206,353.4083160492263,288.03032660251677,7899.975762432145,10533.247150620748,True,1,8,640,480,25.941377600042646,33.18845029845109,False,False,23.72160000280403,29.65200000000539,False,
783,overnightvideo0783 25-09-19 05-14-11.bmp,2025-09-19 05:14:11,181.55048296621248,173.03576132311187,3.626078356348674,5.164843710783894,8.538761998382736,12.162277499605946,318.6912214381827,222.2831472313539,7875.45678440494,10500.648429305964,True,1,7,640,480,21.369259989001595,37.501549339614314,False,False,20.7564,34.099799999999995,False,
784,overnightvideo0784 25-09-19 05-15-12.bmp,2025-09-19 05:15:12,180.9782313867711,168.61342237819733,3.34430821276481,4.931065766106533,7.875244016180203,11.611772509393559,360.9739264986858,218.07390669723537,7907.751528318936,10544.35735505015,True,1,7,640,480,23.05373798841272,31.15591407170373,False,False,22.238999999999997,25.444159486986774,False,
785,overnightvideo0785 25-09-19 05-16-12.bmp,2025-09-19 05:16:12,182.23325083439107,176.1735414086073,3.37879899680593,3.562438479005041,7.956463605809066,8.388901539550638,403.71306027426755,341.1702643232846,7858.9481177955195,10479.373851682603,True,1,6,640,480,22.03664351447429,35.63119480931925,False,False,22.238999999999997,34.099799999999995,False,
786,overnightvideo0786 25-09-19 05-17-11.bmp,2025-09-19 05:17:11,180.7242324557866,195.47975637085048,2.920161501656304,3.5995984321979946,6.876454838827942,8.476406542201817,417.90634071886694,316.57184194183515,7908.0641033314705,10544.507537718511,True,1,7,640,480,22.21306341594893,30.665994370156646,False,False,20.7564,27.426322080092785,False,
787,overnightvideo0787 25-09-19 05-18-11.bmp,2025-09-19 05:18:11,181.40246459903432,199.32441967881334,3.689197169294911,5.165259514416437,8.687395444327093,12.163256642334654,346.9130891907542,198.00358703779793,7884.017093685611,10513.3653566949,True,1,6,640,480,21.57578436975315,31.99175792745306,False,False,20.7564,29.651999999999997,False,
788,overnightvideo0788 25-09-19 05-19-11.bmp,2025-09-19 05:19:11,179.6954040003578,186.7760675850693,2.9980018185825252,4.247265997577113,7.05975477743737,10.001547107672957,347.01945209436684,254.18813723583133,7883.303424693244,10510.86631769423,True,1,7,640,480,20.450132305913403,31.840728518580853,False,False,20.7564,28.1694,False,
789,overnightvideo0789 25-09-19 05-20-11.bmp,2025-09-19 05:20:11,179.25507010583115,190.41670142048375,3.6380747891043463,4.92487146043317,8.56701143870466,11.597186034228875,410.4412621723876,279.6475426265321,7905.1797852084865,10540.845418418687,True,1,8,640,480,17.697477073783386,30.1616339859102,False,False,17.049888217638784,25.2042,False,
790,overnightvideo0790 25-09-19 05-21-12.bmp,2025-09-19 05:21:12,180.632600309676,161.99513976623658,3.415542197810206,3.598990833096742,8.042987232052537,8.474975755658845,336.84501591960793,260.6754154236115,7867.5704737497745,10491.202834321977,True,1,7,640,480,21.217925761935216,35.20098416384961,False,False,21.23758287510607,33.900740288201845,False,
791,overnightvideo0791 25-09-19 05-22-11.bmp,2025-09-19 05:22:11,181.96880325351376,156.30060278072352,2.978418886465291,3.7681412737296203,7.013640496347226,8.873294603886963,369.16437622159555,265.4096751542206,7894.871713528174,10527.014829520695,True,1,8,640,480,20.11774564768373,32.05950069621375,False,False,19.273799999999998,29.651999999999997,False,
792,overnightvideo0792 25-09-19 05-23-11.bmp,2025-09-19 05:23:11,179.18351512284673,193.88183414071923,3.2155142208250633,3.712719792005209,7.571957342280934,8.742786987797002,397.14011135709785,328.4180440522251,7867.460955373589,10490.249182392863,True,1,6,640,480,21.64752795751901,32.77376001358466,False,False,20.7564,34.099799999999995,False,
793,overnightvideo0793 25-09-19 05-24-11.bmp,2025-09-19 05:24:11,184.36316181586008,166.6135004610593,3.384835799787564,4.743444333974641,7.970679190478121,11.169957800131966,366.7777788538668,248.77749089279672,7885.973538624236,10514.952130661319,True,1,8,640,480,20.896379040558394,34.53243215776663,False,False,20.7564,29.651999999999997,False,
794,overnightvideo0794 25-09-19 05-25-11.bmp,2025-09-19 05:25:11,179.081105403135,180.72998844952502,3.2330935831568173,4.146623027082571,7.61335357707861,9.764551023360951,326.5251653246327,253.284397343743,7893.629354027656,10524.86739833126,True,1,7,640,480,19.253788453077803,30.43126460848018,False,False,19.273799999999998,23.7216,False,
795,overnightvideo0795 25-09-19 05-26-11.bmp,2025-09-19 05:26:11,181.9853636060781,191.00935184227137,2.897257071662223,4.5616550970253025,6.822519027957872,10.741876860992782,470.5317269930439,308.74144178989934,7903.15755556476,10537.307781224992,True,1,5,640,480,18.753642982440358,30.448249695510246,False,False,17.7912,23.7216,False,
796,overnightvideo0796 25-09-19 05-27-12.bmp,2025-09-19 05:27:12,179.85827119457895,166.13781176175408,3.1687259088593653,6.4474361389812165,7.4617792873909465,15.182551859129918,440.07581219697636,270.1991396164161,7877.778996774253,10501.890049359965,True,1,8,640,480,20.920311322672873,32.561024292217176,False,False,22.238999999999997,29.651999999999997,False,
797,overnightvideo0797 25-09-19 05-28-11.bmp,2025-09-19 05:28:11,178.7441510784143,191.6894769292002,3.134482681444669,3.706541994750102,7.381142649068266,8.72823938698654,354.06630936014693,328.81297160254275,7886.745479775142,10515.091716683002,True,1,7,640,480,21.385942038604938,30.701949722348573,False,False,20.7564,27.428100002788526,False,
798,overnightvideo0798 25-09-19 05-29-11.bmp,2025-09-19 05:29:11,178.3439514068943,186.50181626034373,3.0834759284182023,3.566639245619988,7.261030924609599,8.398793588980011,421.9513779193931,318.3918814386135,7906.672943456975,10543.094792812712,True,1,7,640,480,18.48442102422596,29.563404066234394,False,False,17.7912,25.2042,False,
799,overnightvideo0799 25-09-19 05-30-11.bmp,2025-09-19 05:30:11,180.6699717508022,175.58455478258065,2.9618665178179047,4.210114659069038,6.974662646863619,9.914062391054413,438.42142156769677,320.13762084561296,7901.859419613529,10535.555262662525,True,1,7,640,480,18.47859168038554,29.600638378085723,False,False,16.3086,25.2042,False,
800,overnightvideo0800 25-09-19 05-31-11.bmp,2025-09-19 05:31:11,181.67185357352335,187.53417834285437,2.925607530825997,4.341981251446693,6.889279257482558,10.22458448605524,476.58363351557176,242.3930413014926,7897.414088355786,10531.67053928844,True,1,7,640,480,20.127640918955322,29.74960661718782,False,False,19.273799999999998,26.694034599818426,False,
801,overnightvideo0801 25-09-19 05-32-11.bmp,2025-09-19 05:32:11,182.95020730543953,178.02353903244128,3.0772035009470278,3.950279593300577,7.246260486669475,9.302197569780905,442.0481052811277,322.99542741728675,7891.8348496889585,10522.886952542098,True,1,7,640,480,19.149912540023543,31.59412269078427,False,False,17.7912,29.651999999999997,False,
802,overnightvideo0802 25-09-19 05-33-12.bmp,2025-09-19 05:33:12,182.47438028637617,171.43602007983932,2.972315422453208,5.571843672296851,6.999267936947448,13.120689167303482,468.4558500831246,248.9188018029913,7880.632460047133,10507.538469527954,True,1,7,640,480,20.953178309328077,33.090891675993255,False,False,20.7564,29.651857878629627,False,
803,overnightvideo0803 25-09-19 05-34-12.bmp,2025-09-19 05:34:12,183.1419957606991,164.4780115839536,3.093775834546,4.870867434383094,7.285285350021274,11.470016271173783,395.169572566342,259.286887015265,7878.035127048162,10503.835934727264,True,1,7,640,480,21.983779118623445,35.48910836936937,False,False,20.7564,29.651999999999997,False,
804,overnightvideo0804 25-09-19 05-35-11.bmp,2025-09-19 05:35:11,181.69174916773517,192.6671208358822,3.7264820301519124,3.5173912279243122,8.77519458204935,8.282823369732196,292.0489424433361,280.34186720409934,7889.478122669254,10519.838091623264,True,1,7,640,480,20.570079779936446,33.09183849955051,False,False,20.7564,26.686799999999998,False,
805,overnightvideo0805 25-09-19 05-36-11.bmp,2025-09-19 05:36:11,181.74773050996868,206.29021891727447,3.2877406851276114,4.059304292178247,7.742037668202286,9.558931116101505,417.33884330857876,280.86746091974254,7893.161954050836,10525.427347300198,True,1,7,640,480,19.49661081854607,32.3128499012985,False,False,20.7564,31.1346,False,
806,overnightvideo0806 25-09-19 05-37-11.bmp,2025-09-19 05:37:11,180.84584727455567,194.0804835758809,3.0460330269501084,4.475853806368056,7.172859629688413,10.539830261863571,401.72416126333184,270.23296369357564,7896.158947741513,10528.28578093596,True,1,7,640,480,19.466249338224397,30.14171347536152,False,False,19.273799999999998,25.2042,False,
807,overnightvideo0807 25-09-19 05-38-11.bmp,2025-09-19 05:38:11,182.94681277198433,169.29376908878407,3.6025432035568334,4.7475247228790645,8.483340948825642,11.179566381715624,365.95325664305494,240.44398871219138,7899.395867949884,10533.451352638933,True,1,8,640,480,18.382011713189176,31.01443329739257,False,False,17.7912,26.686799999999998,False,
808,overnightvideo0808 25-09-19 05-39-11.bmp,2025-09-19 05:39:11,183.22219443620867,179.93592944726265,2.8551335093734447,4.807418552672858,6.723325619112147,11.32060557268772,468.9018247002123,291.4279114706539,7894.93466083454,10526.254528699179,True,1,6,640,480,19.752326159331147,33.15257941394875,False,False,20.7564,28.1694,True,414.7964796486683
809,overnightvideo0809 25-09-19 05-40-12.bmp,2025-09-19 05:40:12,180.17121671047954,170.87538177140718,2.958612693719722,4.247533238398047,6.967000476654214,10.002176411714943,447.3032509613316,321.3670176109095,7898.988649172089,10531.767519928171,True,1,5,640,480,19.332847685210787,31.182261538294906,False,False,19.273799999999998,26.686799999999998,False,
810,overnightvideo0810 25-09-19 05-41-11.bmp,2025-09-19 05:41:11,182.8607506631702,192.05667076457195,2.854567430185,4.677644430632803,6.721992604492123,11.015010868781507,406.17292140642166,261.79597146287864,7863.55421074855,10484.398774827921,True,1,8,640,480,21.810333978837495,33.631626918931865,False,False,20.7564,29.651999999999997,False,
811,overnightvideo0811 25-09-19 05-42-11.bmp,2025-09-19 05:42:11,180.25213611922615,186.60449286620602,2.967251766756515,3.7807213126623234,6.9873439390117404,8.902918331732963,364.3945516468552,272.05621982508933,7887.876105050946,10517.443251023478,True,1,7,640,480,20.04038280991947,31.63588109359571,False,False,19.273799999999998,28.1694,False,
812,overnightvideo0812 25-09-19 05-43-11.bmp,2025-09-19 05:43:11,185.30908561988815,166.40890615959674,3.2564946223720823,3.688098348686579,7.6684588132972715,8.6848079195327,379.0404632480007,320.0053495559595,7906.104625559505,10541.75551923208,True,1,7,640,480,22.53024365225854,29.705334147998844,False,False,20.7564,27.428099999999997,False,
813,overnightvideo0813 25-09-19 05-44-11.bmp,2025-09-19 05:44:11,184.78922217305893,184.09029637540883,3.2559391711929253,3.4678361279461734,7.667150825726556,8.16613002697016,335.05628571981913,304.33052279857634,7903.452284141116,10538.12204951978,True,1,8,640,480,17.416100913276225,31.20039161295899,False,False,17.7912,28.169405750671526,False,
814,overnightvideo0814 25-09-19 05-45-11.bmp,2025-09-19 05:45:11,183.57061933192298,186.0638373604698,2.8966524505038707,3.3590272758047113,6.821095253934534,7.909904760870638,354.03330476518994,257.88615444798063,7904.200662545244,10539.765920222282,True,1,8,640,480,18.326776860407882,28.182642382389286,False,False,17.7912,23.7216,False,
815,overnightvideo0815 25-09-19 05-46-12.bmp,2025-09-19 05:46:12,183.1580093708625,166.60975050299487,2.7630975714759853,5.602257867503562,6.506597547687987,13.192309123829729,528.0995096064297,240.24278903589624,7900.5552373490245,10534.665258020785,True,1,7,640,480,19.71186860025467,30.851282329006583,False,False,17.791200062546313,26.686799999999998,False,
816,overnightvideo0816 25-09-19 05-47-12.bmp,2025-09-19 05:47:12,183.85852369902668,180.39881309867656,2.914185243976762,3.251584145997886,6.862381827449887,7.656895525100663,443.1820862674475,338.4921763308906,7885.469769908558,10514.956489984492,True,1,6,640,480,21.434448975066893,35.93836680498837,False,False,20.7564,31.875899999999998,False,
817,overnightvideo0817 25-09-19 05-48-11.bmp,2025-09-19 05:48:11,180.58969318291796,196.29246707247393,2.8503275102155663,3.5734097109527774,6.7120083559587735,8.41473681645985,426.8527857029095,286.9955550691599,7895.050406216999,10527.7319179061,True,1,8,640,480,18.598486945597077,30.54235881848286,False,False,17.7912,27.428099999999997,False,
818,overnightvideo0818 25-09-19 05-49-11.bmp,2025-09-19 05:49:11,183.49329550770858,190.76437615874562,3.5934098990761036,6.215651141344815,8.46183366035705,14.63673990055827,394.53448453433134,232.44233233516903,7900.845769729275,10534.3197343221,True,1,8,640,480,19.484278444187478,32.57952469633392,False,False,17.7912,23.7216,False,
819,overnightvideo0819 25-09-19 05-50-11.bmp,2025-09-19 05:50:11,184.10858072431353,172.72587405899944,3.2458176933534575,3.7825355531545393,7.643316566824841,8.90719054161054,372.8926733293685,293.53501271228913,7862.389255347543,10483.708070885925,True,1,8,640,480,22.482941446905368,34.943400249246345,False,False,23.7216,31.1346,False,
820,overnightvideo0820 25-09-19 05-51-11.bmp,2025-09-19 05:51:11,182.50480344746686,182.86772268895078,3.090101870587435,5.759474605513321,7.276633826046924,13.562526249909489,445.4456126290672,224.87760510226528,7902.582336815342,10537.200985544117,True,1,9,640,480,19.641507263953706,31.218996982945217,False,False,20.7564,26.686799999999998,False,
821,overnightvideo0821 25-09-19 05-52-12.bmp,2025-09-19 05:52:12,182.17605080184575,174.51765626030243,3.4763502405670654,3.31039121150406,8.186179230035489,7.79537558174405,334.9508065152765,297.0297915165038,7887.601978441141,10517.748480178785,True,1,8,640,480,21.20014919673073,33.18809975804493,False,False,20.7564,31.1346,False,
822,overnightvideo0822 25-09-19 05-53-12.bmp,2025-09-19 05:53:12,185.38281745400653,186.46854918524807,3.030892704168964,4.82151982508684,7.137206894115136,11.353811531628608,383.33538288290816,249.7870292618452,7888.036996731603,10517.160696727653,True,1,8,640,480,21.01042805024375,32.38257240418661,False,False,20.7564,32.6172,False,
823,overnightvideo0823 25-09-19 05-54-12.bmp,2025-09-19 05:54:12,184.02841992480992,191.51519922492335,2.708621216632296,3.0373162617324994,6.378315535321848,7.152333216226158,459.3777373644194,347.72070284408073,7889.7422685209895,10520.63886513011,True,1,8,640,480,19.811062148524016,32.28544037752225,False,False,19.273799999999998,29.651999999999997,False,
824,overnightvideo0824 25-09-19 05-55-12.bmp,2025-09-19 05:55:12,183.30485098134127,176.3640621231072,2.628441028036074,3.4902242349895087,6.1895056200011025,8.218849990206106,455.2875149990714,290.6557821469093,7907.248948447496,10543.950294330263,True,1,8,640,480,24.08651160237942,30.978971946095655,False,False,22.238999999999997,26.686799999999998,False,
825,overnightvideo0825 25-09-19 05-56-12.bmp,2025-09-19 05:56:12,184.76333944011148,173.39466287010254,2.737037389538343,4.0461271944990385,6.445230508884072,9.527901422351174,398.33661394783024,246.14735800480912,7895.672059261265,10528.055291276947,True,1,8,640,480,19.95045531829701,29.888767680420226,False,False,19.273799999999998,25.204354819941724,False,
826,overnightvideo0826 25-09-19 05-57-12.bmp,2025-09-19 05:57:12,181.27937330989494,177.66591730994784,3.0717866751065,4.40223627481394,7.233504836599758,10.36647422289424,424.8342440863588,269.20022675719247,7900.412265106371,10534.509244637076,True,1,7,640,480,26.4986768457793,31.669076838761253,False,False,23.7216,29.651999999999997,False,
827,overnightvideo0827 25-09-19 05-58-12.bmp,2025-09-19 05:58:12,186.63781512389068,182.7107443766828,3.5478460929532574,3.466982682493058,8.354539096371067,8.164120316509823,388.6146663652492,321.3906581828812,7880.074998023193,10508.147864143164,True,1,7,640,480,20.794992510458012,32.36071317340333,False,False,20.7564,29.651999999999997,False,
828,overnightvideo0828 25-09-19 05-59-13.bmp,2025-09-19 05:59:13,184.6732368506946,190.5501489874199,3.6535509510882846,4.760761593866577,8.603455015164583,11.210736830850507,447.5598256675718,309.3265688593673,7883.267507799821,10511.872216416008,True,1,7,640,480,21.366629391580755,32.12342707712288,False,False,21.4977,29.651999999999997,False,
829,overnightvideo0829 25-09-19 06-00-13.bmp,2025-09-19 06:00:13,183.04941151645795,199.90689130825876,3.3702228713560554,4.840676478580187,7.936268373691002,11.398922003270453,379.0609248967567,233.61536999725757,7901.379269923606,10535.938256871406,True,1,8,640,480,25.482323212651863,31.416911824857355,False,False,23.721600004925765,25.20481754951616,False,
830,overnightvideo0830 25-09-19 06-01-13.bmp,2025-09-19 06:01:13,182.39165222283322,168.48497773355163,3.558587725874048,4.684629597178835,8.37983370888931,11.031459678981983,362.9111501080472,266.5225182506219,7890.591893743932,10521.013179191643,True,1,7,640,480,20.27792714633399,32.324314182094454,False,False,19.273799999999998,28.1694,False,
831,overnightvideo0831 25-09-19 06-02-12.bmp,2025-09-19 06:02:12,183.37889563120794,163.9241007242945,2.7279269164406657,4.060647972579306,6.423776984213947,9.562095241644036,376.2992080339179,207.05007941000164,7872.918600185713,10498.194861490705,True,1,8,640,480,21.558739756542696,33.502507858539246,False,False,19.273799999999998,29.651999999999997,False,
832,overnightvideo0832 25-09-19 06-03-12.bmp,2025-09-19 06:03:12,182.8286924343917,189.2496089408706,3.0126584893959314,4.6492243820006065,7.094268599662199,10.948086768581655,484.3251730121369,277.0005915973757,7878.71181684621,10505.843477276754,True,1,8,640,480,20.449661898942214,35.85308518656825,False,False,20.7564,32.6172,False,
833,overnightvideo0833 25-09-19 06-04-12.bmp,2025-09-19 06:04:12,182.5336027713221,178.18218634217172,3.2224329350885488,4.675965171230656,7.588249669314431,11.011056515080524,409.0621352604343,274.7922102780921,7859.852850819343,10479.977471229817,True,1,6,640,480,22.520468642358143,36.33738905776877,False,False,23.7216,33.35849999999865,False,
834,overnightvideo0834 25-09-19 06-05-13.bmp,2025-09-19 06:05:13,185.3460889398592,164.5951933365172,3.679689335731435,3.5898126978113103,8.665006207267002,8.453362898712703,368.98809591012827,332.7680646697209,7872.808744493434,10497.930509300546,True,1,6,640,480,21.98834409524168,35.253821289921255,False,False,20.7564,31.875899999999998,False,
835,overnightvideo0835 25-09-19 06-06-13.bmp,2025-09-19 06:06:13,182.8560296464664,200.17925770123955,3.1146919491823075,3.2430138133814177,7.334539036031017,7.63671393406282,400.1523485896486,259.41541336181547,7877.573219676482,10505.546258925186,True,1,7,640,480,20.63917896747174,34.27992089665235,False,False,20.7564,28.1694,False,
836,overnightvideo0836 25-09-19 06-07-12.bmp,2025-09-19 06:07:12,181.07471589761124,197.62311286199173,3.451922496480933,4.238764014100145,8.128656288606578,9.98152646655887,372.08422592818965,239.27995377570582,7902.206987232334,10537.686768985524,True,1,7,640,480,24.357023813507112,32.830523228745605,False,False,23.7216,29.651999999999997,False,
837,overnightvideo0837 25-09-19 06-08-12.bmp,2025-09-19 06:08:12,183.04757053592806,174.5745879491086,2.754774326843178,3.6371852709588137,6.486997804386956,8.56491678354514,451.7276870973269,327.2260597535814,7883.455831460839,10511.557617973402,True,1,5,640,480,21.02426643592309,33.63707563660291,False,False,20.7564,29.003840869055065,False,
838,overnightvideo0838 25-09-19 06-09-12.bmp,2025-09-19 06:09:12,182.4770308400459,176.38415008798432,2.7231698854033914,5.437427903801902,6.41257503217254,12.804164221283337,575.326891011513,286.6898765375217,7864.684114433539,10486.28651795814,True,1,7,640,480,20.3374603545193,35.34097263629059,False,False,18.5325,32.6172,False,
839,overnightvideo0839 25-09-19 06-10-12.bmp,2025-09-19 06:10:12,184.73743498057868,199.43312446156983,3.441776810061099,4.290472559787606,8.104765022854554,10.103290786443102,356.69431067818306,224.11732278520256,7869.347980000933,10493.853548718907,True,1,6,640,480,21.48673553930872,35.644314586355044,False,False,19.273799999999998,36.32370000158034,False,
840,overnightvideo0840 25-09-19 06-11-13.bmp,2025-09-19 06:11:13,182.30172683338924,169.6678669750391,3.443873964255835,4.4651867866607695,8.10970344358984,10.514711350036114,339.31429015211467,259.38378376555244,7864.413852133255,10485.939230230046,True,1,8,640,480,21.678634313647116,34.300111718222205,False,False,20.7564,31.1346,False,
841,overnightvideo0841 25-09-19 06-12-13.bmp,2025-09-19 06:12:13,183.16003556884962,188.28792876835868,2.985655160554858,4.775836966116155,7.030680619624676,11.246236619610116,423.33521153773813,245.6996219817032,7888.093421730497,10517.930560196512,True,1,8,640,480,20.140533946341943,35.60054564954373,False,False,20.7564,32.6172,False,
842,overnightvideo0842 25-09-19 06-13-12.bmp,2025-09-19 06:13:12,180.9816476780571,187.4733238132928,2.854794122046223,4.434513498462027,6.722526423030976,10.442481276138704,420.170494264007,253.93090919435977,7881.930154280876,10509.623720898177,True,1,8,640,480,20.372380813070585,35.3648890024333,False,False,20.7564,30.3933,False,
843,overnightvideo0843 25-09-19 06-14-12.bmp,2025-09-19 06:14:12,182.04317447835047,196.28229537697715,3.3866181529096364,3.2658922129040024,7.9748763113373,7.69058844785683,405.3469672110586,356.8369372646513,7893.079707037359,10525.189162550843,True,1,6,640,480,20.33735867316538,31.193237301285215,False,False,19.273799999999998,26.686799999999998,False,
844,overnightvideo0844 25-09-19 06-15-12.bmp,2025-09-19 06:15:12,180.55883604316307,207.9420307502943,3.266969678271223,4.649731236129757,7.693125684901388,10.949280318844885,378.68835283610304,250.49991927681359,7876.218580196493,10502.002888355677,True,1,7,640,480,21.355007610124183,31.679594175238993,False,False,20.7564,25.2042,False,
845,overnightvideo0845 25-09-19 06-16-12.bmp,2025-09-19 06:16:12,183.01084041337,169.45167638224484,3.177338202349421,3.8358342042105518,7.482059688735019,9.032699273490348,350.7284401658581,273.66458414677436,7873.465088100128,10498.291066972859,True,1,7,640,480,22.064613191174885,35.70194468841851,False,False,22.238999999999997,32.6172,False,
846,overnightvideo0846 25-09-19 06-17-13.bmp,2025-09-19 06:17:13,182.7904898960459,183.89375192826935,3.0082075912009842,4.08700118281878,7.083787535374345,9.624152309366863,449.6721531056559,326.0485754639871,7853.433228005908,10471.349510695398,True,1,7,640,480,22.27368969528821,36.27618186256329,False,False,22.238999999999997,34.09980000677984,False,
847,overnightvideo0847 25-09-19 06-18-13.bmp,2025-09-19 06:18:13,182.75336859437877,181.93399398802,2.854854264757864,5.482116593684621,6.722668048293912,12.909398044005334,444.0184952615804,203.01652758811642,7888.039965168971,10518.194213130555,True,1,8,640,480,20.604972344392124,36.78809143467898,False,False,19.273799999999998,31.1346,False,
848,overnightvideo0848 25-09-19 06-19-12.bmp,2025-09-19 06:19:12,183.46119737003883,185.918830535266,3.1075380516957725,4.518337214999979,7.317692894829627,10.639871044091265,395.8873534255016,277.3273330672095,7879.925403322606,10506.448017413839,True,1,7,640,480,20.941673787876816,34.736044044552706,False,False,20.01514088717628,29.651999999999997,False,
849,overnightvideo0849 25-09-19 06-20-12.bmp,2025-09-19 06:20:12,181.9893228941595,194.58374388423576,3.0183789222709465,3.8578324578868024,7.107739189662539,9.084501202202858,371.2983756206364,247.8728429437642,7883.06995873039,10511.618816504233,True,1,7,640,480,19.899754920183295,34.31935948499067,False,False,20.7564,31.1346,False,
850,overnightvideo0850 25-09-19 06-21-12.bmp,2025-09-19 06:21:12,184.42820628488468,178.0525227895266,3.321438833661744,3.725890353530083,7.821390743850892,8.77380129008009,387.7075831826237,297.51214068079867,7897.515776405028,10530.957101110302,True,1,7,640,480,19.782814078995518,31.88283551887805,False,False,19.273799999999998,29.651999999999997,False,
851,overnightvideo0851 25-09-19 06-22-12.bmp,2025-09-19 06:22:12,182.08037556312055,172.490389514162,3.2822761200263204,3.4648068684433633,7.729169600764389,8.158996665971344,433.8368124897603,375.17338609242574,7857.790048430825,10477.70130325848,True,1,6,640,480,22.254493415055254,37.57476460656317,False,False,20.7564,35.5824,False,
852,overnightvideo0852 25-09-19 06-23-12.bmp,2025-09-19 06:23:12,180.66727738045964,178.22648035764627,3.056863771931327,4.664518817683436,7.1983640850728055,10.984102412305019,396.5355001846413,252.02524355885834,7911.632153112723,10549.0338890082,True,1,8,640,480,22.389578836018444,31.944777960422737,False,False,20.7564,25.9455,False,
853,overnightvideo0853 25-09-19 06-24-13.bmp,2025-09-19 06:24:13,180.61587714757067,195.27378106709702,2.5936911240535254,3.989869821146361,6.1076758495400965,9.395425431899499,516.7583019558167,279.9595815250517,7893.470839836168,10525.793938494367,True,1,7,640,480,19.73257267232337,31.492284649342917,False,False,20.7564,28.1694,False,
854,overnightvideo0854 25-09-19 06-25-13.bmp,2025-09-19 06:25:13,180.8586239672259,186.27667795539074,3.3448923623943276,4.83102158887724,7.876619583437089,11.37618647546539,376.8504931785728,256.33485952529935,7892.813021963965,10523.866445219574,True,1,7,640,480,19.543135043109984,32.05958948616821,False,False,17.7912,26.688048444443282,False,
855,overnightvideo0855 25-09-19 06-26-12.bmp,2025-09-19 06:26:12,183.87418476786075,193.61345735426116,3.1561683131342266,3.4485454831621674,7.432208409259995,8.120704029951211,384.2209502300343,330.8549603496155,7896.1473392904645,10528.570867482946,True,1,7,640,480,18.517220379920914,30.92045154916415,False,False,16.3086,26.686799999999998,False,
856,overnightvideo0856 25-09-19 06-27-12.bmp,2025-09-19 06:27:12,181.2845205933946,198.51371870380842,2.874410241794369,5.589081302926909,6.768718855019638,13.16128068543998,567.8954217192837,283.6111894163857,7881.337920623487,10508.697246582065,True,1,7,640,480,20.78923516459715,33.65246569900307,False,False,20.7564,29.651999999999997,False,
857,overnightvideo0857 25-09-19 06-28-12.bmp,2025-09-19 06:28:12,182.62513419436598,187.29656675487166,3.1606895082587356,3.5266900207850136,7.442855010166685,8.304720353555165,337.967564855623,291.84501063436636,7891.658426970817,10522.414709654271,True,1,7,640,480,20.982035029211364,31.266058388030107,False,False,20.7564,28.1694,False,
858,overnightvideo0858 25-09-19 06-29-12.bmp,2025-09-19 06:29:12,180.49064014771088,199.67565499833972,3.5460598447338643,3.488737937177409,8.35033280325864,8.215350026325288,304.8148022778384,272.16019110604526,7899.894698011251,10533.879098994843,True,1,8,640,480,19.251463610315827,29.740683382151953,False,False,17.7912,26.686799999999998,False,
859,overnightvideo0859 25-09-19 06-30-13.bmp,2025-09-19 06:30:13,185.10598533261054,173.36131543802782,2.95659357028012,3.7484845717728033,6.962245804305247,8.827006608099852,432.1707966838241,286.7286196154542,7904.826792503893,10540.828919638738,True,1,8,640,480,18.486212432960333,28.27135155096583,False,False,17.7912,23.7216,False,
860,overnightvideo0860 25-09-19 06-31-13.bmp,2025-09-19 06:31:13,182.9848912440639,192.82177206926272,2.6527935515921452,4.408479517907402,6.246851430618028,10.381175936876726,404.83874755846114,271.4943568215272,7895.610933582739,10526.839319766028,True,1,7,640,480,18.539268166624627,32.819072962242174,False,False,17.7912,31.134783766379165,False,
861,overnightvideo0861 25-09-19 06-32-13.bmp,2025-09-19 06:32:13,183.22566979169073,190.22377281255754,3.1752429191212728,3.8046535638599916,7.4771256737893586,8.959274476575947,369.89851167868164,265.60074977809796,7883.404563892403,10512.062510204947,True,1,6,640,480,20.701427348326245,35.84740296038651,False,False,20.7564,31.215715376558332,False,
862,overnightvideo0862 25-09-19 06-33-12.bmp,2025-09-19 06:33:12,178.79981783189984,209.9340319158586,3.3144417977630636,3.3631128163416366,7.804913983460878,7.919525473621776,389.16048214549994,350.9878671692043,7899.241915782396,10532.894055036582,True,1,6,640,480,26.18390074452003,31.991464293844675,False,False,23.7216,28.1694,False,
863,overnightvideo0863 25-09-19 06-34-12.bmp,2025-09-19 06:34:12,182.62894006101826,168.77450034274182,2.71224085744129,3.1952731681399764,6.386839138054679,7.524293305685563,475.8481126772774,385.0089182532411,7897.565482371971,10530.402758690894,True,1,3,640,480,26.544562954483723,32.70760050374846,False,False,23.7216,29.651999999999997,False,
864,overnightvideo0864 25-09-19 06-35-12.bmp,2025-09-19 06:35:12,182.72969834020728,189.32205281731095,2.90432215132785,4.105930888546546,6.839156019174231,9.668728359861145,338.78652950474884,228.30653478640062,7885.05096107006,10513.644290510794,True,1,7,640,480,19.54710207163836,33.233911870065455,False,False,19.273799999999998,32.6172,False,
865,overnightvideo0865 25-09-19 06-36-12.bmp,2025-09-19 06:36:12,183.33164328546823,202.2587089586106,3.189159221754052,6.0335728468455905,7.5098960621817445,14.207978282906447,477.8627862797002,245.71565415362997,7886.2874177471285,10515.26628133981,True,1,9,640,480,29.4236135525026,33.76851547343026,False,False,28.1694,29.651999999999997,False,
866,overnightvideo0866 25-09-19 06-37-13.bmp,2025-09-19 06:37:13,185.32939669039573,169.24210707383108,3.1193210454675335,4.275933437304138,7.345439724753845,10.069053769381872,380.57957347444193,271.67914044862886,7884.9238383733355,10513.36478175638,True,1,8,640,480,21.041218900856673,32.38556342198411,False,False,20.7564,28.9107,False,
867,overnightvideo0867 25-09-19 06-38-13.bmp,2025-09-19 06:38:13,184.0202411942126,189.62496360452855,2.9530963439651856,4.075913136531375,6.95401046567683,9.598041955709052,429.8395786045892,274.0424716124733,7904.49873769999,10540.127423065594,True,1,8,640,480,24.116755292744134,32.674112533562884,False,False,20.756400000002696,28.9107,False,
868,overnightvideo0868 25-09-19 06-39-13.bmp,2025-09-19 06:39:13,183.18976953112602,186.62898165147286,3.0478085347294304,4.4527097701729685,7.1770406309972685,10.485330221508457,440.3084721192781,294.5726342948862,7889.448695651396,10519.423312342948,True,1,7,640,480,20.12600821566169,32.53476723793617,False,False,17.7912,32.617131750000055,False,
869,overnightvideo0869 25-09-19 06-40-13.bmp,2025-09-19 06:40:13,185.88334885046925,177.6027936337551,3.2993199881893216,4.717801400562006,7.76930484315949,11.1095733065185,352.35619046126294,259.23165028969913,7898.738991927462,10531.336218724278,True,1,7,640,480,19.051991558933487,30.774800010125,False,False,17.7912,28.1694,False,
870,overnightvideo0870 25-09-19 06-41-12.bmp,2025-09-19 06:41:12,183.39179582634074,174.86596812228382,3.1752276945240014,4.432920005523965,7.477089822602527,10.438728887026539,475.48276460406,299.34127327002676,7892.8946527333665,10524.814197442662,True,1,8,640,480,21.064700575327507,34.25046600550827,False,False,20.7564,29.651999999999997,False,
871,overnightvideo0871 25-09-19 06-42-12.bmp,2025-09-19 06:42:12,181.8068179790197,208.4672073546444,3.2566125467301372,4.306239291930557,7.668736503939416,10.140418603337958,417.29674133708073,299.6490154645006,7876.141496622708,10501.880304590448,True,1,7,640,480,20.85440047329321,35.52029536651676,False,False,19.273799999999998,33.3585,False,
872,overnightvideo0872 25-09-19 06-43-12.bmp,2025-09-19 06:43:12,182.27452256902077,196.742680802119,3.0380737691737347,4.00386385415609,7.15411700993304,9.428378861341633,468.036869732186,302.4097471904805,7892.524607361582,10524.468657889693,True,1,8,640,480,20.251850445174167,31.11879514792174,False,False,18.532500002727847,28.1694,False,
873,overnightvideo0873 25-09-19 06-44-12.bmp,2025-09-19 06:44:12,183.85478944453328,185.2112280107572,2.8914517698862507,4.460603578014869,6.8088485869683595,10.503918718446187,503.72936768637504,344.68467738072417,7856.026676449303,10474.279280735702,True,1,4,640,480,19.33331780149977,33.66161863715455,False,False,17.7912,34.099799999999995,False,
874,overnightvideo0874 25-09-19 06-45-13.bmp,2025-09-19 06:45:13,182.42068371824436,191.12085252579743,3.615260110770311,3.2657246872686296,8.513286976842739,7.690193955132598,317.0851008336594,270.730236492717,7877.3617795574555,10504.518361856974,True,1,7,640,480,20.87831985454364,34.83438112542353,False,False,20.7564,32.6172,False,
875,overnightvideo0875 25-09-19 06-46-13.bmp,2025-09-19 06:46:13,184.88228579523434,173.13363109440138,2.895726811214602,4.488247285152737,6.818915539981696,10.569014674133404,476.5520657043367,251.00459706249907,7895.453033955894,10528.593970874123,True,1,8,640,480,18.854689897699988,31.65512124632503,False,False,17.7912,26.686799999999998,False,
876,overnightvideo0876 25-09-19 06-47-13.bmp,2025-09-19 06:47:13,184.06784833888497,177.93674111093625,3.2813702074381523,3.821305413980624,7.7270363396427255,8.998486587026864,426.46583609760177,305.046831539541,7900.794130804502,10535.612668328371,True,1,7,640,480,25.214364886828765,32.611332934119915,False,False,23.721600000183383,29.651999999999997,False,
877,overnightvideo0877 25-09-19 06-48-12.bmp,2025-09-19 06:48:12,187.05720388251976,164.00547030005083,2.7264612873984153,3.978788149825521,6.420325691566676,9.36933009014074,514.3600213763295,255.23574355207583,7887.774606100206,10519.053013352988,True,1,8,640,480,18.966406011527496,36.400920275776144,False,False,17.7912,35.5824,False,
878,overnightvideo0878 25-09-19 06-49-12.bmp,2025-09-19 06:49:12,186.2918151047169,181.0779694541156,2.640917385359082,3.7850238391986637,6.21888519631429,8.913050007465014,417.260781890511,314.8004775807435,7891.05127785899,10520.933924867328,True,1,8,640,480,20.324627499280496,30.09131597019735,False,False,20.7564,25.2042,False,
879,overnightvideo0879 25-09-19 06-50-12.bmp,2025-09-19 06:50:12,185.24749715557934,172.67507145273095,2.842758499501387,3.9603938370932483,6.6941846978079695,9.326014793804218,457.2957314331934,319.1850519502022,7894.891296950328,10526.709114410725,True,1,7,640,480,18.965212370134246,31.5151984770555,False,False,20.7564,26.686799999999998,False,
880,overnightvideo0880 25-09-19 06-51-13.bmp,2025-09-19 06:51:13,183.04835558283105,171.90575272082364,3.272665922793558,5.047715784201554,7.70653931568398,11.886462310256936,405.81078182055654,257.4754051659113,7888.290608291251,10517.869226678782,True,1,8,640,480,20.677330356470204,34.68154511956335,False,False,19.273799999999998,31.477842773422445,False,
881,overnightvideo0881 25-09-19 06-52-13.bmp,2025-09-19 06:52:13,182.30292736566335,182.74597608149773,2.720761313077362,3.5420062090584636,6.406903277779298,8.340787220714953,444.8234640748164,352.5973850540323,7891.716143584198,10522.08638878155,True,1,7,640,480,27.09571386319196,34.150110006408184,False,False,23.7216,29.651999999999997,False,
882,overnightvideo0882 25-09-19 06-53-12.bmp,2025-09-19 06:53:12,183.54334528374955,187.09126300360637,2.859692695566278,4.818040144236003,6.7340616821480594,11.345617509410745,484.5266472405722,293.40570763509055,7880.20284780498,10506.790685000762,True,1,7,640,480,21.603930870150162,35.80288671053046,False,False,20.7564,32.6172,False,
883,overnightvideo0883 25-09-19 06-54-12.bmp,2025-09-19 06:54:12,186.82437299299858,203.04802603531044,4.192895152600714,4.794311538697467,9.873513552057263,11.289740913447968,329.2311596338903,268.6070641915687,7912.077766839096,10549.920831935897,True,1,7,640,480,22.150589199597388,28.374042210112435,False,False,20.760978225404475,26.686799999999998,False,
884,overnightvideo0884 25-09-19 06-55-12.bmp,2025-09-19 06:55:12,183.09227270822763,185.5176858638761,3.0239502129928733,3.7946501604323086,7.1208585767312265,8.935718261665908,431.34975538977164,267.27346446653416,7882.5928183562,10511.639071442554,True,1,6,640,480,19.946682198931658,35.218671813893245,False,False,20.49312093054588,29.651999999999997,False,
885,overnightvideo0885 25-09-19 06-56-13.bmp,2025-09-19 06:56:13,184.7247968738787,187.42316998163375,2.8805137665732126,4.112279667943192,6.783091557514202,9.683678592845846,431.1446448017669,302.91677207518114,7896.554645333793,10528.719889776132,True,1,7,640,480,20.04097208713324,30.79418754925814,False,False,17.7912,28.1694,False,
886,overnightvideo0886 25-09-19 06-57-13.bmp,2025-09-19 06:57:13,181.08539521114704,212.451306368129,3.1382224338412,3.2279951385748356,7.38994909297507,7.60134765757848,341.8843753384811,312.4056521552154,7865.0134615962725,10487.021262356799,True,1,7,640,480,19.958866982377522,33.84751554728648,False,False,17.7912,29.651999999999997,False,
887,overnightvideo0887 25-09-19 06-58-13.bmp,2025-09-19 06:58:13,182.60820012438583,206.82367315640798,3.177070896309561,4.296227345600877,7.4814302311141985,10.116842271431052,423.7403991690142,299.76312838448194,7897.411630373311,10530.187161236156,True,1,7,640,480,19.554012080696484,31.026493718361582,False,False,17.7912,26.686799999999998,False,
888,overnightvideo0888 25-09-19 06-59-13.bmp,2025-09-19 06:59:13,185.03207644584862,189.55188882363964,2.9663504869974178,4.2503977009062925,6.985221587368838,10.0089217054476,491.1074851775264,306.01674026881096,7895.356799422284,10527.957596930542,True,1,8,640,480,19.58026164915954,30.52666609373529,False,False,17.7912,26.686799999999998,False,
889,overnightvideo0889 25-09-19 07-00-12.bmp,2025-09-19 07:00:12,182.58247002059915,179.19255004365777,2.8780367016977904,3.583798518093225,6.777258515492716,8.439200587758137,382.42051194033536,280.95721550551593,7899.643990803122,10533.348106031906,True,1,7,640,480,18.59220345989761,29.503771067214945,False,False,17.79120003699584,25.2042,False,
890,overnightvideo0890 25-09-19 07-01-12.bmp,2025-09-19 07:01:12,185.99140237652782,192.99271967346132,3.098410266595255,3.8643967792297884,7.296198603508194,9.099958997683347,394.3289000655126,313.885650341901,7894.650656001999,10526.246902710129,True,1,7,640,480,20.916178784617358,31.948274769927888,False,False,19.273799999999998,29.651999999999997,False,
891,overnightvideo0891 25-09-19 07-02-12.bmp,2025-09-19 07:02:12,183.80691320853705,188.15654825557232,4.176609679975409,5.372990254179995,9.835164194676393,12.652425152298987,311.8952360461814,235.3197438101954,7892.577662383971,10523.636859740183,True,1,8,640,480,18.970453520886846,33.211030674424904,False,False,17.7912,31.1346,False,
892,overnightvideo0892 25-09-19 07-03-13.bmp,2025-09-19 07:03:13,183.34718419682687,198.73684148378356,3.705033925806677,3.634155748978892,8.724688156009273,8.557782804459958,339.94209161534934,353.74766904197077,7891.210795707622,10521.478215718793,True,1,7,640,480,19.204725564758473,32.145352597798,False,False,19.273728822136043,26.686799999999998,False,
893,overnightvideo0893 25-09-19 07-04-13.bmp,2025-09-19 07:04:13,183.8898017547619,197.48150737248673,2.7899027401322094,3.9156926996025834,6.569718896150098,9.220751659205515,462.3077154242813,312.5579983390466,7898.301510920073,10531.412885619498,True,1,9,640,480,19.5051578744006,29.845341328497305,False,False,20.7564,26.686799999999998,False,
894,overnightvideo0894 25-09-19 07-05-13.bmp,2025-09-19 07:05:13,181.86160636813955,190.57697345431214,2.9828737426712015,3.7294096862137605,7.024130881038635,8.782088685228747,451.1138002145256,327.75180633036865,7910.237565797903,10547.627283786856,True,1,6,640,480,16.989205659182506,27.041388598224064,False,False,16.982543390471797,22.238999999999997,False,
895,overnightvideo0895 25-09-19 07-06-12.bmp,2025-09-19 07:06:12,186.40795876952328,186.2433202268366,3.2051211152346806,3.4962125595678963,7.547483448906577,8.232951416959445,426.50103819710586,321.7220982379896,7891.927297690916,10523.834421569147,True,1,6,640,480,19.909090363586635,33.24211255178584,False,False,17.7912,31.1346,False,
896,overnightvideo0896 25-09-19 07-07-12.bmp,2025-09-19 07:07:12,185.82587025249254,188.2908552670851,4.224432566007787,3.543416701352353,9.947778485316665,8.344108676241966,300.06415224246757,319.09538271724807,7902.919681331021,10537.941220245899,True,1,7,640,480,19.130513277290262,30.516764069225808,False,False,17.7912,28.167617098164488,False,
897,overnightvideo0897 25-09-19 07-08-12.bmp,2025-09-19 07:08:12,181.67269293439352,222.74314855506032,2.9940148342014354,5.863076726299407,7.050366146697555,13.80649060064428,428.0476230906015,193.6145290678171,7888.582114049624,10518.874028394705,True,1,7,640,480,20.942089029066633,33.29935062315894,False,False,20.7564,29.651999999999997,False,
898,overnightvideo0898 25-09-19 07-09-13.bmp,2025-09-19 07:09:13,184.793433593681,211.78299871019757,2.817371375902555,4.487800532780488,6.634402590271762,10.567962652692067,455.805691928473,303.2223149390176,7884.829770888593,10512.706202192217,True,1,7,640,480,21.243537728829903,35.23751379467008,False,False,20.7564,32.6172,False,
899,overnightvideo0899 25-09-19 07-10-13.bmp,2025-09-19 07:10:13,181.56011505066112,218.19242208425032,2.5220299857370025,3.8297614159233104,5.938926764582613,9.018398949902322,491.50896199831163,239.73089940547175,7869.6496605252,10494.545071092138,True,1,7,640,480,22.01037980679054,35.673424246171734,False,False,20.7564,34.099799999999995,False,
900,overnightvideo0900 25-09-19 07-11-13.bmp,2025-09-19 07:11:13,182.31982183638024,199.898128009926,3.4163866522081237,3.756303659359765,8.044975770195867,8.845419152283482,374.9024943649509,302.30466640640907,7885.469501139904,10514.71792283287,True,1,8,640,480,20.338430091434862,33.8856533369472,False,False,20.7564,29.651999999999997,False,
901,overnightvideo0901 25-09-19 07-12-13.bmp,2025-09-19 07:12:13,184.6607103407246,189.77039056589803,3.249194256922075,4.189744494351926,7.651267766399542,9.866094318857973,397.87613970211663,309.53726214121235,7897.897638983577,10530.50874751733,True,1,8,640,480,18.64459351810918,32.09663410127574,False,False,17.049899086264876,28.1694,False,
902,overnightvideo0902 25-09-19 07-13-12.bmp,2025-09-19 07:13:12,182.77794753527886,192.37711892797975,3.258243982703977,3.7557520917010403,7.672578242072799,8.844120309704525,380.5973584926287,301.4577203799383,7908.036848096521,10544.61248813161,True,1,8,640,480,23.435402006110287,31.56864932399901,False,False,22.238999999999997,29.651999999999997,False,
903,overnightvideo0903 25-09-19 07-14-12.bmp,2025-09-19 07:14:12,186.54182448057085,195.7623942174714,3.427548829479352,4.724603116152245,8.071260688980345,11.125590122730994,407.57394061010086,288.9917990557098,7897.739517930989,10530.484418857532,True,1,8,640,480,19.891950099236922,29.451499863750453,False,False,20.7564,25.94549999999865,False,
904,overnightvideo0904 25-09-19 07-15-12.bmp,2025-09-19 07:15:12,183.63081236009037,201.7997970495391,3.212993291614017,4.843159350902857,7.566021007642657,11.404768720785128,457.02705870237065,280.9247798424157,7893.69094483184,10525.484527339733,True,1,8,640,480,19.054759675728672,31.525888199856666,False,False,18.532500048752684,31.1346,False,
905,overnightvideo0905 25-09-19 07-16-12.bmp,2025-09-19 07:16:12,183.2116694936754,209.80144689845255,2.981222317120176,3.232427604470509,7.020242071048204,7.611785317118528,398.21379577208586,303.4840850356421,7889.055033615661,10519.816712267111,True,1,8,640,480,19.869133916210963,32.60816211701561,False,False,20.015099299431377,26.686799999999998,True,34.7422721755819
906,overnightvideo0906 25-09-19 07-17-12.bmp,2025-09-19 07:17:12,184.4561770651994,188.52041863610128,3.3614078260438234,4.92984997900956,7.915510528291902,11.608909549567116,382.41233965341587,244.96797508693862,7845.821672103294,10461.501785200035,True,1,6,640,480,23.553410877930304,38.88722861168111,False,False,23.7216,38.54759999903183,False,
907,overnightvideo0907 25-09-19 07-18-13.bmp,2025-09-19 07:18:13,182.96079330921097,203.6645043756632,3.0944431701537485,5.197384603116239,7.286856805287163,12.238905445153344,401.65726027278265,196.65009792090547,7867.482027757713,10491.129291630532,True,1,7,640,480,21.598818979878082,33.794262439682996,False,False,20.7564,28.1694,False,
908,overnightvideo0908 25-09-19 07-19-13.bmp,2025-09-19 07:19:13,187.9369082396489,175.94537500767734,3.049997343459134,5.1771276095147485,7.182194881668713,12.191203870568492,438.0828780518953,261.7622589041963,7883.691819664119,10511.489741606612,True,1,8,640,480,20.84729824273586,33.37438732807185,False,False,20.7564,29.651999999999997,False,
909,overnightvideo0909 25-09-19 07-20-12.bmp,2025-09-19 07:20:12,183.75838944808265,181.3861937396648,3.483127436360784,4.635759483513829,8.202138306539636,10.916379355720686,346.23697039819075,272.46762033069626,7913.492246335286,10551.024774948773,True,1,9,640,480,20.663430944560705,28.42763947722429,False,False,19.51212430873516,23.7216,False,
910,overnightvideo0910 25-09-19 07-21-12.bmp,2025-09-19 07:21:12,183.25827887544338,210.94089527743887,3.3665938124563017,5.3023692297404335,7.927722593049264,12.486125348348088,402.955116665126,198.27903006674688,7879.721160416559,10507.888874450755,True,1,8,640,480,21.105186278405622,34.825677332975815,False,False,17.924609866650403,32.6172,False,
911,overnightvideo0911 25-09-19 07-22-12.bmp,2025-09-19 07:22:12,185.15448755496277,168.29003473344838,2.7994388948301836,3.9841428898741524,6.592174824385404,9.381939539343188,427.8748169533233,296.1672329988035,7891.849276685041,10522.558848693585,True,1,8,640,480,19.95110491884683,30.363360842135823,False,False,19.273799999999998,26.68683505844827,False,
912,overnightvideo0912 25-09-19 07-23-12.bmp,2025-09-19 07:23:12,186.59664347539643,191.34608359363,2.729322029226981,3.81507072139917,6.4270622237682415,8.98380500796145,514.4912539738848,347.1069816930803,7899.258065174298,10532.761725788418,True,1,7,640,480,26.461753397519143,31.509435552612768,False,False,23.7216,29.651999999999997,False,
913,overnightvideo0913 25-09-19 07-24-13.bmp,2025-09-19 07:24:13,183.23378666164785,176.40753599010947,2.87471873126203,3.5197492653793883,6.769445292201767,8.288376123598342,423.99844916742654,276.6439373388909,7886.729266005671,10516.9192764442,True,1,7,640,480,20.32671948268337,32.14737361610154,False,False,19.273799999999998,26.68680001482719,False,
914,overnightvideo0914 25-09-19 07-25-13.bmp,2025-09-19 07:25:13,183.21096045566554,191.66174470972422,3.410852693861863,4.924409968151973,8.031944294153726,11.596099302954483,317.60985840950036,204.79404256852285,7894.916434924197,10526.946022654827,True,1,6,640,480,19.018880180781434,33.07560103940934,False,False,17.7912,28.1694,False,
915,overnightvideo0915 25-09-19 07-26-13.bmp,2025-09-19 07:26:13,189.96987001728027,181.62279274330575,3.388625838949205,4.1570748184231565,7.9796040506674055,9.789163111116244,389.7668383899825,239.73074503743396,7879.5707978080245,10507.787391227539,True,1,7,640,480,22.054605193453813,35.23246022745572,False,False,23.7216,32.6172,False,
916,overnightvideo0916 25-09-19 07-27-12.bmp,2025-09-19 07:27:12,189.72974022805664,179.44547298024813,2.6875835846660254,4.981371941476879,6.32877569786769,11.730234499544492,517.3033267422917,288.2750075410261,7871.606320177573,10495.236394098647,True,1,6,640,480,21.30780983763828,34.69977134664402,False,False,20.7564,30.3933,False,
917,overnightvideo0917 25-09-19 07-28-12.bmp,2025-09-19 07:28:12,188.04904889907812,186.37610002480997,3.1366839570386884,4.223439609208279,7.3863262569617,9.945440250741335,408.7653278204586,268.194866130356,7882.7063786281105,10511.055687632283,True,1,7,640,480,20.64593814290128,34.13485154521284,False,False,20.7564,29.652000000001348,False,
918,overnightvideo0918 25-09-19 07-29-12.bmp,2025-09-19 07:29:12,188.72604575420712,201.21695434760005,3.1938850977786246,3.623829697588215,7.521024649774739,8.533466811659173,412.0382193646663,357.98315305402133,7890.859797422593,10521.244221632482,True,1,7,640,480,29.0522687767895,34.002545857373875,False,False,26.686799999999998,32.6172,False,
919,overnightvideo0919 25-09-19 07-30-13.bmp,2025-09-19 07:30:13,189.58587456009226,200.3417900320325,3.4344912007107222,4.221286405294736,8.087608723916022,9.940369843004683,344.224135696113,301.1245319630393,7887.983713923055,10516.847379882392,True,1,7,640,480,20.009240968017853,34.363724537096545,False,False,20.7564,29.651999999999997,False,
920,overnightvideo0920 25-09-19 07-31-13.bmp,2025-09-19 07:31:13,192.91118369002103,199.54091780962025,2.9007020914402863,5.982179360497097,6.830631429586784,14.08695587106899,484.9341222364684,260.52875941345417,7890.628207473004,10520.0444692002,True,1,7,640,480,21.313190772804,31.20273793901292,False,False,20.7564,26.686799999999998,False,
921,overnightvideo0921 25-09-19 07-32-13.bmp,2025-09-19 07:32:13,188.47230600820387,192.32215999154073,3.1551261945062943,4.491363834804493,7.42975440742564,10.576353587724693,418.6210810468364,297.06390445578324,7899.617561739235,10532.75333585492,True,1,7,640,480,18.412171730965422,33.010855192184415,False,False,17.7912,29.651999999999997,False,
922,overnightvideo0922 25-09-19 07-33-12.bmp,2025-09-19 07:33:12,187.06682910129808,199.36021623261968,3.0561561818376437,5.10312998294582,7.196697837736535,12.016952776239263,502.4223373232667,284.3040527634692,7903.423624341817,10538.340171018082,True,1,7,640,480,18.72134903298809,30.840609342680015,False,False,19.273799999999998,26.686796868533804,False,
923,overnightvideo0923 25-09-19 07-34-12.bmp,2025-09-19 07:34:12,189.00747730663966,207.86478450075361,3.711627584121519,3.7133121625820897,8.74021503477915,8.744181913905528,377.2222920420028,288.4819286809234,7883.741325051887,10513.372585402454,True,1,8,640,480,20.649433564584804,33.74936857738544,False,False,20.7564,32.6172,False,
924,overnightvideo0924 25-09-19 07-35-12.bmp,2025-09-19 07:35:12,191.83957556285958,175.24407228145367,3.258758110790818,4.340489525082953,7.6737889211974055,10.221071738912203,410.9264429629299,295.0302959899207,7908.892733295505,10545.495983781864,True,1,7,640,480,24.26496065221933,30.129695589988835,False,False,22.238999999999997,25.94526484736828,False,
925,overnightvideo0925 25-09-19 07-36-12.bmp,2025-09-19 07:36:12,189.66798663082974,176.13492086410122,3.106756375900388,4.0694968496994335,7.31585218899794,9.582932754862526,399.6596022738276,287.0798672502224,7896.505714831598,10529.057457949679,True,1,8,640,480,18.167370223820235,31.33195898770015,False,False,17.7912,26.68680332788738,False,
926,overnightvideo0926 25-09-19 07-37-13.bmp,2025-09-19 07:37:13,189.69922054802035,207.1837023790201,3.4563679925175133,3.32259207118667,8.139124631783622,7.82410641069127,370.3683653612638,308.50667671260885,7870.328424278369,10495.103335720934,True,1,6,640,480,20.86097888929186,34.29339637206719,False,False,19.273799999999998,32.6172,False,
927,overnightvideo0927 25-09-19 07-38-13.bmp,2025-09-19 07:38:13,189.79944491338077,199.30094868622015,3.173506818667528,3.847677118757578,7.473037469640693,9.060587206057273,419.3964793239843,341.9816636601866,7901.082475123955,10534.85560567769,True,1,7,640,480,26.185351816690535,30.671594090093766,False,False,25.2042,26.686799999999998,False,
928,overnightvideo0928 25-09-19 07-39-13.bmp,2025-09-19 07:39:13,187.5031572220265,197.36573840351485,3.8908814348129055,4.468541897705655,9.162325595536212,10.522612032777914,381.9777733693511,297.8821976421127,7876.2008957664,10502.411311229827,True,1,6,640,480,21.43460332367123,30.507413405202932,False,False,20.7564,29.651999999999997,False,
929,overnightvideo0929 25-09-19 07-40-12.bmp,2025-09-19 07:40:12,189.1616339455542,196.29208016522972,3.411428904968612,3.7366572824671445,8.033301167618069,8.799155470164505,356.7268630859298,292.6062790254316,7873.466504534288,10498.600686218395,True,1,6,640,480,21.65067869448601,34.98600414793021,False,False,20.7564,32.6172,False,
930,overnightvideo0930 25-09-19 07-41-12.bmp,2025-09-19 07:41:12,188.13436798092405,205.70946189876443,3.197449358764882,4.6593995557531755,7.5294178429909,10.972047471695879,396.46812415953997,279.9592426386388,7875.580282109519,10500.581768412185,True,1,6,640,480,20.917508612942086,36.23829122753038,False,False,20.7564,31.875899923382953,False,
931,overnightvideo0931 25-09-19 07-42-12.bmp,2025-09-19 07:42:12,190.51850360471786,176.07018007815782,3.384697636469702,3.2402810336368475,7.970353840727731,7.6302787295416525,356.2652170967818,297.3764024749966,7865.534972185126,10488.645115229614,True,1,7,640,480,22.14643489072,34.63956593452733,False,False,21.49770000000135,30.706830025419876,False,
932,overnightvideo0932 25-09-19 07-43-13.bmp,2025-09-19 07:43:13,196.14874191566577,135.15270158671737,3.0325812518714583,3.27698855211097,7.14118312009196,7.71671832984786,371.77389677112365,281.8799168040987,7849.423344798061,10466.961633728153,True,1,7,640,480,22.437975528805218,35.994823564920196,False,False,22.238999999999997,35.580185838106885,False,
933,overnightvideo0933 25-09-19 07-44-13.bmp,2025-09-19 07:44:13,193.69405356284747,183.0044647782577,3.9977320165982904,4.790557997102245,9.413939487347655,11.280901998459683,318.48333646069574,270.9213420119778,7882.3039581594585,10509.609867469208,True,1,8,640,480,20.782913854113648,33.486831185275996,False,False,20.7564,32.6172,False,
934,overnightvideo0934 25-09-19 07-45-13.bmp,2025-09-19 07:45:13,189.3236086820755,192.8124627813392,2.644192483061161,3.7703287193459016,6.226597462032581,8.878445644671597,516.5110230974111,312.8283144132114,7887.0305640504375,10517.013579633058,True,1,4,640,480,19.922891275474683,33.19111045719138,False,False,20.0151,28.1694,False,
935,overnightvideo0935 25-09-19 07-46-12.bmp,2025-09-19 07:46:12,187.29897740805038,218.7134563451213,3.3491546864259236,5.274608990892708,7.886656589505108,12.420754981454618,452.1227033266189,302.37676978494164,7893.114673589846,10523.731521585569,True,1,7,640,480,19.092275218561657,33.9918483095723,False,False,19.273799999999998,31.13459985030011,False,
936,overnightvideo0936 25-09-19 07-47-12.bmp,2025-09-19 07:47:12,192.01518187618652,195.4749890842291,2.9030172194216064,3.7960874195038645,6.836083139364009,8.939102748137511,494.1331848868735,366.69797591932615,7890.967654735152,10521.511936231258,True,1,7,640,480,28.676245587957922,33.509746243887705,False,False,26.686799999999998,30.3933,False,
937,overnightvideo0937 25-09-19 07-48-12.bmp,2025-09-19 07:48:12,191.5083837764463,206.68850826342327,3.1803938339173983,4.007187403330023,7.4892551512015215,9.436205221557056,449.0334789109778,284.1819605444155,7888.912931047484,10520.061512457516,True,1,7,640,480,20.40640896709881,34.01945071643897,False,False,20.7564,29.651999999999997,False,
938,overnightvideo0938 25-09-19 07-49-13.bmp,2025-09-19 07:49:13,191.04211262675423,171.138722341749,2.9077990158443487,3.3679128878646285,6.84734340943154,7.9308287782616995,419.85299578883667,280.8639351047938,7868.52466806666,10492.801910376273,True,1,7,640,480,20.185313840545803,34.19020253337615,False,False,18.251227369864267,32.6172,False,
939,overnightvideo0939 25-09-19 07-50-13.bmp,2025-09-19 07:50:13,193.34191878430286,203.1293432670565,2.7317423116510047,4.196150897248657,6.432761553334968,9.881180244815742,455.1953917531974,311.5407137988816,7871.082916588805,10494.444073793815,True,1,6,640,480,21.543847764963342,34.74923720740078,False,False,19.273799999999998,32.617199999997304,False,
940,overnightvideo0940 25-09-19 07-51-13.bmp,2025-09-19 07:51:13,193.0498929060774,199.43099431444628,2.6344350208191956,4.121334638752708,6.203620394356568,9.705001419615263,469.53278538122413,309.1354280366039,7890.216276706707,10520.09464348441,True,1,7,640,480,28.185821272162386,35.428149766752604,False,False,25.2042,32.6172,False,
941,overnightvideo0941 25-09-19 07-52-13.bmp,2025-09-19 07:52:13,188.46592133124454,190.295581674703,3.076455844015016,3.7775646507310365,7.244499889139167,8.895484960941781,467.2695461841962,330.98740800009944,7886.085369239992,10515.758118046844,True,1,7,640,480,21.035113684465685,32.90984464559361,False,False,20.7564,29.651999999999997,False,
942,overnightvideo0942 25-09-19 07-53-12.bmp,2025-09-19 07:53:12,191.1181278871507,184.12887495088034,3.034711864455366,3.8618260833274833,7.146200329312742,9.09390547144292,381.0716203140559,265.39367576295126,7885.622231816716,10514.849887715305,True,1,7,640,480,20.323617763809086,33.09873265447065,False,False,20.7564,29.651999999999997,False,
943,overnightvideo0943 25-09-19 07-54-12.bmp,2025-09-19 07:54:12,190.13455777805186,200.93344758446364,3.202174843230365,4.864627657989862,7.540545508532701,11.455322720646489,438.1044147231908,265.8792203617651,7875.103881158348,10500.710246746703,True,1,7,640,480,21.438280976047213,36.78229705454956,False,False,20.7564,32.6172,False,
944,overnightvideo0944 25-09-19 07-55-12.bmp,2025-09-19 07:55:12,190.6451975451417,156.57522950146662,2.889456302715425,3.5558612810007633,6.804149620875298,8.373413421850026,462.6014836692911,324.5646619022389,7867.747614488025,10491.283506177513,True,1,7,640,480,21.605092402821338,36.581365371578286,False,False,20.7564,32.6172,False,
945,overnightvideo0945 25-09-19 07-56-13.bmp,2025-09-19 07:56:13,190.92417210353952,180.49600668936583,3.4504090074904568,3.4714589385189916,8.12509229439387,8.174661093926384,363.4309105295342,320.33577680669697,7870.1089453482355,10494.219891457984,True,1,6,640,480,22.30224464769641,37.21529902243269,False,False,22.107879282894626,32.6172,False,
946,overnightvideo0946 25-09-19 07-57-13.bmp,2025-09-19 07:57:13,188.9248200195358,206.6363940406723,2.481581717787153,3.332128699121718,5.843678372427524,7.846563453314722,526.9254521867358,327.33583328687564,7902.68798654238,10538.049911580236,True,1,8,640,480,25.42232852367621,30.640136931817914,False,False,22.238999999999997,26.686799999999998,False,
947,overnightvideo0947 25-09-19 07-58-13.bmp,2025-09-19 07:58:13,189.64067677147125,197.23687760261504,2.5852848994440887,5.6478986207260435,6.087880703326762,13.29978488438834,500.72938515098923,248.50263516377757,7869.139217525651,10491.616464309158,True,1,7,640,480,21.815521383758387,35.1731833419788,False,False,20.7564,31.1346,False,
948,overnightvideo0948 25-09-19 07-59-13.bmp,2025-09-19 07:59:13,187.9231375829211,216.5188104739163,2.7901231786416467,3.7264625659737667,6.570237989170818,8.775148747412493,483.2116577864685,322.99647229058905,7881.447677360236,10509.351950666667,True,1,6,640,480,21.0289005059004,36.70758879758344,False,False,20.7564,34.099799999999995,False,
949,overnightvideo0949 25-09-19 08-00-12.bmp,2025-09-19 08:00:12,190.3481216191444,196.76638403882725,3.1730568383004605,5.375704905132923,7.471977846852452,12.658817666778205,403.10426890277336,265.9798254670521,7884.587250094486,10511.99572929585,True,1,7,640,480,22.10044553818373,31.82328319913433,False,False,20.7564,27.428099999999997,False,
950,overnightvideo0950 25-09-19 08-01-12.bmp,2025-09-19 08:01:12,189.13994323338545,190.88923891183796,3.4534168424596374,4.321799335023195,8.132175204471443,10.177059704714047,366.7619493685696,291.7707543583741,7908.664296896162,10544.91501096492,True,1,8,640,480,22.86346467863635,28.91080176265333,False,False,19.273799999999998,26.686799999999998,False,
951,overnightvideo0951 25-09-19 08-02-12.bmp,2025-09-19 08:02:12,186.83005061267082,219.63534815594926,3.0188139719261087,5.629911784603764,7.108763653311098,13.257429122140907,466.7641816204602,253.64789848037364,7887.732772947076,10516.87811766526,True,1,7,640,480,19.636882114647307,33.596889463604946,False,False,18.900769744476673,27.472128808636832,False,
952,overnightvideo0952 25-09-19 08-03-12.bmp,2025-09-19 08:03:12,189.65233288403638,201.32920279591244,3.0344959677503103,4.499332077912118,7.14569193142402,10.59511736631821,375.32747690851687,286.53806348311923,7884.395510267002,10511.742458052142,True,1,7,640,480,19.767551748928234,32.00522299412083,False,False,19.273799999999998,31.1346,False,
953,overnightvideo0953 25-09-19 08-04-13.bmp,2025-09-19 08:04:13,193.32444012492215,180.43920584163982,3.2050526198342437,4.671791049191501,7.547322154564636,11.001227208832317,408.1330657371751,283.99271556915,7911.337671491895,10548.352748618498,True,1,7,640,480,21.40256731909467,29.871407859407157,False,False,19.273799999999998,26.686799999999998,False,
954,overnightvideo0954 25-09-19 08-05-13.bmp,2025-09-19 08:05:13,194.40388714390681,185.74988369812692,3.617962166854614,4.2039163122929954,8.519649832672853,9.899466399820135,322.5136744423402,253.98284784496082,7895.725250261158,10528.151283833273,True,1,7,640,480,20.336446285530325,32.046657770231946,False,False,17.791200025243036,28.1694,False,
955,overnightvideo0955 25-09-19 08-06-13.bmp,2025-09-19 08:06:13,194.3860522620031,196.5505670830058,3.5494389706796263,4.011900815737608,8.358290036770404,9.447304459574935,366.82976159896316,289.128278740487,7874.170734521212,10499.636305336851,True,1,8,640,480,22.55562976093026,35.92796226835573,False,False,22.238999999999997,33.3585,False,
956,overnightvideo0956 25-09-19 08-07-13.bmp,2025-09-19 08:07:13,188.1572648331225,221.85957279084656,2.8408945035265236,5.982252694721444,6.689795322722505,14.087128559970468,509.21314537373013,226.92347220302628,7826.712280209755,10436.081704466773,True,1,6,640,480,19.842511694997533,36.93319905622487,False,False,19.273799999999998,37.065,False,
957,overnightvideo0957 25-09-19 08-08-12.bmp,2025-09-19 08:08:12,192.24136201366227,184.22440955491342,3.15484116387051,4.48489695818184,7.429083211571046,10.561125257024928,417.2920430240051,296.957401713962,7883.406326022868,10511.128362370779,True,1,8,640,480,21.24727454695121,32.81503703133726,False,False,22.238999999999997,28.1694,False,
958,overnightvideo0958 25-09-19 08-09-12.bmp,2025-09-19 08:09:12,192.82138904722535,206.67931895199033,3.0162878908765265,5.366132832684271,7.10281518702017,12.636277158703631,376.15848227948345,208.8930718863426,7893.421834150403,10524.633750246501,True,1,8,640,480,20.044428361901154,32.23704860255022,False,False,19.273799999999998,28.1694,False,
959,overnightvideo0959 25-09-19 08-10-12.bmp,2025-09-19 08:10:12,193.36084037378365,196.8447013366579,3.3235039265105493,3.869992487500869,7.826253665886108,9.113135883686232,393.1621401362571,267.3155038282255,7885.032264378058,10514.797646883782,True,1,7,640,480,20.45679610345907,33.69318964089337,False,False,20.860771983571947,31.1346,False,
960,overnightvideo0960 25-09-19 08-11-13.bmp,2025-09-19 08:11:13,194.57372491572147,199.94275053740836,3.0192112532465027,3.8197292073107096,7.109699179327879,8.994774903965437,383.2945117437441,282.3409779536569,7896.6284557664,10529.24934672126,True,1,8,640,480,18.251930943090077,30.84049630392868,False,False,17.7912,26.686799999999998,False,
961,overnightvideo0961 25-09-19 08-12-13.bmp,2025-09-19 08:12:13,191.14282997412457,189.60099396808215,3.0012244621336013,4.2997847674644945,7.067343523069433,10.125219359744131,446.7034016743176,295.887094455667,7897.699173146834,10530.622791903952,True,1,7,640,480,19.897144479786512,31.016274101847454,False,False,20.7564,26.686799999999998,False,
962,overnightvideo0962 25-09-19 08-13-13.bmp,2025-09-19 08:13:13,195.5250285885364,179.9540119523278,3.309089934506518,3.4382747779394585,7.7923113085861,8.096518367416174,362.04840798770704,335.5377011061154,7891.8202064592715,10522.658700237347,True,1,6,640,480,28.317428444338034,32.10520067216255,False,False,27.428101187308673,29.651999999999997,False,
963,overnightvideo0963 25-09-19 08-14-12.bmp,2025-09-19 08:14:12,190.1604611475391,233.51509611023957,2.9173981980335095,4.224564965058083,6.8699477560664794,9.948090261254247,494.1851557265794,306.98174201487876,7892.993916528294,10524.748423421208,True,1,7,640,480,26.44555071592453,34.20340853632781,False,False,25.2042,31.1346,False,
964,overnightvideo0964 25-09-19 08-15-12.bmp,2025-09-19 08:15:12,192.2470568141309,205.51415429248667,3.2366765723105857,3.1231401115339166,7.621790871759032,7.3544329380802616,381.7047897906254,356.31928554593327,7864.14870888327,10486.171950379285,True,1,6,640,480,21.717024266911796,39.27363921263771,False,False,20.7564,41.5128,False,
965,overnightvideo0965 25-09-19 08-16-12.bmp,2025-09-19 08:16:12,190.02356263862444,218.51737875307188,3.5969748507398647,3.7192195431587645,8.470228479994441,8.758092732101108,376.3262590665931,274.6515148455058,7852.096777349802,10471.196887665765,True,1,6,640,480,20.420986281711375,34.95347674137232,False,False,20.7564,35.5824,False,
966,overnightvideo0966 25-09-19 08-17-13.bmp,2025-09-19 08:17:13,193.2371965252853,188.23921552933797,3.6706687772922684,4.0003819240183995,8.64376441543708,9.420179542458003,375.9608867844023,285.2888207311741,7875.474661047336,10501.879739113918,True,1,8,640,480,21.832069592931145,33.142275385127824,False,False,20.7564,32.019568835962005,False,
967,overnightvideo0967 25-09-19 08-18-13.bmp,2025-09-19 08:18:13,192.74761090461047,182.90242616098953,3.027491245293212,4.471156069344693,7.129197070572166,10.528767936554672,399.65439753410794,302.28285434006517,7855.236100999948,10472.908660373474,True,1,7,640,480,22.138661275879773,35.307050000208015,False,False,20.7564,31.1346,False,
968,overnightvideo0968 25-09-19 08-19-13.bmp,2025-09-19 08:19:13,193.99311442340712,218.6495251319054,3.11941489697736,4.036991834205909,7.345660728170441,9.506389292814333,319.75603331800147,281.6733502310007,7873.91681137062,10497.826417409007,True,1,7,640,480,21.918741203912383,35.02924191664512,False,False,20.756399932668153,30.450539452853445,False,
969,overnightvideo0969 25-09-19 08-20-13.bmp,2025-09-19 08:20:13,195.00014360332835,239.1691605606149,2.955099410827546,3.9627377501219105,6.958727327675853,9.331534287187921,395.4788375027309,325.83860770428777,7887.319617919971,10515.786268960524,True,1,7,640,480,20.52191037833915,32.50770322524259,False,False,20.7564,30.451879320004654,False,
970,overnightvideo0970 25-09-19 08-21-12.bmp,2025-09-19 08:21:12,194.63546635529002,190.52193349889905,2.8947340570422235,5.117627185744076,6.8165777825567915,12.051091079985476,510.33596017781053,273.3728476122261,7869.732798319764,10493.385783515603,True,1,6,640,480,22.15089852848988,37.4089571601189,False,False,20.7564,34.099799999999995,False,
971,overnightvideo0971 25-09-19 08-22-12.bmp,2025-09-19 08:22:12,198.12672099712162,167.06452206804508,3.2880703841199566,4.720046598978154,7.742814049998287,11.114860344753916,403.12557997083616,324.7710252868082,7882.000704652132,10508.251048644563,True,1,6,640,480,21.442302855024604,34.102863201366986,False,False,20.7564,32.6172,False,
972,overnightvideo0972 25-09-19 08-23-13.bmp,2025-09-19 08:23:13,193.0261474464828,202.35829285291868,3.5793920473563157,3.6758404908622704,8.428824142139021,8.655942870218878,345.1532453370304,324.73619930918755,7888.036272207922,10517.599774571001,True,1,6,640,480,20.61667805294125,32.709286915093074,False,False,19.28004869611671,29.64960242626022,False,
973,overnightvideo0973 25-09-19 08-24-13.bmp,2025-09-19 08:24:13,193.54989173198607,178.145883976348,2.63081045883051,3.544649744679468,6.195085203131153,8.347012271385047,431.82811754597867,275.2158160846963,7882.445820429159,10510.765988840929,True,1,8,640,480,20.927895960384486,32.65513669033689,False,False,20.7564,29.651999999999997,False,
974,overnightvideo0974 25-09-19 08-25-13.bmp,2025-09-19 08:25:13,194.3339302974754,268.88262494200444,3.051937368225393,3.0164202242573506,7.186763290876157,7.103126808317961,413.4116569945587,340.86085444630135,7886.145891950986,10516.080700008251,True,1,6,640,480,18.868387013740378,32.71167581666072,False,False,17.7912,31.1346,False,
975,overnightvideo0975 25-09-19 08-26-12.bmp,2025-09-19 08:26:12,191.7422261916587,222.4648359394711,3.3705843279801977,2.901413109433245,7.937119538994941,6.832305749008981,354.57897084930164,288.9560874933618,7870.159738261705,10495.409355247972,True,1,6,640,480,22.15824457002776,35.21578574341735,False,False,22.238999999999997,32.6172,False,
976,overnightvideo0976 25-09-19 08-27-12.bmp,2025-09-19 08:27:12,193.91734860090938,245.04663660343303,2.695379268236132,5.233739495591077,6.347133129803296,12.32451467468804,399.6097387414064,211.89609846084318,7885.443923705839,10513.758597295204,True,1,7,640,480,21.327137816304,32.38778554082386,False,False,20.7564,29.651999942430688,False,
977,overnightvideo0977 25-09-19 08-28-12.bmp,2025-09-19 08:28:12,195.46816353352446,167.79862331708074,2.5980488189271123,4.758001080124461,6.117937436778547,11.204236317755988,643.5313427571375,330.7430596139706,7881.6720365684705,10509.409124283038,True,1,7,640,480,21.88795890400821,35.68403018418982,False,False,20.7564,32.61383371712513,False,
978,overnightvideo0978 25-09-19 08-29-13.bmp,2025-09-19 08:29:13,195.17837333601145,200.4398518058874,2.9455444718793964,3.2840789597198436,6.936227165911704,7.733414963812676,501.9867883506252,433.2862056404333,7900.43224725201,10534.200423000744,True,1,1,640,480,26.029237352754322,32.89662097030412,False,False,23.7216,30.3933,False,
979,overnightvideo0979 25-09-19 08-30-13.bmp,2025-09-19 08:30:13,198.1709608942832,226.00415469458198,3.3239324130476575,5.909233527940029,7.827262674572717,13.915181562362134,503.70394108302963,280.880274335358,7874.861262164728,10499.890688809623,True,1,9,640,480,22.113073774943842,34.93157909581468,False,False,21.4977,35.5824,False,
980,overnightvideo0980 25-09-19 08-31-13.bmp,2025-09-19 08:31:13,192.7184246529028,235.44496430498268,2.7597729617198,4.239403144510834,6.498768689992216,9.98303150366135,502.2798683258213,322.12512737144397,7875.170884420812,10500.335213765185,True,1,6,640,480,21.924432688882465,35.99602875803961,False,False,22.238999999999997,31.875900000001348,False,
981,overnightvideo0981 25-09-19 08-32-13.bmp,2025-09-19 08:32:13,196.9480545284741,200.64880855168894,2.6313418484597895,4.38552247198814,6.196336530081902,10.327116224971352,579.0850736062064,348.04007276167954,7877.081989154195,10502.762581487981,True,1,8,640,480,21.477992170441688,35.311676982977644,False,False,20.7564,34.8411,False,
982,overnightvideo0982 25-09-19 08-33-12.bmp,2025-09-19 08:33:12,194.7938969228122,217.1227176812271,2.8108372503384187,5.533646827441277,6.619015900416585,13.03074247138064,556.5889690990148,273.18624514215975,7892.417855733677,10523.49935298313,True,1,8,640,480,19.79382869191211,33.16306784178834,False,False,20.7564,29.65199999942827,False,
983,overnightvideo0983 25-09-19 08-34-12.bmp,2025-09-19 08:34:12,195.08268982760868,235.98920626125047,2.914954866374507,4.894310512396252,6.864194149699202,11.52522050119639,378.4511703763021,252.11847496629187,7880.990262018244,10507.30407459513,True,1,7,640,480,20.764593295271847,33.856870277164006,False,False,20.7564,31.134591225414702,False,
984,overnightvideo0984 25-09-19 08-35-12.bmp,2025-09-19 08:35:12,196.15110098182805,200.91934941642094,3.1031928688354595,4.403556637060465,7.307460771130837,10.36958343837906,431.93864196321863,292.26195661109426,7878.140848828567,10504.46664428989,True,1,8,640,480,22.084310664357634,32.25478075685122,False,False,22.2389580669397,29.651999999999997,False,
985,overnightvideo0985 25-09-19 08-36-13.bmp,2025-09-19 08:36:13,195.37812973747404,254.0217070602822,3.0774562750799785,4.933131088465287,7.246855724264613,11.616635971883403,455.25228487623275,259.84070367827803,7901.92057211986,10536.516527199343,True,1,7,640,480,26.38203256656222,33.390692567765136,False,False,25.2042,29.651999999999997,False,
986,overnightvideo0986 25-09-19 08-37-13.bmp,2025-09-19 08:37:13,199.62309605796793,214.37041915577916,3.095664511112767,3.438634426265848,7.289732843459277,8.097365274504316,433.9555477203096,351.520136834331,7887.3010058306,10517.104406179185,True,1,4,640,480,20.187393262104738,33.09144429109972,False,False,20.7564,28.169400000225185,False,
987,overnightvideo0987 25-09-19 08-38-13.bmp,2025-09-19 08:38:13,193.83741451680098,234.24932455395583,2.850590957444187,4.019239248310264,6.712628726773538,9.464585147696134,499.9202411373053,286.0359069697056,7863.996693687571,10486.7672144955,True,1,8,640,480,22.792177240552203,35.60475932763941,False,False,22.238999999999997,35.5824,False,
988,overnightvideo0988 25-09-19 08-39-13.bmp,2025-09-19 08:39:13,197.39954592868744,227.742795435335,3.105813796427109,3.4729718073655613,7.313632583960229,8.17822362781179,418.01705887779593,358.5596902273301,7874.844823046821,10500.069951594582,True,1,4,640,480,22.480438875468916,36.20647898225048,False,False,22.238999999999997,32.6172,False,
989,overnightvideo0989 25-09-19 08-40-12.bmp,2025-09-19 08:40:12,194.98001802082823,231.36132232223648,3.305546002718513,4.621016482280858,7.783965986973484,10.88166224089337,396.70033139951204,273.90095750235787,7870.846922314922,10494.70074681478,True,1,9,640,480,21.15885233261434,38.20161596480032,False,False,20.7564,38.547599999999996,False,
990,overnightvideo0990 25-09-19 08-41-12.bmp,2025-09-19 08:41:12,199.51331759876237,223.19260759102528,3.238732999263399,5.12760052115043,7.626633387168659,12.074576490116174,393.22440326298664,266.23167357039733,7887.760447564176,10516.535682029253,True,1,7,640,480,21.019102111292426,33.38023363445147,False,False,20.7564,31.154559775396734,False,
991,overnightvideo0991 25-09-19 08-42-12.bmp,2025-09-19 08:42:12,197.99970454367696,221.93553341869335,3.894034537495459,3.0535991095659933,9.169750584937129,7.190676392694659,321.15575866096765,361.25442078555847,7872.751924523248,10497.77265151431,True,1,4,640,480,21.972886556970938,33.63911830721335,False,False,20.7564,31.1346,False,
992,overnightvideo0992 25-09-19 08-43-12.bmp,2025-09-19 08:43:12,193.27453920368123,243.5186655569282,3.397708501269923,4.300926709854271,8.00099208596248,10.127908428573846,431.011473936686,292.625206940438,7895.3330700610295,10528.18595623726,True,1,6,640,480,19.61508907968348,31.798901874003572,False,False,20.7564,28.1694,False,
993,overnightvideo0993 25-09-19 08-44-13.bmp,2025-09-19 08:44:13,196.89421313492434,217.9256643096796,2.776078415802536,4.36225657498548,6.537165100109575,10.272329224343864,545.238887175311,351.161830061257,7859.982660166173,10479.88166961005,True,1,5,640,480,23.126284166067567,37.14719494563645,False,False,22.238999999999997,35.5824,False,
994,overnightvideo0994 25-09-19 08-45-13.bmp,2025-09-19 08:45:13,194.86862264561302,221.1831618377457,2.915306008482203,3.250122128560053,6.865021026173059,7.653452737131869,415.60595856386976,338.02899011981077,7857.526441688491,10477.291935801828,True,1,4,640,480,22.834779002370187,37.153394247313585,False,False,22.238999999999997,35.5824,False,
995,overnightvideo0995 25-09-19 08-46-13.bmp,2025-09-19 08:46:13,195.60796109583032,208.66311482669784,3.03725151840492,4.011643228721205,7.152180757340592,9.446697888505371,434.25318378142197,314.38839340425255,7873.129558389925,10497.807510720817,True,1,7,640,480,21.53234167868738,37.33660847951669,False,False,20.7564,33.3585,False,
996,overnightvideo0996 25-09-19 08-47-12.bmp,2025-09-19 08:47:12,194.95823184768437,225.5638818559538,2.9882373002883065,3.9835913406274037,7.036761094028073,9.380640740121123,456.7328254185418,293.1485256996697,7886.327950617563,10516.132916199795,True,1,7,640,480,29.773517224082422,34.198650558107055,False,False,26.68720411410117,29.651999999999997,False,
997,overnightvideo0997 25-09-19 08-48-12.bmp,2025-09-19 08:48:12,198.64426906341066,211.3406669312838,2.8663678746980747,2.6437204985571743,6.749780527771787,6.225486023461649,472.9509399331931,456.27303427291093,7883.226384248273,10511.748663862549,True,1,1,640,480,22.204418536639594,32.083998476533466,False,False,22.238999999999997,29.651999999999997,False,
998,overnightvideo0998 25-09-19 08-49-13.bmp,2025-09-19 08:49:13,199.42130438403916,220.17572751943797,3.15381579003123,5.829329903561917,7.42666864070066,13.727022906005933,450.6165296741111,251.38330965440858,7881.468244271492,10508.393325683843,True,1,8,640,480,20.344768619234785,35.20636954362458,False,False,19.273799999999998,34.099799999999995,False,
999,overnightvideo0999 25-09-19 08-50-13.bmp,2025-09-19 08:50:13,198.793108430196,204.9218268012903,3.3742173246738676,4.001713818959544,7.945674592432726,9.423315915363286,422.8010971486013,317.46215412457417,7853.759354657698,10472.4949952864,True,1,6,640,480,23.507427030696036,36.717909140906755,False,False,23.7216,32.6172,False,
1000,overnightvideo1000 25-09-19 08-51-13.bmp,2025-09-19 08:51:13,198.59651848404684,253.63987723376428,3.090727572953463,3.687021700350338,7.2781072425206705,8.68227260644907,387.9545159983583,332.03445458986147,7882.861559347497,10510.350708220885,True,1,6,640,480,20.34953732913809,31.895462642689935,False,False,20.7564,29.651999999999997,False,
1001,overnightvideo1001 25-09-19 08-52-13.bmp,2025-09-19 08:52:13,198.15959294631492,195.8042761825674,3.0354940975629106,3.091870465709026,7.148042347514274,7.280798549290791,394.951500617049,367.8035991363879,7883.266986195433,10511.344707507538,True,1,2,640,480,20.96241913797416,32.177095123362754,False,False,20.0151,30.86838210073525,False,
1002,overnightvideo1002 25-09-19 08-53-12.bmp,2025-09-19 08:53:12,196.45947679651746,201.87747735529032,2.733289564322149,4.095440100549485,6.436405054939707,9.644024441997495,490.6471166907048,299.7506428321193,7888.903764589956,10519.130908440435,True,1,6,640,480,20.825207664210588,35.074612496769696,False,False,20.7564,32.6172,False,
1003,overnightvideo1003 25-09-19 08-54-12.bmp,2025-09-19 08:54:12,196.2740659167094,227.899992691025,3.0479025598193425,3.9193052435618934,7.17726204316373,9.229258550134453,450.65867536086546,339.35199944740685,7886.242166119712,10515.21692511733,True,1,7,640,480,20.767954061992956,31.363077290155726,False,False,19.273799999999998,29.651999999999997,False,
1004,overnightvideo1004 25-09-19 08-55-12.bmp,2025-09-19 08:55:12,199.5431988741971,212.3572696003803,3.344676935139007,4.290569390374252,7.876112291018014,10.103518805049507,417.2457095001547,362.0343582941465,7869.9888588212025,10492.49452132233,True,1,5,640,480,21.596297709890695,34.03813133018538,False,False,20.7564,32.6172,False,
1005,overnightvideo1005 25-09-19 08-56-13.bmp,2025-09-19 08:56:13,195.00653412022405,211.70264896877535,3.1254326407028374,5.327880450203435,7.359831431721054,12.546199681667566,510.75120309360983,275.49170236098394,7873.136910872105,10498.18709144193,True,1,8,640,480,21.243287825621124,37.70053594455852,False,False,20.7564,32.6172,False,
1006,overnightvideo1006 25-09-19 08-57-13.bmp,2025-09-19 08:57:13,197.52143941904592,219.6289860750731,3.6846183471949403,3.9515100288311777,8.676613142263452,9.305095024032482,316.30107766289586,256.30907452937714,7871.921333125723,10496.692223134212,True,1,8,640,480,22.1898841575968,34.374944025137786,False,False,22.238999999999997,29.652000000759156,False,
1007,overnightvideo1007 25-09-19 08-58-13.bmp,2025-09-19 08:58:13,196.4525734693888,212.45834315690712,3.2023244052232096,3.077525818540448,7.540897700111427,7.247019486599327,358.6182424644415,329.93330356003946,7875.59743458563,10501.491300291125,True,1,8,640,480,20.389908160311194,33.293506953403806,False,False,19.273799999999998,29.651999999999997,False,
1008,overnightvideo1008 25-09-19 08-59-13.bmp,2025-09-19 08:59:13,196.56266528635172,223.17161410080152,3.149434745664265,3.758098821693741,7.416352069607161,8.849646436531613,355.6568983553212,270.9062535072485,7868.212937600743,10491.483376270558,True,1,7,640,480,21.654280978463223,35.5079336862642,False,False,20.7564,35.5824,False,
1009,overnightvideo1009 25-09-19 09-00-12.bmp,2025-09-19 09:00:12,196.25323191912412,225.12997031030613,2.9686013134470506,3.4188878602110595,6.990521878610319,8.050865664937973,442.4283688233777,358.805634567669,7877.829391992511,10504.225163360547,True,1,6,640,480,22.54668002201307,36.3030537164484,False,False,22.238999999999997,34.09980000811208,False,
1010,overnightvideo1010 25-09-19 09-01-12.bmp,2025-09-19 09:01:12,199.22791456558642,220.6210627835783,3.720032048039714,4.522302623312,8.760006034881455,10.649208867071144,344.36005624357534,298.30319881084637,7869.806145098156,10492.719822868052,True,1,7,640,480,22.56944872913704,35.57796733178571,False,False,20.7564,34.099799999999995,False,
1011,overnightvideo1011 25-09-19 09-02-13.bmp,2025-09-19 09:02:13,197.7651962686021,229.10377038934828,3.0696346568134243,5.883311167456495,7.228437220785951,13.85413906828099,508.2456421456551,281.5768481094868,7855.353653041897,10473.301060479376,True,1,7,640,480,21.824075711997576,35.025106784281924,False,False,21.49738226549067,29.651999999999997,False,
1012,overnightvideo1012 25-09-19 09-03-13.bmp,2025-09-19 09:03:13,196.53732287932914,190.088181220563,3.032452241959962,3.8093673455623374,7.140879324966361,8.97037458421653,450.59664268090194,351.20090214735353,7878.470173502442,10504.776040037092,True,1,4,640,480,22.249442008464467,35.397012765148176,False,False,23.7216,34.099799999999995,False,
1013,overnightvideo1013 25-09-19 09-04-13.bmp,2025-09-19 09:04:13,197.80453674850824,212.18941716504963,2.821637336744778,3.702744715369351,6.6444481603743455,8.719297477384165,453.4117306106947,367.92951421109984,7879.1892364957575,10505.152286060333,True,1,5,640,480,21.81094742342803,34.735281177316985,False,False,22.238999999999997,26.68720140832141,False,
1014,overnightvideo1014 25-09-19 09-05-13.bmp,2025-09-19 09:05:13,195.8629956894673,231.69125793886278,2.6266571737560893,4.644484769316465,6.18530496418518,10.936925833627356,569.9972822237709,309.3677242220881,7870.639230629402,10494.50071235628,True,1,7,640,480,21.530837512142373,33.0043710635559,False,False,20.7564,32.6172,False,
1015,overnightvideo1015 25-09-19 09-06-12.bmp,2025-09-19 09:06:12,197.61903428294184,214.66137110632596,3.0174599042463273,2.829918689486891,7.10557506759642,6.6639492558114455,409.1804764121068,356.0066207998439,7865.618909308629,10488.678432785815,True,1,5,640,480,21.721417834732076,35.668224949320404,False,False,20.7564,32.6172,False,
1016,overnightvideo1016 25-09-19 09-07-12.bmp,2025-09-19 09:07:12,195.58995378567167,226.42575421657403,2.818551445112416,3.2409690599698737,6.637181440901667,7.631898907742172,377.10425468763486,291.78047464318604,7856.10427426844,10475.417923407445,True,1,6,640,480,21.609834613956938,34.442093107511276,False,False,20.7564,34.8411,False,
1017,overnightvideo1017 25-09-19 09-08-13.bmp,2025-09-19 09:08:13,188.5516800887478,209.17372811873187,3.1739463157584984,3.9461002142357957,7.474072406200243,9.292355884183376,359.07340605636665,303.82323485471255,7880.200385315847,10506.624501869355,True,1,7,640,480,21.974184026617912,32.71895122627504,False,False,20.7564,28.1694,False,
1018,overnightvideo1018 25-09-19 09-09-13.bmp,2025-09-19 09:09:13,196.44616655965643,227.6721502687978,2.991088812117667,5.615897744115652,7.043475891242493,13.224428578687627,561.3841450074002,310.7808210082744,7876.479680536886,10501.627392295431,True,1,8,640,480,21.15709617671819,35.51288082397047,False,False,19.273799999999998,32.6172,False,
1019,overnightvideo1019 25-09-19 09-10-13.bmp,2025-09-19 09:10:13,202.00237134731535,243.33589984592737,2.9513723852149054,3.1519036108848226,6.9499508530548635,7.42216580291701,407.8758632413169,378.8685112942148,7898.285214105744,10531.097275426193,True,1,6,640,480,26.962381224698838,32.937076759942954,False,False,23.7216,31.1346,False,
1020,overnightvideo1020 25-09-19 09-11-12.bmp,2025-09-19 09:11:12,199.19963778766422,219.87303833658783,2.7952930413785104,3.8369127990505043,6.582412085573643,9.035239170239935,473.3871231154795,349.10179269197806,7876.06107776501,10501.330080750731,True,1,5,640,480,21.690711855900197,32.535546333348464,False,False,19.273799999999998,29.651999988460247,False,
1021,overnightvideo1021 25-09-19 09-12-12.bmp,2025-09-19 09:12:12,203.03101214356238,250.98388553836443,3.004160773311793,3.861381542391094,7.074258007490288,9.092858657535073,354.955557432572,263.89087712310373,7888.287614181233,10517.964140595892,True,1,8,640,480,20.104206059672062,34.09667650026904,False,False,20.7564,29.651999999999997,False,
1022,overnightvideo1022 25-09-19 09-13-12.bmp,2025-09-19 09:13:12,194.1649821583303,197.2857338582858,3.7458118429041485,7.5241929976359305,8.82071281258501,17.718120493514597,512.6347515396723,291.35157882065477,7878.28076383436,10502.954178776421,True,1,7,640,480,21.231924650752553,33.26068492564768,False,False,20.7564,31.134985326636915,False,
1023,overnightvideo1023 25-09-19 09-14-13.bmp,2025-09-19 09:14:13,208.61353840497088,177.77155450658617,2.9337214699529657,3.3904396106238393,6.908386123982906,7.983875156563943,404.89040214571577,340.7328396619263,7855.461777397786,10474.119286453988,True,1,6,640,480,19.722249189216264,34.81908767212256,False,False,19.273799999999998,34.099799999999995,False,
1024,overnightvideo1024 25-09-19 09-15-13.bmp,2025-09-19 09:15:13,200.18646223573467,230.4402832737964,3.140911724169527,3.053825570324171,7.396281887747122,7.191209667027429,356.4497714742047,318.17967814467596,7886.13693118963,10515.621659256383,True,1,7,640,480,20.38967432167713,32.02034254239359,False,False,19.273799999999998,29.651999999999997,False,
1025,overnightvideo1025 25-09-19 09-16-13.bmp,2025-09-19 09:16:13,207.19828393968498,229.48326091305674,3.6739042136714364,4.1938990941825285,8.651383285877166,9.87587765381816,222.03178032305294,246.7373614594665,7878.228569399809,10503.160754396284,True,1,8,640,480,22.011294495759937,33.35661647675914,False,False,20.7564,30.3933,False,
1026,overnightvideo1026 25-09-19 09-17-13.bmp,2025-09-19 09:17:13,199.16873607975788,230.182931231074,2.9635711424136026,3.6739133418309486,6.978676731030822,8.65140478105016,355.3854718857724,273.91913780789696,7867.087490172611,10489.694670120407,True,1,7,640,480,22.570220481757193,35.3110919390901,False,False,20.7564,32.6172,False,
1027,overnightvideo1027 25-09-19 09-18-12.bmp,2025-09-19 09:18:12,186.5656665803079,184.15893924383386,3.5479840977198287,7.527440513491646,8.3548640727617,17.72576780894819,564.9741261647217,258.37057472910135,7899.975649152473,10533.612366749481,True,1,7,640,480,25.753358440019298,31.465381191819578,False,False,23.7216,26.686800000159113,False,
1028,overnightvideo1028 25-09-19 09-19-12.bmp,2025-09-19 09:19:12,210.19233654199735,236.83454066190765,3.8108875768455177,3.438922744259601,8.973954455315248,8.098044211495349,202.49778153097998,180.1193578291586,7888.17444419475,10518.36115193061,True,4,8,640,480,21.59448677667789,30.27110724656454,False,False,20.7564,29.651999999999997,False,
1029,overnightvideo1029 25-09-19 09-20-13.bmp,2025-09-19 09:20:13,199.18709652628334,136.25617029033742,2.945878181753569,3.724520062467806,6.9370129926126305,8.770574501219114,341.4854619841416,261.4313466255152,7886.055305772201,10514.908917226214,True,1,8,640,480,20.161251589751892,33.38258290814661,False,False,20.7564,32.6172,False,
1030,overnightvideo1030 25-09-19 09-21-13.bmp,2025-09-19 09:21:13,201.1553422536066,216.2277188520784,3.723728512567058,3.464805808025941,8.76871054364619,8.158994168879142,270.09038267103466,238.74208127334552,7876.243711734886,10502.590686972973,True,1,7,640,480,23.34202228403122,34.32056919214288,False,False,23.7216,31.1346,False,
1031,overnightvideo1031 25-09-19 09-22-13.bmp,2025-09-19 09:22:13,193.02898748115973,210.9736218098674,2.7044219137601235,3.196387867253541,6.3684269327433,7.526918221502363,443.6378616139767,375.77223366283033,7905.17904314888,10540.231779501912,True,1,6,640,480,23.34634878782505,30.179117209414525,False,False,22.238999999999997,25.2042,False,
1032,overnightvideo1032 25-09-19 09-23-13.bmp,2025-09-19 09:23:13,194.91775527835463,190.13369614411906,3.0552439845616295,2.851078432458471,7.194549777305953,6.713776642708625,417.89083193062976,360.2117773664048,7884.221314326036,10513.599401543392,True,1,6,640,480,21.326371922158078,32.479975051679745,False,False,19.273799999999998,29.651999999999997,False,
1033,overnightvideo1033 25-09-19 09-24-13.bmp,2025-09-19 09:24:13,195.10173862962137,218.02734399985587,2.8248265917931645,3.5455197084856183,6.651958282091003,8.349060879594221,491.1452817596727,399.8224348054778,7883.683286405574,10511.420121031708,True,1,2,640,480,20.9607102366446,31.694370832345292,False,False,20.7564,26.686799999999998,False,
1034,overnightvideo1034 25-09-19 09-25-13.bmp,2025-09-19 09:25:13,190.13427666831038,238.737847426034,3.2466804543493066,3.688141346333017,7.645348213711937,8.684909171252421,412.1728378395383,367.056817120143,7879.316634909321,10505.674236165984,True,1,3,640,480,21.48289830209737,32.13986925731228,False,False,20.7564,31.875899999999998,False,
1035,overnightvideo1035 25-09-19 09-26-14.bmp,2025-09-19 09:26:14,195.9047749772006,177.2699259035138,3.3040123849529968,3.975966408010815,7.78035459311783,9.36268539595357,351.50939428445326,308.7954518591975,7870.8872242164625,10494.169710848584,True,1,7,640,480,21.98973282898425,35.91540425224684,False,False,20.7564,37.065,False,
1036,overnightvideo1036 25-09-19 09-27-14.bmp,2025-09-19 09:27:14,194.04270555068848,225.5357882403345,3.1245969498525983,3.5148572562672196,7.357863530155463,8.276856322480533,436.98553558103004,375.8225284117593,7886.655375855378,10515.77257904687,True,1,7,640,480,21.249107622062834,33.57221639645118,False,False,20.7564,29.651999999999997,False,
1037,overnightvideo1037 25-09-19 09-28-14.bmp,2025-09-19 09:28:14,180.57542016293255,205.86669529082144,3.18225415290916,3.302495208603417,7.493635867653474,7.776781915837994,286.8807205716384,234.03062976710706,7883.3259850861195,10511.83263433134,True,1,8,640,480,20.715903303406925,32.188207973722804,False,False,17.7912,28.9107,False,
1038,overnightvideo1038 25-09-19 09-29-14.bmp,2025-09-19 09:29:14,193.57443782106162,207.34959341075194,3.226139071516908,3.4486632219476356,7.59697695366555,8.12098128360331,264.54819919280385,221.1502850337266,7878.602609007348,10505.277630503708,True,1,8,640,480,21.493492442371142,32.16756309829557,False,False,20.7564,29.651999999999997,False,
1039,overnightvideo1039 25-09-19 09-30-13.bmp,2025-09-19 09:30:13,191.0650933134018,151.33483088020287,2.8776072401637367,3.1187491956118127,6.776247210863756,7.344093121250846,321.1716866545708,242.29980775614507,7849.906811221626,10467.422521516553,True,1,8,640,480,23.57679892227384,35.50239541728606,False,False,23.7216,32.6172,False,
1040,overnightvideo1040 25-09-19 09-31-13.bmp,2025-09-19 09:31:13,196.10409369822705,184.75228678829993,2.7207648594209686,4.085088564636709,6.40691162878031,9.61964843773323,364.0994075164507,227.33373570028348,7870.743533838098,10494.648225733743,True,1,8,640,480,21.52073254301714,34.15549518425521,False,False,20.7564,29.651999999999997,False,
1041,overnightvideo1041 25-09-19 09-32-13.bmp,2025-09-19 09:32:13,201.1073812868238,227.8905809015039,3.3705203399558226,21.496338077046218,7.9369688587125005,50.620007798590485,1184.7891215839811,166.53397857069982,7862.265845871409,10485.18040582229,True,1,8,640,480,19.711317722792895,36.41699073340075,False,False,20.7564,34.099799999999995,False,
1042,overnightvideo1042 25-09-19 09-33-14.bmp,2025-09-19 09:33:14,203.87935426234938,226.66459255358916,2.820949241050173,2.940230731168987,6.64282781883979,6.923714262772735,389.26058279494407,375.31016807833635,7871.947673017512,10495.901957252077,True,1,4,640,480,23.32695453942018,35.5631928793063,False,False,20.7564,36.32369900020689,False,
1043,overnightvideo1043 25-09-19 09-34-14.bmp,2025-09-19 09:34:14,199.25756797190144,228.48796749733685,2.785827892874071,3.035758982753003,6.560123364146194,7.148666104469536,418.7216989583575,341.24544947274165,7877.526643336472,10504.050596169525,True,1,7,640,480,19.795610167846203,32.316076131786545,False,False,17.7912,32.617199996843354,False,
1044,overnightvideo1044 25-09-19 09-35-14.bmp,2025-09-19 09:35:14,203.1790703301414,203.24831647944467,3.034079081784386,4.766678674633467,7.14471023999497,11.224670491248446,548.5176619493227,344.17654517880965,7874.381803138206,10499.299329781032,True,1,7,640,480,21.828674812664737,33.314822811489,False,False,19.273800000086297,31.134599999994606,False,
1045,overnightvideo1045 25-09-19 09-36-14.bmp,2025-09-19 09:36:14,201.4763325103063,184.3474152252351,2.9433987536415938,3.4130246199221164,6.931174385594338,8.037058789176736,499.72182833851116,446.6026427234916,7882.1719516901385,10509.283817080788,True,1,1,640,480,22.046731085905126,33.94576781378724,False,False,20.7564,31.13459990997969,False,
1046,overnightvideo1046 25-09-19 09-37-14.bmp,2025-09-19 09:37:14,199.83926451909346,195.99694385802167,2.7990785307221455,3.628337460961502,6.591326231760286,8.544081783208844,417.3174702898522,305.6234873851268,7895.409369616257,10527.521639577204,True,1,7,640,480,20.63517721048326,30.40030246930235,False,False,20.7564,26.686799999999998,False,
1047,overnightvideo1047 25-09-19 09-38-13.bmp,2025-09-19 09:38:13,205.2835696723549,204.39069002998025,3.4346876451221644,3.414008090474715,8.08807131515382,8.039374685347694,415.1137366361347,378.29107130257427,7884.03606943917,10512.749411899447,True,1,6,640,480,20.70838633687651,34.515564410431075,False,False,20.7564,29.651999999999997,False,
1048,overnightvideo1048 25-09-19 09-39-13.bmp,2025-09-19 09:39:13,206.02178240917337,217.3884660931731,2.7764953753992305,3.8548993079520066,6.538146964925839,9.07759416194132,342.43355589318713,268.28617879646623,7894.569976719951,10525.657509202476,True,1,7,640,480,20.15504796343169,29.501127305157702,False,False,20.7564,26.686799999999998,False,
1049,overnightvideo1049 25-09-19 09-40-14.bmp,2025-09-19 09:40:14,201.75398867203472,221.4757881673216,3.297336032150693,3.0578490352979886,7.764632983711266,7.2006842029982545,407.6248122969002,349.2709931869259,7857.418595534566,10477.999741536116,True,1,7,640,480,19.41755545297561,38.777839446103485,False,False,20.7564,35.5824,False,
1050,overnightvideo1050 25-09-19 09-41-14.bmp,2025-09-19 09:41:14,202.04590256230514,228.00597611079596,3.0485355343403806,3.424212352982284,7.178752584253864,8.063403887245276,413.85358989761767,346.32748391560983,7887.821123464667,10517.490400838773,True,1,8,640,480,20.38100558489782,33.857656171600425,False,False,19.273800000001348,31.13460353174913,False,
1051,overnightvideo1051 25-09-19 09-42-14.bmp,2025-09-19 09:42:14,200.04847148270102,221.8621394588513,2.5447513945824474,4.835523580385082,5.99243159358321,11.386787855310615,646.4420944555756,330.2658935997093,7868.053922197008,10490.989361037009,True,1,7,640,480,22.90678983046155,34.79130001319483,False,False,23.7216,32.63503282297524,False,
1052,overnightvideo1052 25-09-19 09-43-14.bmp,2025-09-19 09:43:14,197.27963553971892,251.7066594529046,3.581292744556236,3.5431187853126502,8.433299942004927,8.343407137579938,396.68906020599906,341.7703676234861,7868.054584913218,10491.83466888499,True,1,5,640,480,21.344385010369656,33.70728706439945,False,False,21.4977,29.651999999999997,False,
1053,overnightvideo1053 25-09-19 09-44-13.bmp,2025-09-19 09:44:13,202.513935219409,201.0306743889835,3.187728572033417,3.9705717788438606,7.506527139542174,9.349982015055716,427.71428838849005,319.198275673913,7867.533390813013,10490.54604198716,True,1,7,640,480,22.83473868727988,34.34497301208506,False,False,20.7564,32.617615574059286,False,
1054,overnightvideo1054 25-09-19 09-45-13.bmp,2025-09-19 09:45:13,202.79974080509916,196.41884515789044,3.063547287677512,3.766484652298385,7.214102561923201,8.869393558533663,413.62805643403055,271.8855047660456,7854.4463719987325,10473.86475171727,True,1,6,640,480,23.267290036021745,34.49716203092986,False,False,20.7564,31.1346,False,
1055,overnightvideo1055 25-09-19 09-46-13.bmp,2025-09-19 09:46:13,197.74298112298953,238.5795694737902,2.746184501944142,3.7333987900077266,6.4667703125314,8.791482306804486,561.1140906188359,344.4518962639008,7855.3038738908335,10475.069865534138,True,1,5,640,480,22.431196087854627,37.438767945328095,False,False,21.84425917851194,37.08108757707304,False,
1056,overnightvideo1056 25-09-19 09-47-14.bmp,2025-09-19 09:47:14,200.56460654038108,246.83063795649733,3.154933074441757,3.6874743339819918,7.429299644426569,8.683338477197944,502.95163419335563,386.9789254765894,7881.378961759792,10509.33980099213,True,1,1,640,480,20.331239992528477,34.37496594967931,False,False,20.756399999221962,34.099799999999995,False,
1057,overnightvideo1057 25-09-19 09-48-14.bmp,2025-09-19 09:48:14,202.7157022702255,214.87223903469476,2.5114571974429647,3.2384306669540406,5.914029750775944,7.625921448986321,589.9178355225014,487.08928944942585,7852.503588082028,10469.504233921894,True,1,2,640,480,22.11305996115257,38.957256235669064,False,False,22.238999999999997,38.547599999999996,False,
1058,overnightvideo1058 25-09-19 09-49-14.bmp,2025-09-19 09:49:14,201.5469234626686,229.9810868613843,2.9378634534205013,3.361917222534522,6.918139749678445,7.916710065359067,450.29752560352057,383.8142553251565,7860.868671503954,10481.328266236967,True,1,4,640,480,21.63372587694468,33.81535046864957,False,False,20.7564,34.099799999999995,False,
1059,overnightvideo1059 25-09-19 09-50-14.bmp,2025-09-19 09:50:14,202.79913663442844,207.04219549798617,3.091259044822992,3.0659164209587897,7.279358763132407,7.219681444463304,404.58871440518385,372.8759504626215,7884.599982477857,10513.36126302695,True,1,7,640,480,21.22776112083581,33.52612509509988,False,False,20.7564,34.099799999999995,False,
1060,overnightvideo1060 25-09-19 09-51-13.bmp,2025-09-19 09:51:13,205.04018669059795,191.29339000780095,2.879558355182489,4.1080169671625,6.780841735620076,9.673640699601503,543.9752143431465,367.7232112611909,7857.7681195026735,10477.315529713589,True,1,4,640,480,22.77063033118059,38.31635499188688,False,False,22.094207930418182,35.5824,False,
1061,overnightvideo1061 25-09-19 09-52-13.bmp,2025-09-19 09:52:13,200.95053211033022,225.54836224387265,2.9301089714907023,4.364692306480124,6.899879340191324,10.278064933691763,449.9353769514221,346.5384405067104,7877.60525364684,10502.459667385327,True,1,6,640,480,22.116841294127827,35.07442956679195,False,False,23.7216,31.28138116946042,False,
1062,overnightvideo1062 25-09-19 09-53-13.bmp,2025-09-19 09:53:13,200.58004916707168,246.40745594767293,3.0529057393277,3.6151115397742872,7.189043630558898,8.512937118883192,452.8078512098077,404.66522393601576,7872.156074980845,10495.787559642984,True,1,4,640,480,22.323476957415153,32.22035403058699,False,False,19.273799999999998,28.9107,False,
1063,overnightvideo1063 25-09-19 09-54-14.bmp,2025-09-19 09:54:14,205.3951047036943,222.50376731368584,3.611330456065684,3.881102368815468,8.504033347174232,9.139297654903764,321.48610165433035,317.8951595100646,7844.501286323114,10458.954922902269,True,1,7,640,480,23.86860434944061,37.65489894685386,False,False,20.7564,34.099799999999995,False,
1064,overnightvideo1064 25-09-19 09-55-14.bmp,2025-09-19 09:55:14,200.05092535757208,209.61282352771397,3.0335994472149337,2.996915212012808,7.143580786896533,7.057196014505938,437.03619425660105,445.5098354167618,7856.680828731337,10475.525546277478,True,1,2,640,480,24.708709262712606,36.18290292154084,False,False,23.7216,34.73189001805523,False,
1065,overnightvideo1065 25-09-19 09-56-14.bmp,2025-09-19 09:56:14,204.3897014919531,228.22438143821606,2.676765857823419,3.0167490912508415,6.303301897857051,7.103901230906382,445.2498439023551,350.30021126930797,7865.33519730515,10487.818907996327,True,1,6,640,480,22.86459901226263,34.04800671927049,False,False,20.7564,31.142300529323574,False,
1066,overnightvideo1066 25-09-19 09-57-14.bmp,2025-09-19 09:57:14,202.36203392586268,222.42527457293093,3.136029261021806,3.790986448519741,7.384784565657744,8.927090879414976,510.7849978838462,427.5337623049417,7834.852798181586,10446.37150065031,True,1,1,640,480,19.939746835212947,33.86459744206997,False,False,19.273799999999998,31.1346,False,
1067,overnightvideo1067 25-09-19 09-58-14.bmp,2025-09-19 09:58:14,203.02596479671087,245.348122352808,3.7601585831716067,2.9267360254141024,8.854496804147674,6.891936659159338,388.96151251686194,489.82166418404444,7852.3529896036525,10469.955314727411,True,1,1,640,480,22.64975955860928,36.59368067146203,False,False,22.238999999999997,35.5824,False,
1068,overnightvideo1068 25-09-19 09-59-14.bmp,2025-09-19 09:59:14,200.4851147036143,242.2504646885359,2.9497429329821476,3.6353111620819254,6.946113786274745,8.560503594395271,482.5635771811079,378.0021658202537,7871.54682625331,10495.653131215826,True,1,4,640,480,20.373874330600575,33.62685704401377,False,False,17.7912,32.6172,False,
1069,overnightvideo1069 25-09-19 10-00-13.bmp,2025-09-19 10:00:13,203.0042428204528,238.28868398780907,3.6457418821057144,3.5095055377740283,8.585066062991396,8.264253988497403,370.5912529700829,358.0727931494693,7856.561475843825,10475.908384128197,True,1,3,640,480,22.838573959122243,37.741634322270656,False,False,21.722859657123948,34.099800000140235,False,
1070,overnightvideo1070 25-09-19 10-01-13.bmp,2025-09-19 10:01:13,202.3225992113299,254.8986942627045,3.1618508770480176,3.795271904610232,7.44558982467136,8.937182357318964,495.87589314217774,455.2591126772849,7841.338896178269,10454.283264899803,True,1,1,640,480,21.468878518710845,37.39375280238717,False,False,20.7564,38.547599999999996,False,
1071,overnightvideo1071 25-09-19 10-02-14.bmp,2025-09-19 10:02:14,204.40035738836377,205.07377275687384,3.0560814864062373,2.792287091785416,7.196521943437387,6.575333615217472,415.6727325187759,503.6780058485176,7870.594930544507,10493.415924825944,True,1,1,640,480,22.373135733896255,35.12469713168974,False,False,20.7564,34.099799999999995,False,
1072,overnightvideo1072 25-09-19 10-03-14.bmp,2025-09-19 10:03:14,197.99683845840505,246.90334557687262,3.044331255483002,4.221967857620804,7.16885226412561,9.941974540601842,552.1731755702435,378.4222175899494,7877.258379282033,10503.446237486822,True,1,3,640,480,20.95313129605294,32.597277037126176,False,False,19.273799999999998,29.651999999999997,False,
1073,overnightvideo1073 25-09-19 10-04-14.bmp,2025-09-19 10:04:14,205.34250034516438,224.442217049684,4.172124756995477,3.085579099497517,9.824603008142828,7.265983514025299,271.940563820705,367.76256752943374,7894.934460712475,10526.578285970665,True,1,8,640,480,27.09482544619699,31.768989480864494,False,False,26.686799999999998,29.651999999999997,False,
1074,overnightvideo1074 25-09-19 10-05-14.bmp,2025-09-19 10:05:14,204.84589308474492,252.84814663655627,3.1304657305843313,3.2858848664902243,7.371683452662439,7.737667549275025,488.4245408666164,493.1649425222404,7875.799022920973,10500.58760611713,True,1,1,640,480,21.20286577984533,36.298319424504804,False,False,22.238999999999997,34.099799999999995,False,
1075,overnightvideo1075 25-09-19 10-06-13.bmp,2025-09-19 10:06:13,203.7047219074681,219.6122811662928,3.367036152846492,3.544403689901817,7.928764225066811,8.34643285666246,337.22864044824075,357.4467484421688,7873.043470757226,10496.704715557054,True,1,6,640,480,21.85495729112614,36.96599291078106,False,False,20.7564,34.09980000002832,False,
1076,overnightvideo1076 25-09-19 10-07-13.bmp,2025-09-19 10:07:13,206.2120012751879,230.55033503235197,2.768405940585157,3.7582898395606055,6.519097801672687,8.850096249233465,601.772760831257,439.34962964103374,7895.296999063321,10527.139681748313,True,1,1,640,480,19.665854801040684,29.306138201473196,False,False,17.7912,28.1694,False,
1077,overnightvideo1077 25-09-19 10-08-13.bmp,2025-09-19 10:08:13,203.3819876364132,220.4009365990109,3.5918425002831076,3.416050344454659,8.458142718260746,8.04418382595671,363.25828106696775,406.15091307855226,7859.38349268045,10478.7462995833,True,1,2,640,480,21.584945526450515,34.181501210424464,False,False,20.75600559580403,34.8411,False,
1078,overnightvideo1078 25-09-19 10-09-14.bmp,2025-09-19 10:09:14,200.86088721114166,240.60925332466803,2.8558245240396194,4.914207992993881,6.724952834299466,11.572075487353302,635.8943043670345,395.31872962603256,7873.426494786567,10497.240473411613,True,1,1,640,480,21.2940506102949,32.73839173977116,False,False,20.7564,31.1346,False,
1079,overnightvideo1079 25-09-19 10-10-14.bmp,2025-09-19 10:10:14,202.2977992780422,273.2695350203322,3.1731120786654095,3.099674657093153,7.472107927971129,7.299176015597391,387.55090549881754,387.5398068665665,7894.663269968833,10526.366498968777,True,1,7,640,480,26.77050819456882,33.152706066847436,False,False,23.7216,32.6172,False,
1080,overnightvideo1080 25-09-19 10-11-14.bmp,2025-09-19 10:11:14,202.90577570705992,227.36990833877493,3.012433210012267,3.560550557504786,7.093738107253813,8.384455824158392,465.4708737107145,354.08946679797384,7863.14563443034,10484.932832826848,True,1,6,640,480,22.932433765171204,34.131009115992896,False,False,23.7216,32.61720044384219,False,
1081,overnightvideo1081 25-09-19 10-12-14.bmp,2025-09-19 10:12:14,206.6478607450299,208.9007211031266,3.2692204519795713,3.913070261830811,7.698425851946634,9.2145762901737,382.1604513516911,349.6204246057373,7840.881721789337,10453.888976464896,True,1,5,640,480,22.87256118533813,38.10735042919024,False,False,20.7564,38.54726916063323,False,
1082,overnightvideo1082 25-09-19 10-13-13.bmp,2025-09-19 10:13:13,201.99167026891593,213.90435792283313,2.8067525425709072,3.750249825333243,6.609397148687555,8.831163462568536,551.4487502016943,374.9741711018753,7872.348891303407,10497.20429574741,True,1,6,640,480,21.50060025843688,35.55531830117463,False,False,22.238926982261034,35.5824,False,
1083,overnightvideo1083 25-09-19 10-14-13.bmp,2025-09-19 10:14:13,205.15317826671776,220.63146164712617,3.2014310732602302,3.5395482471604973,7.538794064098136,8.3349991627677,483.8877771714973,467.95185222213337,7857.70140391217,10476.375366536096,True,1,1,640,480,23.12542649257646,35.87519931339965,False,False,22.238999999999997,34.099799999999995,False,
1084,overnightvideo1084 25-09-19 10-15-14.bmp,2025-09-19 10:15:14,206.22294124598918,211.7332948711698,3.0941364136801024,3.100366311377187,7.286134448994079,7.300804736969665,404.4726637598676,381.96169441113443,7863.712454317385,10485.301245261839,True,1,3,640,480,21.79481615607459,33.85459206023337,False,False,22.238999999970332,32.61719331391822,False,
1085,overnightvideo1085 25-09-19 10-16-14.bmp,2025-09-19 10:16:14,204.71198687038793,227.4280426850509,3.209762448115065,3.6346372938407527,7.558412952608967,8.558916755953248,441.3538466614293,371.74571451906934,7861.150011881869,10481.875295888021,True,1,4,640,480,22.28628506266559,34.83345724224212,False,False,20.7564,32.6172,False,
1086,overnightvideo1086 25-09-19 10-17-14.bmp,2025-09-19 10:17:14,208.16788032449136,230.1492764154246,3.5742096205441873,3.7547468790741316,8.416620459599915,8.841753214861162,326.47857335527294,286.76081431238634,7857.889075472726,10477.656411569984,True,1,7,640,480,23.15233014625161,35.69944377976147,False,False,23.7216,35.5824,False,
1087,overnightvideo1087 25-09-19 10-18-13.bmp,2025-09-19 10:18:13,202.08276548976102,244.06829294510138,2.939419279175758,5.6221648637739765,6.921803439353499,13.239186517683656,551.9921555067585,287.23348335110023,7871.743600654952,10495.698148275382,True,1,7,640,480,21.626675025353258,33.966944662900495,False,False,22.238999999999997,31.1346,False,
1088,overnightvideo1088 25-09-19 10-19-13.bmp,2025-09-19 10:19:13,206.39028617253018,218.2946808028894,2.9695411881488694,3.2570403866408757,6.99273511439798,7.669743989937287,518.9151049363734,480.1690433252552,7869.439744975448,10492.466268566555,True,1,1,640,480,21.11601335461341,34.648843765298494,False,False,20.0151,32.61719999722226,False,
1089,overnightvideo1089 25-09-19 10-20-13.bmp,2025-09-19 10:20:13,203.59826799824538,238.83030916498655,2.8649882928345622,3.2364030366957057,6.746531860745827,7.621146744610083,462.06705073234986,356.36578792659157,7857.444818206531,10477.483327136799,True,1,6,640,480,22.364113696714462,34.73411798689613,False,False,20.7564,31.1346,False,
1090,overnightvideo1090 25-09-19 10-21-14.bmp,2025-09-19 10:21:14,208.31474862607053,226.46635262508298,2.814558152229532,3.174531589063146,6.627777954775372,7.475450619509848,445.577228801223,375.8906184511893,7859.628796724277,10479.822706274117,True,1,5,640,480,22.517592184059136,36.35188036975066,False,False,20.7564,35.5824,False,
1091,overnightvideo1091 25-09-19 10-22-14.bmp,2025-09-19 10:22:14,205.53588671904322,235.8244317565941,3.2258556535337166,3.7337701572680033,7.596309555317609,8.792356809873054,453.8677069505357,372.00493735657716,7886.495337804553,10515.719460662922,True,1,4,640,480,30.21696378713853,33.85569928855679,False,False,29.651999999999997,32.6172,False,
1092,overnightvideo1092 25-09-19 10-23-14.bmp,2025-09-19 10:23:14,203.18130399357946,201.23007849153763,3.170958520332782,4.5456184997822175,7.467036685641314,10.704113560350677,572.8208109819178,390.77269398775087,7861.326535755236,10481.978056640062,True,1,5,640,480,21.025257044178574,36.7677987056755,False,False,20.7564,32.6172,False,
1093,overnightvideo1093 25-09-19 10-24-13.bmp,2025-09-19 10:24:13,206.9530210155601,227.9697494688285,2.769274537535051,4.260278734630541,6.52114319118135,10.032189761727086,510.16362889362387,312.4863390757389,7862.783871587759,10484.137455488944,True,1,8,640,480,22.433398971574622,34.115620303441894,False,False,20.7564,32.6172,False,
1094,overnightvideo1094 25-09-19 10-25-13.bmp,2025-09-19 10:25:13,203.75360859561698,223.3041481430029,3.1115587606931494,3.7776182092044883,7.327160940971887,8.895611081508648,503.288644193632,451.93617102187477,7890.863421196225,10520.41370449066,True,1,1,640,480,27.033656831524763,31.959036991771338,False,False,23.7216,29.651999999999997,False,
1095,overnightvideo1095 25-09-19 10-26-14.bmp,2025-09-19 10:26:14,207.53806796516136,233.16752443281652,3.3295028308952386,4.081193175265038,7.840380006179399,9.61047549675762,424.83201166679254,350.88648636195376,7879.5991030911155,10506.040456728473,True,1,7,640,480,20.42963769202285,33.480460717976776,False,False,20.7564,32.6172,False,
1096,overnightvideo1096 25-09-19 10-27-14.bmp,2025-09-19 10:27:14,204.18010874859667,226.74156440229015,2.875169584174578,3.613328748630003,6.770506969677596,8.508738966560527,463.2503615573182,400.8323423979872,7862.745880112324,10483.053234258105,True,1,6,640,480,32.325993881570824,37.15288654559161,False,False,29.651999999999997,34.841100000016176,False,
1097,overnightvideo1097 25-09-19 10-28-14.bmp,2025-09-19 10:28:14,205.2297859885069,225.23554122124972,2.7623812381965402,4.566824307824735,6.504910711722626,10.754049422200277,601.3199228334855,355.3737050031368,7834.178598057909,10445.77066581065,True,1,5,640,480,22.22270468969833,36.3839560649099,False,False,19.273799999999998,32.6172,False,
1098,overnightvideo1098 25-09-19 10-29-14.bmp,2025-09-19 10:29:14,207.6887730469544,220.76038785028865,3.01878064432226,3.7646012924912813,7.108685172801502,8.864958585107889,493.0915622442456,377.79475095645046,7854.091867843052,10472.468659240381,True,1,4,640,480,22.02271422946731,35.017044459039234,False,False,22.238999999999997,32.6172,False,
1099,overnightvideo1099 25-09-19 10-30-14.bmp,2025-09-19 10:30:14,210.09992016230927,207.8834700253757,2.9659754869124595,3.830579678214254,6.98433852965189,9.020325810347128,492.0005233373158,409.09185011777373,7868.812771694454,10491.187428711257,True,1,3,640,480,22.185048158155105,35.5892028077794,False,False,20.7564,34.099799999999995,False,
1100,overnightvideo1100 25-09-19 10-31-13.bmp,2025-09-19 10:31:13,216.40864095476883,166.51309593455335,2.7839643271395618,3.684596693281121,6.55573500219934,8.676562151193137,295.41678078351305,212.59871830876196,7856.094491024908,10474.996784156494,True,1,9,640,480,20.476132629908832,34.47810592642467,False,False,20.7564,29.651999999999997,False,
1101,overnightvideo1101 25-09-19 10-32-13.bmp,2025-09-19 10:32:13,209.0124910677247,216.57893166536775,2.7344420859502088,2.567661056788716,6.439119035971793,6.04637972537142,436.04830944033904,442.79888892192764,7887.017538534414,10516.312646407512,True,1,3,640,480,28.114990605471775,34.16249934051387,False,False,26.686799999999998,32.6172,False,
1102,overnightvideo1102 25-09-19 10-33-14.bmp,2025-09-19 10:33:14,209.1268022257756,172.72091704299928,3.052280381957991,3.8888533433076287,7.1875710264894,9.157549805006427,524.4602723459957,420.9387340318173,7853.720921809783,10471.439015021157,True,1,2,640,480,21.751067835968172,35.93973949499685,False,False,17.7912,37.065,False,
1103,overnightvideo1103 25-09-19 10-34-14.bmp,2025-09-19 10:34:14,185.54118443132785,339.7562272165419,3.2914397464326806,4.397620222907249,7.750748291911261,10.355604251335462,231.36551263955357,181.57260728609677,7877.075216074617,10502.573935350356,True,1,8,640,480,21.334692170949218,33.81324180540644,False,False,20.7564,34.099799999999995,False,
1104,overnightvideo1104 25-09-19 10-35-14.bmp,2025-09-19 10:35:14,213.7683969996761,179.1623155902972,2.8846505441049013,4.111100656287385,6.792832924167656,9.680902232565424,283.57099990103484,209.33064615081136,7899.186828042384,10532.026765498144,True,1,8,640,480,26.780344116474065,32.64545582971406,False,False,25.2042,29.651999999999997,False,
1105,overnightvideo1105 25-09-19 10-36-14.bmp,2025-09-19 10:36:14,204.86038375427466,237.85624709286088,3.0328989013632333,3.6098675591677796,7.1419311274824855,8.500588488235234,511.5992743250108,415.35568263979303,7883.533817476427,10511.651279550693,True,1,4,640,480,20.814609774770222,33.597274503771814,False,False,20.7564,31.1346,False,
1106,overnightvideo1106 25-09-19 10-37-13.bmp,2025-09-19 10:37:13,217.70280224356995,215.57381210623416,3.154330100995418,3.9196141477616377,7.4278797504685095,9.229985963936006,260.8755453889248,244.33213965575558,7847.213010486717,10462.246735105873,True,1,9,640,480,23.183990113074632,35.85822228806567,False,False,23.720982045515154,36.323699999985166,False,
1107,overnightvideo1107 25-09-19 10-38-13.bmp,2025-09-19 10:38:13,218.81378110686734,222.78555820278106,3.186437915096255,3.5409989188194584,7.5034878747152876,8.33841523346898,344.9945592287727,280.8108699673713,7834.305397110499,10446.28860768232,True,1,7,640,480,20.048471145685912,35.98598229406879,False,False,17.7912,38.547599999999996,False,
1108,overnightvideo1108 25-09-19 10-39-14.bmp,2025-09-19 10:39:14,200.10546309784004,188.17591294605313,3.39147669106853,4.4273713782578845,7.986317294383411,10.425662868317968,438.6931764484823,317.2344077122959,7881.396240826869,10508.96334196865,True,1,7,640,480,21.026487292616746,30.683035154198485,False,False,20.7564,28.1694,False,
1109,overnightvideo1109 25-09-19 10-40-14.bmp,2025-09-19 10:40:14,209.07324112297803,224.45332395497317,2.9917653867239724,3.530717093122323,7.04506910268738,8.314203384217851,426.03645960412433,425.17625834722134,7881.750076188556,10507.816889743453,True,1,1,640,480,21.40920189597561,32.97934860871558,False,False,20.7564,29.651999999999997,False,
1110,overnightvideo1110 25-09-19 10-41-14.bmp,2025-09-19 10:41:14,207.83473373975656,228.18595350267395,2.994974378408088,3.6658397106714116,7.0526257006294735,8.632392832559496,465.7342618692483,355.9625652609398,7878.071248462238,10504.564784341823,True,1,5,640,480,22.647719492505868,35.34302696537905,False,False,22.238999999999997,31.134601025859354,False,
1111,overnightvideo1111 25-09-19 10-42-14.bmp,2025-09-19 10:42:14,206.25663209135746,234.21368951252757,2.9681247180617607,3.6320806827205288,6.989399582243669,8.552896396839996,485.24742632314695,407.5758555146075,7876.90744728348,10502.333993468395,True,1,4,640,480,21.855280578398215,33.43006344293692,False,False,20.756400000004717,29.65600654392427,False,
1112,overnightvideo1112 25-09-19 10-43-13.bmp,2025-09-19 10:43:13,206.13682477685256,239.99874084760683,3.9515746698607064,3.1576487900284302,9.305247242024548,7.435694665926671,307.53869181195637,340.7883798507476,7880.915296324048,10508.61383820784,True,1,6,640,480,20.55230914933019,32.84398671338704,False,False,20.7564,29.651999999999997,False,
1113,overnightvideo1113 25-09-19 10-44-13.bmp,2025-09-19 10:44:13,205.8662674193275,237.90992685773972,3.0235375561479634,5.601522948664675,7.119886844121114,13.190578522216446,577.1374033315793,322.3679086773002,7875.095222106419,10499.80969350561,True,1,7,640,480,21.921055635095605,33.955183653146506,False,False,20.7564,32.6172,False,
1114,overnightvideo1114 25-09-19 10-45-14.bmp,2025-09-19 10:45:14,209.04990838535713,223.5352397286717,3.1305325547996135,3.8504668956413317,7.371840811664079,9.0671566285843,468.2903787730927,393.27054497992174,7876.173886361695,10501.313072774628,True,1,2,640,480,19.973039379774775,34.529360997892866,False,False,20.7564,32.6172,False,
1115,overnightvideo1115 25-09-19 10-46-14.bmp,2025-09-19 10:46:14,207.66017877055674,216.68771398732355,2.9320451674975008,3.6495873318932714,6.9044387333592425,8.594121405233295,514.2859706054458,410.2373798445759,7900.526923316797,10534.09184021253,True,1,5,640,480,26.14896399400553,30.462934446239597,False,False,23.7216,26.686799999999998,False,
1116,overnightvideo1116 25-09-19 10-47-14.bmp,2025-09-19 10:47:14,207.4110399743618,235.15783747588125,3.252212037280016,3.457684113459292,7.658374096077923,8.142223859759008,416.373815670134,390.3407198218959,7863.713569651059,10484.97472231386,True,1,3,640,480,22.05965139404664,34.132841010959304,False,False,20.7564,32.42561167233346,False,
1117,overnightvideo1117 25-09-19 10-48-14.bmp,2025-09-19 10:48:14,208.82695795377973,204.39692662078042,3.1966693089135476,3.0795018930425937,7.527580965964854,7.251672786447454,343.88877353291497,317.04613772878116,7858.156979398848,10478.184725137495,True,1,8,640,480,34.75460639482756,35.04934571187893,False,False,32.6172,35.5824,False,
1118,overnightvideo1118 25-09-19 10-49-14.bmp,2025-09-19 10:49:14,208.91551190921223,237.3390991605539,3.012277392499529,5.187950195653368,7.093371185051452,12.216689113346787,562.4634767506475,344.51256100475354,7878.76410890797,10504.53305868814,True,1,6,640,480,20.248596202583112,34.130540123849485,False,False,20.7564,32.6172,False,
1119,overnightvideo1119 25-09-19 10-50-13.bmp,2025-09-19 10:50:13,205.35261413027993,242.15095388779255,2.7522571303136156,2.990135730124745,6.48107025954186,7.041231554661003,479.37048213350505,411.4458161366222,7880.912309236661,10508.348225589307,True,1,4,640,480,30.54130747073481,34.39395396367046,False,False,28.910699999525356,31.1346,False,
1120,overnightvideo1120 25-09-19 10-51-14.bmp,2025-09-19 10:51:14,205.0990252735965,235.68210766244152,3.011175679734072,3.7743603725662793,7.090776849747487,8.887939462489557,480.4194994400204,409.2402241195194,7829.26694151832,10438.510857539264,True,1,2,640,480,22.407907729587137,37.48597325121867,False,False,20.7564,37.065,False,
1121,overnightvideo1121 25-09-19 10-52-14.bmp,2025-09-19 10:52:14,203.7545838422542,254.5613080891105,3.026111678319396,4.065512611011548,7.125948438608762,9.573550589736106,423.86237435422385,384.85350466482186,7867.990407815812,10489.181379751259,True,1,6,640,480,22.34215966466788,33.453440649588586,False,False,20.7564,31.134600000029664,False,
1122,overnightvideo1122 25-09-19 10-53-14.bmp,2025-09-19 10:53:14,206.3741912198966,234.88211508551097,3.234291467481437,4.30115920752945,7.616174379097853,10.128455918759782,464.16382141890983,385.0726728102209,7901.134291629702,10534.03619722876,True,1,5,640,480,25.709806664465027,31.9744087615041,False,False,20.76887743379319,26.686799999999998,False,
1123,overnightvideo1123 25-09-19 10-54-14.bmp,2025-09-19 10:54:14,206.41445464035135,257.56723684886316,3.0871528699936146,3.5159309174772733,7.269689460335788,8.27938460141954,452.1092579086502,371.6381754956997,7891.516285517873,10522.48688282274,True,1,6,640,480,19.346648024707893,31.925097312443583,False,False,17.7912,26.686799999999998,False,
1124,overnightvideo1124 25-09-19 10-55-14.bmp,2025-09-19 10:55:14,209.3124983256818,247.72687876693823,2.914310469437031,3.3829430903568527,6.862676710873877,7.966222200371263,435.8956563703179,391.2195611699759,7865.743346376297,10487.380299724346,True,1,6,640,480,23.14158295662865,36.62854498354114,False,False,23.721599996307358,32.6172,False,
1125,overnightvideo1125 25-09-19 10-56-13.bmp,2025-09-19 10:56:13,205.47658347248338,258.80369678504155,3.0537132052969946,3.6696136071789307,7.190945067609073,8.641279679703274,398.1164602153043,340.999077355396,7876.655637585829,10502.021601392242,True,1,6,640,480,21.359937366913535,34.54055811065645,False,False,20.7564,31.1346,False,
1126,overnightvideo1126 25-09-19 10-57-13.bmp,2025-09-19 10:57:13,207.82132560947463,224.985926957931,2.8155502628065814,3.2139110353419076,6.630114196649095,7.568182128969296,464.636188841309,453.97125987173484,7867.259082012749,10488.891189760998,True,1,2,640,480,22.464080943179486,35.61338168500082,False,False,20.7564,32.6172,False,
1127,overnightvideo1127 25-09-19 10-58-14.bmp,2025-09-19 10:58:14,210.60145898705994,231.5205838249335,2.8383766417173675,3.158565319804867,6.683866211263686,7.437852928616091,437.2708613778148,389.0064846885612,7864.39363263859,10485.92312466908,True,1,3,640,480,20.80575735235868,33.66756161862827,False,False,20.7564,31.875899999999998,False,
1128,overnightvideo1128 25-09-19 10-59-14.bmp,2025-09-19 10:59:14,207.32205148132914,233.42512501020425,3.0371911676088494,5.422450731884745,7.152038642076272,12.76889567663494,526.9782153999762,288.680119703307,7871.7235269819375,10495.815083442318,True,1,7,640,480,21.37707491713596,35.29387948556487,False,False,20.7564,30.3933,False,
1129,overnightvideo1129 25-09-19 11-00-14.bmp,2025-09-19 11:00:14,209.04215442760275,239.40197654665974,3.145474252828244,3.6435560144161507,7.4070258216886975,8.579918737940226,420.18117009124194,357.5753998129528,7858.071979662153,10477.52760284093,True,1,5,640,480,21.71654858869964,38.0350682556085,False,False,20.7564,38.547599999999996,False,
1130,overnightvideo1130 25-09-19 11-01-14.bmp,2025-09-19 11:01:14,210.06426896363257,258.14684412561724,3.0082602008647448,3.2232306012258185,7.083911421665131,7.590128029523716,438.43490506625625,395.12057085211694,7875.1827220397145,10500.480513906226,True,1,5,640,480,21.47492772198466,33.68434673883004,False,False,17.7912,29.651999999999997,False,
1131,overnightvideo1131 25-09-19 11-02-14.bmp,2025-09-19 11:02:14,211.9031855360814,260.84392459861397,3.425555206658067,3.8190427305954255,8.066566065998552,8.99315837483584,347.74096977450097,321.06180966512517,7877.359515055878,10502.963543371614,True,1,7,640,480,21.588872272292225,32.577227896187665,False,False,20.7564,31.1346,False,
1132,overnightvideo1132 25-09-19 11-03-14.bmp,2025-09-19 11:03:14,208.602532348912,249.3092360183678,2.6291290828883076,3.5798546187481683,6.191125865359223,8.429913414524814,559.5953296405997,402.701446254954,7882.63926136205,10510.340443776384,True,1,4,640,480,21.93793069960704,33.83807899606112,False,False,21.4977,29.652000000002694,False,
1133,overnightvideo1133 25-09-19 11-04-15.bmp,2025-09-19 11:04:15,214.0486925616037,230.37101407042454,3.3762978780344617,3.6247005165892014,7.95057392119101,8.535517433698288,403.6843700748745,371.83736255310083,7894.705576922251,10526.35326815191,True,1,5,640,480,19.632844357045077,32.73378987739526,False,False,19.273799999999998,26.686799999999998,False,
1134,overnightvideo1134 25-09-19 11-05-15.bmp,2025-09-19 11:05:15,214.3377377183021,220.44917396505878,3.6171228238560427,2.973781427027504,8.51767333095516,7.002720113905108,362.9160520015744,413.10316951026743,7861.110186167235,10481.920127030058,True,1,1,640,480,22.905975680871546,33.29965396466125,False,False,22.238999999999997,29.651999999999997,False,
1135,overnightvideo1135 25-09-19 11-06-15.bmp,2025-09-19 11:06:15,214.53538170767388,239.78248796890253,3.0577160462067394,3.8954039381115204,7.20037103762041,9.172975276957509,396.44528874927204,323.0892062544346,7894.300659821565,10525.49218849383,True,1,7,640,480,27.167250285344696,32.10463544573746,False,False,25.239701291866325,32.6172,False,
1136,overnightvideo1136 25-09-19 11-07-15.bmp,2025-09-19 11:07:15,210.6852255327607,231.50195911591655,2.579466588619039,3.6880061775947515,6.074179628367714,8.684590873198092,560.2632708618909,361.67121857188926,7873.378859340043,10498.419884745132,True,1,5,640,480,23.306624625295076,33.81705627276854,False,False,23.7216,32.6172,False,
1137,overnightvideo1137 25-09-19 11-08-15.bmp,2025-09-19 11:08:15,213.50030023634096,261.4995365405561,2.8900440569303623,4.0315909310936835,6.805533676282183,9.493671137904395,462.887656472547,301.51180419811294,7880.19643534169,10507.566692108483,True,1,6,640,480,22.035022641882776,34.5660141085607,False,False,20.7564,31.824343308927126,False,
1138,overnightvideo1138 25-09-19 11-09-14.bmp,2025-09-19 11:09:14,211.4427830669121,249.64476042397953,2.7488978064902354,3.80060790846519,6.473159656464814,8.94974768615698,509.92802820737285,335.43845754988484,7886.138060599327,10515.513280554827,True,1,7,640,480,30.417651546690855,34.875195737106374,False,False,28.1694,32.6172,False,
1139,overnightvideo1139 25-09-19 11-10-15.bmp,2025-09-19 11:10:15,215.07756119072235,190.69981781593088,2.6136938929555007,3.783913080605991,6.1547787707065895,8.910434370865797,517.9133188049341,382.2498564117459,7874.268531762258,10498.54044224642,True,1,2,640,480,21.468902859828205,34.36503011765884,False,False,19.277577855465367,32.58379522762367,False,
1140,overnightvideo1140 25-09-19 11-11-15.bmp,2025-09-19 11:11:15,210.40066714496893,243.12406522666757,2.789935478957232,3.991708480023092,6.569795990191512,9.3997551426784,477.2712044169027,294.8442288428984,7876.634819400176,10502.98722593276,True,1,7,640,480,21.149632008196622,35.40159731691899,False,False,20.75639999994067,32.6172,False,
1141,overnightvideo1141 25-09-19 11-12-15.bmp,2025-09-19 11:12:15,212.6924655094492,247.15219562458773,2.9322396943978064,4.486229851588026,6.90489680920338,10.564263981135703,436.06689524930584,300.0492239715432,7877.804520452649,10503.387194335963,True,1,8,640,480,20.956098689117113,35.02829361898951,False,False,22.238999999999997,31.1346,False,
1142,overnightvideo1142 25-09-19 11-13-15.bmp,2025-09-19 11:13:15,214.4754674431079,242.95156611742246,3.276542325278769,4.20031088506137,7.715667545958762,9.890976267504202,403.0869803493592,340.76983611971826,7880.764713982993,10507.10867616306,True,1,6,640,480,20.252612949362817,32.63661342867065,False,False,20.882522067097653,32.6172,False,
1143,overnightvideo1143 25-09-19 11-14-15.bmp,2025-09-19 11:14:15,214.26812749638415,221.8108384781185,3.1248044669541346,3.451004029923538,7.358352195585847,8.126493465146533,382.9735139031922,350.81246161849396,7869.008241344867,10491.938202863943,True,1,5,640,480,22.115263525742318,36.42750114170723,False,False,20.7564,34.099799999999995,False,
1144,overnightvideo1144 25-09-19 11-15-15.bmp,2025-09-19 11:15:15,215.26330896954,244.74205049885308,3.2082691017397043,4.469308851856639,7.554896390630094,10.524418071786272,504.52355104043426,369.2849878362413,7870.757270095653,10494.176955643015,True,1,6,640,480,21.91742930243091,34.366563390521485,False,False,20.7564,35.5824,False,
1145,overnightvideo1145 25-09-19 11-16-15.bmp,2025-09-19 11:16:15,215.94090856269966,232.76851631890725,2.797510281275157,3.471064362439637,6.587633286526908,8.17373193826543,493.28551690600847,421.5849281066987,7849.2545701656845,10465.2373530373,True,1,2,640,480,21.974588774645337,34.76119362857355,False,False,22.23899999999865,29.651999999999997,False,
1146,overnightvideo1146 25-09-19 11-17-14.bmp,2025-09-19 11:17:14,213.5968577851774,244.53961137695512,2.8878743794439705,3.243734939831859,6.800424476245976,7.638412057083322,506.78402883867153,427.5673234647327,7886.14918406,10515.265665565377,True,1,2,640,480,20.164662260433445,33.14169756855643,False,False,20.7564,28.9107,False,
1147,overnightvideo1147 25-09-19 11-18-15.bmp,2025-09-19 11:18:15,215.44970492735123,241.46340650138416,2.947583683143614,3.8756213540840085,6.941029141472736,9.126390851547013,453.83092978964584,369.19184686375826,7861.5872995566715,10481.629992565406,True,1,6,640,480,23.112211406615515,37.642995829574346,False,False,23.7216,38.547599999999996,False,
1148,overnightvideo1148 25-09-19 11-19-15.bmp,2025-09-19 11:19:15,219.02523832019315,242.1087307231171,3.0710312355283347,5.17573828268181,7.231725912338285,12.18793225589319,480.24338433986236,278.60820882249743,7885.834559769527,10514.617570951825,True,1,7,640,480,30.709099404498744,36.79263914599894,False,False,29.651999999999997,34.099799999999995,False,
1149,overnightvideo1149 25-09-19 11-20-15.bmp,2025-09-19 11:20:15,215.05685265754914,253.47183090442948,2.5571897062501217,3.9273275238618073,6.021721579224591,9.248149576591548,441.8612479136485,343.95131378710397,7879.0432858946915,10504.23754751943,True,1,4,640,480,20.97021629470368,33.79230971391711,False,False,20.7564,30.39330410131231,False,
1150,overnightvideo1150 25-09-19 11-21-15.bmp,2025-09-19 11:21:15,209.28690494022464,277.0038697101444,2.8177337883036664,3.4163767082051177,6.635256006258467,8.044952353858262,444.66393541806656,344.8887780284847,7897.395833820384,10530.251073185698,True,1,8,640,480,26.283659986402153,32.35347943993989,False,False,23.719876026754303,29.65199683040597,False,
1151,overnightvideo1151 25-09-19 11-22-15.bmp,2025-09-19 11:22:15,213.4003122653005,247.78087001319744,2.7473865752620608,3.457907115624606,6.469600978876032,8.142748989727975,472.5165086950638,361.6568607320382,7891.667080448496,10522.471398455495,True,1,6,640,480,20.169616274719875,31.264819601877317,False,False,19.273799999999998,29.651999999999997,False,
1152,overnightvideo1152 25-09-19 11-23-15.bmp,2025-09-19 11:23:15,212.84862532528973,264.60148605236077,2.991856632726593,3.596672920308879,7.04528397060338,8.469517488163351,523.0247159226693,445.9917926303652,7875.818110251762,10500.885731592838,True,1,2,640,480,21.792991578340704,34.65720287125752,False,False,20.7564,32.6172,False,
1153,overnightvideo1153 25-09-19 11-24-15.bmp,2025-09-19 11:24:15,214.1395665749369,247.50049148934613,3.1720862294040333,3.0449063988437968,7.46969223756726,7.170206623240375,379.9460351374847,382.17950834787456,7851.370246085325,10468.710488706907,True,1,5,640,480,23.39860554203103,37.2452732665239,False,False,23.7216,37.8063,False,
1154,overnightvideo1154 25-09-19 11-25-15.bmp,2025-09-19 11:25:15,214.54395384774438,254.32423493679238,3.168963823177931,3.622527921206171,7.462339532797305,8.530401362540587,382.42120132339153,358.7631341512794,7884.598859301428,10512.34023337676,True,1,4,640,480,20.63153588569186,31.21878027307344,False,False,19.273799999999998,25.211103829265415,False,
1155,overnightvideo1155 25-09-19 11-26-14.bmp,2025-09-19 11:26:14,215.68298022452146,255.4068901505483,2.7823199083743604,4.769486298886242,6.551862691928618,11.231281941117796,440.3960099009061,256.1647078797793,7873.614955874508,10498.171805383327,True,1,8,640,480,22.29844131665468,32.422601961612294,False,False,23.7216,29.651999999999997,False,
1156,overnightvideo1156 25-09-19 11-27-14.bmp,2025-09-19 11:27:14,215.17115545130153,261.9545829110388,2.6381526691940573,3.7225340790396473,6.212374787270069,8.765897867633386,433.2182308777911,329.22691515588286,7876.375289050588,10501.402042983715,True,1,6,640,480,21.943655629582832,31.73331187776485,False,False,20.7564,31.1346,False,
1157,overnightvideo1157 25-09-19 11-28-15.bmp,2025-09-19 11:28:15,213.97227604488765,247.31654481458725,2.8814210127096547,4.327623760921386,6.785227958902072,10.190775179569906,536.6354090943205,343.73242526266296,7870.617296127317,10494.463080454505,True,1,6,640,480,22.145365974006097,33.03149746704052,False,False,20.7564,29.651999999999997,False,
1158,overnightvideo1158 25-09-19 11-29-15.bmp,2025-09-19 11:29:15,215.10116414964187,239.29091912596635,3.1120153781870568,4.165784396478768,7.3282361929994515,9.80967260010536,440.29426536316714,279.32980112661636,7863.891268138192,10486.267120487066,True,1,7,640,480,23.091954293381182,36.77933469368995,False,False,22.238999999999997,31.1346,False,
1159,overnightvideo1159 25-09-19 11-30-15.bmp,2025-09-19 11:30:15,216.64462603354033,269.9899757147322,2.8638798834095085,4.902611978515882,6.743921756013608,11.544768960018041,417.1876406835364,266.5770285280767,7888.039285103143,10516.800058356366,True,1,7,640,480,20.90626711218123,34.036845769144634,False,False,20.7564,31.134600000784776,False,
1160,overnightvideo1160 25-09-19 11-31-15.bmp,2025-09-19 11:31:15,213.0448187626494,265.4103491344175,3.7860496831670334,4.405619518414754,8.915465685404804,10.374441152742662,375.77011821344047,345.1029833822199,7867.366967482577,10489.31237774004,True,1,7,640,480,32.68900924555265,37.31210881488733,False,False,29.651999999999997,37.8063,False,
1161,overnightvideo1161 25-09-19 11-32-15.bmp,2025-09-19 11:32:15,218.15324211186808,230.51717638674887,2.898512272039909,3.5826780808629115,6.825474798967778,8.436562159708997,455.29486773429846,353.55619018198087,7892.864153765149,10524.095643903333,True,1,6,640,480,28.191873610508015,34.45752972383606,False,False,23.7216,30.3933,False,
1162,overnightvideo1162 25-09-19 11-33-14.bmp,2025-09-19 11:33:14,218.76590518908242,255.08214654205696,3.032516839089744,2.927594071607612,7.141031439582424,6.893957203535376,386.71312475158425,347.9344329383491,7854.855377768143,10473.945252937183,True,1,7,640,480,22.21032621749491,35.5635040099978,False,False,22.238999999999997,34.099799999999995,False,
1163,overnightvideo1163 25-09-19 11-34-15.bmp,2025-09-19 11:34:15,214.90957826257852,285.4456037538732,2.537953822388338,3.480933421222334,5.976424534322977,8.196971795712514,457.1671806808382,335.68412831479844,7847.693181921695,10463.547957584009,True,1,6,640,480,23.14415878914807,36.75090495572436,False,False,20.7564,35.5824,False,
1164,overnightvideo1164 25-09-19 11-35-15.bmp,2025-09-19 11:35:15,215.46673808530963,283.3556160649486,2.599162109357065,4.438854951020538,6.120559035398941,10.452704615648036,555.0878143599506,327.9743729469337,7871.796138954099,10495.659945148716,True,1,4,640,480,22.098572674861376,33.62562517415217,False,False,23.7216,29.651999999999997,False,
1165,overnightvideo1165 25-09-19 11-36-15.bmp,2025-09-19 11:36:15,218.11326466417586,268.33501233383157,3.572589035717029,6.282788821356382,8.41280427396425,14.794837055226381,438.5328562317355,234.18403584079348,7882.616986423079,10510.654011503002,True,1,8,640,480,30.680021972143624,32.69310671748805,False,False,26.693567841558757,28.1694,False,
1166,overnightvideo1166 25-09-19 11-37-15.bmp,2025-09-19 11:37:15,220.08863211033653,265.4386101778958,3.177160849298635,3.2520985316247923,7.481642054215981,7.658106810685777,361.65772955569923,376.68965164983973,7851.8933935426885,10468.79437597453,True,1,6,640,480,24.282074856366044,37.57907107825867,False,False,23.7216,35.5824,False,
1167,overnightvideo1167 25-09-19 11-38-15.bmp,2025-09-19 11:38:15,217.42764077255808,274.57132477362666,2.936978235012512,3.2193538620470563,6.916055219627082,7.58099900639621,441.0781662748147,378.5818594666493,7877.593470389196,10503.858227291039,True,1,2,640,480,21.29542255123082,32.16400727954713,False,False,20.763937495874824,30.3933,False,
1168,overnightvideo1168 25-09-19 11-39-15.bmp,2025-09-19 11:39:15,217.08530872263285,259.84552062142836,2.996435436226073,2.9605320631001075,7.0560662288662135,6.971520246144965,454.24675738892563,443.54870047692856,7848.687774083489,10465.1675953575,True,1,2,640,480,21.663217402386564,36.83799993446154,False,False,20.7564,32.6172,False,
1169,overnightvideo1169 25-09-19 11-40-16.bmp,2025-09-19 11:40:16,219.94984042790597,238.95724585133866,3.007166119321623,4.715948819878803,7.081335056516489,11.105210812390656,456.4750508838668,285.205951529772,7884.5565009738775,10512.88654829732,True,1,7,640,480,30.085936049888115,32.360101683066254,False,False,27.428099999999997,29.651999999999997,False,
1170,overnightvideo1170 25-09-19 11-41-16.bmp,2025-09-19 11:41:16,220.08864361245293,235.91437954386356,2.791207706471723,3.9863292847069043,6.572791857044475,9.387088105721704,424.8854207431935,313.41775771866,7848.5676259190495,10464.425526561598,True,1,6,640,480,23.821769210511942,36.45678255370532,False,False,23.721595428794082,32.6172,False,
1171,overnightvideo1171 25-09-19 11-42-16.bmp,2025-09-19 11:42:16,221.67909533518906,277.8470993742319,3.020484342122497,3.5772775224619213,7.112697074532176,8.423844816531984,413.1295191187656,353.344691856247,7864.962657484114,10486.532482744122,True,1,4,640,480,20.935014811471042,34.847260609912766,False,False,19.273799999999998,32.6172,False,
1172,overnightvideo1172 25-09-19 11-43-16.bmp,2025-09-19 11:43:16,224.0138405240089,272.4999078315462,3.0852932875589163,3.786487034814848,7.265310478343173,8.916495569831806,333.5704596927553,277.1387995039327,7871.231674494478,10494.869975470856,True,1,6,640,480,21.810475506799275,33.658603636428005,False,False,22.238999999999997,32.6172,False,
1173,overnightvideo1173 25-09-19 11-44-16.bmp,2025-09-19 11:44:16,222.94276078378437,249.25520885241394,2.757286351523332,3.518358200191257,6.492913170457395,8.285100415409385,443.35397842513146,339.8860318635702,7877.065253993197,10502.892649195775,True,1,8,640,480,21.32102841582577,33.35006546699332,False,False,20.7564,32.6172,False,
1174,overnightvideo1174 25-09-19 11-45-16.bmp,2025-09-19 11:45:16,221.42503340062711,263.0958924789477,3.3519704502875642,3.888143689988092,7.893287206688574,9.15587869914456,327.1799862228121,298.70097583015666,7843.417166675247,10457.551710777794,True,1,7,640,480,23.002361822250972,37.828435157499754,False,False,20.7564,35.5824,False,
1175,overnightvideo1175 25-09-19 11-46-15.bmp,2025-09-19 11:46:15,220.88968939185344,265.8398804415884,2.993223937983997,3.0304129789520777,7.048503728431191,7.136077227558305,350.0203677233131,328.3018580601366,7879.066925420001,10505.698291797316,True,1,7,640,480,20.712595596990344,34.19099592437887,False,False,20.7564,32.6172,False,
1176,overnightvideo1176 25-09-19 11-47-16.bmp,2025-09-19 11:47:16,221.81006169405705,261.790022984746,3.175629994636078,2.9859357130383026,7.478037166970563,7.031341270236376,395.26312445828245,429.6989124183509,7882.70102584481,10510.122629680893,True,1,2,640,480,31.30433832900925,32.9536937638689,False,False,26.686799999999998,31.875899999999998,False,
1177,overnightvideo1177 25-09-19 11-48-16.bmp,2025-09-19 11:48:16,224.66512582088322,273.9474636280952,2.910019347263026,4.034259684413988,6.852571890362853,9.49995557171829,473.0235484709969,325.8321965470634,7884.616573335383,10513.145954056143,True,1,8,640,480,21.588616025553563,34.5350174065638,False,False,20.7564,32.6172,False,
1178,overnightvideo1178 25-09-19 11-49-16.bmp,2025-09-19 11:49:16,227.44888649885084,270.2436354180811,3.04181812264838,3.659352951942099,7.162934288550816,8.617117683076431,421.92167874912775,418.9237747456023,7877.489016702366,10502.015341752101,True,1,1,640,480,22.300862408020823,33.919746032976235,False,False,20.7564,31.87590655273009,False,
1179,overnightvideo1179 25-09-19 11-50-16.bmp,2025-09-19 11:50:16,224.4245964084773,266.6470400249446,2.6935375183920396,3.650035859302509,6.342796140352494,8.595177606567315,488.05624176904985,397.61707210257794,7875.905924976271,10500.49393508881,True,1,1,640,480,21.273261966323275,36.650808694675895,False,False,20.7564,32.6172,False,
1180,overnightvideo1180 25-09-19 11-51-16.bmp,2025-09-19 11:51:16,224.07840955577427,284.2972042940788,2.7529181672942156,4.499077474794101,6.482626882674283,10.594517821792374,544.0111934340591,330.08181881866375,7887.446918170459,10516.661452917666,True,1,6,640,480,21.170260010103895,31.66214403668514,False,False,20.7564,26.686799999999998,False,
1181,overnightvideo1181 25-09-19 11-52-16.bmp,2025-09-19 11:52:16,225.46190423621968,275.1824427459825,2.9878911301464024,3.9641142449287194,7.035945925638925,9.334775684750875,462.26219416038896,350.40685343792023,7871.952925507577,10495.89616870119,True,1,1,640,480,21.24158870743398,35.48887709098551,False,False,20.015187775298344,35.5930576317183,False,
1182,overnightvideo1182 25-09-19 11-53-15.bmp,2025-09-19 11:53:15,227.1928681279287,289.8543472493491,2.9835802337473614,3.7597961840270426,7.0257945403864115,8.853643419377752,399.250844433286,324.3613595229673,7879.854862632913,10506.325177274448,True,1,8,640,480,30.145981713870018,33.981548473767106,False,False,26.686799999999998,32.6172,False,
1183,overnightvideo1183 25-09-19 11-54-16.bmp,2025-09-19 11:54:16,226.0875777713182,274.9676017258846,2.7479177936205135,3.2683262110573605,6.470851902514805,7.696320075497926,439.3057586627656,326.4594485018329,7861.125090979784,10482.23226635986,True,1,5,640,480,22.80317478737647,35.71801668689595,False,False,20.7564,32.522696743546895,False,
1184,overnightvideo1184 25-09-19 11-55-16.bmp,2025-09-19 11:55:16,229.40742327755177,255.33050995077113,3.058551550983681,4.158826944082014,7.202338501016872,9.793289051739134,402.4257917194076,335.40589046805246,7859.454283717089,10478.415659608272,True,1,5,640,480,23.11715328266755,35.9579951141318,False,False,23.7216,35.5824,False,
1185,overnightvideo1185 25-09-19 11-56-16.bmp,2025-09-19 11:56:16,226.3145207391761,262.36641472010126,3.0285908410494984,3.705761816561147,7.1317864207005,8.726402207748492,439.8448389354775,331.33314478657877,7853.646711377939,10472.073452572922,True,1,5,640,480,22.89852749303943,36.334165583738255,False,False,20.7564,35.5824,False,
1186,overnightvideo1186 25-09-19 11-57-16.bmp,2025-09-19 11:57:16,231.63022601624468,260.1878644270061,3.1977143799936774,3.845764110990838,7.530041920292826,9.056082417021853,402.6494685965076,322.795515657194,7881.852454252474,10509.377673262754,True,1,6,640,480,30.08078057023271,36.47847402568753,False,False,28.1694,32.6172,False,
1187,overnightvideo1187 25-09-19 11-58-16.bmp,2025-09-19 11:58:16,231.6333749824219,277.1608457612531,2.9363336960776794,5.535337540569363,6.914537446423535,13.034723796545052,512.5367926320906,266.20806798991885,7850.522776481367,10467.527821063553,True,1,7,640,480,23.488790176783038,35.414488552327654,False,False,22.98029999990426,32.6172,False,
1188,overnightvideo1188 25-09-19 11-59-16.bmp,2025-09-19 11:59:16,230.4330137855392,273.86801143284384,2.971201690940861,3.07854849223213,6.996645299657391,7.249427699108025,388.910181474581,340.05334815509764,7866.307053675603,10488.976842170736,True,1,6,640,480,23.245139532842813,34.89027574462147,False,False,23.7216,31.134600000525882,False,
1189,overnightvideo1189 25-09-19 12-00-16.bmp,2025-09-19 12:00:16,234.5388578302973,265.5020658491474,2.979856847358638,3.6175936994496363,7.017026635482851,8.51878215824167,408.8427305884824,331.90671750292296,7869.95030124149,10493.358921385596,True,1,5,640,480,22.661163893449793,33.98965783854231,False,False,20.7564,29.651999999999997,False,
1190,overnightvideo1190 25-09-19 12-01-17.bmp,2025-09-19 12:01:17,234.19570285811696,267.34925931929513,2.832507591931127,4.5146011780366955,6.670045655181762,10.631073349361149,438.49018059965266,255.74569101114884,7854.321407174359,10472.885151178007,True,1,8,640,480,22.333618327320444,37.060785022108824,False,False,22.238999999999997,35.5824,False,
1191,overnightvideo1191 25-09-19 12-02-17.bmp,2025-09-19 12:02:17,231.47003881773526,289.99713765697265,3.558584476213034,3.8264685616428458,8.379826056522415,9.010644870637318,417.6349771084967,363.3231581364007,7860.491680879499,10481.156611382909,True,1,4,640,480,32.06587540405123,35.423743212795195,False,False,31.875899999999998,35.5824,False,
1192,overnightvideo1192 25-09-19 12-03-17.bmp,2025-09-19 12:03:17,233.38877957384807,251.62651315249545,2.626588648306284,3.949943958914891,6.185143599082385,9.30140721120169,547.5363858561273,349.0210140253128,7875.192320919712,10500.567351114149,True,1,6,640,480,20.27216670141224,35.016348515376606,False,False,20.7564,31.1346,False,
1193,overnightvideo1193 25-09-19 12-04-17.bmp,2025-09-19 12:04:17,232.29766093246033,291.05121808216796,3.354171202115448,3.558623839801284,7.898469581207013,8.37991875068907,443.3433731814919,389.1965581349454,7879.602374202175,10506.669394621782,True,1,4,640,480,22.244103740886516,32.80734671540529,False,False,20.7564,31.1346,False,
1194,overnightvideo1194 25-09-19 12-05-16.bmp,2025-09-19 12:05:16,235.6588310669277,279.970924708359,3.488075435016728,3.3392265447558103,8.21378995295744,7.8632776024904185,446.88112381004794,384.3465989685843,7867.882469480256,10491.947796290253,True,1,3,640,480,23.50900268850575,34.15679655568397,False,False,23.7216,32.6172,False,
1195,overnightvideo1195 25-09-19 12-06-16.bmp,2025-09-19 12:06:16,234.11857249337754,303.85541081554805,3.232970220261074,4.563782781686586,7.613063079658901,10.746887175482678,430.8848715012088,322.0341830191662,7876.8955807296925,10502.127131901372,True,1,6,640,480,22.336536554165733,33.645789349159266,False,False,22.971818528123126,31.1346,False,
1196,overnightvideo1196 25-09-19 12-07-17.bmp,2025-09-19 12:07:17,236.85512859072426,275.47415882547426,2.92261400253627,3.597985057110229,6.882230037060543,8.472607334204993,376.9464650171564,278.09742982740755,7886.78207077016,10516.237274617768,True,1,8,640,480,20.98317338680516,34.0735996817316,False,False,19.273799999999998,31.1346,False,
1197,overnightvideo1197 25-09-19 12-08-17.bmp,2025-09-19 12:08:17,236.9471151472563,288.3029674126101,2.8787589213135623,3.875542916465867,6.77895921272085,9.12620614507153,387.51735938383024,265.55663596659906,7858.23231728468,10478.094245803979,True,1,8,640,480,22.84982197299149,35.67062119728177,False,False,23.7216,32.6172,False,
1198,overnightvideo1198 25-09-19 12-09-17.bmp,2025-09-19 12:09:17,239.3628010139338,277.5328055166188,2.499168403614445,3.413111646119019,5.8850918527392935,8.037263720209646,586.1133658005336,402.13414588387997,7877.417657684085,10503.705376373491,True,1,1,640,480,30.556862767986175,35.2850660786687,False,False,29.651999999999997,31.1346,False,
1199,overnightvideo1199 25-09-19 12-10-17.bmp,2025-09-19 12:10:17,236.07457998777335,293.34762856046785,3.338875168357522,4.529871613351515,7.862450174304378,10.667032476536834,426.4872409803977,347.8264785379117,7885.636862926385,10513.390694166865,True,1,5,640,480,20.89203960291602,33.06453573802963,False,False,20.7564,28.1694,False,
1200,overnightvideo1200 25-09-19 12-11-16.bmp,2025-09-19 12:11:16,235.081594929469,271.67461480398043,3.39162058627983,3.758781511218111,7.986656141711364,8.851254047508132,429.4950621796796,378.3898320901565,7836.316615561853,10448.601793628177,True,1,2,640,480,22.986542636349668,35.19651457158875,False,False,20.7564,33.3585,False,
1201,overnightvideo1201 25-09-19 12-12-17.bmp,2025-09-19 12:12:17,236.6045760511334,283.7252905442592,3.0311946151985363,4.57453825536739,7.137917840259388,10.772214380500037,428.24731521500655,312.42941293022517,7856.843974124195,10475.107241627971,True,1,7,640,480,22.20768751981335,36.8684450699007,False,False,21.49770000026631,35.5822911023761,False,
1202,overnightvideo1202 25-09-19 12-13-17.bmp,2025-09-19 12:13:17,236.24493436700558,265.2457280533397,4.181134958301522,4.003717623282472,9.845820410788066,9.428034513949235,324.5733820183344,315.4165463849646,7867.773893877959,10490.857359562524,True,1,6,640,480,21.156827441676118,35.53724586009978,False,False,20.754254181500876,32.61720000000539,False,
1203,overnightvideo1203 25-09-19 12-14-17.bmp,2025-09-19 12:14:17,235.23500954834194,299.07215821665204,2.865602336171993,4.38794488600001,6.747977822305326,10.332820574043868,425.95771068336825,303.07690247733177,7856.781790354962,10475.138486010555,True,1,7,640,480,23.06114028878369,35.26290959132535,False,False,23.7216,31.1346,False,
1204,overnightvideo1204 25-09-19 12-15-17.bmp,2025-09-19 12:15:17,237.5146565338932,258.43714063362097,3.2235127997920285,3.7933678484367452,7.590792556364106,8.932698647674771,438.519360676428,343.9960411725788,7887.655778939369,10517.44185819022,True,1,5,640,480,21.75149251919331,35.50242474441177,False,False,20.7564,29.651999999999997,False,
1205,overnightvideo1205 25-09-19 12-16-17.bmp,2025-09-19 12:16:17,237.86576247547222,279.3178482550814,2.8408399245157,4.434472834172804,6.6896667989737795,10.442385519055325,461.06223023052564,276.41847316093754,7851.210637939095,10468.71968693885,True,1,8,640,480,23.120998209607706,36.49857977296228,False,False,22.238999999999997,35.54004338272541,False,
1206,overnightvideo1206 25-09-19 12-17-16.bmp,2025-09-19 12:17:16,236.08371543493905,302.9729828629168,2.874971661244065,5.303650995590984,6.770040896793452,12.489143676266,453.41883545910395,238.1880248624156,7852.77569350692,10470.578044420055,True,1,9,640,480,22.90463936635337,36.94496460677282,False,False,23.7216,29.651999999999997,False,
1207,overnightvideo1207 25-09-19 12-18-17.bmp,2025-09-19 12:18:17,236.06630010353803,305.36813038561115,2.5989519527006495,4.492482808795644,6.120064154291817,10.578988570108923,576.6005795810089,333.29767885564803,7847.930740853458,10463.914041722439,True,1,6,640,480,23.147115059261697,35.80463423966067,False,False,20.7564,32.617200039659636,False,
1208,overnightvideo1208 25-09-19 12-19-17.bmp,2025-09-19 12:19:17,236.60769372286688,274.2874754511463,2.973612990872715,3.3099464180985483,7.002323477071503,7.794328173316853,457.2768410592855,364.82155016975224,7856.435275345281,10476.041972142439,True,1,5,640,480,22.958340944485993,34.99557624963534,False,False,21.277418757368533,31.875899999999998,False,
1209,overnightvideo1209 25-09-19 12-20-17.bmp,2025-09-19 12:20:17,234.1086410185935,277.4726672549676,2.9019877920327573,3.2874127841718006,6.833659023113842,7.741265520458758,449.1736003486837,384.64579486664564,7879.771280160877,10506.565405941186,True,1,6,640,480,20.867037258753,33.8220287857809,False,False,20.7564,29.651999999999997,False,
1210,overnightvideo1210 25-09-19 12-21-17.bmp,2025-09-19 12:21:17,236.03270183550805,273.0037276703921,3.136302716281457,3.7594249308356242,7.385428503584589,8.852769184920819,424.97869906419504,362.609979124071,7878.253141882471,10504.179066265553,True,1,6,640,480,30.824185889527605,35.2225979379156,False,False,29.651999999999997,32.61720002224348,False,
1211,overnightvideo1211 25-09-19 12-22-17.bmp,2025-09-19 12:22:17,235.69224834514364,282.50325947335057,2.8350579231258006,3.436238696050769,6.676051226200448,8.091723760971362,463.45089521355436,394.5338793392955,7861.010180797151,10481.128609382471,True,1,4,640,480,22.366323036946465,36.435088163132775,False,False,20.7564,31.13746651387409,False,
1212,overnightvideo1212 25-09-19 12-23-17.bmp,2025-09-19 12:23:17,237.6138104200315,275.11910901216487,3.2334794363726322,3.401726073402763,7.614262191965651,8.010452745353248,396.9383959571546,329.72916908495455,7859.582441100509,10480.288426272748,True,1,8,640,480,22.31072730965631,37.446616773302075,False,False,20.7564,37.065,False,
1213,overnightvideo1213 25-09-19 12-24-17.bmp,2025-09-19 12:24:17,237.63347467404444,259.9471524254222,3.071413389461517,3.4724052603098157,7.23262581608043,8.176889511448465,417.514027047305,329.16952992064665,7879.755632414353,10507.068539160895,True,1,7,640,480,31.18058539253676,33.228682455977875,False,False,27.428099999999997,29.651999999999997,False,
1214,overnightvideo1214 25-09-19 12-25-17.bmp,2025-09-19 12:25:17,238.48706882893566,280.42678040626686,3.260741165433098,4.189100635795579,7.678458658019439,9.864578147823323,413.7228227103963,278.41986316728435,7851.586641523262,10469.73634820976,True,1,7,640,480,22.015113946347967,38.54991073234601,False,False,20.7564,35.58240094185298,False,
1215,overnightvideo1215 25-09-19 12-26-17.bmp,2025-09-19 12:26:17,236.78961344806615,253.22976622431415,2.988467953511265,4.904672928248786,7.037304240860946,11.549622125760884,525.5159580616828,296.27839884170777,7868.3427677771,10491.736451081626,True,1,8,640,480,31.787798704213724,33.8206182126993,False,False,30.795794085592274,29.651999999999997,False,
1216,overnightvideo1216 25-09-19 12-27-17.bmp,2025-09-19 12:27:17,235.89848173425895,273.50074543718387,3.0992714074008316,4.038910080835515,7.29822643513876,9.510906418429043,455.3866617789541,342.1439437979628,7889.922231128448,10520.050247681891,True,1,7,640,480,28.02390236726949,33.618073139308365,False,False,26.686799999999998,29.651999999999997,False,
1217,overnightvideo1217 25-09-19 12-28-17.bmp,2025-09-19 12:28:17,235.68302225776998,285.68386147784685,3.1939186520410034,4.641565735636052,7.521103664024385,10.930052034604598,430.0302739970125,323.46235737389,7856.87529984869,10475.165872932788,True,1,5,640,480,22.018451737072763,33.768070505928016,False,False,20.7564,31.134599922325794,False,
1218,overnightvideo1218 25-09-19 12-29-17.bmp,2025-09-19 12:29:17,230.73743245821387,287.7692961698553,3.706047700358394,4.507007530081319,8.7270754126448,10.61319167494092,387.26608694964784,293.49565508710884,7875.483469447165,10501.231800794229,True,1,7,640,480,22.0141664565371,33.60475619262248,False,False,20.7564,31.1346,False,
1219,overnightvideo1219 25-09-19 12-30-16.bmp,2025-09-19 12:30:16,236.44580344867714,281.59557068902893,2.8091249316294142,3.7542968320110774,6.61498369799714,8.840693435015876,479.6212684310281,334.8898813697236,7870.313717904105,10494.221825754783,True,1,8,640,480,31.1198237663984,38.60343790645359,False,False,29.651999999999997,35.5824,False,
1220,overnightvideo1220 25-09-19 12-31-17.bmp,2025-09-19 12:31:17,233.65246738982685,265.0855344543269,3.0571807443995453,4.378636170650381,7.199110498194688,10.310900224545074,463.69906123283636,335.6900745995735,7871.605584494719,10495.201240762965,True,1,4,640,480,22.888054379440312,37.27656466562774,False,False,22.238999999999997,32.6172,False,
1221,overnightvideo1221 25-09-19 12-32-17.bmp,2025-09-19 12:32:17,237.2664531131009,275.7306941279517,2.973489808171821,3.662743029887364,7.002033403978236,8.62510070657616,435.8691485578091,335.80300790334513,7870.955122235481,10494.951973192545,True,1,7,640,480,21.326357068805713,37.32292783218992,False,False,20.7564,38.54759999909386,False,
1222,overnightvideo1222 25-09-19 12-33-17.bmp,2025-09-19 12:33:17,239.35005942661317,250.20811695179205,2.996916136007982,3.427283586824589,7.057198190348295,8.070636090260113,335.31993739886013,270.90849834503814,7820.32503866609,10427.499260729184,True,1,6,640,480,22.269274884282705,35.02393451225579,False,False,20.7564,34.099799999999995,False,
1223,overnightvideo1223 25-09-19 12-34-17.bmp,2025-09-19 12:34:17,239.78139913583033,269.39607385541547,2.8459494682751463,3.3965698045260257,6.701698855039486,7.998310660044739,484.68266770400885,396.7618798016689,7866.061564255291,10488.247904137763,True,1,2,640,480,22.687215211791493,37.005710877072694,False,False,20.7564,37.065,False,
1224,overnightvideo1224 25-09-19 12-35-17.bmp,2025-09-19 12:35:17,234.19094392709255,284.77822138197,3.2876642257112185,3.465434010572528,7.741857620035932,8.160473472828183,409.7589157986956,352.5734593684816,7826.708119369745,10436.26531519793,True,1,3,640,480,23.76349876411558,34.984730727659354,False,False,23.7216,35.56592613380223,False,
1225,overnightvideo1225 25-09-19 12-36-18.bmp,2025-09-19 12:36:18,237.84998616241842,281.86928849278075,3.2075875821218562,3.3777464066262737,7.553291534572903,7.953984945354809,387.6597382232353,338.98686461614994,7887.245510388632,10516.841419515891,True,1,8,640,480,29.338102849570628,30.34952885596259,False,False,26.686799999999998,28.14732802079036,False,
1226,overnightvideo1226 25-09-19 12-37-18.bmp,2025-09-19 12:37:18,236.75272555526945,275.176789990861,2.8322045278036683,3.7626152731457685,6.669331993699493,8.860281866943255,445.2455212731017,299.31666536909216,7855.718868151908,10474.995836463093,True,1,7,640,480,23.682882022425503,36.160929061636025,False,False,23.7216,31.1346,False,
1227,overnightvideo1227 25-09-19 12-38-18.bmp,2025-09-19 12:38:18,235.2283515851175,269.3715589463182,3.0407974348756963,3.4682261709051327,7.160530752523982,8.167048507948342,450.6034348772794,352.6820120399238,7862.230364933038,10483.741541579713,True,1,5,640,480,33.312482972054404,36.91739133047488,False,False,31.1346,34.099799999999995,False,
1228,overnightvideo1228 25-09-19 12-39-18.bmp,2025-09-19 12:39:18,236.38367503899332,268.4194245890728,2.8423198296329293,3.194313022111559,6.693151709208575,7.522032334571689,454.403977754585,353.5670022988935,7850.2836493473515,10467.891676656573,True,1,3,640,480,23.149793718740977,36.63157308959379,False,False,22.238999999999997,32.6172,False,
1229,overnightvideo1229 25-09-19 12-40-18.bmp,2025-09-19 12:40:18,236.02449504228943,267.37245340388085,2.4956783208401028,3.8642510505037677,5.876873335863455,9.099615832758175,478.28988569335417,335.4230274569517,7868.840537281779,10491.252107774775,True,1,6,640,480,21.6112865316619,36.65368855489558,False,False,21.782853031570827,35.5824,False,
1230,overnightvideo1230 25-09-19 12-41-18.bmp,2025-09-19 12:41:18,231.9121672465017,260.6937276222767,2.9620640885499396,5.48524288957386,6.975127890383726,12.916759908232013,495.56338003980807,277.820878524454,7836.174287796224,10447.939815775993,True,1,5,640,480,20.97289792742607,36.33294099435152,False,False,17.7912,34.099799999999995,False,
1231,overnightvideo1231 25-09-19 12-42-17.bmp,2025-09-19 12:42:17,236.16207219376892,271.4164225469283,3.3092677320243995,5.242159920619565,7.792729989745164,12.344343260332801,440.9523206011306,307.1542455844322,7856.622272815797,10474.708225574126,True,1,5,640,480,23.2029614381754,36.575231362885745,False,False,22.238999999999997,35.58239074814526,False,
1232,overnightvideo1232 25-09-19 12-43-18.bmp,2025-09-19 12:43:18,234.66006045676082,285.49221899932104,3.2515929791467446,5.1955565854904115,7.656916325576656,12.234600792605375,510.82427365056424,311.8258463608437,7822.344545196873,10430.006227909356,True,1,4,640,480,22.422073467768527,36.483450649059726,False,False,22.238999999999997,35.5824,False,
1233,overnightvideo1233 25-09-19 12-44-18.bmp,2025-09-19 12:44:18,235.723720144941,290.79285261929965,3.217044733355187,2.961206095355954,7.57556142386604,6.973107470812029,330.85752650409563,309.8903202006003,7854.470291116209,10473.393322510252,True,1,8,640,480,23.52883509066143,35.98482195042202,False,False,22.238999999999997,35.582399999989214,False,
1234,overnightvideo1234 25-09-19 12-45-18.bmp,2025-09-19 12:45:18,236.06892623279217,271.4091004420862,2.9292909622210845,4.790296424242814,6.897953075566207,11.28028604144706,526.2962279363416,272.36829179034714,7863.169678743248,10485.463624550832,True,1,7,640,480,21.664334433262187,34.754257460985414,False,False,20.7564,30.3903097149154,False,
1235,overnightvideo1235 25-09-19 12-46-18.bmp,2025-09-19 12:46:18,235.37596450208378,259.9080661429184,3.224868747772014,3.384157451257277,7.593985569847395,7.969081801761484,367.331162879036,336.16705805820345,7858.683845637753,10478.490320330484,True,1,4,640,480,22.27279427002218,35.2587965634597,False,False,20.7564,32.6172,False,
1236,overnightvideo1236 25-09-19 12-47-18.bmp,2025-09-19 12:47:18,235.12414539126843,266.60598281438206,2.6613232569241596,4.023978070075513,6.266937351712063,9.475744220178772,553.8609795227559,303.77522951982,7852.190972090014,10470.90194904223,True,1,5,640,480,21.686252891746133,37.88418572898186,False,False,20.7564,34.09978968951937,False,
1237,overnightvideo1237 25-09-19 12-48-18.bmp,2025-09-19 12:48:18,234.07765990084883,238.73518672617513,3.3570305555732465,4.078289081802067,7.905202844045265,9.603636879258373,366.57725840171634,268.1271580519471,7827.945805512982,10437.977087101299,True,1,7,640,480,20.734243600024215,34.95488510219502,False,False,19.97917317610498,35.5824,False,
1238,overnightvideo1238 25-09-19 12-49-18.bmp,2025-09-19 12:49:18,232.86134123128144,253.15328505180128,3.114402574131829,3.2887843451397583,7.333857609861618,7.744495299719087,464.15710247313746,440.1927429271261,7852.4788877569,10469.960743225733,True,1,1,640,480,23.425108336497605,35.50171791819825,False,False,23.7216,30.3933,False,
1239,overnightvideo1239 25-09-19 12-50-18.bmp,2025-09-19 12:50:18,232.35837029085118,257.73985838579404,2.9383391105344425,3.456118560713902,6.919259836584915,8.13853726477261,456.0356339532312,389.59235818540475,7834.056484131503,10445.37475358293,True,1,1,640,480,22.67387353439122,36.53767623593297,False,False,20.7564,29.651999999999997,False,
1240,overnightvideo1240 25-09-19 12-51-18.bmp,2025-09-19 12:51:18,233.55152879385167,269.4909709266464,3.0380609509630543,4.121164113312812,7.1540868253535885,9.704599862891207,429.8599382488793,314.7576756320325,7842.24451896009,10456.371837330007,True,1,5,640,480,23.150851396304265,34.96945096554105,False,False,22.238999999999997,37.065,False,
1241,overnightvideo1241 25-09-19 12-52-18.bmp,2025-09-19 12:52:18,237.2667791253878,254.06955013715,2.6224746426669228,3.420751609745493,6.175455856137446,8.055254459700574,437.2206302647207,323.3870421568277,7868.454531218377,10491.483543237167,True,1,6,640,480,22.815855122350087,34.35617826108843,False,False,22.238999999383097,31.1346,False,
1242,overnightvideo1242 25-09-19 12-53-17.bmp,2025-09-19 12:53:17,230.7374566462773,241.94521135569235,3.2115838214850316,4.36283095953228,7.562701959130051,10.273681796588223,501.14218546323974,300.5483860752737,7863.194815184354,10485.817092102858,True,1,6,640,480,22.70942836205912,36.58665738661792,False,False,22.238604395062424,35.5824,False,
1243,overnightvideo1243 25-09-19 12-54-18.bmp,2025-09-19 12:54:18,237.5249370654313,234.82675897517294,2.733095386718217,3.1264933284472094,6.435947801625672,7.3623291604830206,463.2437027945812,406.59289599510186,7868.544351476028,10491.36572735238,True,1,2,640,480,22.547765785658783,38.43072160029935,False,False,21.4977,41.5128,False,
1244,overnightvideo1244 25-09-19 12-55-18.bmp,2025-09-19 12:55:18,236.65269412837267,235.61160664338064,2.879766583112179,4.852854713517786,6.781332074922845,11.427599555014607,511.8692087177982,351.6447399099025,7863.098546709951,10482.917681024479,True,1,6,640,480,21.922650402796847,34.63312830413404,False,False,20.7564,29.651999999999997,False,
1245,overnightvideo1245 25-09-19 12-56-18.bmp,2025-09-19 12:56:18,234.88476177400995,258.59835725659707,2.8373552353001004,4.028990366606757,6.681460982958182,9.487547276522184,379.6728522615066,246.51119361913425,7860.505769822365,10481.11341415075,True,1,8,640,480,23.795723790884967,36.630824749406926,False,False,20.7564,35.5824,False,
1246,overnightvideo1246 25-09-19 12-57-18.bmp,2025-09-19 12:57:18,233.97809492330612,235.91232187326483,3.5306895426404905,4.26913256771923,8.314138507790982,10.053038945359688,424.4600653757854,375.70934663251546,7857.4538669348185,10476.055179240559,True,1,6,640,480,23.694641840549533,36.96894645495701,False,False,23.7216,35.5824,False,
1247,overnightvideo1247 25-09-19 12-58-18.bmp,2025-09-19 12:58:18,234.78178484134878,281.60451444818574,3.9666331311836576,6.0192800581222246,9.340707208595155,14.174321337521272,369.9190617261852,235.6482550108719,7874.338970463873,10499.373991893053,True,1,8,640,480,21.778419824718238,34.55278433177674,False,False,20.7564,31.129050939913203,False,
1248,overnightvideo1248 25-09-19 12-59-17.bmp,2025-09-19 12:59:17,231.3490330580522,239.22452706126734,3.0979718327284567,2.7395507557577736,7.295166170650237,6.4511490340380915,418.85389102397687,343.8922276295223,7856.528758238855,10477.22808313288,True,1,6,640,480,22.46104294317907,35.289145222571605,False,False,22.238999999999997,35.5824,False,
1249,overnightvideo1249 25-09-19 13-00-18.bmp,2025-09-19 13:00:18,237.55511415717746,250.5576096860695,2.897677393940564,3.174133073266923,6.823508811284283,7.474512186524642,472.84431860846126,362.3748221304591,7865.4805352109015,10488.455856696515,True,1,2,640,480,21.671111038215468,35.45607516788211,False,False,20.7564,32.6172,False,
1250,overnightvideo1250 25-09-19 13-01-18.bmp,2025-09-19 13:01:18,236.11516527768177,225.50675949753654,2.6691767362895273,3.7726985124148906,6.285430882344867,8.884026080893028,443.34631876165696,317.76857567543107,7855.544893907121,10473.979044038959,True,1,7,640,480,22.281845136446425,36.90740269534117,False,False,22.238999999999997,34.8411,False,
1251,overnightvideo1251 25-09-19 13-02-18.bmp,2025-09-19 13:02:18,229.62144889226914,238.8336609307331,2.891741873750505,4.257133251919708,6.809531729363046,10.024782715988318,521.7183010748028,327.72625366824735,7841.270802259737,10455.620451189108,True,1,5,640,480,22.25877014042948,38.031843383937655,False,False,22.238999999999997,38.547419621507366,False,
1252,overnightvideo1252 25-09-19 13-03-18.bmp,2025-09-19 13:03:18,234.0333966964692,267.01235740682563,3.4296163247146167,5.224092311046227,8.076129268203353,12.301797291143712,446.55078059702936,300.07021767939244,7864.684537799968,10486.057548418134,True,1,6,640,480,23.162845206176954,36.71226419431853,False,False,22.238999999999997,34.099799999999995,False,
1253,overnightvideo1253 25-09-19 13-04-18.bmp,2025-09-19 13:04:18,233.86256798800414,251.935724611976,2.9758964729084454,6.213312620512138,7.007700666341709,14.631233104825759,495.0686562286534,245.01865339297902,7863.712581361318,10484.69367818839,True,1,6,640,480,23.374932137900117,37.994332141546025,False,False,23.7216,34.099799999999995,False,
1254,overnightvideo1254 25-09-19 13-05-17.bmp,2025-09-19 13:05:17,235.73133110085396,208.6617999493035,3.151164416455621,2.8736223291836187,7.420425133057951,6.76686346261011,407.01839939888043,301.18585905766236,7860.7016311662555,10483.113598417205,True,1,7,640,480,23.559749879991784,37.05460641038456,False,False,22.238999999999997,38.547599999999996,False,
1255,overnightvideo1255 25-09-19 13-06-18.bmp,2025-09-19 13:06:18,231.0365603744799,235.7299059350756,3.2710973526187104,3.951760793098211,7.702845615194211,9.305685528755069,445.4464590792598,381.5884418870663,7877.28530486999,10502.781540226657,True,1,6,640,480,21.23053692354231,34.15885962673398,False,False,20.7564,32.6172,False,
1256,overnightvideo1256 25-09-19 13-07-18.bmp,2025-09-19 13:07:18,233.9347649992474,248.74391347717528,3.1338049068324425,4.464129494440838,7.379546611825382,10.512221617123163,396.26004779739065,259.9565731194042,7856.195726231875,10475.352309337859,True,1,7,640,480,22.780415517930553,35.16090661752155,False,False,20.7564,34.099799999999995,False,
1257,overnightvideo1257 25-09-19 13-08-18.bmp,2025-09-19 13:08:18,229.5192465391201,262.8384828163972,3.1178752402853,4.596893515036161,7.342035113729512,10.824856994079932,413.66509334440747,305.6589685290542,7870.095407429062,10492.858296671162,True,1,8,640,480,23.38820192510264,36.54205409868283,False,False,22.238999999999997,35.5824,False,
1258,overnightvideo1258 25-09-19 13-09-18.bmp,2025-09-19 13:09:18,232.7019072553124,234.32203632026642,3.0171425428833354,4.133707842097154,7.104827738697328,9.734138086872008,345.9933919886152,284.4371535393883,7869.187972206746,10491.561992425968,True,1,7,640,480,23.30686474831483,35.60159090560046,False,False,22.238999999999997,32.6172,False,
1259,overnightvideo1259 25-09-19 13-10-18.bmp,2025-09-19 13:10:18,231.98735695667116,206.71998586859362,2.8780921535309942,3.7622670703133214,6.7773890945810775,8.859461911933673,467.9896369911244,341.845316609681,7865.224654698023,10487.283732990783,True,1,1,640,480,22.940420280577467,34.47757087668612,False,False,23.7216,34.099799999999995,False,
1260,overnightvideo1260 25-09-19 13-11-18.bmp,2025-09-19 13:11:18,231.44958528876458,208.38781039986208,2.7211190394129368,5.140247982695428,6.407745658924945,12.104358986081094,500.4275711520978,285.4341379541676,7851.83854163545,10468.567227812746,True,1,7,640,480,23.68134721192949,34.401674523440704,False,False,23.7216,31.139048008110166,False,
1261,overnightvideo1261 25-09-19 13-12-18.bmp,2025-09-19 13:12:18,232.11671086402413,249.37989506180384,3.2590494261622207,3.138867480426129,7.67447491647341,7.3914680616032395,374.70137355179446,334.18776265089554,7879.8624687604715,10507.382540373643,True,1,8,640,480,21.22247274412301,33.17314103724928,False,False,20.75639998905625,31.137631698080746,False,
1262,overnightvideo1262 25-09-19 13-13-18.bmp,2025-09-19 13:13:18,232.9041970028663,238.40898201103653,3.152194929914213,3.769109889782361,7.422851806806917,8.875575520383896,444.8366772080236,389.3385645655383,7877.31121243397,10502.74088268171,True,1,4,640,480,21.47377943444663,33.10641023917318,False,False,20.7564,31.1346,False,
1263,overnightvideo1263 25-09-19 13-14-18.bmp,2025-09-19 13:14:18,230.15148496269993,276.80553553120495,3.1709097569341034,2.8296719887618216,7.466921856612642,6.663368319998929,384.1244771244588,378.54756970788003,7879.049791359658,10506.166638292947,True,1,6,640,480,21.913478132031603,34.81635437581358,False,False,20.7564,32.6172,False,
1264,overnightvideo1264 25-09-19 13-15-18.bmp,2025-09-19 13:15:18,233.7095356704884,233.87171001351163,3.5290345427393626,3.329312191109722,8.310241280849281,7.839931083791084,291.8574742764057,290.4555336508319,7895.009742589989,10527.00843223298,True,1,7,640,480,28.275969340820975,33.71505185512752,False,False,26.686799999999998,28.1694,False,
1265,overnightvideo1265 25-09-19 13-16-18.bmp,2025-09-19 13:16:18,228.27611829307875,234.9430053657237,2.76614346902207,3.945078385012524,6.513770088284618,9.289949660245817,460.06356128081006,333.83077944746617,7883.6625942274495,10511.318331577571,True,1,5,640,480,20.07803139649151,34.95526660896824,False,False,19.273799999999998,32.6172,False,
1266,overnightvideo1266 25-09-19 13-17-17.bmp,2025-09-19 13:17:17,230.6606299942627,244.17191766190982,2.9510654889203636,4.947046745763573,6.949228167508731,11.649404840629188,543.6798779048213,288.89724519638537,7851.994184457067,10470.240742704484,True,1,7,640,480,22.102426930905235,37.24204117158072,False,False,20.7564,35.5824,False,
1267,overnightvideo1267 25-09-19 13-18-18.bmp,2025-09-19 13:18:18,231.77434339713537,217.40614742615617,3.511945948392989,3.3689471964722544,8.270000716341038,7.933264388903685,305.39564038132465,341.6720991719821,7865.013372659545,10486.274337903451,True,1,4,640,480,22.499903633156485,35.72116666591341,False,False,20.7564,35.5824,False,
1268,overnightvideo1268 25-09-19 13-19-18.bmp,2025-09-19 13:19:18,228.85266792507915,247.8190052913358,3.260848610158008,6.061494789268049,7.6787116710113885,14.273729432619051,508.122422502347,264.57501933831924,7844.308971565957,10459.356395515078,True,1,8,640,480,22.993918963682816,36.21552676168184,False,False,20.7564,34.099799999999995,False,
1269,overnightvideo1269 25-09-19 13-20-18.bmp,2025-09-19 13:20:18,227.10512626982074,238.10291117055095,3.0346864653638135,6.1202036716151555,7.146140519022827,14.411978285591381,507.2021369523677,265.50101594841755,7876.290311113046,10501.27276843115,True,1,8,640,480,21.47525136059381,35.189183843472776,False,False,20.7564,34.099799999999995,False,
1270,overnightvideo1270 25-09-19 13-21-18.bmp,2025-09-19 13:21:18,231.82671712284636,218.48884539992565,3.2544910878955933,2.9602885872425553,7.663740850151124,6.970946904315119,440.6019326133363,428.3761930773712,7854.221340345964,10473.161045168697,True,1,4,640,480,23.107316979256918,38.306318378041794,False,False,22.238999999999997,38.547599999999996,False,
1271,overnightvideo1271 25-09-19 13-22-18.bmp,2025-09-19 13:22:18,226.3926242382739,231.7868423826662,2.523015722146682,4.3253996193127335,5.941247996439243,10.185537726326862,515.2368178032876,300.35349866031527,7901.2695423286405,10535.030242937037,True,1,7,640,480,25.068639948148075,33.42551446191059,False,False,25.20419947956638,31.1346,False,
1272,overnightvideo1272 25-09-19 13-23-17.bmp,2025-09-19 13:23:17,229.03197056944109,248.42363735173092,3.481199488983159,4.833665588749382,8.19759833740904,11.382412619363368,400.5784604495169,294.92516154079107,7887.950817318459,10517.105472746056,True,1,8,640,480,20.463471392918596,35.3740391138072,False,False,20.7564,35.582399981882666,False,
1273,overnightvideo1273 25-09-19 13-24-18.bmp,2025-09-19 13:24:18,227.69792886058272,217.39789560622137,2.9615909794762736,3.6188128784847375,6.9740138036535715,8.521653105472009,406.68968096212075,304.8313671417212,7872.2279614973095,10496.833060315463,True,1,7,640,480,22.469152233625064,36.53130797488803,False,False,22.238999999999997,32.6172,False,
1274,overnightvideo1274 25-09-19 13-25-18.bmp,2025-09-19 13:25:18,226.9670640357792,235.91281452753216,3.3123886460601146,6.486549985539399,7.800079180675285,15.274657929043391,466.52472147089156,256.2482009420863,7880.564811353355,10506.809512044076,True,1,7,640,480,31.83716814574838,34.14181581117225,False,False,29.651999999999997,34.099799999999995,False,
1275,overnightvideo1275 25-09-19 13-26-18.bmp,2025-09-19 13:26:18,227.8330109005648,218.85789722155926,3.5805295311065053,3.4577974277870864,8.431502711674865,8.142490694609487,350.9218036317856,294.60650155615195,7864.994464003593,10487.901091313519,True,1,8,640,480,22.738726292961037,33.11755369766043,False,False,22.238999999999997,29.651999999999997,False,
1276,overnightvideo1276 25-09-19 13-27-18.bmp,2025-09-19 13:27:18,227.07335586277281,252.7736267728363,4.0113458631182946,5.354602520088061,9.445997646022935,12.609125347476603,295.1002699657885,229.72117524528934,7880.226219790887,10506.726422538208,True,1,7,640,480,21.141961144201762,36.11829804226831,False,False,20.7564,31.1346,False,
1277,overnightvideo1277 25-09-19 13-28-18.bmp,2025-09-19 13:28:18,228.0089407138393,232.7869703119771,3.4493118607467683,4.027681878313056,8.122508711249493,9.48446602205949,323.31532008110634,313.29197286271557,7893.0868275372295,10523.350073266345,True,1,8,640,480,19.68159679450853,31.87878268171387,False,False,17.7912,26.686799999999998,False,
1278,overnightvideo1278 25-09-19 13-29-18.bmp,2025-09-19 13:29:18,225.60320186109794,233.84821681109153,3.102684935724855,4.999715077486614,7.306264680060451,11.773429283908944,413.47427793770987,255.99589491928504,7894.562962004287,10526.099479328244,True,1,8,640,480,18.94373086132278,31.430312918701,False,False,17.7912,29.651999999999997,False,
1279,overnightvideo1279 25-09-19 13-30-18.bmp,2025-09-19 13:30:18,225.74290715313268,239.76371364093822,2.858203207633078,6.4871160860009525,6.730554206106128,15.275990993757759,587.8244069219469,295.2804449971987,7851.88212449849,10467.94688980158,True,1,6,640,480,22.538692871687953,36.370197996611,False,False,20.7564,34.099799999999995,False,
1280,overnightvideo1280 25-09-19 13-31-18.bmp,2025-09-19 13:31:18,229.92278438170385,199.19052171972788,3.2562657602006384,4.179188548548555,7.6679198840684055,9.841236966085935,412.54282078566536,314.42594811524236,7891.996442591582,10522.814951732627,True,1,7,640,480,19.84559549920562,30.78443098798023,False,False,20.523865522059655,28.1694,False,
1281,overnightvideo1281 25-09-19 13-32-18.bmp,2025-09-19 13:32:18,227.94815983236754,224.78976957776703,3.2403400633251196,4.8745149088095445,7.630417733834848,11.478605417066925,398.5259747797619,246.20147864084728,7882.845377041495,10510.937007034408,True,1,8,640,480,22.22355860061094,32.51246345062565,False,False,22.238999999999997,31.1346,False,
1282,overnightvideo1282 25-09-19 13-33-18.bmp,2025-09-19 13:33:18,226.69386037416874,224.66161072594358,3.296297971818828,3.8911665897669976,7.76218853843384,9.162997084138047,412.1549483310547,364.8178296165193,7867.527392376974,10489.718069461185,True,1,3,640,480,23.176004774937926,35.45921734880224,False,False,22.9803,31.1346,False,
1283,overnightvideo1283 25-09-19 13-34-17.bmp,2025-09-19 13:34:17,226.42310006376047,243.11437536903307,4.130519939564143,3.903141911096776,9.72663115008567,9.191196810851096,324.8567484272815,330.36597084637623,7870.16021532392,10493.82039560481,True,1,7,640,480,21.764946768466455,34.6135283779525,False,False,20.7564,32.6172,False,
1284,overnightvideo1284 25-09-19 13-35-18.bmp,2025-09-19 13:35:18,226.65240323947864,206.5078901126996,2.586760988744248,5.27431495704167,6.091356627999033,12.420062584648276,514.6694564154058,280.1809650263793,7880.821653778821,10506.997496545373,True,1,6,640,480,21.543035089469008,34.82967583525869,False,False,19.273799999999998,33.3585,False,
1285,overnightvideo1285 25-09-19 13-36-18.bmp,2025-09-19 13:36:18,224.21591951399841,219.26491169056067,2.500547755791111,3.7621518212014258,5.888339978894064,8.85919052101481,506.98731850953266,343.8382962420914,7870.425362544246,10493.765617006899,True,1,4,640,480,21.150188791526187,35.515735054006,False,False,20.7564,32.6172,False,
1286,overnightvideo1286 25-09-19 13-37-18.bmp,2025-09-19 13:37:18,223.0631233422159,213.54632688124576,2.7502889627703095,3.916506248830202,6.476435579158903,9.22266742123433,475.78933154831526,256.06471203933773,7885.228017417993,10515.233656295308,True,1,8,640,480,20.98074513201544,34.68745671757141,False,False,20.7564,32.61697305399231,False,
1287,overnightvideo1287 25-09-19 13-38-18.bmp,2025-09-19 13:38:18,227.0546091797878,210.01000587313555,3.1373575818793054,3.8187958396136317,7.387912522239216,8.992576991002974,421.7847810633037,363.7817754273553,7866.040632287415,10487.709939831955,True,1,2,640,480,22.102208485763434,35.27316168937987,False,False,20.728962170918766,34.099799999999995,False,
1288,overnightvideo1288 25-09-19 13-39-18.bmp,2025-09-19 13:39:18,221.2309797819614,234.1628596240235,3.279810283846364,3.693131604344234,7.723363000300066,8.696660330847111,329.6945315611575,288.5198334695904,7858.6554590887135,10478.289756237491,True,1,7,640,480,23.337320305994268,36.02084173123977,False,False,20.7564,37.065,False,
1289,overnightvideo1289 25-09-19 13-40-17.bmp,2025-09-19 13:40:17,226.9282366127461,230.71426597761928,2.943292837393613,3.4785904021993255,6.930924971890499,8.191454407551245,442.2304176080529,359.7310505089121,7860.3911539000555,10480.783985851947,True,1,1,640,480,20.011830558713427,37.04800307505308,False,False,19.273799999999998,34.099799999999995,False,
1290,overnightvideo1290 25-09-19 13-41-18.bmp,2025-09-19 13:41:18,223.43256571934205,219.16144791198582,2.850962388109438,3.549620106716317,6.71350337914941,8.35871657954048,474.8301522291557,385.53163702660265,7900.863624826917,10534.407712778262,True,1,2,640,480,25.982709120743426,31.219870979918856,False,False,22.291252377391633,29.651999999999997,False,
1291,overnightvideo1291 25-09-19 13-42-18.bmp,2025-09-19 13:42:18,219.27781220724887,292.58931233925443,2.9773606731714795,3.9527707419776226,7.011148594471041,9.308063776620765,400.3717380506423,258.05841410938916,7869.8858923259395,10494.079425984568,True,1,8,640,480,21.413669511991813,33.13948833748649,False,False,20.7564,29.651999999999997,False,
1292,overnightvideo1292 25-09-19 13-43-18.bmp,2025-09-19 13:43:18,215.83840269573585,299.2334950510359,3.121479812091463,4.60735410394155,7.350523231672418,10.84948979851717,448.3702635137513,292.2947205377648,7882.83715061323,10510.725646797624,True,1,7,640,480,22.51571042506722,33.91719405124597,False,False,23.7216,29.652000000002694,False,
1293,overnightvideo1293 25-09-19 13-44-18.bmp,2025-09-19 13:44:18,217.32932739188652,234.1154342511332,3.4416231998752065,3.6590076049950118,8.104403298509693,8.61630445316294,385.7720269070341,355.56830064015423,7893.064054477321,10524.224601342863,True,1,2,640,480,20.43603138233651,31.768355742040484,False,False,20.7564,28.9107,False,
1294,overnightvideo1294 25-09-19 13-45-18.bmp,2025-09-19 13:45:18,213.16847827002007,232.27327185413765,3.088402488428621,4.09994014278081,7.2726320868751815,9.654621231647305,471.0078257743029,316.9242581105699,7837.596412108014,10450.939502487556,True,1,5,640,480,23.17958664828036,38.041868706547305,False,False,20.7564,35.5824,False,
1295,overnightvideo1295 25-09-19 13-46-18.bmp,2025-09-19 13:46:18,216.9263193574795,244.37642527483516,2.898211674220167,5.337894067024535,6.824766945196357,12.569779947281152,511.64072556314767,255.88841240029967,7857.646974217119,10477.473298525943,True,1,8,640,480,22.84845112469093,36.228660413440345,False,False,22.238999999999997,35.5824,False,
1296,overnightvideo1296 25-09-19 13-47-18.bmp,2025-09-19 13:47:18,216.31076105645016,261.37555492167235,2.7864884008278072,4.1355209739013885,6.561678741515555,9.738407685988903,460.14656544501366,310.6749133804627,7822.301591567171,10429.721827961832,True,1,5,640,480,22.589550314557467,36.88094740867058,False,False,20.7564,32.6170540236933,False,
1297,overnightvideo1297 25-09-19 13-48-18.bmp,2025-09-19 13:48:18,219.1165543449193,217.36909626474915,3.349779646266766,3.462511544077509,7.888128257465664,8.153591590144782,443.1281907684294,434.3062349595227,7864.976885349641,10486.534492875153,True,1,1,640,480,22.84588974386436,33.921292942864845,False,False,23.721599999964265,32.6172,False,
1298,overnightvideo1298 25-09-19 13-49-18.bmp,2025-09-19 13:49:18,216.3513069802469,237.61175181409178,2.7729285462199025,3.4416120841489586,6.529747724077156,8.10437712297471,433.03145928212206,322.0887971895918,7855.60019962034,10474.615397450942,True,1,5,640,480,23.418177897281232,37.413255906636415,False,False,23.7216,32.61720000004045,False,
1299,overnightvideo1299 25-09-19 13-50-18.bmp,2025-09-19 13:50:18,216.90468534775434,220.55276331945922,3.618963158287402,4.794100464658871,8.522006987363685,11.289243872070896,388.1708167792373,297.7734668413301,7864.730857885731,10486.188849954064,True,1,7,640,480,22.497618110299733,36.05704297460686,False,False,20.7564,33.65216375460442,False,
1300,overnightvideo1300 25-09-19 13-51-17.bmp,2025-09-19 13:51:17,213.96966894743028,224.19009540346687,2.9439144975179716,4.151452784413354,6.932388869612534,9.775924232736113,465.59538711891605,341.92872157780323,7854.720675433305,10472.705914131095,True,1,5,640,480,20.239872647391195,33.37600418134007,False,False,20.7564,31.1346,False,
1301,overnightvideo1301 25-09-19 13-52-18.bmp,2025-09-19 13:52:18,214.17429518095375,228.3357664230253,3.2988926061583466,4.321359458212024,7.768298435386064,10.176023873981757,386.89252884700545,319.0120011767338,7884.023043692789,10511.496768054812,True,1,6,640,480,20.724418270279983,33.450411836571405,False,False,20.7564,29.83851938365311,False,
1302,overnightvideo1302 25-09-19 13-53-18.bmp,2025-09-19 13:53:18,216.86580141395766,230.25615825031903,2.879925598687313,4.614997679232358,6.781706527986643,10.867489042827668,426.5801453039438,275.2914832074292,7882.5446239589255,10509.840427245093,True,1,8,640,480,20.8176024699028,34.86370295703479,False,False,20.7564,34.099799999999995,False,
1303,overnightvideo1303 25-09-19 13-54-18.bmp,2025-09-19 13:54:18,212.6089708680422,217.8556749437962,2.684001641213148,3.0393213882157593,6.320340865624687,7.157054928261761,528.5056119128236,401.3443417076762,7891.172379531293,10522.600788806625,True,1,5,640,480,19.580258786709962,33.061127634696454,False,False,20.7564,28.1694,False,
1304,overnightvideo1304 25-09-19 13-55-18.bmp,2025-09-19 13:55:18,215.52634681934325,215.69353435650967,2.697330612014221,3.4323048553563207,6.351728193246686,8.082460274050117,469.93569675564237,351.1649902895342,7882.558856771428,10510.403640937871,True,1,6,640,480,19.972998623604564,33.29718426341413,False,False,17.7912,31.1346,False,
1305,overnightvideo1305 25-09-19 13-56-18.bmp,2025-09-19 13:56:18,215.77796110523704,214.03101315833865,3.048851636530753,3.040533328854699,7.1794969480280315,7.159908830371725,458.64920901425404,334.4018314453868,7878.690387265913,10506.913251771104,True,1,8,640,480,22.921071206494105,35.14120199074506,False,False,22.238999999999997,32.6172,False,
1306,overnightvideo1306 25-09-19 13-57-18.bmp,2025-09-19 13:57:18,214.577233750979,219.6069489409779,3.197918199735148,3.4777820985090147,7.530521879105613,8.189550997818827,336.05367723405686,300.7936183357446,7865.686244293409,10487.73089487123,True,1,7,640,480,22.49843953613936,34.624704710048874,False,False,22.238999999999997,32.6172,False,
1307,overnightvideo1307 25-09-19 13-58-18.bmp,2025-09-19 13:58:18,211.88559010977144,227.18661734028746,2.929564685237701,5.368225027789126,6.898597644012522,12.64120390167466,457.31249450497813,231.2183271407546,7860.545005608425,10481.241026525666,True,1,7,640,480,24.10298852026236,38.50749037201745,False,False,23.7216,34.09997678116325,False,
1308,overnightvideo1308 25-09-19 13-59-18.bmp,2025-09-19 13:59:18,210.56282982676817,217.2647279554208,3.244239249669851,4.579010242629744,7.639599615998732,10.782745105746551,428.88092369927966,320.0532418166361,7869.205151022502,10491.886392501217,True,1,6,640,480,22.978184443323915,33.03205067050121,False,False,22.238999999999997,32.6172,False,
1309,overnightvideo1309 25-09-19 14-00-18.bmp,2025-09-19 14:00:18,216.47731683159807,231.3996932615302,3.033313756291049,3.907589075951861,7.142908036182286,9.201669083795407,410.465262964075,296.8125014669488,7877.857925798232,10504.255748253736,True,1,8,640,480,21.460328061804596,35.54449389412687,False,False,20.7564,31.1346,False,
1310,overnightvideo1310 25-09-19 14-01-18.bmp,2025-09-19 14:01:18,199.50606546835485,358.3738454363692,3.431867187438871,5.457304293653475,8.08142964486504,12.850969542528668,406.70151374492184,279.3983609231796,7848.805288533089,10464.399976602155,True,1,7,640,480,22.506994539341076,38.69523305590576,False,False,20.7564,35.5824,False,
1311,overnightvideo1311 25-09-19 14-02-18.bmp,2025-09-19 14:02:18,207.79529240621017,269.65664956120105,3.29601994642181,4.1685488321219255,7.761533838655914,9.816182348571063,320.6236994365831,254.9899634684125,7857.229750133255,10476.274185895494,True,1,8,640,480,23.817324363402477,33.44932382737484,False,False,22.9803,32.6172,False,
1312,overnightvideo1312 25-09-19 14-03-18.bmp,2025-09-19 14:03:18,210.11279864929753,208.91402596215593,3.481733421334856,6.121335166472661,8.198855652013506,14.414642752362685,394.1733796060013,199.4157297043308,7867.127948026219,10490.296213776177,True,1,8,640,480,23.22712777342879,36.866983224626324,False,False,23.7216,35.5824,False,
1313,overnightvideo1313 25-09-19 14-04-18.bmp,2025-09-19 14:04:18,208.1137652202685,202.60122796227364,2.845769794435641,3.6352387682172482,6.701275755480651,8.560333119871594,393.5653871393853,293.0950594740755,7882.104039263306,10509.756794697998,True,1,8,640,480,20.655344856398727,32.94924827073706,False,False,20.7564,27.428100000512398,False,
1314,overnightvideo1314 25-09-19 14-05-18.bmp,2025-09-19 14:05:18,211.0782088371522,182.8529973223346,2.9448923141655445,4.452085778627872,6.934691451854604,10.483860833710134,481.2769264768598,298.8970416981231,7857.434896693675,10477.032065575275,True,1,7,640,480,22.410698411025283,37.53017098250741,False,False,20.597668175819578,37.065,False,
1315,overnightvideo1315 25-09-19 14-06-18.bmp,2025-09-19 14:06:18,210.5382132775093,216.34059377402784,3.0243589775427138,3.7482031673669445,7.121821143686889,8.826343951364175,409.55209114810077,337.06830037065833,7880.9034510065585,10507.74192635763,True,1,6,640,480,21.190287812505648,34.748147107388014,False,False,20.7564,32.6172,False,
1316,overnightvideo1316 25-09-19 14-07-18.bmp,2025-09-19 14:07:18,212.71310749551606,204.00589870969006,3.0332948221632203,3.751303441262299,7.14286344971854,8.833644538478042,342.33803690795236,308.2531434719642,7867.840760361348,10489.838453517224,True,1,7,640,480,21.49715406696236,36.56808339486032,False,False,20.7564,35.73559989188395,False,
1317,overnightvideo1317 25-09-19 14-08-18.bmp,2025-09-19 14:08:18,215.05668366443962,203.37248977931918,2.7850440352173873,6.009663060511233,6.558277520423784,14.151675038773895,504.8005770579611,242.98445314169263,7862.376487144399,10482.88475894297,True,1,8,640,480,22.447477521673118,34.953649197252055,False,False,20.771677502224616,34.148111008495725,False,
1318,overnightvideo1318 25-09-19 14-09-18.bmp,2025-09-19 14:09:18,209.23079387617327,215.9613446762371,2.9075196143905933,5.822453753878306,6.846685469287626,13.710830810898333,481.8147722664837,231.52066356368374,7890.95859342171,10521.55420639621,True,1,7,640,480,28.82842291720401,34.4552214840964,False,False,26.686799999999998,32.6172,False,
1319,overnightvideo1319 25-09-19 14-10-18.bmp,2025-09-19 14:10:18,212.01580386206584,195.68559229878798,2.8312360963441665,3.883533262744324,6.667051511886419,9.145021972654778,434.9860317285919,290.7537791931481,7843.128072771221,10458.03882443698,True,1,5,640,480,24.069598705143424,38.88097879028557,False,False,22.238999999999997,38.547599999999996,False,
1320,overnightvideo1320 25-09-19 14-11-18.bmp,2025-09-19 14:11:18,210.56351634563805,253.80500754726978,3.048482023537496,4.19419285093514,7.178626575942605,9.876569398107574,387.45602863654517,335.10736857131684,7868.728576787159,10490.466503340489,True,1,7,640,480,21.979637821853142,35.23718714759385,False,False,20.7564,32.6172,False,
1321,overnightvideo1321 25-09-19 14-12-18.bmp,2025-09-19 14:12:18,210.02547198138876,227.66310690776243,2.927989729856746,3.864767581055773,6.89488890751142,9.100832169255908,366.8939884866899,291.46958182103396,7836.858163936354,10448.871620877593,True,1,6,640,480,20.40969642775015,36.60601792789389,False,False,20.7564,38.547599999999996,False,
1322,overnightvideo1322 25-09-19 14-13-18.bmp,2025-09-19 14:13:18,213.79070959251163,234.75060327509044,3.125478110976522,2.9175166398426176,7.35993850603298,6.870226665212737,409.57591183617893,389.9525531829833,7873.742521313621,10499.067138327679,True,1,1,640,480,22.71380370682682,35.30770380963696,False,False,23.7216,32.6172,False,
1323,overnightvideo1323 25-09-19 14-14-18.bmp,2025-09-19 14:14:18,212.9390036108969,234.3868236369035,3.178060319087053,5.28838686033612,7.483760143703647,12.453199384597783,446.8934492962587,261.0131897915895,7854.0014848730525,10472.210424845462,True,1,8,640,480,22.36689065164715,36.530357724270964,False,False,20.7564,29.651999999999997,False,
1324,overnightvideo1324 25-09-19 14-15-18.bmp,2025-09-19 14:15:18,210.42678509529526,256.57437475549744,3.757399536222662,4.26167738363227,8.847999745087117,10.035483328432319,306.99521733437325,296.1712215611759,7871.0259297538005,10494.133684115925,True,1,8,640,480,21.78345366583126,36.35212856540961,False,False,20.7564,34.099799999999995,False,
1325,overnightvideo1325 25-09-19 14-16-19.bmp,2025-09-19 14:16:19,213.13990001389493,224.96332914165632,2.9788949709249986,3.3080203794265826,7.014761589576073,7.789792698844603,400.8594878298203,396.5300762766889,7871.393420740882,10494.57704492064,True,1,2,640,480,20.974455916158348,33.92872389913089,False,False,20.7564,29.651999999999997,False,
1326,overnightvideo1326 25-09-19 14-17-19.bmp,2025-09-19 14:17:19,212.67777907004884,218.84980154001826,3.4003490901640463,6.293071830292368,8.007210197621047,14.819051690792072,512.7177542297229,267.8271928848811,7856.971712131983,10476.264976928836,True,1,7,640,480,23.13884817788566,33.42405502726707,False,False,20.75640000000337,32.61720000000135,False,
1327,overnightvideo1327 25-09-19 14-18-19.bmp,2025-09-19 14:18:19,211.5385811768057,236.03937449532637,2.9397602040760322,3.995356609441006,6.922606256142515,9.40834583095857,438.4619566758767,287.26001449643945,7861.282849694871,10482.448181648302,True,1,8,640,480,23.50548631383944,35.64788382865381,False,False,22.238999999999997,34.099799999999995,False,
1328,overnightvideo1328 25-09-19 14-19-19.bmp,2025-09-19 14:19:19,212.328994164445,253.51142606957745,3.7520381695023244,3.211170442989485,8.835374691265304,7.561728527162553,309.05121361948994,283.15538165402995,7890.91310023851,10522.524630599617,True,1,7,640,480,27.75557845042498,34.627785258987466,False,False,26.686799999999998,31.134602108154,False,
1329,overnightvideo1329 25-09-19 14-20-19.bmp,2025-09-19 14:20:19,215.7910641703553,215.5656707291076,3.2785742699423244,3.2192192478938373,7.720452409982896,7.580682014289865,341.13112678792663,309.5024948214629,7862.188324125281,10483.555218536045,True,1,7,640,480,22.610512567735014,36.81554940844479,False,False,22.238999999999997,32.6172,False,
1330,overnightvideo1330 25-09-19 14-21-19.bmp,2025-09-19 14:21:19,213.64870885344573,232.72294126509192,2.8101793340918544,3.024473496652364,6.617466626051224,7.122090815581833,390.00547956780576,337.66633017520934,7869.957456500829,10493.666820042296,True,1,7,640,480,22.434781073607162,35.983352490742,False,False,22.238999999999997,36.323699999999995,False,
1331,overnightvideo1331 25-09-19 14-22-19.bmp,2025-09-19 14:22:19,211.9930882108024,254.6171943109307,3.4735924843549286,4.585208370063953,8.17968521042784,10.797340580470285,379.69373996127416,325.33918903409045,7862.015632274252,10481.784879896517,True,1,6,640,480,22.398296790255362,33.24248120665757,False,False,20.7564,31.1346,False,
1332,overnightvideo1332 25-09-19 14-23-19.bmp,2025-09-19 14:23:19,212.3643565510154,245.93508313528727,3.404137823416268,6.305961403848195,8.016131982628654,14.849404316973235,443.7441236776029,209.23336083274376,7874.613393994741,10500.48273078936,True,1,8,640,480,32.02329777290307,35.8043166150208,False,False,26.686799999999998,32.6172,False,
1333,overnightvideo1333 25-09-19 14-24-19.bmp,2025-09-19 14:24:19,215.7967468544741,222.6145717555697,3.0566180473705122,4.505673417902513,7.197785447951442,10.610050080839947,466.07503083036295,318.51676777774725,7845.481287334532,10460.58678376454,True,1,4,640,480,23.03887172799618,36.151444399328135,False,False,23.721599999999324,32.6172,False,
1334,overnightvideo1334 25-09-19 14-25-19.bmp,2025-09-19 14:25:19,214.178959028308,208.60133250989406,2.925656338381156,3.1174160439264207,6.889394190491796,7.340953788939018,521.7427019734511,307.14392979329637,7855.729348015425,10477.276906064717,True,1,6,640,480,23.594799893297218,40.25181063105744,False,False,22.238999999999997,35.5824,False,
1335,overnightvideo1335 25-09-19 14-26-19.bmp,2025-09-19 14:26:19,213.94882121844608,234.1950709206802,3.1123514977335187,3.688417752776033,7.329027694044987,8.685560058685011,406.96901724223983,275.067289414929,7837.665668510785,10451.537223969763,True,1,6,640,480,22.31685730206846,36.54602602772654,False,False,22.238999999999997,34.099799999999995,False,
1336,overnightvideo1336 25-09-19 14-27-19.bmp,2025-09-19 14:27:19,214.6233586809454,261.2432994473221,3.0888289329294105,3.5019708775452716,7.273636286933733,8.24651121955823,322.96828830919355,310.99934494407944,7864.625629985769,10485.689592592693,True,1,7,640,480,22.65911217093863,33.66337437241411,False,False,20.863322839875536,32.25549532791874,False,
1337,overnightvideo1337 25-09-19 14-28-19.bmp,2025-09-19 14:28:19,214.92298633838453,252.60004377912392,3.349323028206415,4.397431761541788,7.887053004104226,10.35516045873436,406.7243727218638,326.369406663209,7893.466159920501,10524.240664993848,True,1,6,640,480,28.405742141713365,33.23508762191174,False,False,26.686799999999998,32.61718942241822,False,
1338,overnightvideo1338 25-09-19 14-29-19.bmp,2025-09-19 14:29:19,214.7911827467287,230.68798686142156,2.986254751125205,3.9530740502666903,7.032092547518541,9.308778013059685,366.8461819734271,269.2530512380065,7825.554684944672,10434.23542055454,True,1,8,640,480,23.92914396452448,34.33591077496874,False,False,22.238999999999997,32.6172,False,
1339,overnightvideo1339 25-09-19 14-30-19.bmp,2025-09-19 14:30:19,209.12297930316876,234.9580182345985,3.09626934172486,4.163953937223073,7.2911571107084825,9.805362197958434,383.47497994270407,274.7751659937086,7853.429336582638,10471.464663306057,True,1,8,640,480,21.961366179507504,38.30280727729789,False,False,21.119149168940613,37.065,False,
1340,overnightvideo1340 25-09-19 14-31-19.bmp,2025-09-19 14:31:19,211.06550727449732,228.69641000508562,3.444488016494415,3.343140683822506,8.111149426109943,7.872494695623713,394.9902272310737,390.1209353095623,7851.271303456203,10468.655796421917,True,1,1,640,480,23.003203663316814,34.76062736014597,False,False,23.7216,32.6478345650654,False,
1341,overnightvideo1341 25-09-19 14-32-19.bmp,2025-09-19 14:32:19,214.91380568026372,207.7227838697132,3.2572878586601104,3.946273012757852,7.670326742008766,9.292762793606865,350.8370561936126,262.0693144757253,7867.328878355606,10490.338859161628,True,1,7,640,480,21.93029246687992,34.84006599351262,False,False,20.7564,35.5824,False,
1342,overnightvideo1342 25-09-19 14-33-19.bmp,2025-09-19 14:33:19,213.5908495092909,245.73641180094913,3.1450026510357496,3.6921933937111695,7.405915284334459,8.69445101364191,454.4013890951843,335.8232315967749,7854.621552565376,10473.816605504842,True,1,3,640,480,22.70173056669366,37.82785043420384,False,False,22.238999999999997,37.065,False,
1343,overnightvideo1343 25-09-19 14-34-19.bmp,2025-09-19 14:34:19,213.282279063386,228.74008311324948,2.9615270099332345,3.7345612811847313,6.973863166891352,8.794219764330268,453.645377856541,300.055097549108,7865.094355347714,10487.956535727555,True,1,8,640,480,22.404953340587287,35.27759148858185,False,False,22.177514274024684,32.6172,False,
1344,overnightvideo1344 25-09-19 14-35-19.bmp,2025-09-19 14:35:19,211.38544409601536,249.88263806178978,3.456945956555565,4.14837868984055,8.140485633085735,9.768685293215755,419.4828066674193,313.9351418205177,7884.126663534888,10512.940756697104,True,1,7,640,480,20.45014999352086,34.993658207617486,False,False,19.273799999999998,32.6172,False,
1345,overnightvideo1345 25-09-19 14-36-19.bmp,2025-09-19 14:36:19,211.64032963418032,245.78883979366285,3.505978891732939,6.390925885442711,8.255949371708116,15.049480381347665,458.8800607997267,237.77867522900277,7902.417619931622,10537.022630705933,True,1,8,640,480,25.51376192294454,32.048672438650215,False,False,22.238999999999997,26.686799999999998,False,
1346,overnightvideo1346 25-09-19 14-37-19.bmp,2025-09-19 14:37:19,209.08271897116708,262.3570184906484,4.0333082366130295,4.246378104007323,9.497715083364794,9.999456278096961,305.54506818371686,289.3956143722244,7849.163965614174,10465.570097127358,True,1,7,640,480,24.47290281194963,36.17872233510227,False,False,23.7216,34.099799999999995,False,
1347,overnightvideo1347 25-09-19 14-38-19.bmp,2025-09-19 14:38:19,213.0762442636849,215.6242710510729,3.143955356647194,3.466564222299949,7.40344909451524,8.163134918059043,397.63902258054003,315.8939944391995,7881.350492598203,10509.27723862433,True,1,8,640,480,20.519669565562776,34.800351472551604,False,False,20.7564,32.6172,False,
1348,overnightvideo1348 25-09-19 14-39-19.bmp,2025-09-19 14:39:19,214.27350467866907,200.15990155553052,3.200415190448203,4.411744822576229,7.536401842888972,10.388865141764013,462.6710172696705,284.35994792843894,7842.60365136497,10457.986199632556,True,1,7,640,480,20.087468451223884,37.82327768872609,False,False,17.7912,35.582400000010786,False,
1349,overnightvideo1349 25-09-19 14-40-19.bmp,2025-09-19 14:40:19,214.40891385697395,262.97546545637664,3.3058815350629374,4.841744490081424,7.78475610526389,11.40143697816189,429.7892084555482,253.45966297077646,7875.742971581265,10502.001871966386,True,1,7,640,480,21.805596592053256,34.80023950835493,False,False,22.238999999999997,32.6172,False,
1350,overnightvideo1350 25-09-19 14-41-19.bmp,2025-09-19 14:41:19,211.56516160561173,224.29382744819202,2.930816289174291,3.925240492463585,6.901544946050843,9.243234993220405,420.9604428641096,331.8880779794767,7864.889731250004,10486.159403668185,True,1,7,640,480,21.82046532736965,36.0970744957665,False,False,20.7564,37.065,False,
1351,overnightvideo1351 25-09-19 14-42-19.bmp,2025-09-19 14:42:19,213.780354796931,245.40493700946917,2.7783907313970353,4.6196884512913785,6.542610187221939,10.87853496689892,499.78504842126176,299.0350719232641,7890.845782226101,10521.16504417736,True,1,7,640,480,19.750409063735994,33.18999128796295,False,False,19.273799999999998,28.9107,False,
1352,overnightvideo1352 25-09-19 14-43-19.bmp,2025-09-19 14:43:19,212.46455654197442,265.434196418437,3.1622022319814156,3.4323568098369734,7.446417202311445,8.082582617502588,412.1800413245807,355.15638712414835,7885.648232988113,10514.63825284782,True,1,6,640,480,21.691686271471593,31.499826035359824,False,False,19.273799999999998,26.84670244063418,False,
1353,overnightvideo1353 25-09-19 14-44-20.bmp,2025-09-19 14:44:20,212.8619350773009,230.79538014379432,2.8078231492817176,4.525921357845468,6.611918234830516,10.657730335688202,488.07044471950644,298.91676075039345,7860.051371526312,10480.160100814925,True,1,8,640,480,19.18255775055145,37.03707237292789,False,False,17.7912,34.099799999999995,False,
1354,overnightvideo1354 25-09-19 14-45-20.bmp,2025-09-19 14:45:20,213.90494013724293,257.90581476664323,3.409898249553044,4.783355350745599,8.029696749563454,11.263941062441784,407.21587567264083,273.50313629826906,7879.495913214924,10506.41389947661,True,1,7,640,480,21.212916872449956,32.78428278304285,False,False,20.7564,31.1346,False,
1355,overnightvideo1355 25-09-19 14-46-20.bmp,2025-09-19 14:46:20,209.89915415861608,249.53613375282472,3.012701541750064,6.8257806015375175,7.094369980208697,16.073484983483958,556.7118180863048,227.18578496780916,7884.273229112542,10513.024834537204,True,1,7,640,480,21.68874190399059,32.47066961078515,False,False,22.238999999999997,26.686799999999998,False,
1356,overnightvideo1356 25-09-19 14-47-20.bmp,2025-09-19 14:47:20,212.7242638243217,243.6865655669698,2.7020741396511365,4.214011061492081,6.362898347210253,9.923237717583701,519.0451568261215,324.63767479458994,7877.941340024053,10504.101803036117,True,1,8,640,480,21.51658647308733,35.2225966868766,False,False,20.7564,31.1346,False,
1357,overnightvideo1357 25-09-19 14-48-20.bmp,2025-09-19 14:48:20,209.8772467484281,252.81879433089819,3.1411004126297257,3.970765992374395,7.396726215115464,9.350439352970435,410.33583613432324,300.0502467157326,7895.015924400027,10527.196936640812,True,1,7,640,480,28.254779443301604,35.365706610593065,False,False,25.2042,32.6172,False,
1358,overnightvideo1358 25-09-19 14-49-20.bmp,2025-09-19 14:49:20,214.22395815577428,230.93003542364838,3.099341268855329,4.773472872098724,7.298390946292185,11.240669603629533,451.54457851995215,290.78836185346756,7890.221870192426,10520.355465776332,True,1,8,640,480,20.120990185042128,32.94123101895507,False,False,17.7912,28.169400000043147,False,
1359,overnightvideo1359 25-09-19 14-50-20.bmp,2025-09-19 14:50:20,214.5224494891291,254.97693429842744,2.994988701890075,4.825918996541619,7.052659429851971,11.364170788751847,433.3855547288433,242.11305449398805,7884.041303906033,10512.731688399279,True,1,8,640,480,22.057433077860992,33.00905651267039,False,False,20.7564,26.686799999999998,False,
1360,overnightvideo1360 25-09-19 14-51-20.bmp,2025-09-19 14:51:20,210.81209759941635,228.62136004627357,3.1622801836786367,5.108667016647998,7.446600764530606,12.029991494191165,440.3252840058187,281.9939007795744,7883.822954341867,10511.512330973324,True,1,7,640,480,21.242522706405012,32.337479466706185,False,False,20.7564,28.1694,False,
1361,overnightvideo1361 25-09-19 14-52-20.bmp,2025-09-19 14:52:20,214.63658861813354,201.809340481104,2.830510066628569,3.6533240053960183,6.665341842558843,8.6029205988993,516.1613151891022,397.7264801349106,7872.35752592886,10496.518353558851,True,1,4,640,480,22.242926131200328,36.657891299136054,False,False,20.7564,35.5824,False,
1362,overnightvideo1362 25-09-19 14-53-20.bmp,2025-09-19 14:53:20,214.92435230623596,234.39881847356295,2.7365885828919008,3.6741671598404544,6.444173649996688,8.652002476786734,478.00623801576563,356.2742640578296,7869.042286682833,10492.051657297421,True,1,7,640,480,22.957441710293367,37.38492784809003,False,False,22.238999999999997,35.5824,False,
1363,overnightvideo1363 25-09-19 14-54-20.bmp,2025-09-19 14:54:20,216.5078966802383,236.5505546289898,2.836408417324413,3.3239543364870743,6.679231397010038,7.827314300327312,389.0165366202988,349.91133931664376,7902.542440388477,10536.411598827086,True,1,7,640,480,25.788676633585258,33.53374310241045,False,False,22.980299998663718,32.6172,False,
1364,overnightvideo1364 25-09-19 14-55-20.bmp,2025-09-19 14:55:20,211.88719727286517,240.58635537147836,3.2735084041535645,3.4050578604170987,7.708523207678088,8.01829850420038,427.38282045737213,379.54783896228656,7855.150193177751,10474.090578857524,True,1,4,640,480,22.446135157611796,37.55552860168016,False,False,22.238999999999997,34.8411,False,
1365,overnightvideo1365 25-09-19 14-56-21.bmp,2025-09-19 14:56:21,216.2032341425118,254.46902836721102,3.2068237670480975,4.306679958612553,7.5514928875265195,10.1414562940739,312.3021893138839,261.1879708343307,7888.1384634138385,10516.873774302703,True,1,7,640,480,20.563129070581358,31.615583138169047,False,False,19.27379999999865,28.9107,False,
1366,overnightvideo1366 25-09-19 14-57-20.bmp,2025-09-19 14:57:20,212.40202872244535,238.4630042889268,3.245708014057739,4.52190728610272,7.643058291820758,10.648277919086185,387.7252624433571,235.67636942979343,7887.0883612734015,10517.124311348132,True,1,8,640,480,20.605251137220936,33.63321018753389,False,False,19.273799999999998,32.92520934175697,False,
1367,overnightvideo1367 25-09-19 14-58-20.bmp,2025-09-19 14:58:20,213.0492445327438,264.24671541371816,3.1275460587833304,4.857719394764756,7.36480815098053,11.43905500392766,448.85038924656806,299.1275060134572,7883.234679000656,10510.722239342193,True,1,7,640,480,20.89129483650137,34.23243620475932,False,False,20.7564,29.651999999999997,False,
1368,overnightvideo1368 25-09-19 14-59-20.bmp,2025-09-19 14:59:20,209.7552252850789,239.77009899344074,3.333575510134842,3.5459008191880246,7.849970432889799,8.349958326715624,392.19805036842826,346.95996841547117,7890.29496798418,10520.79610673873,True,1,6,640,480,19.948325542334157,31.76312652404473,False,False,18.395354369034262,26.686799999999998,False,
1369,overnightvideo1369 25-09-19 15-00-20.bmp,2025-09-19 15:00:20,214.96770074344607,244.06561329902354,3.3867152835301293,4.016806942507728,7.975105036469423,9.458857505236677,380.9084597141293,319.6837789405202,7883.3005907523,10511.098371906277,True,1,4,640,480,20.966301267718155,32.257320947836746,False,False,20.7564,29.406341987627552,False,
1370,overnightvideo1370 25-09-19 15-01-20.bmp,2025-09-19 15:01:20,212.3952306950285,243.20191054108818,3.0964760850578217,3.775913074033277,7.291643954053117,8.89159579502799,423.80167827167224,307.1914368878064,7861.794644320999,10483.188523472445,True,1,6,640,480,22.871558233818064,36.846581738834054,False,False,22.238999999999997,37.065,False,
1371,overnightvideo1371 25-09-19 15-02-20.bmp,2025-09-19 15:02:20,211.27476532717526,245.99374808560185,3.0919611399536233,4.431319547656801,7.2810120708195365,10.434960096759713,431.72274031498273,269.1369668847249,7898.773401990904,10532.440656555456,True,1,7,640,480,26.89721609395829,33.60798769708149,False,False,26.686799999999998,29.651999999999997,False,
1372,overnightvideo1372 25-09-19 15-03-20.bmp,2025-09-19 15:03:20,211.0432715659987,264.04630383813617,3.5683231122813632,4.5197161893134545,8.402758791947377,10.64311828044622,385.65513264907753,276.69965902690865,7874.835192568592,10500.435835052354,True,1,8,640,480,20.877601552107823,33.81263992922055,False,False,20.7564,31.1346,False,
1373,overnightvideo1373 25-09-19 15-04-20.bmp,2025-09-19 15:04:20,213.27080928353828,217.3247513489977,2.925531680195315,4.816365228941549,6.8891006428970005,11.341673385301636,566.163385694977,311.64756262209784,7840.740936082986,10455.13235350137,True,1,4,640,480,19.95004150778346,39.85523578529159,False,False,19.273799999999998,38.54760004681433,False,
