frame_num,filename,timestamp,mu_x,mu_y,sigma_x,sigma_y,fwhm_x,fwhm_y,amp_x,amp_y,offset_x,offset_y,fit_ok,n_peaks_x,n_peaks_y
1,allmetal0001 26-02-13 16-36-54.fits,2026-02-13 16:36:54,688.5943673244456,544.619420421664,4.451572105752158,5.0908858677522435,10.482651226525814,11.988120088347761,871.5297019905306,779.5496745482067,16820.55319620995,21025.473827123813,True,1,1
2,allmetal0002 26-02-13 16-37-54.fits,2026-02-13 16:37:54,687.6653030292733,543.3251053710615,5.1281274764374,4.976058385519604,12.075817374988766,11.717722031465907,757.5715175347858,773.0790501222799,16880.975735444936,21101.312778857373,True,1,1
3,allmetal0003 26-02-13 16-38-54.fits,2026-02-13 16:38:54,688.1638635739735,539.8829767898146,4.7531850020418025,5.427568101547908,11.19289532054851,12.780946161295589,788.7719676763645,728.0533888858366,16879.23687631331,21098.55069296457,True,1,1
4,allmetal0004 26-02-13 16-39-54.fits,2026-02-13 16:39:54,688.8174067251434,539.4252137468433,4.335418080921483,4.558625303512913,10.209129400543517,10.734742242497502,846.6085904717166,866.7203980716212,16884.765364126757,21105.269704563092,True,1,1
5,allmetal0005 26-02-13 16-40-54.fits,2026-02-13 16:40:54,690.1172968881524,538.0794637145278,4.264505207781889,5.3240478044337545,10.042142345423667,12.53717449058362,868.7317542120225,791.5351762972512,16880.54505189675,21099.43421828079,True,1,1
6,allmetal0006 26-02-13 16-41-54.fits,2026-02-13 16:41:54,690.4039989822188,537.6401883784525,4.455964862237695,4.979157267944052,10.492995377550898,11.725019341916191,830.3937809229895,788.1399727043183,16884.380437687054,21104.927057279998,True,1,1
7,allmetal0007 26-02-13 16-42-53.fits,2026-02-13 16:42:53,691.6096465673677,537.4003833817022,4.390672130145972,3.9680904812508677,10.339242743226471,9.34413900574605,880.9883565541442,822.4152317393003,16850.602369843677,21064.73322658477,True,1,1
8,allmetal0008 26-02-13 16-43-53.fits,2026-02-13 16:43:53,690.962315286674,536.2205691692816,4.706774536258454,5.0895651264193535,11.083607025422658,11.985009980182772,791.3176645461508,800.4036666430716,16878.406193779327,21097.153058476764,True,1,1
9,allmetal0009 26-02-13 16-44-53.fits,2026-02-13 16:44:53,691.08882948577,535.6880603663627,5.498705699306931,5.446575669998368,12.948462402453885,12.82570556449003,696.3388594377747,766.9718214237756,16832.185323785037,21039.378794964578,True,1,1
10,allmetal0010 26-02-13 16-45-53.fits,2026-02-13 16:45:53,690.8677132979143,534.4537232098811,4.359867767976218,5.708194781715527,10.266704013714742,13.441771492924786,827.4027754209394,696.902216201026,16856.67161924644,21069.932127296546,True,1,2
11,allmetal0011 26-02-13 16-46-53.fits,2026-02-13 16:46:53,691.2845038714191,535.2666838758388,4.600330470116294,4.406498611436944,10.832950404796499,10.37651125861276,812.7394294205669,822.8952889525791,16821.446127210027,21027.083738196965,True,1,1
12,allmetal0012 26-02-13 16-47-53.fits,2026-02-13 16:47:53,691.749874624936,534.1995107883467,5.038839420740975,4.88616273012262,11.865560071652984,11.506033940175893,769.6608280429932,812.5901420820277,16865.017031954783,21081.045472266116,True,1,1
13,allmetal0013 26-02-13 16-48-54.fits,2026-02-13 16:48:54,691.5337641940908,534.0822618966786,4.3461412254484495,4.7142313088084205,10.234380476221384,11.101166382894556,838.1164754729001,787.6709161926806,16876.735487971833,21095.74631859061,True,1,1
14,allmetal0014 26-02-13 16-49-54.fits,2026-02-13 16:49:54,691.6768444018043,533.1178262984308,4.427340877161512,4.438502314164153,10.425591043724836,10.451874219310003,849.1777259881567,847.08104866069,16800.00943919569,21000.01137812889,True,1,1
15,allmetal0015 26-02-13 16-50-54.fits,2026-02-13 16:50:54,691.2918552910244,532.7152179451044,4.745941483223036,5.2470649348454454,11.17583813723752,12.355893686153067,779.6118575574274,709.9657791829474,16841.962886553236,21052.3918131729,True,1,1
16,allmetal0016 26-02-13 16-51-54.fits,2026-02-13 16:51:54,690.9446119262324,532.0663955797066,4.3085330760086356,5.216749466670689,10.14582005206399,12.284506214020652,849.7495628639954,804.0291523013628,16856.599060528788,21069.44350738728,True,1,1
17,allmetal0017 26-02-13 16-52-54.fits,2026-02-13 16:52:54,690.9197984914076,531.6109293602677,5.038036559817743,4.682831087179818,11.863669478657588,11.027224511585109,771.8660320102067,844.8890366951172,16786.373829265558,20982.80136112052,True,1,1
18,allmetal0018 26-02-13 16-53-53.fits,2026-02-13 16:53:53,690.9415221044235,530.6105677412527,4.654243975197061,5.353747480758167,10.959907007258568,12.607111883723277,785.3168363025125,782.7566396920251,16845.616510069605,21055.709491704172,True,1,1
19,allmetal0019 26-02-13 16-54-53.fits,2026-02-13 16:54:53,690.8088493823941,531.0405664901417,4.217814188343963,5.366114432466333,9.932193396928309,12.636233829501597,856.0111990133672,711.9884434988229,16862.359240766185,21077.434714137584,True,1,3
20,allmetal0020 26-02-13 16-55-53.fits,2026-02-13 16:55:53,690.9539795150014,530.8671391469117,4.770641348052104,5.162679057555557,11.234001874046564,12.157180130793314,797.4297738448118,733.6915795892494,16839.264184173073,21049.120466729182,True,1,1
21,allmetal0021 26-02-13 16-56-54.fits,2026-02-13 16:56:54,690.4881701350913,530.7153587435355,4.77836859954172,4.481311536884328,11.252198160747307,10.552682235083665,785.9022893826794,771.7284100237152,16854.591235605025,21068.96600438179,True,1,1
22,allmetal0022 26-02-13 16-57-54.fits,2026-02-13 16:57:54,691.1345173026584,530.9179961416598,4.538873679682677,5.19274721198776,10.688230722780151,12.227985223567353,809.797760638394,752.3090493318082,16862.283369493427,21077.28879832689,True,1,1
23,allmetal0023 26-02-13 16-58-54.fits,2026-02-13 16:58:54,691.4436119137273,532.1031938188678,5.161007650484118,4.65850452905122,12.153244267918085,10.969939844877276,759.8437168816125,766.827795230058,16835.450866198233,21045.168598731772,True,1,2
24,allmetal0024 26-02-13 16-59-54.fits,2026-02-13 16:59:54,689.8821624303948,531.7291137926253,4.313218561715056,5.426533783878165,10.156853527726174,12.778510529313948,811.0393185945243,692.5050960463673,16824.86745187698,21030.448570092572,True,1,3
25,allmetal0025 26-02-13 17-00-53.fits,2026-02-13 17:00:53,690.0611630776658,532.956163686138,5.3539723642378405,4.420113487743839,12.60764144384901,10.408571842250852,697.1235321526109,814.5052039596895,16854.65649252557,21068.644163303004,True,1,1
26,allmetal0026 26-02-13 17-01-53.fits,2026-02-13 17:01:53,690.4298841153809,533.2991444977998,5.057828837949428,5.069995899184676,11.910276731938906,11.938927971624786,761.9207452715466,802.474320299209,16802.321324262542,21002.375662885323,True,1,1
27,allmetal0027 26-02-13 17-02-53.fits,2026-02-13 17:02:53,690.0752274727581,531.6893558366852,4.378266228319479,5.114788501841759,10.31002907692876,12.044406490230793,839.2232159456489,755.9645363383464,16843.281866231213,21053.63171319721,True,1,1
28,allmetal0028 26-02-13 17-03-53.fits,2026-02-13 17:03:53,690.5943455919379,533.0231809899044,4.698369233012087,4.739477187569417,11.063814048853551,11.160615884255371,779.6929568975834,735.4820846183362,16834.306644707558,21043.317767309076,True,1,2
29,allmetal0029 26-02-13 17-04-53.fits,2026-02-13 17:04:53,690.1970143189632,532.5610911141328,4.854170630739261,5.686862753482271,11.430698303265338,13.391538405239949,764.6648472040766,714.5357523154438,16782.865517945396,20977.721093099324,True,1,1
30,allmetal0030 26-02-13 17-05-53.fits,2026-02-13 17:05:53,689.894473178408,532.81666970421,4.754025028113041,5.019273076314669,11.194873430779412,11.81948485158994,806.8451528148405,768.5903584196636,16840.51732060279,21050.59279047149,True,1,1
31,allmetal0031 26-02-13 17-06-54.fits,2026-02-13 17:06:54,689.3581206507088,533.1128257403435,4.8321695376466085,5.7992509595306485,11.378889688238168,13.656192405667738,771.5850731081513,695.6509496436455,16844.517353286203,21054.898070051484,True,1,3
32,allmetal0032 26-02-13 17-07-54.fits,2026-02-13 17:07:54,689.2472197578754,531.7442335241981,5.383515617233215,4.708917168825013,12.677210488197938,11.088652539539527,717.9314634184382,847.4049231669114,16821.31007312723,21026.330714658554,True,1,1
33,allmetal0033 26-02-13 17-08-54.fits,2026-02-13 17:08:54,688.9395754526926,532.2446885766191,5.0188785526856625,4.382706183224341,11.818555819440117,10.320484371737763,758.1030422846496,822.5007003975833,16853.248994374448,21067.050936772688,True,1,1
34,allmetal0034 26-02-13 17-09-54.fits,2026-02-13 17:09:54,689.114037752156,531.6098867365994,4.422084274918762,6.209391489813105,10.413212691394852,14.62199954765649,835.1552675093465,636.3833592386595,16780.550549601026,20975.05559027782,True,1,3
35,allmetal0035 26-02-13 17-10-54.fits,2026-02-13 17:10:54,689.0799233675043,532.928997860648,4.856938482027836,4.916992797418044,11.43721609496134,11.578633200632812,757.2457497678392,793.0258372009581,16859.496001428353,21073.82802590055,True,1,1
36,allmetal0036 26-02-13 17-11-54.fits,2026-02-13 17:11:54,689.1055802185692,532.9753522988843,4.775509517436349,4.803749439227321,11.24546553689519,11.311965470798677,755.6518668012166,766.3758897252461,16865.565253396344,21081.778226326565,True,1,1
37,allmetal0037 26-02-13 17-12-53.fits,2026-02-13 17:12:53,688.8746455983928,531.8330253249629,4.795645440698174,4.925700686172761,11.292882012617342,11.59913871162232,780.7436571931125,785.1518966735416,16876.73496735479,21095.61699954872,True,1,1
38,allmetal0038 26-02-13 17-13-53.fits,2026-02-13 17:13:53,688.7165692869112,533.2920212764466,4.835642854110714,5.049755262741661,11.387068723470579,11.89126491520459,790.9405739329538,771.0177322324527,16876.074127692635,21094.924380865665,True,1,1
39,allmetal0039 26-02-13 17-14-53.fits,2026-02-13 17:14:53,689.1394382053855,533.510776071107,5.058679024864838,4.941628735115717,11.912278769129337,11.636646400551427,765.0960521003082,757.912124169228,16862.592506017692,21078.546752108432,True,1,1
40,allmetal0040 26-02-13 17-15-53.fits,2026-02-13 17:15:53,689.5396873734633,531.8415863884243,5.065381074307829,5.715389876029416,11.928060889500479,13.458714645241022,745.2544262662117,722.7950819717153,16866.291003183673,21081.992166981738,True,1,2
41,allmetal0041 26-02-13 17-16-53.fits,2026-02-13 17:16:53,688.8477236830488,531.1385826302516,4.8708350372272395,5.96884149880579,11.469939981701774,14.055547607000449,792.7178252526061,617.4555885031633,16761.54329103035,20952.35921396033,True,1,8
42,allmetal0042 26-02-13 17-17-53.fits,2026-02-13 17:17:53,688.9860287572219,532.5244844137068,4.2782704200321735,5.248987448818126,10.074556943154741,12.360420860592788,842.6782878661921,754.0357327008475,16872.189132590152,21089.37300345704,True,1,1
43,allmetal0043 26-02-13 17-18-54.fits,2026-02-13 17:18:54,689.0330503418023,532.1047101528017,5.008478568866873,4.817810125290427,11.794065729075635,11.345075856186966,734.6399024916111,774.858897009315,16845.660188442933,21056.9437970726,True,1,1
44,allmetal0044 26-02-13 17-19-54.fits,2026-02-13 17:19:54,687.9654718304818,532.213406017382,4.622282522037439,4.944456232990055,10.884643536689973,11.6433046492232,798.7705911512222,775.2495334551226,16868.701694606105,21085.531859471415,True,1,1
45,allmetal0045 26-02-13 17-20-54.fits,2026-02-13 17:20:54,688.9263980423582,532.161386542036,4.887676613411025,4.891038917213843,11.509598862889268,11.517516483281627,776.7039232580227,797.3127975501003,16868.125111890557,21084.903253889897,True,1,1
46,allmetal0046 26-02-13 17-21-54.fits,2026-02-13 17:21:54,687.9222164775498,531.547529610295,4.263710171313275,5.0396255252791855,10.040270177610843,11.867411206377053,797.7115821339938,781.6924896005027,16877.51674090593,21095.578412835825,True,1,1
47,allmetal0047 26-02-13 17-22-53.fits,2026-02-13 17:22:53,688.7333313424949,531.7245220538045,4.827252341832027,5.172223905142755,11.36731057696865,12.179656529218416,795.8972934998912,764.9629695225841,16843.504329298925,21054.09997601061,True,1,1
48,allmetal0048 26-02-13 17-23-53.fits,2026-02-13 17:23:53,687.9701229110852,531.7797577988945,4.848121764503568,4.829621266365719,11.416454311803816,11.372888967945753,759.598116235706,760.1845574165974,16852.062523551253,21065.1056212324,True,1,1
49,allmetal0049 26-02-13 17-24-53.fits,2026-02-13 17:24:53,688.3378367318342,531.5886649879589,5.302434474819044,5.7405195230065305,12.48627898876704,13.517890441667282,740.2863902594416,694.0679111058957,16769.775532576874,20962.075014536487,True,1,1
50,allmetal0050 26-02-13 17-25-53.fits,2026-02-13 17:25:53,688.3780664881999,531.853026359861,4.919702088008902,4.056393531437554,11.58501309242398,9.552076798363034,761.7686556424862,866.4408313761604,16850.349197082618,21063.50697423568,True,1,1
51,allmetal0051 26-02-13 17-26-53.fits,2026-02-13 17:26:53,688.2486490621436,532.1752760758403,4.4764697028579015,4.756818113450603,10.541280587263524,11.201450644119783,822.5617406727209,794.9707247047364,16782.67356387671,20978.098737371085,True,1,1
52,allmetal0052 26-02-13 17-27-53.fits,2026-02-13 17:27:53,688.1285228108361,531.8233888062209,5.051585000509996,4.360843836487751,11.895573618378616,10.269002479411023,756.7045516113168,855.2365954464308,16852.593179398173,21065.96913711371,True,1,1
53,allmetal0053 26-02-13 17-28-53.fits,2026-02-13 17:28:53,687.761374329362,531.1011368543778,4.784937684347902,4.915010082597879,11.267667173326414,11.573964264030709,757.4657182885475,712.3550332440071,16834.867898947203,21043.886437905403,True,1,1
54,allmetal0054 26-02-13 17-29-54.fits,2026-02-13 17:29:54,688.3480815446094,530.865432160321,4.799996652613191,5.338220471697324,11.303128333655001,12.570548571547427,786.622417198741,729.1348062317189,16858.550398927193,21072.902827142418,True,1,1
55,allmetal0055 26-02-13 17-30-54.fits,2026-02-13 17:30:54,688.1999420024175,530.646988528111,4.38159523970469,5.0641399617671405,10.31786829966879,11.925138292811528,829.1772801849816,753.5505732890821,16867.087594230998,21083.411613264718,True,1,2
56,allmetal0056 26-02-13 17-31-54.fits,2026-02-13 17:31:54,688.4782104279252,531.0122495379171,4.992584883709588,4.722909238428697,11.756638960677849,11.121601345513751,743.2281246257637,769.2913833012146,16871.887368088064,21090.048519597352,True,1,1
57,allmetal0057 26-02-13 17-32-54.fits,2026-02-13 17:32:54,688.3394630851798,530.952365713508,4.690989770997895,5.06367050403795,11.046436743780985,11.924032804340536,799.4173792592193,694.6902091702588,16839.85780991526,21050.391091801146,True,1,2
58,allmetal0058 26-02-13 17-33-53.fits,2026-02-13 17:33:53,688.251909797467,530.5045802974191,4.847404820482927,5.648404631253705,11.414766037652846,13.30097644812187,781.8290530512326,680.1761044427024,16860.418183648755,21075.39527355488,True,1,2
59,allmetal0059 26-02-13 17-34-53.fits,2026-02-13 17:34:53,688.0984048066925,531.3051938190432,4.940624161615763,3.9485512392930087,11.634280810737028,9.298127607118973,763.0614245766201,800.1762052559892,16854.090634468957,21069.107632648855,True,1,1
60,allmetal0060 26-02-13 17-35-53.fits,2026-02-13 17:35:53,688.2804990629849,531.6880220668098,4.484155224149637,4.526154394851901,10.559378606857814,10.658279095902184,812.1969930085186,790.8427189869378,16860.95454392806,21076.346273061357,True,1,1
61,allmetal0061 26-02-13 17-36-53.fits,2026-02-13 17:36:53,687.4809181430945,530.8428785538199,4.521571697030129,5.273121038867568,10.647487667211156,12.417251122199772,791.8177637347218,699.3089460282912,16868.091107082022,21084.851275555142,True,1,1
62,allmetal0062 26-02-13 17-37-53.fits,2026-02-13 17:37:53,687.9414613363572,531.19227016444,4.2108012032427045,5.094310103551135,9.91567907903636,11.996183547445904,873.3662801891279,756.6921229449625,16869.027105140474,21085.84998861699,True,1,1
63,allmetal0063 26-02-13 17-38-53.fits,2026-02-13 17:38:53,688.2081864085958,530.4283372594159,4.4503477828547355,5.2129331297372525,10.479768166425373,12.275519427311204,826.0096613682244,767.3101931495927,16868.750436395083,21085.14516161021,True,1,1
64,allmetal0064 26-02-13 17-39-53.fits,2026-02-13 17:39:53,687.9930298007806,531.0414171069709,4.499722340393033,4.658360996692351,10.596036364231091,10.9696018520015,799.85444044006,754.232538464675,16864.594794359098,21080.953118175396,True,1,1
65,allmetal0065 26-02-13 17-40-54.fits,2026-02-13 17:40:54,687.8936894638376,529.6679866829585,4.382748762694881,5.859301140121805,10.320584638728496,13.797599774631522,826.9638448615019,682.6355938812063,16855.50862478198,21068.466864894395,True,1,1
66,allmetal0066 26-02-13 17-41-54.fits,2026-02-13 17:41:54,687.8996726022274,530.3098470722178,3.974718702817608,5.644812619549303,9.359747274754316,13.292517906958361,898.1030205618879,658.9653550258075,16863.843024855985,21079.4365279941,True,1,1
67,allmetal0067 26-02-13 17-42-54.fits,2026-02-13 17:42:54,687.604105520422,530.1486162235285,4.39748365797787,5.08802862167097,10.355282665502312,11.981391788001993,839.9938729942863,745.2397672074487,16881.253021684744,21101.326527070698,True,1,1
68,allmetal0068 26-02-13 17-43-54.fits,2026-02-13 17:43:54,688.6725858952819,530.9138926024143,5.403213902258449,4.711284443073873,12.723596404628093,11.094227044392827,690.0463568118955,754.2687549136439,16879.419622270765,21099.702645786325,True,1,1
69,allmetal0069 26-02-13 17-44-53.fits,2026-02-13 17:44:53,687.7196041516224,531.2506994300733,4.828492286438562,4.157963297959052,11.370230423382846,9.791255320536969,796.0637263471044,756.2058833002101,16817.05785421555,21023.034636782104,True,1,1
70,allmetal0070 26-02-13 17-45-53.fits,2026-02-13 17:45:53,687.8696868967382,529.1689301962235,4.6048220400407684,4.850573229031655,10.84352724368831,11.42222706961424,800.0016524286075,753.8461395331387,16847.796811892127,21059.812791369633,True,1,1
71,allmetal0071 26-02-13 17-46-53.fits,2026-02-13 17:46:53,687.8642042068515,529.9984823519475,4.942306296285938,3.6288457759167083,11.638241935176797,8.545278773454553,755.4891009526127,867.5770207487508,16813.01375359475,21017.700560673733,True,1,1
72,allmetal0072 26-02-13 17-47-53.fits,2026-02-13 17:47:53,688.003957181776,528.5371383143769,4.992609603015616,5.248724329963829,11.756697170195183,12.359801263040463,774.578359759739,721.8422413715514,16790.22613199544,20987.9746189132,True,1,4
73,allmetal0073 26-02-13 17-48-53.fits,2026-02-13 17:48:53,687.8180421017845,529.6341035711803,4.749093508376339,5.200808930434798,11.183260589250958,12.246969119763834,768.9136316628963,703.7921062040771,16867.56147583399,21084.43068155542,True,1,1
74,allmetal0074 26-02-13 17-49-53.fits,2026-02-13 17:49:53,687.8946065902935,530.7806051761461,4.899173852516209,4.125976837928888,11.536672791996669,9.715932963288358,775.808180289365,829.666739470948,16835.3982493888,21045.172212693073,True,1,1
75,allmetal0075 26-02-13 17-50-53.fits,2026-02-13 17:50:53,687.6210939063909,529.2783295277015,4.6497119585029045,5.20413052223565,10.949234923502754,12.254790870717892,781.1677836411305,678.7401062007597,16873.912821705457,21092.635700178897,True,1,4
76,allmetal0076 26-02-13 17-51-54.fits,2026-02-13 17:51:54,687.3824695253918,528.1348380429522,4.450680708678424,6.383852253414245,10.480552146828503,15.032823250855861,814.5085265719723,617.3319152799643,16870.293108006525,21087.093250894915,True,1,7
77,allmetal0077 26-02-13 17-52-54.fits,2026-02-13 17:52:54,687.6572045812152,530.2821814414452,4.8670678199167705,3.559159559889342,11.461068862865094,8.381180275090955,747.9323320997548,809.8554817093731,16832.208810963566,21042.116096107315,True,1,4
78,allmetal0078 26-02-13 17-53-54.fits,2026-02-13 17:53:54,687.327975599077,528.2071987204349,4.416052276619291,6.237121227994333,10.399008420887665,14.687298090969104,814.9549292990247,670.6420658873632,16858.142919272672,21071.2491065025,True,1,5
79,allmetal0079 26-02-13 17-54-53.fits,2026-02-13 17:54:53,687.2543261333777,529.6998117956709,4.2904326184165384,4.194969917381647,10.103196731701887,9.878399249752126,841.3049571688639,781.6557284656045,16834.893100980094,21044.42549808763,True,1,2
80,allmetal0080 26-02-13 17-55-53.fits,2026-02-13 17:55:53,687.1079482044552,529.9239471320105,4.631883393256736,4.1011531445876885,10.907251860686934,9.6574776326168,793.3287384010297,772.9984274393587,16864.43056888943,21081.772973416846,True,1,1
81,allmetal0081 26-02-13 17-56-53.fits,2026-02-13 17:56:53,687.4498508543564,528.4248794239822,4.332135416942894,5.958771051352331,10.201399317605635,14.031833515474613,827.3670736675138,651.5921902065659,16838.308263258423,21047.15482689029,True,1,2
82,allmetal0082 26-02-13 17-57-53.fits,2026-02-13 17:57:53,686.8665983105451,528.3537382788057,4.458123073006777,5.057196536261046,10.498077575531333,11.908787775248596,793.7055704341111,703.2367581493722,16829.283166756504,21036.55997156145,True,1,1
83,allmetal0083 26-02-13 17-58-53.fits,2026-02-13 17:58:53,687.2698891315493,528.1271619036845,4.654564828587076,5.617812753014393,10.96066255925289,13.228938080028794,791.4153372382482,674.2942068900412,16859.807303488986,21074.503657427584,True,1,1
84,allmetal0084 26-02-13 17-59-54.fits,2026-02-13 17:59:54,687.2668597510823,527.6996907593046,4.314256689135839,5.867009801349221,10.159298130985931,13.815752284610195,828.4773834839295,651.4425433883473,16855.79191293833,21069.133415135282,True,1,1
85,allmetal0085 26-02-13 18-00-54.fits,2026-02-13 18:00:54,687.2198352856709,527.1311244237439,4.246872532901522,5.538833115456741,10.000620569167863,13.042955246358757,868.2627254004296,658.4351032027466,16844.13832506595,21055.271895999962,True,1,7
86,allmetal0086 26-02-13 18-01-54.fits,2026-02-13 18:01:54,688.4777138507199,528.1286888403861,4.537740566138543,5.091688923072402,10.685562444293128,11.990011139112939,835.4111939274362,733.0406357355005,16823.064589723548,21028.97385085336,True,1,4
87,allmetal0087 26-02-13 18-02-53.fits,2026-02-13 18:02:53,687.3816799475776,528.793294037492,4.823197534627671,4.716707763212069,11.357762235685097,11.106997987364872,754.3220942628093,680.9309769302945,16862.720526204634,21079.444658720306,True,1,2
88,allmetal0088 26-02-13 18-03-53.fits,2026-02-13 18:03:53,686.0794473748603,527.8784678383138,4.87801009817575,5.969655753853631,11.486835959047646,14.057465031108872,763.9576141132308,615.5020173246656,16866.05923182176,21082.701960515857,True,1,14
89,allmetal0089 26-02-13 18-04-53.fits,2026-02-13 18:04:53,686.6309513025238,527.2422487055301,4.597753030461315,5.6467563552242535,10.826880998232099,13.297095054687976,796.5847677112712,631.9872502545978,16881.47849520816,21102.077783942146,True,1,9
90,allmetal0090 26-02-13 18-05-53.fits,2026-02-13 18:05:53,685.6401895788746,527.1093302106686,4.235975573466278,6.544749911451267,9.974960190659862,15.411708281199974,860.751020009897,614.8555608334512,16865.631665447334,21081.11439218307,True,1,4
91,allmetal0091 26-02-13 18-06-53.fits,2026-02-13 18:06:53,685.4548017534453,527.3626798379464,4.206534339928837,4.565804948757844,9.905631383775457,10.751649015036477,837.5467750286365,738.9991062334209,16876.54744084118,21096.049141517567,True,1,1
92,allmetal0092 26-02-13 18-07-53.fits,2026-02-13 18:07:53,685.4238993482303,525.7689729003667,4.612544681006141,6.260822721455131,10.861712673434146,14.743110842867763,809.4532465321616,571.2342402095991,16885.213401749927,21106.90166394843,True,1,13
93,allmetal0093 26-02-13 18-08-53.fits,2026-02-13 18:08:53,684.48478278198,526.8805592795575,4.152746602913163,5.5745916671530615,9.778970942474098,13.127160200674528,886.8245279594728,687.4089532638686,16885.031793597685,21105.924355181123,True,1,1
94,allmetal0094 26-02-13 18-09-53.fits,2026-02-13 18:09:53,683.1403491527328,526.5161513425674,4.349641694187632,4.932961239699265,10.242623450175413,11.61623600860455,858.7772101215962,644.6035690702746,16886.641256263596,21109.66153546168,True,1,13
95,allmetal0095 26-02-13 18-10-54.fits,2026-02-13 18:10:54,683.9824799568509,525.2890018254944,4.688439463276928,5.2638085737113975,11.040431228038655,12.39532194258137,779.5412999498486,685.5751778636228,16878.889604899738,21098.724842816886,True,1,1
96,allmetal0096 26-02-13 18-11-54.fits,2026-02-13 18:11:54,683.9484477367284,524.6672822693228,4.592684056073391,5.802000478764717,10.814944475735665,13.66266702867432,804.244424245323,605.0308602734027,16883.756575133037,21105.144295706905,True,1,12
97,allmetal0097 26-02-13 18-12-54.fits,2026-02-13 18:12:54,684.2587372345822,525.1791500513,5.00810704429615,5.9567157421051995,11.793190855569273,14.02699363206073,729.8135759870203,558.5609533572656,16871.487744117,21090.162084361353,True,1,17
98,allmetal0098 26-02-13 18-13-54.fits,2026-02-13 18:13:54,685.0090400757515,525.0378102719984,4.374095023171281,6.4493779890311185,10.300206639433847,15.187124566551871,848.3366142646972,570.6643930308804,16878.720032828707,21098.474149545033,True,1,14
99,allmetal0099 26-02-13 18-14-54.fits,2026-02-13 18:14:54,684.4338875803782,527.0313926681899,4.955340242838414,5.000367708171931,11.668934533784428,11.77496611172873,739.4376249272997,637.1214207280213,16885.445547152307,21107.97781239588,True,1,4
100,allmetal0100 26-02-13 18-15-53.fits,2026-02-13 18:15:53,683.9851823637202,526.7469911508543,4.28273865660798,4.562458854712005,10.08507883620939,10.743769565704776,850.3604399141685,665.2188797516112,16875.575142063743,21095.954393078075,True,1,7
101,allmetal0101 26-02-13 18-16-53.fits,2026-02-13 18:16:53,682.4775019611542,524.2927475853149,4.642520765767001,5.859096413776111,10.932300958700568,13.797117680928936,778.2163738673445,581.681673160017,16887.204561413724,21109.506921355045,True,1,15
102,allmetal0102 26-02-13 18-17-53.fits,2026-02-13 18:17:53,683.2038115449017,525.5903883433599,4.988694548039461,4.876880489850965,11.747477920259934,11.484175934721408,740.6904198112554,677.3326080703905,16884.130322154087,21106.12200151195,True,1,8
103,allmetal0103 26-02-13 18-18-54.fits,2026-02-13 18:18:54,681.6535100998913,525.6048551801795,4.353582418025025,5.359978147020452,10.251903145659638,12.621783981531605,853.5815571332283,632.9607238717882,16880.185175198858,21101.02331387336,True,1,8
104,allmetal0104 26-02-13 18-19-54.fits,2026-02-13 18:19:54,682.8958591484741,525.2175788002899,4.739359871878422,6.011070646379275,11.16033962691462,14.15498965019106,800.9347382396269,603.7988840253842,16877.819566181974,21097.681883231253,True,1,3
105,allmetal0105 26-02-13 18-20-54.fits,2026-02-13 18:20:54,683.608373377471,524.2487822514219,4.522593222231646,6.1513084471625605,10.64989317523219,14.4852244345466,808.2043600393487,612.5200809937998,16850.72876840384,21063.135279377682,True,1,14
106,allmetal0106 26-02-13 18-21-54.fits,2026-02-13 18:21:54,683.1447340041224,527.1473865933382,4.4967333688905065,4.7602527890749435,10.588997874222915,11.20953868712816,826.2404370701902,714.2391115747286,16847.32337192105,21059.926335254007,True,1,2
107,allmetal0107 26-02-13 18-22-53.fits,2026-02-13 18:22:53,683.4923435861633,525.8799667252546,4.2636212302904335,6.487556957045201,10.04006073750743,15.27702916573003,855.9597999972492,566.3373453998341,16875.857100974506,21094.76101785055,True,1,16
108,allmetal0108 26-02-13 18-23-53.fits,2026-02-13 18:23:53,682.4272018314994,526.8754359620151,4.3589292518156455,4.528815908139794,10.264493977047241,10.66454648074263,849.4198197643057,674.1327716652969,16886.086762624793,21109.19844301132,True,1,11
109,allmetal0109 26-02-13 18-24-53.fits,2026-02-13 18:24:53,683.4674293580017,527.2550965115465,4.181627295096922,5.270898979698957,9.84697977534278,12.412018572728284,865.6927637400337,617.1035588391286,16873.21718311167,21092.42061908701,True,1,12
110,allmetal0110 26-02-13 18-25-53.fits,2026-02-13 18:25:53,683.8561288940878,526.5077467310786,4.38062347269274,6.713420496658094,10.315579963229952,15.808897156252112,862.9739499558117,574.7367365211699,16842.794556918223,21053.302052366296,True,1,10
111,allmetal0111 26-02-13 18-26-53.fits,2026-02-13 18:26:53,683.9612929594247,526.6257097950273,4.503368395205054,6.3504574178857665,10.604622167187719,14.954184422752887,821.759450189492,601.160781687546,16880.321685144543,21100.115801484113,True,1,2
112,allmetal0112 26-02-13 18-27-53.fits,2026-02-13 18:27:53,685.2121219457753,527.9513801551693,3.9800351831571263,4.85862797879089,9.372266629226827,11.441194555804994,925.3296886260988,638.0513906289095,16868.731622891963,21087.341129016673,True,1,6
113,allmetal0113 26-02-13 18-28-53.fits,2026-02-13 18:28:53,685.1407623839317,526.4960053511102,3.8218966573243396,5.03714939379136,8.999878858704136,11.861580362315388,952.4451497103954,694.9626747296538,16844.716800594648,21056.237519335587,True,1,3
114,allmetal0114 26-02-13 18-29-54.fits,2026-02-13 18:29:54,683.7674191916972,528.0720324123536,4.281819376895486,6.1007924435286895,10.08291409791542,14.366268336594704,843.8360298294054,526.006495707322,16858.6688807531,21074.32528157841,True,1,16
115,allmetal0115 26-02-13 18-30-54.fits,2026-02-13 18:30:54,684.7085932980141,526.7898219589918,4.467515042377748,7.26823749231971,10.520193973268412,17.115391338959935,812.5477419447611,517.3996421055012,16884.894348238595,21105.79845226724,True,1,14
116,allmetal0116 26-02-13 18-31-54.fits,2026-02-13 18:31:54,683.9084544198059,528.3920738693573,4.094467135921006,5.155900293690585,9.641733285387245,12.141217361763548,898.2293140802448,637.8905302854074,16870.66890367958,21089.288037402486,True,1,13
117,allmetal0117 26-02-13 18-32-54.fits,2026-02-13 18:32:54,683.9477315430702,527.8662004483587,4.408828637118662,7.257323068972467,10.381998049793506,17.08968983608189,821.5293305073944,521.1084228399445,16867.05081047801,21083.422170302816,True,1,15
118,allmetal0118 26-02-13 18-33-53.fits,2026-02-13 18:33:53,683.7896887058973,528.4102969716981,4.850075980652635,5.811277825635819,11.421056139163964,13.684513511051096,739.1355166464787,568.7440822536473,16865.07349999693,21082.026628883774,True,1,13
119,allmetal0119 26-02-13 18-34-53.fits,2026-02-13 18:34:53,683.7433502987072,529.2154904799484,4.343715655813221,5.308807797503524,10.228668696223728,12.501287016777905,850.702396364075,600.1463102577966,16877.619128003003,21098.27024252672,True,1,15
120,allmetal0120 26-02-13 18-35-53.fits,2026-02-13 18:35:53,684.0187310475415,527.5409913579043,3.9233859247025475,6.673296120183301,9.238867819881845,15.7144114702349,930.7728547251727,519.5326345049087,16870.91432983913,21089.095246078774,True,1,14
121,allmetal0121 26-02-13 18-36-53.fits,2026-02-13 18:36:53,684.1170308171588,529.1601875233991,4.060405315285356,5.585616728817859,9.56152382738417,13.153122236880495,873.7624312128501,604.422855265082,16865.87414840293,21082.763121474163,True,1,13
122,allmetal0122 26-02-13 18-37-53.fits,2026-02-13 18:37:53,683.1558022290401,528.5394632917746,4.350866331592056,6.038226629953683,10.245507250883247,14.218937104654609,843.4872325308368,636.6417305489493,16870.378847174157,21087.54692580085,True,1,10
123,allmetal0123 26-02-13 18-38-53.fits,2026-02-13 18:38:53,682.7750162748127,528.5696499228494,4.217941374747678,7.0824738950658865,9.93249289802123,16.677951496509575,863.3684906542348,522.9846211425751,16882.24513126104,21102.65369762655,True,1,17
124,allmetal0124 26-02-13 18-39-53.fits,2026-02-13 18:39:53,682.4030692288508,529.937545744545,4.440272071645531,5.117831360723652,10.456041679701995,12.051571875320073,783.522637181656,665.0868142582633,16833.023676282246,21041.46380197037,True,1,10
125,allmetal0125 26-02-13 18-40-54.fits,2026-02-13 18:40:54,683.0698266636346,529.0652540001157,4.408390802929869,6.3668481313163605,10.380967029069337,14.992781603291608,823.3368715561635,557.764665491052,16874.665597920146,21093.52388119575,True,1,16
126,allmetal0126 26-02-13 18-41-54.fits,2026-02-13 18:41:54,682.7029032039985,530.033011728659,3.9252571361441193,5.346249345432113,9.24327418609295,12.589455124357132,919.2271677233728,582.9203689136026,16857.02701276539,21072.487548105124,True,1,13
127,allmetal0127 26-02-13 18-42-54.fits,2026-02-13 18:42:54,682.3379626303818,529.0864428165992,4.05819375304635,5.525768619041505,9.556315996292923,13.012190708321924,892.7379876938878,636.5697199132687,16847.284161786403,21059.36312726543,True,1,12
128,allmetal0128 26-02-13 18-43-53.fits,2026-02-13 18:43:53,683.8111326589395,528.5050499649429,4.097544132964044,6.451227299381929,9.648979059702693,15.191479359635444,887.8565346453827,559.6992875932207,16885.860006086143,21107.39179557145,True,1,13
129,allmetal0129 26-02-13 18-44-53.fits,2026-02-13 18:44:53,682.3779937720939,529.3522121010978,4.488441685816674,6.865888588207261,10.56947245271361,16.167932074459703,799.9924377161908,515.6688557059705,16878.772188446143,21098.58810559042,True,1,16
130,allmetal0130 26-02-13 18-45-53.fits,2026-02-13 18:45:53,682.124971812962,528.3740784407769,4.7570710055368215,5.500824547573569,11.20204615947364,12.953451908824544,762.78745977819,576.0569755934583,16856.829971202013,21072.163110836907,True,1,14
131,allmetal0131 26-02-13 18-46-53.fits,2026-02-13 18:46:53,682.7956102130465,529.2832912352974,4.0593228054230215,6.496495155309027,9.5589747114614,15.298077014168149,908.6452690866374,555.1396902647384,16886.09948480775,21107.82513631562,True,1,14
132,allmetal0132 26-02-13 18-47-53.fits,2026-02-13 18:47:53,682.920734578516,529.2985598129139,4.265077817687883,7.541247921921146,10.043490738708284,17.758281771087905,862.1714101480608,467.31866401004015,16870.43949682081,21088.424048913363,True,1,17
133,allmetal0133 26-02-13 18-48-53.fits,2026-02-13 18:48:53,683.4920936081202,528.2920417843447,4.195491713564649,6.494407960075572,9.879627985863282,15.293162044994514,859.470100470487,546.0885659304773,16869.251054605138,21086.709167788777,True,1,16
134,allmetal0134 26-02-13 18-49-53.fits,2026-02-13 18:49:53,683.0262423112345,530.9771063278422,4.190641419431027,6.145204561991227,9.868206416013132,14.470850883392577,873.9306872406748,605.4986332627918,16877.265546664712,21096.438529627154,True,1,11
135,allmetal0135 26-02-13 18-50-54.fits,2026-02-13 18:50:54,681.9189603270866,532.1479027223951,4.243893688645324,4.443029490822443,9.993605927002344,10.462534905652342,868.7026278390135,667.2001038426856,16878.86239036072,21100.346071127507,True,1,8
136,allmetal0136 26-02-13 18-51-53.fits,2026-02-13 18:51:53,682.8828657056803,531.7888764822749,4.074842409789142,5.806688214173782,9.595520586913688,13.673705801981388,900.1559992788151,574.6727853401982,16887.230236660485,21109.84816168208,True,1,15
137,allmetal0137 26-02-13 18-52-53.fits,2026-02-13 18:52:53,682.3024863797145,530.933270771703,4.326572941992934,6.497345707725206,10.188300690093488,15.300079912047114,853.5273100028519,568.3285638834537,16870.662033104796,21088.32808237023,True,1,10
138,allmetal0138 26-02-13 18-53-53.fits,2026-02-13 18:53:53,682.3664502287955,530.692500530837,4.120365868252737,6.869983270065161,9.702720139422896,16.17757431337671,890.4745873462455,508.2953497756098,16872.324201236017,21090.838772244257,True,1,15
139,allmetal0139 26-02-13 18-54-53.fits,2026-02-13 18:54:53,681.3836629175524,531.3127774131334,4.381062124022615,5.920325499989047,10.31661290817432,13.941301160482084,827.1378272375977,605.5578821232025,16852.105957279942,21065.227038596677,True,1,13
140,allmetal0140 26-02-13 18-55-53.fits,2026-02-13 18:55:53,681.8897980269089,531.1495546089309,4.36352877587209,4.904153990598108,10.275325028492958,11.548400120978947,860.3907788602867,581.6787725252339,16834.37989483827,21045.18211540567,True,1,14
141,allmetal0141 26-02-13 18-56-53.fits,2026-02-13 18:56:53,680.9342212470877,532.6429539997449,4.294836841953321,5.275781604912973,10.1135678855691,12.423516276454622,833.1713176796497,630.7435138107068,16861.418316114978,21077.38650459963,True,1,14
142,allmetal0142 26-02-13 18-57-53.fits,2026-02-13 18:57:53,682.3143186327087,532.614507447936,4.119417499562588,5.9635881136813556,9.700486901821254,14.043176830405164,878.4444277585086,540.2042169873275,16875.500246897544,21095.347419922313,True,1,15
143,allmetal0143 26-02-13 18-58-53.fits,2026-02-13 18:58:53,681.8334097485738,531.7144548533308,4.418780376997684,7.083100695966894,10.405432606343561,16.67942749983551,817.2561534787516,458.98639924086234,16844.267870968215,21056.216634706416,True,1,14
144,allmetal0144 26-02-13 18-59-53.fits,2026-02-13 18:59:53,681.996801399591,532.1867912848986,4.242505812323464,5.3142013715152325,9.990337728019604,12.513987912975033,839.2064032162865,616.8580254716348,16851.594965595104,21065.184572608072,True,1,14
145,allmetal0145 26-02-13 19-00-54.fits,2026-02-13 19:00:54,680.8581251806007,532.2476909138439,4.334298875353074,5.377964401631317,10.20649387283652,12.6641383744243,843.8709587603438,533.2790014343457,16833.92248759852,21044.336036761088,True,1,16
146,allmetal0146 26-02-13 19-01-54.fits,2026-02-13 19:01:54,682.1887875711287,531.3889070033207,3.9663370443086725,6.293929102627349,9.34000997728687,14.821070412870537,939.342096290452,543.3752431685174,16877.70541901445,21097.880291366877,True,1,16
147,allmetal0147 26-02-13 19-02-54.fits,2026-02-13 19:02:54,682.642108845545,532.0342946269516,4.5532424128337885,5.109574282775853,10.72206650362609,12.032127942655213,799.7019999997584,570.1688597229471,16852.1451345454,21066.963270803943,True,1,15
148,allmetal0148 26-02-13 19-03-53.fits,2026-02-13 19:03:53,681.5335013281164,532.5093724646468,4.386895068440609,7.162465325466801,10.330348442611363,16.866316920248345,843.3645786235762,534.941247209667,16864.12038847311,21079.827986746604,True,1,15
149,allmetal0149 26-02-13 19-04-53.fits,2026-02-13 19:04:53,680.9307599370637,533.4748043744074,4.0176246877213835,5.3115990385554035,9.460783148057523,12.507859887157382,909.3861537315801,567.7359363775661,16870.798322237875,21090.05961689286,True,1,14
150,allmetal0150 26-02-13 19-05-53.fits,2026-02-13 19:05:53,681.406737626346,532.892844503913,4.428881619543632,6.928006476154542,10.429219214770479,16.31420852215295,805.4932006854511,515.2170493513191,16872.695913265034,21090.865012882758,True,1,17
151,allmetal0151 26-02-13 19-06-53.fits,2026-02-13 19:06:53,681.9428346478086,534.6039440242124,4.103883910851334,6.266592187754098,9.663908095752726,14.756696897757699,889.5728947976569,548.0774890957779,16880.806283120888,21101.53690368602,True,1,14
152,allmetal0152 26-02-13 19-07-53.fits,2026-02-13 19:07:53,681.8362760923516,533.2350035672019,3.852676411144136,6.623127653843819,9.07235963998011,15.596273760070229,921.7534410209473,509.8048109661642,16880.418294686056,21100.95055052833,True,1,14
153,allmetal0153 26-02-13 19-08-53.fits,2026-02-13 19:08:53,682.4225639141795,534.6767340153483,4.239331928176697,5.460386321392817,9.982863802010192,12.858227163228612,838.5331379416755,564.5410612390048,16846.495614770723,21059.275426604483,True,1,16
154,allmetal0154 26-02-13 19-09-53.fits,2026-02-13 19:09:53,683.7132277282115,533.8049327217941,4.034801276573977,7.963583375741297,9.501230923792864,18.75280576347084,871.6626430658989,454.72444657607303,16872.916581710877,21090.890534505346,True,1,15
155,allmetal0155 26-02-13 19-10-53.fits,2026-02-13 19:10:53,682.6741894468612,533.3463945687777,3.7995855354509134,5.2140459356752205,8.947340181689464,12.278139885040162,938.5430811328451,621.5853386757536,16873.16576272537,21092.25300941255,True,1,13
156,allmetal0156 26-02-13 19-11-53.fits,2026-02-13 19:11:53,682.8353401054261,535.9260132404299,4.173548866876666,5.773167136579282,9.827956530637378,13.594769696530822,846.6380013719713,537.9474328414487,16882.767083134186,21104.506116886918,True,1,18
157,allmetal0157 26-02-13 19-12-54.fits,2026-02-13 19:12:54,682.581295434991,534.2465701699058,4.267796962095429,6.136268212994986,10.049893834464507,14.449807389646837,845.2290692072462,519.5246480757696,16885.819472589938,21108.30079391065,True,1,17
158,allmetal0158 26-02-13 19-13-54.fits,2026-02-13 19:13:54,681.9381368328471,533.2169920494126,3.990953741824156,8.150159809267583,9.397977870038796,19.192159689068923,910.0945419774106,468.3717533374112,16858.34653288706,21072.47991819887,True,1,16
159,allmetal0159 26-02-13 19-14-54.fits,2026-02-13 19:14:54,680.8826072153868,535.0239717127711,4.112722882887074,4.6253533331659655,9.684722284279957,10.89187474428993,868.6938767523058,671.3867126624515,16877.0652939185,21097.475502546695,True,1,1
160,allmetal0160 26-02-13 19-15-53.fits,2026-02-13 19:15:53,681.7539674801847,533.5811733436637,4.041061151536525,7.588449838349082,9.51597180283406,17.869433790056288,917.9629386161643,486.71567850956956,16878.06527436866,21097.62106956119,True,1,16
161,allmetal0161 26-02-13 19-16-53.fits,2026-02-13 19:16:53,681.2007732084595,535.9632284956789,4.41589317283812,5.1313420745200835,10.398633760114524,12.083387174990587,823.7914990984309,574.2831306113618,16882.15191380639,21104.381210454827,True,1,16
162,allmetal0162 26-02-13 19-17-53.fits,2026-02-13 19:17:53,681.8323057803088,536.0216338447884,4.0356953910555475,5.602701986320663,9.503336402496618,13.193354943722612,893.4930202554932,545.2252308148067,16878.863621227236,21099.928629041446,True,1,15
163,allmetal0163 26-02-13 19-18-53.fits,2026-02-13 19:18:53,680.3621058607595,534.0307494169292,4.117830087712506,6.974779764555229,9.696748832576962,16.424351199250896,890.3106828820162,519.9907285602168,16874.841663646683,21093.64834801915,True,1,14
164,allmetal0164 26-02-13 19-19-53.fits,2026-02-13 19:19:53,681.4271793074796,532.1226800675398,3.9620091405028703,8.288427598972612,9.329818542652003,19.51775545184845,881.6355605816145,471.3933121815323,16839.032208376106,21047.776688707752,True,1,15
165,allmetal0165 26-02-13 19-20-53.fits,2026-02-13 19:20:53,680.1308904448315,533.4111790952777,3.8565368410883054,6.745644293879087,9.081450257795078,15.884778399875117,932.6829478519644,471.6052876996574,16879.75300250159,21100.70870093636,True,1,16
166,allmetal0166 26-02-13 19-21-53.fits,2026-02-13 19:21:53,680.2289698479427,533.2189195435341,4.080957654628895,7.5628269280609395,9.60992088804261,17.809096447297737,857.0365283435792,472.2415531226371,16864.19921324732,21080.06799254212,True,1,15
167,allmetal0167 26-02-13 19-22-53.fits,2026-02-13 19:22:53,681.2652327053668,533.1500992789701,3.9226674956923446,6.474780299567832,9.237176048847688,15.246942436593825,915.7385699746587,523.6190865014719,16881.497535545015,21102.365948871076,True,1,15
168,allmetal0168 26-02-13 19-23-54.fits,2026-02-13 19:23:54,680.1347038099111,533.5371998105198,4.360082812898395,6.782759061710523,10.267210405808067,15.972176999131253,847.2313739583632,498.8051848830091,16877.264467014524,21097.341197494905,True,1,16
169,allmetal0169 26-02-13 19-24-54.fits,2026-02-13 19:24:54,680.2098336947648,534.3307065349687,3.901907512524362,6.57144265007194,9.188290024349218,15.474564877160706,943.4277026693607,509.4881759524633,16885.721625866005,21107.967409380723,True,1,16
170,allmetal0170 26-02-13 19-25-54.fits,2026-02-13 19:25:54,679.8407150848248,534.0102904386933,3.7759227564194284,6.231358075581858,8.891618595304985,14.67372690414564,918.9520272893628,530.8342867473481,16857.415836652224,21072.166531776656,True,1,15
171,allmetal0171 26-02-13 19-26-54.fits,2026-02-13 19:26:54,680.0271399323349,535.2353869297555,4.3262512292200554,6.524698674621137,10.187543114407172,15.36449122678472,853.4267056210629,517.4709876618356,16883.231391910536,21104.812270484974,True,1,15
172,allmetal0172 26-02-13 19-27-54.fits,2026-02-13 19:27:54,680.2934552668988,535.653668622002,4.109379037759394,6.251147195415767,9.676848130745816,14.720326720204048,880.9477269026723,522.6887027729899,16853.40127684161,21067.615070964133,True,1,15
173,allmetal0173 26-02-13 19-28-54.fits,2026-02-13 19:28:54,680.8312960713985,534.844157668343,4.140804424099553,6.613064043255108,9.750849260422463,15.572575768130546,871.7160963752038,535.7050195580945,16866.482859266758,21083.267470025323,True,1,16
174,allmetal0174 26-02-13 19-29-54.fits,2026-02-13 19:29:54,681.0564885776358,535.3433033795527,4.104911558465342,6.498053404672226,9.66632802095342,15.301746411003766,865.2944635746123,518.2505456065995,16885.862940260795,21107.77991129925,True,1,15
175,allmetal0175 26-02-13 19-30-54.fits,2026-02-13 19:30:54,681.5728456581418,536.1165980225667,4.220233038571745,5.352322005659159,9.937889353930617,12.603755146386442,861.1354080373043,602.0120216866892,16863.274555723063,21080.101794055645,True,1,12
176,allmetal0176 26-02-13 19-31-54.fits,2026-02-13 19:31:54,681.3793716053603,536.2462584300374,3.811630320952913,5.723264309776418,8.97570348402767,13.47725751967173,935.8255956424421,559.8202113757897,16878.12406543596,21098.543716201235,True,1,16
177,allmetal0177 26-02-13 19-32-54.fits,2026-02-13 19:32:54,682.6919189648232,537.8386287865105,4.191437447655646,5.542852002908149,9.870080919232876,13.052419003088055,863.160287405065,540.9190257896732,16859.187745158033,21075.501505446144,True,1,14
178,allmetal0178 26-02-13 19-33-54.fits,2026-02-13 19:33:54,682.4400175101666,535.5948721530294,4.203358537537046,6.550286045245846,9.898152940644211,15.424744880031422,856.1575275883098,516.4236748167356,16881.167424960277,21101.988057987004,True,1,15
179,allmetal0179 26-02-13 19-34-54.fits,2026-02-13 19:34:54,682.2711633240339,537.5267626298635,4.185212985964255,5.797541654064317,9.855423432072461,13.65216729889254,851.1876411494969,542.6459574414622,16865.383893356964,21082.749136702314,True,1,15
180,allmetal0180 26-02-13 19-35-54.fits,2026-02-13 19:35:54,682.2187553660939,535.2225303051973,4.062341981626873,8.133383574066682,9.56608432810571,19.15265467413769,859.4059014968329,440.67340370163276,16869.249888811726,21086.334793524253,True,1,16
181,allmetal0181 26-02-13 19-36-55.fits,2026-02-13 19:36:55,682.6973079965178,537.3624704339082,4.376099789438594,5.72233636453036,10.304927503225716,13.47507237560562,834.0815028840725,478.9513126242605,16833.843552276296,21044.530305102762,True,1,16
182,allmetal0182 26-02-13 19-37-55.fits,2026-02-13 19:37:55,682.3538520430631,537.1191998992662,3.875485323276274,7.003536005799354,9.126070523474219,16.492066972552312,933.0241608050259,493.5394686589098,16874.004085214467,21092.89529843731,True,1,16
183,allmetal0183 26-02-13 19-38-55.fits,2026-02-13 19:38:55,682.2942193170996,537.7345807263921,4.098954225904175,4.901903051546871,9.65229957482347,11.54309956458095,861.2217905657593,648.4481105477781,16806.793226330865,21009.351910821504,True,1,6
184,allmetal0184 26-02-13 19-39-54.fits,2026-02-13 19:39:54,682.578088467739,538.7021586474477,4.55066003950899,5.257853032537184,10.7159854791571,12.381297714845326,801.7212797076664,507.92985196284684,16809.291339987645,21014.007565468495,True,1,15
185,allmetal0185 26-02-13 19-40-54.fits,2026-02-13 19:40:54,682.6971265450225,537.9940192586978,4.201833669193953,5.482558658858025,9.894562150103864,12.910439027936876,831.7509478104146,539.9716889675482,16877.525497761122,21098.21514775126,True,1,14
186,allmetal0186 26-02-13 19-41-54.fits,2026-02-13 19:41:54,683.1842345423864,538.914864317939,4.189525406274759,4.957294793070126,9.865578405862236,11.673537147849085,844.6871413702883,613.759599509951,16873.58472500402,21093.195668657176,True,1,14
187,allmetal0187 26-02-13 19-42-54.fits,2026-02-13 19:42:54,682.4369841788917,537.2153132597807,3.9489137664607457,6.607329311641379,9.298981293360429,15.559071507173664,925.4731417895875,514.2966205748116,16869.917376671754,21088.02456874432,True,1,15
188,allmetal0188 26-02-13 19-43-54.fits,2026-02-13 19:43:54,682.8313766151014,537.91772648003,4.343931812346278,6.606054065567017,10.229177705960636,15.55606853215541,835.4269085489561,517.7486847444094,16875.979181195547,21095.484999929864,True,1,18
189,allmetal0189 26-02-13 19-44-54.fits,2026-02-13 19:44:54,682.862344056843,538.0464715946077,4.091659335915444,5.859639826912463,9.635121421651709,13.798397321075152,891.7390685181083,568.8378385537171,16868.86100332131,21086.848578682413,True,1,16
190,allmetal0190 26-02-13 19-45-55.fits,2026-02-13 19:45:55,683.1173881226013,538.6643040062777,3.713011299644501,5.613764421747931,8.743473435829287,13.219404988413606,955.4526400381135,531.4630505222625,16883.658179189963,21105.953567913817,True,1,14
191,allmetal0191 26-02-13 19-46-55.fits,2026-02-13 19:46:55,683.4721290395773,538.8492728264742,4.241256497723632,6.443077676301767,9.987395816957369,15.172288463846831,845.6025787077548,507.02389447042117,16874.612644266614,21094.048204020095,True,1,16
192,allmetal0192 26-02-13 19-47-55.fits,2026-02-13 19:47:55,683.1585053468566,539.4213048690017,3.961450111360312,5.444547031132933,9.32850212962135,12.820928485025574,926.8964246648201,574.5756241277874,16880.043771153993,21101.38525848474,True,1,15
193,allmetal0193 26-02-13 19-48-54.fits,2026-02-13 19:48:54,683.3335711675192,539.0802514370182,4.320314351064472,5.311407863422954,10.173562834721498,12.507409704123377,834.632151096185,545.665507169081,16883.362043850997,21105.934725963718,True,1,16
194,allmetal0194 26-02-13 19-49-54.fits,2026-02-13 19:49:54,683.1980032505866,539.744346898153,3.938246712917526,6.600408031340636,9.273862301855436,15.542773137584195,936.2166978019453,523.0096957033664,16886.20697685329,21108.333911301772,True,1,15
195,allmetal0195 26-02-13 19-50-54.fits,2026-02-13 19:50:54,683.021846799943,536.9579337212449,4.796393511613719,7.140886362286824,11.294643585004371,16.81550234520115,745.6654298974896,463.34934544802616,16867.99689989528,21085.6516174835,True,1,14
196,allmetal0196 26-02-13 19-51-54.fits,2026-02-13 19:51:54,682.4654155379803,538.9583169425206,4.2354061828945415,6.058864965036647,9.973619378328085,14.267536669804038,857.4699990786406,542.837422347895,16879.7004636969,21100.4646026596,True,1,15
197,allmetal0197 26-02-13 19-52-55.fits,2026-02-13 19:52:55,682.2164440046464,538.0518730727993,4.158397773541019,7.285787105167181,9.79227843234646,17.15671751907569,858.2231100572409,478.1440121376154,16875.247861029642,21094.26833070854,True,1,15
198,allmetal0198 26-02-13 19-53-55.fits,2026-02-13 19:53:55,682.8675008965506,538.4495362219524,3.6681860696567443,6.7574291153618296,8.637918085730997,15.912529533729792,1004.4668295371736,525.2966841385706,16849.61730435094,21062.351888787056,True,1,14
199,allmetal0199 26-02-13 19-54-54.fits,2026-02-13 19:54:54,682.7647598069998,538.0040583829989,4.101442457233665,6.882750205603619,9.658158911834827,16.20763814909629,860.6479500708755,528.5169240169746,16882.52410762244,21102.89137080843,True,1,15
200,allmetal0200 26-02-13 19-55-54.fits,2026-02-13 19:55:54,682.7533444464016,539.0003830206646,4.115718683500757,6.406779610005039,9.691776855615972,15.086813049735433,869.5152011579046,539.3864029290609,16873.53170283499,21092.215595637466,True,1,15
201,allmetal0201 26-02-13 19-56-54.fits,2026-02-13 19:56:54,682.5821986861516,538.6028494310821,4.443518773316722,6.317447467776506,10.463687077877552,14.876451930550129,812.7308106503907,582.9318440471554,16850.49031344141,21062.93846401279,True,1,15
202,allmetal0202 26-02-13 19-57-54.fits,2026-02-13 19:57:54,682.3728331829655,539.3764005059954,4.515218993982889,4.736377872552365,10.632528194735384,11.153317555127352,811.7338437306611,645.7625680209912,16867.595950118608,21085.97977347843,True,1,15
203,allmetal0203 26-02-13 19-58-54.fits,2026-02-13 19:58:54,682.9999762972585,537.2643690751576,4.144519001647416,7.545266054334163,9.759596422090993,17.767743749837667,868.8402316726443,470.07131046803767,16792.804546841176,20991.13814253996,True,1,13
204,allmetal0204 26-02-13 19-59-54.fits,2026-02-13 19:59:54,683.0933578441889,539.1542935390494,4.193407710563302,6.646605993238062,9.874720533821804,15.65156102429983,875.0040938640537,526.4007538766618,16860.71293509771,21076.308460055458,True,1,17
205,allmetal0205 26-02-13 20-00-54.fits,2026-02-13 20:00:54,683.115573341346,539.6209334425655,4.290145062129276,5.722344255312867,10.102519588392566,13.475090956978441,839.6087869935596,584.5379658881258,16863.891418699848,21080.49366229221,True,1,14
206,allmetal0206 26-02-13 20-01-55.fits,2026-02-13 20:01:55,682.5263275959384,540.5558252034043,4.4951371828197795,5.750083738606714,10.585239143267968,13.540412448277591,798.365112742754,556.5450644796443,16831.552586678943,21040.391930140453,True,1,11
207,allmetal0207 26-02-13 20-02-55.fits,2026-02-13 20:02:55,682.4143321288337,539.56103695989,4.417910913501782,6.39305720450121,10.403385176274988,15.054499254188975,807.547868317938,514.3829396518993,16880.469661029878,21101.27051184565,True,1,15
208,allmetal0208 26-02-13 20-03-54.fits,2026-02-13 20:03:54,683.7632317431511,539.8342341004717,4.196634263597405,5.937539408428127,9.882318485582866,13.981836817127759,866.8029011688309,564.0715790931789,16866.159962294038,21083.406062010916,True,1,16
209,allmetal0209 26-02-13 20-04-54.fits,2026-02-13 20:04:54,683.4933316337967,540.4752980827001,4.364400205714226,4.976381337114153,10.277377088953058,11.718482524354327,843.6274479155198,617.5240559691811,16875.13498097966,21095.40922175992,True,1,13
210,allmetal0210 26-02-13 20-05-54.fits,2026-02-13 20:05:54,682.7669130306635,538.6899850566929,4.349057358163971,7.473387643877396,10.241247443993863,17.59848302808911,797.4978598674214,432.9108608220704,16844.403203818467,21056.074490961022,True,1,16
211,allmetal0211 26-02-13 20-06-54.fits,2026-02-13 20:06:54,682.6641333948888,539.530256439762,3.7671312169168827,6.901364803224702,8.87091610185771,16.251472176704603,948.8148669126401,520.752422009328,16877.9472915825,21097.386154804946,True,1,16
212,allmetal0212 26-02-13 20-07-54.fits,2026-02-13 20:07:54,682.6864157550528,539.6542979013641,4.172885073650417,6.770267699377724,9.826393417042452,15.942762088720235,844.9445527054662,498.22395076138264,16862.935147167413,21079.04284011189,True,1,15
213,allmetal0213 26-02-13 20-08-54.fits,2026-02-13 20:08:54,682.1638220625952,539.8249847352765,4.050419815165393,6.31962909103883,9.53800977154202,14.881589260738954,902.5721810556281,545.8287562818571,16869.88537325079,21087.86186322772,True,1,16
214,allmetal0214 26-02-13 20-09-54.fits,2026-02-13 20:09:54,681.9803009147762,540.3355711920798,4.34393592624533,5.198340225231365,10.229187393452587,12.24115576326552,829.0740185670622,645.7568047508988,16875.50743562433,21094.982998851025,True,1,4
215,allmetal0215 26-02-13 20-10-54.fits,2026-02-13 20:10:54,681.8569944221297,538.2577116010584,4.073710877991231,6.896145010013196,9.592856033154378,16.23918050301923,900.0883040737632,511.63999242831534,16875.237458842697,21094.385502120433,True,1,15
216,allmetal0216 26-02-13 20-11-55.fits,2026-02-13 20:11:55,681.8467636609616,539.7012407504599,4.183435834319191,5.565728928412191,9.851238559755604,13.106290045833653,867.3682546991433,563.7339154436369,16883.94023451766,21106.12717555062,True,1,14
217,allmetal0217 26-02-13 20-12-55.fits,2026-02-13 20:12:55,681.7673694290036,539.6264154609469,4.526762391262834,5.811168173348013,10.659710818037956,13.684255299645788,802.8613949649235,557.585733532209,16886.40781525324,21108.974571974544,True,1,16
218,allmetal0218 26-02-13 20-13-55.fits,2026-02-13 20:13:55,682.1082523698939,538.770986822326,4.353161494415792,6.180393354500364,10.25091194630719,14.553714157353527,816.4676167771287,538.3670431769104,16876.786643124036,21096.538716152983,True,1,15
219,allmetal0219 26-02-13 20-14-55.fits,2026-02-13 20:14:55,680.9659034171872,538.8937962957922,4.005248271204581,6.741332119989579,9.431638914358103,15.874624006362446,875.7287611214036,503.6456625604455,16885.160916786153,21106.725965506248,True,1,13
220,allmetal0220 26-02-13 20-15-55.fits,2026-02-13 20:15:55,681.4748541098188,540.9113484308721,4.161707686879919,4.80836851638984,9.800072682624219,11.322842566290522,863.3233187232138,606.5137381243921,16877.68041956633,21098.75665601678,True,1,15
221,allmetal0221 26-02-13 20-16-54.fits,2026-02-13 20:16:54,681.6239437893073,539.7386415655419,4.047649362757177,4.730998738356705,9.53148585467735,11.140650662098501,897.104537056051,621.0844331941131,16887.432046972135,21110.985985945244,True,1,13
222,allmetal0222 26-02-13 20-17-54.fits,2026-02-13 20:17:54,681.6150711801927,539.95568949555,3.9404213918924613,6.032077002138968,9.278983279497123,14.20445583780704,917.5346270727523,522.1203352945939,16881.005744494687,21102.397899662217,True,1,16
223,allmetal0223 26-02-13 20-18-54.fits,2026-02-13 20:18:54,681.2191463062768,539.5817325632728,4.060770013545198,6.494801664953568,9.56238262615683,15.294089149133045,895.1755759598414,544.6506882458544,16885.29699234752,21106.860407826345,True,1,17
224,allmetal0224 26-02-13 20-19-54.fits,2026-02-13 20:19:54,680.8923833172694,539.9423445435334,3.9762150164893706,5.617418049897372,9.363270824182237,13.228008625216997,897.9400772638908,602.5975707128665,16870.269005725648,21088.289996884636,True,1,13
225,allmetal0225 26-02-13 20-20-54.fits,2026-02-13 20:20:54,681.6359065476782,539.7705970335642,4.4272155959063255,6.940398221748195,10.425296028913854,16.343388853069804,809.3815983356571,519.195024780776,16872.164829499474,21090.156801702058,True,1,14
226,allmetal0226 26-02-13 20-21-54.fits,2026-02-13 20:21:54,682.020847009241,539.973773207777,4.284600070140708,6.091681875652627,10.08946213010835,14.344814588738538,856.245577910962,566.1436701189232,16882.254694046813,21103.356662863076,True,1,16
227,allmetal0227 26-02-13 20-22-54.fits,2026-02-13 20:22:54,681.0107938595446,540.5294218492417,4.266870825253222,6.080769949482325,10.047712948864037,14.319118966262812,840.8188139336696,548.5571180051948,16880.358638126498,21101.06520143244,True,1,16
228,allmetal0228 26-02-13 20-23-54.fits,2026-02-13 20:23:54,680.7183131411973,540.0852348180231,4.019024492102497,5.948254749962354,9.464079435473291,14.00706951816191,911.4199241890224,552.862144942677,16881.711853910016,21103.056435814076,True,1,16
229,allmetal0229 26-02-13 20-24-55.fits,2026-02-13 20:24:55,681.6706773333141,539.6457982736946,4.662352042436617,6.697207596523396,10.979000046520733,15.770718694026838,800.7567571555352,510.8675245302291,16880.87010091979,21101.8514232725,True,1,14
230,allmetal0230 26-02-13 20-25-55.fits,2026-02-13 20:25:55,681.4314399828299,539.8342208950703,4.309538851798524,6.586729173043076,10.148188473054827,15.510561887871964,852.1418290737704,514.5108722097979,16862.274853853145,21078.537282895362,True,1,16
231,allmetal0231 26-02-13 20-26-55.fits,2026-02-13 20:26:55,680.3265720614302,542.14756089076,4.246928879602186,4.80183781721938,10.000753255508059,11.307463944975856,863.1591434343603,646.3942061174293,16887.328330857956,21110.535865477927,True,1,16
232,allmetal0232 26-02-13 20-27-55.fits,2026-02-13 20:27:55,681.1830773160492,540.3627628494686,4.327045070263174,6.311321674843542,10.189412467208074,14.862026790559877,860.5928895505023,555.1530581649796,16884.978716331054,21106.762111660028,True,1,13
233,allmetal0233 26-02-13 20-28-55.fits,2026-02-13 20:28:55,680.8250027196626,541.082744537489,4.361904521304148,5.467777960726521,10.271500201278135,12.875633143697259,847.2168339555121,575.8580860175236,16856.487350000738,21071.947724011672,True,1,15
234,allmetal0234 26-02-13 20-29-55.fits,2026-02-13 20:29:55,680.699998746965,540.2522380202648,4.129210527190297,7.223953888472415,9.723547719580525,17.011111420954112,859.9751169298831,496.1171093977779,16882.210091487854,21102.68205754008,True,1,16
235,allmetal0235 26-02-13 20-30-55.fits,2026-02-13 20:30:55,680.5317137807649,540.9811682236183,4.117026138271937,5.344348830220314,9.694855676319118,12.584979753040502,899.349771692762,610.422729998795,16888.67331370618,21111.919527801165,True,1,13
236,allmetal0236 26-02-13 20-31-55.fits,2026-02-13 20:31:55,680.3609396792999,540.45050584849,4.143205921007357,6.448230410691532,9.75650435347904,15.18442222607457,884.9208590076731,542.5155439037695,16887.079433340048,21109.260888135053,True,1,16
237,allmetal0237 26-02-13 20-32-55.fits,2026-02-13 20:32:55,680.070917446777,540.4382059135115,4.318182917425334,5.406754444764705,10.168543692063402,12.731933745092109,851.9248799485149,600.9448947236742,16879.134138638092,21099.969296819836,True,1,13
238,allmetal0238 26-02-13 20-33-55.fits,2026-02-13 20:33:55,680.0586625631973,540.835221355175,4.159301011084225,6.512529709434966,9.794405394218629,15.33583550363704,870.6214404374963,540.5150848210429,16886.3414501962,21108.174185813514,True,1,14
239,allmetal0239 26-02-13 20-34-56.fits,2026-02-13 20:34:56,679.4691847721288,541.7776083687263,4.075070593599082,5.6004996243024685,9.596057918723288,13.188168777495754,881.6130921810956,599.1106250376472,16889.57468597131,21112.54928020081,True,1,16
240,allmetal0240 26-02-13 20-35-56.fits,2026-02-13 20:35:56,680.4347589197847,541.5114443611678,4.073516659577512,5.69752610115474,9.59239868374064,13.416648670086213,894.8488400160966,585.1525764126952,16886.51006607628,21108.89950843145,True,1,14
241,allmetal0241 26-02-13 20-36-56.fits,2026-02-13 20:36:56,680.3749103943622,542.299331057724,4.193844264619433,5.918809246306014,9.875748540063922,13.937730655915928,875.0405024062095,569.3728333629277,16886.901731783775,21109.360976225435,True,1,14
242,allmetal0242 26-02-13 20-37-55.fits,2026-02-13 20:37:55,680.0264344789978,543.3323496957504,4.03126261810417,5.40687855368389,9.492898019895645,12.732225999262772,898.7538870435218,584.1323353910361,16885.902502050896,21108.51585369674,True,1,16
243,allmetal0243 26-02-13 20-38-55.fits,2026-02-13 20:38:55,680.1111539481647,542.6390822172167,4.592958598637972,5.395084930957155,10.815590974069956,12.704454140062323,807.3260563487906,599.5084411151456,16887.69639404339,21110.779847758185,True,1,13
244,allmetal0244 26-02-13 20-39-55.fits,2026-02-13 20:39:55,679.228954099555,543.4447459350682,4.044439989424926,5.254067947573205,9.523928358022575,12.372384520900003,884.6912641866525,609.5020829509834,16887.10397005767,21109.799668384145,True,1,15
245,allmetal0245 26-02-13 20-40-55.fits,2026-02-13 20:40:55,679.945859474965,543.4224971145335,4.284963451447003,6.8890471154868615,10.090317827692402,16.222466238711103,873.3878163694384,520.2040420443024,16879.34539603899,21099.570283951987,True,1,16
246,allmetal0246 26-02-13 20-41-55.fits,2026-02-13 20:41:55,680.3933097144983,542.7522012354398,4.2478152023724824,6.022350200448805,10.00284038613392,14.181550970213003,857.0354576263866,565.7499285196794,16884.51761637753,21106.218316399627,True,1,12
247,allmetal0247 26-02-13 20-42-55.fits,2026-02-13 20:42:55,680.3556715802647,543.1405918710282,4.282418921371623,4.932301761721813,10.084325917265716,11.614683056643988,851.9585063212895,635.0601780881893,16838.384928941923,21049.244596754834,True,1,10
248,allmetal0248 26-02-13 20-43-55.fits,2026-02-13 20:43:55,679.5996010290148,543.1351807409263,4.646406252731879,6.159828505481775,10.941450581290168,14.505287638661517,809.8716340378908,556.9395183842013,16878.897325217837,21099.435186396444,True,1,12
249,allmetal0249 26-02-13 20-44-55.fits,2026-02-13 20:44:55,679.68515133877,543.2886224432433,4.320392200136321,6.194900894176403,10.173746155276373,14.587876802586745,848.0385953908265,563.8529793546004,16863.94770828149,21080.35284569706,True,1,14
250,allmetal0250 26-02-13 20-45-55.fits,2026-02-13 20:45:55,680.0423644777784,542.6907281181908,3.8958811212468185,6.280183532187824,9.174098957369658,14.788702068069158,934.9313937028884,558.6473154597269,16881.91711201426,21102.72434190365,True,1,13
251,allmetal0251 26-02-13 20-46-56.fits,2026-02-13 20:46:56,679.8526664657682,544.0124090367507,4.400169824192328,5.301174434660658,10.361608103548402,12.483311820944529,860.102975815113,604.1122553079085,16873.555013074958,21093.368663855043,True,1,15
252,allmetal0252 26-02-13 20-47-56.fits,2026-02-13 20:47:56,679.9154187713597,544.7670038755775,4.326182068950315,4.484971140427123,10.187380254417667,10.561299942863107,841.3625726007546,666.069565533154,16876.990745808416,21097.835881225994,True,1,14
253,allmetal0253 26-02-13 20-48-56.fits,2026-02-13 20:48:56,679.4309607981706,543.754512218362,4.2897953371359465,6.6323663351837565,10.101696048968027,15.618029192079167,851.2210764720699,529.598572597398,16876.184285869094,21095.570789891673,True,1,15
254,allmetal0254 26-02-13 20-49-56.fits,2026-02-13 20:49:56,679.7726497865191,543.8198908343727,4.053315489314016,6.570960552931,9.544828563071077,15.473429625149569,882.0688231709736,543.8974727283096,16860.443784256535,21075.55809463819,True,1,13
255,allmetal0255 26-02-13 20-50-56.fits,2026-02-13 20:50:56,680.3653357726051,544.8158575868817,4.527996179743963,6.011905362727607,10.662616167884645,14.156955256980028,810.1434135470438,564.3320405920531,16881.48817939147,21102.53489756257,True,1,16
256,allmetal0256 26-02-13 20-51-56.fits,2026-02-13 20:51:56,680.0123412285701,543.9859595724419,4.267394398551637,5.074935486325617,10.048945869762187,11.950559810438453,848.5338851388778,612.4844385913063,16874.658927305394,21094.57871059959,True,1,9
257,allmetal0257 26-02-13 20-52-56.fits,2026-02-13 20:52:56,679.453887182813,544.4084331640198,3.901373844778688,5.829690636113602,9.187033332844317,13.727872366249535,937.3853373565598,583.9217646572132,16879.283619682315,21099.723856118475,True,1,14
258,allmetal0258 26-02-13 20-53-56.fits,2026-02-13 20:53:56,679.8092022473762,544.9073353622588,4.23199045004658,5.225304117819514,9.965575942149234,12.304650878024152,855.1774712781362,635.280077263135,16878.00488622065,21098.239422074577,True,1,14
259,allmetal0259 26-02-13 20-54-56.fits,2026-02-13 20:54:56,679.5760797563715,543.8170138844624,4.355988812419696,5.8108790603836065,10.25756977141646,13.683574490641925,836.733417146179,574.5853762004543,16879.09440448744,21099.616947129583,True,1,14
260,allmetal0260 26-02-13 20-55-56.fits,2026-02-13 20:55:56,679.549180526912,542.6566918993478,4.48549952809584,6.018343981523657,10.562544200736948,14.172117045583281,829.2625120359436,593.334720245405,16857.566565286783,21072.322363275103,True,1,14
261,allmetal0261 26-02-13 20-56-56.fits,2026-02-13 20:56:56,678.9217022513524,544.0310921820085,4.2693609524400085,5.811770974451797,10.053576750278157,13.685674787768145,856.0235831867102,596.3898816771925,16875.92350911391,21095.366037422988,True,1,13
262,allmetal0262 26-02-13 20-57-56.fits,2026-02-13 20:57:56,679.7354210604079,545.4270800164566,4.010823581662922,5.165573805398388,9.444767767182675,12.163996741038925,897.4841966667899,613.5987585573391,16884.24297935473,21106.356461792868,True,1,16
263,allmetal0263 26-02-13 20-58-56.fits,2026-02-13 20:58:56,680.5883015753116,544.9110719304142,4.3436809144893465,5.264084842053639,10.228586886657878,12.395972504811487,841.8663862286205,630.7552883531505,16872.994347145144,21092.06652187476,True,1,14
264,allmetal0264 26-02-13 20-59-57.fits,2026-02-13 20:59:57,679.4128686229523,545.4828484337014,4.292575698868528,5.27489989222625,10.108243300508345,12.421440001745967,825.5547006769452,635.8336486439179,16862.701656946057,21078.841671765687,True,1,11
265,allmetal0265 26-02-13 21-00-57.fits,2026-02-13 21:00:57,680.6170503822283,544.3114470587373,4.42921503515393,6.115171336041316,10.430004348532934,14.400128040908783,821.6297549082636,562.4608738881965,16880.964016698766,21101.693691597528,True,1,15
266,allmetal0266 26-02-13 21-01-57.fits,2026-02-13 21:01:57,680.1234112512154,544.1749346230557,4.53573144690364,5.3696034476238905,10.68083133004592,12.64444983233203,808.2293531996966,625.5789695412556,16885.47025242055,21107.588825582632,True,1,13
267,allmetal0267 26-02-13 21-02-57.fits,2026-02-13 21:02:57,680.0450380008328,543.4206192105299,4.286272550828352,6.724567476040292,10.093400521156543,15.835146286742857,853.9414465231943,510.9693719666879,16877.79935512593,21097.797953959085,True,1,16
268,allmetal0268 26-02-13 21-03-57.fits,2026-02-13 21:03:57,680.6172181248945,541.0909519816163,4.499466398817975,7.192867712269362,10.595433667879787,16.9379090701078,806.7018542573825,515.7154499351336,16870.698923003853,21088.178447304836,True,1,15
269,allmetal0269 26-02-13 21-04-57.fits,2026-02-13 21:04:57,679.625546771949,541.6604780117237,4.315771428520233,6.099521607965879,10.1628650696513,14.36327574753746,849.2113221056478,568.1213621915799,16885.82203317072,21107.76646475463,True,1,14
270,allmetal0270 26-02-13 21-05-57.fits,2026-02-13 21:05:57,679.3688486160132,540.9367823737358,4.177968128650757,7.132295726550457,9.838363096847246,16.795272943969596,845.0925254856404,521.0968050952816,16871.312244525456,21088.68537494264,True,1,14
271,allmetal0271 26-02-13 21-06-57.fits,2026-02-13 21:06:57,680.2480900398552,540.6289975514651,4.096308650783104,7.177208250303271,9.646069721497737,16.901033855175648,909.0643102634725,536.3547163077924,16874.61702935929,21092.963535633415,True,1,17
272,allmetal0272 26-02-13 21-07-57.fits,2026-02-13 21:07:57,680.7945580499116,541.5573032831617,4.141527258649058,6.2627810963005865,9.752551405708878,14.747722463209525,871.9183717306321,532.3529661522462,16881.173734806307,21102.145386725246,True,1,16
273,allmetal0273 26-02-13 21-08-57.fits,2026-02-13 21:08:57,680.337177490234,540.1763778964987,4.118052440675234,6.288712650591762,9.697272433790664,14.808786607053193,875.2314725219111,551.0633991884131,16879.15975569781,21099.289386128876,True,1,16
274,allmetal0274 26-02-13 21-09-57.fits,2026-02-13 21:09:57,679.8151443010632,541.6183691055752,4.450804854023031,4.708083243553285,10.480844486774481,11.086688795593606,826.5623782722157,659.7726356617331,16848.10503581226,21061.532958543925,True,1,1
275,allmetal0275 26-02-13 21-10-58.fits,2026-02-13 21:10:58,679.5322609608606,541.5216744025666,4.23922351082038,5.763262920068596,9.982608498646306,13.571447048961131,864.1179081751098,561.8207221517526,16877.99589608886,21098.5358757909,True,1,16
276,allmetal0276 26-02-13 21-11-58.fits,2026-02-13 21:11:58,679.3117393658229,539.2996528251861,4.08451422834134,6.421141872045407,9.618295979112307,15.120633592280079,895.4731092150154,568.202622330618,16887.927988252624,21109.932170442215,True,1,15
277,allmetal0277 26-02-13 21-12-58.fits,2026-02-13 21:12:58,679.8490368483453,540.1374291194679,4.319312629952997,6.723206144346713,10.171203961768665,15.83194059558288,861.4599178051027,520.1990460774092,16886.48832030797,21108.657524080532,True,1,17
278,allmetal0278 26-02-13 21-13-58.fits,2026-02-13 21:13:58,680.3400190142614,540.1905687923133,4.274147351655223,5.2696142498074865,10.064847859093666,12.408993265027398,887.2767343513349,609.1735599942197,16882.765612882587,21104.882273743675,True,1,15
279,allmetal0279 26-02-13 21-14-57.fits,2026-02-13 21:14:57,680.2062319195325,540.0252322857054,3.800687077816511,6.476191303915982,8.949934115732423,15.250265097916476,947.2616931382343,559.1671579680354,16880.49103390158,21100.56231784796,True,1,13
280,allmetal0280 26-02-13 21-15-57.fits,2026-02-13 21:15:57,680.4606566304128,540.2842241437858,4.374332069926492,5.874704814210553,10.300764841884627,13.833872655142828,843.3012403576695,588.4488445116281,16881.85261714122,21102.883474737857,True,1,12
281,allmetal0281 26-02-13 21-16-57.fits,2026-02-13 21:16:57,680.8540694078517,539.1017136252849,4.2226094184223335,6.211298834360519,9.94348530083739,14.62649100082952,870.2454158475957,542.6331411648616,16884.116310007867,21105.89015446345,True,1,16
282,allmetal0282 26-02-13 21-17-57.fits,2026-02-13 21:17:57,679.244092742316,540.0455180276332,3.960610791084238,6.053356109522046,9.326525681411049,14.254564306413076,913.5595166287487,563.3822129891139,16886.866705485096,21109.09229718416,True,1,12
283,allmetal0283 26-02-13 21-18-57.fits,2026-02-13 21:18:57,679.9205905681163,540.5205748794998,4.340747303743771,5.283905852042201,10.221678761269878,12.442647416445313,842.0467715479375,611.1156545113913,16886.385931468038,21109.02529571284,True,1,15
284,allmetal0284 26-02-13 21-19-57.fits,2026-02-13 21:19:57,680.1498788671462,539.6719710951987,4.459346248222078,5.886761593838647,10.500957933046907,13.862264201489586,830.3292461560627,581.6790954887339,16887.726283825144,21110.339636731176,True,1,17
285,allmetal0285 26-02-13 21-20-57.fits,2026-02-13 21:20:57,679.5833776004941,539.6988011570082,4.167754095235214,5.807992151477201,9.81431088621971,13.676776339680943,849.7586063374616,563.6813788889242,16886.822314939764,21109.183259180514,True,1,14
286,allmetal0286 26-02-13 21-21-57.fits,2026-02-13 21:21:57,681.0176856756544,539.1778858328375,3.8251223033697417,6.815802408429373,9.007474674670023,16.04998813433971,943.2491428703236,532.7028231514792,16886.938262939115,21108.617129982427,True,1,14
287,allmetal0287 26-02-13 21-22-57.fits,2026-02-13 21:22:57,679.6427896211507,540.1682804030232,4.101220327322429,5.127869039773271,9.657635835867248,12.075208803151705,849.8352890813342,577.1019386880946,16874.27616692073,21094.132936500522,True,1,14
288,allmetal0288 26-02-13 21-23-58.fits,2026-02-13 21:23:58,679.43535297595,540.9330576719236,4.573338977557093,5.120440677153941,10.769390297072789,12.05771634595395,783.0733532767475,612.219591482844,16881.612588048825,21103.108531425416,True,1,15
289,allmetal0289 26-02-13 21-24-58.fits,2026-02-13 21:24:58,681.4405701961006,538.0722253671894,4.177847690730165,7.3305487083846765,9.838079487217655,17.262123039579972,868.2829001948934,504.956515361352,16885.77505570338,21107.037542841503,True,1,16
290,allmetal0290 26-02-13 21-25-57.fits,2026-02-13 21:25:57,680.0593349774355,540.1690179248762,4.208656752884048,5.445616459600311,9.910629284346223,12.823446796617283,872.9531356518626,580.1738512314026,16878.972459147502,21099.975144428023,True,1,15
291,allmetal0291 26-02-13 21-26-57.fits,2026-02-13 21:26:57,679.5085316767772,539.0609495545203,4.234454096306898,6.4951883013062135,9.971377385746898,15.294999608166393,846.2814997923223,554.1163983470595,16875.820622565898,21094.73771322024,True,1,15
292,allmetal0292 26-02-13 21-27-57.fits,2026-02-13 21:27:57,679.2814644855603,539.2137475929762,4.098383814178541,7.202867594496559,9.650956357858025,16.961456993224353,869.3775717487003,490.1387004198664,16880.188887305594,21100.3160049188,True,1,14
293,allmetal0293 26-02-13 21-28-57.fits,2026-02-13 21:28:57,679.377404867494,540.1674896307686,4.245919097913802,5.84810749539385,9.998375401347147,13.771240755649178,851.734169938001,561.9290132729905,16882.54065906043,21103.984047662576,True,1,15
294,allmetal0294 26-02-13 21-29-57.fits,2026-02-13 21:29:57,678.3381462573459,539.7218169358456,4.03688901169937,6.689623582481723,9.506147164314855,15.752859705739713,907.4328047891163,515.2044756516552,16885.055238645968,21106.84945844679,True,1,15
295,allmetal0295 26-02-13 21-30-57.fits,2026-02-13 21:30:57,678.770933599926,539.7810359256981,4.301375030215881,6.7411106607246625,10.12896414234796,15.874102509646262,846.895246930605,502.75248814627713,16884.673296293426,21106.462656871423,True,1,16
296,allmetal0296 26-02-13 21-31-58.fits,2026-02-13 21:31:58,680.2766228683071,539.5054462713949,4.389836244204898,5.558231016823928,10.337274382257071,13.088633813329741,827.8066845496392,568.4839315659812,16877.904745161726,21098.541644168257,True,1,16
297,allmetal0297 26-02-13 21-32-58.fits,2026-02-13 21:32:58,678.7943076116181,539.9154181534819,4.188379301004702,6.287548683552671,9.862879534198589,14.806045674137787,873.209201851055,529.1218671582915,16886.499554557307,21108.933349365594,True,1,17
298,allmetal0298 26-02-13 21-33-58.fits,2026-02-13 21:33:58,678.5946097867371,540.120921718911,4.061662722163466,6.339015578830792,9.564484794305502,14.927240950794214,887.0143726119074,533.0881769678113,16886.112685099444,21108.18795478448,True,1,15
299,allmetal0299 26-02-13 21-34-58.fits,2026-02-13 21:34:58,678.4394986381242,539.7315138524484,4.298162244976372,6.704177105786116,10.121398611265587,15.787130634142722,836.9709949283249,529.9021923975636,16877.566845603018,21097.068415325874,True,1,15
300,allmetal0300 26-02-13 21-35-58.fits,2026-02-13 21:35:58,678.390204980372,539.6853096087789,3.989408435013967,6.326005355934859,9.39433895058644,14.896604217128552,919.9359822455239,566.9440819993121,16848.429432272704,21060.741210424356,True,1,13
301,allmetal0301 26-02-13 21-36-58.fits,2026-02-13 21:36:58,677.9838553685642,540.1337514851963,4.220209407397721,6.9520930367188845,9.937833706768338,16.370928037785713,854.5177251397852,495.6414488650617,16886.70350583443,21108.772262658553,True,1,17
302,allmetal0302 26-02-13 21-37-58.fits,2026-02-13 21:37:58,678.1936007655171,540.7725418204366,3.7969258176230287,5.961337643732712,8.941077024834234,14.037877378659358,954.214636896101,513.3219334869937,16880.146312291537,21101.561038552067,True,1,16
303,allmetal0303 26-02-13 21-38-58.fits,2026-02-13 21:38:58,679.2883402132247,540.8951771826293,4.316651164381065,5.793793504884263,10.16493668929072,13.643341082071583,835.4012511926334,581.1202649871395,16830.895904743506,21039.20552369211,True,1,14
304,allmetal0304 26-02-13 21-39-58.fits,2026-02-13 21:39:58,678.4901996172489,541.9102226606908,4.244546833504412,6.305824147701066,9.995143965608833,14.849081103446672,880.4489133409741,548.0699641933988,16885.815205322524,21107.95704141713,True,1,14
305,allmetal0305 26-02-13 21-40-59.fits,2026-02-13 21:40:59,679.6028843851832,540.607473843752,3.951381958341907,6.749970005096357,9.304793441077171,15.894964671358562,918.3700268899536,528.1647009529214,16882.407711112483,21103.165654120807,True,1,14
306,allmetal0306 26-02-13 21-41-59.fits,2026-02-13 21:41:59,679.4824223761613,541.4290255819685,4.060379075024639,5.701437783625133,9.561462036292244,13.425859978377291,915.8303547703101,572.1794257672134,16886.7115671496,21109.50660491353,True,1,15
307,allmetal0307 26-02-13 21-42-59.fits,2026-02-13 21:42:59,678.3383294793227,542.8615828925477,4.149125102735386,5.539358367301051,9.770442961262384,13.044192119930427,869.7934122884492,568.9403109306057,16882.92177744653,21104.771679545094,True,1,15
308,allmetal0308 26-02-13 21-43-59.fits,2026-02-13 21:43:59,679.7766911581251,542.4759260812358,3.9373151055684796,5.453967741550179,9.271668534195804,12.843112562754538,886.8625295075232,562.7592502176346,16880.820478061647,21102.060038089727,True,1,14
309,allmetal0309 26-02-13 21-44-59.fits,2026-02-13 21:44:59,679.4293229054678,542.9195161295547,4.1042928293711345,7.5496285759586454,9.664871025279938,17.77801670320588,889.3027438609566,500.52052452869344,16871.189773345097,21088.67196605203,True,1,15
310,allmetal0310 26-02-13 21-45-59.fits,2026-02-13 21:45:59,679.8575591678737,543.0220270896095,4.130918145596374,7.287382840193088,9.72756885363242,17.160475187901255,874.7398082332679,482.564934554511,16887.456525391735,21109.557716992378,True,1,17
311,allmetal0311 26-02-13 21-46-59.fits,2026-02-13 21:46:59,679.0266102297255,543.8704687853254,3.974170930109418,6.289876365801802,9.358457368600948,14.811526946956503,914.9300644360546,530.4003078973324,16877.48099830434,21097.585455214332,True,1,15
312,allmetal0312 26-02-13 21-47-59.fits,2026-02-13 21:47:59,680.7823038067196,542.3462689598953,4.2754802178989655,7.204085715672242,10.067986519241774,16.964325449386127,851.3658698268202,502.4521221713146,16883.356154886395,21104.24486050408,True,1,17
313,allmetal0313 26-02-13 21-49-00.fits,2026-02-13 21:49:00,680.0263362361983,543.8334384408369,4.121145635822396,7.3911875223773205,9.704556351726394,17.40491653427675,870.5049335187928,523.4086200554774,16870.74494311937,21087.742997660043,True,1,15
314,allmetal0314 26-02-13 21-50-00.fits,2026-02-13 21:50:00,679.9364512991795,543.6634913192574,4.094150629249014,6.5826987865457145,9.640987969131652,15.501071052958755,887.9094115431086,529.0547360503473,16886.313138651927,21108.26503551931,True,1,16
315,allmetal0315 26-02-13 21-51-00.fits,2026-02-13 21:51:00,679.0292989272044,544.9454713703652,4.1315224465458,6.676423404636558,9.728991873621359,15.721775662351943,880.8535884377775,526.017174174363,16884.91540000762,21106.45599474801,True,1,16
316,allmetal0316 26-02-13 21-52-00.fits,2026-02-13 21:52:00,678.8407149847877,543.6569786676747,4.038701653975544,6.262831671596186,9.510415610681259,14.747841558929386,901.3702925149092,551.3324906072878,16880.981997207073,21101.68638352678,True,1,16
317,allmetal0317 26-02-13 21-52-59.fits,2026-02-13 21:52:59,679.3199091256797,543.1402960153756,4.233720253616948,6.489105884118516,9.969649318270703,15.280676610250561,856.5552850223587,542.5662481651415,16877.856190989263,21097.578846444652,True,1,17
318,allmetal0318 26-02-13 21-53-59.fits,2026-02-13 21:53:59,678.6295076043887,542.5100775802588,4.1847272808706055,8.228365708264995,9.85427968398196,19.376320507667696,864.5468431823286,459.08729480072145,16884.271318522777,21104.948355471544,True,1,15
319,allmetal0319 26-02-13 21-54-59.fits,2026-02-13 21:54:59,680.2297051106347,543.0818062042136,4.2111290515286495,6.90877104961597,9.916451102751834,16.268912554165198,869.8316541226321,526.1242897541669,16874.761162058338,21093.520240611902,True,1,15
320,allmetal0320 26-02-13 21-55-59.fits,2026-02-13 21:55:59,679.4583377478698,544.0970456356325,4.1187231966549644,6.060857733784162,9.69885194341706,14.272229281595797,884.9531049920976,552.9522428870298,16884.95831917534,21106.916380883606,True,1,17
321,allmetal0321 26-02-13 21-56-59.fits,2026-02-13 21:56:59,679.4191821688213,543.6577656553932,4.087181490250008,6.890205311583326,9.624576900920186,16.225193582095134,914.3244199195369,517.6497419209352,16875.97789488795,21095.38923467828,True,1,15
322,allmetal0322 26-02-13 21-57-59.fits,2026-02-13 21:57:59,679.5373820599387,544.605425211119,4.120780776995168,5.415133724800799,9.70369717484643,12.751665441684029,883.5660825651639,576.0187042015141,16882.90969628843,21104.91433511912,True,1,15
323,allmetal0323 26-02-13 21-58-59.fits,2026-02-13 21:58:59,679.3561107701785,544.1017223404936,4.1734082668180745,5.062549718444879,9.827625442801075,11.92139355595979,859.0349030914869,619.0103239022112,16882.212873855562,21103.870900514805,True,1,14
324,allmetal0324 26-02-13 21-59-59.fits,2026-02-13 21:59:59,679.974248049573,544.3211809859904,4.117045577499408,6.203600893172546,9.694901452201627,14.608363734614613,880.1436257567749,551.2560596365349,16871.79531506716,21090.24306770389,True,1,15
325,allmetal0325 26-02-13 22-00-59.fits,2026-02-13 22:00:59,679.6817764318542,544.9859442157353,4.60046205076168,5.369486036975341,10.833260253537793,12.644173351383326,798.8008167926453,569.457032627539,16884.008992152387,21106.521976351294,True,1,13
326,allmetal0326 26-02-13 22-02-00.fits,2026-02-13 22:02:00,678.552054979943,543.3143325692487,3.7887734137684017,7.499108278212298,8.921879580822171,17.65905049339185,927.8530853777839,537.83509090378,16843.567293780063,21053.191462210823,True,1,15
327,allmetal0327 26-02-13 22-03-00.fits,2026-02-13 22:03:00,679.6216844971709,541.7969664357398,4.262198141964244,7.704233857646263,10.036709620591068,18.142084319591536,846.6810183714595,479.7419894850667,16885.757245888744,21106.982803114286,True,1,15
328,allmetal0328 26-02-13 22-04-00.fits,2026-02-13 22:04:00,678.672063218077,544.1041829657546,4.428903754414264,7.271318555715174,10.429271338407538,17.122646688803584,816.506405668077,500.3204901805084,16885.015203070823,21106.21573460545,True,1,17
329,allmetal0329 26-02-13 22-04-59.fits,2026-02-13 22:04:59,679.1911459364985,544.918318639527,4.541948864479064,5.917765714008762,10.695472229580858,13.93527332514472,813.6163423361753,562.7274436683822,16883.916403352865,21105.78975029593,True,1,16
330,allmetal0330 26-02-13 22-05-59.fits,2026-02-13 22:05:59,679.3968886119574,543.9650137437542,3.9488958824913207,6.902529183960717,9.298939179830743,16.254214083801816,909.7259879503869,451.6903408454504,16872.42355896314,21091.691230361972,True,1,15
331,allmetal0331 26-02-13 22-06-59.fits,2026-02-13 22:06:59,679.2560291260579,544.132813947574,4.225119268169592,6.711351066062255,9.94939554533225,15.80402401960323,860.949414872331,513.2821410394888,16884.835042178333,21106.51574724041,True,1,17
332,allmetal0332 26-02-13 22-07-59.fits,2026-02-13 22:07:59,679.381029519851,544.7118607107133,4.073849026655741,6.1047066850013385,9.59318134839876,14.37548567087559,887.419255923462,543.6309957853143,16884.481255625582,21106.327376211375,True,1,15
333,allmetal0333 26-02-13 22-08-59.fits,2026-02-13 22:08:59,679.9543482314299,544.3599612827127,4.157044153427284,4.867365321026595,9.789090900569281,11.461769424441927,893.3487895675242,601.610926774693,16880.919655258993,21103.07220728429,True,1,15
334,allmetal0334 26-02-13 22-09-59.fits,2026-02-13 22:09:59,679.4400609036671,543.3458461110613,4.314880274480914,6.385127632679653,10.1607665622563,15.03582653951506,855.2275291342764,546.4467046643466,16879.82658539363,21100.275432784703,True,1,14
335,allmetal0335 26-02-13 22-10-59.fits,2026-02-13 22:10:59,677.8126996370487,543.1217081054396,3.9496062514321237,7.4362422595011495,9.300611970851913,17.511012332379543,876.5269768438661,499.99466362534844,16876.398603330887,21094.871242101395,True,1,16
336,allmetal0336 26-02-13 22-11-59.fits,2026-02-13 22:11:59,679.1409925319413,544.4064989220485,4.183212337616624,4.973610707387561,9.8507122652404,11.711958189936787,865.3452464108018,602.2751559664888,16859.303280373908,21075.657655945543,True,1,12
337,allmetal0337 26-02-13 22-12-59.fits,2026-02-13 22:12:59,679.4120456914869,543.6220191915163,4.013485949311072,6.928594319390762,9.451037163887781,16.315592787188933,917.0156636496548,489.99438700336077,16883.88713390487,21105.55768199401,True,1,15
338,allmetal0338 26-02-13 22-14-00.fits,2026-02-13 22:14:00,679.4485718192394,542.4912510389245,4.182902524102297,7.7277432113510045,9.849982710166643,18.197444616941187,869.7612907050973,479.1461860835343,16880.732475587072,21100.75748108233,True,1,17
339,allmetal0339 26-02-13 22-15-00.fits,2026-02-13 22:15:00,680.317359654101,543.7614828233702,4.085744213993323,6.591362392886185,9.621192373980696,15.521472286831552,901.1229432301217,525.7637696953287,16885.88765755417,21107.888946148465,True,1,13
340,allmetal0340 26-02-13 22-16-00.fits,2026-02-13 22:16:00,679.1876806093068,543.2678383068426,4.356698540152888,6.114432685229967,10.259241052509095,14.398388651171938,820.8548475213954,552.3376340788176,16863.30293207172,21079.61575835344,True,1,15
341,allmetal0341 26-02-13 22-16-59.fits,2026-02-13 22:16:59,679.9538184438213,543.7115298341438,4.159424612934949,6.339069027620042,9.794696454334314,14.927366813074523,856.6354680110098,525.8048660683046,16885.423911014415,21107.34289437538,True,1,15
342,allmetal0342 26-02-13 22-17-59.fits,2026-02-13 22:17:59,679.4669244532207,543.7806020769814,4.041795136516948,5.56245390576861,9.517700205378713,13.098577956864618,919.7694933276305,580.093718882238,16884.62699968221,21106.985108193807,True,1,15
343,allmetal0343 26-02-13 22-18-59.fits,2026-02-13 22:18:59,679.3095476754885,541.9884171980119,4.213761566761749,6.67284899284307,9.922650202391587,15.713358565811443,888.6464675917829,552.0756545833617,16885.727983829656,21107.30838698041,True,1,14
344,allmetal0344 26-02-13 22-19-59.fits,2026-02-13 22:19:59,678.9326398938475,542.2275266883748,4.200084730555304,5.537183784064683,9.890443714340043,13.03907136773584,862.574589830509,586.4216505108809,16889.408414534904,21112.68033790479,True,1,11
345,allmetal0345 26-02-13 22-20-59.fits,2026-02-13 22:20:59,678.693421235853,542.201209201133,4.167675088725528,6.6656633954838975,9.814124840107015,15.696437777114543,879.4292692354348,508.87426493303985,16886.756849660454,21109.114800362826,True,1,15
346,allmetal0346 26-02-13 22-21-59.fits,2026-02-13 22:21:59,679.795386295428,542.3924775226762,4.1205023960883205,6.134704612443086,9.703041637906834,14.4461253917248,869.5681953987958,557.1172232111794,16879.848910876324,21100.215793150655,True,1,16
347,allmetal0347 26-02-13 22-22-59.fits,2026-02-13 22:22:59,680.2539995932675,543.0557721920254,4.144828236584406,6.222619965493609,9.760324614719242,14.653150227354146,879.8580905601481,551.3819013752477,16883.58724684372,21105.012361362857,True,1,15
348,allmetal0348 26-02-13 22-23-59.fits,2026-02-13 22:23:59,680.1126039162635,543.3335490081383,3.9825259595872464,6.508782153153559,9.378131959492164,15.327010682985703,907.7041170081292,531.8047481417807,16882.598164889936,21103.62358763247,True,1,16
349,allmetal0349 26-02-13 22-24-59.fits,2026-02-13 22:24:59,679.092664966128,542.608586342227,4.150618952417086,5.935937620798682,9.773960708437114,13.978064895510059,874.7891633793691,557.8353171844744,16888.305970378304,21111.16490510145,True,1,16
350,allmetal0350 26-02-13 22-26-00.fits,2026-02-13 22:26:00,679.1942907732671,542.5729054014912,4.084610948548956,5.157762544970705,9.618523737795963,12.14560262840686,893.1099214955628,616.8311490302383,16888.36000281336,21111.592032072916,True,1,15
351,allmetal0351 26-02-13 22-27-00.fits,2026-02-13 22:27:00,679.4602499940788,542.3721168611642,4.337769714229912,6.631045574305635,10.21466707379677,15.614919037888674,849.477087598375,516.7251003898255,16887.598035878505,21110.130097115245,True,1,15
352,allmetal0352 26-02-13 22-27-59.fits,2026-02-13 22:27:59,679.058230485685,542.0096098838269,4.3201928073168965,6.518605638298156,10.173276621068357,15.350143222716262,850.4424545523303,541.274642794494,16886.974577168327,21109.07492501849,True,1,16
353,allmetal0353 26-02-13 22-28-59.fits,2026-02-13 22:28:59,679.52666650113,542.3577216832778,3.9977376516829874,7.386823420664682,9.413952756958054,17.394639860085277,923.0515248756858,499.27092752841446,16881.087692417455,21101.36473561786,True,1,15
354,allmetal0354 26-02-13 22-29-59.fits,2026-02-13 22:29:59,679.1249668497393,543.5441187077585,3.868375981236259,4.677898563561894,9.10932930233141,11.015609306097032,932.2305253721242,625.4648114097885,16883.08636840785,21105.523392788,True,1,17
355,allmetal0355 26-02-13 22-30-59.fits,2026-02-13 22:30:59,679.4837723364379,541.9866529170339,4.226691072621465,6.304657406247486,9.95309686196239,14.846333637284413,856.4035800281474,564.2602813362248,16887.96220614326,21110.1052252964,True,1,14
356,allmetal0356 26-02-13 22-31-59.fits,2026-02-13 22:31:59,678.3570909108513,542.7770257991069,4.455848723712307,6.128463357541522,10.492721892223312,14.431428359576449,814.1155274519805,565.9628614263204,16884.98516902045,21106.62090164051,True,1,15
357,allmetal0357 26-02-13 22-32-59.fits,2026-02-13 22:32:59,678.0741561093087,542.0996919242773,3.9863757079249775,5.254686800656363,9.387197424046178,12.373841808545151,929.4641143026375,583.1554310081918,16887.325357848036,21110.725528415856,True,1,14
358,allmetal0358 26-02-13 22-33-59.fits,2026-02-13 22:33:59,678.9427566304464,542.2403051931612,4.1201623815784245,6.554833137265707,9.702240964923329,15.43545246346639,872.9050308406164,523.953362086576,16886.262410284293,21108.224773933238,True,1,16
359,allmetal0359 26-02-13 22-34-59.fits,2026-02-13 22:34:59,678.9181811802554,542.4361733886731,4.259533650024444,5.299887096229301,10.030435221561406,12.48028037060163,859.6781129605548,579.8064483526024,16886.670436530516,21109.779648542393,True,1,16
360,allmetal0360 26-02-13 22-35-59.fits,2026-02-13 22:35:59,677.8187520387062,540.9347461721617,4.1330822799814735,5.252669732247791,9.732665000662593,12.369091975424448,867.6804720530555,590.9517975803483,16880.895892761775,21102.30003786001,True,1,15
361,allmetal0361 26-02-13 22-37-00.fits,2026-02-13 22:37:00,678.6553086163716,542.2804858885199,3.9519767487192605,5.639701958340708,9.306194065380353,13.280483219500999,917.185460796564,556.3885800041915,16883.97284021912,21106.157750904218,True,1,16
362,allmetal0362 26-02-13 22-38-00.fits,2026-02-13 22:38:00,678.5464019434817,541.7780439915174,4.006400504018758,6.353560371116129,9.434352215285468,14.961491319218538,899.5102156870757,534.4472957673116,16874.69032623548,21093.87244611562,True,1,13
363,allmetal0363 26-02-13 22-39-00.fits,2026-02-13 22:39:00,678.462246391542,542.9359342243652,4.21878265588116,5.731863225508816,9.934473963697862,13.497506418803912,880.769066910814,576.8229083599158,16882.185107558544,21103.733798894595,True,1,15
364,allmetal0364 26-02-13 22-40-00.fits,2026-02-13 22:40:00,678.4609009218588,540.3897576135835,4.212210882727581,7.263390388097658,9.918998620544416,17.103977280777492,845.7677179849969,505.3216802726918,16879.80078629619,21099.487109670703,True,1,17
365,allmetal0365 26-02-13 22-41-00.fits,2026-02-13 22:41:00,678.0409668241618,543.5644498694529,3.9322565978294897,4.87213633173959,9.259756658774087,11.473004296103944,904.7867699912846,589.1997143083547,16866.04904937299,21084.243475680672,True,1,17
366,allmetal0366 26-02-13 22-42-00.fits,2026-02-13 22:42:00,677.3299544030468,542.1565355294879,4.214769629947952,6.1201835551034955,9.925024009789114,14.411930914826488,848.0426434205359,543.6642374511273,16875.414490283758,21094.872688706204,True,1,15
367,allmetal0367 26-02-13 22-43-00.fits,2026-02-13 22:43:00,678.4100509728196,542.1796168900812,4.174604313789748,6.08417800839499,9.830441918184771,14.327144331705002,874.6392372317109,534.9969130317975,16884.637200409466,21106.76648799412,True,1,15
368,allmetal0368 26-02-13 22-44-00.fits,2026-02-13 22:44:00,678.0706819115762,540.8926800134501,4.039150793286489,7.619730828396848,9.511473252933685,17.943094892449178,910.5214598910175,467.2813835120039,16889.57131974967,21112.250980200155,True,1,16
369,allmetal0369 26-02-13 22-45-00.fits,2026-02-13 22:45:00,678.1492330787217,541.5834172602082,4.172318663196791,5.5499577924135854,9.825059622352537,13.069151858651228,855.0606580307524,542.801994932794,16875.06983531455,21095.19600752395,True,1,15
370,allmetal0370 26-02-13 22-46-01.fits,2026-02-13 22:46:01,677.6816534999941,540.5865637307062,4.141636386602289,7.35284936860286,9.75280838240062,17.314637081279173,867.529641304867,480.99442777877766,16889.095081120333,21111.50669821206,True,1,15
371,allmetal0371 26-02-13 22-47-01.fits,2026-02-13 22:47:01,678.1909333402158,541.0593915467879,4.124927887853969,7.586886477204722,9.713462874625701,17.865752355895925,870.4247634867786,485.37638879579816,16884.62586181845,21105.55698485974,True,1,16
372,allmetal0372 26-02-13 22-48-01.fits,2026-02-13 22:48:01,677.9387323740634,541.447653619225,4.224595845202998,6.334638819621781,9.948162978438486,14.916934470476562,837.9225319857992,510.8377768544007,16888.256114498818,21111.06408108836,True,1,15
373,allmetal0373 26-02-13 22-49-00.fits,2026-02-13 22:49:00,678.3170288499022,541.5389855356643,4.175982438108627,5.177996989919889,9.833687152955411,12.193251104973275,879.1168036734434,545.3613750855343,16882.81306687544,21105.59041368703,True,1,15
374,allmetal0374 26-02-13 22-50-00.fits,2026-02-13 22:50:00,678.4943928785353,539.28578056492,4.263469142015816,6.930876887311739,10.039702596989747,16.320967823883397,850.400625294131,469.4311094820825,16878.81158287427,21099.425304064236,True,1,16
375,allmetal0375 26-02-13 22-51-00.fits,2026-02-13 22:51:00,677.6565365467875,539.5172073276851,4.565166916167761,7.050616294699309,10.750146563103966,16.602932580579772,793.0483261395555,511.71687703616885,16882.889850042364,21103.642858686937,True,1,14
376,allmetal0376 26-02-13 22-52-00.fits,2026-02-13 22:52:00,677.9563369183597,541.5269845729175,4.025248802888193,6.029163905280629,9.478736567277949,14.197596018931904,894.7978661293743,563.4303627754415,16889.1848955267,21111.98237170476,True,1,16
377,allmetal0377 26-02-13 22-53-00.fits,2026-02-13 22:53:00,677.7821405312147,540.7288633319203,4.456484305216872,6.459582026269599,10.494218572290514,15.211153237981287,821.7533837310646,507.64078095816564,16887.926092770085,21110.845113996722,True,1,15
378,allmetal0378 26-02-13 22-54-00.fits,2026-02-13 22:54:00,677.9244708119705,542.3548747817192,4.086588821227048,5.525969565036378,9.623181272024851,13.012663899978618,876.4333253078543,571.928157635284,16880.76344018426,21101.98526133729,True,1,14
379,allmetal0379 26-02-13 22-55-00.fits,2026-02-13 22:55:00,677.4373990113766,540.3536363593275,4.071240116449705,8.143153864217773,9.587037834349903,19.175661949231245,896.6439205375472,411.860790685099,16857.05443128726,21072.044096956775,True,1,16
380,allmetal0380 26-02-13 22-56-00.fits,2026-02-13 22:56:00,677.0789277087164,540.2193953555795,4.2729841483628554,6.008672048505772,10.062108724664352,14.149341383838568,840.642101745583,553.7461159220019,16884.164894488837,21105.85424690947,True,1,15
381,allmetal0381 26-02-13 22-57-01.fits,2026-02-13 22:57:01,677.7080612603651,541.0953791381422,4.1357935123965675,6.488747840514935,9.739049465100393,15.279833481995855,855.5121643007868,517.5642466355198,16885.432807458517,21107.231328349342,True,1,15
382,allmetal0382 26-02-13 22-58-01.fits,2026-02-13 22:58:01,678.226041829511,540.3379780184224,4.2465655070834805,5.628908014342292,9.999897578617198,13.255065423808587,846.5106759021187,559.7592513510667,16888.123644786232,21111.241242233697,True,1,16
383,allmetal0383 26-02-13 22-59-01.fits,2026-02-13 22:59:01,678.2637295792053,540.2887806158104,4.153996571010929,7.911971288624156,9.781914392406364,18.631268586161514,874.2007963168356,452.7723719939515,16888.658095410436,21110.94282259903,True,1,15
384,allmetal0384 26-02-13 23-00-01.fits,2026-02-13 23:00:01,677.8082301046128,541.7115801234874,4.239282606693231,5.957686301909142,9.982747658792274,14.029279125741956,842.8638363507004,511.94131358289764,16884.00036817046,21106.281073686358,True,1,16
385,allmetal0385 26-02-13 23-01-00.fits,2026-02-13 23:01:00,677.6232646360546,542.1757361788295,4.377171052929937,5.20149043387794,10.307450135968642,12.248573937732504,819.8304101459432,601.9916175935954,16888.791304163682,21112.108506906952,True,1,16
386,allmetal0386 26-02-13 23-02-00.fits,2026-02-13 23:02:00,678.5616625586819,541.9518356619784,4.290781267736927,6.407420215288928,10.104017738110224,15.088321559898889,837.2121172993661,519.7392963282168,16889.64254227536,21112.694781625098,True,1,15
387,allmetal0387 26-02-13 23-03-00.fits,2026-02-13 23:03:00,678.0990736403654,540.893967620803,4.313400219046702,6.867094410130219,10.157281298052062,16.170771568094622,824.6954564835854,483.61207871939393,16876.894779461923,21096.69674111678,True,1,13
388,allmetal0388 26-02-13 23-04-00.fits,2026-02-13 23:04:00,678.2751406814094,541.842514571653,4.0611244371938655,5.098413301143101,9.563217230069148,12.00584583938419,887.6173770621926,592.4215682027714,16889.06585573286,21112.762651233723,True,1,16
389,allmetal0389 26-02-13 23-05-00.fits,2026-02-13 23:05:00,679.0504273838158,540.7870439291279,4.061815168206911,7.799732470517399,9.564843777304391,18.366966367453138,877.5689080413359,458.9807132284128,16886.508645788857,21108.09809992254,True,1,16
390,allmetal0390 26-02-13 23-06-00.fits,2026-02-13 23:06:00,678.628701763395,539.5235069949408,4.237056542933629,8.224511029176911,9.977505679229646,19.367243432083914,851.0601405593206,465.59305167974634,16875.132909113036,21093.36956106095,True,1,15
391,allmetal0391 26-02-13 23-07-00.fits,2026-02-13 23:07:00,678.5731334614954,542.799985231717,3.843586952720007,5.649308635202644,9.050955601084496,13.30310521474162,935.5302886080013,553.9354993008188,16886.472410989434,21109.232301041768,True,1,15
392,allmetal0392 26-02-13 23-08-00.fits,2026-02-13 23:08:00,679.0174158512156,542.6024766932816,4.201119870821521,4.925290969155892,9.89288128338835,11.598173901778205,865.9029250045193,616.1823336034142,16874.93787730598,21095.148135510353,True,1,8
393,allmetal0393 26-02-13 23-09-00.fits,2026-02-13 23:09:00,678.0369958389341,543.2280539949976,4.09243587425583,5.8231475950998215,9.636950029701387,13.712464682114826,880.528096942163,516.1698449111691,16880.312775819966,21101.854242351917,True,1,15
394,allmetal0394 26-02-13 23-10-01.fits,2026-02-13 23:10:01,678.5906376615981,542.1980347234039,4.2259079517842,7.291186386905975,9.951252753317117,17.169431855942975,830.4978516642678,470.91155346908533,16881.87009270532,21102.523908197476,True,1,16
395,allmetal0395 26-02-13 23-11-01.fits,2026-02-13 23:11:01,678.0254544335588,542.4522451812522,3.889607639578251,5.868238352812584,9.159326036984382,13.818645302222473,931.1722342184329,566.2104977949833,16887.394731628647,21109.975909261913,True,1,16
396,allmetal0396 26-02-13 23-12-01.fits,2026-02-13 23:12:01,678.6815296657493,541.3731377228961,3.948433154502298,7.808551288392505,9.297849538686796,18.387733096558915,905.106011031331,460.45948134698233,16880.914793543474,21101.090199412083,True,1,16
397,allmetal0397 26-02-13 23-13-00.fits,2026-02-13 23:13:00,678.0713587613476,541.7047554912168,4.1321313863019,8.351891601879064,9.730425817165239,19.667201758030465,843.0727763440113,444.590888868124,16878.943508172833,21098.117627691743,True,1,16
398,allmetal0398 26-02-13 23-14-00.fits,2026-02-13 23:14:00,678.7378138310535,543.0869554040291,4.2244068735691975,3.966044664183672,9.94771798424727,9.33932147470775,845.6326382795427,687.3967956736675,16888.250453914097,21112.384095392474,True,1,14
399,allmetal0399 26-02-13 23-15-00.fits,2026-02-13 23:15:00,678.469170184226,543.0515473462307,4.294182907972083,5.531119748886106,10.112027988721952,13.024791656143554,843.8082428614093,537.1391903087418,16886.42915260103,21109.63364701663,True,1,14
400,allmetal0400 26-02-13 23-16-00.fits,2026-02-13 23:16:00,678.1312039098501,542.7698359767622,4.006461089432417,4.542275976665253,9.43449488303199,10.69624251991387,887.1218343916519,633.575630281694,16880.84288584459,21102.709215044644,True,1,16
401,allmetal0401 26-02-13 23-17-00.fits,2026-02-13 23:17:00,678.55081155029,542.5047896972296,3.9021141785566478,6.832240919875557,9.18877668566467,16.088697870603653,923.8648191672996,492.70447057649784,16883.679328023183,21105.183592054113,True,1,15
402,allmetal0402 26-02-13 23-18-00.fits,2026-02-13 23:18:00,678.0184704627122,541.8473873433254,4.397868548064539,7.101984450809011,10.356189012393534,16.723895344263177,833.9458790277276,488.7254876480618,16886.303694814556,21108.361027080307,True,1,15
403,allmetal0403 26-02-13 23-19-00.fits,2026-02-13 23:19:00,678.7262553640516,541.4881167849685,4.038972513111022,6.812142300452293,9.511053435202864,16.041369238708302,922.4990847392037,507.5074666981706,16876.191743962878,21095.897511645067,True,1,16
404,allmetal0404 26-02-13 23-20-00.fits,2026-02-13 23:20:00,678.6111361496883,540.5495759315838,3.9727836629982085,7.669325784461034,9.355190604199661,18.05988208912155,899.1314216976348,459.6375473652044,16870.764989750343,21088.571151709268,True,1,16
405,allmetal0405 26-02-13 23-21-00.fits,2026-02-13 23:21:00,677.8650054965003,542.3168244808344,3.9758399175492816,4.979976337796349,9.362387533679245,11.72694810402266,920.2458741451856,608.8538814745773,16881.046775856914,21102.84248801791,True,1,14
406,allmetal0406 26-02-13 23-22-00.fits,2026-02-13 23:22:00,677.5973069867277,541.096309329652,4.535632562220885,7.6588302088581255,10.680598474412824,18.035166897307686,792.1011886247062,492.95817363695096,16872.962880358573,21090.756120757625,True,1,17
407,allmetal0407 26-02-13 23-23-01.fits,2026-02-13 23:23:01,677.5222012582134,542.1650110131133,4.210837768868209,4.609584173707665,9.915765184504258,10.854741211504235,864.8367271751372,608.464681896466,16885.781753127743,21109.275865503296,True,1,16
408,allmetal0408 26-02-13 23-24-01.fits,2026-02-13 23:24:01,678.542634690329,541.105003446734,4.1826436957806985,6.370652743147375,9.84937321604672,15.001740779494844,858.7247600432926,507.157167411914,16882.288940391827,21103.74441312224,True,1,17
409,allmetal0409 26-02-13 23-25-00.fits,2026-02-13 23:25:00,677.5090103848263,542.1456098693384,4.24104669532087,4.725751707965058,9.98690177005385,11.128294849755363,841.5443768148094,604.6397192269056,16885.8506023409,21109.05529056418,True,1,13
410,allmetal0410 26-02-13 23-26-00.fits,2026-02-13 23:26:00,678.2774172897948,540.898378747451,4.044382173230416,7.884866450187796,9.523792211288818,18.567441569294246,899.8450547195077,455.05911408412743,16886.466081531158,21108.20802376734,True,1,15
411,allmetal0411 26-02-13 23-27-00.fits,2026-02-13 23:27:00,677.6280498911708,542.851791980117,3.9069885056663343,5.585641355308552,9.200254848848598,13.153180227834417,905.860421888755,567.8271700066048,16847.853574734952,21060.71658193111,True,1,14
412,allmetal0412 26-02-13 23-28-00.fits,2026-02-13 23:28:00,677.6227525927068,541.477363167268,4.099497305116533,7.253162853357585,9.65357842863877,17.079893276960316,877.7578498186041,473.57079810237093,16878.09002671201,21098.012712210868,True,1,14
413,allmetal0413 26-02-13 23-29-00.fits,2026-02-13 23:29:00,678.6388396688445,542.020554171346,4.179313128504256,6.918969355106334,9.84153032946283,16.292927728359256,852.5282588682276,505.34119821128024,16878.179630633276,21097.887425735047,True,1,16
414,allmetal0414 26-02-13 23-30-00.fits,2026-02-13 23:30:00,677.9687088233919,542.547871048202,4.003401021333586,6.352363994346188,9.427288973333702,14.958674067219272,882.4831426278829,534.2635265467609,16885.722068715702,21107.493079803644,True,1,14
415,allmetal0415 26-02-13 23-31-00.fits,2026-02-13 23:31:00,677.6503945307438,543.0949704797855,4.197629568956621,4.997207207146128,9.884662250593676,11.76752370056083,830.2916302276941,576.2465545740076,16884.395122663955,21106.97642035478,True,1,16
416,allmetal0416 26-02-13 23-32-00.fits,2026-02-13 23:32:00,677.1469869804309,541.6006031677442,4.0474546208312665,5.611388942754995,9.531027272486607,13.213811162864488,893.3653168135535,582.0497302670354,16886.720620442473,21109.25691677235,True,1,13
417,allmetal0417 26-02-13 23-33-01.fits,2026-02-13 23:33:01,677.987697137398,541.8779758251544,4.478151338301014,6.528063684728091,10.5452405361134,15.372415220036308,816.2237759615617,494.8939521606859,16879.04362383917,21099.84359171657,True,1,15
418,allmetal0418 26-02-13 23-34-01.fits,2026-02-13 23:34:01,678.069151940624,543.249561375109,4.136490235864504,5.664191161235784,9.740690123488534,13.338150885365152,889.6830311835811,544.3496787862606,16868.56265150067,21087.164366594705,True,1,16
419,allmetal0419 26-02-13 23-35-01.fits,2026-02-13 23:35:01,677.4579357583349,540.7484383958364,4.332762293515024,6.934194586307173,10.202875499123447,16.328780407981224,825.2705625098804,486.81975981369413,16885.16253619204,21106.94274173444,True,1,15
420,allmetal0420 26-02-13 23-36-00.fits,2026-02-13 23:36:00,678.2277312067149,541.2147359622984,4.5526902493819845,6.598769634653434,10.720766258061648,15.53891500822346,800.4430342991942,515.085914450286,16888.713611289106,21111.49232195367,True,1,16
421,allmetal0421 26-02-13 23-37-00.fits,2026-02-13 23:37:00,677.8922659320374,541.2933956915958,4.204060453739052,7.4478028643714005,9.899805826986627,17.538235476460695,852.4870967955683,473.08268956348076,16878.81521613303,21098.66706954703,True,1,15
422,allmetal0422 26-02-13 23-38-00.fits,2026-02-13 23:38:00,678.4613280897235,541.7711250676028,4.308347557294469,6.658035679033565,10.145383188877142,15.678475877519487,847.3542224782325,487.8149903695566,16887.80473511226,21110.741941447726,True,1,16
423,allmetal0423 26-02-13 23-39-00.fits,2026-02-13 23:39:00,677.899895188703,541.7634092787831,4.086049606741826,6.650310865193322,9.62191151894648,15.66028533104435,868.8080522101534,499.7860224319366,16888.15506849355,21110.74769367124,True,1,16
424,allmetal0424 26-02-13 23-40-00.fits,2026-02-13 23:40:00,678.4490807366551,542.2859602653339,4.204687357977754,4.987057052575233,9.901282073654238,11.743621913117124,870.1622414873782,591.1491596803601,16886.95535022837,21110.433811253133,True,1,14
425,allmetal0425 26-02-13 23-41-01.fits,2026-02-13 23:41:01,677.6687442044117,541.5750988813003,4.0651049290861625,6.012096197153167,9.572590572166211,14.15740463771062,882.8454255304014,533.7325277851637,16884.175049864352,21106.149025950654,True,1,17
426,allmetal0426 26-02-13 23-42-01.fits,2026-02-13 23:42:01,678.0131256963243,540.646998141169,4.2011278786987605,6.972845279521812,9.892900140498192,16.419795835117398,860.1472373422217,500.21063952132704,16881.79459124682,21102.55093045524,True,1,16
427,allmetal0427 26-02-13 23-43-01.fits,2026-02-13 23:43:01,678.6773812421936,541.4771431458507,4.240715726504472,6.283113881620196,9.986122398050716,14.795602513651453,828.0080204048044,512.8541438534673,16880.542468156287,21101.385585027074,True,1,17
428,allmetal0428 26-02-13 23-44-00.fits,2026-02-13 23:44:00,677.7518075815625,541.4748891771621,4.021313295212911,4.463629110116389,9.469469154916823,10.511043302085731,874.3894822265598,643.9365786673242,16877.38688169763,21098.30489572861,True,1,16
429,allmetal0429 26-02-13 23-45-00.fits,2026-02-13 23:45:00,678.1446639942178,540.0661735231446,3.7712504469234798,7.208758943907783,8.880616147247336,16.975330060910185,939.2846173348238,485.59865358459297,16877.675646072857,21097.196668157612,True,1,14
430,allmetal0430 26-02-13 23-46-00.fits,2026-02-13 23:46:00,677.9884971945575,541.5566027205723,4.164535984739052,4.449643531656417,9.806732815116224,10.478109781586836,867.3026025388797,649.521187521316,16872.173653908292,21091.983885725265,True,1,12
431,allmetal0431 26-02-13 23-47-00.fits,2026-02-13 23:47:00,677.7474842861017,541.8422123720238,4.212051354692197,5.0557730857078464,9.918622960728952,11.905435805352813,859.6371998446567,597.1772536403989,16856.92414845121,21072.627935744273,True,1,14
432,allmetal0432 26-02-13 23-48-00.fits,2026-02-13 23:48:00,678.0854154455867,540.7260030369007,4.155110366884074,6.615972925646942,9.78453718125452,15.579425662695474,890.0358827813716,501.4497163939596,16887.11874532943,21109.830142375136,True,1,16
433,allmetal0433 26-02-13 23-49-00.fits,2026-02-13 23:49:00,678.6076594163565,541.3967510485128,4.054246781276081,6.243758402737877,9.547021588051123,14.702927443097577,905.4450694844462,503.37623060720034,16882.769081159397,21104.753680317863,True,1,15
434,allmetal0434 26-02-13 23-50-00.fits,2026-02-13 23:50:00,678.0224052072149,540.7554212244954,4.194294921425031,6.657326383077067,9.876809755743173,15.676805613183266,863.3478640042359,498.9113263993402,16883.44934313705,21105.045357308656,True,1,17
435,allmetal0435 26-02-13 23-51-00.fits,2026-02-13 23:51:00,677.3201018220991,541.7761107525711,4.514836314983599,5.660813851976156,10.631627054557043,13.330197929822313,799.1304721269054,560.5042713386814,16886.114240133382,21108.707708206097,True,1,16
436,allmetal0436 26-02-13 23-52-00.fits,2026-02-13 23:52:00,677.7774394175038,542.8770623675346,4.1844284887235235,6.099055728029433,9.853576082244714,14.362178684124538,851.128416221618,539.2714502265121,16884.334905086085,21106.08552997872,True,1,16
437,allmetal0437 26-02-13 23-53-01.fits,2026-02-13 23:53:01,677.9914088840636,540.6788705147686,4.055573500653294,7.521175951255542,9.550145773434714,17.71101589222127,889.0251526444187,482.5918078569576,16883.07057389035,21103.779098499763,True,1,16
438,allmetal0438 26-02-13 23-54-01.fits,2026-02-13 23:54:01,677.7077890521074,541.7924028366881,4.415924057272859,6.899651437892877,10.398706487400526,16.247437509676757,806.206739831464,505.45592202206143,16877.88752579608,21097.537314328787,True,1,15
439,allmetal0439 26-02-13 23-55-01.fits,2026-02-13 23:55:01,678.7976343646363,542.1925277201083,4.222545900248671,5.79659387933131,9.943335726968828,13.64993545995308,825.6586526251925,521.8767814877255,16877.84448234549,21098.434745447496,True,1,15
440,allmetal0440 26-02-13 23-56-00.fits,2026-02-13 23:56:00,678.9467856917486,543.1345731100806,3.921446861557358,4.680633414273283,9.234301675118973,11.022049387372377,941.7440959540356,631.97148212652,16870.851580633225,21090.363599875236,True,1,14
441,allmetal0441 26-02-13 23-57-00.fits,2026-02-13 23:57:00,677.9089970583879,541.3335554682195,4.359982543513055,6.116158477893574,10.266974289449564,14.402452582329769,836.5546310268065,543.7281966068316,16877.239386954225,21097.337048742083,True,1,15
442,allmetal0442 26-02-13 23-58-00.fits,2026-02-13 23:58:00,678.3959238547799,540.7018062407798,4.699247106734257,6.846797641109153,11.065881283491521,16.122976329554454,769.572175908782,510.07684840998,16874.222660068295,21093.08190335806,True,1,15
443,allmetal0443 26-02-13 23-59-00.fits,2026-02-13 23:59:00,678.2806493273968,541.893070327765,4.550098338799683,7.098405381399596,10.714662775067517,16.71546727987533,775.1295828814038,470.20776615297774,16882.247135198773,21103.27203443436,True,1,16
444,allmetal0444 26-02-14 00-00-00.fits,2026-02-14 00:00:00,678.1127236434274,540.9540711576897,4.082813552169519,6.800890429631607,9.614291192772797,16.01487310775565,905.8155133096182,507.53287131282485,16877.25609154179,21097.173762407816,True,1,17
445,allmetal0445 26-02-14 00-01-00.fits,2026-02-14 00:01:00,678.3125790201358,540.9791946975174,4.45607036243423,7.040822546070784,10.493243811528451,16.579870064993326,776.3494979614886,494.6777106263685,16868.479218527435,21085.541571449015,True,1,17
446,allmetal0446 26-02-14 00-02-00.fits,2026-02-14 00:02:00,678.1240678939569,541.2738902068533,4.090767971258801,6.530214302368995,9.633022418290816,15.377479537566305,873.5914494461902,523.7390870943588,16864.122783590043,21080.529305878215,True,1,12
447,allmetal0447 26-02-14 00-03-00.fits,2026-02-14 00:03:00,678.256456819118,541.1568211230074,4.50673640566416,4.56644447984432,10.612553225728696,10.753154995658331,806.4733686290865,636.8831415566278,16833.630860849466,21043.81640062713,True,1,12
448,allmetal0448 26-02-14 00-04-00.fits,2026-02-14 00:04:00,678.2583389812733,542.2193863168992,4.074367216569041,5.454726900458549,9.594401592393734,12.84490024536933,884.6036270123265,535.6077146104183,16876.597351804536,21097.41762727861,True,1,16
449,allmetal0449 26-02-14 00-05-01.fits,2026-02-14 00:05:01,677.543215243905,541.9403091851302,4.222213610796215,5.524452080801977,9.942553245105431,13.009090497685433,859.6794503958207,526.3489973931823,16871.912941654726,21091.658449025515,True,1,15
450,allmetal0450 26-02-14 00-06-01.fits,2026-02-14 00:06:01,678.0819084435469,541.77032352831,4.321651175577679,5.6234165814535855,10.176710815881885,13.242134087566319,830.4126996149483,576.7265970375621,16859.35181851611,21075.035711465353,True,1,13
451,allmetal0451 26-02-14 00-07-00.fits,2026-02-14 00:07:00,678.1756280821214,540.4013334570113,4.371529921938359,7.242765596074645,10.294166287633029,17.055409607097108,825.1148359842347,486.59642948554705,16879.273872048234,21099.29480491716,True,1,15
452,allmetal0452 26-02-14 00-08-00.fits,2026-02-14 00:08:00,677.7913127627024,543.2266072405317,4.322538553989736,5.181550280820582,10.178800432354123,12.201618465612052,839.1553449924495,587.1596378879033,16880.917776603936,21102.578946449416,True,1,14
453,allmetal0453 26-02-14 00-09-00.fits,2026-02-14 00:09:00,678.5181171236653,539.7829912532419,3.9200817583010963,7.971417763472163,9.23108710260759,18.77125433674003,880.1557950553067,456.36873152997,16884.777674911344,21105.512814868354,True,1,15
454,allmetal0454 26-02-14 00-10-00.fits,2026-02-14 00:10:00,678.0135341463142,540.9752397919957,4.342964101330415,7.437456677242162,10.226898920662686,17.513872067619122,826.699045588964,488.4500729547373,16875.977649726505,21094.868022428025,True,1,12
455,allmetal0455 26-02-14 00-11-00.fits,2026-02-14 00:11:00,677.7465887845937,541.1038171328478,4.150024186824109,7.870559331427103,9.772560142496678,18.53375087924993,869.4040240155313,442.236669895694,16865.588254334747,21082.29717226605,True,1,14
456,allmetal0456 26-02-14 00-12-00.fits,2026-02-14 00:12:00,678.4604364632467,541.6921381867907,4.013939048238647,7.038787455536594,9.452104130324816,16.575077793009964,884.4624984880638,502.5274496100791,16842.925017219586,21053.688080832373,True,1,16
457,allmetal0457 26-02-14 00-13-00.fits,2026-02-14 00:13:00,678.4040755439672,542.265909383479,4.034949221429628,6.45305878172786,9.50157930730451,15.195792170975762,903.6452543594095,517.221316842978,16885.272207376627,21107.34543764406,True,1,16
458,allmetal0458 26-02-14 00-14-00.fits,2026-02-14 00:14:00,677.669374135087,543.5105734099452,4.367210547736426,5.003002163179906,10.283994938680328,11.781169779189245,833.4407927098582,563.4879569770859,16885.427613888533,21108.79344271527,True,1,14
459,allmetal0459 26-02-14 00-15-00.fits,2026-02-14 00:15:00,677.2651805134128,542.1992325788998,3.903430415005555,5.834242534577206,9.191876185638558,13.738591267994577,905.9759140106212,554.3120991206573,16880.411347523223,21101.254478644805,True,1,15
460,allmetal0460 26-02-14 00-16-01.fits,2026-02-14 00:16:01,677.31431604125,542.0329033415754,3.8460328799683605,7.83092644489622,9.056715319597606,18.440422563604567,921.5627107994317,476.76922601715825,16872.61219201753,21090.302139736938,True,1,16
461,allmetal0461 26-02-14 00-17-01.fits,2026-02-14 00:17:01,678.1837577489264,542.5612852072295,4.475998781216966,5.7410697818438825,10.540171651543812,13.519186202207434,814.3902152619872,598.6120915049777,16870.672511337278,21088.851109651026,True,1,13
462,allmetal0462 26-02-14 00-18-01.fits,2026-02-14 00:18:01,678.8933797825003,540.9727488072695,4.092543548648459,6.182615311951171,9.637203583519486,14.558946467297893,862.6837638472581,532.4350021920131,16879.13607126629,21099.504471445074,True,1,16
463,allmetal0463 26-02-14 00-19-00.fits,2026-02-14 00:19:00,678.6595009712349,542.5912581977208,4.333986762488303,5.567538352248857,10.205758903206243,13.11055091335419,851.5416313198929,555.5769376116438,16875.984462883913,21096.44287857044,True,1,17
464,allmetal0464 26-02-14 00-20-00.fits,2026-02-14 00:20:00,678.173340606567,541.0178286744141,4.503294062984233,6.385000229148706,10.60444712818414,15.035526527126578,798.7608603472371,560.3575207295606,16867.430875101014,21084.335524937633,True,1,15
465,allmetal0465 26-02-14 00-21-00.fits,2026-02-14 00:21:00,678.5190607519949,542.3949157294761,4.284760210214604,6.056768051439561,10.089839231164374,14.262598815632922,839.9441199012425,563.181990042206,16848.5271462879,21061.11888065976,True,1,10
466,allmetal0466 26-02-14 00-22-00.fits,2026-02-14 00:22:00,678.0076500376023,542.9056092439249,4.439685893444017,5.060803137212826,10.454661335523111,11.917280671464276,817.2426651912358,607.809192754178,16883.158749058384,21105.30039522965,True,1,15
467,allmetal0467 26-02-14 00-23-00.fits,2026-02-14 00:23:00,677.7056049733029,541.2763278430916,4.114088853959725,6.913559765607517,9.687938900342767,16.280189118572054,868.0624624288542,528.2235702308553,16882.825869748845,21103.334991305997,True,1,17
468,allmetal0468 26-02-14 00-24-00.fits,2026-02-14 00:24:00,677.3229236372997,542.4423188633299,4.247046480942707,6.574829719692286,10.00103018550204,15.482540816596613,845.5590463906666,543.2579915720117,16872.97607466433,21091.267336863275,True,1,14
469,allmetal0469 26-02-14 00-25-00.fits,2026-02-14 00:25:00,677.5556559699099,542.4836860925674,4.227988459714825,5.817339487943106,9.956151975095999,13.698787634958505,866.9697215213597,569.9609006284151,16878.15067098562,21098.54480737958,True,1,13
470,allmetal0470 26-02-14 00-26-00.fits,2026-02-14 00:26:00,677.1691214496929,542.7159100982561,4.1836969261474515,6.737901965116725,9.851853384026386,15.866546608910289,859.69641287341,488.5831158534963,16872.908896032855,21091.881949883227,True,1,16
471,allmetal0471 26-02-14 00-27-01.fits,2026-02-14 00:27:01,677.7752563775152,543.7950279165118,4.20283728886506,4.933433628727514,9.896925493822973,11.617348399757324,847.4752132703217,626.3566162788563,16876.063195575956,21096.23368753676,True,1,14
472,allmetal0472 26-02-14 00-28-01.fits,2026-02-14 00:28:01,677.9143886930849,543.1416613923672,4.283119843338285,7.049607325349756,10.085976462362812,16.600556639330623,838.1360700746507,488.24265043778905,16876.863759756798,21096.441785723044,True,1,15
473,allmetal0473 26-02-14 00-29-01.fits,2026-02-14 00:29:01,677.6096181655895,543.0644296184171,4.24954090599743,6.268642090230236,10.006904107621729,14.76152404919887,866.6297230477965,545.3477136915229,16872.413783895838,21091.163932174324,True,1,13
474,allmetal0474 26-02-14 00-30-00.fits,2026-02-14 00:30:00,678.2842314834407,542.6838330246088,4.444331534004833,5.745161672502548,10.46560098303773,13.528821868352535,823.5922135250817,549.484752087602,16887.964801796552,21111.188357878247,True,1,16
475,allmetal0475 26-02-14 00-31-00.fits,2026-02-14 00:31:00,678.0656989243855,543.5929309309226,4.113059256102856,5.791484832172112,9.68551438267109,13.637904573291593,881.1385271847248,559.3753436772006,16883.283234786246,21105.045402722888,True,1,15
476,allmetal0476 26-02-14 00-32-00.fits,2026-02-14 00:32:00,677.87874958092,542.2172330427771,4.159854201156252,7.237367235027466,9.795708057288948,17.042697438292894,869.665567426488,507.3206118450116,16878.588918819918,21098.10400316862,True,1,15
477,allmetal0477 26-02-14 00-33-00.fits,2026-02-14 00:33:00,678.340474243437,542.6401990074312,4.125878597053477,6.890275735364906,9.7157016237057,16.225359417427644,875.1933673641836,512.6044089894481,16885.598212288853,21107.191039751484,True,1,15
478,allmetal0478 26-02-14 00-34-00.fits,2026-02-14 00:34:00,677.4564170053637,544.1066046520918,4.472015332188792,5.269388751191042,10.530791345923907,12.408462256365267,837.2373751487436,598.1303081010959,16882.758466301788,21104.898101865023,True,1,16
479,allmetal0479 26-02-14 00-35-00.fits,2026-02-14 00:35:00,678.1203579907946,543.1797649720273,4.17571012844811,5.585796257451447,9.833045912708371,13.153544994505525,873.8160638629763,588.2594932414064,16874.159225202824,21093.587378855194,True,1,10
480,allmetal0480 26-02-14 00-36-00.fits,2026-02-14 00:36:00,677.6291502132262,543.559467014131,4.145525766891456,6.3945897496400415,9.7619671730683,15.05810812220181,860.2850314545444,516.8469203602173,16876.77150542755,21096.60403644681,True,1,15
481,allmetal0481 26-02-14 00-37-00.fits,2026-02-14 00:37:00,677.2710124701068,543.3909869214972,4.420471691799581,4.85991087871865,10.409415348341527,11.444215554270652,803.904273401838,635.0784209888305,16880.115121336392,21101.287579096766,True,1,15
482,allmetal0482 26-02-14 00-38-01.fits,2026-02-14 00:38:01,677.7812401026652,541.7452385925722,4.320914512550317,8.078444802666585,10.17497610701862,19.023283753995365,825.4368198295736,469.72458447729446,16869.613089438055,21086.458239956788,True,1,14
483,allmetal0483 26-02-14 00-39-01.fits,2026-02-14 00:39:01,677.7014525224963,543.2500694445409,4.2211032566237305,6.058079408901795,9.93993856084298,14.265686826471192,843.0197789420143,533.4702250039188,16873.08689813631,21092.158267781135,True,1,15
484,allmetal0484 26-02-14 00-40-00.fits,2026-02-14 00:40:00,677.6080875450616,543.037184853305,4.117253721111094,6.8235929744587285,9.69539159295067,16.068333515387774,873.2723639939165,550.146360074657,16841.755826886714,21051.80681689895,True,1,14
485,allmetal0485 26-02-14 00-41-00.fits,2026-02-14 00:41:00,678.2320602908597,543.0753869648304,3.9781321927519477,6.20334301676544,9.36778542927521,14.607756482082019,913.1148016831139,518.7508747416393,16885.355229982793,21107.708687714698,True,1,15
486,allmetal0486 26-02-14 00-42-00.fits,2026-02-14 00:42:00,678.0891777362715,543.1726540622424,4.344122511645368,5.7210251202203555,10.229626768492707,13.47198463122049,841.7931077582666,561.9322622298422,16880.720805002158,21101.983027083872,True,1,16
487,allmetal0487 26-02-14 00-43-00.fits,2026-02-14 00:43:00,678.0203960394098,543.687651225399,4.306690160550858,4.718780304687069,10.141480317802717,11.11187844957436,840.8993458506608,639.9918536971396,16884.12051828008,21106.623076494125,True,1,14
488,allmetal0488 26-02-14 00-44-00.fits,2026-02-14 00:44:00,677.5761585616925,543.186377516838,4.58933773113399,5.643103640949016,10.807064482691178,13.288493569893875,790.3912918704838,573.8934034618497,16882.439472914426,21104.001156408325,True,1,17
489,allmetal0489 26-02-14 00-45-00.fits,2026-02-14 00:45:00,678.6545432148337,543.9039333853259,4.386521200294518,5.805643827746261,10.329468050406751,13.671246459887103,836.482977947011,561.6844929826334,16880.17543234671,21101.21878446543,True,1,15
490,allmetal0490 26-02-14 00-46-00.fits,2026-02-14 00:46:00,677.7564121184133,543.7203756370317,4.519031446687741,5.40589076081029,10.641505834785502,12.729899924803679,801.3313001348714,586.4980818850119,16884.136635981406,21106.274046210856,True,1,15
491,allmetal0491 26-02-14 00-47-00.fits,2026-02-14 00:47:00,677.7491715401004,542.2900767956731,3.95121455092781,7.2199790984056085,9.304399226742767,17.001751505630008,893.3260987867537,504.65113437008597,16858.292418997597,21072.58683866516,True,1,15
492,allmetal0492 26-02-14 00-48-01.fits,2026-02-14 00:48:01,677.3704239846696,541.8463051521165,4.154127839024471,6.608963772071102,9.782223504955926,15.562920367356385,856.6965648667983,497.5629242519786,16874.872924600793,21094.253188841532,True,1,15
493,allmetal0493 26-02-14 00-49-00.fits,2026-02-14 00:49:00,678.4005191682935,542.1337768595132,4.155818474767547,6.221059678530791,9.786204647892566,14.6494760323381,879.6059215509987,542.8633198906088,16877.32505007967,21097.337551070843,True,1,13
494,allmetal0494 26-02-14 00-50-00.fits,2026-02-14 00:50:00,677.6500848943376,543.4738370380646,4.1699766795895625,4.7383473360980535,9.819544672409101,11.157955287362697,855.1308819727296,651.5445624351709,16868.221620936598,21086.448657973393,True,1,15
495,allmetal0495 26-02-14 00-51-00.fits,2026-02-14 00:51:00,677.5323753623643,542.6667918191898,4.22439137673058,5.529115589319528,9.947681491981058,13.020072221022735,874.1787433356143,599.2006297364256,16882.270577936895,21103.76798469074,True,1,16
496,allmetal0496 26-02-14 00-52-00.fits,2026-02-14 00:52:00,677.7960430811039,542.212063861801,4.121020832500636,5.37926740706893,9.704262462362628,12.667206717747575,886.7788475247813,594.7205586459813,16886.316946988805,21109.010637463933,True,1,17
497,allmetal0497 26-02-14 00-53-00.fits,2026-02-14 00:53:00,677.4886356773808,542.9171380684271,4.227656238882379,5.690862519066089,9.955369654820378,13.400957133412149,854.3449113491546,566.9198181444957,16884.377631246283,21106.41597514898,True,1,16
498,allmetal0498 26-02-14 00-54-00.fits,2026-02-14 00:54:00,677.9692352598607,541.0984532141279,4.083716060401964,7.562278962204853,9.616416437249365,17.807806086315832,867.5202694486783,505.02771588834,16864.110743613215,21079.461703492372,True,1,15
499,allmetal0499 26-02-14 00-55-00.fits,2026-02-14 00:55:00,677.8686764526607,542.0642969564913,4.1383186380975845,6.803944513371076,9.74499568171737,16.022064925364557,877.4319302414393,487.41670281955675,16877.51499987572,21097.66418726327,True,1,16
500,allmetal0500 26-02-14 00-56-00.fits,2026-02-14 00:56:00,677.9412484009983,542.031535924374,4.085070686911822,7.349578311839893,9.619606338908307,17.306934331245305,863.0843121689421,491.2300464167507,16874.668147827797,21093.128159630804,True,1,15
501,allmetal0501 26-02-14 00-57-01.fits,2026-02-14 00:57:01,676.8986112921924,542.6689452013235,4.31537549332985,5.543996200065798,10.161932713528453,13.055113381490354,838.2577108183766,557.8225227775166,16851.217602300145,21065.306725317,True,1,15
502,allmetal0502 26-02-14 00-58-01.fits,2026-02-14 00:58:01,677.479507756573,541.5541559065632,3.7670162040908504,5.907528779818309,8.870645267349532,13.911167187313378,949.796178178083,549.1964289267687,16875.509016192733,21095.20264742295,True,1,16
503,allmetal0503 26-02-14 00-59-00.fits,2026-02-14 00:59:00,677.5285752555995,541.4481337605506,3.8922715449202556,7.153239758517352,9.165599054681799,16.84459237026901,899.0045912426406,479.82202631246,16868.72178246051,21086.06596180521,True,1,15
504,allmetal0504 26-02-14 01-00-00.fits,2026-02-14 01:00:00,678.2986151632011,542.7310263634521,4.279733216454945,4.902619231596882,10.078001565492883,11.544786039718566,837.924913313364,621.411695574923,16869.27655676819,21087.91644951423,True,1,15
505,allmetal0505 26-02-14 01-01-00.fits,2026-02-14 01:01:00,678.507017602201,541.1019435274889,4.3479046883792005,6.235039853183506,10.238533114079384,14.682396827843347,833.8727052664146,510.687465112848,16882.79841478247,21104.57861597872,True,1,16
506,allmetal0506 26-02-14 01-02-00.fits,2026-02-14 01:02:00,678.0334379433392,540.3926636013279,4.2976158244726275,7.389189463649957,10.120111889310353,17.400211465534408,848.874445245698,501.9607192314968,16875.269905098965,21093.938191438396,True,1,16
507,allmetal0507 26-02-14 01-03-00.fits,2026-02-14 01:03:00,677.605786613345,541.5064899594205,4.231577166035731,6.902065728373093,9.964602732676196,16.2531227292941,835.9880529658172,510.4461454837135,16885.666939272887,21107.118960516593,True,1,15
508,allmetal0508 26-02-14 01-04-00.fits,2026-02-14 01:04:00,677.6722158103806,542.5977935515336,4.2781146247649335,4.712239331339085,10.074190073336524,11.096475634420516,848.8796114914563,632.2701346898859,16884.26868595987,21106.9323546412,True,1,15
509,allmetal0509 26-02-14 01-05-00.fits,2026-02-14 01:05:00,678.353530733227,542.0668217828974,4.393304896077557,6.91640909135053,10.345442433216043,16.28689876794652,833.3868741365042,484.387933466213,16879.99251965604,21100.752178720133,True,1,16
510,allmetal0510 26-02-14 01-06-01.fits,2026-02-14 01:06:01,678.0569053546204,542.5516646608819,3.9524462467024297,6.791690960591569,9.307299648642223,15.99321001365653,894.0843428233227,484.0934805721434,16879.96798914608,21100.562181798683,True,1,16
511,allmetal0511 26-02-14 01-07-01.fits,2026-02-14 01:07:01,678.2133278330688,543.354434766844,4.207818833672711,5.524366352641132,9.908656135391249,13.008888623293851,844.7941135285814,580.9922717640546,16862.048895897507,21078.405947630457,True,1,14
512,allmetal0512 26-02-14 01-08-00.fits,2026-02-14 01:08:00,678.5514694038602,543.8054153580919,4.1648754630315885,5.35671654587894,9.80753222540434,12.614103497784676,877.9109833802437,573.8045786622962,16872.438898158744,21091.974956417856,True,1,16
513,allmetal0513 26-02-14 01-09-00.fits,2026-02-14 01:09:00,678.1981409351054,542.9616521926921,4.237055397811969,4.862222139187566,9.977502982674208,11.449658156752143,873.1931303768355,627.874976289021,16866.921920116773,21085.235933303607,True,1,11
514,allmetal0514 26-02-14 01-10-00.fits,2026-02-14 01:10:00,678.5742644279862,543.8152410749167,3.935191637257736,6.294198984398064,9.266668148452677,14.821705935874006,904.2221699649524,513.5698921948572,16820.023981159076,21025.827437744305,True,1,13
515,allmetal0515 26-02-14 01-11-00.fits,2026-02-14 01:11:00,677.7419161697792,543.5698668130274,4.286881012884606,6.409794220663883,10.09483333980325,15.093911915342845,847.2352070149731,523.0853552777488,16860.023386576566,21075.712502446648,True,1,15
516,allmetal0516 26-02-14 01-12-00.fits,2026-02-14 01:12:00,677.740826948325,544.8242175179736,4.004792717424901,4.0019237993289085,9.430566167186123,9.423810381346128,898.6585025833808,668.7574730623539,16872.69749426657,21093.130341290846,True,1,14
517,allmetal0517 26-02-14 01-13-00.fits,2026-02-14 01:13:00,677.7563597557164,544.9794789740146,4.353943178514341,6.6600242931439135,10.252752671691336,15.683158705888367,818.9968498915537,470.50708909159005,16842.934921932014,21054.72681452412,True,1,15
518,allmetal0518 26-02-14 01-14-00.fits,2026-02-14 01:14:00,677.7991952157586,544.035225167952,4.289338035304853,6.6621014714650695,10.100619185449538,15.688050087036128,839.620689449907,510.65992918192444,16863.659833140293,21080.062772899568,True,1,16
519,allmetal0519 26-02-14 01-15-00.fits,2026-02-14 01:15:00,677.9830655084951,543.4134087871731,3.895324699884277,6.378260381385134,9.172788685191662,15.019655398512462,895.962562871996,534.997877477419,16853.573987605807,21067.157707536968,True,1,13
520,allmetal0520 26-02-14 01-16-01.fits,2026-02-14 01:16:01,678.1381331010022,544.1304562300917,4.156180626018115,4.784402355837009,9.787057448916736,11.266406571018285,868.9310230409211,579.565133766768,16856.17927868166,21072.276795526755,True,1,14
521,allmetal0521 26-02-14 01-17-00.fits,2026-02-14 01:17:00,678.3516352761137,544.5505054147499,4.3018117812162595,6.286209739489686,10.12999261235834,14.802892701819093,834.3360225594365,495.19156242026247,16863.004936525944,21079.922042871796,True,1,16
522,allmetal0522 26-02-14 01-18-00.fits,2026-02-14 01:18:00,678.0873003419529,543.7454795451257,3.985250983682502,5.255343624696591,9.384548900854863,12.37538851096114,883.5738199555427,565.5857258517661,16883.962891787683,21106.297295018478,True,1,14
523,allmetal0523 26-02-14 01-19-00.fits,2026-02-14 01:19:00,678.1582593610602,544.4460912044779,4.068489140675802,6.3872326445347225,9.58055978145412,15.040783463626404,893.6372594841916,526.0365604644345,16877.581654305453,21097.652280068458,True,1,15
524,allmetal0524 26-02-14 01-20-00.fits,2026-02-14 01:20:00,677.6355734521571,545.2939012433875,4.2984485742417275,5.630674887733658,10.122072865159124,13.259226092687609,857.4663340070138,555.1808174464801,16877.967290869394,21098.829270499995,True,1,12
525,allmetal0525 26-02-14 01-21-00.fits,2026-02-14 01:21:00,677.7730301203977,544.690446288334,3.88687409456023,6.916285831857078,9.152889030381951,16.2866085140206,886.6098138734209,507.69095298636455,16850.564692374217,21063.046275907833,True,1,15
526,allmetal0526 26-02-14 01-22-00.fits,2026-02-14 01:22:00,677.9201020304479,544.716811926644,4.032341606633495,6.826170280270825,9.495438843712858,16.07440260677627,909.2847490184096,507.2170129395451,16874.307289301654,21093.38396125483,True,1,14
527,allmetal0527 26-02-14 01-23-00.fits,2026-02-14 01:23:00,678.3643634697307,545.6881627320196,4.279440721211441,5.782076002193594,10.077312791830403,13.61574847185789,855.0070806076956,496.71503366177336,16868.11513059556,21087.070169010767,True,1,15
528,allmetal0528 26-02-14 01-24-00.fits,2026-02-14 01:24:00,677.8108989205599,547.242121951405,3.959293667688976,5.3392286105737075,9.323424092838106,12.57292255718171,918.1810753192009,579.7713824874792,16882.770728608102,21104.784816468076,True,1,15
529,allmetal0529 26-02-14 01-25-00.fits,2026-02-14 01:25:00,678.5042377611785,546.1490537095192,4.275932719009699,5.544071398658186,10.06905207792773,13.055290460643068,857.8428831442457,587.4470735652474,16878.91444596177,21099.64969862998,True,1,15
530,allmetal0530 26-02-14 01-26-00.fits,2026-02-14 01:26:00,678.0722276151376,545.006696592976,3.990863341669844,6.619780439850624,9.397764993943348,15.588391673464043,901.215359986824,504.58893868108476,16872.774681409737,21091.59588847401,True,1,16
531,allmetal0531 26-02-14 01-27-01.fits,2026-02-14 01:27:01,678.4398379740936,546.2955517201877,4.274310413188736,5.674596058154706,10.065231839661356,13.362652545196312,840.6106244641633,575.0818130488551,16860.902818388997,21076.935524473243,True,1,14
532,allmetal0532 26-02-14 01-28-01.fits,2026-02-14 01:28:01,677.8890510044637,546.9107029452488,4.2915747659356525,4.76247153498349,10.105886283574279,11.214763434468436,841.4659778055149,626.48768145841,16853.040647255548,21067.837059841127,True,1,13
533,allmetal0533 26-02-14 01-29-00.fits,2026-02-14 01:29:00,677.8975239643112,545.5421429348639,4.359852883663212,6.091401096141077,10.26666896383612,14.344153403516504,849.8444501567658,536.8832528152886,16872.608944527838,21091.825581020283,True,1,14
534,allmetal0534 26-02-14 01-30-00.fits,2026-02-14 01:30:00,677.696125188069,546.0687382267153,4.173809364864308,6.095231511354351,9.828569956520369,14.353173342041513,848.9696191467867,548.094443885131,16878.347593557362,21098.43061539366,True,1,16
535,allmetal0535 26-02-14 01-31-00.fits,2026-02-14 01:31:00,677.0090506094929,545.3668306390205,3.9025012993852077,7.381492760387516,9.189688285551613,17.38208711441136,909.5641742612587,490.6041718990079,16874.334010942606,21092.741717349156,True,1,16
536,allmetal0536 26-02-14 01-32-00.fits,2026-02-14 01:32:00,678.0618637970324,547.1296141494639,4.223635705781399,4.703353765751867,9.94590202288248,11.075551726464298,857.3823495839846,606.9774342295557,16876.912359728954,21098.01660486534,True,1,16
537,allmetal0537 26-02-14 01-33-00.fits,2026-02-14 01:33:00,678.2159266089791,546.5955495930509,4.152170662245332,6.343219361756707,9.77761470584474,14.937140103093117,874.6928686617097,548.7570879873415,16876.55565763403,21096.064171134534,True,1,14
538,allmetal0538 26-02-14 01-34-00.fits,2026-02-14 01:34:00,678.5532984795769,545.0697508792474,3.968322650656035,7.820895126724528,9.34468572291518,18.416800614495784,911.8961796671731,485.52894197327856,16881.958803602996,21102.011380154698,True,1,15
539,allmetal0539 26-02-14 01-35-00.fits,2026-02-14 01:35:00,677.9282338255457,547.4589950070691,4.2583236470417285,5.041343960555631,10.027585882283159,11.871457812212116,834.5348520422767,607.080023457637,16839.67745798505,21050.80416610821,True,1,13
540,allmetal0540 26-02-14 01-36-00.fits,2026-02-14 01:36:00,679.0644848123462,547.5714599371539,4.571855549532101,5.742375383343578,10.765897091024177,13.52226065878974,806.5821405580558,582.4063986115646,16883.991886823707,21105.829923813544,True,1,14
541,allmetal0541 26-02-14 01-37-01.fits,2026-02-14 01:37:01,678.9498863600427,547.7905629261063,4.380329793269343,5.2962917443172435,10.314888401036924,12.471813963850176,843.4677031340201,557.084878509194,16880.246753092764,21102.13011059139,True,1,15
542,allmetal0542 26-02-14 01-38-01.fits,2026-02-14 01:38:01,678.3987736404608,547.6981468523594,4.240883083402821,5.413354535330267,9.986516493429622,12.747475770654914,833.945644809494,553.1495265509776,16865.82804145469,21083.612466855688,True,1,15
543,allmetal0543 26-02-14 01-39-01.fits,2026-02-14 01:39:01,678.5396498383557,547.6225086275994,4.511556856380378,6.071042444175601,10.62390451970133,14.296212441778392,799.9967026344574,538.6125950929792,16878.14531289327,21098.51218370018,True,1,17
544,allmetal0544 26-02-14 01-40-00.fits,2026-02-14 01:40:00,679.1855556560618,547.1705938345772,4.149961502625404,6.000291840177662,9.77241253248906,14.129607501286001,870.1144343402284,532.8493710473844,16881.138056382948,21102.43523278381,True,1,16
545,allmetal0545 26-02-14 01-41-00.fits,2026-02-14 01:41:00,678.9660230490368,547.6989924284262,4.283544378143825,5.595322985684277,10.086976165432711,13.175978725111754,837.3810857059143,591.6075357962054,16827.556896115348,21035.123506553402,True,1,13
546,allmetal0546 26-02-14 01-42-00.fits,2026-02-14 01:42:00,678.9550585911329,546.9716964669454,4.1115034656750264,6.558712779378885,9.68185077618577,15.444588322482048,872.5189003506362,543.0026738514256,16860.90063340249,21076.18935313001,True,1,16
547,allmetal0547 26-02-14 01-43-00.fits,2026-02-14 01:43:00,678.6582008792219,549.2041183795626,4.5920960438256095,5.463121681328334,10.813559812707867,12.864668443635145,806.5792003883571,599.2247322738234,16865.947442745673,21083.48750717076,True,1,14
548,allmetal0548 26-02-14 01-44-00.fits,2026-02-14 01:44:00,678.9165213917587,545.5922451410967,4.162928164008349,7.83764431346517,9.802946686630747,18.456241935170617,875.8205515422612,470.73162310539163,16820.56866277516,21025.604470580776,True,1,12
549,allmetal0549 26-02-14 01-45-00.fits,2026-02-14 01:45:00,678.6795689731027,548.4005226445216,4.267372769122109,6.530770611857416,10.048894936347972,15.378789546300881,842.2400323410137,520.902244947393,16847.02249727987,21059.248748646536,True,1,16
550,allmetal0550 26-02-14 01-46-00.fits,2026-02-14 01:46:00,678.7434860542426,548.6115228215563,4.153371586232231,7.441602627730951,9.780442665721647,17.52363503493583,874.3682690743423,495.9641378771033,16865.942959451033,21082.283805153198,True,1,14
551,allmetal0551 26-02-14 01-47-00.fits,2026-02-14 01:47:00,678.9874923019677,548.3767534562932,4.4036089261264895,5.457465894985187,10.36970656971987,12.851350084583888,828.0833483616431,612.0703099721294,16870.680032472897,21089.099587001165,True,1,13
552,allmetal0552 26-02-14 01-48-01.fits,2026-02-14 01:48:01,679.2426940697936,549.204481348443,3.8461583755667776,6.148791139712606,9.057010839148322,14.479296628503942,943.9919535266184,542.3071286489812,16848.16334220819,21060.92926229601,True,1,16
553,allmetal0553 26-02-14 01-49-01.fits,2026-02-14 01:49:01,678.8365557743803,549.1712280026062,4.305785820656894,4.821214417511657,10.13935076009289,11.353092351748662,860.7392325062233,572.6256020439555,16856.591435623523,21073.053538990025,True,1,16
554,allmetal0554 26-02-14 01-50-01.fits,2026-02-14 01:50:01,678.8609127641196,547.4940692391327,4.388136516067641,7.787820267481208,10.333271828368357,18.33891527296304,827.7583113904806,471.3989549166273,16823.95869749529,21029.853262301094,True,1,16
555,allmetal0555 26-02-14 01-51-01.fits,2026-02-14 01:51:01,678.5571373304699,548.8100544211325,4.333725880464771,5.8662790480456035,10.205144572987843,13.814031492082863,830.4616275135585,580.8925379382773,16874.144267392745,21093.14865101037,True,1,14
556,allmetal0556 26-02-14 01-52-01.fits,2026-02-14 01:52:01,678.2981570381193,548.4489762001929,3.8549305116325527,6.556252083394846,9.077667640993749,15.438793826254107,899.8297041737773,544.3453033549184,16874.459418349765,21092.82927928915,True,1,14
557,allmetal0557 26-02-14 01-53-01.fits,2026-02-14 01:53:01,678.8488254099008,548.3815748827558,4.08025399534769,7.316352346825698,9.60826389706236,17.228693162814384,895.2886191031009,503.32329404170457,16868.188495668863,21085.163442383277,True,1,17
558,allmetal0558 26-02-14 01-54-01.fits,2026-02-14 01:54:01,678.878491489416,548.9345215678875,4.548653039882038,7.465469387896728,10.711259356205185,17.579836960184146,781.8301790153954,499.2889802635659,16855.356048808386,21068.776100653267,True,1,15
559,allmetal0559 26-02-14 01-55-01.fits,2026-02-14 01:55:01,678.5478320675617,549.8002490077255,4.5283664497485425,4.924777432395261,10.663488087113503,11.596964615120411,796.2460258616794,616.6650924655877,16865.075676555225,21082.736840316385,True,1,12
560,allmetal0560 26-02-14 01-56-01.fits,2026-02-14 01:56:01,678.4126321622274,550.0318678960949,4.303622562053432,4.855269647171425,10.134256675370873,11.433286289189615,842.6276833319121,606.3469082347972,16855.24069122719,21070.721232539032,True,1,14
561,allmetal0561 26-02-14 01-57-01.fits,2026-02-14 01:57:01,679.049841891932,549.5171422374235,3.9984970436698384,5.277736610351158,9.415740988430727,12.428119962448603,906.1032287828148,622.0896905728059,16861.54090446465,21077.75798244096,True,1,11
562,allmetal0562 26-02-14 01-58-01.fits,2026-02-14 01:58:01,678.2205223469985,549.7465708608124,4.312327216623343,4.724230206666895,10.154754570437168,11.124711987999907,846.4826811569492,609.3272890295605,16834.285960134348,21044.746497872413,True,1,10
563,allmetal0563 26-02-14 01-59-01.fits,2026-02-14 01:59:01,678.292801576775,548.6632592922755,3.807517519334234,5.498277247652318,8.96601857633477,12.947453475909276,962.1698481234487,584.6025446663087,16819.63517271063,21025.643483855594,True,1,15
564,allmetal0564 26-02-14 02-00-01.fits,2026-02-14 02:00:01,678.7971490914548,547.6780092053478,4.354499588496576,7.814783327316403,10.254062917070756,18.402408426738322,858.7213776226648,517.5531690236719,16864.81559387724,21080.272242960804,True,1,13
565,allmetal0565 26-02-14 02-01-01.fits,2026-02-14 02:01:01,678.9797373273427,547.1191236488233,4.212052935798828,6.613041751067924,9.918626683950537,15.572523274041318,857.4948277554444,497.49708200060076,16851.45509834925,21065.10670969652,True,1,14
566,allmetal0566 26-02-14 02-02-02.fits,2026-02-14 02:02:02,679.2328615908297,548.3959920647077,4.178945491348557,5.436895442474582,9.840664610119292,12.802910370676559,886.4927892117803,568.0938403780427,16853.196822068876,21068.003769917337,True,1,16
567,allmetal0567 26-02-14 02-03-01.fits,2026-02-14 02:03:01,678.6788588357832,549.5847759308089,4.325826916053639,5.78834916460759,10.186543933257523,13.630520640456103,837.5731816284093,603.5286691220043,16853.58202571143,21067.295173688424,True,1,11
568,allmetal0568 26-02-14 02-04-01.fits,2026-02-14 02:04:01,678.6611082441003,549.0947179390512,3.9154922662970226,4.797892581903731,9.220279674839889,11.2981736257722,913.5534614243718,602.0194957123224,16874.366220157586,21094.643352070092,True,1,14
569,allmetal0569 26-02-14 02-05-01.fits,2026-02-14 02:05:01,679.0518984093577,549.2747418979278,4.390413385371576,5.16560486644963,10.338633445845177,12.16406988422501,842.1513576922985,603.2828469589125,16867.410164986173,21085.685099714447,True,1,8
570,allmetal0570 26-02-14 02-06-01.fits,2026-02-14 02:06:01,678.8100197487636,550.6305217100814,4.380182915905792,5.233845691301335,10.314542531277072,12.32476474647525,836.3177607724875,605.2087834250086,16819.821607203237,21025.990313438295,True,1,10
571,allmetal0571 26-02-14 02-07-01.fits,2026-02-14 02:07:01,679.130984561381,550.0994568381568,4.572777876946294,4.502387455774678,10.7680690061072,10.602312231354109,791.8045675045809,671.0204560818698,16836.50166771051,21047.09471624093,True,1,10
572,allmetal0572 26-02-14 02-08-01.fits,2026-02-14 02:08:01,679.0986029254624,549.9617952877417,4.219388781841448,5.701527416444828,9.93590128125896,13.426071047537803,867.9271219314368,616.4354485373385,16869.644079331254,21087.416157276384,True,1,12
573,allmetal0573 26-02-14 02-09-01.fits,2026-02-14 02:09:01,679.0207389998998,549.779928557392,4.287158463034663,5.391525132009954,10.0954866849781,12.696071454145175,843.9197752189792,597.7437208247468,16861.50935489499,21077.854260695523,True,1,11
574,allmetal0574 26-02-14 02-10-01.fits,2026-02-14 02:10:01,678.5599689205617,549.1584719917292,3.8958680906647998,6.184364129602445,9.174068272693923,14.563064618158217,913.9987938742738,517.6338047179605,16818.12058676177,21023.53094868932,True,1,16
575,allmetal0575 26-02-14 02-11-01.fits,2026-02-14 02:11:01,678.3786386915721,549.5242521881707,4.036128824091439,7.997806225255234,9.504357059297716,18.833394415504337,909.5890714330541,501.6511798289677,16859.230171469386,21073.203256137414,True,1,14
576,allmetal0576 26-02-14 02-12-01.fits,2026-02-14 02:12:01,678.4813617325434,549.2453356613429,4.342916771383446,6.674049550574856,10.22678746715483,15.71618566322347,837.175873460863,564.3141894570457,16854.845654799916,21068.237679684862,True,1,5
577,allmetal0577 26-02-14 02-13-01.fits,2026-02-14 02:13:01,679.1297778119471,548.8435936719484,4.534720335697623,6.382354528116204,10.678450345110237,15.029296377302083,824.0793313811779,563.4069560059909,16866.96234928467,21084.048347921347,True,1,16
578,allmetal0578 26-02-14 02-14-01.fits,2026-02-14 02:14:01,678.6366007254252,548.4474535746557,4.474559770046365,6.59040316049847,10.536783039194255,15.519213467177117,814.2411375441988,536.3969035211501,16886.869862609405,21108.85243059485,True,1,15
579,allmetal0579 26-02-14 02-15-01.fits,2026-02-14 02:15:01,678.7023002759546,549.6008336451202,4.175191139859744,5.685453684381471,9.831823787977344,13.388220301076553,865.9543012738869,529.264282394772,16874.534549604265,21094.65262291727,True,1,15
580,allmetal0580 26-02-14 02-16-01.fits,2026-02-14 02:16:01,678.7978011723327,548.2481963684024,4.496744742934505,6.350496897726852,10.589024658049714,14.954277390674049,840.7644363065291,568.1862321964174,16884.50561157182,21106.05412220753,True,1,13
581,allmetal0581 26-02-14 02-17-01.fits,2026-02-14 02:17:01,678.9792852513207,548.2680409101919,4.069144984057871,5.8305737342434965,9.582104174596617,13.72995190342754,894.9360839730671,581.1064726195134,16883.13656298332,21104.541095530767,True,1,14
582,allmetal0582 26-02-14 02-18-01.fits,2026-02-14 02:18:01,677.8269628138131,548.127884568152,3.7892416499910575,7.835893743927699,8.92298219286509,18.452119658933558,930.7277216311309,500.4960413370307,16858.08183054562,21071.63517624319,True,1,13
583,allmetal0583 26-02-14 02-19-01.fits,2026-02-14 02:19:01,678.4274604147846,550.0558973075615,4.461594566480883,5.782498264191935,10.506252317950352,13.616742822875839,835.0418067620562,544.1427891268866,16882.705672348326,21104.799689683474,True,1,14
584,allmetal0584 26-02-14 02-20-02.fits,2026-02-14 02:20:02,678.8920434383455,547.7332479437728,4.462775631136332,7.177791259257912,10.509033512675481,16.90240673634847,833.3285321683312,528.6915758199033,16851.444495356922,21064.119875261233,True,1,15
585,allmetal0585 26-02-14 02-21-01.fits,2026-02-14 02:21:01,678.5081479137424,549.3401687643782,4.116624218646553,4.699139539950682,9.693909227928772,11.06562798307338,883.4364138609251,605.7691332067196,16814.031214928564,21019.4732888169,True,1,15
586,allmetal0586 26-02-14 02-22-01.fits,2026-02-14 02:22:01,678.2911873317307,549.1528206382194,4.106759835562183,6.811135443059355,9.670680380909834,16.038998270736926,876.1320302189108,547.6483984914134,16866.04139957759,21082.228522704496,True,1,16
587,allmetal0587 26-02-14 02-23-01.fits,2026-02-14 02:23:01,678.680146909101,549.3914424641275,4.110219641140282,5.034066666046172,9.678827600437051,11.854321093227648,884.525510549514,608.8456933447683,16877.386653870548,21098.130136708805,True,1,15
588,allmetal0588 26-02-14 02-24-01.fits,2026-02-14 02:24:01,678.2659021291782,549.4432277723075,3.924166260222161,4.975463808455656,9.240705369605282,11.716321909477406,922.3222754868841,654.3408955696448,16871.586441477255,21090.373336941,True,1,10
589,allmetal0589 26-02-14 02-25-01.fits,2026-02-14 02:25:01,677.7095218876005,550.1880438479805,4.4724304821655405,5.746785972168874,10.531768949410848,13.532646801765937,809.4499607833735,537.893019822611,16858.38318949905,21074.274043737063,True,1,17
590,allmetal0590 26-02-14 02-26-01.fits,2026-02-14 02:26:01,677.9157497381377,550.3987482404822,4.419478606657472,5.824923492870652,10.407076811542465,13.716646601783504,816.7385752259792,580.3665028702312,16854.43607669756,21068.605582320277,True,1,16
591,allmetal0591 26-02-14 02-27-02.fits,2026-02-14 02:27:02,677.7536255293719,549.4084430891924,4.180484412168193,7.480155937625696,9.844288491713085,17.614421141878264,867.2704814106781,481.9275313970302,16847.586673150465,21059.534055691893,True,1,14
592,allmetal0592 26-02-14 02-28-02.fits,2026-02-14 02:28:02,677.8512226250588,550.532087662496,4.3441283736308085,5.864567895654724,10.229640572413524,13.810002036132717,848.2754656106913,580.0071486733576,16879.503930385905,21100.07395088173,True,1,14
593,allmetal0593 26-02-14 02-29-02.fits,2026-02-14 02:29:02,678.8799658261951,549.5450794991783,4.311578917384658,6.729762915281635,10.152992460390232,15.847380611211113,828.5881760525331,499.77987040942355,16831.554696902364,21039.955279638234,True,1,15
594,allmetal0594 26-02-14 02-30-02.fits,2026-02-14 02:30:02,678.0778053881659,550.6854983681158,4.162924947230011,5.297315451273793,9.802939111696638,12.474224609511696,874.8501599691912,579.101344273638,16852.68361042756,21067.260215121645,True,1,13
595,allmetal0595 26-02-14 02-31-02.fits,2026-02-14 02:31:02,678.9654874845315,550.0463832479329,4.188870659222682,6.447877102738274,9.864036594379579,15.183590249424169,860.3591905188415,512.5601054098817,16853.19553024569,21067.22635019321,True,1,14
596,allmetal0596 26-02-14 02-32-02.fits,2026-02-14 02:32:02,678.5909147287706,551.5574583567907,4.182097002024759,5.288842990640139,9.84808585063174,12.454273489380832,861.0852923372465,624.3254924081004,16867.672089913194,21085.322475501078,True,1,15
597,allmetal0597 26-02-14 02-33-02.fits,2026-02-14 02:33:02,678.5688046025648,550.3576603863469,4.0609665246083155,7.871313697731855,9.562845374347331,18.535527276145654,885.0938000450268,471.54312997648503,16842.971355477923,21053.4269905156,True,1,14
598,allmetal0598 26-02-14 02-34-02.fits,2026-02-14 02:34:02,677.782158163656,552.2246440961628,4.461272455873394,4.675978062641787,10.50549380543512,11.011086872033863,802.7935599840747,585.9053196651861,16861.669967938687,21079.14808550781,True,1,16
599,allmetal0599 26-02-14 02-35-02.fits,2026-02-14 02:35:02,678.2247769482536,550.3535397873808,4.166502918603595,7.852608034725043,9.8113645904077,18.49147880594162,868.3687890381935,444.4683963809165,16756.084270125884,20945.418237752576,True,1,16
600,allmetal0600 26-02-14 02-36-03.fits,2026-02-14 02:36:03,678.2447759701166,550.1431171222375,4.195152862819917,6.839516815542995,9.878830053337314,16.10583129556689,865.8168503105192,545.1141217653869,16875.025265197604,21093.546381509103,True,1,15
601,allmetal0601 26-02-14 02-37-02.fits,2026-02-14 02:37:02,679.0448510353933,551.6587477584869,4.177095090711908,6.512170117827504,9.836307249608772,15.334988730111766,870.2321898933982,561.6121406065784,16858.956483918602,21073.641087685744,True,1,15
602,allmetal0602 26-02-14 02-38-02.fits,2026-02-14 02:38:02,679.1030460661904,551.6594426098961,4.491949761955356,6.214039259709283,10.577733340724473,14.6329442093727,830.6442767829594,536.6494620124816,16873.917373113574,21093.36718183852,True,1,16
603,allmetal0603 26-02-14 02-39-02.fits,2026-02-14 02:39:02,679.5571970737897,551.2753804804975,4.347088213068442,6.973131798664603,10.236610461651338,16.420470536138126,823.2110888403141,518.3227456335469,16827.869415772115,21034.74922962859,True,1,14
604,allmetal0604 26-02-14 02-40-02.fits,2026-02-14 02:40:02,678.8111414019551,551.2349784966437,3.8646736824465764,7.146696112030437,9.100611054928772,16.829183260354025,950.1819868695037,512.5530532551649,16859.548673220932,21074.458074140857,True,1,15
605,allmetal0605 26-02-14 02-41-02.fits,2026-02-14 02:41:02,678.6685057319844,551.748853002912,4.3215368194495065,5.60112816075108,10.176441527778993,13.189648867723976,837.9388778314419,617.5859957722033,16834.7656550888,21043.853638465745,True,1,10
606,allmetal0606 26-02-14 02-42-02.fits,2026-02-14 02:42:02,678.960391754965,552.0536429812938,4.13258200678101,7.374844646816344,9.731486947302148,17.36643200331232,897.6868043863417,496.5699509714085,16861.060156095293,21076.44180741049,True,1,15
607,allmetal0607 26-02-14 02-43-02.fits,2026-02-14 02:43:02,678.7117104967999,551.9750700072314,4.383131748896367,5.611698979730767,10.321486502312727,13.214541244149737,806.1149362019222,554.7612506792915,16870.390086202147,21089.016095975065,True,1,15
608,allmetal0608 26-02-14 02-44-02.fits,2026-02-14 02:44:02,679.284254322646,552.9902887790034,4.48922206139562,6.222746236381866,10.571310096769565,14.653447572572915,813.4494783818095,529.2516235002144,16864.77844281339,21081.850267633945,True,1,13
609,allmetal0609 26-02-14 02-45-02.fits,2026-02-14 02:45:02,679.1078520035946,552.0345684225712,4.0794460134899415,7.057379002252904,9.606361245187712,16.61885753988566,878.155385655005,524.1351447227914,16867.24006736837,21083.76458100514,True,1,14
610,allmetal0610 26-02-14 02-46-02.fits,2026-02-14 02:46:02,678.4738855467176,552.848978129655,3.9415993367584936,6.549767077354101,9.281757127679596,15.423522804037214,910.2962794125762,535.9161113692257,16857.818093400776,21072.46330042834,True,1,14
611,allmetal0611 26-02-14 02-47-03.fits,2026-02-14 02:47:03,679.214861685022,553.6539752706221,4.385755209835108,6.566895749244847,10.32766428071863,15.463857743950301,821.5582933692003,525.4819441002861,16858.315807331102,21073.267738618775,True,1,14
612,allmetal0612 26-02-14 02-48-02.fits,2026-02-14 02:48:02,678.8470545030958,552.6173396727004,4.198495770686227,4.017266236839133,9.886701999789592,9.45993906073484,869.6040770413908,668.8777681859025,16856.03142763604,21072.398964070184,True,1,13
613,allmetal0613 26-02-14 02-49-02.fits,2026-02-14 02:49:02,678.8649625887548,551.2020865006498,3.898413434487688,7.83417340744464,9.180062099349556,18.44806857609905,918.928887379062,491.5612629295705,16817.690111951226,21021.455111556257,True,1,14
614,allmetal0614 26-02-14 02-50-02.fits,2026-02-14 02:50:02,679.0145514259356,554.0782476422975,3.961270486453999,5.403593061705131,9.328079145291376,12.724489256893401,927.2586240983277,570.3261476577472,16856.073318731924,21071.539108242647,True,1,15
615,allmetal0615 26-02-14 02-51-02.fits,2026-02-14 02:51:02,678.3184194967569,553.6647634007356,4.404465873274419,5.31881659226865,10.371724526041348,12.524855927317423,817.7627061887051,573.139809700408,16872.303598746636,21091.73411167302,True,1,15
616,allmetal0616 26-02-14 02-52-02.fits,2026-02-14 02:52:02,678.7805335379662,554.0418699568909,4.443200101787123,5.303277506481067,10.46293666377187,12.488264176623368,820.068659461341,545.727549969245,16871.735566766372,21091.50435076771,True,1,16
617,allmetal0617 26-02-14 02-53-02.fits,2026-02-14 02:53:02,679.1056911379293,552.8991647368523,4.2885129445232995,5.3544145728857035,10.098676245138165,12.608682765637084,845.6868737454498,568.1967826375571,16859.39774469476,21075.6776675054,True,1,17
618,allmetal0618 26-02-14 02-54-02.fits,2026-02-14 02:54:02,679.002583303767,554.1387386469564,4.492424723071532,5.058466544125048,10.578851788681455,11.911778415224097,817.1720329349694,598.3261901467938,16876.835904246123,21097.62246699376,True,1,15
619,allmetal0619 26-02-14 02-55-02.fits,2026-02-14 02:55:02,678.7245054255982,554.2937290773871,4.13313783403834,5.986976873358418,9.732795820469285,14.098253150521122,873.5572808505405,573.5453738197779,16826.167763106616,21033.142316949266,True,1,15
620,allmetal0620 26-02-14 02-56-02.fits,2026-02-14 02:56:02,678.6755541633169,554.4034654413219,4.119269582610376,5.682373715747,9.700138584017186,13.380967529198033,868.2300244587504,556.458559232534,16858.300867435664,21073.89065193482,True,1,14
621,allmetal0621 26-02-14 02-57-02.fits,2026-02-14 02:57:02,679.0261589500742,554.4030017173707,4.351785219641501,4.800920239905691,10.24767106688122,11.305303215524717,838.5893017191963,601.5459353885958,16811.6292263374,21016.400314982744,True,1,15
622,allmetal0622 26-02-14 02-58-02.fits,2026-02-14 02:58:02,679.1155694189692,553.6599978557232,4.49246488220823,5.241735006971968,10.578946356221543,12.343342665158033,807.7030850039777,623.4005695668891,16853.62539408151,21067.915126255415,True,1,14
623,allmetal0623 26-02-14 02-59-03.fits,2026-02-14 02:59:03,679.0123410853117,554.2543868397499,3.9569063505876363,5.342129157116682,9.317802390674027,12.579752822322654,888.9729209421072,579.6081913813579,16868.52166250066,21086.683224628927,True,1,15
624,allmetal0624 26-02-14 03-00-03.fits,2026-02-14 03:00:03,678.6199397928359,553.8973408661601,4.094926197033565,6.054828433797081,9.642814291696993,14.258031365128714,895.100543025795,542.9669988775449,16861.444748637587,21077.730741193674,True,1,15
625,allmetal0625 26-02-14 03-01-03.fits,2026-02-14 03:01:03,678.5581633060477,553.5349668468295,4.318102826884521,6.365083702995287,10.168355093252478,14.988626692113124,866.1693838578597,537.5026495841398,16872.945068521167,21091.962108988,True,1,16
626,allmetal0626 26-02-14 03-02-03.fits,2026-02-14 03:02:03,678.5760684320337,552.4499575891922,4.3020989483945895,7.009130790639561,10.130668839386146,16.505241684041664,849.216174180418,515.1211379914912,16877.565823558285,21097.062196936688,True,1,16
627,allmetal0627 26-02-14 03-03-03.fits,2026-02-14 03:03:03,678.5849842214013,552.4407136629242,4.7113363384158085,7.417508191880175,11.094349248584262,17.46689697442071,754.7703928750486,476.4473031274881,16877.742568011687,21097.231880746403,True,1,16
628,allmetal0628 26-02-14 03-04-03.fits,2026-02-14 03:04:03,678.2699011134168,554.1926433068313,4.578294227651025,5.9822682557226425,10.781059019322122,14.087165203328011,793.6336999550573,584.9882056256348,16857.802495902393,21072.580969758215,True,1,13
629,allmetal0629 26-02-14 03-05-03.fits,2026-02-14 03:05:03,679.0835769738251,553.6455263991073,4.2762908522625755,7.196061945035781,10.069895417290395,16.945430913454658,873.6090374998931,527.8622366048451,16864.593532965057,21080.58837781262,True,1,15
630,allmetal0630 26-02-14 03-06-03.fits,2026-02-14 03:06:03,679.1026109920389,554.9106619731399,4.249785400239679,5.00120405112598,10.007479847564271,11.776935548881447,870.2373431206981,477.27532430881155,16856.423970010717,21073.740039429937,True,1,15
631,allmetal0631 26-02-14 03-07-03.fits,2026-02-14 03:07:03,678.4957059959889,554.8546123844059,4.202493172490255,5.756477428268082,9.896115161685758,13.555468436853888,879.2070306713149,562.2446553273023,16866.923715299075,21084.776538639082,True,1,15
632,allmetal0632 26-02-14 03-08-03.fits,2026-02-14 03:08:03,677.853846005188,554.2185922459822,4.374858657844578,7.321373389682572,10.302004861669607,17.240516815180708,826.9151472105737,484.73626239193055,16881.442132089647,21101.97083860956,True,1,18
633,allmetal0633 26-02-14 03-09-03.fits,2026-02-14 03:09:03,678.3467762747233,554.7589223079076,4.069366321377848,4.897408990878029,9.582625384154413,11.532516860434376,903.0614943192262,572.9055516844152,16857.52611074319,21074.03517642977,True,1,16
634,allmetal0634 26-02-14 03-10-03.fits,2026-02-14 03:10:03,678.9979017529425,554.4520879457066,4.312674507673552,6.951831054313824,10.155572378363662,16.370311116366832,829.3361846720635,498.17772905724,16883.9528518574,21105.2186778327,True,1,15
635,allmetal0635 26-02-14 03-11-03.fits,2026-02-14 03:11:03,678.2375258649741,555.14486490753,4.173593246831447,6.4912775614666645,9.828061037444494,15.285790519601322,875.1831990962212,548.5588094145264,16882.369642537105,21103.186795869246,True,1,17
636,allmetal0636 26-02-14 03-12-03.fits,2026-02-14 03:12:03,679.1914359653917,555.999299675617,4.023136469470546,5.210734566094981,9.473762402204287,12.270342205576108,895.2016550413583,572.1146239590919,16867.725259438444,21086.17519194861,True,1,13
637,allmetal0637 26-02-14 03-13-03.fits,2026-02-14 03:13:03,678.3343877950157,556.2747472777526,4.08057967678759,4.06524887428297,9.609030818245328,9.57292953720104,860.9409616812861,690.9107099065849,16861.134272245465,21078.142161146494,True,1,11
638,allmetal0638 26-02-14 03-14-03.fits,2026-02-14 03:14:03,678.7466908909408,555.9903933941998,4.440541095109202,4.095932556679305,10.456675181546832,9.645184087563292,832.0236350179097,651.1485266536837,16815.21712740553,21021.53678790379,True,1,14
639,allmetal0639 26-02-14 03-15-03.fits,2026-02-14 03:15:03,678.4669216145721,555.7049934212502,4.423756021367217,6.236484250771393,10.417149353441884,14.685798124236298,813.7422176643714,531.9238047821358,16862.72003668915,21079.091480158644,True,1,15
640,allmetal0640 26-02-14 03-16-03.fits,2026-02-14 03:16:03,678.8156170544598,555.0781606495311,4.177301643684823,6.464804665112825,9.836793644689752,15.223451612617275,883.5788341673666,562.1934102990751,16861.434450695222,21076.931380127764,True,1,15
641,allmetal0641 26-02-14 03-17-03.fits,2026-02-14 03:17:03,679.5653677137368,556.2281388028965,4.303918909134937,5.93596889802034,10.134954519418686,13.97813854773857,848.9876137322813,569.1275738752735,16863.887379567084,21080.53398297675,True,1,14
642,allmetal0642 26-02-14 03-18-03.fits,2026-02-14 03:18:03,679.5038907358258,555.4901084224554,4.40478816359657,8.007120199332908,10.372483461752267,18.855327148361344,799.5613618044093,453.3472742089769,16870.566335803825,21087.94328516011,True,1,16
643,allmetal0643 26-02-14 03-19-03.fits,2026-02-14 03:19:03,678.8113235704252,557.057675590843,4.582291729959471,4.4716560909117264,10.79047241788811,10.52994539736367,816.3023167917088,639.570829383928,16862.438178368895,21080.203312040714,True,1,14
644,allmetal0644 26-02-14 03-20-03.fits,2026-02-14 03:20:03,678.9260640981928,557.1033943325215,4.376728485589734,4.723322774278261,10.306407969524656,11.122575148021642,829.8791021753235,578.7476826721794,16836.826981491977,21048.233252497626,True,1,13
645,allmetal0645 26-02-14 03-21-03.fits,2026-02-14 03:21:03,678.6791038443148,556.3886885491956,4.787833489127126,6.2810472952422005,11.274486272467026,14.79073607462376,768.0504070261617,527.0453654941472,16847.60889235068,21060.409243734633,True,1,14
646,allmetal0646 26-02-14 03-22-04.fits,2026-02-14 03:22:04,678.6877736038996,556.3135014446949,4.038646146594376,5.901591908763514,9.510284900787438,13.897186924348784,882.9009090942395,520.6371353624718,16843.503948835973,21055.587074445535,True,1,14
647,allmetal0647 26-02-14 03-23-03.fits,2026-02-14 03:23:03,678.2058886020479,556.8578806379313,4.402075845233882,4.737568816454346,10.366096440103304,11.156122013700244,847.6801503260025,606.9682629839028,16822.125301123528,21029.752007045758,True,1,13
648,allmetal0648 26-02-14 03-24-03.fits,2026-02-14 03:24:03,678.7238098800699,554.8793314416905,4.812726122955545,6.420546194307822,11.333103945579802,15.119230878403236,768.0166356654762,511.1907050324629,16863.398332730554,21080.261656559454,True,1,15
649,allmetal0649 26-02-14 03-25-03.fits,2026-02-14 03:25:03,677.8209211272367,556.0252259201313,3.9511369612296345,6.214045988804307,9.304216516966216,14.632960055180549,908.632144942627,522.0421985667999,16867.645217559897,21085.403820609816,True,1,15
650,allmetal0650 26-02-14 03-26-03.fits,2026-02-14 03:26:03,677.6229091778929,556.401831113671,4.171861169801531,4.676852198234652,9.82398230773491,11.013145304050017,885.3125917004921,597.6783611039347,16865.519543797676,21084.097987175843,True,1,15
651,allmetal0651 26-02-14 03-27-03.fits,2026-02-14 03:27:03,677.0260052400434,555.3009682226416,4.192521617803856,5.995481406608279,9.872633944830106,14.118279795891528,859.1559249657143,580.0411698238196,16827.22894553181,21034.34070719603,True,1,13
652,allmetal0652 26-02-14 03-28-03.fits,2026-02-14 03:28:03,676.8044232666657,555.0484959111296,4.2734411250930195,6.057537575880174,10.063184822628655,14.264410907210818,856.3733497086092,534.9851856173085,16825.477804704373,21032.87283943231,True,1,15
653,allmetal0653 26-02-14 03-29-03.fits,2026-02-14 03:29:03,678.1914732895018,554.6707777022042,4.278033316401183,7.074919356902577,10.073998606771736,16.660161918611664,841.7055206073234,456.32743877102916,16861.98595464776,21078.39394645834,True,1,16
654,allmetal0654 26-02-14 03-30-03.fits,2026-02-14 03:30:03,678.1982774363266,555.7653516461604,4.134601313218707,7.270014310088728,9.736242050578698,17.119575425058784,865.0780044100043,499.2955718971392,16860.815945818926,21075.889868357965,True,1,15
655,allmetal0655 26-02-14 03-31-04.fits,2026-02-14 03:31:04,678.1127256634277,555.6140445418014,4.186371178676287,5.978530573744599,9.858150767486764,14.078363634884163,850.5164090740222,504.90052471333155,16864.16871566331,21081.53767971576,True,1,16
656,allmetal0656 26-02-14 03-32-04.fits,2026-02-14 03:32:04,677.6448072927452,555.0729484332268,3.9115402451124215,8.405270603549448,9.210973376136003,19.792899701147626,901.1086707016847,430.30262309363343,16804.825648496448,21005.80664235094,True,1,13
657,allmetal0657 26-02-14 03-33-04.fits,2026-02-14 03:33:04,677.8419350971443,557.4033270724219,4.2769583079991005,6.220385416129125,10.071467155437935,14.647888265719047,848.9282967292351,480.5912481437988,16869.456137910405,21088.39016406422,True,1,15
658,allmetal0658 26-02-14 03-34-04.fits,2026-02-14 03:34:04,677.3884293882954,556.8216462043958,4.299222184071915,5.1946228985199046,10.123894577094283,12.232402127811442,842.653612353812,572.8840108383707,16868.893046579396,21087.699691197147,True,1,16
659,allmetal0659 26-02-14 03-35-04.fits,2026-02-14 03:35:04,677.5376208761908,556.7677385875456,4.193712227002863,4.471045603565703,9.875437615237725,10.528507809524017,875.3990160537693,636.1735612614182,16866.257607479798,21084.845941664324,True,1,14
660,allmetal0660 26-02-14 03-36-04.fits,2026-02-14 03:36:04,676.8643251311606,557.5973812287517,4.355791777462696,6.171083721774516,10.257105789550145,14.531791647598824,825.7728319576942,528.4047836935239,16872.9374394622,21091.994444231514,True,1,16
661,allmetal0661 26-02-14 03-37-04.fits,2026-02-14 03:37:04,677.4726700380497,557.3887013088605,4.150207697592808,6.911869534414008,9.77299227733329,16.27620892827684,855.2802312979821,485.1462497061626,16836.628512370662,21046.266215454314,True,1,17
662,allmetal0662 26-02-14 03-38-04.fits,2026-02-14 03:38:04,677.2381148511892,554.7142573166902,3.9353181953608174,8.423066152581027,9.266966170010674,19.83480501671952,922.4935176692312,453.8591565170606,16837.404823059882,21046.28461581588,True,1,16
663,allmetal0663 26-02-14 03-39-04.fits,2026-02-14 03:39:04,677.9503818382444,556.2239050149135,3.8011016151093115,7.577679082999589,8.950910276458924,17.844070599459176,932.4277369470219,504.9848728251108,16865.901465837156,21081.68564733336,True,1,15
664,allmetal0664 26-02-14 03-40-04.fits,2026-02-14 03:40:04,678.0000512000837,557.7670315278342,4.225066300271174,5.73125940036918,9.949270815463313,13.496084519261405,859.4423079127519,543.376218679145,16846.628851217032,21059.55154572571,True,1,15
665,allmetal0665 26-02-14 03-41-04.fits,2026-02-14 03:41:04,677.8618885332758,556.1689217037346,3.8856328117497143,8.555449003212543,9.149966032738197,20.14654280700495,903.3266699856654,482.5551486424229,16871.285738602874,21087.59320839939,True,1,15
666,allmetal0666 26-02-14 03-42-04.fits,2026-02-14 03:42:04,677.3474302470863,556.8918170271867,4.228414466788561,8.474608275363234,9.957155145092555,19.956177440610507,830.0264156679713,426.26357097248655,16847.872263678557,21059.588880758816,True,1,15
667,allmetal0667 26-02-14 03-43-05.fits,2026-02-14 03:43:05,677.4821339515854,557.609942252337,4.407835459230142,5.892465834239962,10.379659294593338,13.875696661128277,833.9758331536286,530.3094250712229,16849.056690350983,21062.670129205075,True,1,15
668,allmetal0668 26-02-14 03-44-04.fits,2026-02-14 03:44:04,678.2895187562873,557.9355118210186,4.0626425862779065,7.814980384746798,9.566792197963592,18.40287246152544,886.8674816362842,435.2659740114487,16843.69652666349,21055.113735970215,True,1,15
669,allmetal0669 26-02-14 03-45-04.fits,2026-02-14 03:45:04,677.7372433215761,557.039188578491,4.23109901299185,6.8901899554009205,9.963476768303872,16.22515742104899,873.0382014474314,471.13636754093204,16848.59042035853,21061.833921361285,True,1,16
670,allmetal0670 26-02-14 03-46-04.fits,2026-02-14 03:46:04,677.2183920149547,556.9898203403309,3.941217752464127,7.811206284333539,9.280858565334352,18.39398513422034,928.2831846798318,458.57844471294277,16861.21041765499,21076.7003223573,True,1,15
671,allmetal0671 26-02-14 03-47-04.fits,2026-02-14 03:47:04,677.3515859227091,556.7062671504596,3.9868247360656706,8.377987286930198,9.388254804512664,19.72865240027769,877.2711382958605,415.8097205441889,16819.66562636554,21024.616003934978,True,1,16
672,allmetal0672 26-02-14 03-48-04.fits,2026-02-14 03:48:04,677.1900266631893,559.3169328563664,4.264851503059032,4.926502374952836,10.04295780848378,11.601026544431516,868.7507450372472,633.2698876017953,16875.910710403703,21096.32110061615,True,1,11
673,allmetal0673 26-02-14 03-49-04.fits,2026-02-14 03:49:04,677.8563954560141,559.0132933068827,4.032388547273595,5.840575271241603,9.495549380473092,13.7535037232318,902.5701967587415,568.5541231065761,16880.740696865883,21101.706329780405,True,1,15
674,allmetal0674 26-02-14 03-50-04.fits,2026-02-14 03:50:04,676.6759745864772,558.0035597680532,4.129295642359338,7.294938866931183,9.723748150486719,17.17826827112491,834.0346728180277,483.9111067649524,16873.723619554843,21091.943697892515,True,1,16
675,allmetal0675 26-02-14 03-51-04.fits,2026-02-14 03:51:04,677.500693141523,560.9210319547907,4.294152003490973,4.92603718253936,10.111955214230354,11.599931100011466,835.0293104599239,615.2002334383784,16871.62099666,21090.885414984787,True,1,13
676,allmetal0676 26-02-14 03-52-04.fits,2026-02-14 03:52:04,677.3286358995903,558.8179231727012,4.290802294635905,8.204170550996187,10.104067252673422,19.31934526633843,863.2207015839192,476.2159281530799,16811.093496908197,21013.369835787475,True,1,16
677,allmetal0677 26-02-14 03-53-04.fits,2026-02-14 03:53:04,676.8410544147823,560.6331403400031,3.926287540500182,5.807762372114207,9.245700602925094,13.67623525063103,905.716400072171,532.7081243763553,16864.279040335845,21081.480359016703,True,1,17
678,allmetal0678 26-02-14 03-54-05.fits,2026-02-14 03:54:05,676.599348655616,560.0891237455946,4.25089981832574,6.309243413598928,10.010104101611873,14.857132859322247,836.70128452512,513.8944451020726,16863.745774708837,21080.451949567043,True,1,15
679,allmetal0679 26-02-14 03-55-04.fits,2026-02-14 03:55:04,676.8547743232292,562.292098212047,4.097940954983194,4.555567487924375,9.649913504147698,10.727541637055605,872.3206984803716,584.8525567802396,16848.06914764828,21062.31494314288,True,1,15
680,allmetal0680 26-02-14 03-56-04.fits,2026-02-14 03:56:04,677.2400473575359,559.9806397688337,4.489919193363691,7.277603724847147,10.57295171710201,17.13744713106196,793.9954097907116,448.8381885654807,16820.074947096982,21025.82439720407,True,1,14
681,allmetal0681 26-02-14 03-57-04.fits,2026-02-14 03:57:04,676.5912642712774,560.4749758867297,4.278688225626557,6.936256147749006,10.075540800143322,16.333635014188513,871.6063985980595,563.3370904301213,16827.25464911802,21033.63229921517,True,1,15
682,allmetal0682 26-02-14 03-58-04.fits,2026-02-14 03:58:04,677.0616635975472,561.6581252228494,4.080034615024894,7.728685249193376,9.607747295880753,18.19966294653558,878.9497889586287,486.5507433953859,16859.735051657433,21074.242266748362,True,1,17
683,allmetal0683 26-02-14 03-59-04.fits,2026-02-14 03:59:04,677.2801998486234,560.373274684788,4.229524311947396,10.167228860322238,9.959768630719463,23.94199432270398,833.770229654848,414.42098771600257,16816.381638328967,21018.795204115013,True,1,14
684,allmetal0684 26-02-14 04-00-04.fits,2026-02-14 04:00:04,677.1017354274285,561.0424438979445,4.218032656432514,7.815185519414668,9.932707849962426,18.403355516753273,831.3616224885313,420.83566753272464,16867.40857841839,21084.793875103438,True,1,16
685,allmetal0685 26-02-14 04-01-04.fits,2026-02-14 04:01:04,677.3371942594297,562.3039094029817,4.446648666304879,5.5154616493166575,10.471057412624868,12.987919649410326,809.5803024692967,545.2252743080111,16860.31276626072,21076.84193837225,True,1,15
686,allmetal0686 26-02-14 04-02-04.fits,2026-02-14 04:02:04,676.9811758470145,561.8955117215042,3.9345086417303405,8.207337930678476,9.2650598168941,19.326803875504506,910.9263482559528,430.4208818426573,16814.864941387557,21018.707090611813,True,1,15
687,allmetal0687 26-02-14 04-03-04.fits,2026-02-14 04:03:04,676.7464546204928,561.7320977714323,4.435720034309715,7.211525219576486,10.445322450937887,16.981844142304926,834.2841670465974,509.0299646295571,16878.120971542474,21097.724084275764,True,1,16
688,allmetal0688 26-02-14 04-04-05.fits,2026-02-14 04:04:05,676.7461496461152,563.0104947585972,4.057016127526698,5.993586539048369,9.553542900113706,14.113817723778773,897.7472772765549,579.0624725763505,16867.03314117659,21084.21127232941,True,1,13
689,allmetal0689 26-02-14 04-05-05.fits,2026-02-14 04:05:05,676.8884246830368,562.3034957147058,4.08339250650058,7.3573962059822815,9.615654526036737,17.325344065081733,879.2352423057056,506.2695476906378,16863.28011425771,21078.770748717663,True,1,15
690,allmetal0690 26-02-14 04-06-05.fits,2026-02-14 04:06:05,676.6236792605716,564.2190718980946,4.164659108663102,4.94870154451234,9.807022749800598,11.653301593893277,865.4146536328976,550.9252311652979,16870.39587351933,21090.143571782384,True,1,15
691,allmetal0691 26-02-14 04-07-05.fits,2026-02-14 04:07:05,676.9458436067347,563.0405108355769,4.26580761305723,6.351202278864235,10.045209275472795,14.955938436315744,855.9603988827256,543.900764362617,16870.030774844563,21088.02055046445,True,1,14
692,allmetal0692 26-02-14 04-08-05.fits,2026-02-14 04:08:05,676.9622608300432,564.4360817384951,4.173765905701547,6.322783552766756,9.828467618012757,14.889017450447158,848.5730451915309,536.798292599119,16861.18918845775,21076.848002601953,True,1,14
693,allmetal0693 26-02-14 04-09-05.fits,2026-02-14 04:09:05,676.6967525325011,564.0345690607625,4.1107151578930825,6.725081756132216,9.679994453219194,15.83635732381208,857.119246912908,482.1241644765475,16858.260322971564,21073.513376853673,True,1,16
694,allmetal0694 26-02-14 04-10-05.fits,2026-02-14 04:10:05,677.5627416575368,564.2319222302532,4.339767474302581,5.630305275592127,10.219371439261053,13.258355722607844,858.9016033579687,554.787381972907,16866.044305034116,21084.033437438102,True,1,14
695,allmetal0695 26-02-14 04-11-05.fits,2026-02-14 04:11:05,677.3531338135093,564.3050961739525,4.114562314980053,6.9760083846047305,9.689053815843975,16.427244378371192,902.9878206183982,509.6503078202428,16863.242089191943,21079.44445531036,True,1,14
696,allmetal0696 26-02-14 04-12-05.fits,2026-02-14 04:12:05,677.0057164200964,564.1341864606927,4.114969367667454,7.817187463963088,9.690012351671651,18.40806973590493,899.9976821852722,463.45781234113514,16817.57249624207,21022.16273889035,True,1,12
697,allmetal0697 26-02-14 04-13-05.fits,2026-02-14 04:13:05,676.8838515206294,565.2452841663223,4.387976741145806,6.485563018577828,10.332895587179726,15.272333799458501,832.2581069912552,508.80190184789467,16855.401539819864,21070.113730993155,True,1,16
698,allmetal0698 26-02-14 04-14-05.fits,2026-02-14 04:14:05,676.6922499254995,564.7644186352163,4.186379705509378,7.134045424831629,9.858170846644246,16.799393168554854,874.1029749494306,495.38305812790946,16870.780021552502,21088.78160352806,True,1,15
699,allmetal0699 26-02-14 04-15-05.fits,2026-02-14 04:15:05,676.5838118274334,566.1738467621159,4.283078727613592,4.30989463159482,10.08587964223014,10.14902627045076,830.5661797021994,603.6829877466957,16823.043726457392,21031.143778588146,True,1,12
700,allmetal0700 26-02-14 04-16-05.fits,2026-02-14 04:16:05,676.0272112554693,565.3517032958023,4.070570579722094,5.8925977426696186,9.58546119584284,13.876007281742542,889.8748903038487,592.9417194413112,16858.01034690165,21072.82707362216,True,1,11
701,allmetal0701 26-02-14 04-17-05.fits,2026-02-14 04:17:05,677.0587703519001,566.1514774243113,4.204987046706817,6.098146745990021,9.901987786680706,14.360038194997557,863.2635895130222,578.9348417399473,16846.929616203488,21058.90578638295,True,1,13
702,allmetal0702 26-02-14 04-18-05.fits,2026-02-14 04:18:05,676.4937832199034,564.8431859622468,3.93606614459115,8.550720761830679,9.268727455850927,20.13540864942119,909.7230658134234,464.49663394998976,16829.11596916863,21035.437716201544,True,1,14
703,allmetal0703 26-02-14 04-19-05.fits,2026-02-14 04:19:05,677.4112163016038,566.4654092356759,4.160306476338575,4.1265454738766065,9.796773083954154,9.71727199861637,865.2662660535265,686.2453013675048,16870.32008405529,21089.779954851143,True,1,6
704,allmetal0704 26-02-14 04-20-05.fits,2026-02-14 04:20:05,677.269399802169,566.9327489530458,4.355539694667637,4.926214243423411,10.256512179931331,11.60034804653042,846.6768441582938,580.3806757061029,16859.03142200545,21075.817724924156,True,1,14
705,allmetal0705 26-02-14 04-21-05.fits,2026-02-14 04:21:05,678.1998726205796,566.0306053985026,4.305105345170545,4.529933794851662,10.137748362777483,10.667178902779808,831.7652066605518,629.4314024828883,16834.01341650903,21044.30263123949,True,1,11
706,allmetal0706 26-02-14 04-22-05.fits,2026-02-14 04:22:05,677.7598163180246,566.472808888585,4.070232644117995,4.416532812141511,9.584665418308377,10.400139995567738,896.6577657776089,662.8294733242925,16833.952183698708,21044.208082041932,True,1,10
707,allmetal0707 26-02-14 04-23-05.fits,2026-02-14 04:23:05,677.7574925417687,565.240544241028,4.280035130986154,6.682588779891646,10.078712519882862,15.736294011587763,852.5936457211697,554.434829457497,16831.238270047408,21038.910929572507,True,1,14
708,allmetal0708 26-02-14 04-24-05.fits,2026-02-14 04:24:05,677.7727157345524,564.1233442752936,4.119675588952632,7.884730770187131,9.70109465589034,18.567122067308972,888.7955878487842,476.1414850325413,16845.061606660234,21056.10009496762,True,1,15
709,allmetal0709 26-02-14 04-25-05.fits,2026-02-14 04:25:05,676.9294826068043,566.4959984831901,4.40566632150466,5.231031824226385,10.374551365596941,12.318138595883104,797.6878791606533,579.4852049072089,16850.942062004488,21064.86000368151,True,1,16
710,allmetal0710 26-02-14 04-26-05.fits,2026-02-14 04:26:05,677.3328363527434,565.7637387929907,4.137899548898278,6.4468343279853935,9.744008802070187,15.181134702533635,881.3610981710667,568.8846860914308,16850.703412156206,21063.329030692883,True,1,15
711,allmetal0711 26-02-14 04-27-05.fits,2026-02-14 04:27:05,677.9383112390824,567.911279545171,4.213329464892427,4.273363332542688,9.92163268024821,10.063001635171782,882.0679247790662,633.3776249981315,16869.81270269714,21089.737722398506,True,1,15
712,allmetal0712 26-02-14 04-28-05.fits,2026-02-14 04:28:05,676.9734057556766,566.4269180695119,3.986968176790485,6.014544947048057,9.388592581606732,14.163171003048374,934.6624640322477,556.9665822979737,16843.679786080465,21055.521527859753,True,1,9
713,allmetal0713 26-02-14 04-29-05.fits,2026-02-14 04:29:05,677.7929369283796,567.832507278492,4.372187072889695,4.785857885622073,10.295713759865848,11.269834081732293,824.1531353589558,668.5507396453766,16807.61229435926,21010.503730572276,True,1,10
714,allmetal0714 26-02-14 04-30-06.fits,2026-02-14 04:30:06,678.1432747024837,568.636940660226,4.017266109228178,5.4875670954099895,9.459938760234005,12.922232994723707,895.7684851896292,617.4372058280074,16854.921716360506,21069.166964476208,True,1,5
715,allmetal0715 26-02-14 04-31-05.fits,2026-02-14 04:31:05,677.205605729189,568.8276275377256,4.2869245753204535,5.9020825088194675,10.094935921500394,13.898342199194637,847.529133844932,533.1210673996118,16859.716159241652,21075.83675059896,True,1,16
716,allmetal0716 26-02-14 04-32-05.fits,2026-02-14 04:32:05,677.8178288058484,569.3146041709699,4.193074178025276,4.94562640142291,9.87393512471559,11.646060185304949,893.7133863630462,594.8717438493052,16860.756753787206,21077.917447249278,True,1,11
717,allmetal0717 26-02-14 04-33-05.fits,2026-02-14 04:33:05,678.1633890125634,569.416094214048,4.449841779817336,6.516455609485774,10.47857662033006,15.345080291771474,821.0828541706061,569.1406247936426,16842.562937790935,21053.068816528,True,1,11
718,allmetal0718 26-02-14 04-34-05.fits,2026-02-14 04:34:05,677.3016007705093,570.7474577634523,4.178036639866444,6.5208163794497915,9.838524428431256,15.35534912029451,877.4923591128797,504.0916544575064,16859.39625888696,21075.173329519414,True,1,14
719,allmetal0719 26-02-14 04-35-05.fits,2026-02-14 04:35:05,677.5217425342338,570.830868503072,4.398250246199149,5.892958593825318,10.357087842812064,13.876857021277255,825.3050634189522,594.4242824747681,16873.820464477605,21092.586413540663,True,1,15
720,allmetal0720 26-02-14 04-36-05.fits,2026-02-14 04:36:05,677.1177777760464,572.3090488592425,4.347519852625926,6.228823464983597,10.23762689513353,14.667758352302506,838.0870507896162,512.7132474823517,16811.010038270593,21014.864092913307,True,1,9
721,allmetal0721 26-02-14 04-37-05.fits,2026-02-14 04:37:05,676.7783915874479,571.7427476365191,4.193540886185864,6.925165080402661,9.875034138447322,16.307517546480554,870.9152653696057,524.965939118709,16844.693160276296,21055.907435149486,True,1,15
722,allmetal0722 26-02-14 04-38-05.fits,2026-02-14 04:38:05,677.7197314951088,570.5590159580954,4.469087447896503,7.048014252323219,10.523896705302894,16.596805239034538,834.2204315063411,564.3331622919118,16826.150608039705,21032.078189503765,True,1,9
723,allmetal0723 26-02-14 04-39-05.fits,2026-02-14 04:39:05,677.6970608904669,571.4726772732745,4.236265820292885,5.156587447144601,9.975643669705162,12.142835484491078,869.0894045383388,594.6373394347656,16796.23778310243,20996.803639713275,True,1,9
724,allmetal0724 26-02-14 04-40-05.fits,2026-02-14 04:40:05,678.358670886539,572.9398400178964,4.130147391341747,6.2912699731368456,9.72575386606383,14.814808641443966,894.8991008886542,558.9572536684145,16822.416670690738,21028.460267400103,True,1,14
725,allmetal0725 26-02-14 04-41-06.fits,2026-02-14 04:41:06,678.0812389494323,574.5324195653046,4.608831898604242,5.291887078150844,10.852969739011316,12.46144176766987,808.541768737511,639.2133329909818,16827.224388616796,21034.872038006535,True,1,15
726,allmetal0726 26-02-14 04-42-06.fits,2026-02-14 04:42:06,678.4139509517213,572.7692375535726,4.3839041315723835,7.395451507747624,10.323305324520645,17.414957452498463,833.0246702561795,506.94404449941044,16846.12190894756,21057.414501755793,True,1,16
727,allmetal0727 26-02-14 04-43-06.fits,2026-02-14 04:43:06,678.3344750027006,572.5398009840602,4.3170771187364885,6.995438273259628,10.16593973514514,16.472998269648464,857.0232832276412,536.3497857405247,16824.025693324485,21029.904420042065,True,1,13
728,allmetal0728 26-02-14 04-44-06.fits,2026-02-14 04:44:06,678.3178630217337,573.0371510457787,4.067280392574082,6.512913499823703,9.577713397194797,15.336739260937529,907.9563737183468,610.8223978241554,16841.322062078416,21050.954148019657,True,1,4
729,allmetal0729 26-02-14 04-45-06.fits,2026-02-14 04:45:06,677.5697898915411,573.7355844867288,4.2708345807959605,6.297505365634482,10.057046879869679,14.829491868686036,869.8210119669242,567.3055066450911,16784.1931427578,20980.589644550113,True,1,12
730,allmetal0730 26-02-14 04-46-06.fits,2026-02-14 04:46:06,677.8196867979265,573.003465250631,4.330723157408562,5.422818561128555,10.198073700545404,12.769761848311411,855.358332133997,563.7975527519053,16841.633317492415,21053.625298127834,True,1,15
731,allmetal0731 26-02-14 04-47-06.fits,2026-02-14 04:47:06,677.3004343502602,573.7590363540722,4.484085974389033,4.986036234870972,10.559215536133431,11.741218071124807,815.6271074183793,608.1939170297425,16872.326096052144,21091.937214460228,True,1,17
732,allmetal0732 26-02-14 04-48-06.fits,2026-02-14 04:48:06,677.4754969615659,573.6755869041721,4.341832226015646,4.271494275485872,10.224233557982991,10.058600342149083,869.1163155502804,673.4649420669481,16798.947730279706,21000.880056939986,True,1,9
733,allmetal0733 26-02-14 04-49-06.fits,2026-02-14 04:49:06,678.734746365644,572.9392188745027,4.4123327249355535,6.502381947289972,10.390249546024272,15.311939349925805,833.5560639913462,572.1316093240705,16878.92875386149,21098.55741771135,True,1,8
734,allmetal0734 26-02-14 04-50-06.fits,2026-02-14 04:50:06,678.4237728915975,574.3268341188897,4.106173780431913,5.276077817797853,9.669300326541581,12.424213804493533,885.1908720772402,676.4463048024136,16858.34299922869,21073.08973185078,True,1,9
735,allmetal0735 26-02-14 04-51-06.fits,2026-02-14 04:51:06,679.4211146791156,572.9754248787629,4.285748985891515,7.086059292556105,10.092167619948404,16.686394462388943,845.6049695435939,554.1878944929923,16851.360822027196,21063.45942379224,True,1,12
736,allmetal0736 26-02-14 04-52-06.fits,2026-02-14 04:52:06,678.5508636776356,571.6667106861113,4.371231577398283,6.962709694467997,10.293463739929733,16.395928356264555,822.6695374587941,559.5774256725472,16824.814817615275,21030.28392298054,True,1,5
737,allmetal0737 26-02-14 04-53-06.fits,2026-02-14 04:53:06,678.9645820383507,572.835790255056,4.54382124745178,6.244249880561443,10.699881354536986,14.704084784928197,816.8686732680342,536.2299133453301,16870.864167733187,21089.46965061958,True,1,16
738,allmetal0738 26-02-14 04-54-06.fits,2026-02-14 04:54:06,679.0940622689984,572.2884907819096,4.470231580180467,7.089496219409033,10.52659093093934,16.694487806635525,815.5078110251652,555.5534858966553,16786.282081739864,20982.13516408887,True,1,3
739,allmetal0739 26-02-14 04-55-06.fits,2026-02-14 04:55:06,679.1520244282005,573.296353836091,4.386572080055005,4.910760076860326,10.329587863086633,11.563956265328422,821.5399833684646,583.5182466647516,16858.41621288883,21074.827354734556,True,1,14
740,allmetal0740 26-02-14 04-56-06.fits,2026-02-14 04:56:06,677.8821614988441,573.0679844055563,4.221164831220681,6.081746881475288,9.940083557938143,14.321419465302474,856.4025618224391,586.3458393461318,16842.7644513575,21053.575533240295,True,1,13
741,allmetal0741 26-02-14 04-57-06.fits,2026-02-14 04:57:06,678.399521869184,572.8796758247796,4.461386706581535,3.6103745075449067,10.505762845292809,8.501782260435489,827.7136837089761,798.1068633187414,16845.484098722973,21058.841053861088,True,1,2
742,allmetal0742 26-02-14 04-58-06.fits,2026-02-14 04:58:06,679.1358627114488,571.1430028412136,4.357144341666398,6.624428520258537,10.260290834849213,15.599337066379512,839.4396895772419,564.1546057737083,16858.7311382411,21073.218968864992,True,1,15
743,allmetal0743 26-02-14 04-59-06.fits,2026-02-14 04:59:06,678.5690178440547,571.0312519524348,4.163985263146263,5.4838761584685365,9.805435964870293,12.913541502429029,861.1338986486898,613.7527419827957,16852.947547266976,21066.72297932142,True,1,14
744,allmetal0744 26-02-14 05-00-06.fits,2026-02-14 05:00:06,677.9786393324899,569.5217414884247,4.5249307515780535,7.386484796199158,10.655397636192959,17.393842460406123,783.3628982906525,587.5010327298437,16834.387381108754,21041.038396029937,True,1,7
745,allmetal0745 26-02-14 05-01-06.fits,2026-02-14 05:01:06,678.2110539249447,569.1597317690478,4.526943161111362,6.011261277889981,10.660136498500805,14.155438553093688,789.0352537055281,626.5853781947131,16853.96213279554,21066.976184648476,True,1,8
746,allmetal0746 26-02-14 05-02-06.fits,2026-02-14 05:02:06,678.5879562710196,569.8299525756069,4.256596610230196,6.569511808023312,10.023519021380856,15.470018091600808,841.8166719260448,559.3848474961967,16875.19145631561,21093.765066825574,True,1,14
747,allmetal0747 26-02-14 05-03-06.fits,2026-02-14 05:03:06,678.6027605766993,569.6443236127096,4.232220297532499,6.386648522094666,9.966117191616377,15.039407960395808,877.1548932748348,523.5117506990642,16844.737978057285,21056.82531693846,True,1,16
748,allmetal0748 26-02-14 05-04-06.fits,2026-02-14 05:04:06,678.7239519153812,568.7296342918817,4.359359207167278,7.68056345651805,10.265506444527734,18.0863447845409,830.6679773790278,541.8823327777246,16839.021912173503,21047.453622308094,True,1,4
749,allmetal0749 26-02-14 05-05-07.fits,2026-02-14 05:05:07,678.3977602968235,570.5004537434216,4.464739882507059,5.552807119185694,10.51365897117675,13.075861510449032,825.6671119769671,623.5348541839753,16866.41999483101,21083.573367658126,True,1,14
750,allmetal0750 26-02-14 05-06-07.fits,2026-02-14 05:06:07,677.7897561848484,570.1960189827576,3.7810307950021893,5.08750007546013,8.903647106950462,11.980147156789982,940.4694661436343,627.4854722545621,16850.087945463296,21063.500009116025,True,1,11
751,allmetal0751 26-02-14 05-07-07.fits,2026-02-14 05:07:07,676.9863525183508,570.6555196554776,4.119238567002667,7.159919211565768,9.700065547842444,16.86032128019726,861.113466189974,520.8020887605833,16863.768483697637,21079.26565584041,True,1,15
752,allmetal0752 26-02-14 05-08-07.fits,2026-02-14 05:08:07,677.2315060357597,569.3899687293973,4.4054929114342,5.299065283878451,10.374143016087011,12.478345150404595,817.832745833244,625.4476796930182,16826.246662267215,21033.514952848574,True,1,13
753,allmetal0753 26-02-14 05-09-07.fits,2026-02-14 05:09:07,677.121255221957,567.6278856712977,4.464236625512746,8.203499297735172,10.512473891518738,19.3177645857041,804.8317642458503,436.2898793336326,16859.624833027105,21074.564958413004,True,1,17
754,allmetal0754 26-02-14 05-10-07.fits,2026-02-14 05:10:07,678.007707375909,570.0898160685691,4.359085801816775,4.792056410286006,10.26486262412795,11.284430491860542,841.9940364776862,697.5797908349376,16870.258485507362,21088.62474455924,True,1,11
755,allmetal0755 26-02-14 05-11-07.fits,2026-02-14 05:11:07,678.377658412098,570.649898708101,4.57305853346886,6.671539323081906,10.768729901712307,15.710274529205483,790.7706530174894,502.6483793893147,16860.47767917643,21076.24040663759,True,1,16
756,allmetal0756 26-02-14 05-12-07.fits,2026-02-14 05:12:07,677.8922415892172,571.0137990853082,4.398338937426866,5.3556750256338255,10.35729669469291,12.611650905034175,811.2495449780155,570.1750291175878,16869.25544777453,21087.82869040827,True,1,15
757,allmetal0757 26-02-14 05-13-07.fits,2026-02-14 05:13:07,677.6597786780566,569.4223302373211,3.8892734357589935,6.33192431247585,9.158539047131669,14.910542294636945,891.8670609399217,555.48189961647,16853.680641587212,21066.981946469987,True,1,14
758,allmetal0758 26-02-14 05-14-07.fits,2026-02-14 05:14:07,678.4689855661862,569.586665911487,4.191437222300452,6.141332748144749,9.870080388561949,14.461733458536262,853.1478893458042,546.8929270364429,16868.54102210723,21086.208114554134,True,1,15
759,allmetal0759 26-02-14 05-15-07.fits,2026-02-14 05:15:07,677.011928009906,568.787652871707,3.963796153667198,6.917104061059304,9.334026637072094,16.288535296547433,925.6225475097061,517.2708748500692,16845.707213485806,21057.35668235341,True,1,16
760,allmetal0760 26-02-14 05-16-07.fits,2026-02-14 05:16:07,676.4478031827382,568.8059474667256,4.012666626477966,6.552277589293289,9.44910780605703,15.429434607874903,905.9889297363826,536.2183357684685,16807.21665976975,21009.31941734518,True,1,13
761,allmetal0761 26-02-14 05-17-07.fits,2026-02-14 05:17:07,677.5122676174004,569.7493364797472,4.297070384504604,5.466385672148312,10.11882747634029,12.872354554644824,848.3216008749563,568.008548197747,16853.545776479594,21068.254916981048,True,1,12
762,allmetal0762 26-02-14 05-18-07.fits,2026-02-14 05:18:07,675.3005415666216,570.5937055126179,4.236827155272624,4.004856713612103,9.97696551256743,9.430716866690553,848.1602242613895,629.746731905652,16831.033914498366,21041.415204637276,True,1,15
763,allmetal0763 26-02-14 05-19-07.fits,2026-02-14 05:19:07,675.4187896065357,569.6929965355911,4.141717194711606,3.9798640422944187,9.752998670956242,9.3718636232928,892.6074688619469,603.7052106809327,16811.527481594654,21017.577551545455,True,1,16
764,allmetal0764 26-02-14 05-20-07.fits,2026-02-14 05:20:07,675.7158056609636,569.9810638823587,4.564425410297574,7.944259430340583,10.748400450217341,18.707301349492155,775.8262212755048,441.6073061150885,16859.901973162247,21074.958143403037,True,1,16
765,allmetal0765 26-02-14 05-21-07.fits,2026-02-14 05:21:07,675.8144925590111,568.897897860597,4.101352160422997,6.710419791321125,9.657946279095063,15.801831035175384,879.1497233332157,516.1494808065796,16851.73659676219,21065.01864566275,True,1,17
766,allmetal0766 26-02-14 05-22-07.fits,2026-02-14 05:22:07,675.3080220095554,569.918311952648,4.142431578833761,7.92613532830195,9.754680917006942,18.664622350713394,865.2823942095812,455.4203895017393,16868.567428909188,21085.64723110804,True,1,15
767,allmetal0767 26-02-14 05-23-07.fits,2026-02-14 05:23:07,675.9142981396095,569.6588211184214,4.207551336772894,6.163924422912639,9.908026228329577,14.514932787130508,876.7120664489713,559.4932394090745,16859.256657789527,21074.6586485242,True,1,13
768,allmetal0768 26-02-14 05-24-07.fits,2026-02-14 05:24:07,675.2578428048225,568.0839986588392,4.469246454743707,8.206865822686478,10.524271137813987,19.32569214614153,805.7945803446506,448.1039148281784,16860.376479051432,21075.283986882427,True,1,16
769,allmetal0769 26-02-14 05-25-07.fits,2026-02-14 05:25:07,676.1160768698256,569.2218795012031,3.675318866925774,5.680037625179291,8.654714539717249,13.375466456302185,993.9579801375683,584.3899430542672,16873.87500380658,21093.160748237864,True,1,17
770,allmetal0770 26-02-14 05-26-07.fits,2026-02-14 05:26:07,675.4517690217269,567.8788331755325,4.165723645136828,8.207958005968171,9.809529541627596,19.32826404122611,845.6399357445812,444.7969064959982,16828.614761618377,21035.45470226829,True,1,13
771,allmetal0771 26-02-14 05-27-08.fits,2026-02-14 05:27:08,675.904952620707,569.5008172290444,4.131805441200628,4.7051002904773345,9.729658275107184,11.07966447789697,886.7837453185743,595.9176385479166,16865.70911650085,21084.24197717899,True,1,14
772,allmetal0772 26-02-14 05-28-08.fits,2026-02-14 05:28:08,675.874583904367,569.7051440709128,3.6410570530623425,4.851814075014958,8.574034133652521,11.425149038608517,971.5269632924536,593.0117466776388,16874.726633188326,21095.02438708073,True,1,16
773,allmetal0773 26-02-14 05-29-08.fits,2026-02-14 05:29:08,675.5406507989433,567.6378768732997,4.02045854910773,8.330941327219055,9.467456381654928,19.617867631312173,883.2969826087658,429.81492869914916,16878.303370327067,21097.806990548437,True,1,16
774,allmetal0774 26-02-14 05-30-08.fits,2026-02-14 05:30:08,674.6461548574384,568.7844605398981,3.9869326723130656,7.557377019840274,9.388508974951616,17.796262894176134,887.0883240365005,449.9466186599735,16860.72160454367,21076.23576219821,True,1,15
775,allmetal0775 26-02-14 05-31-08.fits,2026-02-14 05:31:08,676.7925888059868,569.7357543143015,4.110351562212315,5.551828115474166,9.679138250821836,13.073556132884965,899.1872123861746,527.9395851778891,16866.428564961003,21084.908200883263,True,1,16
776,allmetal0776 26-02-14 05-32-08.fits,2026-02-14 05:32:08,675.247945567444,570.4827962775253,3.8877828198245235,7.741641851194688,9.155028914849735,18.230173412643754,886.1968900661471,490.80317653737484,16825.644383372997,21031.188241203978,True,1,15
777,allmetal0777 26-02-14 05-33-08.fits,2026-02-14 05:33:08,675.2464881624818,571.557472738843,3.8164301172692445,4.698303894086399,8.987006140605434,11.063660187441618,930.4729783548081,638.255454302845,16863.706835693723,21080.98567229369,True,1,13
778,allmetal0778 26-02-14 05-34-08.fits,2026-02-14 05:34:08,674.8393173724726,571.2833028026832,3.8067964002738877,8.253985125195149,8.964320470716611,19.436649624196825,905.260419417162,458.0910996555764,16843.460783405113,21053.506098751583,True,1,15
779,allmetal0779 26-02-14 05-35-08.fits,2026-02-14 05:35:08,675.5460375041547,571.5078312569117,3.907470953734045,7.325638451690119,9.20139092722913,17.25056026868938,919.1454083608835,452.1222435168551,16853.345593251957,21067.366051101224,True,1,17
780,allmetal0780 26-02-14 05-36-08.fits,2026-02-14 05:36:08,675.5881349957209,572.8265411691431,3.968570286134989,5.906727335992988,9.345268859904882,13.909279931328548,896.7505811116113,533.3430877565763,16819.90809914167,21025.885096044134,True,1,14
781,allmetal0781 26-02-14 05-37-08.fits,2026-02-14 05:37:08,675.7032252486451,571.8537791900026,3.7722397804059122,7.602072046137804,8.882945849562988,17.901511638014746,949.9253754308244,440.09093628669154,16867.74834597798,21085.26739922613,True,1,16
782,allmetal0782 26-02-14 05-38-08.fits,2026-02-14 05:38:08,675.8609832411926,573.8241165927714,4.116712067137177,6.096530820321318,9.69411609531542,14.356232980841616,865.5364316336003,526.7659071274082,16860.71989975534,21076.76084194322,True,1,15
783,allmetal0783 26-02-14 05-39-09.fits,2026-02-14 05:39:09,675.8603626613775,571.4561903690649,4.090673434211942,7.688124390245454,9.632799800557873,18.10414942284134,860.7406167639809,421.87183492930103,16866.63682800781,21083.975580038914,True,1,16
784,allmetal0784 26-02-14 05-40-08.fits,2026-02-14 05:40:08,675.8007982876402,573.4707924243532,4.0720609201810305,6.8010557006659615,9.588970679429464,16.015262291300214,875.18398616523,462.3477112257064,16857.395993646176,21072.77151009181,True,1,15
785,allmetal0785 26-02-14 05-41-08.fits,2026-02-14 05:41:08,676.580209106209,571.9302221134518,3.9573082674227904,8.603460150653557,9.318748832493883,20.25960041938399,879.7510834335928,395.67591328544927,16845.30961595639,21056.826153532307,True,1,16
786,allmetal0786 26-02-14 05-42-08.fits,2026-02-14 05:42:08,675.7915499138364,575.7879275886227,3.67868834269313,5.576478418978413,8.662649048795465,13.131603161692864,975.7642832133915,565.5862290682578,16827.231543636983,21035.105611332783,True,1,15
787,allmetal0787 26-02-14 05-43-08.fits,2026-02-14 05:43:08,675.7993599500423,574.6583607641604,4.18695726032673,6.648846415866551,9.85953088430525,15.656836816414737,858.3767232238442,482.5695589461651,16862.01735267821,21078.465239988964,True,1,16
788,allmetal0788 26-02-14 05-44-08.fits,2026-02-14 05:44:08,676.4192237829808,576.380831847381,4.137435012470624,6.231822098621318,9.7429149023787,14.674819594900319,856.9676810420021,489.7204889252666,16866.695608003538,21084.578265667482,True,1,17
789,allmetal0789 26-02-14 05-45-08.fits,2026-02-14 05:45:08,676.5937221469632,575.8415078129624,4.122470723580225,7.086145656568633,9.707676694939956,16.686597834096816,854.0239569624486,485.8966269251923,16872.8937046917,21091.30697485093,True,1,15
790,allmetal0790 26-02-14 05-46-08.fits,2026-02-14 05:46:08,676.5724102096577,576.0810818563564,4.172389631531363,6.464466658291278,9.82522674000935,15.222655667378538,839.7079775020859,515.6423091173767,16844.39359772741,21055.908715134377,True,1,16
791,allmetal0791 26-02-14 05-47-08.fits,2026-02-14 05:47:08,676.8319352996663,574.9266881837879,3.93825226258841,9.000792736639893,9.273875370331679,21.195247157408595,891.1114379058383,432.59807070629347,16861.099362884135,21075.43347393748,True,1,14
792,allmetal0792 26-02-14 05-48-08.fits,2026-02-14 05:48:08,676.018313894147,576.2752412772571,3.9325884691914377,6.079177227807661,9.260538156109574,14.315368393337158,893.519566789472,495.69815661442465,16851.720388599882,21065.875423555783,True,1,17
793,allmetal0793 26-02-14 05-49-08.fits,2026-02-14 05:49:08,676.7215990210531,574.958701535206,4.264121408417684,7.714301857497307,10.041238566987566,18.165792647454143,844.6571948783819,431.38429446364404,16863.099863071853,21079.545283752024,True,1,15
794,allmetal0794 26-02-14 05-50-08.fits,2026-02-14 05:50:08,677.249368225943,577.0848853407718,4.072412850229947,7.010281369033782,9.5897994113631,16.507951089107756,866.0094412442112,413.81061932799463,16849.17090140622,21062.995556277572,True,1,18
795,allmetal0795 26-02-14 05-51-08.fits,2026-02-14 05:51:08,676.2468397297308,577.659320209365,4.168013127618494,5.155732843500678,9.814920860868169,12.14082304669981,850.4272213819734,492.9941076261323,16855.124238995577,21071.36014431565,True,1,15
796,allmetal0796 26-02-14 05-52-08.fits,2026-02-14 05:52:08,675.9456566666915,576.1033346608642,4.075611915876797,7.94127723631792,9.597332635273673,18.700278819229418,851.5565759984896,411.0310812803242,16832.653484762362,21041.322348735725,True,1,15
797,allmetal0797 26-02-14 05-53-08.fits,2026-02-14 05:53:08,676.9053610187258,577.8809236894625,3.6700511724172347,7.05510728162126,8.64231006709744,16.613508046605553,942.3459799134224,495.6173190978336,16838.196040206538,21047.651601480553,True,1,16
798,allmetal0798 26-02-14 05-54-08.fits,2026-02-14 05:54:08,677.1372898682185,576.2525433408888,3.979733129838255,8.779130626067,9.37155534801688,20.67327277620768,901.4331818602715,365.31239882259837,16861.38090824591,21077.657157344507,True,1,16
799,allmetal0799 26-02-14 05-55-08.fits,2026-02-14 05:55:08,677.3647182395061,578.9555242866709,4.1727273757658505,5.269927057388964,9.826022066902816,12.409729870590498,884.745724909042,560.2492034397535,16843.279705428922,21055.909422924098,True,1,16
800,allmetal0800 26-02-14 05-56-08.fits,2026-02-14 05:56:08,677.2125616071926,577.3786823422795,3.7515454752726303,8.860964890480398,8.83421448501715,20.86597774241871,921.3511455954979,379.3865735238094,16854.87333016832,21068.82362278456,True,1,16
801,allmetal0801 26-02-14 05-57-08.fits,2026-02-14 05:57:08,676.9512053553902,580.4213339217226,4.1106566381227925,5.1449404216810395,9.679856649691084,12.115408835464496,868.491301927227,526.9146237608,16841.926689654076,21054.511396702663,True,1,15
802,allmetal0802 26-02-14 05-58-08.fits,2026-02-14 05:58:08,677.2526481170136,579.9968558731352,4.197826764885094,6.779329863172506,9.88512661151884,15.964101853675539,842.7702755558962,515.8294107254022,16865.510969849725,21081.988649137915,True,1,15
803,allmetal0803 26-02-14 05-59-08.fits,2026-02-14 05:59:08,677.593014314526,576.8098678312092,4.03129664141602,9.140361706754593,9.492978138672386,21.523906965899016,888.8339322785058,411.03521025281077,16848.319036523473,21059.973214101923,True,1,15
804,allmetal0804 26-02-14 06-00-08.fits,2026-02-14 06:00:08,677.8402311763623,579.667519134403,4.096702837939408,5.535624371560371,9.646997961314895,13.035399231912214,888.2479898195265,529.2651385425233,16826.16926585721,21034.447312327924,True,1,17
805,allmetal0805 26-02-14 06-01-08.fits,2026-02-14 06:01:08,677.7775749339215,579.7418887318586,4.172479653088652,6.570530812797943,9.825438724576939,15.472417664470093,881.9454526544333,507.1280901922656,16831.44207810296,21040.153966804774,True,1,15
806,allmetal0806 26-02-14 06-02-08.fits,2026-02-14 06:02:08,677.6719738549959,580.629800352997,3.974980425234864,5.706087122263196,9.360363583948706,13.43680833419834,919.9288511857484,536.5293068840709,16857.03438628859,21072.75000018342,True,1,14
807,allmetal0807 26-02-14 06-03-08.fits,2026-02-14 06:03:08,677.6889174059647,578.6553121681512,4.054820700270821,7.876123304365374,9.54837306400416,18.54685303425498,897.0639691061534,426.60461377915436,16779.265864228186,20974.76147724273,True,1,14
808,allmetal0808 26-02-14 06-04-08.fits,2026-02-14 06:04:08,677.9803726073395,580.2740706178131,4.226815977280878,5.771497847206134,9.953390989958093,13.590838820453975,847.7873713372151,506.2023499829325,16861.01769136747,21077.892354224423,True,1,18
809,allmetal0809 26-02-14 06-05-08.fits,2026-02-14 06:05:08,677.4328678484935,581.557498264239,3.8026018612232346,5.122221575228858,8.954443086080468,12.061910040438919,959.2110419869476,480.3252039599437,16850.766468065805,21066.364122952575,True,1,17
810,allmetal0810 26-02-14 06-06-08.fits,2026-02-14 06:06:08,677.9429155766582,579.8429187828474,4.239922979552914,7.866987471414578,9.98425562163855,18.525339791694392,829.421758178342,456.243615809319,16844.047640246627,21054.88188705988,True,1,16
811,allmetal0811 26-02-14 06-07-08.fits,2026-02-14 06:07:08,678.775971393084,579.546570766385,4.048373048275286,8.397505162577279,9.53319000384169,19.774613485087855,897.07874446177,429.90549312682424,16835.325511330833,21044.209704087534,True,1,16
812,allmetal0812 26-02-14 06-08-08.fits,2026-02-14 06:08:08,678.9955273192588,580.7970000196694,4.422494919818485,7.8405642909160305,10.414179686236109,18.46311795660294,820.6750256283207,491.7208295904102,16772.394035384914,20964.93947616363,True,1,16
813,allmetal0813 26-02-14 06-09-08.fits,2026-02-14 06:09:08,679.2917643908422,580.7888722294784,4.314006644075539,4.114800521125044,10.158709319865775,9.689614748449051,870.1101488130938,601.5639125136647,16790.449974440267,20991.191703231332,True,1,14
814,allmetal0814 26-02-14 06-10-08.fits,2026-02-14 06:10:08,679.2054411685056,582.0008277849342,4.119251791885898,5.546187063002645,9.70009669006257,13.060272469449956,879.6431833698744,493.6104181425987,16847.62367439358,21061.6979636024,True,1,15
815,allmetal0815 26-02-14 06-11-08.fits,2026-02-14 06:11:08,678.4755875815304,581.0457558677948,3.8024010899268035,7.203705613803839,8.953970305807166,16.96343037788726,955.1005199088412,493.9804536741835,16846.849796964096,21058.741395408335,True,1,15
816,allmetal0816 26-02-14 06-12-08.fits,2026-02-14 06:12:08,678.1925306624928,581.2000859942782,4.229074693830248,6.403639840717004,9.958709860964593,15.079419458079196,850.8296819559782,536.228204812904,16802.955933045414,21004.097372064633,True,1,13
817,allmetal0817 26-02-14 06-13-08.fits,2026-02-14 06:13:08,678.6574936506453,583.3856707418389,4.186505405472803,4.208396403966461,9.858466847437779,9.910016209496387,883.8303098138166,668.7951878658816,16836.585213589035,21047.899371246647,True,1,10
818,allmetal0818 26-02-14 06-14-08.fits,2026-02-14 06:14:08,678.591060789783,582.0075206049523,3.9268686285848653,5.416133393454361,9.247068960794834,12.754019481467827,919.3079579633749,564.6978557436137,16800.91567809735,21002.494658406857,True,1,12
819,allmetal0819 26-02-14 06-15-08.fits,2026-02-14 06:15:08,678.4971310849132,581.3139732813733,4.2439830543506725,7.728215808271181,9.993816367156636,18.19855749764204,878.204317682714,481.87181754341754,16829.559050979722,21036.956340549892,True,1,15
820,allmetal0820 26-02-14 06-16-08.fits,2026-02-14 06:16:08,679.1538981881853,581.1851050213554,4.1819474858902455,7.312330900434671,9.847733767041133,17.219223380242774,908.5989788770653,529.6848411602007,16798.41447765154,20997.838134820275,True,1,13
821,allmetal0821 26-02-14 06-17-08.fits,2026-02-14 06:17:08,678.8955202946859,581.9687239459464,4.135255533828087,6.679705409833724,9.73778262238354,15.729504193978125,910.6832799088315,532.4300440716535,16808.659584631234,21011.33714556668,True,1,14
822,allmetal0822 26-02-14 06-18-08.fits,2026-02-14 06:18:08,678.7315491436717,581.8439025412009,4.052112133816039,5.694789956348015,9.541994877423141,13.410205541449232,918.8078819810628,575.7149451729294,16828.46682872375,21036.671708443184,True,1,12
823,allmetal0823 26-02-14 06-19-08.fits,2026-02-14 06:19:08,678.6772916308662,581.2392849456677,4.41557506723984,7.1808555975715045,10.397884678675258,16.909622701634074,835.8644138614181,524.0418883291416,16790.359750819654,20987.772836435084,True,1,16
824,allmetal0824 26-02-14 06-20-08.fits,2026-02-14 06:20:08,679.1296793469184,582.5997010303906,4.171584299658135,4.641751929111959,9.823330328371371,10.93049048673392,891.0018382653639,674.5465223989804,16794.512609559803,20994.574758060673,True,1,8
825,allmetal0825 26-02-14 06-21-08.fits,2026-02-14 06:21:08,679.4913358719223,583.2825401963422,3.9487385647550166,5.001183967927538,9.298568724871854,11.776888256563188,949.640480717432,613.8436562912482,16820.391749825136,21027.15409071258,True,1,14
826,allmetal0826 26-02-14 06-22-08.fits,2026-02-14 06:22:08,678.7331006739055,583.0126501820105,4.124001258770362,4.1568095054973835,9.711280829885316,9.788538346920427,883.6169747523443,618.3019731554746,16818.594337908486,21025.87163611851,True,1,8
827,allmetal0827 26-02-14 06-23-08.fits,2026-02-14 06:23:08,678.5352678824005,581.3703800062601,4.168763520938636,7.674858959920534,9.816687902100096,18.072911721606257,856.2619123008743,486.17763454502483,16799.862856607906,20999.43252500751,True,1,13
828,allmetal0828 26-02-14 06-24-08.fits,2026-02-14 06:24:08,679.0468397455428,582.6045832129017,4.281467070426054,6.418273006455299,10.082084479579207,15.113877930081992,861.327141868968,562.3760929360385,16866.147810249033,21082.87633504776,True,1,13
829,allmetal0829 26-02-14 06-25-08.fits,2026-02-14 06:25:08,679.7516449522811,583.2849596826552,4.672406552059573,6.568074664986544,11.002676607323826,15.466633878370251,787.6390995199132,528.6343818121923,16809.829048112064,21012.79561585189,True,1,15
830,allmetal0830 26-02-14 06-26-08.fits,2026-02-14 06:26:08,679.2290468735184,583.6584338734702,4.06782974088935,6.547654972540896,9.579007013619293,15.418549177285874,917.2569675504722,519.1917424482039,16859.534496361746,21075.23022095007,True,1,13
831,allmetal0831 26-02-14 06-27-08.fits,2026-02-14 06:27:08,679.2390412913306,583.2309698806785,4.255877594422586,6.543703841376198,10.021825868544402,15.409244974418694,862.6411333498504,539.4413487427039,16847.78470934812,21060.076895963546,True,1,14
832,allmetal0832 26-02-14 06-28-08.fits,2026-02-14 06:28:08,678.2364421843974,582.809820356661,4.503770211600073,6.882022980700021,10.605568372489131,16.20592566531605,815.8504396132234,588.6749174196365,16786.399717014927,20982.077110585255,True,1,8
833,allmetal0833 26-02-14 06-29-08.fits,2026-02-14 06:29:08,678.8945448520873,583.7471796091066,4.390685766464095,6.1501029488087795,10.33927485430173,14.482385702858865,859.1819999556006,550.0664240039664,16805.667968797974,21008.038245980617,True,1,15
834,allmetal0834 26-02-14 06-30-08.fits,2026-02-14 06:30:08,678.8350134747633,582.6205169573074,4.370800211641932,7.380889260400942,10.292447951199938,17.380665980545796,838.9312315328442,506.6740241136123,16763.63413546033,20954.364209008247,True,1,8
835,allmetal0835 26-02-14 06-31-08.fits,2026-02-14 06:31:08,679.38608754291,583.9358081739751,4.381397973552075,5.560947536255883,10.317403773378407,13.095030727740825,842.4388199758736,581.0606308960682,16829.61162912129,21038.14010074055,True,1,13
836,allmetal0836 26-02-14 06-32-08.fits,2026-02-14 06:32:08,679.3056903089696,583.5984592926478,4.664544219274435,6.842206648195785,10.98416222848068,16.11216536741546,791.1839683406631,527.8034657495514,16867.492388069753,21084.559289141933,True,1,16
837,allmetal0837 26-02-14 06-33-08.fits,2026-02-14 06:33:08,679.294210276646,584.2029830528596,4.191762746344682,6.1331580056055355,9.870846939106439,14.442483410941954,879.0029712081393,560.8184077443954,16856.082928025375,21070.703351226482,True,1,4
838,allmetal0838 26-02-14 06-34-09.fits,2026-02-14 06:34:09,678.6705318903909,584.1450209245957,3.9242586047443426,6.797809298330917,9.240922824337163,16.007617598007418,921.5288948863442,547.9982371258616,16868.27830923031,21085.081386342812,True,1,17
839,allmetal0839 26-02-14 06-35-09.fits,2026-02-14 06:35:09,679.9329004979967,585.3188140720364,4.444059332526991,4.65020045816272,10.46495999754142,10.950385252293678,825.6138527804038,610.5679044276616,16822.03045934422,21029.569358090863,True,1,14
840,allmetal0840 26-02-14 06-36-09.fits,2026-02-14 06:36:09,678.8816497855656,584.5768401878764,4.557939065328435,5.330527989433998,10.733126275065029,12.552434160117702,808.419946199781,630.519644408833,16837.81152692081,21048.056851349203,True,1,8
841,allmetal0841 26-02-14 06-37-09.fits,2026-02-14 06:37:09,679.6163167635646,585.3446775731348,4.531519924588292,4.619243611033201,10.670913952877644,10.877487448142126,817.0827631312061,707.060286477476,16776.68194601802,20971.921037272263,True,1,7
842,allmetal0842 26-02-14 06-38-09.fits,2026-02-14 06:38:09,679.2706258361303,584.1257123983261,4.134435708390434,7.049222557706499,9.735852081009527,16.599650580771602,893.0443814944905,526.2810848079597,16851.95776593691,21064.90403191122,True,1,17
843,allmetal0843 26-02-14 06-39-09.fits,2026-02-14 06:39:09,679.531199084941,584.2751552777307,4.3629990141391914,6.2267576121197905,10.274077534945238,14.662893640568731,826.6891104422174,604.1667410771593,16826.33983077446,21032.544985116467,True,1,5
844,allmetal0844 26-02-14 06-40-09.fits,2026-02-14 06:40:09,678.8663124363349,584.5859919840274,4.4466028275407705,4.273738694340819,10.470949470584303,10.06388554465816,861.0649184080033,683.8121438509692,16847.27545883976,21061.313030484125,True,1,4
845,allmetal0845 26-02-14 06-41-09.fits,2026-02-14 06:41:09,679.3531434642198,584.7869851428027,4.438400257441196,5.584675366058151,10.451633894093055,13.150905496984288,836.3113222063923,600.1447514444795,16853.96694190102,21068.340576678394,True,1,12
846,allmetal0846 26-02-14 06-42-09.fits,2026-02-14 06:42:09,678.6232512733884,585.3855058208385,4.224379300005375,4.04821662952593,9.947653053466468,9.53282166583529,864.1414936530558,728.7866860540037,16808.137226651997,21011.885477254014,True,1,4
847,allmetal0847 26-02-14 06-43-09.fits,2026-02-14 06:43:09,679.3339455813676,585.4733395238405,4.49123439261555,4.964235154853695,10.576048774663498,11.6898804508968,864.6335973139128,616.7548970765156,16859.961000181273,21076.962319550414,True,1,16
848,allmetal0848 26-02-14 06-44-09.fits,2026-02-14 06:44:09,679.4956409362694,584.5409425796216,4.583428104850042,5.296916267003522,10.793148376259095,12.473284602390402,827.978484541828,574.9907718259954,16868.100309521404,21086.959587363395,True,1,17
849,allmetal0849 26-02-14 06-45-10.fits,2026-02-14 06:45:10,678.8749325096373,584.7787750294167,4.486865548338644,5.126528817690727,10.56576093258662,12.072052821326938,828.9030163159705,636.5120261942316,16851.28391195894,21065.221316543215,True,1,4
850,allmetal0850 26-02-14 06-46-09.fits,2026-02-14 06:46:09,679.3037252506515,585.3632524604436,4.434488837631353,6.420043128174968,10.442423204320304,15.118046248189616,832.644618787041,561.1080221046839,16837.449720998746,21047.032498468867,True,1,12
851,allmetal0851 26-02-14 06-47-09.fits,2026-02-14 06:47:09,679.1792071652812,585.0133070954543,4.216855498432657,7.073930024782781,9.929935854708194,16.657832219504773,883.3707348626727,560.7475488989694,16841.3763222637,21051.12889195435,True,1,13
852,allmetal0852 26-02-14 06-48-09.fits,2026-02-14 06:48:09,678.8904840333652,585.0135252952662,3.9104240950589317,6.2298025116927604,9.208345043616783,14.670063831118267,934.8665320711071,610.4194896257543,16836.398794781973,21045.138488125936,True,1,13
853,allmetal0853 26-02-14 06-49-09.fits,2026-02-14 06:49:09,679.8306724641922,584.5033644761655,4.312419298235105,7.2310812358539405,10.154971406062325,17.02789504143603,845.6553169859475,543.8025999428819,16822.609982109338,21027.563704864304,True,1,14
854,allmetal0854 26-02-14 06-50-09.fits,2026-02-14 06:50:09,679.861452151656,583.9181710700909,4.798719298864946,6.965062093777803,11.300120395444038,16.401467833313205,769.1065219085524,577.6186210358827,16831.55056333997,21038.624472197578,True,1,11
855,allmetal0855 26-02-14 06-51-09.fits,2026-02-14 06:51:09,679.720697631875,584.536797776788,4.404170798739062,4.50708678394203,10.37102967861071,10.613378303520767,827.693037160057,648.2870316106677,16828.77780011403,21037.743084100148,True,1,11
856,allmetal0856 26-02-14 06-52-09.fits,2026-02-14 06:52:09,679.3393262749254,583.5024105037786,4.311136496145402,7.590982514056068,10.151950637987685,17.87539778557866,852.5148995694207,482.4182151542657,16838.404194378352,21048.03775042354,True,1,15
857,allmetal0857 26-02-14 06-53-09.fits,2026-02-14 06:53:09,679.261805384616,584.8934782839502,4.32543059632098,7.474291464152611,10.185610671606817,17.60061136219029,841.7595186604282,477.1375140555234,16850.25190288369,21062.997753573596,True,1,15
858,allmetal0858 26-02-14 06-54-09.fits,2026-02-14 06:54:09,679.4175401640215,585.4381976633018,4.366765015075671,5.610489507909857,10.282945789440067,13.211693155661957,844.7609105813999,594.0235670137292,16839.7885688633,21050.607423844776,True,1,10
859,allmetal0859 26-02-14 06-55-09.fits,2026-02-14 06:55:09,679.138640442716,585.2568956125976,4.27561880496586,5.150539855461005,10.06831286684488,12.128594494370384,880.9252575094505,649.9160146584616,16838.462330544317,21049.103775911513,True,1,12
860,allmetal0860 26-02-14 06-56-09.fits,2026-02-14 06:56:09,678.7790448253464,583.698623490976,4.343333554689067,6.245463395500063,10.227768916837341,14.706942394230603,830.875739002071,628.0657106547052,16775.421995222092,20968.50937172521,True,1,9
861,allmetal0861 26-02-14 06-57-09.fits,2026-02-14 06:57:09,678.2176863538884,582.7134482227247,3.8796529005035905,7.301430806304834,9.135884417868319,17.19355562009311,923.7594321759333,530.7367617579773,16808.28014081811,21009.63717783203,True,1,13
862,allmetal0862 26-02-14 06-58-09.fits,2026-02-14 06:58:09,679.2985118648996,584.0494619761312,4.175648950400067,6.4538439501437095,9.832901849414522,15.19764110130013,888.4944357631242,546.033307073502,16826.761958345072,21033.907819746695,True,1,15
863,allmetal0863 26-02-14 06-59-09.fits,2026-02-14 06:59:09,678.4844511067856,584.6640713274074,3.9163245833109364,5.762120810051559,9.222239631628073,13.568757585399382,939.2448596909378,600.5830918985622,16820.441132246135,21026.084454208045,True,1,3
864,allmetal0864 26-02-14 07-00-09.fits,2026-02-14 07:00:09,678.533585935724,583.6965488704092,4.32196095539024,7.412190606687214,10.17744029159405,17.454375018217164,834.3417450146394,493.5268557540389,16772.046185447478,20964.93014174115,True,1,11
865,allmetal0865 26-02-14 07-01-09.fits,2026-02-14 07:01:09,678.4054668010673,584.1048140272396,4.005512378413285,6.117913066981148,9.432260839307197,14.406584323883981,908.7177947423917,549.0048179832736,16831.570447594786,21040.15119900084,True,1,14
866,allmetal0866 26-02-14 07-02-09.fits,2026-02-14 07:02:09,677.9443099494082,585.8142447910506,4.126458579809513,4.9291460178706865,9.717067378725384,11.607251847766374,904.0744145279313,636.8422261365173,16854.25836587924,21069.270969162557,True,1,13
867,allmetal0867 26-02-14 07-03-09.fits,2026-02-14 07:03:09,677.7518619872585,585.3597412165103,4.055542619824875,5.915552288766439,9.550073054640947,13.930061107015922,906.6680466227895,562.4339193104016,16860.172695598365,21076.0724402885,True,1,16
868,allmetal0868 26-02-14 07-04-09.fits,2026-02-14 07:04:09,677.8651147354562,584.563878285555,4.252561683322399,7.065190863889819,10.014017494618141,16.637253068257273,867.1028724816126,524.197123421669,16841.408623207317,21051.72125976795,True,1,14
869,allmetal0869 26-02-14 07-05-09.fits,2026-02-14 07:05:09,677.3512807225658,585.9488300639609,4.077588415286024,3.7012570716186937,9.601986935701511,8.715794344060251,869.599872844602,666.6775426740471,16841.434235204397,21054.43240429546,True,1,14
870,allmetal0870 26-02-14 07-06-09.fits,2026-02-14 07:06:09,677.1290647737017,584.7741295607557,4.3730230689132386,4.661333361006976,10.297682380059653,10.976601235070714,838.4391632299016,629.4317259316965,16825.837822525624,21034.090405185376,True,1,16
871,allmetal0871 26-02-14 07-07-09.fits,2026-02-14 07:07:09,677.4839960740369,583.0420345591157,3.8423108901134295,7.319356685227307,9.047950703279813,17.235767839104547,938.1033000479066,475.56945243449155,16864.910857164905,21081.441183336836,True,1,15
872,allmetal0872 26-02-14 07-08-09.fits,2026-02-14 07:08:09,677.0008534753304,584.8629568911907,4.395291267958793,5.0881636515768545,10.350119981538864,11.981709759131048,813.4175352627103,622.634792911793,16857.114285199365,21072.389484223117,True,1,5
873,allmetal0873 26-02-14 07-09-09.fits,2026-02-14 07:09:09,677.5395672243764,584.0060681130004,4.690330422262177,5.301279005020267,11.04488409616145,12.483558065323452,776.8516258314951,617.7992359765204,16859.33329809413,21075.068824448117,True,1,11
874,allmetal0874 26-02-14 07-10-09.fits,2026-02-14 07:10:09,677.0391920582454,584.9474378033766,4.241581594066346,6.3217144149181035,9.98816136034176,14.88649982321025,868.780082606795,551.8325770352046,16868.71802403719,21086.37847379767,True,1,17
875,allmetal0875 26-02-14 07-11-09.fits,2026-02-14 07:11:09,677.5092558361898,584.3563799105652,4.139288196642552,5.850051084328288,9.747278817613891,13.775817557831292,892.8923401094362,568.7481887237461,16874.642699589916,21094.20598774036,True,1,15
876,allmetal0876 26-02-14 07-12-09.fits,2026-02-14 07:12:09,676.6425513925102,584.772040731521,4.111924285188418,3.9650946707342447,9.682841730411244,9.337084411090391,861.1170089680675,671.563028089721,16833.633914379356,21044.191721345946,True,1,12
877,allmetal0877 26-02-14 07-13-09.fits,2026-02-14 07:13:09,676.6331308584539,585.7373639506732,4.30476433711097,4.0146759495273425,10.136945350163279,9.453839400250645,850.7822880938804,678.1370192692008,16826.222407312554,21035.078812023603,True,1,13
878,allmetal0878 26-02-14 07-14-09.fits,2026-02-14 07:14:09,676.8913963238592,583.2427033148906,3.7746448170344347,7.993162199806458,8.888609278024868,18.822458571287925,962.5320914577088,456.59188929059525,16845.81865321545,21057.233180421947,True,1,16
879,allmetal0879 26-02-14 07-15-09.fits,2026-02-14 07:15:09,676.6400570019372,584.9938075858566,3.8119983361590752,6.6333624211945885,8.976570093612018,15.620374795384048,967.8942599725749,549.3104243292012,16856.939465601485,21071.2865334169,True,1,13
880,allmetal0880 26-02-14 07-16-09.fits,2026-02-14 07:16:09,676.7676795470956,585.5292654165863,4.137118567212605,6.152675492699246,9.742169730741963,14.488443580778858,889.7686440079694,605.2159415676366,16838.937425657427,21048.56745609114,True,1,13
881,allmetal0881 26-02-14 07-17-09.fits,2026-02-14 07:17:09,676.6711565180001,582.4738812627584,3.912861327639792,8.344377158582471,9.214084287752595,19.6495065963284,922.5365102282722,445.6628815534886,16803.518499960133,21004.131252787072,True,1,13
882,allmetal0882 26-02-14 07-18-09.fits,2026-02-14 07:18:09,676.9248022230814,584.8815105064535,4.407623161618665,7.385511926635234,10.37915937192232,17.391551527655793,823.6101709788647,473.7202621544327,16850.626195397126,21063.60463207107,True,1,14
883,allmetal0883 26-02-14 07-19-09.fits,2026-02-14 07:19:09,677.1933250879307,584.3008893337181,4.137953352554321,7.1598325906035525,9.744135499997935,16.860117303419116,874.0486485781988,499.5063396262495,16864.037574745216,21080.145840152258,True,1,15
884,allmetal0884 26-02-14 07-20-09.fits,2026-02-14 07:20:09,677.2500703264197,583.6264547371205,4.266296374760719,7.667831413610636,10.046360221329412,18.056363114688327,874.9429189222543,477.695135955311,16834.553393511018,21043.36279974636,True,1,14
885,allmetal0885 26-02-14 07-21-09.fits,2026-02-14 07:21:09,676.7577210972088,585.4183770597183,3.861584645092534,6.14879331922255,9.093336927847623,14.479301760857647,932.2422888005265,585.8694566524326,16858.065083895082,21072.575338707637,True,1,9
886,allmetal0886 26-02-14 07-22-09.fits,2026-02-14 07:22:09,676.6946592747685,586.3922357080979,4.128510870400908,4.756507186904706,9.72190015374823,11.200718468056975,886.3970259910392,608.4267264739934,16861.091401898262,21078.238137285996,True,1,15
887,allmetal0887 26-02-14 07-23-09.fits,2026-02-14 07:23:09,676.3506348365701,583.6134647755516,4.182640453708734,6.587595805508218,9.849365581550671,15.512602651372553,863.7509115977363,539.6617739982255,16849.186839743244,21061.62475767996,True,1,10
888,allmetal0888 26-02-14 07-24-09.fits,2026-02-14 07:24:09,675.0515270595272,585.4335171639102,4.10377178987331,5.604785396648071,9.663644071026207,13.198261000123619,894.6326318159066,594.6046948672835,16849.708003726686,21062.964190522922,True,1,15
889,allmetal0889 26-02-14 07-25-09.fits,2026-02-14 07:25:09,674.2193808353034,583.1916865931271,3.960788720338811,6.893429466239404,9.326944672786315,16.232785886107546,902.3377780459145,499.68502362766293,16826.985458993888,21034.048642427573,True,1,14
890,allmetal0890 26-02-14 07-26-09.fits,2026-02-14 07:26:09,674.6311421248746,583.072434022158,4.392104764044446,6.054214833984517,10.34261633824779,14.256586447990461,812.201846275682,563.1293981776798,16836.018879773364,21045.410289303843,True,1,14
891,allmetal0891 26-02-14 07-27-09.fits,2026-02-14 07:27:09,675.5242498746763,584.0965502986443,3.763308579931064,7.811638555114353,8.861914479658626,18.39500305411988,934.5694651183542,497.8760598500063,16825.64765988754,21031.148585489947,True,1,16
892,allmetal0892 26-02-14 07-28-09.fits,2026-02-14 07:28:09,674.4732442767736,585.0879657747121,4.157946199116733,6.3631476894646015,9.791215055840329,14.984067728643614,872.2828165368403,535.8521064126915,16848.69898228482,21061.40540454455,True,1,15
893,allmetal0893 26-02-14 07-29-09.fits,2026-02-14 07:29:09,674.7318478163683,584.4207382038896,4.065594876831426,6.638629896494489,9.573744310937776,15.63277875180696,892.8219764604478,501.61760526245223,16867.768991567933,21085.445110743458,True,1,16
894,allmetal0894 26-02-14 07-30-09.fits,2026-02-14 07:30:09,674.5922025884898,586.2402969343235,3.9674558370573783,4.822325423841597,9.342644532877758,11.355708571724561,902.3933874576,591.8596069165402,16858.00996455532,21074.28977820261,True,1,14
895,allmetal0895 26-02-14 07-31-09.fits,2026-02-14 07:31:09,676.289715642567,585.2948898325582,3.773876985853709,5.101839541939063,8.886801173769294,12.013914019889624,941.1317759512748,613.8608609166931,16827.279038577344,21035.126652707277,True,1,16
896,allmetal0896 26-02-14 07-32-09.fits,2026-02-14 07:32:09,676.0195948477698,585.7827911585731,3.8380208634658386,7.840578248775576,9.037848462536349,18.463150824850384,939.8256396759614,515.1213745440424,16827.127668213587,21032.852642326572,True,1,14
897,allmetal0897 26-02-14 07-33-09.fits,2026-02-14 07:33:09,676.2402594313768,584.3344286836666,3.842570491742968,7.447833611565473,9.048562018400773,17.538307880569626,938.5050367646454,504.0111192170631,16839.732357217617,21049.304337326037,True,1,15
898,allmetal0898 26-02-14 07-34-09.fits,2026-02-14 07:34:09,676.7523706778248,586.0002578017355,4.21084015240524,6.989263765262351,9.915770797305036,16.45845841444827,866.8027135375572,462.4028971721297,16860.015537364055,21076.042909001982,True,1,15
899,allmetal0899 26-02-14 07-35-09.fits,2026-02-14 07:35:09,675.2221648645143,586.5836403047958,4.001210789151775,5.020518884618857,9.422131370688705,11.82241850595691,932.7265572235718,601.974160380223,16877.803261038625,21098.991612557966,True,1,17
900,allmetal0900 26-02-14 07-36-09.fits,2026-02-14 07:36:09,675.4100519274047,587.5198206693574,4.132316566327832,5.2984651928797355,9.730861882802243,12.476932044091976,877.4213917792081,573.705405989179,16873.623835883292,21093.464312801912,True,1,15
901,allmetal0901 26-02-14 07-37-09.fits,2026-02-14 07:37:09,675.6092853018037,586.6692315445174,3.99982806265746,6.911624466822127,9.418875298623094,16.275631838199093,908.5555078446988,476.7134907738323,16879.478709258077,21100.17871009523,True,1,15
902,allmetal0902 26-02-14 07-38-09.fits,2026-02-14 07:38:09,675.3704299034627,588.018524311736,4.394138842162719,5.373617886507411,10.347406226173858,12.653903113484496,812.9097178409389,571.0392281010081,16865.23611571505,21082.777631136396,True,1,17
903,allmetal0903 26-02-14 07-39-09.fits,2026-02-14 07:39:09,675.5374773134125,587.6603019353022,3.9962989344450732,6.5063019586118775,9.410564836767081,15.321170271163375,919.5737839580115,534.881088762149,16789.729228494012,20987.638367393298,True,1,10
904,allmetal0904 26-02-14 07-40-09.fits,2026-02-14 07:40:09,676.1577270882416,587.5099537933532,4.0791124609448115,6.020447317280584,9.605575788968368,14.177070022785122,894.0855837340833,535.2780970183192,16866.008700831662,21083.54990786129,True,1,14
905,allmetal0905 26-02-14 07-41-09.fits,2026-02-14 07:41:09,675.0861681404647,586.4004818312138,4.051840871049697,7.433420136811432,9.541356102423487,17.504366741300263,866.1967375017732,468.2212421700871,16873.30508472139,21091.70284896516,True,1,15
906,allmetal0906 26-02-14 07-42-09.fits,2026-02-14 07:42:09,676.6357340732882,585.5723330798454,3.788544340747238,8.643744596925451,8.92134015508016,20.354463040968017,946.7990033762941,423.2472032418167,16837.378710479323,21046.54848536235,True,1,14
907,allmetal0907 26-02-14 07-43-09.fits,2026-02-14 07:43:09,676.6898392494977,585.6542315996188,4.124822413864433,8.180036815312453,9.713214502360914,19.262514661788895,872.098989517892,425.60062653308376,16869.23439278748,21086.826515738132,True,1,16
908,allmetal0908 26-02-14 07-44-09.fits,2026-02-14 07:44:09,676.6213882961816,586.7249123818328,4.252995605848018,6.744582330968582,10.01503930407946,15.882277668326381,863.9431875032639,491.3805631618843,16856.99826480082,21072.129532390565,True,1,17
909,allmetal0909 26-02-14 07-45-09.fits,2026-02-14 07:45:09,676.1441473803281,586.7588271352657,4.311341232909502,5.336572315627894,10.152432756223742,12.566667460597795,827.2868692083144,547.1679531615599,16850.39263191295,21064.573869158325,True,1,16
910,allmetal0910 26-02-14 07-46-09.fits,2026-02-14 07:46:09,675.8115615065838,586.8901578627066,3.951812199453145,7.25552291906498,9.30580658147011,17.08545080699568,880.1989537154869,442.9331815845493,16821.292181192814,21027.263104450245,True,1,16
911,allmetal0911 26-02-14 07-47-09.fits,2026-02-14 07:47:09,676.0478213428906,586.2501436426624,3.72463872207722,6.377696969826308,8.770853923245896,15.018328665680137,964.3098655616722,509.4749599193492,16838.248381658996,21048.64870176773,True,1,16
912,allmetal0912 26-02-14 07-48-09.fits,2026-02-14 07:48:09,676.3818895426303,586.892612745909,4.376860363178884,7.815061291154542,10.306718517515076,18.403062981556168,847.5582450150933,419.2050205164397,16822.59086034122,21029.299807292955,True,1,15
913,allmetal0913 26-02-14 07-49-09.fits,2026-02-14 07:49:09,676.379045120104,588.0212473255748,4.404574186180497,5.411504336471381,10.371979583443714,12.743118885294715,841.3606970975833,508.2274833349796,16863.845974752086,21082.14656475014,True,1,16
914,allmetal0914 26-02-14 07-50-09.fits,2026-02-14 07:50:09,676.0994484620941,589.2300371097648,4.374016729919052,5.349239428556557,10.30002227291411,12.596496232034882,820.4870701913707,523.3320941905023,16826.61261863782,21035.198118096916,True,1,15
915,allmetal0915 26-02-14 07-51-09.fits,2026-02-14 07:51:09,676.5286946558676,586.9526176854083,3.4218180590099507,8.222424449579247,8.057765755805528,19.36232991262178,1076.6412580059032,473.9385946786785,16836.179222420593,21044.702987666493,True,1,17
916,allmetal0916 26-02-14 07-52-09.fits,2026-02-14 07:52:09,676.3986713327995,586.8826795972451,4.159870245755606,9.57648592570374,9.795745839433122,22.55090101880393,867.5665230660443,388.08954960192835,16877.491147171815,21096.600615666495,True,1,16
917,allmetal0917 26-02-14 07-53-09.fits,2026-02-14 07:53:09,676.0936771654522,586.0850362424102,4.100731704346548,10.612325457716656,9.656485216689179,24.990116712223426,865.2907629731137,383.9132153182114,16833.61302152754,21040.728969729073,True,1,16
918,allmetal0918 26-02-14 07-54-09.fits,2026-02-14 07:54:09,675.961659288926,589.8215313376021,4.163019691338682,5.6813335691630975,9.803162217022884,13.37851817117249,843.1629713355418,553.0684882679229,16867.95349524504,21085.84253555729,True,1,15
919,allmetal0919 26-02-14 07-55-09.fits,2026-02-14 07:55:09,676.5834368165113,589.5822785645124,4.001235362740378,7.119752983689185,9.422189237067723,16.765737041660202,886.4494998032533,472.1486847712366,16871.566607422348,21089.911878404044,True,1,17
920,allmetal0920 26-02-14 07-56-09.fits,2026-02-14 07:56:09,676.5129780464395,589.8284705553017,4.134713127377779,7.36824759052359,9.7365053528018,17.350897122915946,871.9542288958205,474.5618971439479,16857.25929821663,21071.839940484548,True,1,16
921,allmetal0921 26-02-14 07-57-09.fits,2026-02-14 07:57:09,676.7026574336129,589.6421543155844,4.266624158223639,6.607708265742772,10.047132092398325,15.559963875887771,857.2276412708251,509.93748042578665,16873.025067878167,21091.986201767362,True,1,16
922,allmetal0922 26-02-14 07-58-09.fits,2026-02-14 07:58:09,676.5664800567524,590.9436012607426,4.271194259644726,7.684701997049424,10.057893858832525,18.096090302741352,858.6680849642555,432.1112278366664,16865.671753937364,21082.938842560943,True,1,16
923,allmetal0923 26-02-14 07-59-09.fits,2026-02-14 07:59:09,676.250984333704,590.1755696701726,4.464381601730658,7.689818366750493,10.512815284422729,18.10813843267122,822.7571719968888,464.96954663402107,16870.68273336231,21088.59225778306,True,1,16
924,allmetal0924 26-02-14 08-00-09.fits,2026-02-14 08:00:09,676.855778464639,591.463556478772,4.277988659677598,6.998662232427874,10.07389344822389,16.48059011332221,849.2455203993889,468.9241566916864,16880.246298655533,21101.167619694894,True,1,17
925,allmetal0925 26-02-14 08-01-09.fits,2026-02-14 08:01:09,676.1800541750031,591.4976681736401,3.852257412889674,8.002647132295706,9.07137297449167,18.844793880439372,913.617011558071,440.5332835450987,16865.299962581277,21081.610401768998,True,1,16
926,allmetal0926 26-02-14 08-02-09.fits,2026-02-14 08:02:09,676.683239546361,592.0527083342268,4.134460553526583,7.959060039679797,9.735910586834152,18.74215412104281,856.4569215483313,432.8432403091833,16854.77426636651,21068.702736357314,True,1,15
927,allmetal0927 26-02-14 08-03-09.fits,2026-02-14 08:03:09,676.5010584378551,591.2755987616533,4.215780530781344,7.1131730920832705,9.927404499335124,16.750242581012465,840.213502508198,518.1534479753916,16821.95400960975,21027.091095824282,True,1,14
928,allmetal0928 26-02-14 08-04-09.fits,2026-02-14 08:04:09,676.3455363972987,593.2371857406189,4.017724124167996,5.001283630008723,9.461017302995213,11.777122942829692,903.2442615368262,602.8462770696975,16884.973812822307,21107.720217425354,True,1,15
929,allmetal0929 26-02-14 08-05-09.fits,2026-02-14 08:05:09,676.1757036889256,592.2340409797417,3.993737403315185,7.075730448021501,9.404532891916451,16.66207189223685,894.1454810744223,480.0323572348624,16835.864746012776,21045.257849216185,True,1,16
930,allmetal0930 26-02-14 08-06-09.fits,2026-02-14 08:06:09,676.5181082224218,591.8406046125107,4.142001434517156,7.257860032627342,9.753668004547945,17.090954288859844,868.7406817615292,477.8551009892069,16853.111981590046,21066.708494284572,True,1,17
931,allmetal0931 26-02-14 08-07-09.fits,2026-02-14 08:07:09,676.7038657392802,593.3545254063401,4.112092546825568,6.9851461233149665,9.683237956287215,16.44876210865231,887.844958551893,487.1443018129497,16867.491054090126,21084.971201285094,True,1,16
932,allmetal0932 26-02-14 08-08-09.fits,2026-02-14 08:08:09,676.1883498420365,591.8700833573079,3.6233868853978297,6.907501851113647,8.532424068637068,16.265923820090805,999.5136349930307,487.1837703485326,16841.38041670559,21052.35316151319,True,1,16
933,allmetal0933 26-02-14 08-09-09.fits,2026-02-14 08:09:09,677.5068028117169,595.1426636069887,3.808802913349713,4.507388488169816,8.969045447928183,10.614088762684029,932.8832845599591,618.5402063471636,16837.205880612568,21048.38038846829,True,1,14
934,allmetal0934 26-02-14 08-10-09.fits,2026-02-14 08:10:09,677.2827940081904,595.0198256671813,4.22518034786469,6.108740977056392,9.949539377022612,14.384985702674339,851.6401852601482,557.5039475799942,16790.015871734322,20987.99151206608,True,1,14
935,allmetal0935 26-02-14 08-11-09.fits,2026-02-14 08:11:09,677.7384279436743,594.7711951589566,3.850066403306009,5.569467616224267,9.066213541205201,13.115093982835642,917.8549993154486,574.7213965440727,16855.84771112707,21070.624563535435,True,1,15
936,allmetal0936 26-02-14 08-12-09.fits,2026-02-14 08:12:09,677.7277419996176,595.1440354433614,4.378183317441131,4.6708349389994,10.309833836730476,10.9989757413867,838.3022580786081,582.4414906978853,16832.867242357006,21043.40893326823,True,1,17
937,allmetal0937 26-02-14 08-13-10.fits,2026-02-14 08:13:10,677.5281465836995,594.2715253961917,3.877786106567044,8.505814396955252,9.131488454086597,20.029662241263065,940.3945336576297,420.7824592076854,16856.968911608754,21071.376496989087,True,1,16
938,allmetal0938 26-02-14 08-14-10.fits,2026-02-14 08:14:10,676.6458785732422,595.2416612830992,4.4460030267937825,6.009508288174449,10.469537047762271,14.151310577772819,831.6896945619044,613.0438473142442,16807.24394797611,21009.088232988688,True,1,14
939,allmetal0939 26-02-14 08-15-10.fits,2026-02-14 08:15:10,677.4069849883672,593.5406413868808,4.184157631433281,6.675846380934332,9.852938262068308,15.720416875371484,862.3500386459301,540.0274230168275,16853.629345753143,21067.04419318152,True,1,14
940,allmetal0940 26-02-14 08-16-10.fits,2026-02-14 08:16:10,677.3814034366359,595.0928931028423,4.284145379364645,4.89451170155556,10.088391415154588,11.525694265461572,843.6983870213148,609.4230559211587,16842.725566834073,21054.953279560177,True,1,15
941,allmetal0941 26-02-14 08-17-10.fits,2026-02-14 08:17:10,676.9404261539113,595.3388927292948,4.123309494357291,5.9141884701463106,9.709651849178977,13.926849559591457,890.0938380110599,562.4659620869486,16755.797923765498,20945.588502443756,True,1,15
942,allmetal0942 26-02-14 08-18-10.fits,2026-02-14 08:18:10,678.2152797722133,594.4818343721254,4.080267647110515,7.463159347867997,9.608296044507108,17.574397231619667,881.8617846452721,484.64848548759045,16828.16060128419,21035.15478831643,True,1,16
943,allmetal0943 26-02-14 08-19-10.fits,2026-02-14 08:19:10,677.5814738254862,594.3530846150983,4.313878689403894,5.327139624242418,10.15840800964013,12.544455169844685,854.3507149938255,651.4952736263843,16809.41223257957,21012.291484493595,True,1,5
944,allmetal0944 26-02-14 08-20-10.fits,2026-02-14 08:20:10,677.9308097833446,595.1480544732567,4.088974988753823,5.041819204031492,9.628800267147703,11.872576925075345,930.8506669871743,654.9329535824044,16782.812662933095,20979.749979674536,True,1,8
945,allmetal0945 26-02-14 08-21-10.fits,2026-02-14 08:21:10,677.5816084328679,593.6672255389741,4.067485305732022,7.770969699565766,9.578195930806606,18.2992352178656,883.7045661841292,496.38859550611613,16812.567216106683,21015.06531255166,True,1,16
946,allmetal0946 26-02-14 08-22-10.fits,2026-02-14 08:22:10,678.801675260593,594.7904787294053,4.310203518855734,5.236424292432282,10.149753644364417,12.330836888106544,872.8360503490372,625.238409896152,16834.352196241252,21044.135024325482,True,1,14
947,allmetal0947 26-02-14 08-23-10.fits,2026-02-14 08:23:10,678.5151561064937,595.9369950474514,4.18985763714956,4.64518105380703,9.866360749785793,10.938565458302783,873.2624692717243,651.5689178342337,16851.381745781277,21065.77470652856,True,1,6
948,allmetal0948 26-02-14 08-24-10.fits,2026-02-14 08:24:10,678.0778774632083,596.5756236581768,4.5620887406552235,5.157105287378055,10.74289801370492,12.144054905052938,836.6492677624556,588.6779530764289,16745.625414246748,20933.94354678534,True,1,15
949,allmetal0949 26-02-14 08-25-10.fits,2026-02-14 08:25:10,678.1783486055599,596.2466093804093,4.541972794420024,5.137390578915394,10.695528580285508,12.097630314383123,801.2134308972624,564.6795050857486,16817.383714896354,21023.536448763836,True,1,15
950,allmetal0950 26-02-14 08-26-10.fits,2026-02-14 08:26:10,678.5701183686708,594.3097814468957,4.555968888536593,6.424488852898588,10.728486863263344,15.128515129883485,812.9747894734849,545.5347257886345,16834.542757806892,21043.66583486774,True,1,13
951,allmetal0951 26-02-14 08-27-10.fits,2026-02-14 08:27:10,677.7875053043405,594.4241417277265,4.226103619946307,7.661365478683961,9.95171351662742,18.041137001513125,878.9129153236328,473.25841930495574,16828.360497997626,21035.66743435042,True,1,14
952,allmetal0952 26-02-14 08-28-10.fits,2026-02-14 08:28:10,678.060259404046,593.6905554315045,4.448155908863663,6.174114677379409,10.474606697615014,14.538929002612825,818.9601795025036,586.1345764764442,16789.62242006962,20987.086775316082,True,1,14
953,allmetal0953 26-02-14 08-29-10.fits,2026-02-14 08:29:10,678.4436735033959,594.9604502162103,4.015462345478988,6.535021034905305,9.455691221200912,15.388798527693911,916.461234368876,579.2732507104661,16816.2262256873,21020.02441503956,True,1,4
954,allmetal0954 26-02-14 08-30-10.fits,2026-02-14 08:30:10,678.6982150298273,594.6458067278139,4.048322604753049,7.0628429665743795,9.533071218424386,16.631724192595204,920.6507697890894,576.0542285907609,16810.63638083661,21012.459551681877,True,1,6
955,allmetal0955 26-02-14 08-31-10.fits,2026-02-14 08:31:10,678.6193769528717,594.8418501765673,4.467550470402354,6.637955981744634,10.52027739989091,15.631191803845358,870.251195575672,557.1921669654607,16831.82695479787,21040.24701351849,True,1,5
956,allmetal0956 26-02-14 08-32-10.fits,2026-02-14 08:32:10,678.8988318394029,596.298451679946,4.56511129013557,6.293362357142246,10.750015573808337,14.819735829241784,805.9162878687273,535.8989912356163,16817.371773484894,21022.46496977003,True,1,15
957,allmetal0957 26-02-14 08-33-10.fits,2026-02-14 08:33:10,678.9290554211415,597.4074300001625,4.553530242186257,3.628751791865669,10.722744289954832,8.545057457927252,852.0642280709393,727.3749554675856,16847.02932216896,21061.823092748167,True,1,10
958,allmetal0958 26-02-14 08-34-10.fits,2026-02-14 08:34:10,678.3315429814496,595.9571741249057,4.376779945347252,5.991125511419508,10.306529147993173,14.108022446586954,859.7742045727904,617.802493539587,16829.95035255746,21037.588999838204,True,1,15
959,allmetal0959 26-02-14 08-35-10.fits,2026-02-14 08:35:10,679.2958617641294,594.483314771188,4.303917254318674,7.500524058013497,10.13495062262418,17.66238440004706,874.2100606342754,478.3822065832493,16774.52401679025,20968.581956811242,True,1,14
960,allmetal0960 26-02-14 08-36-10.fits,2026-02-14 08:36:10,679.2927070415778,597.0880637896478,4.408467023106566,6.080110903217123,10.38114651386926,14.317567030906911,849.8391629225953,604.0398636947652,16820.128865162947,21025.34187827041,True,1,13
961,allmetal0961 26-02-14 08-37-10.fits,2026-02-14 08:37:10,678.8556741595576,597.4999827798342,4.472996963144537,5.746112969235116,10.533102910175318,13.53106200096716,840.8389350496416,626.1201897776098,16834.336246539493,21043.3200778248,True,1,8
962,allmetal0962 26-02-14 08-38-10.fits,2026-02-14 08:38:10,679.1915168929337,595.2935776885697,4.404844935462856,6.630656247189487,10.372617149280993,15.614002242591493,834.1111710636351,540.169308897561,16800.283844476886,21000.58112019182,True,1,17
963,allmetal0963 26-02-14 08-39-10.fits,2026-02-14 08:39:10,679.0603536217154,596.3929527077961,4.5919837727135455,4.991921980156716,10.8132954344427,11.755077942103624,817.8253985531043,692.3430617494556,16742.8347698861,20929.276157656557,True,1,2
964,allmetal0964 26-02-14 08-40-10.fits,2026-02-14 08:40:10,678.4295059357775,595.8155112221791,4.322787541105923,5.0679373137367145,10.179386752206275,11.934080373347518,837.2102722323045,612.0208277475106,16817.759614343326,21023.46604802368,True,1,13
965,allmetal0965 26-02-14 08-41-10.fits,2026-02-14 08:41:10,678.4865865822887,597.1522271984649,4.632520332937083,4.455138301408954,10.90875173901369,10.49104897554294,808.6461448737035,625.7358778365659,16820.441402907916,21027.89762927236,True,1,14
966,allmetal0966 26-02-14 08-42-10.fits,2026-02-14 08:42:10,677.9447392658143,596.172050530786,4.344003942243767,7.152119016428055,10.22934755888909,16.84195322433182,846.8579667156225,567.0302408638494,16827.597445572075,21033.574657936893,True,1,12
967,allmetal0967 26-02-14 08-43-09.fits,2026-02-14 08:43:09,677.6060130752078,596.4346199442336,3.991590149782143,6.791694920373441,9.39947649625508,15.993219338230256,907.6123225344545,554.3616332595282,16830.167145280866,21037.360748440205,True,1,15
968,allmetal0968 26-02-14 08-44-10.fits,2026-02-14 08:44:10,678.8006313474334,596.7332706146856,4.270559387155374,5.462950571502978,10.056398848368561,12.864265510788492,879.4359522780823,616.6221164730633,16817.474920030123,21022.791241946063,True,1,11
969,allmetal0969 26-02-14 08-45-10.fits,2026-02-14 08:45:10,679.136463494304,596.2692908598151,4.4988853174161525,6.705895264383651,10.59406532574698,15.791176588448739,812.8965643754733,506.2154660832846,16820.974170696794,21026.860282879643,True,1,14
970,allmetal0970 26-02-14 08-46-10.fits,2026-02-14 08:46:10,679.3822480318445,595.6108208823765,4.546929684731988,6.7611938310727,10.70720116495314,15.921394761749593,829.9814323516865,523.8127281131236,16820.265091971105,21025.899928514107,True,1,8
971,allmetal0971 26-02-14 08-47-10.fits,2026-02-14 08:47:10,678.6802077444304,597.7062756988529,4.649944272414788,4.453470386224023,10.949781980959196,10.487121335432052,798.167959084817,635.9735403676659,16827.898287694887,21037.02490572111,True,1,14
972,allmetal0972 26-02-14 08-48-10.fits,2026-02-14 08:48:10,677.921398357941,596.1810515676848,4.171935281133785,6.578404900372865,9.824156826585666,15.490959723727848,869.3861189440921,554.5422001923931,16796.85734572316,20996.0203243969,True,1,4
973,allmetal0973 26-02-14 08-49-10.fits,2026-02-14 08:49:10,678.8746150038949,596.5243789611643,4.359541612459393,4.874270110886535,10.265935976165924,11.47802896201084,847.5500910962479,621.1486975407239,16849.104831454264,21063.014468324407,True,1,9
974,allmetal0974 26-02-14 08-50-10.fits,2026-02-14 08:50:10,678.1688727518236,597.2248386818762,4.328658669713193,5.046659932952424,10.19321220353763,11.883975970570914,859.3899882693266,648.6630762596862,16821.385412475858,21027.824557488675,True,1,1
975,allmetal0975 26-02-14 08-51-10.fits,2026-02-14 08:51:10,678.8068679036433,595.7456439531845,4.6117049735024,7.438812201512617,10.859735313372374,17.517064083342717,802.7700666983354,516.3115276910329,16855.08602689937,21068.518243418577,True,1,12
976,allmetal0976 26-02-14 08-52-10.fits,2026-02-14 08:52:10,678.3914334346845,596.735198125187,3.887045862387743,5.623978800857964,9.15329351270527,13.243458013089455,944.1675223193694,612.7658778238925,16835.44032650386,21044.84834174461,True,1,7
977,allmetal0977 26-02-14 08-53-10.fits,2026-02-14 08:53:10,678.6312644210108,596.3664857463916,4.525110456662726,5.011614197126121,10.65582080932854,11.801449569354277,825.506265132671,636.0010245415782,16852.67380659918,21067.183978180357,True,1,10
978,allmetal0978 26-02-14 08-54-10.fits,2026-02-14 08:54:10,677.8188840959801,598.06072229504,3.922647176530147,6.258943322353658,9.237128200877248,14.738685196191,937.058489767305,551.7563178689254,16801.385360562526,21002.275957991576,True,1,15
979,allmetal0979 26-02-14 08-55-10.fits,2026-02-14 08:55:10,677.8280424132895,597.272194769388,3.839398727395804,6.127466761921675,9.041093084137957,14.429081556234044,940.5142197418256,574.9946139869504,16801.59104881539,21002.20360923724,True,1,12
980,allmetal0980 26-02-14 08-56-10.fits,2026-02-14 08:56:10,677.7745143197302,597.1493658136698,4.23635193731724,5.210820714876985,9.975846459800332,12.270545070454826,844.1323958744033,638.4890052774541,16846.744681423694,21059.040349617557,True,1,4
981,allmetal0981 26-02-14 08-57-10.fits,2026-02-14 08:57:10,677.4183258931291,596.9035640193243,4.1249244375742915,6.846988905169474,9.713454749837956,16.123426721997593,888.2637984684003,526.9450274751673,16865.592704092713,21082.1280452561,True,1,13
982,allmetal0982 26-02-14 08-58-10.fits,2026-02-14 08:58:10,678.305318117132,597.1030667543661,4.420776335765325,5.904693658243536,10.410132730058658,13.904490986199004,862.8229222839655,541.6029333748099,16874.200663724503,21094.259574458356,True,1,14
983,allmetal0983 26-02-14 08-59-10.fits,2026-02-14 08:59:10,677.8469536751317,595.8561377192543,4.224284788540791,6.873565349302562,9.94743049597518,16.18600946536783,875.898827772392,535.2946044360074,16832.714343623964,21040.943511630747,True,1,15
984,allmetal0984 26-02-14 09-00-10.fits,2026-02-14 09:00:10,677.7716696481655,596.0197831683934,4.187621617964871,7.084103259926145,9.861095326988615,16.68178835754318,872.0062292212566,543.5045837531611,16863.327902831457,21078.67370414227,True,1,13
985,allmetal0985 26-02-14 09-01-10.fits,2026-02-14 09:01:10,677.4460986703051,597.1687944916295,4.488160205039013,4.68548045808716,10.568809616136084,11.03346330330444,835.9366276352305,656.0892858777096,16861.31061573309,21078.29725605558,True,1,8
986,allmetal0986 26-02-14 09-02-10.fits,2026-02-14 09:02:10,676.4387604422849,597.1799335370875,4.1326827179776675,6.461779452212143,9.731724104046798,15.216327780638261,911.2872207352452,544.7462178300297,16856.101472767554,21070.729095155097,True,1,13
987,allmetal0987 26-02-14 09-03-10.fits,2026-02-14 09:03:10,677.3103964670548,596.310837754469,4.416964473498853,7.476962897296774,10.401156480384671,17.60690210650713,824.0502113661031,459.1999764518409,16783.205760252396,20979.512391914486,True,1,13
988,allmetal0988 26-02-14 09-04-10.fits,2026-02-14 09:04:10,676.8595902634687,594.2018904502431,4.19286239054143,7.509115953187492,9.873436403303344,17.68261676702759,882.237012125491,521.4322167616787,16860.684168273103,21075.32549757679,True,1,16
989,allmetal0989 26-02-14 09-05-10.fits,2026-02-14 09:05:10,677.0949735760122,596.2541145399579,4.023972794179997,4.502373828301742,9.475731796394255,10.602280141107677,914.5851992892738,691.7732143553892,16848.822610379557,21062.412891954387,True,1,9
990,allmetal0990 26-02-14 09-06-10.fits,2026-02-14 09:06:10,676.0906528492153,594.9711082029046,3.713724167864367,7.260828383129019,8.745152112202893,17.09794422012187,968.3651755916467,543.143331349268,16868.567625183692,21084.85906636102,True,1,15
991,allmetal0991 26-02-14 09-07-10.fits,2026-02-14 09:07:10,676.8145709587287,595.2723939975942,4.088209580418938,7.712119782807213,9.626997868258082,18.160654254234156,890.8241212500324,497.51121310404574,16860.253258887493,21074.839260743614,True,1,15
992,allmetal0992 26-02-14 09-08-10.fits,2026-02-14 09:08:10,676.2626255128996,595.9422528674041,4.176306004251275,5.706582313441248,9.834449092994012,13.437974420310539,856.2869426068474,597.7139635981015,16852.359379507125,21065.853644261086,True,1,12
993,allmetal0993 26-02-14 09-09-10.fits,2026-02-14 09:09:10,677.216907194747,594.592207685639,4.147976514890675,8.575591244893712,9.76773824358218,20.193974161467626,888.151613701325,480.6634257498875,16846.08945400857,21056.539790766576,True,1,14
994,allmetal0994 26-02-14 09-10-10.fits,2026-02-14 09:10:10,676.7200968421865,594.6338918206644,4.167436457415775,7.0157216614771,9.813562906315434,16.52076199880411,844.5440952746345,483.98237178943515,16859.89118093611,21075.16775364981,True,1,15
995,allmetal0995 26-02-14 09-11-10.fits,2026-02-14 09:11:10,676.3244589572826,595.3662929727662,4.138493439747596,6.4632219601132865,9.745407308146723,15.21972462715899,875.7582151504796,520.5842000483204,16876.215764017805,21095.90534184151,True,1,16
996,allmetal0996 26-02-14 09-12-10.fits,2026-02-14 09:12:10,675.7343820001728,596.3774313666089,4.1098062677241005,4.38321335828509,9.677854180430543,10.321678677737154,842.908652289151,598.682219257849,16836.062156432163,21047.134010367074,True,1,14
997,allmetal0997 26-02-14 09-13-10.fits,2026-02-14 09:13:10,675.9464338211047,595.5024341736196,4.679145304821513,5.475424165994358,11.01854515740615,12.893638581130382,773.3061143391949,585.5372617444056,16878.882802332355,21099.612878044187,True,1,16
998,allmetal0998 26-02-14 09-14-10.fits,2026-02-14 09:14:10,675.0187038101433,595.1657831707931,4.166587565766532,8.796322227729396,9.811563919243738,20.713755904408476,863.1217847709178,440.48989378840673,16861.905845057958,21076.700771310578,True,1,16
999,allmetal0999 26-02-14 09-15-11.fits,2026-02-14 09:15:11,675.7562554641586,593.7830487018502,4.0357374996556485,7.932740342006423,9.503435560672205,18.680175969382393,874.1712933227448,443.1341605472737,16854.84906347425,21068.592313671303,True,1,15
1000,allmetal1000 26-02-14 09-16-11.fits,2026-02-14 09:16:11,674.7711450617036,595.1514362660542,3.76300268207839,7.94682390296319,8.861194145263417,18.713340221028805,948.7170927300297,501.0625794592251,16854.20802693489,21066.7519208041,True,1,15
1001,allmetal1001 26-02-14 09-17-11.fits,2026-02-14 09:17:11,674.7814159594705,594.0275788185286,3.9858136169160114,7.260902445705109,9.385873800871133,17.098118624160634,915.9145762529226,477.21329352699695,16863.571203439078,21079.918491275475,True,1,15
1002,allmetal1002 26-02-14 09-18-11.fits,2026-02-14 09:18:11,674.7234388748792,595.4937994417226,3.766117902691258,5.703151470909139,8.868529929207293,13.429895403544585,973.1571320743742,609.476699553508,16829.857926537195,21037.785269183576,True,1,15
1003,allmetal1003 26-02-14 09-19-11.fits,2026-02-14 09:19:11,674.7104952806459,593.7871427783865,3.880642535778272,5.913498482829131,9.138214830850407,13.925224763626145,936.6595115672303,565.4877142440922,16865.280316735418,21082.31231259097,True,1,15
1004,allmetal1004 26-02-14 09-20-11.fits,2026-02-14 09:20:11,674.4874002329485,593.9145075663799,4.37138351532027,7.565029159771635,10.293821526394026,17.814282306673885,832.5068458541637,465.5530856360173,16882.041298111257,21102.83871977471,True,1,15
1005,allmetal1005 26-02-14 09-21-11.fits,2026-02-14 09:21:11,674.6946164467848,593.799556981081,4.035009014535631,8.093400306671404,9.501720109309082,19.058501274609455,883.1025525172331,462.8305098020782,16847.41020655538,21058.815908042023,True,1,16
1006,allmetal1006 26-02-14 09-22-11.fits,2026-02-14 09:22:11,675.4724884848397,593.4471943876893,4.081215770724531,8.102722099649311,9.61052870499856,19.080452419569458,901.0663003009637,482.2228255617124,16857.05782022615,21070.759577487126,True,1,15
1007,allmetal1007 26-02-14 09-23-11.fits,2026-02-14 09:23:11,675.359494853978,595.796837648194,4.204678437678254,4.9109722302330745,9.901261067954168,11.56445584834319,883.1431889180298,580.9761027719421,16879.725042342412,21101.76190887664,True,1,16
1008,allmetal1008 26-02-14 09-24-11.fits,2026-02-14 09:24:11,675.1855747908238,593.9806119151957,3.9000469005691007,6.814722374161167,9.183908618020943,16.047444847995617,909.251435294068,446.76906870835256,16864.005615008133,21081.23466950329,True,1,15
1009,allmetal1009 26-02-14 09-25-11.fits,2026-02-14 09:25:11,675.6282904082796,595.0596462883736,3.8601702114301357,7.525345618952066,9.090006191107042,17.720834709294163,921.5536731539751,448.0442604226901,16878.932059207953,21099.11956222357,True,1,14
1010,allmetal1010 26-02-14 09-26-11.fits,2026-02-14 09:26:11,674.1124660052234,592.7670867793389,3.808153795279029,9.008093593709637,8.967516891683744,21.212439361982334,914.5737560602446,397.83550530714245,16865.282672650916,21081.35634498453,True,1,16
1011,allmetal1011 26-02-14 09-27-11.fits,2026-02-14 09:27:11,673.926090938849,596.6185174398073,4.567699712513109,6.708236255032329,10.756110842707974,15.796689200153475,786.794651339762,449.94637227677543,16828.186386505666,21036.64172566704,True,1,14
1012,allmetal1012 26-02-14 09-28-11.fits,2026-02-14 09:28:11,674.6021970144574,594.6022247412628,4.0051352877991375,7.717763010596991,9.431372858770208,18.173943040152203,909.5941328235647,429.3424605780191,16857.704089048017,21072.936648788374,True,1,15
1013,allmetal1013 26-02-14 09-29-11.fits,2026-02-14 09:29:11,674.5495959918254,593.6242489229069,4.142683911854851,8.592700918150197,9.75527511586303,20.234264363015924,879.586778970843,468.2291172176931,16841.41892386851,21050.844677881963,True,1,15
1014,allmetal1014 26-02-14 09-30-11.fits,2026-02-14 09:30:11,673.3805721354963,593.9736509624548,4.111200891418494,7.9061141824081025,9.681138268261376,18.617476155038077,866.7935953505961,414.6717013355606,16869.313650954122,21087.34000487313,True,1,14
1015,allmetal1015 26-02-14 09-31-11.fits,2026-02-14 09:31:11,673.3153147134844,596.5594225444046,3.9157604777172415,6.672367319943426,9.220911264468526,15.712224312812213,925.9165018580212,504.00713679708787,16886.466249972967,21108.72598411168,True,1,17
1016,allmetal1016 26-02-14 09-32-11.fits,2026-02-14 09:32:11,673.4838373342969,595.2828406119393,4.167887610162784,7.325553849926814,9.814625289847463,17.250361046761302,850.5582746365999,466.29339231807694,16836.653847126814,21046.1335110224,True,1,15
1017,allmetal1017 26-02-14 09-33-11.fits,2026-02-14 09:33:11,673.812726649111,594.0065315649149,3.9253588502288714,8.765503517439251,9.243513704458586,20.641183387655243,914.5567209191278,424.90650618030264,16859.465856590592,21074.002943529027,True,1,16
1018,allmetal1018 26-02-14 09-34-11.fits,2026-02-14 09:34:11,673.4855342377919,596.593247651129,4.692101014440169,5.204585525150063,11.049053522113763,12.255862320701297,766.4937320853804,602.3552369631163,16875.582809824795,21095.608102451642,True,1,16
1019,allmetal1019 26-02-14 09-35-11.fits,2026-02-14 09:35:11,674.0405756293297,593.5514956205354,3.975402369244373,6.686010491560677,9.361357186160177,15.744351526814313,925.3254989113027,497.7083259740533,16817.04473801837,21022.16478072311,True,1,15
1020,allmetal1020 26-02-14 09-36-11.fits,2026-02-14 09:36:11,674.0752488006412,595.2531369706115,3.86737863073875,7.825289170615064,9.106980721387954,18.427147797127965,943.4432407750909,497.3684814914063,16840.26967590568,21049.74128115626,True,1,16
1021,allmetal1021 26-02-14 09-37-11.fits,2026-02-14 09:37:11,674.0119093749801,594.3570444206878,4.279099997359376,7.549930990027349,10.07651044847374,17.778728833916762,852.622054669112,475.140023419886,16886.19974956042,21107.899449778528,True,1,16
1022,allmetal1022 26-02-14 09-38-11.fits,2026-02-14 09:38:11,674.035788240343,595.6273964303733,3.8827831178109298,8.359295871168001,9.143255516328944,19.68463747977086,919.2199076417561,420.18440469207536,16873.27462028468,21091.732035286408,True,1,16
1023,allmetal1023 26-02-14 09-39-11.fits,2026-02-14 09:39:11,674.8079244544731,595.6915681530696,3.8433500509604013,8.186587821290352,9.050397740072274,19.27794110198077,961.1528443936502,456.80505163277996,16880.161248249475,21100.089868858027,True,1,17
1024,allmetal1024 26-02-14 09-40-10.fits,2026-02-14 09:40:10,674.7356589355113,597.5193290184723,4.1100232415664015,7.013829330942272,9.678365114783642,16.516305900928874,907.5530940274174,435.9146406934348,16849.878215096243,21063.99429417334,True,1,14
1025,allmetal1025 26-02-14 09-41-11.fits,2026-02-14 09:41:11,674.5554771315819,597.6044358174224,4.051813338236731,6.363411256338444,9.54129126760362,14.984688381201344,885.4369582636357,537.2121892895926,16864.20715393723,21080.67293551581,True,1,17
1026,allmetal1026 26-02-14 09-42-11.fits,2026-02-14 09:42:11,674.6468081522474,597.2791171231246,4.148677794185613,6.092781865666898,9.769389630123065,14.347404867273475,887.232338555951,532.9474320747162,16878.034765324537,21098.605123000885,True,1,15
1027,allmetal1027 26-02-14 09-43-11.fits,2026-02-14 09:43:11,674.2320087658483,599.0719584087348,4.036085200670019,4.503892084668542,9.504254333990522,10.605855361633711,880.2842606725012,535.7526889680528,16847.14624584894,21061.723218182113,True,1,15
1028,allmetal1028 26-02-14 09-44-11.fits,2026-02-14 09:44:11,674.6891648499445,597.1497746248118,4.398043294507889,7.336719656914452,10.356600508821131,17.276654512874742,819.4465198083439,497.50804745497953,16850.692350604975,21063.25255231326,True,1,17
1029,allmetal1029 26-02-14 09-45-11.fits,2026-02-14 09:45:11,675.3113163169256,598.5722905962681,4.333426967507612,6.534810077567401,10.204440686764604,15.388301761125968,828.5920314839149,506.76497648018596,16822.4848379626,21028.789079572227,True,1,16
1030,allmetal1030 26-02-14 09-46-11.fits,2026-02-14 09:46:11,674.10098630156,597.1680263439814,4.072985713246959,7.043005418460456,9.591148400678618,16.58501033665227,861.8873212594448,473.67535835343824,16851.210620997503,21064.440080170843,True,1,16
1031,allmetal1031 26-02-14 09-47-11.fits,2026-02-14 09:47:11,674.0636425882253,598.6714867044751,3.900349029693077,4.93811318976441,9.184620077738272,11.628367923888952,908.9208527216338,582.2704698917039,16854.580258302045,21069.864890501995,True,1,15
1032,allmetal1032 26-02-14 09-48-11.fits,2026-02-14 09:48:11,674.3465936189308,597.0133851329759,3.6367837823150095,7.497465324639386,8.563971350038857,17.6551816333853,938.26602403144,472.35701472715004,16835.52086397161,21044.08479020694,True,1,16
1033,allmetal1033 26-02-14 09-49-11.fits,2026-02-14 09:49:11,674.6901398290512,597.0999318354295,3.8466289381032417,8.231681209209508,9.058118929241628,19.384127915751154,940.2418040339538,445.1620979563832,16869.393846702867,21086.625615178804,True,1,16
1034,allmetal1034 26-02-14 09-50-11.fits,2026-02-14 09:50:11,675.1363088845421,597.7657037751651,4.049568203040836,7.59860978755017,9.536004378240523,17.893358642091503,917.9656063180889,445.141340858008,16881.531991764594,21102.734806410215,True,1,17
1035,allmetal1035 26-02-14 09-51-11.fits,2026-02-14 09:51:11,674.2960106823996,597.5542560246068,3.9901706235157346,8.487117499598815,9.396133767348493,19.98563441258824,913.3714013060908,447.11005722256385,16833.9652920832,21042.089022315457,True,1,15
1036,allmetal1036 26-02-14 09-52-10.fits,2026-02-14 09:52:10,674.005105615266,599.7813288880736,4.122440341994394,5.777521755284447,9.70760515177264,13.60502403994621,847.2085732936067,553.3965413314011,16854.347994770415,21068.65786743008,True,1,17
1037,allmetal1037 26-02-14 09-53-11.fits,2026-02-14 09:53:11,673.2291582938428,600.3475603139334,3.9293773315746514,7.724311176824803,9.252976504882213,18.189362793243646,865.7099183311175,439.4386663974487,16829.41656270487,21036.788670589354,True,1,15
1038,allmetal1038 26-02-14 09-54-11.fits,2026-02-14 09:54:11,675.3937697298467,599.7725287609682,4.028190770009804,8.052647389002852,9.48566437042774,18.962535487190053,898.0513972608545,435.6188520397749,16861.531418901952,21077.18265256925,True,1,17
1039,allmetal1039 26-02-14 09-55-11.fits,2026-02-14 09:55:11,675.0198893737153,601.0031789986125,3.800198476437407,4.724147282173961,8.94878354741088,11.124516715741724,946.9541296315915,641.1254591431278,16841.012197889497,21052.660152997727,True,1,13
1040,allmetal1040 26-02-14 09-56-11.fits,2026-02-14 09:56:11,675.3934702301696,601.8157145761645,4.066498743262621,4.925106167222828,9.575872753727985,11.597738726481866,904.3302619807446,486.23304223660017,16793.10545321373,20994.52173196902,True,1,15
1041,allmetal1041 26-02-14 09-57-11.fits,2026-02-14 09:57:11,675.7384449425808,598.9112446672021,4.004857189977045,7.518602810323562,9.430717988444266,17.70495660837595,877.714970243487,434.48541058643565,16874.358510175603,21093.55619058787,True,1,16
1042,allmetal1042 26-02-14 09-58-11.fits,2026-02-14 09:58:11,675.3357268805825,599.4364792252139,4.130503931219137,8.375308607806641,9.726593453313962,19.722344592983333,865.557570983526,438.9620114938179,16785.9065080385,20982.135279024307,True,1,16
1043,allmetal1043 26-02-14 09-59-11.fits,2026-02-14 09:59:11,675.3802470786186,600.7414136142869,4.03933762800733,5.716088886289032,9.51191321507943,13.460360688612047,909.1131356652922,568.3488432629583,16822.021189302217,21028.563120312498,True,1,12
1044,allmetal1044 26-02-14 10-00-11.fits,2026-02-14 10:00:11,675.0356399749897,599.1107398967061,3.6956565554652148,7.825676100029513,8.70260613635952,18.42805894626912,963.9452577414612,399.39867767762775,16791.876844397462,20990.91540144537,True,1,15
1045,allmetal1045 26-02-14 10-01-11.fits,2026-02-14 10:01:11,674.905624821128,598.4117131367362,4.224111351878314,7.399632408508619,9.947022083845836,17.42480272141674,841.2535359329058,480.9305072630921,16841.450448885844,21051.800429151008,True,1,13
1046,allmetal1046 26-02-14 10-02-11.fits,2026-02-14 10:02:11,674.4739720480502,601.4713208681516,4.175062103951964,5.869286540682607,9.831519931635174,13.821113596029761,827.3056587519341,554.9120259741729,16848.05310494619,21060.54889441398,True,1,18
1047,allmetal1047 26-02-14 10-03-11.fits,2026-02-14 10:03:11,674.755115275899,599.6055986941861,3.9617197214245885,7.9616795322536635,9.329137012805049,18.74832255466356,913.2747216490503,442.9190179293387,16850.194274821974,21062.96745897162,True,1,17
1048,allmetal1048 26-02-14 10-04-11.fits,2026-02-14 10:04:11,674.8313466384052,601.492330188556,4.247688130895489,4.274137968316155,10.002541155672745,10.064825763018739,870.7820380767811,600.3787604024179,16847.248794455543,21061.833727513815,True,1,16
1049,allmetal1049 26-02-14 10-05-10.fits,2026-02-14 10:05:10,675.649306041838,601.8499597194184,3.8603783320091454,5.480147020193768,9.090496277618277,12.904760052868912,911.6795907519387,510.65720253554787,16771.1703921234,20965.727792488535,True,1,15
1050,allmetal1050 26-02-14 10-06-11.fits,2026-02-14 10:06:11,675.3174123031754,600.4749377900681,4.107209932063959,5.121912523404673,9.671740277174413,12.061182279008376,862.8945263921487,580.9868974803454,16851.911942485327,21066.28111876684,True,1,16
1051,allmetal1051 26-02-14 10-07-11.fits,2026-02-14 10:07:11,674.2632574183982,596.2685057857906,4.0934090034805175,8.205426714723462,9.639241573906085,19.322303305863258,896.8922821244212,446.02338127093765,16811.37054527043,21014.2414172833,True,1,15
1052,allmetal1052 26-02-14 10-08-11.fits,2026-02-14 10:08:11,674.2551914458697,600.2597142015585,4.151306685516915,6.4786186959514165,9.775580196126223,15.255981169338664,850.5007566576556,500.9054077914463,16840.32333900293,21051.103078329972,True,1,17
1053,allmetal1053 26-02-14 10-09-11.fits,2026-02-14 10:09:11,675.2351182654855,600.0260438298515,4.008504527129558,6.4068376255849655,9.43930681108199,15.08694966598597,905.6181794169703,496.0399962876296,16834.105860756255,21043.739077849787,True,1,14
1054,allmetal1054 26-02-14 10-10-11.fits,2026-02-14 10:10:11,675.1134017455981,602.0833044574132,4.0731158975125155,5.170672666330304,9.591454961196698,12.176003640968226,924.3122610468453,486.89982923096636,16823.23278769885,21032.094056197602,True,1,15
1055,allmetal1055 26-02-14 10-11-11.fits,2026-02-14 10:11:11,675.1769659545778,600.6174344637386,3.9776103722769345,6.872385802750411,9.366556635960743,16.18323184550278,916.7894306741782,479.65991188709677,16805.930665041018,21008.27063530727,True,1,10
1056,allmetal1056 26-02-14 10-12-11.fits,2026-02-14 10:12:11,674.9104146197817,601.8280116628242,4.0651934189660235,6.881966962778532,9.57279894990909,16.20579375319165,884.4094290465123,493.54118516279476,16777.826508526738,20972.769679148678,True,1,13
1057,allmetal1057 26-02-14 10-13-11.fits,2026-02-14 10:13:11,675.2063994228776,601.7578091219339,3.9717065649109484,5.864980994982652,9.352654232033316,13.81097481071071,917.4162012365206,514.4027698048408,16836.223889553512,21046.814059097112,True,1,16
1058,allmetal1058 26-02-14 10-14-11.fits,2026-02-14 10:14:11,675.1691442225621,599.0669731561466,4.155824646502189,7.885664907266686,9.786219181217012,18.569321792028713,873.6607265712018,512.604740995225,16837.591392348422,21045.982064373646,True,1,16
1059,allmetal1059 26-02-14 10-15-10.fits,2026-02-14 10:15:10,674.4992343177497,600.167591336542,4.263147001391019,6.306202083737961,10.038944013789155,14.849971074802092,837.3194164878734,536.8439192860328,16842.034609534396,21052.994086618233,True,1,17
1060,allmetal1060 26-02-14 10-16-11.fits,2026-02-14 10:16:11,674.6511139847154,600.2760624347371,3.6938959156061717,4.805745982512567,8.698460146327365,11.316666970947548,974.4898499272344,631.5796067160724,16833.38982831293,21043.118997900416,True,1,13
1061,allmetal1061 26-02-14 10-17-11.fits,2026-02-14 10:17:11,674.1488979948118,599.833208578749,4.703164375371199,6.476360221007219,11.075105746199563,15.250662867268868,769.4119576404313,532.2912717789872,16875.18932591217,21094.406128147824,True,1,17
1062,allmetal1062 26-02-14 10-18-11.fits,2026-02-14 10:18:11,674.2300756850115,599.2905497290405,4.019439523045182,6.571460688974171,9.465056758656432,15.47460735552927,911.3312799782326,562.9425349262142,16850.765717139187,21063.36825466667,True,1,15
1063,allmetal1063 26-02-14 10-19-11.fits,2026-02-14 10:19:11,674.5876329831092,601.182155598515,4.144290454969895,5.3677139629860156,9.759058235793542,12.640000436031984,856.0129439182219,648.9672232474372,16793.341070370563,20991.833236816186,True,1,2
1064,allmetal1064 26-02-14 10-20-11.fits,2026-02-14 10:20:11,674.9165360458641,602.3454681409283,4.124470511856326,5.449175534383212,9.712385836458337,12.831827777257821,889.3920035383893,538.6883362791585,16854.492974967947,21069.91018068872,True,1,16
1065,allmetal1065 26-02-14 10-21-11.fits,2026-02-14 10:21:11,675.1988054857219,603.0737996658097,3.9752242620930516,7.037092910186673,9.360937775870083,16.571087443652754,914.8777395221636,536.8705472445776,16845.676393382477,21056.74993992828,True,1,15
1066,allmetal1066 26-02-14 10-22-11.fits,2026-02-14 10:22:11,674.6333894151905,602.0314784955264,4.180757575176399,5.990696623123727,9.84493174144037,14.10701249183097,853.509162338589,540.9841595047496,16860.717625762667,21076.698572877096,True,1,15
1067,allmetal1067 26-02-14 10-23-11.fits,2026-02-14 10:23:11,674.7992894736079,600.8320787783279,4.4109026774770115,7.762462270492334,10.38688204160355,18.279201753351803,865.1850733721492,475.41014905639105,16822.60319294669,21028.56216399322,True,1,13
1068,allmetal1068 26-02-14 10-24-11.fits,2026-02-14 10:24:11,675.0103047078907,601.1648130123734,3.9991493341493785,8.003274605348302,9.41727701512713,18.846271466561344,897.7981225056931,379.3169596135177,16840.295413860673,21051.726985833448,True,1,17
1069,allmetal1069 26-02-14 10-25-11.fits,2026-02-14 10:25:11,674.0923276793325,602.1284929731927,3.852269959841228,6.192882713164995,9.071402520304694,14.58312434948658,933.0573961621021,596.3280636603538,16805.90797105877,21007.14360097767,True,1,10
1070,allmetal1070 26-02-14 10-26-11.fits,2026-02-14 10:26:11,673.7994640195886,604.4268816321356,4.416661781160486,4.174623189496249,10.400443694398808,9.830486367076803,841.1589929794728,684.7756014187908,16859.007490808683,21075.85581210976,True,1,13
1071,allmetal1071 26-02-14 10-27-10.fits,2026-02-14 10:27:10,674.3209968618324,603.4017600410407,4.464020357424988,7.613202819865575,10.511964619090584,17.927722607105604,819.2327661406621,526.273042125186,16853.349281680228,21065.83094183225,True,1,15
1072,allmetal1072 26-02-14 10-28-11.fits,2026-02-14 10:28:11,673.8767744430116,603.9615463604351,4.626424969965477,4.285353466979029,10.894398256106413,10.091236244085092,794.8233256532817,614.9838881614618,16794.694258066444,20995.917942670494,True,1,13
1073,allmetal1073 26-02-14 10-29-11.fits,2026-02-14 10:29:11,675.3543788420692,600.9219753701315,4.394306227984922,7.607185575468756,10.347800389663234,17.913553079384123,831.9474125424811,520.7115958093641,16841.66889757561,21051.338740270934,True,1,12
1074,allmetal1074 26-02-14 10-30-11.fits,2026-02-14 10:30:11,674.8739119682203,600.7306266736217,4.4033250330757925,6.479676989900936,10.369038052673444,15.258473261144529,859.4515094235451,607.5167638356318,16818.905316241147,21023.259401062263,True,1,8
1075,allmetal1075 26-02-14 10-31-11.fits,2026-02-14 10:31:11,674.2161719360274,601.2975602933788,4.173959824140523,6.9214182057124605,9.82892426103996,16.29869433085385,851.7364961169018,520.4469682136461,16852.5403522964,21065.560103113905,True,1,14
1076,allmetal1076 26-02-14 10-32-11.fits,2026-02-14 10:32:11,674.0538197140614,602.4874902570223,3.9535541290459055,7.531644019025028,9.309908512192175,17.735666308037597,940.5237095714314,504.2376780988522,16831.723691294224,21039.46043043313,True,1,14
1077,allmetal1077 26-02-14 10-33-11.fits,2026-02-14 10:33:11,675.5229864971262,602.156739895499,4.224673736758429,7.40091081758085,9.948346399034552,17.42781314472578,860.2669541089555,495.3388945217618,16825.388314475542,21031.658011272877,True,1,15
1078,allmetal1078 26-02-14 10-34-11.fits,2026-02-14 10:34:11,674.1950603523584,602.8366054683119,4.148437229132911,5.446104147976362,9.76882314271483,12.824595214980937,864.334727591782,521.7896459457504,16817.682138669086,21023.92369371254,True,1,14
1079,allmetal1079 26-02-14 10-35-11.fits,2026-02-14 10:35:11,673.8138221504892,603.2853031904599,4.1341681362232485,6.899284755181662,9.735221996706747,16.246574037878222,851.2114729557757,581.7690944896405,16811.23753624106,21012.83585824989,True,1,8
1080,allmetal1080 26-02-14 10-36-11.fits,2026-02-14 10:36:11,674.7302467851537,604.5008225340412,4.135874629859818,6.42367358619009,9.739240482128857,15.126595323496268,905.3893301337201,497.8999453551449,16753.156045320426,20942.78216173322,True,1,15
1081,allmetal1081 26-02-14 10-37-11.fits,2026-02-14 10:37:11,674.9213006035316,602.4456165401114,4.239640075081719,8.199851683628463,9.98358943251895,19.309175110889083,866.5222964068811,508.46025474013334,16791.258041230398,20987.85949027976,True,1,8
1082,allmetal1082 26-02-14 10-38-11.fits,2026-02-14 10:38:11,674.4377177736238,603.5798611503375,3.7736876736882827,6.40523464226133,8.88635537768738,15.083174928723622,934.1362202182296,559.2998037070347,16848.564678555875,21060.56556476997,True,1,15
1083,allmetal1083 26-02-14 10-39-10.fits,2026-02-14 10:39:10,674.8732690569298,603.0975773076958,3.905760422469889,8.451273477643674,9.197362933920644,19.901228191193745,932.8803752673108,515.112365321059,16815.137367985957,21017.184332089215,True,1,14
1084,allmetal1084 26-02-14 10-40-11.fits,2026-02-14 10:40:11,674.4680172871692,604.1375647317661,4.202332488563586,5.535431300847804,9.895736779954325,13.034944585128153,876.0910363356606,554.4914381640775,16846.469166101433,21059.585236645835,True,1,15
1085,allmetal1085 26-02-14 10-41-11.fits,2026-02-14 10:41:11,674.4409641277591,602.4185060932112,4.074902523794981,6.942407780001903,9.595662144579627,16.348121001127296,895.4416662975216,497.69331951517813,16843.641969325516,21055.02648738291,True,1,15
1086,allmetal1086 26-02-14 10-42-11.fits,2026-02-14 10:42:11,674.3215894868162,603.8561696714355,4.268738846027521,5.162182718319561,10.05211180162789,12.156011341211256,853.5544506663248,554.8226642991121,16820.442067642703,21027.460718758437,True,1,14
1087,allmetal1087 26-02-14 10-43-11.fits,2026-02-14 10:43:11,674.2002917662882,603.8411220970102,4.510299682212109,6.710132771767417,10.620944100769794,15.801155155776998,812.223913912164,520.8369305678325,16837.6525664052,21047.478146982656,True,1,13
1088,allmetal1088 26-02-14 10-44-11.fits,2026-02-14 10:44:11,674.5161121667049,601.2895467355627,4.285073623802262,8.472936505705196,10.090577263762976,19.95224072390908,855.1794388944742,469.7423945217909,16812.817533983645,21015.249389736488,True,1,12
1089,allmetal1089 26-02-14 10-45-11.fits,2026-02-14 10:45:11,674.9507268545666,603.4224698172306,4.193862895891325,5.414971404198938,9.875792413356438,12.751283205877046,877.0726934206946,623.1539049918606,16828.713134763166,21036.635480784516,True,1,10
1090,allmetal1090 26-02-14 10-46-11.fits,2026-02-14 10:46:11,675.1179222434689,603.0077704058573,4.194749183683726,4.777151921169281,9.877879461615649,11.249333102127533,868.7145035358068,636.4079048070039,16852.294334113627,21066.84600140678,True,1,11
1091,allmetal1091 26-02-14 10-47-11.fits,2026-02-14 10:47:11,674.4265115917492,603.4966827666087,3.9374594386268886,5.631760500292664,9.272008412574907,13.261782514902693,918.6897225116106,529.3974644047047,16839.26075368097,21050.632459796005,True,1,15
1092,allmetal1092 26-02-14 10-48-11.fits,2026-02-14 10:48:11,674.3238900842026,602.6615547988378,5.279759175985583,4.856573979594297,12.432882740546939,11.43635775732438,697.9371253095055,686.5103933956675,16803.168926049322,21004.819999435033,True,1,3
1093,allmetal1093 26-02-14 10-49-11.fits,2026-02-14 10:49:11,675.3678876457175,600.8758463415887,4.6522965402275,7.449941544343193,10.955321148355852,17.54327168292818,781.0826036894398,519.7874790705898,16831.31433142396,21038.5589520234,True,1,14
1094,allmetal1094 26-02-14 10-50-12.fits,2026-02-14 10:50:12,675.1311380007411,603.0750796279781,4.40311068693443,6.26463350033505,10.368533306083188,14.752084541361375,833.5680490821827,568.4775377562713,16798.3866729146,20998.2501328997,True,1,15
1095,allmetal1095 26-02-14 10-51-12.fits,2026-02-14 10:51:12,675.1656965401856,600.8838954542699,4.148431260871205,8.129963206977466,9.76880908853253,19.144600325154638,859.4557807482413,467.2512531284547,16839.053034781486,21048.245099782813,True,1,18
1096,allmetal1096 26-02-14 10-52-12.fits,2026-02-14 10:52:12,675.0137021446419,601.9021219725801,4.2024901910384065,9.330802043689788,9.896108140903182,21.97235968869646,860.9470498320677,408.49059589400406,16831.763839271076,21039.231322045816,True,1,15
1097,allmetal1097 26-02-14 10-53-12.fits,2026-02-14 10:53:12,674.6014374021968,602.9994179524967,4.154571246840979,6.839185145604092,9.78326765057036,16.10505027254643,870.5463505951981,523.8198659044938,16836.672000073064,21045.923829639913,True,1,14
1098,allmetal1098 26-02-14 10-54-12.fits,2026-02-14 10:54:12,675.5257654561211,603.0383494538219,4.144821426849772,5.920187998135551,9.760308579019624,13.940977368361246,903.1249059515768,543.0517616009947,16846.548406079633,21059.47877827512,True,1,14
1099,allmetal1099 26-02-14 10-55-12.fits,2026-02-14 10:55:12,674.823867673802,604.182840948462,4.284809928299517,4.857602470442462,10.089956308307329,11.438779668189769,848.9191134245352,626.2748043458042,16838.96738071885,21050.166357773418,True,1,7
1100,allmetal1100 26-02-14 10-56-12.fits,2026-02-14 10:56:12,674.9241618632852,603.0244924559972,3.925444924775537,5.253704848841051,9.243716394526443,12.3715294887272,930.2975716442031,611.2361763045025,16849.228292925993,21062.61384642219,True,1,15
1101,allmetal1101 26-02-14 10-57-12.fits,2026-02-14 10:57:12,674.9037965434186,603.9038965200286,4.361101379487044,6.30404280361322,10.269608946828216,14.844886358681515,863.9641324286803,548.4319786282276,16806.23940455341,21008.55931356398,True,1,15
1102,allmetal1102 26-02-14 10-58-12.fits,2026-02-14 10:58:12,675.1077024809418,603.949062444627,3.9306854463460765,5.3035262471331,9.256056879767165,12.48884991609679,924.1402242605201,651.9034021787181,16839.49114171322,21049.792594198072,True,1,11
1103,allmetal1103 26-02-14 10-59-12.fits,2026-02-14 10:59:12,674.7473281256507,602.6351286671679,4.524476942803308,6.617530346823585,10.654328998193579,15.583093109300789,802.1598579316487,507.3556661913478,16819.92465561382,21025.571427841285,True,1,11
1104,allmetal1104 26-02-14 11-00-12.fits,2026-02-14 11:00:12,674.4313754800207,604.7220295066908,4.1592205076663715,3.891165373039586,9.794215823156573,9.162994218963949,876.468029662078,669.2461826637883,16856.396310626147,21073.04430668419,True,1,10
1105,allmetal1105 26-02-14 11-01-11.fits,2026-02-14 11:01:11,675.1633860071497,603.4740230101062,4.199564302827318,7.21956861155065,9.889218200694193,17.00078488295573,882.5944534747408,563.4870926210748,16794.17824360509,20991.837598561287,True,1,9
1106,allmetal1106 26-02-14 11-02-12.fits,2026-02-14 11:02:12,675.5330134383739,605.238592615767,4.137784889230182,5.102717513209754,9.7437387991854,12.015981484236807,890.1806739803701,544.7203172502069,16825.715738438903,21034.357120647717,True,1,16
1107,allmetal1107 26-02-14 11-03-12.fits,2026-02-14 11:03:12,675.5344746876336,603.0583988644848,3.830469531062928,6.284746721538978,9.020066433627283,14.799447557822527,954.8640240847054,540.9838544831816,16855.620166167955,21070.155857358124,True,1,16
1108,allmetal1108 26-02-14 11-04-12.fits,2026-02-14 11:04:12,675.4645396127764,605.0922043084827,4.112397105235075,3.9743853247957563,9.683955136534806,9.358962229505886,881.7081724225715,668.7623314016624,16860.93603982259,21078.539633378066,True,1,14
1109,allmetal1109 26-02-14 11-05-12.fits,2026-02-14 11:05:12,674.642778876215,605.226577237994,4.062335806810995,5.393271221220855,9.566069787525505,12.700183180019417,908.4262354255285,603.3283409494825,16840.993522185716,21052.310203787914,True,1,11
1110,allmetal1110 26-02-14 11-06-12.fits,2026-02-14 11:06:12,674.8243881870278,605.3142146178769,4.308452020765627,6.847973813492342,10.145629181553,16.125746003858797,860.2251192696781,510.1905791082736,16859.70846671464,21075.155676729195,True,1,15
1111,allmetal1111 26-02-14 11-07-12.fits,2026-02-14 11:07:12,674.8497040176321,607.2105013955479,4.454627426533668,3.7765318934685936,10.489845957146114,8.89305300343853,820.9238794978859,571.6924865798045,16795.17694212873,20997.637843883524,True,1,15
1112,allmetal1112 26-02-14 11-08-12.fits,2026-02-14 11:08:12,675.3994709618706,607.4123847619761,4.442883771353029,4.643451900253206,10.462191762524814,10.934493612853302,829.3125643785799,638.5769450688807,16841.093929311162,21053.128264151506,True,1,16
1113,allmetal1113 26-02-14 11-09-12.fits,2026-02-14 11:09:12,674.4951283061453,606.3338011868979,4.05884542030526,4.664513205122897,9.557850555416895,10.984089195734958,899.7018904419816,622.0788081881199,16797.350326517575,20998.523954759876,True,1,13
1114,allmetal1114 26-02-14 11-10-12.fits,2026-02-14 11:10:12,675.2147263227703,605.210638587722,4.292909744731964,7.259164497203465,10.109029918403525,17.09402606819173,849.996743220702,508.05457705960526,16813.041730797435,21016.206469819936,True,1,16
1115,allmetal1115 26-02-14 11-11-11.fits,2026-02-14 11:11:11,674.7223403474017,606.4365405063095,3.9389386860200437,6.484935517280316,9.275491773987868,15.270856146824835,929.5780624179133,594.5917477403076,16859.02332246452,21073.303436726692,True,1,12
1116,allmetal1116 26-02-14 11-12-12.fits,2026-02-14 11:12:12,675.12093691885,606.1527929676521,4.033636925167248,4.896653544277132,9.49848908576084,11.530737919635634,900.2582500196278,669.0175571737103,16835.813002599578,21045.63615050247,True,1,2
1117,allmetal1117 26-02-14 11-13-12.fits,2026-02-14 11:13:12,674.633426255333,605.3773730042113,4.457182036085398,7.58866143961566,10.495861602925755,17.869932072960378,782.1131338955946,570.9034154075265,16830.685814189783,21036.285450995216,True,1,13
1118,allmetal1118 26-02-14 11-14-12.fits,2026-02-14 11:14:12,674.6780126265785,607.8081511484883,4.309749424146551,3.6083947580233806,10.148684333040888,8.497120306578058,812.7447368908565,710.5783661950632,16787.073412157544,20986.139537737992,True,1,10
1119,allmetal1119 26-02-14 11-15-12.fits,2026-02-14 11:15:12,674.902185084333,605.0986056699417,4.0969465659990405,5.01655035791897,9.647571897035254,11.813073339734773,908.1887922550732,647.3190007954427,16797.326824316624,20997.81758299316,True,1,4
1120,allmetal1120 26-02-14 11-16-12.fits,2026-02-14 11:16:12,675.1417534439984,606.4458950736799,4.233093525933204,4.828141060972162,9.968173487358246,11.369403350614242,890.0697586383752,668.8917073982669,16789.66926170954,20988.40413587076,True,1,13
1121,allmetal1121 26-02-14 11-17-12.fits,2026-02-14 11:17:12,674.6994499258884,604.694615283536,4.050310255868738,7.964700396108479,9.537751779114139,18.755436145422188,893.0967341041883,498.3060634717064,16777.898223604396,20971.512252964214,True,1,13
1122,allmetal1122 26-02-14 11-18-12.fits,2026-02-14 11:18:12,675.0890206819663,604.4321378715031,4.513467839822822,6.861331400087262,10.62840454181732,16.157200716525754,809.7200558654868,538.3741272466831,16799.631376896657,20999.442975679747,True,1,8
1123,allmetal1123 26-02-14 11-19-12.fits,2026-02-14 11:19:12,674.6621399044346,604.3634574051052,3.917365860489108,6.294581280092874,9.224691651999665,14.822606173439272,907.4993102820428,526.9794465633752,16829.949155778835,21038.018775211345,True,1,14
1124,allmetal1124 26-02-14 11-20-12.fits,2026-02-14 11:20:12,674.2410677848683,605.9265120076226,4.195679705838829,4.9339085540629615,9.880070673838832,11.618466763457128,892.4036066557228,652.4255839358947,16834.344986637076,21044.216936597906,True,1,5
1125,allmetal1125 26-02-14 11-21-12.fits,2026-02-14 11:21:12,674.4655506494483,604.3275450223391,3.8432899610443134,6.08459861524475,9.050256239133365,14.328134785145894,936.6561101610937,554.6442859635529,16812.987919298488,21016.785802057235,True,1,11
1126,allmetal1126 26-02-14 11-22-13.fits,2026-02-14 11:22:13,674.3453911445914,604.6340331986501,4.329736520342769,5.666780700110959,10.195750347805706,13.344248783415802,836.0507396014954,602.2635539282787,16843.29711552214,21054.628066058212,True,1,5
1127,allmetal1127 26-02-14 11-23-13.fits,2026-02-14 11:23:13,674.0526233218987,604.4271458631256,4.076415902745397,5.881645101942748,9.599225879667793,13.850215783812885,880.4650505048954,585.9814518153283,16860.706527996845,21076.232244177576,True,1,14
1128,allmetal1128 26-02-14 11-24-13.fits,2026-02-14 11:24:13,674.4122044474703,603.9927094279204,4.159658157771214,5.887174185947834,9.795246410396166,13.863235781658721,876.2673901087861,566.8617131004729,16854.011256320955,21068.26742763425,True,1,13
1129,allmetal1129 26-02-14 11-25-13.fits,2026-02-14 11:25:13,674.3471059325395,605.7014088508348,4.517843981275249,5.396031723404127,10.638709567429384,12.706683665894937,816.5090706231751,566.9782711791597,16839.10656072936,21050.423964219568,True,1,9
1130,allmetal1130 26-02-14 11-26-13.fits,2026-02-14 11:26:13,674.2124613364834,602.3686668374585,4.216305552261994,7.11321897574716,9.928640830441829,16.75035062878393,871.1349640463867,527.0469792122564,16847.52361450938,21059.218407350327,True,1,13
1131,allmetal1131 26-02-14 11-27-13.fits,2026-02-14 11:27:13,673.9442862096716,603.776943633087,4.473216339558522,7.625700159794388,10.533619502152376,17.957151593679537,809.8601889866834,485.78942390960935,16860.330693984248,21075.21311952407,True,1,16
1132,allmetal1132 26-02-14 11-28-13.fits,2026-02-14 11:28:13,674.3698642655402,604.0298248845322,4.114295243770537,5.231386519315788,9.688424911206358,12.318973838989505,879.9925952985908,576.3150136033878,16869.111428617984,21087.871777079723,True,1,15
1133,allmetal1133 26-02-14 11-29-13.fits,2026-02-14 11:29:13,673.4849113311667,602.1599364634145,4.031169114279183,7.2252496510716595,9.492677835214277,17.014162708696418,894.868322355114,499.45029898157543,16872.05365275866,21090.063914153863,True,1,16
1134,allmetal1134 26-02-14 11-30-13.fits,2026-02-14 11:30:13,673.5237132318165,602.2225483828149,3.941455674471418,5.644839232104311,9.281418828846276,13.292580574736343,937.3221859328485,575.604684961422,16840.85193575876,21052.154759410674,True,1,15
1135,allmetal1135 26-02-14 11-31-13.fits,2026-02-14 11:31:13,673.2551703445241,600.2067319848854,4.086231595132614,8.231067124860393,9.62234006885707,19.382681857616518,904.9533477376033,489.2031152591149,16803.069427529077,21003.031885658394,True,1,12
1136,allmetal1136 26-02-14 11-32-13.fits,2026-02-14 11:32:13,672.9907845694333,602.5504361838698,4.523887802627349,3.874834363568473,10.652941679097896,9.124537630505781,827.9729924054768,730.3334237918749,16857.874242535414,21074.58441393329,True,1,6
1137,allmetal1137 26-02-14 11-33-13.fits,2026-02-14 11:33:13,672.7673042733284,600.83838549056,4.271427647810105,6.376485599251252,10.058443445962634,15.015476105968032,856.4957262391395,452.10119038863525,16861.196563992016,21078.39438480392,True,1,18
1138,allmetal1138 26-02-14 11-34-12.fits,2026-02-14 11:34:12,672.0912755976954,599.2427777587868,4.236258869412699,8.011787330674764,9.97562730163317,18.866317402797936,857.5505710371508,461.9185192421713,16851.09523845706,21063.70262477052,True,1,16
1139,allmetal1139 26-02-14 11-35-13.fits,2026-02-14 11:35:13,672.8313973301119,600.424548412694,4.117484492839401,6.162255489880877,9.695935018842315,14.511002750173501,895.9281739289554,525.5572023918121,16856.23993951693,21071.402333138332,True,1,14
1140,allmetal1140 26-02-14 11-36-13.fits,2026-02-14 11:36:13,672.4934088521726,600.9227422574078,4.117967908732305,6.1850045092390245,9.69707337627701,14.564572596962865,885.4706449710955,527.2526506402182,16852.19607953737,21066.188217492443,True,1,15
1141,allmetal1141 26-02-14 11-37-13.fits,2026-02-14 11:37:13,672.5352721322378,600.1476505968386,4.096511309211539,7.429253693615989,9.646546945627309,17.49455551734715,867.8321377346348,457.0002663625467,16869.978691803884,21087.864813041408,True,1,16
1142,allmetal1142 26-02-14 11-38-13.fits,2026-02-14 11:38:13,671.9439072936292,600.3459076856146,4.27507340031767,8.580020253505852,10.067028537046669,20.204403679727108,852.9298026718674,408.2313104090773,16842.803896316826,21053.856641863164,True,1,16
1143,allmetal1143 26-02-14 11-39-13.fits,2026-02-14 11:39:13,672.0528531129415,601.1962758706276,4.281757449792463,4.968441837253155,10.08276827073189,11.699786430934127,829.9832873118862,585.6668940599058,16835.743731805353,21046.25594034252,True,1,15
1144,allmetal1144 26-02-14 11-40-13.fits,2026-02-14 11:40:13,671.9436661504423,600.1036580973275,4.05449914372968,4.511582399591894,9.547615856215469,10.623964669367822,901.9334369072676,584.160999887668,16857.555890834483,21074.445122081837,True,1,15
1145,allmetal1145 26-02-14 11-41-13.fits,2026-02-14 11:41:13,672.270020620699,599.1027499475309,3.9988443561344904,7.56488931506296,9.416558846784378,17.813952997550707,893.8894627050742,469.5576999656453,16854.869527332175,21068.64167505581,True,1,15
1146,allmetal1146 26-02-14 11-42-13.fits,2026-02-14 11:42:13,671.7618684256363,600.0002586372583,4.144087757567095,6.0596082002358775,9.758580919886352,14.269286854949359,856.9461138223796,512.3904531387543,16791.241649622873,20990.144732849174,True,1,15
1147,allmetal1147 26-02-14 11-43-13.fits,2026-02-14 11:43:13,671.7440635075503,599.1637450676188,4.259765743609011,6.362324297077579,10.030981760186666,14.982128787745726,839.7812207340954,523.3415984735834,16866.200086461693,21083.3562085886,True,1,14
1148,allmetal1148 26-02-14 11-44-13.fits,2026-02-14 11:44:13,671.9415285308966,598.0435097955349,3.7306456936536807,7.808317232359413,8.784999260324078,18.38718193672053,930.2185589439634,425.66651661306264,16834.200162606936,21043.109005151353,True,1,15
1149,allmetal1149 26-02-14 11-45-12.fits,2026-02-14 11:45:12,671.6993768232675,599.4733002092919,4.143115305862506,6.283098554909944,9.756290971119562,14.795566422006926,850.9328469696773,486.38898075621074,16867.037382558206,21084.945965833518,True,1,18
1150,allmetal1150 26-02-14 11-46-13.fits,2026-02-14 11:46:13,671.4674917297652,597.6047838519953,4.163525118529291,8.244786259955923,9.804352407102634,19.41498795193996,848.9729788448209,449.1634785637892,16859.403726635155,21073.842101107846,True,1,16
1151,allmetal1151 26-02-14 11-47-13.fits,2026-02-14 11:47:13,671.7836459006165,597.9085832678443,3.4606158808609355,8.58395368421555,8.149127644403766,20.213666201208042,1039.3047671313843,437.1195001365872,16825.39185472384,21031.358979891276,True,1,17
1152,allmetal1152 26-02-14 11-48-13.fits,2026-02-14 11:48:13,671.5609762625177,598.781025694972,4.298255972005428,8.374945007922264,10.12161932155237,19.72148838068723,848.0943084114202,482.75088202412803,16801.594157579166,21001.019210492374,True,1,15
1153,allmetal1153 26-02-14 11-49-13.fits,2026-02-14 11:49:13,671.6297099926853,596.8660767160945,4.257099402689165,9.0509414580984,10.024703007141726,21.31333837193176,847.7424869083914,404.96589194324235,16836.53653825345,21045.53261594323,True,1,16
1154,allmetal1154 26-02-14 11-50-13.fits,2026-02-14 11:50:13,671.5248795658591,601.0245641250285,4.056451227168021,4.393167851221577,9.55221266142565,10.345119717242113,865.4477008118816,579.4788290762838,16806.96571440676,21011.069098255168,True,1,13
1155,allmetal1155 26-02-14 11-51-13.fits,2026-02-14 11:51:13,671.3575241054962,598.3681389846421,3.9844477485076553,7.853949474848859,9.382657426564261,18.494637656034392,903.4442257542431,446.43538649472214,16868.497518943084,21085.850641549536,True,1,15
1156,allmetal1156 26-02-14 11-52-13.fits,2026-02-14 11:52:13,672.2017159689375,598.6759424106277,4.189383338691205,6.37367568898413,9.865243862268732,15.008859272946275,838.4750154737955,454.1537485651638,16861.92733105058,21078.922111123476,True,1,16
1157,allmetal1157 26-02-14 11-53-13.fits,2026-02-14 11:53:13,670.9321184444711,600.970744331913,4.7303513878284384,5.147680361327581,11.139126268098376,12.121860900266347,760.0606461728814,532.1026207113646,16861.333425132514,21078.762801728273,True,1,14
1158,allmetal1158 26-02-14 11-54-13.fits,2026-02-14 11:54:13,671.9385671192135,600.8779545064801,3.8056759404163856,5.577572787626333,8.961681989384514,13.13418020292164,952.9714703533751,544.6430960096933,16854.447820109555,21069.501365630083,True,1,16
1159,allmetal1159 26-02-14 11-55-12.fits,2026-02-14 11:55:12,671.7165789076572,601.1536793300679,4.142766147415066,5.73701219448186,9.755468765808638,13.509631314152879,888.011311613815,485.1533438535069,16816.39418573719,21022.684789686766,True,1,13
1160,allmetal1160 26-02-14 11-56-12.fits,2026-02-14 11:56:12,671.7783430509253,600.0979639782454,4.112116177229332,6.38437045797274,9.68329360163567,15.03404352933763,883.3428163964566,500.3540134005386,16863.17023646276,21080.034875825342,True,1,14
1161,allmetal1161 26-02-14 11-57-13.fits,2026-02-14 11:57:13,671.5625449496316,599.6407600448143,4.0355241884882025,8.474299118362788,9.502933251259273,19.955449431508796,863.8170096432875,438.75689592516636,16842.335943782997,21052.35152544569,True,1,15
1162,allmetal1162 26-02-14 11-58-13.fits,2026-02-14 11:58:13,672.0937732837141,601.6780384559048,3.912192515039367,5.934527392572005,9.212509354434745,13.974744061813812,927.6956659585142,497.18367328331726,16808.687995110573,21012.521550351452,True,1,15
1163,allmetal1163 26-02-14 11-59-13.fits,2026-02-14 11:59:13,671.0347430803221,601.9088218203218,4.221250008241729,4.109272717548147,9.940284134494682,9.676597765781178,877.7425181542839,603.2851545987484,16868.872277014765,21089.091708965294,True,1,14
1164,allmetal1164 26-02-14 12-00-13.fits,2026-02-14 12:00:13,671.1135069587674,601.145843312396,3.901707764943746,6.551444196157064,9.187819654742437,15.427472117012329,908.6522989788566,475.98827597637063,16850.76036053112,21064.49541378109,True,1,15
1165,allmetal1165 26-02-14 12-01-13.fits,2026-02-14 12:01:13,671.3301487376355,599.4407725484049,3.846256492466585,7.463683050603355,9.057241886790745,17.575630457318525,952.5095293418192,436.00396132793986,16862.27322403888,21078.84369318198,True,1,17
1166,allmetal1166 26-02-14 12-02-13.fits,2026-02-14 12:02:13,670.5964655250233,602.3792122332641,4.079016359475478,6.458757424225992,9.605349487302025,15.209211448559829,859.7630180392299,510.42736302778235,16815.72991106859,21020.17708208152,True,1,14
1167,allmetal1167 26-02-14 12-03-13.fits,2026-02-14 12:03:13,671.1156123808006,601.0668325858342,3.7441167370727095,7.713512785274875,8.81672114339469,18.163934524367786,933.0405280456393,443.49868634461984,16848.436963319804,21060.723626119867,True,1,16
1168,allmetal1168 26-02-14 12-04-13.fits,2026-02-14 12:04:13,670.9593910850688,600.1538412660335,4.72982312047989,9.238186834443153,11.13788229355688,21.75426753748775,754.4187412640492,361.95943949776694,16847.110687914246,21059.437708587786,True,1,16
1169,allmetal1169 26-02-14 12-05-13.fits,2026-02-14 12:05:13,671.1542085006685,600.6319548426743,4.483587980425696,8.5377796776773,10.558042849966261,20.104934725052384,787.3104728848215,432.58924979109565,16854.89973664846,21068.224746245618,True,1,16
1170,allmetal1170 26-02-14 12-06-12.fits,2026-02-14 12:06:12,671.5985023938839,599.9845678874262,4.364008595041542,8.136579454402073,10.276454916291176,19.160180397212986,807.8884384173555,496.55476552362677,16790.97699290508,20987.46150076495,True,1,11
1171,allmetal1171 26-02-14 12-07-13.fits,2026-02-14 12:07:13,670.575929838444,600.265903985382,4.301069897638109,7.459953429194907,10.128245610037432,17.566847870065533,828.0831034329452,509.01837830243124,16838.404128261354,21047.428415254646,True,1,16
1172,allmetal1172 26-02-14 12-08-13.fits,2026-02-14 12:08:13,671.874449111697,600.1570238946653,4.104596213412144,7.967625242206948,9.665585440101049,18.762323631643493,880.1316616141983,435.9785721850365,16878.570775058866,21098.55340870986,True,1,14
1173,allmetal1173 26-02-14 12-09-13.fits,2026-02-14 12:09:13,671.2276767852312,601.6686830983801,4.255592845380847,6.646957168588604,10.021155335793113,15.652387979054607,853.1616727641349,491.9355829541725,16852.971221004136,21067.0973041533,True,1,16
1174,allmetal1174 26-02-14 12-10-13.fits,2026-02-14 12:10:13,670.6073725158776,601.3355987004386,4.398116859193716,8.684552338738998,10.356773740417925,20.450557929383002,802.0739008397167,423.2715944716908,16866.90826650668,21083.272289221448,True,1,16
1175,allmetal1175 26-02-14 12-11-13.fits,2026-02-14 12:11:13,670.5056585602475,600.3006907070207,4.086937357936817,8.307357697261274,9.624002013255444,19.562332426753,878.3562865772258,436.0512183465524,16880.715420388904,21100.814361218272,True,1,17
1176,allmetal1176 26-02-14 12-12-13.fits,2026-02-14 12:12:13,670.9481995489258,602.3990809086135,4.00582716609154,5.281939185067191,9.43300210764188,12.438016269630658,904.8321096873756,527.1656866233039,16864.280056652355,21082.4066416666,True,1,16
1177,allmetal1177 26-02-14 12-13-13.fits,2026-02-14 12:13:13,671.3999556601109,599.582906763883,3.3882725701916296,8.807080098475856,7.978772166315784,20.739088754084094,1049.0563668480709,427.8104586033758,16858.606419990414,21072.73596071118,True,1,16
1178,allmetal1178 26-02-14 12-14-13.fits,2026-02-14 12:14:13,671.1450399969054,603.6604141681505,4.30732113147355,5.258957697797127,10.142966140779306,12.383899002742488,834.3535335863216,463.9595698760993,16868.612974686785,21088.59078902347,True,1,16
1179,allmetal1179 26-02-14 12-15-13.fits,2026-02-14 12:15:13,671.2802760627262,599.2061468309861,4.518330516595804,8.789710167306497,10.639855270554843,20.698185691985678,790.6040110967856,432.91405712520026,16784.989685025987,20980.666802118103,True,1,16
1180,allmetal1180 26-02-14 12-16-12.fits,2026-02-14 12:16:12,670.5228878852175,601.0717730075648,3.886309174178127,9.862699720576897,9.151558744542328,23.22488300013562,902.6381504238567,391.8838156584031,16829.52415715447,21036.031055132422,True,1,16
1181,allmetal1181 26-02-14 12-17-13.fits,2026-02-14 12:17:13,671.0710378830528,601.5771815195699,4.083362495531654,8.916185728563786,9.61558385560554,20.996012878840883,862.3929109561162,410.8844092234482,16856.65078250379,21070.46573520874,True,1,17
1182,allmetal1182 26-02-14 12-18-13.fits,2026-02-14 12:18:13,671.2658163216872,601.6849611187621,4.256969729854987,5.259243315323423,10.024397650952508,12.384571580618623,867.9801943729182,521.0381297345591,16825.3891368872,21034.07340915567,True,1,15
1183,allmetal1183 26-02-14 12-19-13.fits,2026-02-14 12:19:13,670.8063755910881,601.7286987791239,4.333538587285838,8.451941406166227,10.204703531255793,19.9028010426673,810.3443381950688,433.1263118432074,16872.360607512834,21090.08578118062,True,1,15
1184,allmetal1184 26-02-14 12-20-13.fits,2026-02-14 12:20:13,671.1128812096678,604.1849009389575,3.856927351617073,5.0817296554710305,9.082369839816016,11.966558856131403,920.4347958311483,490.8915461091571,16857.9166749508,21074.979511597732,True,1,17
1185,allmetal1185 26-02-14 12-21-13.fits,2026-02-14 12:21:13,671.196943844993,601.7400052931487,3.9115825530700445,9.193290787007934,9.211073003762678,21.648545425044635,911.286511424662,374.5578343907174,16849.22964217718,21061.833621400772,True,1,15
1186,allmetal1186 26-02-14 12-22-13.fits,2026-02-14 12:22:13,671.140928719236,601.341052944903,3.7613401336971317,7.995739552426066,8.857279143009396,18.82852777289969,979.9640075151124,450.21278751009453,16809.970799567727,21012.674491254194,True,1,15
1187,allmetal1187 26-02-14 12-23-13.fits,2026-02-14 12:23:13,671.5863194437954,603.3275801051254,4.108779338936047,8.349873196881548,9.675435947935618,19.662448777483323,866.1406927802649,426.8010524992082,16854.46520231451,21068.069376840307,True,1,18
1188,allmetal1188 26-02-14 12-24-13.fits,2026-02-14 12:24:13,670.8675119215595,601.5909206999629,3.9313371994994775,8.137868489465822,9.257591641157205,19.16321584281985,908.7006366175577,419.7328648622374,16862.790077771002,21078.871125438094,True,1,16
1189,allmetal1189 26-02-14 12-25-13.fits,2026-02-14 12:25:13,671.0522565493383,603.393913466046,4.122348978930237,5.596062683928325,9.70739000819779,13.177720581364115,868.197717375535,504.7367245647865,16829.689642461697,21038.958918213077,True,1,17
1190,allmetal1190 26-02-14 12-26-13.fits,2026-02-14 12:26:13,670.6400822013452,602.5024665472099,4.141087791790298,6.961193563325523,9.751516540340743,16.39235814025936,870.3644812417127,495.35585771795235,16860.42849271563,21075.91745495079,True,1,16
1191,allmetal1191 26-02-14 12-27-12.fits,2026-02-14 12:27:12,671.1198184627182,602.845967477981,4.151274412636232,4.936593154386219,9.77550419929988,11.624788514111232,890.3543910571153,497.70352733712605,16817.706435694927,21025.166323268,True,1,16
1192,allmetal1192 26-02-14 12-28-12.fits,2026-02-14 12:28:12,670.8182102683049,602.5708819515669,4.162485284981432,8.797198150255948,9.80190378622064,20.715818544331896,835.3760053762327,396.8136825625831,16870.409258641936,21087.978261895518,True,1,15
1193,allmetal1193 26-02-14 12-29-13.fits,2026-02-14 12:29:13,670.0799709619093,601.5572908562953,4.0916252318566695,9.18006528101592,9.635041112730491,21.617401738428963,871.3679975833392,404.09103312513645,16859.976632752263,21074.61763346227,True,1,16
1194,allmetal1194 26-02-14 12-30-13.fits,2026-02-14 12:30:13,670.5480312465795,600.946555514649,4.003484655250073,9.583414630361593,9.427485916156693,22.567216871418346,887.7839929754049,396.01743860354446,16809.938959057978,21011.83383399422,True,1,15
1195,allmetal1195 26-02-14 12-31-13.fits,2026-02-14 12:31:13,670.7506767672907,601.586774738055,4.160557734283615,8.359882829008153,9.797364751199607,19.68601965985844,854.8885793533183,418.9837006042454,16821.02530563371,21026.41420588855,True,1,15
1196,allmetal1196 26-02-14 12-32-13.fits,2026-02-14 12:32:13,670.6554855797174,602.9289677288062,4.208369631586636,6.198507596490555,9.90995316535972,14.59636993749257,858.8124874086552,493.79343145944955,16856.979330553433,21072.578863696373,True,1,18
1197,allmetal1197 26-02-14 12-33-13.fits,2026-02-14 12:33:13,670.7255160304871,602.2107687294342,4.294908458704988,6.028956903857413,10.113736530131485,14.197108567831165,823.7732201804004,511.37117804782093,16816.888650413945,21022.22458765992,True,1,15
1198,allmetal1198 26-02-14 12-34-13.fits,2026-02-14 12:34:13,670.6850957309669,601.1859182734079,4.228014851053051,7.595451386767863,9.956214121948268,17.885921176619085,847.2575865184616,420.36128548798587,16845.548993695116,21057.88940693812,True,1,15
1199,allmetal1199 26-02-14 12-35-13.fits,2026-02-14 12:35:13,670.9946223740674,601.7494781407447,4.180349336647089,9.609139400652039,9.843970413168398,22.627794076152103,854.9472053927016,432.38190237930354,16818.77294197718,21022.044351341818,True,1,15
1200,allmetal1200 26-02-14 12-36-13.fits,2026-02-14 12:36:13,670.1190795662827,601.9548501750156,4.391027382003051,9.079461952466868,10.340079297420555,21.38049900376482,798.4069178565221,419.7462613264432,16857.21812173009,21070.77545269331,True,1,16
1201,allmetal1201 26-02-14 12-37-13.fits,2026-02-14 12:37:13,670.1924939104221,603.4412083583316,4.001281336655118,6.99710301104078,9.4222974973637,16.47691842754524,878.1367157501143,430.67520853067424,16831.567601773204,21040.683914812304,True,1,16
1202,allmetal1202 26-02-14 12-38-13.fits,2026-02-14 12:38:13,669.949750458033,602.4376454068026,3.8781846132664635,9.662059178927557,9.132426865650467,22.752410630813888,912.696015221162,379.071678140992,16846.734007361643,21058.116397103335,True,1,18
1203,allmetal1203 26-02-14 12-39-13.fits,2026-02-14 12:39:13,670.8131157030457,603.7898379613606,3.970442014362857,7.618401656562957,9.349676443054715,17.939964931971442,880.4416748651879,444.92570139567397,16848.751150550674,21061.19870689304,True,1,16
1204,allmetal1204 26-02-14 12-40-13.fits,2026-02-14 12:40:13,670.7799626825296,603.5725950617325,3.8574812932030524,8.170496658357612,9.083674272566457,19.24004930895889,922.3918205931109,440.2797557024297,16857.673549134117,21071.995991556127,True,1,16
1205,allmetal1205 26-02-14 12-41-13.fits,2026-02-14 12:41:13,670.0922749949116,603.7865009097028,3.983267353506594,7.431832625309264,9.379877808754708,17.50062843739324,893.2363898029168,450.0256134551063,16829.783920481943,21037.752484365225,True,1,15
1206,allmetal1206 26-02-14 12-42-13.fits,2026-02-14 12:42:13,670.9864065338724,603.4632703455346,4.075489774697537,8.582253794727343,9.597045014776429,20.209663267366878,876.1052607529231,403.25293850019864,16808.73979552843,21011.193372123766,True,1,13
1207,allmetal1207 26-02-14 12-43-13.fits,2026-02-14 12:43:13,669.9300575107833,603.8624240305511,4.087015220491283,9.135505159060337,9.624185365559459,21.512470670038933,868.9513847134621,397.79857919184775,16854.988997166554,21068.53387187373,True,1,16
1208,allmetal1208 26-02-14 12-44-13.fits,2026-02-14 12:44:13,669.6876687773158,605.5873587262143,3.9458670202105335,7.2520215062932625,9.291806754218307,17.077205610014914,865.8481522484559,473.4708727807317,16837.04691420552,21046.266785750853,True,1,15
1209,allmetal1209 26-02-14 12-45-12.fits,2026-02-14 12:45:12,670.8025494017163,606.1493493213499,4.1853242243264885,5.936169371124483,9.855685378397625,13.978610625822697,847.6039304020131,474.56822213235307,16825.61776800687,21033.81009176425,True,1,16
1210,allmetal1210 26-02-14 12-46-12.fits,2026-02-14 12:46:12,669.3154140021575,606.8459612714113,4.03603255665235,7.4779952986772775,9.504130366802464,17.609333225972453,878.963605539549,489.11326454952,16849.04661851317,21061.03885716139,True,1,16
1211,allmetal1211 26-02-14 12-47-12.fits,2026-02-14 12:47:12,669.426078928174,606.0796213624984,4.092674369453647,7.983399175419013,9.637511642973848,18.799468405760244,880.5276379085168,419.61625794396525,16856.28580575133,21070.97840356075,True,1,16
1212,allmetal1212 26-02-14 12-48-13.fits,2026-02-14 12:48:13,669.5466775725112,605.0251978913396,3.563422372714667,8.808614617974659,8.391218432180246,20.742702271359363,986.324189983108,443.3881803826483,16840.268733928304,21049.37892899475,True,1,16
1213,allmetal1213 26-02-14 12-49-13.fits,2026-02-14 12:49:13,670.042117317849,607.5013419871118,4.036195912268362,6.915330428207178,9.504515039881518,16.28435871035472,894.7031786802963,498.0863375855086,16847.592242741768,21059.898525679473,True,1,16
1214,allmetal1214 26-02-14 12-50-13.fits,2026-02-14 12:50:13,669.8081728373985,604.614541482013,4.3439302887756215,8.223200928811565,10.229174118225913,19.364158381482593,865.2598207319945,414.6315414983468,16839.16524681132,21049.810941364194,True,1,16
1215,allmetal1215 26-02-14 12-51-13.fits,2026-02-14 12:51:13,670.3018658136725,608.0909375337543,4.209736662664998,5.8715882613576325,9.913172277545229,13.826533734013374,846.8023511942978,512.5838536230721,16797.27838606798,20997.956882409555,True,1,13
1216,allmetal1216 26-02-14 12-52-13.fits,2026-02-14 12:52:13,671.1157205237704,605.8599456788696,3.9583862101050205,7.5806318683536045,9.321287193529393,17.851023877599484,913.3960459438108,481.45571583741986,16841.347733745773,21051.601037235996,True,1,16
1217,allmetal1217 26-02-14 12-53-13.fits,2026-02-14 12:53:13,670.34503937179,606.7537874419918,3.874597148166792,6.746306540591309,9.123979030922913,15.886337871707815,959.5868701855269,529.507312311419,16791.92994108833,20990.2693121939,True,1,14
1218,allmetal1218 26-02-14 12-54-13.fits,2026-02-14 12:54:13,670.4954540876608,607.3368740056806,4.041011836350588,6.950134118926147,9.51585567444569,16.36631513890081,916.0405446019267,498.3664992353513,16787.904013438587,20985.462652815117,True,1,14
1219,allmetal1219 26-02-14 12-55-13.fits,2026-02-14 12:55:13,670.2303571538861,608.8301328792614,4.191667035477543,7.626101485985649,9.870621557237975,17.958096644639316,856.5870072021827,476.39378522947374,16769.373345460845,20961.61264733331,True,1,14
1220,allmetal1220 26-02-14 12-56-13.fits,2026-02-14 12:56:13,669.2477575539394,608.8637704622381,4.114995239495478,5.292728522357837,9.690073275170883,12.463423217355272,873.7776529697979,552.8300288434867,16844.378273617396,21057.111970326983,True,1,15
1221,allmetal1221 26-02-14 12-57-12.fits,2026-02-14 12:57:12,670.4402605356466,606.9221379742353,3.9264609923321934,8.369138482458021,9.246109050775962,19.70781505813205,904.1155986713583,455.74103319173116,16857.80822907464,21071.613592869886,True,1,16
1222,allmetal1222 26-02-14 12-58-13.fits,2026-02-14 12:58:13,670.7204636337538,608.5628861578028,4.270061563521039,5.184491307035146,10.05522656329554,12.208544053095068,858.7229680699321,527.291922816833,16835.220074682242,21046.309110316757,True,1,14
1223,allmetal1223 26-02-14 12-59-13.fits,2026-02-14 12:59:13,670.5129709990977,608.3436512877978,3.8632407758508434,6.298751727593468,9.097236817754483,14.832426826810421,923.2502179799606,463.1750939397511,16840.587901531235,21052.324316556427,True,1,16
1224,allmetal1224 26-02-14 13-00-13.fits,2026-02-14 13:00:13,670.5116481071973,607.6879920261993,4.209556233985879,7.384167776801834,9.91274740047494,17.38838629668458,865.9836717746197,487.78943869699214,16864.406499867033,21080.614577954573,True,1,16
1225,allmetal1225 26-02-14 13-01-13.fits,2026-02-14 13:01:13,670.8652876355571,606.5932052712594,3.9375660275958126,6.850067198405077,9.272259410415508,16.130675548613272,937.7638922676995,526.9443562104547,16796.171294482087,20995.417054564055,True,1,10
1226,allmetal1226 26-02-14 13-02-13.fits,2026-02-14 13:02:13,670.7521008596341,605.9609138096945,4.177685863076143,7.322234655577844,9.837698412214124,17.242544941374998,845.0401791074901,475.89750400740985,16802.486577396194,21003.220038916857,True,1,14
1227,allmetal1227 26-02-14 13-03-13.fits,2026-02-14 13:03:13,671.1407970890538,607.9591330984526,4.30964220908753,4.90974611849895,10.148431860870776,11.561568575854228,847.1744764222208,619.1820646016819,16843.324416279997,21055.65115525062,True,1,14
1228,allmetal1228 26-02-14 13-04-13.fits,2026-02-14 13:04:13,670.4986597266388,609.5131766349207,4.2115036470376195,5.4029532576002905,9.917333207765134,12.722982633362431,869.0846779047955,595.6357974521784,16830.001840806028,21038.58416794531,True,1,12
1229,allmetal1229 26-02-14 13-05-13.fits,2026-02-14 13:05:13,671.1238125468137,610.7865861180104,4.075630279160451,3.928716879818467,9.597375877502113,9.251421259847973,918.1526275275303,656.6154853041,16814.375054705455,21020.81421915894,True,1,12
1230,allmetal1230 26-02-14 13-06-12.fits,2026-02-14 13:06:12,671.7124006214254,609.3886317197919,4.355125382943676,4.687595038612575,10.255536550378858,11.038442759912519,833.7674561586606,668.0156671717759,16830.400021195892,21039.2234149899,True,1,13
1231,allmetal1231 26-02-14 13-07-12.fits,2026-02-14 13:07:12,671.5373686840483,609.4421974773423,4.362383295821967,3.979651007054519,10.272627629109746,9.371361963639584,841.3700268267249,566.6186101658956,16838.159941671336,21051.16473897215,True,1,16
1232,allmetal1232 26-02-14 13-08-13.fits,2026-02-14 13:08:13,671.966208110711,607.5027661450006,4.227872839388615,7.051025043600307,9.955879710034226,16.603895110685226,893.215066989874,503.985984361354,16866.740601311973,21083.971094840817,True,1,15
1233,allmetal1233 26-02-14 13-09-13.fits,2026-02-14 13:09:13,671.3479374868899,606.1453143508379,4.164321940757238,8.62294673592551,9.806228780057328,20.305487820991587,886.4614812458827,441.7856291792128,16822.35527668584,21027.655287779216,True,1,14
1234,allmetal1234 26-02-14 13-10-13.fits,2026-02-14 13:10:13,671.2781210677393,608.0823376708082,4.249295403353326,5.805756788743063,10.006325993074284,13.671512462706678,835.8109998362557,554.5174358054454,16833.351124481735,21042.50212647783,True,1,13
1235,allmetal1235 26-02-14 13-11-13.fits,2026-02-14 13:11:13,671.7535107224813,607.8236638597217,4.149764292628942,6.7729968996609875,9.77194813843631,15.949188864254166,865.3701467066435,472.4726805302221,16846.866009357043,21059.539696400356,True,1,16
1236,allmetal1236 26-02-14 13-12-13.fits,2026-02-14 13:12:13,671.6650688363964,607.2653653441782,4.452306248796192,5.567321642659266,10.484380001281826,13.110040601268672,820.3408708183462,580.2821719473255,16833.449038176746,21042.84379181303,True,1,15
1237,allmetal1237 26-02-14 13-13-13.fits,2026-02-14 13:13:13,670.9590236657963,605.9277939586273,4.3566753311179784,7.682559063023309,10.259186399408463,18.091044078741476,847.5866101837601,475.50571301248755,16839.343652215266,21049.276400809907,True,1,15
1238,allmetal1238 26-02-14 13-14-13.fits,2026-02-14 13:14:13,669.8893633290812,607.2391735277018,4.387943551700164,5.025739788069672,10.332817432007843,11.83471279405606,822.8786414711323,601.6849245448705,16845.418909697688,21058.21013377422,True,1,16
1239,allmetal1239 26-02-14 13-15-13.fits,2026-02-14 13:15:13,671.214130151146,607.1284858207894,4.094684017477889,4.84234746330821,9.642244002424793,11.402856871602943,887.3468436591799,533.5871742087295,16851.52453472372,21066.974938950072,True,1,16
1240,allmetal1240 26-02-14 13-16-12.fits,2026-02-14 13:16:12,671.0017895787267,605.6602358195065,4.353079137021604,7.153337239433846,10.2507180094645,16.844821920285174,857.1644216933952,560.6149394670742,16851.1015675501,21063.194091321988,True,1,15
1241,allmetal1241 26-02-14 13-17-12.fits,2026-02-14 13:17:12,670.2211173238992,606.5699508816532,4.006032055083454,8.17924855179295,9.433484584347045,19.260658443052403,915.1006923570449,449.88641337419483,16852.328042569876,21065.3762477284,True,1,16
1242,allmetal1242 26-02-14 13-18-13.fits,2026-02-14 13:18:13,669.7800867730699,608.9880989779892,5.0457910784198035,5.243061938105796,11.881929974501285,12.346467349190346,748.0021907665301,663.5303985343545,16795.59556733859,20995.217395723343,True,1,11
1243,allmetal1243 26-02-14 13-19-13.fits,2026-02-14 13:19:13,670.7581208189703,607.4826286472331,4.7390626450099305,8.34308632334255,11.159639711126774,19.6464669116306,791.8784485290648,473.3029656237938,16807.34314197142,21008.69903069215,True,1,14
1244,allmetal1244 26-02-14 13-20-13.fits,2026-02-14 13:20:13,670.6488487011512,609.5568912533623,4.037085902440475,5.33835827788047,9.506610806578689,12.57087308030983,899.9558122941617,603.8199351070592,16831.36556315603,21040.210074667208,True,1,14
1245,allmetal1245 26-02-14 13-21-13.fits,2026-02-14 13:21:13,671.2445585168997,608.5035243819605,4.28336621695142,7.206560659883285,10.08655662788559,16.970153497624626,838.6849122296077,461.9128953141449,16861.797814110403,21077.892507347042,True,1,15
1246,allmetal1246 26-02-14 13-22-12.fits,2026-02-14 13:22:12,670.6205810059331,608.5944831553855,4.0047156615604695,8.085584291667946,9.430384714491973,19.040095965807048,902.2270197572728,496.4249945095229,16829.74151896054,21036.195976005354,True,1,15
1247,allmetal1247 26-02-14 13-23-12.fits,2026-02-14 13:23:12,670.830477668102,607.9700958207155,4.4815854843045235,7.284266512737918,10.553327331960027,17.15313679754294,821.238279783763,507.747190583015,16832.2011570941,21040.207099818424,True,1,12
1248,allmetal1248 26-02-14 13-24-13.fits,2026-02-14 13:24:13,671.4627256099312,608.8076284972803,4.396606724960069,8.297623557791178,10.353217646053844,19.53941028000769,837.4954042076681,484.26822433857,16830.781444496075,21037.653981590043,True,1,14
1249,allmetal1249 26-02-14 13-25-13.fits,2026-02-14 13:25:13,671.4704498003623,607.7019747232823,4.3389353090240546,5.280075014002059,10.2174118397824,12.43362648223912,888.7056957536645,602.6735775500949,16819.416679548467,21025.920413536638,True,1,16
1250,allmetal1250 26-02-14 13-26-13.fits,2026-02-14 13:26:13,671.2062876180964,608.7026736444382,4.133711772253284,4.412007470259042,9.734147341682444,10.389483629792283,893.9190434042695,646.1898079186608,16740.205857804547,20927.323844827824,True,1,10
1251,allmetal1251 26-02-14 13-27-13.fits,2026-02-14 13:27:13,670.8408636500905,607.5642003204126,4.320447800486975,6.6139347923126035,10.173877084096604,15.574626225465327,850.9927689023992,540.4732427625679,16877.04059016482,21096.550458222137,True,1,16
1252,allmetal1252 26-02-14 13-28-13.fits,2026-02-14 13:28:13,671.0298129998118,607.979461960785,4.630546397150704,6.827305901177553,10.90410347545632,16.07707678965099,791.4499173114091,515.1004122129286,16842.0629644418,21052.941230280318,True,1,14
1253,allmetal1253 26-02-14 13-29-13.fits,2026-02-14 13:29:13,671.2319935900524,607.735489454632,4.306973890130282,5.302186179504252,10.142148449903713,12.48569429798268,854.9088546061994,604.6621317045458,16835.151108542435,21045.104171411913,True,1,14
1254,allmetal1254 26-02-14 13-30-13.fits,2026-02-14 13:30:13,671.030900691995,609.4678469777947,3.9792545505282804,5.4902178462961295,9.370428379864615,12.928475036044773,918.7240074810568,623.5650184537151,16851.01107529023,21064.33255717186,True,1,11
1255,allmetal1255 26-02-14 13-31-13.fits,2026-02-14 13:31:13,670.7904198243086,607.4150520440294,3.986482425229007,8.009330861170314,9.38744872409286,18.860532859168853,933.4138164007908,477.4931974310995,16861.172454299303,21076.212547162253,True,1,16
1256,allmetal1256 26-02-14 13-32-13.fits,2026-02-14 13:32:13,671.0728471976656,607.6455288177474,4.1229287913239245,6.66213024671156,9.708755362044801,15.688117847563365,879.8275668271373,551.7581222139714,16843.162726669274,21053.834886723856,True,1,13
1257,allmetal1257 26-02-14 13-33-12.fits,2026-02-14 13:33:12,670.3584698109521,609.1822750768048,3.8844847565651697,5.183695659353062,9.14726256937683,12.206670445984514,923.9262431963915,595.5459860358701,16856.781068555705,21072.204799554893,True,1,16
1258,allmetal1258 26-02-14 13-34-12.fits,2026-02-14 13:34:12,671.1552562031668,610.4929128489666,4.4382161142122385,5.219099733693911,10.451200269926348,12.290040669918112,833.7540426868767,554.8636142992204,16800.016813507176,21001.990316263466,True,1,13
1259,allmetal1259 26-02-14 13-35-12.fits,2026-02-14 13:35:12,670.6551761808754,609.2196397272872,4.001821437050065,6.983985007055509,9.423569336600053,16.44602788880993,886.4265173740333,526.4206628560747,16766.26811389326,20957.51889252492,True,1,11
1260,allmetal1260 26-02-14 13-36-13.fits,2026-02-14 13:36:13,671.5921681764837,608.7814959614574,4.281533059273045,7.168663839316225,10.08223987143885,16.880913304910372,886.4634612398411,560.746038860339,16805.255692467043,21006.020367180092,True,1,12
1261,allmetal1261 26-02-14 13-37-13.fits,2026-02-14 13:37:13,671.4035573418503,608.2878918300424,3.993124152317717,8.399561183584463,9.403088796174977,19.77945504456858,933.5868497684451,454.031049476651,16841.756617008916,21051.985906275433,True,1,15
1262,allmetal1262 26-02-14 13-38-13.fits,2026-02-14 13:38:13,671.4136378450249,610.5737104256672,4.165894559384686,5.526461623132868,9.809932013924433,13.013822608247555,891.0978165585369,608.0432419007564,16818.56706680262,21024.07022235528,True,1,12
1263,allmetal1263 26-02-14 13-39-13.fits,2026-02-14 13:39:13,671.6284088490459,609.9401134656716,4.155125746058052,6.977461257979536,9.784573396441678,16.430665633717076,852.6735056158996,550.8441363613766,16842.09851730445,21051.887490410805,True,1,14
1264,allmetal1264 26-02-14 13-40-13.fits,2026-02-14 13:40:13,671.3757255564072,608.8707546621717,4.521317044660738,8.19217594582456,10.646888006707197,19.29110012964805,843.5927652537264,464.10169899053153,16720.053392879767,20900.0964768085,True,1,8
1265,allmetal1265 26-02-14 13-41-12.fits,2026-02-14 13:41:12,671.2361772169522,610.9587528731755,4.394596218650907,5.765417327702488,10.348483265496368,13.576520291242588,860.3407800379928,522.7293642112946,16841.91079189362,21054.266251592202,True,1,16
1266,allmetal1266 26-02-14 13-42-12.fits,2026-02-14 13:42:12,671.1247226546957,611.1510753434371,4.06753526082541,3.6130935722225153,9.578313566061865,8.508185168442058,912.5075396750136,759.2946366437812,16722.04160674785,20904.92217721162,True,1,3
1267,allmetal1267 26-02-14 13-43-13.fits,2026-02-14 13:43:13,671.2364968260102,608.9703728449417,4.09098269352152,7.53990291458501,9.63352805057918,17.75511452085206,909.8750825168594,553.963696605488,16747.782515347582,20933.615462466994,True,1,3
1268,allmetal1268 26-02-14 13-44-13.fits,2026-02-14 13:44:13,671.8182469641783,609.8410482444732,4.310648358028619,4.494906470709887,10.150801160565539,10.584695857766963,862.4686288724243,685.0553810771983,16832.680359343503,21042.413515735854,True,1,7
1269,allmetal1269 26-02-14 13-45-13.fits,2026-02-14 13:45:13,671.3236189482122,609.8443205076567,4.360990130144821,6.06636819829279,10.269346974647153,14.285205433878147,868.4071027520581,520.3839172702142,16798.410242916772,20999.5556390951,True,1,13
1270,allmetal1270 26-02-14 13-46-13.fits,2026-02-14 13:46:13,671.4959846867301,608.0957224842205,4.03915691321297,6.9994140406146546,9.511487664259237,16.48236048631046,907.2982333400213,561.528707794775,16849.98977296784,21061.83693223495,True,1,12
1271,allmetal1271 26-02-14 13-47-13.fits,2026-02-14 13:47:13,671.5617655175046,608.9790849138117,4.342982820619174,6.471159750114401,10.226943001219082,15.23841669416686,852.5346864810477,592.2087477118697,16811.493046703476,21014.04873538021,True,1,7
1272,allmetal1272 26-02-14 13-48-13.fits,2026-02-14 13:48:13,670.6580250805715,610.795695873,4.318456582673901,5.2742735014204944,10.169188124476356,12.41996496412055,846.6380547698149,620.191772800698,16839.564329447592,21050.398111220202,True,1,14
1273,allmetal1273 26-02-14 13-49-13.fits,2026-02-14 13:49:13,670.2744401989131,610.2533033107449,4.248920866693154,4.26997582810333,10.005444026639312,10.05502467181535,853.1929604411264,693.6434884322983,16872.378201622058,21092.096450927067,True,1,8
1274,allmetal1274 26-02-14 13-50-13.fits,2026-02-14 13:50:13,670.7037439860885,609.8523352489426,4.451635533459718,4.069499475760866,10.482800587362986,9.582938938764627,838.1941182344369,717.0814614333414,16833.97338350483,21044.457276377438,True,1,6
1275,allmetal1275 26-02-14 13-51-13.fits,2026-02-14 13:51:13,670.9746773632219,607.9848942391226,4.299177619908214,7.128497460695579,10.12378963650831,16.78632871139817,851.5640815097626,511.572246345901,16862.60638328974,21078.29294405254,True,1,10
1276,allmetal1276 26-02-14 13-52-13.fits,2026-02-14 13:52:13,671.1271564389166,607.052693079623,4.346393495422818,6.274975979018244,10.234974526613787,14.776439217479867,874.2059218644341,591.7368534195036,16865.10680280552,21081.59526557323,True,1,9
1277,allmetal1277 26-02-14 13-53-12.fits,2026-02-14 13:53:12,670.6102648886856,609.2927229063096,4.23772056298653,6.493588371199545,9.97906932696052,15.291232060680562,835.9893673914456,580.5479934081802,16841.102964648737,21050.822669111407,True,1,14
1278,allmetal1278 26-02-14 13-54-13.fits,2026-02-14 13:54:13,671.415946900711,608.2599961553017,4.002327260119827,7.19588993238093,9.424760458903968,16.945025854607017,885.1965583422208,471.92128694596454,16861.530782203867,21077.27320018166,True,1,15
1279,allmetal1279 26-02-14 13-55-13.fits,2026-02-14 13:55:13,671.1337438408283,609.7894354772261,4.181985163556924,4.748143085287985,9.847822491165877,11.181022513911245,873.8269457154947,648.6975859259512,16868.453085765424,21086.971984158277,True,1,16
1280,allmetal1280 26-02-14 13-56-13.fits,2026-02-14 13:56:13,670.8061176436497,609.5044596604098,4.3670239085206095,6.008253968804335,10.283555436913733,14.148356881377206,847.3498045959514,552.0770005774376,16866.663656729066,21084.268033973327,True,1,15
1281,allmetal1281 26-02-14 13-57-13.fits,2026-02-14 13:57:13,670.6080663452245,610.3827534229542,4.466652828960346,4.179538268910658,10.51816361583002,9.842060494604771,844.3162245059465,707.2630837107839,16833.319401852226,21043.644847403437,True,1,13
1282,allmetal1282 26-02-14 13-58-13.fits,2026-02-14 13:58:13,670.9847166685925,608.5371815935761,4.59749484539614,5.20589847585564,10.826273018865296,12.258954083340928,809.864655098411,619.722828432925,16858.67652278324,21074.562578526118,True,1,10
1283,allmetal1283 26-02-14 13-59-13.fits,2026-02-14 13:59:13,670.7756882493175,607.2299819572137,4.550697943389381,5.577235408948099,10.71607473597443,13.133385736847368,806.8763319002918,670.4893943856476,16811.44299671423,21014.138203807055,True,1,3
1284,allmetal1284 26-02-14 14-00-13.fits,2026-02-14 14:00:13,670.4300562338333,608.2463142503531,4.057723269422585,6.497650538632548,9.555208092024822,15.300797733978069,882.7522156602716,561.3153826128475,16779.1854275288,20973.822018679206,True,1,15
1285,allmetal1285 26-02-14 14-01-13.fits,2026-02-14 14:01:13,670.586860368323,609.494784281644,4.6479138568584615,4.588823357755847,10.945000717707416,10.805853225949695,796.1173181122861,641.2804082913782,16839.33184504508,21051.019227051413,True,1,14
1286,allmetal1286 26-02-14 14-02-12.fits,2026-02-14 14:02:12,671.6100865394748,606.6849362782218,4.304124141762834,6.9172795363997714,10.135437805324754,16.288948509396572,862.2143334408878,574.4936202854333,16809.173209483142,21010.82307342681,True,1,11
1287,allmetal1287 26-02-14 14-03-12.fits,2026-02-14 14:03:12,670.1569561476019,607.8763989128473,4.206941385783723,6.921416389297887,9.90658990351379,16.2986900535244,875.9988613318362,517.844436203357,16832.927643215862,21041.406933932732,True,1,14
1288,allmetal1288 26-02-14 14-04-13.fits,2026-02-14 14:04:13,670.0475049350156,609.4700659302962,4.3227125325781515,7.1758934202793965,10.179210120621532,16.89793766707962,834.7108546079231,492.5373270116395,16832.339489113336,21040.605063055344,True,1,13
1289,allmetal1289 26-02-14 14-05-13.fits,2026-02-14 14:05:13,671.0977466764268,609.404887949176,4.376759232303979,4.533763055705682,10.306480372503678,10.67619612299651,844.6371335936138,680.4446733110245,16844.032471347713,21056.538197860973,True,1,10
1290,allmetal1290 26-02-14 14-06-13.fits,2026-02-14 14:06:13,670.7730713736047,610.5795336774437,4.608894663419863,3.4551737015134885,10.853117538857264,8.136312291387744,801.8575409265729,758.8521315247744,16827.461962243437,21036.95576761173,True,1,5
1291,allmetal1291 26-02-14 14-07-13.fits,2026-02-14 14:07:13,671.4274118339977,607.871805247284,3.895370424745087,6.747874916823193,9.172896359010453,15.890031115496804,940.0123741659128,584.4420122539636,16810.21053768915,21012.072759520495,True,1,9
1292,allmetal1292 26-02-14 14-08-13.fits,2026-02-14 14:08:13,672.0341934348738,609.4717571513833,4.194969657152484,6.278013061824105,9.878398636959279,14.783591000949526,891.1496451638153,586.976457770517,16767.698716333154,20959.753867001036,True,1,14
1293,allmetal1293 26-02-14 14-09-13.fits,2026-02-14 14:09:13,670.6621200825283,611.5646820283697,4.317163884274891,5.033447434926923,10.166144052374188,11.852862915375532,812.7300242531921,640.3661016479382,16816.830485652838,21021.73682872545,True,1,12
1294,allmetal1294 26-02-14 14-10-13.fits,2026-02-14 14:10:13,671.1726098547028,609.2148082184642,3.8147481954698312,6.77265957264047,8.983045517438,15.948394519824522,978.7896240280124,552.7234181290304,16772.25676658379,20965.297528083407,True,1,5
1295,allmetal1295 26-02-14 14-11-13.fits,2026-02-14 14:11:13,670.4754648989499,609.8300762809789,4.4664008534494695,6.981697407688837,10.51757025884615,16.440641003966288,847.621121212912,572.5270924802519,16850.990911973284,21063.221169986227,True,1,9
1296,allmetal1296 26-02-14 14-12-13.fits,2026-02-14 14:12:13,671.7121034541885,610.6741680671456,3.928851540412433,5.687767332648445,9.25173836131392,13.393668526392773,933.0922673832061,549.0159444760802,16798.250584660167,20999.143178353443,True,1,13
1297,allmetal1297 26-02-14 14-13-13.fits,2026-02-14 14:13:13,671.1313091476854,609.113740066815,4.2183803906132935,6.348130777666826,9.93352670138167,14.94870560372775,854.7668608408079,508.47350563188525,16800.036539693738,21000.97066802351,True,1,13
1298,allmetal1298 26-02-14 14-14-12.fits,2026-02-14 14:14:12,671.2846703045051,609.8645349245273,4.023668513212999,6.563030884453163,9.475015269473847,15.454756682867508,917.3702350200427,521.6154212197836,16829.355116739913,21037.34947615597,True,1,16
1299,allmetal1299 26-02-14 14-15-12.fits,2026-02-14 14:15:12,671.6895975996908,606.405110361849,4.126893178850311,6.99929071358557,9.718090781258208,16.48207007335028,886.0138457279976,547.4137413821165,16764.54261918379,20955.249837694773,True,1,12
1300,allmetal1300 26-02-14 14-16-12.fits,2026-02-14 14:16:12,670.3312343791164,609.6190302274958,4.6381805602931285,4.645464826688586,10.922080555851139,10.939233692372506,824.4123769204361,725.7008949657913,16783.39704789077,20980.354110995715,True,1,4
1301,allmetal1301 26-02-14 14-17-13.fits,2026-02-14 14:17:13,670.5581651316037,608.4687290614871,4.297287228293959,6.12508007222791,10.119338104442104,14.423461331501898,871.9196775383513,542.96120941105,16816.896047929713,21022.15112714692,True,1,12
1302,allmetal1302 26-02-14 14-18-13.fits,2026-02-14 14:18:13,671.7028007108495,608.5685151524434,4.4799580296289,3.9488098110609786,10.54949496906749,9.298736497101268,840.7324880752243,686.7768958199017,16798.56087443473,21000.782369159217,True,1,4
1303,allmetal1303 26-02-14 14-19-13.fits,2026-02-14 14:19:13,671.232839153938,607.9756651676489,4.262492541781927,5.500477413034171,10.037402879183002,12.952634469452848,840.9307142219427,607.1594418251013,16817.075850751084,21021.944039769653,True,1,12
1304,allmetal1304 26-02-14 14-20-13.fits,2026-02-14 14:20:13,671.9646259435605,606.5540350999564,4.3518687281672825,4.941355306811306,10.24786771443166,11.63600252609932,867.0929258972616,566.1818904303506,16810.411173359524,21015.40253053695,True,1,14
1305,allmetal1305 26-02-14 14-21-13.fits,2026-02-14 14:21:13,670.7931786955334,606.5682365638896,5.085090910699673,4.6009320421671145,11.974474007320275,10.834366998720302,721.5935486731429,649.367648399795,16841.400200333763,21053.418902001766,True,1,13
1306,allmetal1306 26-02-14 14-22-13.fits,2026-02-14 14:22:13,671.9041076954219,605.52818365429,4.332244387199197,4.438546823853643,10.201655922949492,10.451979031619013,837.2861906680616,643.8874883515757,16855.763778176984,21071.58812983476,True,1,15
1307,allmetal1307 26-02-14 14-23-13.fits,2026-02-14 14:23:13,672.1131045335458,606.89652581983,4.5655271489150735,4.278443885722668,10.750994846398216,10.074965423639842,813.9231474928517,637.7169619250126,16841.80890533781,21054.67853960231,True,1,13
1308,allmetal1308 26-02-14 14-24-13.fits,2026-02-14 14:24:13,671.7102941638408,607.0857457195449,4.448341802894772,6.6587750699900266,10.475044444605722,15.680217010164878,825.5360813313013,606.3245703885209,16831.37811918089,21038.328898211814,True,1,5
1309,allmetal1309 26-02-14 14-25-13.fits,2026-02-14 14:25:13,671.1164239874963,607.4207750613618,4.18277569666529,6.846684738069261,9.84968405437572,16.122710463212968,879.7826048005443,496.47776436703646,16839.913105582935,21050.578517697617,True,1,16
1310,allmetal1310 26-02-14 14-26-12.fits,2026-02-14 14:26:12,671.3790745408489,607.631696689092,4.278333839053948,5.393484583882223,10.074706283538452,12.700685610691268,827.1746324203186,534.6183926592997,16852.31110933332,21066.993405739366,True,1,14
1311,allmetal1311 26-02-14 14-27-12.fits,2026-02-14 14:27:12,671.655656913304,607.3016314021015,4.491582122677495,4.850244197454382,10.576867616383625,11.421452259460628,846.5917288449194,598.1583900675497,16766.78473051426,20960.687240449613,True,1,14
1312,allmetal1312 26-02-14 14-28-12.fits,2026-02-14 14:28:12,671.5879071077006,605.8771672514533,4.136551513939901,4.607914956185481,9.740834422328799,10.85081050462348,904.635339517438,652.1740454029859,16808.822671732443,21012.832201729223,True,1,9
1313,allmetal1313 26-02-14 14-29-13.fits,2026-02-14 14:29:13,670.7827791613051,605.6993245986977,5.040448174617149,6.848342015481517,11.869348397528121,16.126613053283528,735.2022729450649,562.6208561543569,16820.76098817461,21025.590733403133,True,1,8
1314,allmetal1314 26-02-14 14-30-13.fits,2026-02-14 14:30:13,670.7846584555391,604.845581206765,4.521128165431737,4.5009205164933705,10.646443230112656,10.598857853329642,856.2051766603703,715.6793536672639,16745.134225398968,20933.008407384365,True,1,5
1315,allmetal1315 26-02-14 14-31-13.fits,2026-02-14 14:31:13,670.6470088728283,606.0863563856113,4.273945966340605,5.620002253782041,10.064373632918029,13.234093960325064,853.583919717859,619.5308720256307,16829.64327346231,21037.461435180012,True,1,10
1316,allmetal1316 26-02-14 14-32-13.fits,2026-02-14 14:32:13,670.8027187769226,607.544467395976,4.180462428178548,4.1842762590293825,9.8442367233736,9.853217608709503,855.1637710019916,714.1267468914059,16801.909260945005,21003.823178734405,True,1,3
1317,allmetal1317 26-02-14 14-33-13.fits,2026-02-14 14:33:13,671.140307400115,607.0495693253945,4.218858229539257,4.765073592896956,9.934651926062823,11.220890812601397,886.9095260121632,677.633572111494,16838.28658967797,21049.113440280413,True,1,7
1318,allmetal1318 26-02-14 14-34-13.fits,2026-02-14 14:34:13,670.8226326230329,606.4017206133728,4.042381834815072,5.5283266958656885,9.51908177429152,13.018214518904239,898.5539719102311,594.2950072774975,16836.627483188247,21046.63337953406,True,1,13
1319,allmetal1319 26-02-14 14-35-13.fits,2026-02-14 14:35:13,670.559471901537,605.6985373907797,4.769715870872644,4.302720572152319,11.231822541833154,10.132132651471316,781.5769084900135,694.7321559118329,16840.164485144236,21052.013760369457,True,1,8
1320,allmetal1320 26-02-14 14-36-13.fits,2026-02-14 14:36:13,671.3070407378679,605.6034096919503,4.2413599579594905,6.545686564692374,9.987639447194633,15.413913931027375,849.8591299041456,565.0798818139891,16836.507587332228,21045.403704679073,True,1,9
1321,allmetal1321 26-02-14 14-37-12.fits,2026-02-14 14:37:12,671.3519123422676,605.4470844841799,4.221991364570285,5.256611431922435,9.942029895237678,12.378373968829791,867.883185774311,552.5980648692607,16822.446269075605,21029.916760686086,True,1,15
1322,allmetal1322 26-02-14 14-38-12.fits,2026-02-14 14:38:12,670.9902674952043,605.0325466385272,4.419063399456144,6.070250589905832,10.406099073301938,14.2943477674712,826.137608355905,613.8342759051172,16819.131965314682,21023.730451630454,True,1,11
1323,allmetal1323 26-02-14 14-39-13.fits,2026-02-14 14:39:13,671.094384736024,604.9833416592916,4.279986984732501,7.207892998738449,10.078599144119664,16.973290915867537,889.3340943204331,571.6146480408518,16824.553847388313,21029.9241675274,True,1,15
1324,allmetal1324 26-02-14 14-40-13.fits,2026-02-14 14:40:13,671.129932837621,604.140887944194,4.038259181728907,6.661957887823916,9.509373668165509,15.687711973399802,902.7764990176106,498.32831685370064,16835.424001511186,21045.077528802165,True,1,16
1325,allmetal1325 26-02-14 14-41-13.fits,2026-02-14 14:41:13,671.3964376507057,604.5153812630618,4.218317457494041,5.6237863943131785,9.933378505210957,13.243004930301,857.8106722827764,624.4001332412355,16787.48103213165,20984.61327380555,True,1,6
1326,allmetal1326 26-02-14 14-42-13.fits,2026-02-14 14:42:13,671.0405150469588,607.1044596591179,4.66727687113471,5.451030173216166,10.990597131857347,12.836195117957956,786.6108507695465,611.253567449573,16826.317452214804,21033.727549533683,True,1,12
1327,allmetal1327 26-02-14 14-43-13.fits,2026-02-14 14:43:13,670.9779892368574,606.6710164436948,4.4728926880341255,5.91991191762242,10.532857361055123,13.94032724843488,861.0264802910434,552.0610954376083,16840.749433619734,21052.36421398061,True,1,16
1328,allmetal1328 26-02-14 14-44-13.fits,2026-02-14 14:44:13,671.4442845222502,605.6893988793017,4.834214146606298,5.382794552360911,11.383704374400695,12.67551251018287,786.0060626125868,652.9153418666871,16825.294929944313,21032.316828102925,True,1,13
1329,allmetal1329 26-02-14 14-45-13.fits,2026-02-14 14:45:13,670.7395388831071,605.6200527609188,4.310471564191787,5.654925965536185,10.15038484289473,13.316333016810603,843.9413816262231,552.0438863126803,16829.262831592267,21037.841689229044,True,1,14
1330,allmetal1330 26-02-14 14-46-13.fits,2026-02-14 14:46:13,671.2210212645604,606.7548041887557,4.170465018554701,3.6751132690208657,9.82069462279298,8.654230393649554,913.076553569319,656.2312529724397,16788.031152554937,20988.45674210445,True,1,13
1331,allmetal1331 26-02-14 14-47-12.fits,2026-02-14 14:47:12,670.0703668532038,607.5889465954064,4.403583827511975,5.464256522404389,10.369647466999309,12.867340790148962,839.6962404530792,582.804036966181,16830.04633503696,21038.813881537586,True,1,12
1332,allmetal1332 26-02-14 14-48-12.fits,2026-02-14 14:48:12,670.6467440411806,606.0222972035667,4.348560407655408,4.991676649813137,10.240077214974912,11.754500233292909,828.3152984908363,631.3236709912396,16844.229044766635,21056.389358203505,True,1,15
1333,allmetal1333 26-02-14 14-49-13.fits,2026-02-14 14:49:13,671.2151670469821,605.275642443145,4.407620942065071,6.743104430771248,10.379154145273025,15.878797479317143,848.3508384887166,521.2008907667811,16814.925932165766,21019.207446017852,True,1,13
1334,allmetal1334 26-02-14 14-50-13.fits,2026-02-14 14:50:13,670.9659288380017,604.2929765452654,4.42316517634706,6.806606942543037,10.41575801974491,16.028334466947168,824.8929932190489,469.73892822780493,16834.57126634305,21044.318834530197,True,1,16
1335,allmetal1335 26-02-14 14-51-13.fits,2026-02-14 14:51:13,670.352605372147,604.4681006404381,4.40050252033275,5.602330721903503,10.362391543088771,13.192480682831077,832.3812811169419,645.5082063953028,16773.662094924395,20967.191556301997,True,1,7
1336,allmetal1336 26-02-14 14-52-13.fits,2026-02-14 14:52:13,671.7452402543611,603.3755390534928,3.8614548462964575,7.465108560653875,9.093031275040802,17.578987276959882,964.19625740027,555.6535682236471,16850.254938145834,21061.77877956099,True,1,13
1337,allmetal1337 26-02-14 14-53-13.fits,2026-02-14 14:53:13,670.8193691578499,604.2274095582276,4.081935609878973,7.124008526001458,9.612223796668639,16.775758077999622,902.3195030060518,553.4051308943128,16812.972313587,21015.580772507958,True,1,13
1338,allmetal1338 26-02-14 14-54-13.fits,2026-02-14 14:54:13,670.6736482075241,605.0645935800148,3.982923510443633,5.3929691369591435,9.379068120217703,12.69947182594465,927.9593178230375,575.654377859082,16817.491815978563,21023.31270197034,True,1,15
1339,allmetal1339 26-02-14 14-55-12.fits,2026-02-14 14:55:12,670.680421451162,602.7815142151218,3.9787627825219363,7.2283305344078,9.36927035470577,17.021417634532764,943.4753622034252,499.2203549831193,16787.83473180506,20985.14917699562,True,1,15
1340,allmetal1340 26-02-14 14-56-12.fits,2026-02-14 14:56:12,670.0390591950243,603.7419598413219,4.135710665513461,7.533003575522934,9.738854375599384,17.73886781893122,875.8614572338324,501.26650932510006,16852.727512815847,21065.533071582355,True,1,14
1341,allmetal1341 26-02-14 14-57-12.fits,2026-02-14 14:57:12,670.7152011199,605.9374520673198,4.112797615311829,5.695388511157414,9.684898265691782,13.411615030312452,907.4211802356695,550.9194038301748,16828.30872172662,21036.840773748412,True,1,14
1342,allmetal1342 26-02-14 14-58-13.fits,2026-02-14 14:58:13,670.5240696365344,604.9024950610404,3.9966085767516453,4.809292137525724,9.411293988677388,11.325017527855316,962.124056040405,588.8726097081883,16782.476116872203,20980.57527074747,True,1,9
1343,allmetal1343 26-02-14 14-59-13.fits,2026-02-14 14:59:13,670.8312342453465,603.0305429344177,4.227925559063269,7.569004443911448,9.95600385538087,17.82364338545101,857.3982659458419,521.928042730671,16850.01908772039,21061.727173783638,True,1,15
1344,allmetal1344 26-02-14 15-00-13.fits,2026-02-14 15:00:13,670.1123985004308,604.3020787225686,4.251908496234416,7.138736318104154,10.012479356570202,16.8104393780621,875.3403859603648,532.1086032230637,16866.52864248372,21082.973012089562,True,1,15
1345,allmetal1345 26-02-14 15-01-13.fits,2026-02-14 15:01:13,670.3717890312324,605.148585938852,4.31156780998454,6.512918615865689,10.152966304461787,15.33675130829575,872.6621919788996,557.0424041931784,16849.434144757244,21062.122092936534,True,1,16
1346,allmetal1346 26-02-14 15-02-13.fits,2026-02-14 15:02:13,670.6949095148124,605.7981987248274,4.409587058449101,5.108663283332414,10.383783995545002,12.029982702904794,837.0295341149316,642.4326575707848,16853.58449127754,21067.981753753676,True,1,10
1347,allmetal1347 26-02-14 15-03-13.fits,2026-02-14 15:03:13,670.7561321204296,604.7212011335514,4.561062900935355,3.9083291307837356,10.740482345769585,9.203411779747928,816.9725871301854,736.905578286385,16831.38643977058,21041.3044299185,True,1,12
1348,allmetal1348 26-02-14 15-04-13.fits,2026-02-14 15:04:13,669.8514412227711,602.9386731062749,4.134468578803585,6.949611916671156,9.735929484917301,16.365085446563192,896.3130293882816,506.98865889758866,16853.825774940164,21067.72872072894,True,1,16
1349,allmetal1349 26-02-14 15-05-12.fits,2026-02-14 15:05:12,671.3407087498235,602.7614310277102,4.224559163850307,6.043656842065637,9.94807660045389,14.23172427698461,880.0085891790463,516.340442918948,16847.247060563117,21060.520365955283,True,1,15
1350,allmetal1350 26-02-14 15-06-12.fits,2026-02-14 15:06:12,670.0301642905391,603.8784082178503,4.389749716842816,4.6161413500569894,10.337070625890398,10.870182181810428,827.40970589426,661.7605093379937,16865.726266787944,21083.57109560862,True,1,2
1351,allmetal1351 26-02-14 15-07-13.fits,2026-02-14 15:07:13,670.4131993078056,602.3670227693484,4.308054242324413,7.202361030386094,10.144692484906146,16.96026412590294,896.5403634576674,540.3107937964768,16820.740264074582,21025.853928187757,True,1,12
1352,allmetal1352 26-02-14 15-08-13.fits,2026-02-14 15:08:13,670.3651896935753,603.1167178998126,4.1906966371062095,6.2417567790656685,9.868336443701493,14.698213979551651,897.1254441755029,548.2130328960111,16856.41806952991,21071.349402561897,True,1,15
1353,allmetal1353 26-02-14 15-09-13.fits,2026-02-14 15:09:13,670.5188041461149,602.3958556015026,4.0554646026590095,5.238353787841442,9.54988933825491,12.335380502572828,898.930595434984,619.9329374136041,16842.151471138586,21053.663969709036,True,1,14
1354,allmetal1354 26-02-14 15-10-13.fits,2026-02-14 15:10:13,669.8340951028705,601.7014445826333,4.275924195754725,7.039941182667633,10.069032007196068,16.57779461278463,877.0528697369963,526.3450692815143,16869.424698120816,21086.890472154046,True,1,15
1355,allmetal1355 26-02-14 15-11-13.fits,2026-02-14 15:11:13,670.0543758394462,603.3830830739777,4.4791915132984,4.795477110757208,10.547689961047585,11.292485625898175,835.8366473655361,586.3388546698433,16848.94258087973,21063.45988901343,True,1,15
1356,allmetal1356 26-02-14 15-12-13.fits,2026-02-14 15:12:13,670.6175573522895,602.6549367997533,4.323160865050693,5.891333499002322,10.18026586291471,13.873030215412987,855.9528085513858,577.9344987051389,16819.49173310165,21025.088300582407,True,1,14
1357,allmetal1357 26-02-14 15-13-13.fits,2026-02-14 15:13:13,670.0908132227909,601.7931531627014,4.359172129615888,7.793758884919955,10.265065910559745,18.35289964834757,844.7767281094881,474.65380826205495,16787.199432244433,20983.95814104671,True,1,15
1358,allmetal1358 26-02-14 15-14-13.fits,2026-02-14 15:14:13,670.1409906415997,603.5188828701446,4.145861706208607,4.326330576134912,9.762758249706241,10.187729962112787,896.8258485534145,748.1866837438287,16812.643801132304,21016.982702687903,True,1,2
1359,allmetal1359 26-02-14 15-15-13.fits,2026-02-14 15:15:13,670.4777999320781,602.166613033317,3.9732702819943966,7.518209950931593,9.356336504366178,17.704031495204866,946.3380685114382,529.3957561955928,16845.647605461676,21056.52084728552,True,1,14
1360,allmetal1360 26-02-14 15-16-12.fits,2026-02-14 15:16:12,669.6339150173601,600.6540862259627,4.454443789466971,6.100724143422359,10.489413524900446,14.36610750213524,832.6285359927832,556.759255424717,16866.8071670934,21084.27333941989,True,1,18
1361,allmetal1361 26-02-14 15-17-12.fits,2026-02-14 15:17:12,669.1758730350422,601.3564432564531,4.236621558195704,5.165627362792608,9.9764813684495,12.164122859064394,873.4237093331316,610.7084341833477,16831.436373956905,21040.631210263735,True,1,14
1362,allmetal1362 26-02-14 15-18-13.fits,2026-02-14 15:18:13,669.5219637348272,599.433002208098,4.332838025076077,5.613415488181869,10.203053833321457,13.218583312657858,860.4861013876233,616.7746289107743,16856.11360956265,21070.793477368003,True,1,10
1363,allmetal1363 26-02-14 15-19-13.fits,2026-02-14 15:19:13,670.4132033030559,601.1348678130998,4.5294710844996535,3.491578055104712,10.666089303167857,8.222037992950753,829.5274639675796,756.1797704210568,16825.202182640318,21034.237156131363,True,1,6
1364,allmetal1364 26-02-14 15-20-13.fits,2026-02-14 15:20:13,670.571222873093,598.6622029373503,4.691686546556484,7.599024830034972,11.04807752483324,17.894335992454256,796.6568258005594,508.2795797439062,16838.26723862509,21047.528638560354,True,1,16
1365,allmetal1365 26-02-14 15-21-13.fits,2026-02-14 15:21:13,670.6063600441403,598.3293233384858,4.544381173681296,7.1825221818920415,10.701199880045987,16.91354720779881,812.0991742468905,527.9161114036898,16861.826029634754,21077.034613406762,True,1,14
1366,allmetal1366 26-02-14 15-22-13.fits,2026-02-14 15:22:13,669.4994069113071,598.8097314915367,4.170477829383662,6.694520174752423,9.82072478998981,15.7643902993711,866.9452688091981,531.4542679784104,16831.052417899624,21038.95687439839,True,1,14
1367,allmetal1367 26-02-14 15-23-13.fits,2026-02-14 15:23:13,671.0381150710491,599.3056875105093,4.380368917907831,3.566593189428118,10.31498053251989,8.398685134936198,846.0150973140466,670.7392075932079,16840.898274180327,21054.3383874345,True,1,14
1368,allmetal1368 26-02-14 15-24-13.fits,2026-02-14 15:24:13,670.7995001038236,596.8708485308191,4.386091722303588,7.10698059345503,10.32845670702481,16.735660361113858,865.3791817305154,489.74059827695754,16760.54356276287,20951.45067126394,True,1,15
1369,allmetal1369 26-02-14 15-25-13.fits,2026-02-14 15:25:13,669.7164760915366,596.7761651778598,4.337260767867937,6.515324457538071,10.213468596701745,15.342416632491046,862.8676091417985,532.9238252683482,16822.219522833326,21028.436090233317,True,1,15
1370,allmetal1370 26-02-14 15-26-13.fits,2026-02-14 15:26:13,670.5070689475234,597.0582478145066,4.2393402669360185,6.984384572673561,9.982883438287791,16.446968793936623,884.3665337459228,465.98638320890126,16842.838533646467,21054.758649543706,True,1,16
1371,allmetal1371 26-02-14 15-27-12.fits,2026-02-14 15:27:12,669.9344667010097,596.0602466979965,4.301798124296557,6.669458107034161,10.12996045277007,15.705373639938212,876.8786067178291,527.6578722673798,16846.085632999682,21058.22626328331,True,1,16
1372,allmetal1372 26-02-14 15-28-12.fits,2026-02-14 15:28:12,670.4878672051177,597.4938249739055,4.444263878446763,6.953531968657275,10.465441666373428,16.37431646355767,843.7749868906037,517.6933485984987,16828.522849604982,21036.021139048877,True,1,14
1373,allmetal1373 26-02-14 15-29-12.fits,2026-02-14 15:29:12,669.9826049002017,597.4330777506548,4.295020161224109,8.046112682982535,10.11399956946259,18.947147430465026,834.9933283522295,442.65370073258805,16817.570660911537,21022.02371925034,True,1,14
1374,allmetal1374 26-02-14 15-30-12.fits,2026-02-14 15:30:12,669.7903220039959,598.6685303954106,4.578814470405277,4.593320399805832,10.782284097388116,10.816442950712348,802.3207759440968,564.5136853415686,16819.362074139197,21026.84798076873,True,1,17
1375,allmetal1375 26-02-14 15-31-13.fits,2026-02-14 15:31:13,670.0773566850972,594.8465520747378,3.7192478992478573,7.2422992448458565,8.758159505588102,17.05431143387553,998.7148843420581,515.700548282948,16843.28219444604,21054.05283209585,True,1,10
1376,allmetal1376 26-02-14 15-32-13.fits,2026-02-14 15:32:13,669.7761660396237,595.3059510976032,4.472428766634297,6.567294268599246,10.531764909643488,15.464796185314373,808.5648175219325,500.24978229415683,16844.008132117313,21055.82031771727,True,1,15
1377,allmetal1377 26-02-14 15-33-13.fits,2026-02-14 15:33:13,669.0792202347952,595.5192813909628,4.522544187457579,7.803897608404864,10.649777707163315,18.37677451764086,812.3991931691509,435.7519800492102,16835.769819413916,21045.381885255418,True,1,16
1378,allmetal1378 26-02-14 15-34-13.fits,2026-02-14 15:34:13,669.6711996356308,596.2840147769699,3.877153838760614,8.73634936237037,9.129999577182188,20.572530598903104,949.3834369907153,505.5969276209834,16803.214326445977,21002.215863192014,True,1,10
1379,allmetal1379 26-02-14 15-35-13.fits,2026-02-14 15:35:13,669.9379282195649,595.6650801772399,4.07984278199514,6.265388077540836,9.607295563616988,14.753861434891084,916.4700523257545,507.4510177093782,16827.59342359386,21035.86179909358,True,1,16
1380,allmetal1380 26-02-14 15-36-13.fits,2026-02-14 15:36:13,670.1162206860844,596.9595074770466,4.2796596866785865,5.1649525531949285,10.077828416101609,12.162533803897198,852.9693258201881,541.2507765502303,16840.327154627706,21052.50159564827,True,1,15
1381,allmetal1381 26-02-14 15-37-12.fits,2026-02-14 15:37:12,669.7179103318126,595.1689999265315,4.2751268186410725,8.083626876496263,10.067154327585389,19.035486605324323,871.0321283808615,469.7643101399812,16828.36553576214,21035.276690681825,True,1,15
1382,allmetal1382 26-02-14 15-38-12.fits,2026-02-14 15:38:12,669.7720382107449,594.6001719702102,4.38400544666614,8.162008181323502,10.323543903334286,19.220060473087187,864.9077829194941,446.5052738811249,16842.13239538281,21053.026264426982,True,1,17
1383,allmetal1383 26-02-14 15-39-13.fits,2026-02-14 15:39:13,669.6375943496591,597.4156709984501,4.541114354230581,4.765139340827996,10.693507108119947,11.221045637147329,823.4334070187093,581.8160862349109,16813.685899760003,21019.474156891964,True,1,16
1384,allmetal1384 26-02-14 15-40-13.fits,2026-02-14 15:40:13,669.4673684623011,595.1143837624953,4.041284764575047,4.674240975261694,9.516498371299502,11.00699634385125,924.3194255871773,651.4729225011836,16795.046598002828,20995.49801010564,True,1,8
1385,allmetal1385 26-02-14 15-41-13.fits,2026-02-14 15:41:13,669.802027702428,594.5157490528259,4.033478490843521,6.613636531723298,9.498116001439506,15.573923875450989,960.3554186488194,522.0824674125862,16856.10577545485,21071.162064684435,True,1,17
1386,allmetal1386 26-02-14 15-42-13.fits,2026-02-14 15:42:13,670.2414710415793,594.815608264034,3.788976133203376,6.970678926751748,8.922356948611165,16.41469446418984,963.935265051887,522.5255965604445,16795.965603190903,20994.981408213243,True,1,14
1387,allmetal1387 26-02-14 15-43-13.fits,2026-02-14 15:43:13,670.0319218703361,596.0169611268473,4.192229254887927,5.959753919277317,9.871945482775251,14.034147992565988,881.5483649200112,486.2593873381242,16846.364353175755,21059.908032802527,True,1,14
1388,allmetal1388 26-02-14 15-44-13.fits,2026-02-14 15:44:13,669.9143755062615,594.6330397912602,4.227521620774441,5.435161731960341,9.955052653401381,12.798827794405343,868.4059382674956,562.4309409989563,16851.021604720478,21065.280742330626,True,1,16
1389,allmetal1389 26-02-14 15-45-13.fits,2026-02-14 15:45:13,670.1105352633864,591.3454865330228,4.184599163576283,9.514364803572011,9.853977990809176,22.404616955188324,873.9824651289665,402.36417912943847,16791.31608820492,20988.726588216912,True,1,15
1390,allmetal1390 26-02-14 15-46-13.fits,2026-02-14 15:46:13,670.963688747122,594.3757546620362,3.819476777215881,7.528728758644616,8.994180476518165,17.728801394457317,945.6205112485068,529.4291646040008,16836.69423531256,21044.951912800716,True,1,16
1391,allmetal1391 26-02-14 15-47-13.fits,2026-02-14 15:47:13,670.2089554264987,595.2334920356471,4.073247878349647,4.770177621589607,9.591765752317533,11.232909881677264,884.8515856762393,564.0559896019571,16828.88637549201,21038.34428462374,True,1,16
1392,allmetal1392 26-02-14 15-48-12.fits,2026-02-14 15:48:12,670.480398610726,593.4675929291928,4.175577904111158,7.363333951625748,9.832734548189274,17.339326387545263,879.0969479543596,455.5704127752089,16843.267050670707,21054.857883383775,True,1,16
1393,allmetal1393 26-02-14 15-49-12.fits,2026-02-14 15:49:12,670.7281183520433,595.2185138076162,4.29068149330515,6.145656093187455,10.103782787278293,14.471914158104411,849.7567966562485,477.6915422473479,16829.13964349013,21038.16330202281,True,1,15
1394,allmetal1394 26-02-14 15-50-13.fits,2026-02-14 15:50:13,669.5585003125083,595.0399387863065,4.061570806036306,6.435352913122872,9.564268348366802,15.154098036670053,855.7561098620511,540.0951636557354,16824.586466348133,21030.7331099584,True,1,16
1395,allmetal1395 26-02-14 15-51-13.fits,2026-02-14 15:51:13,670.1441477951136,595.2963565555598,4.248788093018412,7.7421907072237826,10.005131368528579,18.231465869822905,850.1264591478201,467.627101776951,16844.568000507872,21055.68931353244,True,1,14
1396,allmetal1396 26-02-14 15-52-13.fits,2026-02-14 15:52:13,670.0368838228221,595.9714033870706,4.36110165563319,4.62733123615782,10.269609597102697,10.896532349902277,860.888747818747,592.4015102350204,16852.625043973858,21068.261460210975,True,1,15
1397,allmetal1397 26-02-14 15-53-13.fits,2026-02-14 15:53:13,670.9729837157981,596.362801330244,4.150073146404905,6.923506269631363,9.772675433498932,16.303611345625388,875.2763301596794,482.44931350834065,16844.79435239649,21056.708259583607,True,1,16
1398,allmetal1398 26-02-14 15-54-13.fits,2026-02-14 15:54:13,671.1508347311121,596.3839216290706,4.169019322846725,5.023035130798849,9.817290269560823,11.828343812899787,870.795690048111,644.5231045089605,16858.214083440587,21073.72938056544,True,1,13
1399,allmetal1399 26-02-14 15-55-13.fits,2026-02-14 15:55:13,670.4119753753442,594.2778285174749,4.096714545637664,7.375414393448909,9.64702553083743,17.36777365410327,878.933996374001,481.2656384203393,16843.917405526994,21055.022108284906,True,1,15
1400,allmetal1400 26-02-14 15-56-13.fits,2026-02-14 15:56:13,670.0063258781133,592.7375981698025,4.227746203874939,7.773009798436313,9.955581506188208,18.304039283579808,864.7481482042338,462.66839274376593,16795.781193907744,20994.8724098273,True,1,15
1401,allmetal1401 26-02-14 15-57-13.fits,2026-02-14 15:57:13,670.1876002974262,591.1205885993944,3.9160317429582086,9.438316176677894,9.221550045295476,22.225536124180977,895.0349238340402,373.21414571651854,16845.09086332441,21056.32067280395,True,1,16
1402,allmetal1402 26-02-14 15-58-13.fits,2026-02-14 15:58:13,670.6396097439678,593.2516736861893,4.115279975805788,4.365283474557683,9.69074377794195,10.279457028130782,921.3903481143243,605.0908458566197,16833.433921031832,21044.60840764592,True,1,17
1403,allmetal1403 26-02-14 15-59-12.fits,2026-02-14 15:59:12,670.0011594251873,591.326314520309,4.0111533318498145,7.437197144555034,9.445544269532622,17.513260914845134,910.6749124260746,478.56605652242456,16843.508317257038,21054.614681077655,True,1,16
1404,allmetal1404 26-02-14 16-00-12.fits,2026-02-14 16:00:12,669.1803172434027,594.1461303511651,4.710920466332276,5.484802916351046,11.09336994466579,12.915723850467652,784.9848761854871,470.1790962649031,16799.903504160087,21002.618952628218,True,1,14
1405,allmetal1405 26-02-14 16-01-12.fits,2026-02-14 16:01:12,669.234159801503,593.2298854701465,4.054808202500916,6.019366604732535,9.54834363400507,14.17452513921406,883.4888178517675,516.3288023786262,16869.113524024448,21087.55319199056,True,1,17
1406,allmetal1406 26-02-14 16-02-13.fits,2026-02-14 16:02:13,669.1708281636035,593.481783058663,3.951793676712003,6.590701637992643,9.30576296374798,15.519916327963386,903.905338176745,564.4096365204299,16844.71578514292,21055.532914992265,True,1,15
1407,allmetal1407 26-02-14 16-03-13.fits,2026-02-14 16:03:13,669.3994465121002,592.6941682069073,4.074091709495475,5.842016176544846,9.593752822814352,13.75689679592287,896.8015253632956,465.1414182350747,16817.050510479974,21023.605057884935,True,1,16
1408,allmetal1408 26-02-14 16-04-13.fits,2026-02-14 16:04:13,669.4089967380553,593.5342163151696,4.382846467414224,6.719575149911783,10.320814715760099,15.823390257104114,823.2198141847513,510.9426458268529,16813.168726340587,21016.888622300405,True,1,14
1409,allmetal1409 26-02-14 16-05-13.fits,2026-02-14 16:05:13,670.2573065472852,596.2417387730978,3.9074851896242135,5.82674957116105,9.201424450188657,13.72094668754553,922.8422041876822,567.3243712237661,16816.064154577027,21020.815377517883,True,1,15
1410,allmetal1410 26-02-14 16-06-13.fits,2026-02-14 16:06:13,669.8648431934549,596.5968940087046,4.250518908529045,7.74968188415821,10.009207127587269,18.24910624342897,877.1894308348238,513.6562282527495,16762.410164651035,20952.395443432033,True,1,12
1411,allmetal1411 26-02-14 16-07-13.fits,2026-02-14 16:07:13,671.0259062670013,597.924732628923,4.028908073310807,7.213483384559436,9.48735349061931,16.986455268458254,914.7125456069792,478.14552120750363,16859.876047622616,21075.423243662543,True,1,17
1412,allmetal1412 26-02-14 16-08-13.fits,2026-02-14 16:08:13,670.7047932187556,600.8835614441115,3.8811019020006405,5.64496061114036,9.139296555638852,13.292866400523478,932.3917830402415,573.2895835303898,16843.218941719737,21054.960016371464,True,1,16
1413,allmetal1413 26-02-14 16-09-13.fits,2026-02-14 16:09:13,670.9948966651947,603.4765383603543,4.33392456241193,4.174686066061244,10.2056124332196,9.830634430072415,866.5809893499651,578.4967891545384,16843.509269231294,21057.668345883354,True,1,15
1414,allmetal1414 26-02-14 16-10-13.fits,2026-02-14 16:10:13,671.5177444546498,603.345950230507,4.164496785024326,6.86037775089573,9.806640506842227,16.154955044293605,891.4304111860555,501.3760206551178,16852.564449808706,21066.373172754204,True,1,15
1415,allmetal1415 26-02-14 16-11-13.fits,2026-02-14 16:11:13,671.6915630429854,605.9529836665082,4.5825830260868115,6.10987196145031,10.79115836784781,14.387648967395753,813.8446424895645,608.6170943731171,16848.62773684943,21060.81144624671,True,1,14
1416,allmetal1416 26-02-14 16-12-13.fits,2026-02-14 16:12:13,671.5039420665036,605.2391578551783,4.080927406623389,6.657596632607781,9.609849659432925,15.677442002195352,889.6908179849931,555.3326259451997,16819.261738422116,21023.914592283527,True,1,14
1417,allmetal1417 26-02-14 16-13-14.fits,2026-02-14 16:13:14,671.4288301302188,608.3220410969705,3.9488803907753356,4.268234167741119,9.298902699627408,10.050923375082778,912.4114867718598,685.1605971638604,16766.008288069785,20959.171436893805,True,1,5
1418,allmetal1418 26-02-14 16-14-14.fits,2026-02-14 16:14:14,671.7567044069914,605.9058612577164,4.411400203263024,5.343218356590468,10.388053625297372,12.58231769107656,851.6598128798431,661.0714517200691,16820.74184903939,21026.477504359194,True,1,4
1419,allmetal1419 26-02-14 16-15-14.fits,2026-02-14 16:15:14,672.1449273416655,605.3922404960625,4.359283385308715,6.762160300126262,10.265327897695338,15.923670622449823,831.8740778699001,534.0966675273839,16787.862520525894,20984.864201888002,True,1,13
1420,allmetal1420 26-02-14 16-16-14.fits,2026-02-14 16:16:14,672.1709927744522,605.9990271866161,4.085131002802962,5.4236229016649045,9.619748371977797,12.771655925529439,894.4089747548036,633.4885299421226,16838.643232164733,21048.83761648012,True,1,15
1421,allmetal1421 26-02-14 16-17-14.fits,2026-02-14 16:17:14,672.0663255376812,605.4951737789529,4.38208904553004,6.930486691593904,10.319031123524677,16.32004898318555,829.5799715094704,551.1983454246866,16833.12474296367,21040.953610774955,True,1,13
1422,allmetal1422 26-02-14 16-18-13.fits,2026-02-14 16:18:13,672.745732489972,604.3261698069643,4.371401130342767,6.706305280233667,10.293863006602098,15.792142101991137,834.3218082216878,529.9826790006565,16834.570263604874,21043.440310041093,True,1,14
1423,allmetal1423 26-02-14 16-19-13.fits,2026-02-14 16:19:13,672.4969743361265,605.807392730925,4.47079170996646,5.229215517634307,10.527909935787214,12.313861520712157,823.1859372170419,674.2755643660597,16771.07802644311,20964.225389170082,True,1,7
1424,allmetal1424 26-02-14 16-20-13.fits,2026-02-14 16:20:13,672.7138398944847,604.4651264632447,4.2320160009145305,5.492923452770366,9.965636109845253,12.934846252404272,855.8282210946325,638.9425285977552,16816.427575282574,21020.809161078698,True,1,9
1425,allmetal1425 26-02-14 16-21-13.fits,2026-02-14 16:21:13,672.6546087723891,604.6498229567038,4.297021756893754,6.103182128312733,10.118712967067518,14.371895614225476,856.3629144879242,590.8979159381407,16767.404753132265,20959.435744152575,True,1,2
1426,allmetal1426 26-02-14 16-22-14.fits,2026-02-14 16:22:14,672.4570542279271,604.5025869477525,4.411101753058651,6.579051524138649,10.387350828773673,15.492482406333108,837.5988878549829,591.9834176608529,16844.076308962816,21054.60591930696,True,1,11
1427,allmetal1427 26-02-14 16-23-14.fits,2026-02-14 16:23:14,672.955614954642,606.7414658338904,4.696583820776509,4.309237808677104,11.059609724332567,10.147479570678088,790.9037167303901,696.6860803995106,16843.582824174202,21056.22230044887,True,1,14
1428,allmetal1428 26-02-14 16-24-14.fits,2026-02-14 16:24:14,673.2496403362018,607.2612097367011,4.266609217981184,3.708575602052182,10.047096910815915,8.7330281662252,870.5886558197546,744.5024606597153,16834.19939497036,21045.08309558034,True,1,11
1429,allmetal1429 26-02-14 16-25-14.fits,2026-02-14 16:25:14,673.0460879203195,607.9263629609092,4.464815761713372,4.292960975167906,10.513837653052775,10.109150556860998,842.5036957001374,731.1522403684321,16826.907818333184,21035.15935058401,True,1,2
1430,allmetal1430 26-02-14 16-26-14.fits,2026-02-14 16:26:14,672.9142290171267,607.4528051647595,4.395561193596293,6.565771630763226,10.350755607840716,15.46121064721679,846.902035878291,596.0660602259237,16792.463125940507,20990.111303971247,True,1,1
1431,allmetal1431 26-02-14 16-27-14.fits,2026-02-14 16:27:14,673.8712754629274,608.3783076971667,4.327533077680096,6.108913317570085,10.190561636855566,14.385391533570553,848.8957543309004,600.9019516494056,16845.189522705725,21056.49367548416,True,1,13
1432,allmetal1432 26-02-14 16-28-14.fits,2026-02-14 16:28:14,673.1516533044129,609.5374502516329,4.274027706513376,5.542162255604477,10.064566116315353,13.050794772311363,859.3543401581061,663.4698102030623,16815.98780807237,21019.974593805648,True,1,1
1433,allmetal1433 26-02-14 16-29-14.fits,2026-02-14 16:29:14,673.2901911145068,611.5843229598469,4.828424658690646,3.883632978292606,11.370071172206453,9.145256784826675,783.8911239594424,800.6721948475916,16842.812120434995,21055.168551638206,True,1,1
1434,allmetal1434 26-02-14 16-30-14.fits,2026-02-14 16:30:14,673.9151233194966,611.1996994982346,4.381494513865999,6.084726794494869,10.317631108444788,14.328436624213431,855.0623917311577,581.6728692942834,16753.990655891823,20942.995350706915,True,1,7
1435,allmetal1435 26-02-14 16-31-13.fits,2026-02-14 16:31:13,673.6562216206394,610.6357022755534,4.466453350695068,5.56733185611494,10.517693880412395,13.110064652118822,805.4304741815571,619.127659698848,16800.056727520656,21000.43938497389,True,1,5
1436,allmetal1436 26-02-14 16-32-13.fits,2026-02-14 16:32:13,674.1967535260861,611.8224301107086,4.824662874548351,3.5739255816668023,11.361212847503097,8.41595159915788,776.8547772764045,790.7979019025621,16758.041406871922,20949.808236970675,True,1,1
1437,allmetal1437 26-02-14 16-33-14.fits,2026-02-14 16:33:14,673.8923994168443,609.0011607120118,4.5869117990563515,5.364323978315757,10.80135184920687,12.632017632178112,814.0696284955658,684.5538825456229,16852.772723142913,21066.11741973916,True,1,8
1438,allmetal1438 26-02-14 16-34-14.fits,2026-02-14 16:34:14,674.3283657643226,609.5577814552692,4.727681278900875,4.037330779590785,11.132838642073335,9.50718744820081,786.8179102698998,750.955574504611,16804.830299367677,21007.72193735522,True,1,4
1439,allmetal1439 26-02-14 16-35-14.fits,2026-02-14 16:35:14,674.7788783546717,608.339154614449,4.686984257139392,3.223605375258199,11.037004479456334,7.591010554927522,820.1781201531364,895.7517687868325,16813.04305859034,21018.645493134496,True,1,1
1440,allmetal1440 26-02-14 16-36-14.fits,2026-02-14 16:36:14,674.8559900967979,607.5294521030285,4.676734761614878,5.007713453652853,11.012868761943754,11.792264020432901,778.6485227278554,711.6049672463081,16840.22814952182,21050.476167573423,True,1,7
1441,allmetal1441 26-02-14 16-37-14.fits,2026-02-14 16:37:14,673.6475583134588,607.476676027303,4.4169081123651965,4.256798450944704,10.401023760057377,10.023994319941282,832.2029640197144,758.367292636794,16840.988457788226,21052.33111393022,True,1,2
1442,allmetal1442 26-02-14 16-38-14.fits,2026-02-14 16:38:14,673.7948096966713,606.1879168352732,4.715773546224017,5.021798732556463,11.104798074475,11.825432317534975,772.9046141083012,665.0750545901416,16857.13494776402,21072.16521457417,True,1,6
1443,allmetal1443 26-02-14 16-39-14.fits,2026-02-14 16:39:14,674.9008536430081,605.44127503405,4.489636004635909,5.271902456941977,10.572284858609304,12.414381581054878,822.2760840887396,711.0513275230755,16827.036898032045,21033.656904459855,True,1,1
1444,allmetal1444 26-02-14 16-40-13.fits,2026-02-14 16:40:13,673.5506339431769,605.6128647818433,4.555305189149729,3.7152923865048,10.726923970643282,8.748844984892376,823.6188312226798,746.083487948651,16793.336362472182,20994.069171047617,True,1,4
1445,allmetal1445 26-02-14 16-41-13.fits,2026-02-14 16:41:13,673.3991872351534,605.8164269928636,4.288515095324721,4.957098582336918,10.098681309888464,11.673075106881475,822.3391565209441,716.3355348257985,16832.914913979777,21041.084080735494,True,1,1
1446,allmetal1446 26-02-14 16-42-13.fits,2026-02-14 16:42:13,673.520799304577,606.5205066839104,4.493372469593409,5.0931947924725405,10.58108356118878,11.993557190561585,836.1628245159092,716.576315232962,16838.635249024763,21048.55727745606,True,1,1
1447,allmetal1447 26-02-14 16-43-14.fits,2026-02-14 16:43:14,671.8784927423211,607.054446297722,4.256051022250762,4.292701661767183,10.022234259870558,10.10853992046703,844.9075857398078,762.9243942243339,16834.93846907905,21044.458764929856,True,1,3
1448,allmetal1448 26-02-14 16-44-14.fits,2026-02-14 16:44:14,672.1872920738223,607.7966896683047,4.407395985793539,4.685466182248793,10.378624413735567,11.033429686274093,817.311080535567,747.7229994132824,16844.07858561586,21055.34004022131,True,1,1
1449,allmetal1449 26-02-14 16-45-14.fits,2026-02-14 16:45:14,672.9549717776221,609.145949144648,4.469499455576894,4.983391016258083,10.524866909247386,11.734989057311687,812.2659132261341,737.8064906819767,16803.438188584205,21004.184261410865,True,1,2
1450,allmetal1450 26-02-14 16-46-14.fits,2026-02-14 16:46:14,672.217698206217,608.9984489426786,4.443674557100845,5.554828055930751,10.464053920655095,13.080620452806032,820.92502946324,678.6504838482451,16834.67344638363,21043.043501876113,True,1,1
1451,allmetal1451 26-02-14 16-47-14.fits,2026-02-14 16:47:14,672.6468272280017,610.2426916006895,4.778146054878455,5.079094299668355,11.251674108113336,11.960353067461472,767.0142750377208,724.4423057864885,16858.092533128744,21072.579916225204,True,1,3
1452,allmetal1452 26-02-14 16-48-14.fits,2026-02-14 16:48:14,672.8175045553435,610.3383113868289,5.051960950651713,5.626677321021677,11.896458913308265,13.249812542462886,745.4932268028216,700.4082259587715,16852.921507727857,21065.72407269796,True,1,1
1453,allmetal1453 26-02-14 16-49-14.fits,2026-02-14 16:49:14,673.1952756378405,612.3909571130047,4.7607458275017915,5.499411419408944,11.210699703898673,12.950124246296287,791.0887576621284,704.2133598952141,16839.847348056785,21049.548274208337,True,1,2
1454,allmetal1454 26-02-14 16-50-14.fits,2026-02-14 16:50:14,673.2262674102119,612.9782931367738,4.8658572323035845,5.815902124274605,11.458218146887297,13.69540290217992,770.5658011631336,675.1967913171438,16839.072257489377,21048.40603070163,True,1,3
1455,allmetal1455 26-02-14 16-51-14.fits,2026-02-14 16:51:14,673.2806174607323,613.7822427444033,4.747364662949412,4.764418431108763,11.179189469384871,11.219348024489822,763.5909520651328,775.1253029033015,16824.57918783255,21030.557586351446,True,1,1
1456,allmetal1456 26-02-14 16-52-14.fits,2026-02-14 16:52:14,673.571103522928,614.6273384170009,4.576812552453317,5.472875483724905,10.777569940866334,12.887636893033859,791.3199539763788,722.0787293791634,16815.06225504815,21018.019715462804,True,1,1
1457,allmetal1457 26-02-14 16-53-13.fits,2026-02-14 16:53:13,674.3094783016377,614.7278476364199,4.808473608498627,5.3553612320185,11.323090039294868,12.610911977538803,760.6826542731695,757.3716741310236,16825.873007367412,21031.366326608677,True,1,1
1458,allmetal1458 26-02-14 16-54-13.fits,2026-02-14 16:54:13,674.4159486275952,615.1667859826671,4.829525652828512,5.369945626917867,11.372663815271762,12.645255602992481,775.8637355299167,712.1709002372081,16856.478538246305,21070.40903692836,True,1,8
1459,allmetal1459 26-02-14 16-55-13.fits,2026-02-14 16:55:13,673.9322186229481,613.2810172867689,4.57906631704393,5.05200753833352,10.78287715090109,11.896568618915234,803.6061665331285,715.2452296895947,16822.428277077885,21028.197742649034,True,1,1
1460,allmetal1460 26-02-14 16-56-13.fits,2026-02-14 16:56:13,673.9517114105186,613.0736232445557,4.660825052192942,5.262667950567959,10.97540425928636,12.392635980339374,792.6288185888471,738.2209125877114,16775.424025379754,20968.813203350535,True,1,5
1461,allmetal1461 26-02-14 16-57-13.fits,2026-02-14 16:57:13,674.8702684833132,612.6994674820913,5.1001507611422925,5.217703665172841,12.009937245017724,12.286753179780458,727.8660728763655,712.0356280094442,16842.599865253218,21053.242575612756,True,1,6
1462,allmetal1462 26-02-14 16-58-14.fits,2026-02-14 16:58:14,673.8751318990459,612.5237368592237,4.132123759714508,5.875395604833938,9.730407857924375,13.835499342749696,848.6426354809105,687.5261344093997,16845.30626222529,21055.32861825448,True,1,2
1463,allmetal1463 26-02-14 16-59-14.fits,2026-02-14 16:59:14,673.9843164082451,610.8062106383167,4.528509995121083,5.264648411632537,10.663826110634133,12.397299609752647,786.5872932809672,733.9560728749068,16832.540795753266,21039.936852068473,True,1,8
1464,allmetal1464 26-02-14 17-00-14.fits,2026-02-14 17:00:14,674.5714717198045,608.9964332110973,4.859872137261881,5.078493483764723,11.444124325111678,11.958938254128228,759.2071188073954,768.5151415841519,16839.75814076171,21049.1756666601,True,1,5
1465,allmetal1465 26-02-14 17-01-14.fits,2026-02-14 17:01:14,674.6838306529531,610.8444002881624,4.820753120453576,4.727711516572913,11.352006080189579,11.132909846349564,768.5292728773758,784.9421908471285,16831.89470174812,21039.85346874513,True,1,1
1466,allmetal1466 26-02-14 17-02-14.fits,2026-02-14 17:02:14,673.810674462529,609.064615871978,4.570515525442677,5.53861237397309,10.762741575437579,13.042435439888285,791.559958297669,714.3857198996827,16833.968302559424,21041.630869021734,True,1,2
1467,allmetal1467 26-02-14 17-03-14.fits,2026-02-14 17:03:14,673.9028498867585,608.7566126250256,5.157771244831817,3.685187333942422,12.145623115014196,8.677953003661779,740.7984593806995,888.133000315342,16786.21679821715,20984.11227035596,True,1,1
1468,allmetal1468 26-02-14 17-04-14.fits,2026-02-14 17:04:14,673.8632928521776,607.5035639398689,4.859513688181916,4.450020163714859,11.443280242033053,10.478996682307656,776.5044116484288,779.8596460644432,16846.343284448034,21058.67091738028,True,1,2
1469,allmetal1469 26-02-14 17-05-13.fits,2026-02-14 17:05:13,673.2897304903619,606.634475900412,4.462343531595859,3.8439562894962043,10.508015996016125,9.051825322728453,821.326173422509,867.6352925985353,16802.563365823684,21004.01173175347,True,1,1
1470,allmetal1470 26-02-14 17-06-13.fits,2026-02-14 17:06:13,673.0065310752469,604.093790196186,4.600142085431381,5.169540160683554,10.83250679276429,12.173336793970147,790.1902576530177,781.1689994848072,16759.263623157807,20948.092306459137,True,1,1
1471,allmetal1471 26-02-14 17-07-13.fits,2026-02-14 17:07:13,672.0507427763052,603.0803014104657,4.695075044250964,5.807986678854895,11.05605682712674,13.676763452640238,773.3195141205198,717.4913899375296,16805.318711861375,21005.335378606887,True,1,2
1472,allmetal1472 26-02-14 17-08-14.fits,2026-02-14 17:08:14,672.7515292536403,601.784730522481,4.721819956760836,5.165826713355111,11.119036283207587,12.164592293764963,777.7649690953732,707.0472398169046,16830.358978515687,21037.99763819973,True,1,3
1473,allmetal1473 26-02-14 17-09-14.fits,2026-02-14 17:09:14,671.735455484392,601.6822675749521,4.125196969416068,5.876499285715085,9.71409651328188,13.838098312611939,806.9052290742266,608.6647517174464,16818.249476019464,21022.204342685065,True,1,12
1474,allmetal1474 26-02-14 17-10-14.fits,2026-02-14 17:10:14,672.6444643518264,601.5756865907867,4.1718107737952534,5.325817749851719,9.823863634209138,12.541342393532455,877.1659763826591,696.7831336032453,16751.211967576193,20938.88872350228,True,1,1
1475,allmetal1475 26-02-14 17-11-14.fits,2026-02-14 17:11:14,672.9074392959656,603.4518072819354,4.190333882164395,4.48468196724204,9.867482221093073,10.560618992050388,854.9338879992437,742.7227731324032,16821.895397161843,21027.985091255814,True,1,2
1476,allmetal1476 26-02-14 17-12-14.fits,2026-02-14 17:12:14,672.4137224267379,603.2893899278547,4.179941942707482,4.272410375793897,9.843011073753187,10.06075759351768,859.2459228489596,833.992177159967,16792.041561490976,20990.121572573735,True,1,1
1477,allmetal1477 26-02-14 17-13-14.fits,2026-02-14 17:13:14,673.3755073389655,603.8801404275059,4.849959762992355,5.634824106574021,11.42078246748795,13.268996756384114,755.6429941415317,646.7470716024607,16825.683291514222,21032.15437455519,True,1,2
1478,allmetal1478 26-02-14 17-14-14.fits,2026-02-14 17:14:14,673.1990602499542,605.0918901355442,4.246092418438261,5.297893560841055,9.998783539992358,12.475585953508908,845.1005224445764,745.7926372378303,16758.251779648173,20946.926743925287,True,1,1
1479,allmetal1479 26-02-14 17-15-14.fits,2026-02-14 17:15:14,673.1923684303014,606.0521529574323,4.802238515535789,5.242757114119653,11.308407517403346,12.345749543557572,773.7345781307566,729.0603785315761,16792.52986453832,20990.40131701081,True,1,3
1480,allmetal1480 26-02-14 17-16-13.fits,2026-02-14 17:16:13,673.087904796363,608.3931414005817,4.405326494596592,4.694980381294954,10.37375113438198,11.055833912900408,821.851545929074,804.8265551681488,16812.635696226767,21015.407560406118,True,1,1
1481,allmetal1481 26-02-14 17-17-13.fits,2026-02-14 17:17:13,673.4087574186601,609.7263112357086,4.565343171897249,4.432335419565131,10.750561613628816,10.437352292292633,833.3353452975447,769.9909643657162,16736.445803442468,20921.51585259561,True,1,1
1482,allmetal1482 26-02-14 17-18-13.fits,2026-02-14 17:18:13,672.7439269054767,610.0003745451875,4.4483641957651985,5.295347462566279,10.475097175785868,12.46959035025485,804.7489128631566,758.2605021475275,16819.05057137101,21022.747318078393,True,1,1
1483,allmetal1483 26-02-14 17-19-13.fits,2026-02-14 17:19:13,673.1998610022437,610.0003225953585,4.498950928322994,5.620595195231375,10.594219827625585,13.235490230735483,822.3741568697246,731.3156787931647,16761.258534450084,20950.568048310826,True,1,3
1484,allmetal1484 26-02-14 17-20-13.fits,2026-02-14 17:20:13,674.0321103384908,609.6338665363652,4.255597762499722,5.34070513031857,10.021166914723203,12.576399495473797,824.082670329469,734.3460607301456,16795.45183120224,20993.299013583026,True,1,1
1485,allmetal1485 26-02-14 17-21-14.fits,2026-02-14 17:21:14,672.9061536048288,609.1462727678517,4.144352055153348,6.653842510826188,9.759203293140315,15.668601720972568,849.2366375216183,631.4267879201242,16813.4272129046,21015.11485923453,True,1,8
1486,allmetal1486 26-02-14 17-22-14.fits,2026-02-14 17:22:14,673.9802872561606,609.5291835417049,4.60426078944649,5.097050227559184,10.84220559953862,12.002636046385929,811.3795001983576,726.1643380562109,16820.609946107466,21025.84690088373,True,1,5
1487,allmetal1487 26-02-14 17-23-14.fits,2026-02-14 17:23:14,674.1498778867209,610.8148776378478,4.524095007238238,4.045502246691924,10.653429608669041,9.526429782727883,823.3413478845001,813.7945328091897,16838.492284603893,21049.174471966093,True,1,1
1488,allmetal1488 26-02-14 17-24-14.fits,2026-02-14 17:24:14,673.2212014203535,608.5315270350096,4.990592596186853,5.576296141519983,11.751947482083848,13.131173931079996,713.8987987819052,770.1002017988242,16800.64643730564,20999.01735270553,True,1,1
1489,allmetal1489 26-02-14 17-25-14.fits,2026-02-14 17:25:14,673.7863672652635,607.7684703489988,4.7771430462564926,6.047477141888436,11.249312203305001,14.240720395585363,747.555768537859,672.1796381032161,16854.94873212725,21067.47712756902,True,1,10
1490,allmetal1490 26-02-14 17-26-14.fits,2026-02-14 17:26:14,673.3012677320947,608.4272500501202,4.378587401820076,4.169719328992134,10.3107853827259,9.818938658063676,795.0192459539415,862.6292448943963,16826.168182365156,21032.426615236425,True,1,1
1491,allmetal1491 26-02-14 17-27-14.fits,2026-02-14 17:27:14,673.7614912043982,606.5722641334102,3.998586574217864,5.572324487563195,9.41595181675986,13.121821400730624,894.3653400993587,697.2200798657184,16856.769377232285,21070.20547550272,True,1,1
1492,allmetal1492 26-02-14 17-28-14.fits,2026-02-14 17:28:14,673.2907724285196,604.698222648192,4.684513791321734,5.839194679363963,11.03118697702835,13.750252677804328,780.3774663261709,639.5893936830767,16839.580114473276,21049.281765628453,True,1,2
1493,allmetal1493 26-02-14 17-29-14.fits,2026-02-14 17:29:14,672.2143815783256,604.6608929881254,4.227215712843064,3.967723243607256,9.954332295272641,9.343274227181583,807.935512714573,829.9997386530978,16812.71020944191,21016.186668493316,True,1,1
1494,allmetal1494 26-02-14 17-30-14.fits,2026-02-14 17:30:14,672.9665715264771,601.2567859125296,4.487988210403747,5.901137242971494,10.568404599721323,13.896116268227946,801.6302727152423,665.5141474312828,16838.090535443436,21046.806389681933,True,1,8
1495,allmetal1495 26-02-14 17-31-13.fits,2026-02-14 17:31:13,673.2599122622222,601.7014768754688,4.833314826816553,6.787903346086584,11.381586638132909,15.984290863097343,776.9373385441488,651.2544899317003,16823.071213055824,21027.210026693414,True,1,5
1496,allmetal1496 26-02-14 17-32-13.fits,2026-02-14 17:32:13,672.4168355967962,603.0811621152651,4.683524897358781,5.425292224785226,11.028858309701977,12.775586881074805,781.6899915742223,702.3766539111879,16855.760993833377,21069.335200971967,True,1,2
1497,allmetal1497 26-02-14 17-33-13.fits,2026-02-14 17:33:13,672.5211209776818,600.8723555594986,4.424845417353246,6.164594385073896,10.41971468494676,14.516510427457249,828.4792541978521,629.6982625241595,16838.686695206303,21047.82976971895,True,1,9
1498,allmetal1498 26-02-14 17-34-13.fits,2026-02-14 17:34:13,672.0400814717092,601.3547333067726,4.428706239305907,4.94246156609609,10.428806225871181,11.63860756763813,788.0037896102863,697.3746745170673,16840.413496206387,21050.622348809396,True,1,1
1499,allmetal1499 26-02-14 17-35-14.fits,2026-02-14 17:35:14,672.4921786371127,600.859010370197,4.46412942077454,5.266520196575742,10.512221443652288,12.401707326456894,840.6687021376077,627.8947479382717,16715.505461199442,20895.473662613425,True,1,7
1500,allmetal1500 26-02-14 17-36-14.fits,2026-02-14 17:36:14,671.7969699824458,599.3230779997212,4.438140828856284,5.495261629082614,10.45102298646105,12.940352236853169,843.3703934582081,718.8771292139706,16797.99585855139,20996.987080767678,True,1,1
1501,allmetal1501 26-02-14 17-37-14.fits,2026-02-14 17:37:14,671.4590828833958,601.1885763454234,4.764552775720841,5.086472594812227,11.219664381875285,11.977727624764418,790.3642548854613,694.4368770503751,16831.730241533776,21040.23437694725,True,1,1
1502,allmetal1502 26-02-14 17-38-14.fits,2026-02-14 17:38:14,671.8251368067977,603.6905719210395,4.50311517487795,4.815707566156665,10.604025878885645,11.340124707792922,824.283389308548,727.2204733148191,16809.620147878857,21012.53865661271,True,1,8
1503,allmetal1503 26-02-14 17-39-14.fits,2026-02-14 17:39:14,672.1707021860406,603.8517473700211,4.683873394546907,5.130176100067604,11.029678957866214,12.080641514977895,786.2289004596722,723.0133358731586,16831.014921191494,21038.703564588763,True,1,1
1504,allmetal1504 26-02-14 17-40-14.fits,2026-02-14 17:40:14,672.7558513066116,605.041041651134,4.581755676499919,7.143030142786962,10.789210108456349,16.820550562495022,807.9769910025308,606.3332254059325,16760.583265251946,20949.189112567274,True,1,7
1505,allmetal1505 26-02-14 17-41-13.fits,2026-02-14 17:41:13,672.5515440161437,606.5784545308982,4.290743372997442,5.406120586490571,10.103928502818084,12.73044112292247,834.8056526416474,727.5157856135543,16831.565168637582,21038.59700737815,True,1,1
1506,allmetal1506 26-02-14 17-42-13.fits,2026-02-14 17:42:13,672.9114387999143,607.8107283068176,4.547627975778025,5.384530863307034,10.708845514705613,12.679601210003206,808.0243639267569,678.8250594228801,16833.583717391983,21042.027232818895,True,1,7
1507,allmetal1507 26-02-14 17-43-13.fits,2026-02-14 17:43:13,672.8234105687171,609.8276474054608,4.492472623981801,5.065625151137339,10.578964586705132,11.928635646511138,811.4751149737496,785.2796874266177,16819.718759430987,21023.83476739673,True,1,1
1508,allmetal1508 26-02-14 17-44-13.fits,2026-02-14 17:44:13,672.5621520775532,611.8980400874609,4.518993540683889,4.059030872391007,10.641416572967804,9.558287261705805,791.1457118050992,809.534631101092,16805.401833425753,21007.460356252843,True,1,1
1509,allmetal1509 26-02-14 17-45-13.fits,2026-02-14 17:45:13,673.3403301607743,613.0187074850473,4.395747852783095,4.728804088033187,10.351195156635386,11.135482655524847,807.3298313589273,795.0703147217504,16809.255805864235,21011.053466850582,True,1,1
1510,allmetal1510 26-02-14 17-46-14.fits,2026-02-14 17:46:14,673.3445476052706,613.406207932134,4.684013410032564,4.642513247119717,11.030008669138452,10.93228325363923,780.1754527031477,802.5081914793224,16787.919450958438,20984.724773463793,True,1,1
1511,allmetal1511 26-02-14 17-47-14.fits,2026-02-14 17:47:14,673.9028981657812,614.22112129993,4.359026913776198,5.27329959756263,10.264723953389586,12.41767159579412,814.205638891785,714.6848786091351,16794.102823862697,20992.090967768523,True,1,3
1512,allmetal1512 26-02-14 17-48-14.fits,2026-02-14 17:48:14,674.1289205483366,614.2152575559413,4.766325972478643,5.9268954075809805,11.223839941144341,13.95677211057357,769.0056148727931,688.2936591489865,16829.38310670248,21035.715184556888,True,1,1
1513,allmetal1513 26-02-14 17-49-14.fits,2026-02-14 17:49:14,674.5847816158847,615.0828786290708,5.26635412020539,4.2811858684809865,12.401316246490982,10.081422299602261,732.8536938171611,848.8011921145448,16807.36386774006,21009.757055153437,True,1,1
1514,allmetal1514 26-02-14 17-50-14.fits,2026-02-14 17:50:14,674.5617172635267,615.352816120999,4.7294105282488905,4.7274469844379725,11.136910713100898,11.132286920775652,779.9621733839444,788.9740145915603,16818.31769261989,21022.79657767887,True,1,1
1515,allmetal1515 26-02-14 17-51-14.fits,2026-02-14 17:51:14,674.5035493185377,614.3698736082969,4.4100367698545915,5.689282423040109,10.384842984977132,13.397236291617098,819.4140189630602,705.1876794103341,16754.17416629917,20941.742556239264,True,1,2
1516,allmetal1516 26-02-14 17-52-14.fits,2026-02-14 17:52:14,674.4260994092746,614.3824423945464,4.523862711931257,5.482576051186651,10.652882595023796,12.910479983740954,790.5676073030414,739.0155812446424,16816.707223593497,21019.720577438155,True,1,1
1517,allmetal1517 26-02-14 17-53-14.fits,2026-02-14 17:53:14,674.8101785650666,613.4994118663229,4.701314788274485,6.01799644833119,11.07075030142919,14.171298667455346,788.8728366664822,721.5027604150364,16712.065287976337,20888.531462230654,True,1,2
1518,allmetal1518 26-02-14 17-54-14.fits,2026-02-14 17:54:14,674.0562319620024,614.0111887688796,4.294912369133307,5.4924195180090605,10.113745738486475,12.93365957672696,846.1186015610376,777.7568538354511,16754.590546628035,20941.677019720497,True,1,1
1519,allmetal1519 26-02-14 17-55-14.fits,2026-02-14 17:55:14,675.124252873253,614.4267644968611,4.720682094152362,5.0813809453543985,11.116356821528662,11.965737706558853,789.6496300230049,735.2790859415663,16782.950062263088,20978.66665268309,True,1,1
1520,allmetal1520 26-02-14 17-56-15.fits,2026-02-14 17:56:15,675.2215741896732,614.3040546270653,4.256537993521231,4.611244341358514,10.023380989579612,10.858650607566567,839.5988924846239,828.9403336355978,16804.236601954693,21004.68705830383,True,1,1
1521,allmetal1521 26-02-14 17-57-15.fits,2026-02-14 17:57:15,675.6915816290426,612.9927509193075,4.708672546913999,5.5677795871670615,11.08807649896002,13.11111897817514,734.5132049418548,732.3956371566219,16825.741109486546,21030.660573638208,True,1,1
1522,allmetal1522 26-02-14 17-58-15.fits,2026-02-14 17:58:15,675.1540903425723,612.2186810931526,4.591851116750896,5.227713984351112,10.81298305352276,12.31032568003861,779.4882128629391,734.5416250350352,16828.171125698573,21034.575794696637,True,1,1
1523,allmetal1523 26-02-14 17-59-15.fits,2026-02-14 17:59:15,674.9926452453548,611.3494256454633,4.629545401525885,4.945064405409807,10.901746310894008,11.644736785828067,798.4866026116855,795.3008897348135,16812.11400215622,21014.564352438803,True,1,1
1524,allmetal1524 26-02-14 18-00-15.fits,2026-02-14 18:00:15,675.0297372692221,611.9043187659578,4.247272887077401,6.00288729271745,10.001563331206334,14.135719324952618,809.838299208229,725.7247629736897,16834.36968024289,21040.71778748962,True,1,1
1525,allmetal1525 26-02-14 18-01-15.fits,2026-02-14 18:01:15,675.1694750399423,611.717935217755,5.185293965018773,5.420320396219836,12.210434168204216,12.763879119508568,729.2367285297172,720.818090770586,16837.534116739036,21046.609805069613,True,1,1
1526,allmetal1526 26-02-14 18-02-15.fits,2026-02-14 18:02:15,674.5877708422435,610.7375203649777,4.417591809703596,4.773415310217205,10.402633744254576,11.2405340557571,795.6667712507774,738.9966919156587,16823.749511340997,21029.6560284942,True,1,2
1527,allmetal1527 26-02-14 18-03-15.fits,2026-02-14 18:03:15,674.2840505603755,609.873053045666,4.630536115261429,5.864966878439461,10.904079263457355,13.810941568791836,795.622948681211,702.399449789903,16828.15717059866,21034.130684269534,True,1,2
1528,allmetal1528 26-02-14 18-04-14.fits,2026-02-14 18:04:14,673.0570930692543,608.9351373813762,4.2211701477692,6.316530107221067,9.940096077453168,14.87429171152566,809.8637344429242,626.3373571560143,16800.52102281283,20999.335038814403,True,1,10
1529,allmetal1529 26-02-14 18-05-14.fits,2026-02-14 18:05:14,673.063864044611,608.8063441836468,4.495126003985654,5.719230228204455,10.58521281912529,13.46775798352278,788.7867065519506,761.431556805376,16773.880671132803,20965.370243339552,True,1,1
1530,allmetal1530 26-02-14 18-06-14.fits,2026-02-14 18:06:14,673.1782403824717,608.9970908444417,4.44115910328778,6.035578918064378,10.458130479593741,14.212702219624209,825.8405647088779,649.1031683432094,16800.235520450275,20999.682371843646,True,1,6
1531,allmetal1531 26-02-14 18-07-15.fits,2026-02-14 18:07:15,673.2852277629886,607.9396042038549,4.125578616793451,5.261523710994779,9.714995224176276,12.389941502056134,831.5100850948401,704.0859286944719,16783.22508702042,20978.360383817762,True,1,13
1532,allmetal1532 26-02-14 18-08-15.fits,2026-02-14 18:08:15,673.2992709874113,608.0212984005504,4.317405936598559,5.785145840514209,10.166714042037906,13.622977388670279,818.5509782739183,643.2373992668245,16806.660572974353,21007.86746025089,True,1,12
1533,allmetal1533 26-02-14 18-09-15.fits,2026-02-14 18:09:15,673.8113972735599,607.2738782349827,4.40878858166602,6.852156583578378,10.381903726410712,16.135595674701154,845.1114867562835,573.4940969095601,16808.589460080806,21010.23806114418,True,1,13
1534,allmetal1534 26-02-14 18-10-15.fits,2026-02-14 18:10:15,673.1844722493101,604.0685606465312,4.341299666919095,5.642615927057934,10.22297947714727,13.287345091446916,831.2937789524253,595.8662484514941,16795.48581307153,20994.961038217014,True,1,6
1535,allmetal1535 26-02-14 18-11-15.fits,2026-02-14 18:11:15,673.470596462629,604.5515803820806,4.52212455102271,4.6892710150530075,10.64878953887486,11.042389382829448,827.8178908615859,696.3139120229297,16853.790193794088,21068.408540691074,True,1,1
1536,allmetal1536 26-02-14 18-12-15.fits,2026-02-14 18:12:15,672.2294130134396,603.6257514153465,4.219979239812726,5.32686467568129,9.937291703525474,12.543807715461588,819.5811045252694,725.0602130971773,16837.755888455307,21046.206694831526,True,1,2
1537,allmetal1537 26-02-14 18-13-15.fits,2026-02-14 18:13:15,671.3100811225153,602.2157281470011,4.044334496739017,5.736491557727047,9.523679941731194,13.508405308286465,890.7686637636241,627.8551554103306,16841.343519613023,21051.681555171013,True,1,11
1538,allmetal1538 26-02-14 18-14-15.fits,2026-02-14 18:14:15,672.7668208895553,602.0446659471575,4.35611444049625,6.43956551410207,10.257865602929348,15.164017953897586,858.9985662952163,593.5518133406476,16854.087857448587,21067.41320878158,True,1,11
1539,allmetal1539 26-02-14 18-15-15.fits,2026-02-14 18:15:15,671.836794314127,602.7898288252443,4.585971276034392,5.148556542668976,10.799137086741947,12.123924149652145,822.8434152763542,714.9977348771225,16821.21027132327,21026.738851811897,True,1,1
1540,allmetal1540 26-02-14 18-16-14.fits,2026-02-14 18:16:14,671.7491146163838,602.3838626264164,4.243648095660631,4.6631229277053015,9.993027599719069,10.98081534260385,834.8517066349098,689.0903328456967,16807.49099616177,21010.170330985322,True,1,11
1541,allmetal1541 26-02-14 18-17-14.fits,2026-02-14 18:17:14,671.4763013866884,603.077377770858,4.408573321636071,5.736803063205345,10.381396827777294,13.509138847630899,844.6513891087466,614.2155083926234,16842.564882258757,21053.695860162483,True,1,11
1542,allmetal1542 26-02-14 18-18-14.fits,2026-02-14 18:18:14,670.6096197658693,601.039009192746,4.444195878986256,6.925134327605015,10.465281539880774,16.307445129176216,817.1389310237968,580.6682672576911,16825.559465294777,21030.995441371088,True,1,14
1543,allmetal1543 26-02-14 18-19-14.fits,2026-02-14 18:19:14,670.3737113385879,603.0356394019103,4.538553037849948,4.3759397899479335,10.687475668965167,10.304550733217916,827.736270978264,755.1289130303921,16837.123661697653,21047.51181724548,True,1,3
1544,allmetal1544 26-02-14 18-20-15.fits,2026-02-14 18:20:15,670.11729588677,600.8207075663184,4.587589355616084,6.297998428923599,10.80294737297537,14.830652944002717,797.4863200096848,560.1698313978676,16831.20421938249,21039.32494526138,True,1,4
1545,allmetal1545 26-02-14 18-21-15.fits,2026-02-14 18:21:15,670.4494398146401,599.4170148123324,4.476595747020303,6.582523174871376,10.541577398583707,15.500657519067882,846.817097591187,592.8880872033035,16828.292756718532,21035.09217074461,True,1,6
1546,allmetal1546 26-02-14 18-22-15.fits,2026-02-14 18:22:15,669.7866135206248,599.3390117091079,4.410384344030219,4.274909354698686,10.385661459613035,10.066642239134785,820.692275077004,706.0793355752674,16838.975849687024,21050.191338008008,True,1,4
1547,allmetal1547 26-02-14 18-23-15.fits,2026-02-14 18:23:15,670.0702609394111,602.5746591709859,4.381074110077396,4.660896155483532,10.31664113317638,10.97557169474031,855.8889814267769,698.7836541489411,16845.470986894972,21058.04493832067,True,1,5
1548,allmetal1548 26-02-14 18-24-15.fits,2026-02-14 18:24:15,670.557147137714,599.7517727775329,4.5432993660380685,6.2822059294706705,10.698652417722847,14.793464449729822,824.9732187344329,583.4265237000064,16838.356176408015,21048.148136792322,True,1,7
1549,allmetal1549 26-02-14 18-25-15.fits,2026-02-14 18:25:15,669.3642714136886,598.1736754052617,4.2492646818929085,7.70773117074573,10.006253649563481,18.150319862581913,844.3431168166197,507.8731376021807,16832.56220731785,21039.903007085555,True,1,6
1550,allmetal1550 26-02-14 18-26-15.fits,2026-02-14 18:26:15,669.896927761697,598.6636377814967,4.524912640776202,5.907462782429037,10.655354988513729,13.911011775338201,829.7286638955711,594.1436899686117,16848.444523552214,21061.15432731494,True,1,9
1551,allmetal1551 26-02-14 18-27-15.fits,2026-02-14 18:27:15,668.7758788464382,599.2009199480555,4.258792488252052,7.642205684016938,10.028689918963165,17.996019132972542,878.3426962568088,552.2484572830903,16855.21055277956,21067.83890161913,True,1,14
1552,allmetal1552 26-02-14 18-28-14.fits,2026-02-14 18:28:14,669.4563062721858,600.2754120656772,4.23601390116882,4.752098604666727,9.975050445502088,11.190337050232813,862.8261128941439,609.2019945187519,16840.375324614295,21052.32943486595,True,1,16
1553,allmetal1553 26-02-14 18-29-14.fits,2026-02-14 18:29:14,669.3643939150645,599.1077466749184,4.624163854800087,6.358355560411412,10.889073736790829,14.972783127090787,807.662997798451,539.0849942463282,16864.704163932183,21081.631879981902,True,1,16
1554,allmetal1554 26-02-14 18-30-14.fits,2026-02-14 18:30:14,670.0533207432866,598.8095502218304,4.058610890602126,7.412967079896905,9.5572982801708,17.456203472895776,915.0446875862058,494.28548784133807,16773.278014068204,20966.71914848691,True,1,15
1555,allmetal1555 26-02-14 18-31-14.fits,2026-02-14 18:31:14,669.7091760379197,598.1166140359476,4.2635491086544866,6.854568975252293,10.039890904033422,16.14127642297135,854.3339711447137,545.3535231568877,16863.065327664568,21078.59747464565,True,1,16
1556,allmetal1556 26-02-14 18-32-15.fits,2026-02-14 18:32:15,669.14274088569,598.1356031832729,4.252490048728895,7.073200676563389,10.01384880804144,16.65611473569794,891.5152865878498,564.7459946604903,16817.101540160897,21020.87902196639,True,1,14
1557,allmetal1557 26-02-14 18-33-15.fits,2026-02-14 18:33:15,668.9628030768204,600.3902131661068,4.209751441138945,6.342269776347741,9.913207078191913,14.934904000337616,865.0696589726884,535.8864524163032,16844.719172663506,21056.493780359804,True,1,14
1558,allmetal1558 26-02-14 18-34-15.fits,2026-02-14 18:34:15,668.8901418409495,598.0670104725258,4.243904418479544,7.634111079954637,9.993631193831044,17.976957797070046,867.831835786328,499.16780792222806,16778.921171625243,20973.338852842895,True,1,15
1559,allmetal1559 26-02-14 18-35-15.fits,2026-02-14 18:35:15,669.166482842682,598.4876741818731,4.160847870992619,7.632494081288214,9.798047970937768,17.973150056197564,874.5717223405026,502.2441319069631,16870.142562695866,21087.202297758682,True,1,16
1560,allmetal1560 26-02-14 18-36-15.fits,2026-02-14 18:36:15,668.4643301740463,601.4782786564992,4.223982461973268,5.243534259627632,9.94671857131383,12.347579581377666,878.454021321288,575.8972163567262,16829.278101049917,21038.288713223108,True,1,15
1561,allmetal1561 26-02-14 18-37-15.fits,2026-02-14 18:37:15,669.2321292155793,602.3477108610994,3.8637369644035786,5.711770758734833,9.098405252504579,13.45019227529042,938.3636055635052,569.9248679770008,16835.679682202164,21045.5060767426,True,1,16
1562,allmetal1562 26-02-14 18-38-14.fits,2026-02-14 18:38:14,668.1969512814999,601.0794051906663,4.36611470839635,8.445106305422247,10.281414434236183,19.88670561042557,821.8699364641677,408.556186026214,16854.272085308334,21068.178104851122,True,1,16
1563,allmetal1563 26-02-14 18-39-14.fits,2026-02-14 18:39:14,668.7415843449822,601.5320189409596,3.9454035230698015,5.771163392344046,9.290715301860496,13.590051239440571,951.4168273225289,579.960792909021,16860.105321117175,21076.127142149373,True,1,11
1564,allmetal1564 26-02-14 18-40-14.fits,2026-02-14 18:40:14,668.2798859507819,599.751938050358,4.078953350903072,7.567980038958032,9.605201113452715,17.82123109613248,929.4518702571958,456.0297946662873,16785.010854602573,20982.09576500173,True,1,16
1565,allmetal1565 26-02-14 18-41-14.fits,2026-02-14 18:41:14,667.4869585764026,599.0388400465465,4.035546378623506,7.859464994420561,9.502985505034689,18.507625712080596,874.7073762281651,416.8195248010512,16842.85374784429,21054.188808346462,True,1,13
1566,allmetal1566 26-02-14 18-42-14.fits,2026-02-14 18:42:14,670.0435205769954,601.6013648089632,4.094869479787759,7.511441935516596,9.642680732789671,17.688094036840553,886.3021868873743,506.94931471417897,16851.175558296003,21063.532186662887,True,1,15
1567,allmetal1567 26-02-14 18-43-15.fits,2026-02-14 18:43:15,668.9011219027487,600.8349216096876,4.598794769802939,7.208290530753318,10.829334106915452,16.974227032224693,814.4840727470174,464.3505185644302,16828.333640693294,21036.392461276602,True,1,15
1568,allmetal1568 26-02-14 18-44-15.fits,2026-02-14 18:44:15,669.7607630034557,603.4259155218133,4.2860139667483095,4.773493577927457,10.092791602181531,11.240718362130082,841.6379166262873,678.2035704224886,16771.112429942626,20964.79593809378,True,1,4
1569,allmetal1569 26-02-14 18-45-15.fits,2026-02-14 18:45:15,668.5487014277074,602.9106077708154,4.044334604269909,7.054944968197233,9.523680194947094,16.61312582770108,878.6644585594936,519.2130014149049,16852.501103883507,21065.35856697871,True,1,16
1570,allmetal1570 26-02-14 18-46-15.fits,2026-02-14 18:46:15,669.882980652739,604.5938022323658,4.230715135517506,7.035037340895028,9.962572805932451,16.56624694788084,863.947558959464,474.40440495027383,16843.004674102798,21054.533443987446,True,1,16
1571,allmetal1571 26-02-14 18-47-15.fits,2026-02-14 18:47:15,668.5827816329834,604.3177137023307,4.145540630854154,6.804019588410302,9.762002175025609,16.02224171357181,899.0069769347591,544.6699243573933,16837.20400187437,21046.55622445324,True,1,16
1572,allmetal1572 26-02-14 18-48-15.fits,2026-02-14 18:48:15,668.7920794836566,602.5445966884123,4.169938242283517,7.420084779454329,9.819454159470348,17.472964374488104,903.070923353554,476.53838290643506,16866.91301924021,21084.203783868772,True,1,15
1573,allmetal1573 26-02-14 18-49-15.fits,2026-02-14 18:49:15,668.4908308884703,605.6238783620627,4.677775406836631,8.638688154008351,11.015319294171702,20.342556027830273,807.0395145488585,441.5334785410607,16759.62742443788,20949.4385183646,True,1,14
1574,allmetal1574 26-02-14 18-50-15.fits,2026-02-14 18:50:15,668.8074992690734,604.7411626167252,4.223456665382701,5.826346992264975,9.945480414962754,13.719998686691344,898.9852175545598,534.1750828773346,16845.681070956936,21058.77699939089,True,1,15
1575,allmetal1575 26-02-14 18-51-16.fits,2026-02-14 18:51:16,668.4699403254064,602.6243623041759,4.246260141168136,7.760611142931509,9.999178496838676,18.274842681065664,888.3683248462276,451.9305352767309,16868.414366418383,21086.166611392266,True,1,17
1576,allmetal1576 26-02-14 18-52-16.fits,2026-02-14 18:52:16,668.8390965288963,603.9715110598863,4.089839988683528,7.507098693319778,9.630837186321124,17.67786648305506,895.4044366357796,473.3635335592606,16855.227011455638,21069.299295802084,True,1,15
1577,allmetal1577 26-02-14 18-53-16.fits,2026-02-14 18:53:16,669.6657233115196,605.8414025852804,3.615098259251926,5.440384748639829,8.512905845642926,12.811127058777732,1021.5033230162524,551.9559320481055,16869.475340357832,21088.533168609898,True,1,15
1578,allmetal1578 26-02-14 18-54-16.fits,2026-02-14 18:54:16,668.5652731984669,603.6715803142187,4.226022192800911,8.709510476139519,9.951521770353231,20.509329851620386,847.3424852608406,448.28840716274294,16767.569566030892,20958.670106663503,True,1,16
1579,allmetal1579 26-02-14 18-55-16.fits,2026-02-14 18:55:16,668.336769841525,607.1059383254568,4.268678475898821,5.664316134364684,10.051969640838706,13.33844517459418,872.4698408313087,545.2907795839211,16856.423110379685,21072.084744937038,True,1,16
1580,allmetal1580 26-02-14 18-56-16.fits,2026-02-14 18:56:16,668.6087775693502,605.4055769147119,3.8851676899385725,8.180344222967904,9.148870754573938,19.263238551497945,928.7570178833078,380.3097065408619,16837.18995374421,21047.704802914883,True,1,15
1581,allmetal1581 26-02-14 18-57-16.fits,2026-02-14 18:57:16,668.9911776210736,606.3910770441681,4.369172895151577,7.488360320822525,10.288615913708838,17.633740987887272,872.6299124647715,480.34148171208324,16861.112539973987,21076.918684619028,True,1,16
1582,allmetal1582 26-02-14 18-58-15.fits,2026-02-14 18:58:15,668.8236180940718,606.8880831894477,4.242571577653303,8.44702183457966,9.990492593536576,19.891216336882287,858.8829372548282,425.5971319906269,16866.78763012817,21083.604102033707,True,1,17
1583,allmetal1583 26-02-14 18-59-15.fits,2026-02-14 18:59:15,668.9930187933978,608.2688451002047,4.505449675050605,5.574824922537985,10.609523206687342,13.127709475130557,793.3167473049086,506.49781626927785,16820.884911844878,21027.943547342726,True,1,16
1584,allmetal1584 26-02-14 19-00-16.fits,2026-02-14 19:00:16,670.007658727364,607.8608067024965,3.8380793086143945,7.2324256830112335,9.037986090343704,17.031060972551508,962.3015572850541,450.06925008875044,16791.250816366777,20990.13641923265,True,1,14
1585,allmetal1585 26-02-14 19-01-16.fits,2026-02-14 19:01:16,668.1927878322144,607.1016094731056,4.67346146722599,6.594449339852273,11.005160742703513,15.528741491425244,777.5125098832947,519.4056002988006,16864.041975077136,21080.56280473574,True,1,16
1586,allmetal1586 26-02-14 19-02-16.fits,2026-02-14 19:02:16,668.9552487585602,607.8906556334242,4.3482756942839,6.295271688631447,10.239406766220595,14.824231961305163,854.7542434000982,548.7560900452697,16855.32546632063,21069.798516056468,True,1,16
1587,allmetal1587 26-02-14 19-03-16.fits,2026-02-14 19:03:16,668.8558983149053,606.005954022844,4.003029143516737,8.69546071802807,9.426413267996285,20.47624519959171,887.0939023753175,368.17242816535753,16855.15219196871,21069.796101330645,True,1,17
1588,allmetal1588 26-02-14 19-04-16.fits,2026-02-14 19:04:16,668.7597294306796,609.021299250275,4.195218156388353,6.158029290385676,9.878983807941077,14.501050810887904,861.7955326271415,484.3232268858452,16827.60194165932,21036.05179662062,True,1,15
1589,allmetal1589 26-02-14 19-05-16.fits,2026-02-14 19:05:16,668.5379790256299,608.6959017887609,3.706826019820797,8.980737834688124,8.728908214916304,21.14802147229144,981.3402732326064,392.632441937668,16859.017769107602,21074.045219878837,True,1,18
1590,allmetal1590 26-02-14 19-06-16.fits,2026-02-14 19:06:16,668.1085370271712,608.8928156969354,3.9976137240183314,7.494838463059089,9.413660929609188,17.648995847080496,910.8295996857138,439.9702428181665,16856.521096264027,21071.492557067348,True,1,16
1591,allmetal1591 26-02-14 19-07-16.fits,2026-02-14 19:07:16,668.087259272861,610.2084220903155,4.2111773839585815,5.844625836634288,9.916564916926662,13.763042075812203,871.7669732559799,522.5202120507835,16780.358400854722,20976.958906043634,True,1,15
1592,allmetal1592 26-02-14 19-08-16.fits,2026-02-14 19:08:16,668.1378619662582,609.1038812025706,3.7455907886951305,8.214034730308565,8.820192269702575,19.342573633510998,920.4033373836527,439.3042766635478,16850.014463773892,21062.12395568418,True,1,13
1593,allmetal1593 26-02-14 19-09-16.fits,2026-02-14 19:09:16,668.3272341357746,608.8589528542495,4.231418987231507,8.971183026591133,9.96423025005731,21.12552161865822,862.7154483563867,412.00149009833245,16828.41525553915,21035.40737204533,True,1,15
1594,allmetal1594 26-02-14 19-10-16.fits,2026-02-14 19:10:16,668.3114888933309,609.9075016559132,3.8658395025779884,7.793501366789327,9.103356351543122,18.35229323949161,923.9125966028222,431.85884350428813,16846.58209473592,21058.731894552628,True,1,18
1595,allmetal1595 26-02-14 19-11-16.fits,2026-02-14 19:11:16,668.8352205919296,610.1620741662309,4.271047536763699,7.580950814996745,10.057548352851217,17.851774939548047,872.5857632212184,434.9674999247952,16859.189968117844,21075.03855016677,True,1,16
1596,allmetal1596 26-02-14 19-12-17.fits,2026-02-14 19:12:17,668.3388307116084,610.0155895045544,4.144018091645011,7.933214648562656,9.758416869176573,18.6812928759685,865.7872185003266,413.0895731922621,16801.35283130969,21002.451618790416,True,1,15
1597,allmetal1597 26-02-14 19-13-17.fits,2026-02-14 19:13:17,668.1668858630737,610.9690293494066,4.13564288339929,7.754829962985815,9.738694760918243,18.26122904264561,869.925913724272,436.73486406417476,16855.807731366644,21070.275917768668,True,1,15
1598,allmetal1598 26-02-14 19-14-17.fits,2026-02-14 19:14:17,668.8391682283037,610.5268370672735,4.292306882042419,8.430075195288799,10.107610285257781,19.851310050984257,849.2515070206325,395.1700555309443,16848.32790474469,21061.178355376418,True,1,16
1599,allmetal1599 26-02-14 19-15-17.fits,2026-02-14 19:15:17,668.5937729327035,609.8195641577906,3.859310238266417,8.040777382689289,9.087981109062929,18.93458375838823,902.8045846050047,412.1682644961384,16843.171404923713,21054.38051728097,True,1,15
1600,allmetal1600 26-02-14 19-16-17.fits,2026-02-14 19:16:17,669.4418071775664,609.4514722471226,3.9905076637493933,8.277784085150547,9.396927436446695,19.492691892150685,910.1790956506952,441.4233091755581,16854.21697965175,21067.71754210276,True,1,16
1601,allmetal1601 26-02-14 19-17-17.fits,2026-02-14 19:17:17,668.5788806598091,608.304903092358,3.9780730749561415,8.344632590027798,9.367646217504628,19.650108091415987,898.6223195080682,407.7913694651357,16859.80729859178,21075.179953088533,True,1,15
1602,allmetal1602 26-02-14 19-18-17.fits,2026-02-14 19:18:17,667.7327038647275,611.4380577420548,4.470267764107338,4.962582450518089,10.526676137575643,11.685988629598805,789.8530319957707,539.5249078889677,16868.0308282479,21087.12759871135,True,1,17
1603,allmetal1603 26-02-14 19-19-16.fits,2026-02-14 19:19:16,667.4407102017926,609.1812943975542,4.478632652679458,7.610596514072982,10.546373944859722,17.921585225981726,795.3114975916121,431.92192021920323,16857.107516082702,21072.05688765631,True,1,16
1604,allmetal1604 26-02-14 19-20-16.fits,2026-02-14 19:20:16,668.2575247464994,608.7335934220112,4.114577126658297,9.151579062236108,9.689088694680805,21.550321819439123,868.4358888003907,400.2112688475425,16870.464218303754,21087.861631672233,True,1,16
1605,allmetal1605 26-02-14 19-21-16.fits,2026-02-14 19:21:16,667.954406886994,610.2475380918987,4.040975655985504,7.741243114673931,9.515770476196753,18.22923445989199,901.1887011028327,427.614458831785,16867.180201506013,21084.78651355673,True,1,16
1606,allmetal1606 26-02-14 19-22-16.fits,2026-02-14 19:22:16,666.8338279628474,610.9703252516979,3.78503826235915,6.766531997052465,8.91308397141244,15.933965182002446,939.7360404507725,485.38559924771323,16863.975063643757,21080.63602270333,True,1,16
1607,allmetal1607 26-02-14 19-23-17.fits,2026-02-14 19:23:17,667.8253293256449,610.729033146946,4.470712585877554,6.395767614143151,10.527723612796613,15.060881781144062,804.409315999184,487.8417969040391,16846.012074777827,21058.680675800948,True,1,16
1608,allmetal1608 26-02-14 19-24-17.fits,2026-02-14 19:24:17,667.7301101689837,608.2619482316571,4.093662687346405,8.481438067700251,9.639838953758579,19.972260372509115,877.0709449685854,392.8998044249722,16861.644625093297,21077.687523233588,True,1,15
1609,allmetal1609 26-02-14 19-25-17.fits,2026-02-14 19:25:17,669.4508396342349,610.2765653460436,4.04662394243805,7.203875539696375,9.529071174355286,16.963830522785173,892.8171959682836,419.24913830769736,16870.150636039725,21089.139096275023,True,1,14
1610,allmetal1610 26-02-14 19-26-17.fits,2026-02-14 19:26:17,668.2199479275905,610.5812565973997,4.369515720175204,6.694581388277451,10.289423204946415,15.764534446206863,829.2395286492548,474.1977114681933,16832.618394824894,21041.871650571677,True,1,15
1611,allmetal1611 26-02-14 19-27-17.fits,2026-02-14 19:27:17,667.3469362980534,608.9786201893642,3.821748413305477,7.307157339148388,8.999529770716963,17.207040574421637,944.1564264501773,455.153794634349,16853.460361088088,21067.51684972775,True,1,15
1612,allmetal1612 26-02-14 19-28-17.fits,2026-02-14 19:28:17,667.5518644810027,609.8678466327082,3.7069612393518216,7.105011848768514,8.72922663257844,16.731024321662503,961.8119042600247,420.2029691596005,16834.27411635283,21044.262053880044,True,1,15
1613,allmetal1613 26-02-14 19-29-16.fits,2026-02-14 19:29:16,668.1597319380853,607.067083682935,4.162255790304162,8.3695631731955,9.801363367554375,19.708815128393603,877.7757641628391,443.912163524445,16853.85231660562,21067.164058940725,True,1,15
1614,allmetal1614 26-02-14 19-30-16.fits,2026-02-14 19:30:16,668.0698220965941,610.7995750403217,4.2674246473782524,5.729549105858283,10.04901710030544,13.492057083464237,860.839359406073,537.7208260349687,16855.527916278104,21070.86067796069,True,1,15
1615,allmetal1615 26-02-14 19-31-16.fits,2026-02-14 19:31:16,668.2340838240073,610.4946598105096,4.222615575550577,7.343772197769755,9.943499799766398,17.29326197744921,853.1502979979659,450.6084482580184,16848.824068055364,21061.74819473857,True,1,16
1616,allmetal1616 26-02-14 19-32-16.fits,2026-02-14 19:32:16,667.8438784869973,609.2200600161815,3.817028117020768,10.254731820223832,8.988414322407245,24.148048046679794,910.0037719969984,321.849339395147,16878.8900012923,21099.036061347855,True,1,16
1617,allmetal1617 26-02-14 19-33-17.fits,2026-02-14 19:33:17,667.4949277738816,610.6864870232952,4.1218387188757974,8.691290981602275,9.706188437593417,20.466426220673753,873.8747557283299,379.351379746816,16849.42593603685,21062.528821379612,True,1,16
1618,allmetal1618 26-02-14 19-34-17.fits,2026-02-14 19:34:17,666.5995640460442,610.9323420936644,4.196796928995253,7.549366379728747,9.882701533322352,17.777399278267982,857.4802309464922,423.7816390277219,16841.84489922693,21053.28377648905,True,1,16
1619,allmetal1619 26-02-14 19-35-17.fits,2026-02-14 19:35:17,666.9637765504584,609.8867135329411,4.388444703542013,7.791762554918512,10.333997554410633,18.348198650443678,828.6331509641424,425.99963352488624,16856.360835894826,21071.227323064464,True,1,16
1620,allmetal1620 26-02-14 19-36-17.fits,2026-02-14 19:36:17,665.7822551166017,612.0830309024594,4.086236145492517,5.97135672809266,9.622350784135781,14.06147051934302,874.7742540895664,483.42466452565145,16839.687477785297,21051.293079380113,True,1,15
1621,allmetal1621 26-02-14 19-37-17.fits,2026-02-14 19:37:17,666.1951835444451,608.4768660694232,3.8953424004323893,8.660547312146514,9.172830366797164,20.39403041158152,901.2742053084148,427.47936292681874,16842.23968793929,21052.331003553132,True,1,14
1622,allmetal1622 26-02-14 19-38-17.fits,2026-02-14 19:38:17,666.7161576610055,610.6919539405096,4.216899058715563,5.544904840509521,9.93003843133555,13.05725306622096,883.6869485032285,536.278882544516,16830.144729384763,21039.52368320835,True,1,16
1623,allmetal1623 26-02-14 19-39-17.fits,2026-02-14 19:39:17,665.75772770666,609.2077667271013,3.931595655605949,8.560895356933448,9.258200258777485,20.159367989919268,908.6762951851699,385.954478921141,16857.759336509094,21072.85625939766,True,1,17
1624,allmetal1624 26-02-14 19-40-16.fits,2026-02-14 19:40:16,666.9685682933634,608.6552929049753,4.01417444561144,8.836306650679076,9.452658448776816,20.807912025059377,914.6690790505074,423.18736747311436,16823.21684394011,21028.85515696541,True,1,15
1625,allmetal1625 26-02-14 19-41-16.fits,2026-02-14 19:41:16,666.3826388565303,609.3869875098032,4.0333113230582125,8.011675823930567,9.497722351387777,18.866054824481544,873.2288469092258,434.87004419631063,16845.059879453733,21056.417785410045,True,1,15
1626,allmetal1626 26-02-14 19-42-16.fits,2026-02-14 19:42:16,666.421396190423,612.3628975805788,3.997648820892843,7.748977293261658,9.413743576432806,18.24744705866222,894.994681338116,438.70445894453593,16853.956717799763,21067.882509603867,True,1,16
1627,allmetal1627 26-02-14 19-43-16.fits,2026-02-14 19:43:16,666.8437086874991,609.7251977761238,4.454829039756625,8.763811883125689,10.490320720004876,20.637199893264803,797.3442882724505,418.5160767075947,16846.181542907478,21057.443553148543,True,1,17
1628,allmetal1628 26-02-14 19-44-16.fits,2026-02-14 19:44:16,667.1212999851421,610.2767064808115,4.388698275962846,8.395445918640366,10.334594671830079,19.769764336187606,832.23956033149,417.9411969785204,16824.691929492856,21031.21653883679,True,1,16
1629,allmetal1629 26-02-14 19-45-17.fits,2026-02-14 19:45:17,665.9819591645876,609.6048764747607,3.779014846926443,8.794090154861202,8.898899912011952,20.708499774476483,911.8216782236326,388.5314586127215,16867.802883768232,21084.824610295673,True,1,16
1630,allmetal1630 26-02-14 19-46-17.fits,2026-02-14 19:46:17,665.8341423100125,609.4133742165147,4.170022596639182,7.658050733381035,9.819652798797955,18.033331372829625,834.0814630879471,423.910199746872,16815.228593414668,21019.6031912186,True,1,15
1631,allmetal1631 26-02-14 19-47-17.fits,2026-02-14 19:47:17,666.6746075041802,607.1727021364148,3.934320661378995,10.412665070059143,9.26461715699468,24.519952429168864,873.3404557973763,352.782924163049,16852.732204484244,21065.334106902374,True,1,15
1632,allmetal1632 26-02-14 19-48-17.fits,2026-02-14 19:48:17,667.0063407694122,609.2753133526908,4.266226859784032,7.493827269565219,10.04619652606888,17.646614668371726,862.5770195364794,389.23322657302526,16792.967761841734,20993.077685382355,True,1,15
1633,allmetal1633 26-02-14 19-49-17.fits,2026-02-14 19:49:17,666.5511580136782,607.6222864196467,3.8979535730706845,8.444442469959265,9.17897920846686,19.885142397370736,888.9258077608476,372.85770871964627,16869.453558017438,21087.59149576482,True,1,16
1634,allmetal1634 26-02-14 19-50-17.fits,2026-02-14 19:50:17,666.3913173567992,606.9240985658382,4.079433424282474,9.562968885401629,9.606331599869614,22.519070821351033,886.7727737091969,382.1336465346204,16814.350152952924,21017.847605073814,True,1,16
1635,allmetal1635 26-02-14 19-51-16.fits,2026-02-14 19:51:16,666.724918742972,606.3753299822639,4.042829688668214,8.734107964367643,9.520136389522143,20.567252509957388,896.1926407849993,384.49461799292607,16858.370389998316,21073.611520506296,True,1,16
1636,allmetal1636 26-02-14 19-52-16.fits,2026-02-14 19:52:16,666.1494262019039,609.47707556061,4.047839412269526,5.696982915499405,9.531933387078576,13.415369565616858,857.8810709635169,468.0529321904306,16835.11997722701,21045.87314631344,True,1,15
1637,allmetal1637 26-02-14 19-53-16.fits,2026-02-14 19:53:16,666.4270574316009,605.9400178573272,4.001323534499739,8.98975353076354,9.422396865694072,21.169251814129737,886.0111379277488,450.75503370358024,16844.649576782413,21054.570995455575,True,1,17
1638,allmetal1638 26-02-14 19-54-16.fits,2026-02-14 19:54:16,666.7179193684786,608.4421498052919,3.91810851121785,10.901013066899333,9.226440460822163,25.669924081078854,884.3305228326199,357.59352187570977,16812.98654398483,21015.17268841685,True,1,16
1639,allmetal1639 26-02-14 19-55-17.fits,2026-02-14 19:55:17,666.4001498501311,610.0715627274021,3.781363906227364,6.639607991924502,8.904431523940728,15.635081990531507,952.948278072954,442.79312774363416,16861.5972693933,21078.620684592053,True,1,16
1640,allmetal1640 26-02-14 19-56-17.fits,2026-02-14 19:56:17,666.4827425961475,607.5400380927141,4.241509930852681,8.882246611449323,9.987992606369728,20.916092365549094,848.1618650466742,414.61125236328303,16861.031591745083,21076.080948807074,True,1,16
1641,allmetal1641 26-02-14 19-57-17.fits,2026-02-14 19:57:17,667.4170163629341,607.0695265712566,4.0075974093657525,9.558412731631941,9.437170711988577,22.508341899125927,900.7932300398604,383.6483284676803,16861.793773655983,21077.102559523002,True,1,15
1642,allmetal1642 26-02-14 19-58-17.fits,2026-02-14 19:58:17,666.6995089890406,610.0839624378178,4.002690201853179,8.772469752079045,9.425615121372843,20.657587616623417,877.4151607956711,390.9943692202126,16821.209897406174,21026.71318295134,True,1,14
1643,allmetal1643 26-02-14 19-59-17.fits,2026-02-14 19:59:17,666.4197741929208,608.388515970972,3.9165470845408823,8.80870358919366,9.222763581984394,20.7429117825693,929.0604724965551,389.66389163302705,16854.828991347105,21069.041176321178,True,1,14
1644,allmetal1644 26-02-14 20-00-17.fits,2026-02-14 20:00:17,665.8487697389836,610.3519539670885,4.363431022355912,6.733563497689078,10.27509483655359,15.85633029884695,812.6044808394755,439.1731598004274,16856.458702207423,21072.01406048688,True,1,15
1645,allmetal1645 26-02-14 20-01-17.fits,2026-02-14 20:01:17,666.5794756425931,609.3102001439096,3.904827878590604,8.422765729860421,9.195166960900831,19.834097575275052,911.0617354399244,414.9225831591,16883.106696480325,21104.0369592025,True,1,16
1646,allmetal1646 26-02-14 20-02-17.fits,2026-02-14 20:02:17,666.6496402873988,612.7822068614126,3.9687995007886556,5.809997809277606,9.34580861916595,13.681499302872808,899.4468515727675,514.1340084867471,16848.718772124106,21062.324616072045,True,1,15
1647,allmetal1647 26-02-14 20-03-17.fits,2026-02-14 20:03:17,666.4103052337014,609.040266904903,4.192283657273766,9.282697362883287,9.872073590603922,21.859081822073495,855.0800850505009,405.4605128067738,16849.16983882632,21061.02405722884,True,1,16
1648,allmetal1648 26-02-14 20-04-16.fits,2026-02-14 20:04:16,666.9149596772861,612.2723849527991,4.208736785667608,4.749468754686359,9.91081774714921,11.18414422678362,850.618653082854,533.0363665842641,16839.8564027472,21052.38683654065,True,1,16
1649,allmetal1649 26-02-14 20-05-16.fits,2026-02-14 20:05:16,666.2583358731629,610.5255893182821,4.096116932326893,7.179041206800247,9.645618259034048,16.905350137876397,883.4532393890571,478.749935608294,16861.71812081689,21077.592583036672,True,1,14
1650,allmetal1650 26-02-14 20-06-16.fits,2026-02-14 20:06:16,666.2335940158426,610.6028021089716,4.4034433354381415,9.065235499993042,10.369316633447678,21.346998268309775,826.8819561760068,330.3537444988765,16812.495348440054,21017.20147835919,True,1,15
1651,allmetal1651 26-02-14 20-07-17.fits,2026-02-14 20:07:17,666.2664451687388,611.6054987765838,4.243786711337729,9.110622256261617,9.993354014694056,21.45387591174995,849.123587913319,385.8338537854031,16863.847942592067,21080.02610751855,True,1,18
1652,allmetal1652 26-02-14 20-08-17.fits,2026-02-14 20:08:17,666.0664243769685,610.5269330634934,3.854185315032949,8.948084263235712,9.075912837103512,21.07112818769345,910.8469020560299,419.30846039059395,16839.779139901475,21049.132921929406,True,1,16
1653,allmetal1653 26-02-14 20-09-17.fits,2026-02-14 20:09:17,666.2424587493377,610.0108243840135,4.064547867975502,8.652411879024285,9.571278793496521,20.37487293059029,891.0410971959541,419.81840054528806,16842.35530979387,21052.917791871983,True,1,17
1654,allmetal1654 26-02-14 20-10-17.fits,2026-02-14 20:10:17,666.3348771866375,609.5716616666539,4.26339796565783,9.666962520114604,10.039534989475229,22.763957116928772,828.9171382143813,368.3325215895314,16856.677005110592,21070.78101289989,True,1,15
1655,allmetal1655 26-02-14 20-11-17.fits,2026-02-14 20:11:17,666.8983364742683,613.3906507574716,4.03346757132618,6.3261127171921645,9.498090287941189,14.896857033569313,913.7340779028028,486.5666800421497,16852.499827682605,21067.111727028536,True,1,16
1656,allmetal1656 26-02-14 20-12-17.fits,2026-02-14 20:12:17,666.6191512650349,609.5679584427068,4.050772726877513,8.181991890559699,9.538840815115847,19.26711851217065,897.9166769653667,379.4531871169293,16854.510742421047,21069.44210353556,True,1,16
1657,allmetal1657 26-02-14 20-13-17.fits,2026-02-14 20:13:17,665.107893937775,610.1159921465086,3.837334474288925,9.891876222940253,9.036232139543861,23.293588412744743,912.0466941010026,313.36197249408997,16809.268149692925,21012.564559994546,True,1,17
1658,allmetal1658 26-02-14 20-14-17.fits,2026-02-14 20:14:17,666.4453677086315,612.0033456718904,4.11645169971657,8.544090967715757,9.693502976894301,20.119796677344947,858.4125985086408,383.8724248804518,16842.694955652263,21053.989900356544,True,1,14
1659,allmetal1659 26-02-14 20-15-17.fits,2026-02-14 20:15:17,665.857737775957,611.3820002223441,4.446674155660202,9.026330105008336,10.471117435469715,21.255383064339945,786.5841670083871,409.21801979215036,16830.479380996057,21037.619311050425,True,1,16
1660,allmetal1660 26-02-14 20-16-17.fits,2026-02-14 20:16:17,665.4520398676334,615.3376490116359,3.842412418469224,6.630641857152905,9.048189784287176,15.6139683566449,945.7539853365097,508.7692122098778,16801.45232096703,21002.453099188137,True,1,15
1661,allmetal1661 26-02-14 20-17-17.fits,2026-02-14 20:17:17,665.8063949375282,614.4456195336315,4.376093029848688,6.550632631500627,10.304911585607911,15.425561028291513,807.7747488311738,495.67030707950323,16832.31978602231,21041.10458303905,True,1,14
1662,allmetal1662 26-02-14 20-18-17.fits,2026-02-14 20:18:17,665.3891063183037,612.8299549900463,4.413849596752605,8.804424764298096,10.393821506184805,20.732835919936047,804.9382707656503,368.47625767025136,16842.467390158326,21053.839787777168,True,1,15
1663,allmetal1663 26-02-14 20-19-17.fits,2026-02-14 20:19:17,665.8783131321358,610.7629607546995,3.9804428989177554,9.88520695620415,9.37322672647263,23.277883489748913,894.8551861671688,338.2529254505105,16811.46061772069,21014.859947808058,True,1,16
1664,allmetal1664 26-02-14 20-20-18.fits,2026-02-14 20:20:18,664.9668472907805,609.5830394660451,4.216662075862356,9.772200966247881,9.92948037936249,23.011774719391322,840.3862960522717,345.7056164588581,16834.53081977797,21043.56820870156,True,1,15
1665,allmetal1665 26-02-14 20-21-18.fits,2026-02-14 20:21:18,666.092458075532,613.1787490712369,4.201095292815933,5.559909670821142,9.892823406608125,13.092586741411052,871.8493884618003,494.3298919502257,16853.703841065384,21069.36787962729,True,1,14
1666,allmetal1666 26-02-14 20-22-18.fits,2026-02-14 20:22:18,665.6157222008408,609.4148230672863,4.131224552088586,8.218908030674248,9.728290385782207,19.354049378897564,872.1165252874196,401.7671105741207,16848.268629620783,21061.072163568824,True,1,16
1667,allmetal1667 26-02-14 20-23-18.fits,2026-02-14 20:23:18,665.4805072973621,612.0084196569663,4.289454393695334,7.970734241423783,10.10089318851985,18.769644765319285,822.0818245705111,429.54520252194726,16853.270250463087,21066.83870067728,True,1,18
1668,allmetal1668 26-02-14 20-24-18.fits,2026-02-14 20:24:18,665.8879394053027,611.6749935046549,3.9303229577100582,8.921040989152575,9.255203284260974,21.00744614379921,915.0869000310848,375.52328062989295,16808.429447809085,21011.140281669228,True,1,16
1669,allmetal1669 26-02-14 20-25-18.fits,2026-02-14 20:25:18,666.2140264554318,610.362411126034,3.82401470735842,9.522019337091622,9.004866485380767,22.422642004155666,933.3573957836942,402.54295136622983,16854.087821501038,21066.963905500925,True,1,17
1670,allmetal1670 26-02-14 20-26-18.fits,2026-02-14 20:26:18,665.4240310488134,609.0346378024533,3.650701177594681,8.620792182137412,8.596744311418046,20.30041423454328,947.543871525117,392.78280522908835,16838.470369261984,21048.266902959014,True,1,15
1671,allmetal1671 26-02-14 20-27-18.fits,2026-02-14 20:27:18,665.1340124714125,610.0189797756659,4.3201444100637625,8.803078953456803,10.173162654246553,20.72966677759015,851.3620414933125,431.93346357005845,16855.117659173135,21068.592710969715,True,1,17
1672,allmetal1672 26-02-14 20-28-17.fits,2026-02-14 20:28:17,664.8971724552629,608.0832597448066,4.110317126867715,9.364977748290906,9.679057161782115,22.05283732294423,858.4530969641053,387.65090179954325,16838.311973335076,21047.640704969293,True,1,15
1673,allmetal1673 26-02-14 20-29-17.fits,2026-02-14 20:29:17,666.5722009475286,609.608008038882,4.257341908634033,8.510694719441632,10.025274065001742,20.04115452248021,852.3678093075465,421.5645838588128,16873.760073581492,21092.300488566496,True,1,16
1674,allmetal1674 26-02-14 20-30-17.fits,2026-02-14 20:30:17,664.9405912601452,610.0661584575288,3.9532031390615363,8.193883105236042,9.309081993941378,19.29512018285027,911.3542419762111,426.5666246986023,16849.829842750394,21062.55052727283,True,1,17
1675,allmetal1675 26-02-14 20-31-17.fits,2026-02-14 20:31:17,665.873411145438,608.7080632931571,4.127588115461639,8.479487529087985,9.719727231920587,19.967667205086343,861.1189932589492,472.133736942834,16850.444202748895,21061.955892211456,True,1,17
1676,allmetal1676 26-02-14 20-32-18.fits,2026-02-14 20:32:18,666.0143543962864,610.8479320913682,4.014254403135964,5.396361839039499,9.452846734358317,12.70746102881029,901.7182447211696,528.1610414244622,16853.026321383364,21068.16673647958,True,1,17
1677,allmetal1677 26-02-14 20-33-18.fits,2026-02-14 20:33:18,665.4769184378197,611.1432018863203,4.328825091479991,8.01996191127938,10.193604096850015,18.885567069065406,835.8412090242556,460.2456528547683,16846.374602741027,21057.78969967729,True,1,16
1678,allmetal1678 26-02-14 20-34-18.fits,2026-02-14 20:34:18,665.3162257917869,610.8553367061736,4.107413384092065,7.384081394792714,9.672219370088401,17.388182882597974,854.9825380584908,451.6820542274846,16860.17445800393,21075.65014680668,True,1,15
1679,allmetal1679 26-02-14 20-35-18.fits,2026-02-14 20:35:18,664.8687203675048,608.1248381438766,4.10762843292078,9.395057161771843,9.67272577138092,22.123668928751915,856.8270170063229,390.8567947727648,16831.73269848296,21039.292339133382,True,1,16
1680,allmetal1680 26-02-14 20-36-18.fits,2026-02-14 20:36:18,666.1377034299153,613.1740073960347,3.8922371390375514,5.296140702219145,9.16551803501954,12.47145828688993,895.0664230590877,555.3901278962971,16859.64873547741,21075.888615967793,True,1,16
1681,allmetal1681 26-02-14 20-37-18.fits,2026-02-14 20:37:18,665.4060814688542,611.2614700587978,4.0001387812671485,7.734818539877622,9.419606985033553,18.214105742380845,896.9885407850595,429.76968536363455,16856.291422347833,21071.010244135097,True,1,16
1682,allmetal1682 26-02-14 20-38-18.fits,2026-02-14 20:38:18,664.680282787273,608.7666732457931,3.8844486294919522,9.324901664874707,9.147177496620648,21.958465358389432,898.9827358395926,403.9469286180459,16853.159158651004,21065.776483717906,True,1,16
1683,allmetal1683 26-02-14 20-39-18.fits,2026-02-14 20:39:18,665.5409994050756,609.4605003991084,4.317771429930396,8.591847937053503,10.167574713062042,20.2322557460314,843.522489575902,410.4470433350484,16863.28555908442,21079.390018456383,True,1,14
1684,allmetal1684 26-02-14 20-40-17.fits,2026-02-14 20:40:17,666.3362090957361,608.8064495439609,3.8942785920175753,8.683367052252567,9.170325289417889,20.447766793005652,883.5044511400648,345.48621362768836,16846.50833085712,21059.21401971611,True,1,15
1685,allmetal1685 26-02-14 20-41-17.fits,2026-02-14 20:41:17,664.4734292470616,611.4247102418392,4.155881245337794,6.865004604734278,9.78635246128962,16.165850452458045,859.7060330283883,414.5110892850754,16855.01189672804,21070.545006888664,True,1,16
1686,allmetal1686 26-02-14 20-42-17.fits,2026-02-14 20:42:17,665.4117522240457,609.604276740899,4.537848969695548,7.347667633767726,10.685817715162118,17.302435028221364,810.2055848023533,469.59135300148245,16877.338401636807,21097.226686321894,True,1,13
1687,allmetal1687 26-02-14 20-43-17.fits,2026-02-14 20:43:17,665.0323515713769,609.0313482680496,4.504995714901747,9.736145180946245,10.608454212229166,22.926869833423698,800.700661346779,357.9768308500232,16860.218131388057,21075.57091047766,True,1,16
1688,allmetal1688 26-02-14 20-44-18.fits,2026-02-14 20:44:18,664.4005128774439,609.1109604852535,3.935906084926088,9.144741491185124,9.268350544143239,21.534220570068946,875.3655868576325,403.58664857865534,16874.851383888003,21092.96367004785,True,1,16
1689,allmetal1689 26-02-14 20-45-18.fits,2026-02-14 20:45:18,665.172211036578,609.3363226171102,4.033290277730896,8.375152518902203,9.497672793429158,19.721977031702355,897.3050060386032,419.36888961057497,16872.893970916957,21091.37892926922,True,1,17
1690,allmetal1690 26-02-14 20-46-18.fits,2026-02-14 20:46:18,664.9116823815897,610.6146713132935,4.718008843013403,6.41202966147879,11.11006179616124,15.099175976183268,770.1622808491212,512.288991445978,16865.171745429998,21082.318551582008,True,1,15
1691,allmetal1691 26-02-14 20-47-18.fits,2026-02-14 20:47:18,664.7861133109594,611.5070224470089,4.163976781116354,5.596787898869889,9.80541599121624,13.179428332045463,882.7825912271051,563.960298704334,16876.29759350276,21096.643714131817,True,1,16
1692,allmetal1692 26-02-14 20-48-18.fits,2026-02-14 20:48:18,665.5055783707483,611.3209247174964,4.502673108794031,6.109936865397683,10.602984892810005,14.387801804512028,812.0816277125521,478.07956569352064,16877.23626420898,21098.345750614,True,1,15
1693,allmetal1693 26-02-14 20-49-18.fits,2026-02-14 20:49:18,665.8428182094984,611.4564377892045,4.160413597491896,8.031379264462956,9.79702533499324,18.91245288120329,857.9491963574884,437.8984394004965,16859.17014228272,21074.091179385498,True,1,16
1694,allmetal1694 26-02-14 20-50-17.fits,2026-02-14 20:50:17,665.1833571379336,612.2183835950628,4.20527177673028,6.762796927133678,9.902658274647377,15.925169764488093,872.275398495814,464.1715529168622,16871.8057020874,21091.05219559253,True,1,17
1695,allmetal1695 26-02-14 20-51-17.fits,2026-02-14 20:51:17,664.745432825597,609.6383007297704,3.9979694261449747,8.96973811904227,9.414498544107069,21.122119121398942,904.5808061537886,407.80706942096293,16811.07719759235,21013.745066125346,True,1,17
1696,allmetal1696 26-02-14 20-52-17.fits,2026-02-14 20:52:17,665.0012377858699,611.8540147670079,4.159738030348046,6.579044156831721,9.795434495941137,15.492465057651076,888.1781836724767,480.9027725115747,16855.018781102463,21070.072585383936,True,1,16
1697,allmetal1697 26-02-14 20-53-17.fits,2026-02-14 20:53:17,664.8823306708607,607.9798770105732,4.129002089389094,9.17122996753447,9.723056886068111,21.596596165138713,880.6393194930529,379.0497823790009,16801.990230101186,21002.878980407015,True,1,16
1698,allmetal1698 26-02-14 20-54-17.fits,2026-02-14 20:54:17,664.7053999736243,610.7906462264391,3.9648689070524084,7.548157667283101,9.336552778246963,17.774552977972295,903.7970869142663,472.8536244418632,16872.939574652555,21091.209383035643,True,1,14
1699,allmetal1699 26-02-14 20-55-18.fits,2026-02-14 20:55:18,664.781249543323,609.7968604138949,4.154426273976575,8.80957089320551,9.782926265563276,20.74495412744154,850.3348767047047,425.0178591091239,16871.67418024882,21089.07482404685,True,1,16
1700,allmetal1700 26-02-14 20-56-18.fits,2026-02-14 20:56:18,664.2412206661394,611.7455406950467,3.992336536681709,6.043050722802274,9.401234103087527,14.230296975193562,897.7619579594008,509.5399850185677,16873.60142459787,21093.237939848656,True,1,16
1701,allmetal1701 26-02-14 20-57-18.fits,2026-02-14 20:57:18,665.1771818864016,610.557361817228,3.8604240263589356,7.796447187304072,9.090603879589107,18.359230116688796,921.7626901287309,454.970365660985,16881.380802248168,21101.75352285249,True,1,16
1702,allmetal1702 26-02-14 20-58-18.fits,2026-02-14 20:58:18,664.7503971956947,612.5317491212371,4.2948607840330775,5.089806000999848,10.11362426485843,11.985577196473256,848.9071498038667,524.003604450342,16874.950772380587,21096.084599747224,True,1,14
1703,allmetal1703 26-02-14 20-59-18.fits,2026-02-14 20:59:18,665.0794847336027,611.3548158998688,4.013217680165265,9.326895169156359,9.45040543832577,21.96315970223172,877.582344481584,390.5748642122855,16861.482682205642,21076.557350729272,True,1,17
1704,allmetal1704 26-02-14 21-00-18.fits,2026-02-14 21:00:18,664.6251699211347,610.173670819426,4.0628233013297095,8.96502115613835,9.567217749390016,21.111011522601125,887.4191770156477,419.51845614557203,16861.273854657084,21076.211515143827,True,1,15
1705,allmetal1705 26-02-14 21-01-17.fits,2026-02-14 21:01:17,664.6284280245029,609.8524375897366,4.060738393176816,8.818481644844542,9.562308165879536,20.765937344017427,877.9918084546227,417.36442731964775,16859.385258305094,21073.949514729222,True,1,15
1706,allmetal1706 26-02-14 21-02-17.fits,2026-02-14 21:02:17,664.1148736473556,608.486340851384,4.1029819889014,8.702746359781877,9.661784231865967,20.49340157483449,857.7871028851351,402.3110831301227,16788.571843204507,20985.759535828503,True,1,17
1707,allmetal1707 26-02-14 21-03-17.fits,2026-02-14 21:03:17,662.8981452591294,609.8095652537287,3.557355486594277,7.269988396867449,8.37693200713303,17.119514404085884,1023.8167615901308,477.3278168119873,16870.39113973127,21088.40974563005,True,1,16
1708,allmetal1708 26-02-14 21-04-18.fits,2026-02-14 21:04:18,664.4194312703773,610.6826571127182,4.316713059145716,8.496270398244718,10.165082440323202,20.007187841789747,852.3396481737714,441.8232757088421,16864.26667837868,21080.15087243771,True,1,15
1709,allmetal1709 26-02-14 21-05-18.fits,2026-02-14 21:05:18,663.7487859370085,611.9481370229296,4.469652528353523,7.06718619197501,10.525227368090139,16.641951706828696,817.5319404325619,454.71587718384086,16874.325445677572,21093.98515155089,True,1,16
1710,allmetal1710 26-02-14 21-06-18.fits,2026-02-14 21:06:18,664.5485447239812,611.6449571598453,4.00491290037021,6.781021291332298,9.430849176394808,15.968084862610947,901.7780226631486,488.5984235746926,16858.780629383265,21074.206101969787,True,1,15
1711,allmetal1711 26-02-14 21-07-18.fits,2026-02-14 21:07:18,663.8758637942614,611.0332081648911,4.270081196812746,8.008089495325112,10.0552727961644,18.857609665993355,830.6470635010112,437.6192837417062,16878.5860655863,21098.336460203867,True,1,16
1712,allmetal1712 26-02-14 21-08-18.fits,2026-02-14 21:08:18,664.0909879045596,612.4891516343055,4.0427422849844445,5.841151380157728,9.519930569575592,13.754860356055614,897.254274881547,506.43351507832926,16871.040263528415,21090.438481881956,True,1,14
1713,allmetal1713 26-02-14 21-09-18.fits,2026-02-14 21:09:18,664.3072679326423,610.3054915263716,4.040783142557503,7.777054662809789,9.51531714171756,18.3135642112859,897.0225876338836,455.0662982807313,16871.47132053874,21089.548684878257,True,1,16
1714,allmetal1714 26-02-14 21-10-18.fits,2026-02-14 21:10:18,664.0821085958307,611.894275272819,4.0847543952023475,5.39251490567725,9.61886152885076,12.698402193016967,850.7978655448721,509.5957442555231,16839.204464025832,21050.785916822144,True,1,16
1715,allmetal1715 26-02-14 21-11-18.fits,2026-02-14 21:11:18,664.1101353476531,610.3214082906202,4.098999718557621,8.54692417063392,9.652406701835705,20.12646836036828,893.9583686947691,430.2019819128499,16869.38115158308,21086.69567301503,True,1,16
1716,allmetal1716 26-02-14 21-12-18.fits,2026-02-14 21:12:18,664.1902598409798,611.887796549732,4.139427864047611,6.174268847610791,9.747607709218961,14.53929204576403,891.9186832717861,506.11957114894557,16858.953473083402,21075.080069725747,True,1,15
1717,allmetal1717 26-02-14 21-13-19.fits,2026-02-14 21:13:19,663.9323116480751,610.9607833548747,4.450092334112279,8.087972005364875,10.479166630606159,19.045718601882374,801.5753634083003,460.63883160779966,16860.921597994977,21075.76388718505,True,1,15
1718,allmetal1718 26-02-14 21-14-19.fits,2026-02-14 21:14:19,663.4631042200003,613.2551503683463,4.028483127865564,4.399854952566761,9.486352820566808,10.360866637532906,884.6874109560778,560.8361284164415,16864.577739374443,21083.40590822433,True,1,16
1719,allmetal1719 26-02-14 21-15-19.fits,2026-02-14 21:15:19,662.7502173786112,611.7044630875404,4.523241915690236,4.7133153984185,10.651420731591559,11.099009578748918,800.1863646147962,555.234372077428,16872.03001415443,21092.491374058238,True,1,15
1720,allmetal1720 26-02-14 21-16-19.fits,2026-02-14 21:16:19,663.6618465158034,610.1295630138238,3.775520966369846,7.813935285011654,8.890672452042335,18.400411439720067,955.8398064936777,456.99665471163144,16883.107106916104,21103.976538153627,True,1,16
1721,allmetal1721 26-02-14 21-17-19.fits,2026-02-14 21:17:19,663.2998853806871,610.8398244077786,4.141848292474517,6.288918329750537,9.753307382596203,14.809270944459122,874.3650617719504,498.47595164586,16859.30881030127,21075.327182417182,True,1,16
1722,allmetal1722 26-02-14 21-18-18.fits,2026-02-14 21:18:18,662.4691039166311,612.3373418121389,4.54422981870385,7.264776695021829,10.700843466311182,17.107241784111093,780.6296285767916,472.23553702809903,16877.517254704053,21097.182173968667,True,1,17
1723,allmetal1723 26-02-14 21-19-18.fits,2026-02-14 21:19:18,663.2253479864557,612.4784224026007,4.568233365482548,7.252514022663214,10.7573674994175,17.07836539743538,785.2223185277969,460.3322340588627,16884.00275535923,21105.61177352818,True,1,15
1724,allmetal1724 26-02-14 21-20-18.fits,2026-02-14 21:20:18,663.1175051193816,611.3552284403786,3.8625489576721574,8.82248408236858,9.095607710439797,20.775362364128014,886.1302164740434,410.67370549470866,16859.19336711164,21073.501053764678,True,1,16
1725,allmetal1725 26-02-14 21-21-18.fits,2026-02-14 21:21:18,663.2902771925525,612.9387368428766,4.100313676805292,5.618007414758055,9.655500837055655,13.22939647340477,867.0031480315572,546.0877651512134,16867.091386253487,21085.056496227182,True,1,16
1726,allmetal1726 26-02-14 21-22-19.fits,2026-02-14 21:22:19,663.1255560816069,611.3066459272297,4.734427636126595,6.9808311281211815,11.1487250992994,16.438601071475773,762.124559941811,461.9842863224115,16823.580097438422,21030.41312288166,True,1,16
1727,allmetal1727 26-02-14 21-23-19.fits,2026-02-14 21:23:19,663.5047994253265,611.2314777361808,4.180259358350372,7.155804388955291,9.84375853047167,16.850631613432363,873.4048097975532,494.9259447562217,16872.806369679747,21091.275920106662,True,1,17
1728,allmetal1728 26-02-14 21-24-19.fits,2026-02-14 21:24:19,663.329777916335,610.3503510587497,4.107594463574533,7.4124181059201035,9.67264577968346,17.454910737971,871.6510816188127,447.1901597650444,16839.968980706708,21050.611452859826,True,1,16
1729,allmetal1729 26-02-14 21-25-19.fits,2026-02-14 21:25:19,663.2690591380839,610.9474736072136,4.057638100667631,7.036955505243556,9.555007534933447,16.57076387973842,897.1086883296371,480.8019758874423,16859.012903231604,21074.394647171546,True,1,17
1730,allmetal1730 26-02-14 21-26-19.fits,2026-02-14 21:26:19,663.9015596236653,610.4442318088217,3.906540082654019,7.17357497400912,9.199198893350545,16.892478143329047,917.2868515714644,456.89451220493993,16860.866955851616,21076.832380607568,True,1,17
1731,allmetal1731 26-02-14 21-27-19.fits,2026-02-14 21:27:19,663.3121227156964,609.8429520983319,4.552027115044839,9.233174484907202,10.71920469603199,21.74246435632779,794.9439967097447,411.71045454977303,16860.97460805413,21075.77081744715,True,1,16
1732,allmetal1732 26-02-14 21-28-18.fits,2026-02-14 21:28:18,663.2610835713958,608.2546589944492,3.979906314171547,9.10032698554226,9.371963165956402,21.429632401890988,918.6711944835657,371.2399000785008,16859.266564305763,21074.76327710872,True,1,16
1733,allmetal1733 26-02-14 21-29-18.fits,2026-02-14 21:29:18,663.3089208389584,610.598149341133,4.302291112402804,7.64839598924781,10.131121351044623,18.01059618781506,817.7273383571536,480.7501300563562,16866.43705343965,21082.65743124093,True,1,18
1734,allmetal1734 26-02-14 21-30-18.fits,2026-02-14 21:30:18,662.2030339597085,610.6392643932671,4.236514079880348,6.570345585647837,9.976228276358093,15.47198148786414,862.127664156317,483.7449741926903,16835.377149071828,21045.381839570695,True,1,17
1735,allmetal1735 26-02-14 21-31-19.fits,2026-02-14 21:31:19,663.7509099591289,610.0632109162377,4.291516330613111,7.690007128031477,10.10574867890542,18.108582931519404,838.0961214424664,505.01398847301556,16851.550314123528,21063.735698937944,True,1,15
1736,allmetal1736 26-02-14 21-32-19.fits,2026-02-14 21:32:19,662.7990079059028,611.6653957307954,4.075794661329613,7.375198777443215,9.597762967929103,17.367265917211032,884.9043203158606,423.6580402736015,16862.570603994784,21079.393441277032,True,1,15
1737,allmetal1737 26-02-14 21-33-19.fits,2026-02-14 21:33:19,662.2378970386003,608.7869050001148,4.1882204286461135,9.606678657978069,9.862505418383982,22.621999469977776,831.2585356705695,367.9637925209143,16839.648584959345,21049.42997541179,True,1,16
1738,allmetal1738 26-02-14 21-34-19.fits,2026-02-14 21:34:19,663.2188642747609,611.3032088402415,4.121333481170341,7.150337806362906,9.704998693717101,16.837758795165996,873.4337268487639,467.2175916309154,16839.545985130742,21050.066354917082,True,1,16
1739,allmetal1739 26-02-14 21-35-19.fits,2026-02-14 21:35:19,663.3139643701077,611.0788981706365,3.831376479451225,7.503943386827537,9.022202133871854,17.670436304078915,911.0342964391433,479.50069815058777,16847.684043321395,21059.34158712217,True,1,14
1740,allmetal1740 26-02-14 21-36-19.fits,2026-02-14 21:36:19,663.092805179514,612.4723886724552,4.414482681597382,6.190347979823029,10.395312307067492,14.577155508604111,810.8567562508251,488.87729322973763,16810.228508772507,21014.139784434752,True,1,14
1741,allmetal1741 26-02-14 21-37-19.fits,2026-02-14 21:37:19,663.9719756212852,612.829558049212,4.043671317197834,8.793427742657919,9.522118273254161,20.70693991294212,892.844165372813,443.20978462248155,16832.68370986819,21040.152181964895,True,1,15
1742,allmetal1742 26-02-14 21-38-18.fits,2026-02-14 21:38:18,662.5046035210564,611.797102021908,3.9615153306489064,6.398728954416128,9.328655709309453,15.067855204579025,936.5178377141597,489.5800302825736,16862.05573003828,21078.9829207464,True,1,16
1743,allmetal1743 26-02-14 21-39-18.fits,2026-02-14 21:39:18,663.5430626560982,612.3657092792114,3.9573518345213494,7.6223377721653955,9.318851425170873,17.949233775891624,898.3163625836489,444.57172687089843,16861.8625406449,21077.735204313725,True,1,17
1744,allmetal1744 26-02-14 21-40-18.fits,2026-02-14 21:40:18,662.7923502805994,612.5526598029542,4.238197574588118,5.936501417575709,9.980192603441653,13.979392535461926,833.2496144489818,480.0330671836066,16823.875704035763,21031.51349493408,True,1,17
1745,allmetal1745 26-02-14 21-41-19.fits,2026-02-14 21:41:19,662.645368781753,610.6584488900041,4.287815876487095,9.36753295632077,10.097034775353759,22.05885437803218,834.3180259997225,410.02328003201484,16861.89983031197,21076.72976067766,True,1,16
1746,allmetal1746 26-02-14 21-42-19.fits,2026-02-14 21:42:19,662.2133414902842,613.179093515331,4.320305666046733,5.550515062097513,10.173542383067632,13.070464128473427,817.094625364287,472.0052342801558,16859.799496238444,21076.977494463896,True,1,17
1747,allmetal1747 26-02-14 21-43-19.fits,2026-02-14 21:43:19,662.9278560086519,610.8901625857234,4.493874783350141,7.127556235083441,10.582266419692028,16.784112294459813,817.4653754646856,492.2935124116183,16878.1583459863,21098.101189566332,True,1,16
1748,allmetal1748 26-02-14 21-44-19.fits,2026-02-14 21:44:19,662.7331771625088,611.811150965492,4.185444253034412,7.491173824401481,9.855968024405021,17.640366282511764,842.2462574933702,483.64597587295236,16856.053669731235,21069.827436575586,True,1,17
1749,allmetal1749 26-02-14 21-45-19.fits,2026-02-14 21:45:19,662.205410927479,611.9992351421702,3.872985622311152,6.3191520438510285,9.120184177534966,14.880465900458695,899.3658235455406,515.4835720132072,16834.335027288194,21043.471544154418,True,1,15
1750,allmetal1750 26-02-14 21-46-19.fits,2026-02-14 21:46:19,662.5046743476948,612.1979507851374,4.395114000188621,5.646544165028097,10.349702547840325,13.296595384960709,818.9123587411633,483.6033050550944,16866.078211308082,21084.723810221734,True,1,16
1751,allmetal1751 26-02-14 21-47-19.fits,2026-02-14 21:47:19,662.5044753910648,612.6749468431964,4.162645186266737,5.107870763106138,9.802280324972502,12.028116460389866,879.1058407286165,532.3065622045879,16789.027523603832,20988.586518691936,True,1,16
1752,allmetal1752 26-02-14 21-48-19.fits,2026-02-14 21:48:19,662.8369372312297,610.9784366201236,4.153389752632183,7.737268829054222,9.7804854443244,18.219875732450024,876.0555248728174,451.1643953789271,16872.990923639783,21091.600499596978,True,1,16
1753,allmetal1753 26-02-14 21-49-18.fits,2026-02-14 21:49:18,662.4610851806679,611.0738873011204,3.9882405595535535,7.353147887828074,9.391588814042157,17.315340040334537,907.1799609541875,437.92747261644064,16883.748350600097,21105.659465132878,True,1,17
1754,allmetal1754 26-02-14 21-50-18.fits,2026-02-14 21:50:18,661.4276530647152,611.2356105649563,4.052635588950961,6.386682055532952,9.54322752006753,15.039486925608461,889.856495984691,497.5909918500603,16855.404247209455,21070.30375680485,True,1,16
1755,allmetal1755 26-02-14 21-51-18.fits,2026-02-14 21:51:18,661.1384290494666,610.1870121905233,4.095529881484634,8.147829770880321,9.644235859943244,19.18667286796891,877.6511802452171,438.11562463432074,16868.76020189989,21086.01084983614,True,1,16
1756,allmetal1756 26-02-14 21-52-18.fits,2026-02-14 21:52:18,662.3938704235724,610.0322227659974,4.387153104612329,6.174025464012791,10.330956071360873,14.53871892118883,820.4871141290004,435.432437679577,16802.00244872179,21004.73364576765,True,1,16
1757,allmetal1757 26-02-14 21-53-19.fits,2026-02-14 21:53:19,661.969357831406,611.2291170757853,3.912027897940864,5.243066552493942,9.212121710791436,12.346478215244048,913.8994260229767,524.0238006735462,16871.291642550754,21091.140683298476,True,1,14
1758,allmetal1758 26-02-14 21-54-19.fits,2026-02-14 21:54:19,662.1921967707701,609.128507949326,4.0336734185473215,8.7155903144185,9.498575021103747,20.52364677667028,911.5410628977149,403.6015234989632,16881.493344827006,21102.2564651904,True,1,16
1759,allmetal1759 26-02-14 21-55-19.fits,2026-02-14 21:55:19,661.3232332662532,607.9429765857069,4.002124691665583,8.626044436502822,9.424283446647422,20.312782348404543,892.3609187631134,394.6774185407096,16846.8632648409,21058.987472271907,True,1,15
1760,allmetal1760 26-02-14 21-56-19.fits,2026-02-14 21:56:19,662.0446532853392,608.9938926130246,4.010757146395849,7.208685952194725,9.444611324084075,16.975158178561152,889.6963294968073,465.43938492107634,16872.401920451488,21091.024164895996,True,1,16
1761,allmetal1761 26-02-14 21-57-19.fits,2026-02-14 21:57:19,662.7386549600313,609.330843600922,4.183802343856949,7.0855319207382,9.852101623761813,16.685152596660956,883.5725519288346,469.67148656664904,16885.325597667663,21107.55982533949,True,1,16
1762,allmetal1762 26-02-14 21-58-19.fits,2026-02-14 21:58:19,663.0699022370509,610.4369884933801,4.278257493628221,5.629517302155217,10.074526503799603,13.256500186963656,848.6456907915901,546.5105706565442,16880.648533266958,21102.167119819267,True,1,15
1763,allmetal1763 26-02-14 21-59-19.fits,2026-02-14 21:59:19,662.6767396489308,611.4841759964476,3.9494527687430665,6.559362847185183,9.300250546739155,15.446119115182947,916.2102703424376,469.2193520925348,16874.84116595225,21094.875146119623,True,1,14
1764,allmetal1764 26-02-14 22-00-19.fits,2026-02-14 22:00:19,663.7663661213423,609.1361101961613,4.263842772361064,8.931430248826247,10.040582429216169,21.03191098073181,844.8840590360905,403.7120311175762,16855.388273419154,21069.227329697693,True,1,16
1765,allmetal1765 26-02-14 22-01-19.fits,2026-02-14 22:01:19,663.1486133155951,609.9593160841445,4.136324834845267,7.604962136836554,9.740300633852966,17.90831728152412,878.8842808972945,456.9278510891562,16861.10822398504,21076.77799778751,True,1,14
1766,allmetal1766 26-02-14 22-02-19.fits,2026-02-14 22:02:19,663.6727362398863,610.2517769506261,3.908547645650398,8.261852287511529,9.20392634293608,19.455175375716948,937.1729876374686,422.05915253682343,16854.703326201965,21068.809971962553,True,1,16
1767,allmetal1767 26-02-14 22-03-19.fits,2026-02-14 22:03:19,663.0662226671705,610.3284169546847,3.938300135016642,7.330309522273882,9.273988101285282,17.261559799331778,906.5671759286258,449.32466314614976,16836.4550787024,21046.246041345745,True,1,17
1768,allmetal1768 26-02-14 22-04-19.fits,2026-02-14 22:04:19,663.517911551022,609.473115957002,3.9989746455649904,9.648822144993353,9.416865654946974,22.72123979796887,892.3356262648434,382.81411463307165,16867.939280171056,21084.61743537357,True,1,17
1769,allmetal1769 26-02-14 22-05-20.fits,2026-02-14 22:05:20,663.1985030199725,610.944929528647,4.3604350872621405,7.619000205780559,10.268039948541166,17.941374407666988,813.9630604317251,457.98227099296093,16866.304212487223,21083.026810487434,True,1,18
1770,allmetal1770 26-02-14 22-06-20.fits,2026-02-14 22:06:20,663.2512968936807,611.7035454657388,3.9522956720638835,4.998412503418654,9.306945072465101,11.770361956383576,891.9431019843047,527.0758591989809,16823.89263804638,21032.046075266815,True,1,14
1771,allmetal1771 26-02-14 22-07-20.fits,2026-02-14 22:07:20,662.234007271423,609.5070072229522,3.740752324207666,8.292934290830154,8.808798556540324,19.528367900171364,971.605837697781,454.725890779495,16881.700443204696,21101.791479348445,True,1,18
1772,allmetal1772 26-02-14 22-08-20.fits,2026-02-14 22:08:20,662.5222605473325,610.7060031241601,3.9166967304829274,6.8774393177032485,9.22311597124838,16.195131963811583,925.5737561979994,500.8332549403347,16859.511712476622,21074.832073652386,True,1,14
1773,allmetal1773 26-02-14 22-09-20.fits,2026-02-14 22:09:20,663.0400138739967,610.1453559943437,4.020408027719552,6.100175090974598,9.467337412877345,14.364814582425478,909.9518101894384,546.932868095095,16858.409224500978,21073.799726407822,True,1,16
1774,allmetal1774 26-02-14 22-10-20.fits,2026-02-14 22:10:20,663.107995476934,609.8909431815894,3.9849574659030336,5.545103407890489,9.3838577193042,13.05772065666995,927.4397330126327,529.0520939076341,16859.562487069652,21076.318782715553,True,1,15
1775,allmetal1775 26-02-14 22-11-20.fits,2026-02-14 22:11:20,663.0755578161048,608.5358507103887,4.2876417819475305,8.182011409331094,10.096624814042263,19.26716447536479,879.3354247493143,433.2887012376698,16823.251813523053,21029.615789890595,True,1,15
1776,allmetal1776 26-02-14 22-12-20.fits,2026-02-14 22:12:20,663.3288865284347,610.5873533243507,4.491516866031551,5.77416989243849,10.576713948725686,13.597131006128357,817.4688542290123,544.4472205602887,16865.48240254726,21083.145347248224,True,1,16
1777,allmetal1777 26-02-14 22-13-20.fits,2026-02-14 22:13:20,663.6096089833981,611.2953359983701,4.05787103996284,5.3651123641870955,9.555556065055079,12.633874139031159,906.4596238477352,545.0523195199656,16779.474123906657,20976.18842750252,True,1,15
1778,allmetal1778 26-02-14 22-14-19.fits,2026-02-14 22:14:19,664.1503043220728,610.1890681002991,3.756493529457866,7.238302219885874,8.845866262196441,17.044899159379273,969.3578814538052,486.27014831965226,16867.17999794163,21084.272699435223,True,1,15
1779,allmetal1779 26-02-14 22-15-19.fits,2026-02-14 22:15:19,663.3089418256033,608.2630962074653,4.308646035118463,8.450951491974687,10.146086050440081,19.9004699728862,823.9046003611614,411.03201472459114,16841.832567949197,21052.47748718986,True,1,16
1780,allmetal1780 26-02-14 22-16-19.fits,2026-02-14 22:16:19,663.4662981667199,609.6684698024452,4.470653312739637,7.26867853004198,10.527584035223315,17.116429903428948,833.8391874509327,487.8109730895255,16817.45451270023,21022.26381343533,True,1,14
1781,allmetal1781 26-02-14 22-17-19.fits,2026-02-14 22:17:19,663.5607748202184,610.6387272877142,4.451621721537023,5.061085736955342,10.482768062770566,11.917946143002675,806.1337363563164,541.6371817300491,16869.800552833134,21089.324853052334,True,1,15
1782,allmetal1782 26-02-14 22-18-20.fits,2026-02-14 22:18:20,663.7725361549332,609.4302288334725,4.157681236230674,7.333509382226629,9.79059111592505,17.2690948936898,893.1771885126908,475.8920229099348,16880.251969142817,21100.86227639876,True,1,14
1783,allmetal1783 26-02-14 22-19-20.fits,2026-02-14 22:19:20,663.5645186968155,610.2562516599073,4.1659281873476575,5.915153370094065,9.810011201725711,13.929121725329878,881.6403836328471,543.8633336500818,16874.13556954859,21093.78524315767,True,1,16
1784,allmetal1784 26-02-14 22-20-20.fits,2026-02-14 22:20:20,663.2451855335809,608.0551123240008,4.046779928661981,7.1425365793562605,9.529438493842148,16.819388309434913,909.4801833820948,482.1773952402143,16845.21987459404,21057.103758003235,True,1,17
1785,allmetal1785 26-02-14 22-21-20.fits,2026-02-14 22:21:20,663.9010351978585,610.5591967199111,3.953485917701609,5.285141311590203,9.309747886751326,12.445556701353771,934.9453525855197,532.0777142670686,16874.361536515295,21095.116304487066,True,1,14
1786,allmetal1786 26-02-14 22-22-20.fits,2026-02-14 22:22:20,662.8236244775513,609.9878518108361,4.2326504983672475,6.7564516865911,9.967130237165431,15.910227864867887,878.8147398745087,515.304505460085,16868.956293420404,21086.778171652488,True,1,15
1787,allmetal1787 26-02-14 22-23-20.fits,2026-02-14 22:23:20,663.9139297292714,609.9487364797473,4.253877464607892,7.169453126726223,10.017115922764097,16.882771934724726,865.1039666791621,464.95523108080704,16863.764446844274,21080.5539237709,True,1,17
1788,allmetal1788 26-02-14 22-24-20.fits,2026-02-14 22:24:20,663.2479542367169,609.4731967761736,3.85989508407191,7.117691651582684,9.089358315688955,16.760882975496347,944.8698377176369,495.6559665795704,16880.843031192846,21101.345507889808,True,1,17
1789,allmetal1789 26-02-14 22-25-20.fits,2026-02-14 22:25:20,663.5937936814627,610.429004030139,4.065830762449132,6.495241721201944,9.574299779118684,15.295125402407663,899.9849486456811,535.3719087629546,16859.545140373855,21074.876490330527,True,1,14
1790,allmetal1790 26-02-14 22-26-19.fits,2026-02-14 22:26:19,663.0256255155795,608.3049230899499,4.222184041761212,8.873273779060101,9.942483615349092,20.894962959978248,886.0910501480984,387.02530575947185,16863.532111957924,21080.166780774012,True,1,17
1791,allmetal1791 26-02-14 22-27-19.fits,2026-02-14 22:27:19,663.405551221968,611.5137657119272,4.140211933073269,6.456091287810279,9.749454050677269,15.202933177085322,871.2388453100806,542.5241321270116,16871.15805264251,21089.203438064647,True,1,16
1792,allmetal1792 26-02-14 22-28-19.fits,2026-02-14 22:28:19,664.2073154270298,611.1151213076163,4.328026194466887,5.590124071063858,10.191722838149644,13.163736216751188,871.4530704324793,555.2037007532991,16873.611578920038,21093.649691542923,True,1,16
1793,allmetal1793 26-02-14 22-29-20.fits,2026-02-14 22:29:20,664.0284089790902,611.5026609412778,4.20433837501306,5.381548082708792,9.9004602815736,12.672577298460537,890.0901068439476,524.1671312917492,16854.112183922836,21069.895728673564,True,1,17
1794,allmetal1794 26-02-14 22-30-20.fits,2026-02-14 22:30:20,663.4970454987048,610.971296313361,4.089510221173379,7.104548313453865,9.630060643178023,16.729932779411985,885.3195648018536,512.3769491492619,16868.513041902108,21085.593119826408,True,1,14
1795,allmetal1795 26-02-14 22-31-20.fits,2026-02-14 22:31:20,663.2099887481239,609.4009646141654,4.298604214086169,6.2057299669931,10.122439368984622,14.613377320324602,861.1981988605039,569.5942398592114,16840.107489779188,21050.543652900204,True,1,17
1796,allmetal1796 26-02-14 22-32-20.fits,2026-02-14 22:32:20,663.6459889107116,611.3101022444453,5.106963117272187,4.594854881777147,12.025979117786289,10.820056379617139,728.3469325479904,615.414982694972,16856.636127240843,21072.97841852425,True,1,16
1797,allmetal1797 26-02-14 22-33-20.fits,2026-02-14 22:33:20,664.2800409409908,610.5871095699496,4.331245838906495,6.140057231983979,10.199304521413906,14.45872984751312,856.4133077632287,549.79332329899,16851.571150044714,21065.280486633892,True,1,14
1798,allmetal1798 26-02-14 22-34-20.fits,2026-02-14 22:34:20,663.4307917635978,610.4503684962559,4.175683955919638,7.221508921597587,9.832984281113694,17.005353963947833,855.6026469167213,475.0243835870944,16848.90351826117,21061.47781279937,True,1,17
1799,allmetal1799 26-02-14 22-35-20.fits,2026-02-14 22:35:20,664.0233061921443,611.7628794356431,4.279401007298933,5.811960457245449,10.077219272713164,13.686120985648824,854.4809658484504,585.5832824294089,16840.94694987601,21051.803685736926,True,1,13
1800,allmetal1800 26-02-14 22-36-19.fits,2026-02-14 22:36:19,663.2343288300591,611.7224909891631,4.303531423936193,5.978034283535559,10.134042061505532,14.077194960751763,833.5405596416019,535.7704652774289,16855.79476819261,21070.68421390138,True,1,15
1801,allmetal1801 26-02-14 22-37-19.fits,2026-02-14 22:37:19,663.3150708520952,611.7023850261586,4.686395885993805,7.2226799107649375,11.035618971288788,17.008111432711623,790.7348491417436,494.74281373354677,16820.336872081374,21025.74501193917,True,1,12
1802,allmetal1802 26-02-14 22-38-19.fits,2026-02-14 22:38:19,663.6730827490273,610.6974796610903,4.586003087687794,6.918906831263933,10.799211997461043,16.29278049596188,821.078326390785,548.8120336108051,16863.5229469489,21079.326057516962,True,1,8
1803,allmetal1803 26-02-14 22-39-19.fits,2026-02-14 22:39:19,663.4567174924532,612.1892130982087,4.479729286305811,3.7967826035730634,10.548956319705113,8.940739781518646,820.4796044221167,666.1780339968891,16839.640485404616,21052.356349508307,True,1,11
1804,allmetal1804 26-02-14 22-40-19.fits,2026-02-14 22:40:19,663.9274113417715,611.6639816476878,4.020285709597699,6.177959165069761,9.467049375712136,14.547982079288941,906.440477940437,565.4037428105512,16842.901149472746,21053.996332077044,True,1,14
1805,allmetal1805 26-02-14 22-41-20.fits,2026-02-14 22:41:20,664.7530771104013,612.1527651702755,4.24482937681633,5.772877718301107,9.995809304263327,13.594088168567977,883.2058971214068,607.9321543066458,16837.851175265576,21047.900334888385,True,1,15
1806,allmetal1806 26-02-14 22-42-20.fits,2026-02-14 22:42:20,664.1873295494674,612.3600051839685,4.28515028878958,5.967188790835816,10.090757796011863,14.051655777144171,880.6791824950795,633.8630102543584,16796.88701507432,20996.087869802588,True,1,8
1807,allmetal1807 26-02-14 22-43-20.fits,2026-02-14 22:43:20,664.0539727828561,610.9449899149696,5.009794884902837,4.9099532402655175,11.797165416462718,11.562056310341902,761.455508495366,605.0085113484804,16850.777246169095,21065.537989762375,True,1,15
1808,allmetal1808 26-02-14 22-44-20.fits,2026-02-14 22:44:20,663.9028054268844,612.0453922503614,4.2541864726796295,4.199174827457041,10.0178435811655,9.888301056285218,890.8868918037597,658.2920079864015,16840.623344868724,21053.290009260167,True,1,15
1809,allmetal1809 26-02-14 22-45-20.fits,2026-02-14 22:45:20,664.0428396665332,610.2874407118636,3.910089675995466,7.0219612153026665,9.207557546902693,16.535455025224604,936.5119306677632,563.6939203611037,16803.1188392086,21003.173019040853,True,1,13
1810,allmetal1810 26-02-14 22-46-20.fits,2026-02-14 22:46:20,663.3939717159567,610.429369221187,4.3729585558821,5.94441926535901,10.297530463480761,13.998037642135547,841.9773798635082,610.3559718202885,16762.388097394625,20953.116622746427,True,1,9
1811,allmetal1811 26-02-14 22-47-19.fits,2026-02-14 22:47:19,664.1910945640905,611.3773345232842,4.491500277745172,5.692948079778775,10.576674886296408,13.405868253583511,818.9890712422407,555.3455994975244,16840.126870196775,21051.423984514146,True,1,15
1812,allmetal1812 26-02-14 22-48-19.fits,2026-02-14 22:48:19,663.4591675885304,608.9958378428007,4.275198267410729,7.147802233642009,10.067322576580368,16.831787977697196,866.5556288161146,549.0166887286332,16850.484141747987,21062.56770710224,True,1,13
1813,allmetal1813 26-02-14 22-49-19.fits,2026-02-14 22:49:19,663.5842247420061,611.3600684962431,4.7648189817560676,4.8701168827361325,11.220291249183145,11.468248857110686,800.5122282003379,619.3088442143162,16802.353107927614,21004.8952560975,True,1,16
1814,allmetal1814 26-02-14 22-50-19.fits,2026-02-14 22:50:19,663.9962177066337,610.817672054081,4.397344916338298,4.995632492178374,10.354955953908368,11.763815530189552,844.0398816427542,588.3769272025661,16850.75903337714,21065.339091937552,True,1,16
1815,allmetal1815 26-02-14 22-51-20.fits,2026-02-14 22:51:20,663.988713051847,610.3014467155821,4.14975963042066,5.633494365285847,9.771937159774794,13.265865454944016,908.8421116356466,627.6032635093634,16845.403367856146,21057.331607833934,True,1,5
1816,allmetal1816 26-02-14 22-52-20.fits,2026-02-14 22:52:20,663.4001799316418,608.9665722349165,3.8484816816620433,8.031347584518382,9.062481806912196,18.912378280634783,931.5260130913136,506.30792938884167,16841.49049678713,21050.684775162284,True,1,13
1817,allmetal1817 26-02-14 22-53-20.fits,2026-02-14 22:53:20,663.8043419119551,610.5640265988965,4.377150868886508,6.410537924868208,10.307402606178586,15.095663204910762,852.0753939461847,570.2944125155664,16777.293064368958,20971.79690700546,True,1,7
1818,allmetal1818 26-02-14 22-54-20.fits,2026-02-14 22:54:20,664.0052946196146,611.5317713147633,4.171765663559664,5.568735606896769,9.823757407722136,13.113370232598099,896.3027516660908,593.41152364008,16815.90492435099,21020.945035918256,True,1,14
1819,allmetal1819 26-02-14 22-55-20.fits,2026-02-14 22:55:20,664.3573319674917,612.3808806327788,4.582047044108454,5.8516065199617895,10.789896226741398,13.779480328839817,810.1766823384821,615.0188290764486,16827.959941285757,21035.227563800996,True,1,9
1820,allmetal1820 26-02-14 22-56-20.fits,2026-02-14 22:56:20,664.6208193524305,612.5121742906425,4.356374891618312,4.046524443662284,10.258478918452331,9.528836872643655,851.422216160683,635.0449845870147,16846.687210202326,21061.148100081402,True,1,14
1821,allmetal1821 26-02-14 22-57-19.fits,2026-02-14 22:57:19,664.4264653997523,611.1403952357434,4.052811579140903,6.67892839363106,9.543641945294535,15.72767446064878,902.0678641054234,601.7254358679454,16831.373429592673,21038.32828022554,True,1,12
1822,allmetal1822 26-02-14 22-58-19.fits,2026-02-14 22:58:19,664.3012325605156,612.3801934777435,4.97662848579243,5.007748151159438,11.719064515016035,11.792345726816922,760.0882051624533,638.692095288274,16842.45799675034,21054.502712041452,True,1,14
1823,allmetal1823 26-02-14 22-59-19.fits,2026-02-14 22:59:19,664.6332027539135,610.6491269875736,4.2024047198415015,6.698758424301922,9.89590687161544,15.774370614366104,859.5059268875364,591.4826039052352,16848.664905716098,21059.97386694053,True,1,13
1824,allmetal1824 26-02-14 23-00-19.fits,2026-02-14 23:00:19,664.153860662118,610.0145896346835,4.294252471351295,6.92659441559378,10.112191797961723,16.31088337363967,835.7735526359095,546.2720569282177,16802.087229962664,21002.13223377969,True,1,13
1825,allmetal1825 26-02-14 23-01-19.fits,2026-02-14 23:01:19,664.5811608004877,609.7786211457568,4.297281237980365,7.249411166886487,10.119323998331577,17.071058730455505,880.1837682376606,534.5772241077267,16785.569481439554,20981.734265345738,True,1,14
1826,allmetal1826 26-02-14 23-02-19.fits,2026-02-14 23:02:19,664.6489216582352,609.9711881157879,4.3466490739808314,5.722600268086432,10.235576368125276,13.475693820989415,851.5058575969415,555.4365090683867,16856.840214515825,21072.329666940837,True,1,14
1827,allmetal1827 26-02-14 23-03-20.fits,2026-02-14 23:03:20,664.8687678971792,609.8283664475913,4.504225054828525,5.826918570185575,10.606639446440838,13.721344649836071,825.8964071198543,575.8239311756822,16789.261159715308,20987.46929918029,True,1,12
1828,allmetal1828 26-02-14 23-04-20.fits,2026-02-14 23:04:20,664.6122287210205,612.1657476831327,4.978693264522274,5.508311300394736,11.723926697357626,12.971081864440018,755.102782705682,632.2993386485182,16851.00431143903,21064.432285503986,True,1,13
1829,allmetal1829 26-02-14 23-05-20.fits,2026-02-14 23:05:20,663.3861610888825,611.706658938334,4.219839244131138,6.893322541595704,9.936962038888254,16.232534097813254,877.2757507709186,539.81440646693,16874.260590441256,21092.778855827684,True,1,12
1830,allmetal1830 26-02-14 23-06-20.fits,2026-02-14 23:06:20,664.2387012516476,613.3398258141162,4.336469784723463,4.116146560124891,10.211605973737857,9.692784428067283,844.4454313427149,687.8448375675376,16842.919490290435,21055.682673939707,True,1,12
1831,allmetal1831 26-02-14 23-07-20.fits,2026-02-14 23:07:20,664.8069950457042,611.832327233014,4.340624963791428,6.4081636894490055,10.221390672697794,15.090072307754001,851.6844752438543,551.4469745789482,16843.499522709248,21054.77360452247,True,1,13
1832,allmetal1832 26-02-14 23-08-20.fits,2026-02-14 23:08:20,665.0332024873932,612.1201526877439,4.463127298751108,5.298734387471933,10.509861626623945,12.477565948913698,825.5516489271323,641.4887131707337,16843.459548896742,21055.02321697695,True,1,2
1833,allmetal1833 26-02-14 23-09-19.fits,2026-02-14 23:09:19,665.7366653062898,612.8822088893214,4.481039767415898,3.9127486198328745,10.55204226689178,9.213818881149635,865.727333249923,677.8731618456517,16830.978039081063,21041.72612429581,True,1,12
1834,allmetal1834 26-02-14 23-10-19.fits,2026-02-14 23:10:19,664.9261999390325,612.2062589011952,4.42071529224764,4.7515826080885315,10.409988983559593,11.189121971147312,859.3594390204535,615.6119175292042,16786.283875594912,20984.993929859666,True,1,16
1835,allmetal1835 26-02-14 23-11-19.fits,2026-02-14 23:11:19,664.9758480048381,612.0396749277992,4.1822841916325935,5.243336856883757,9.848526648472491,12.347114733439446,901.8829604906122,590.2567366325928,16824.568883956374,21032.368358148517,True,1,14
1836,allmetal1836 26-02-14 23-12-19.fits,2026-02-14 23:12:19,663.0844516387598,612.2424842769088,3.8073316506727437,4.151665288984457,8.965580889084949,9.776424642759808,919.0887364977505,693.3953149786381,16813.88329432952,21018.873101287027,True,1,10
1837,allmetal1837 26-02-14 23-13-19.fits,2026-02-14 23:13:19,664.3393238840998,609.5652783758613,4.432282792338659,5.767017729888827,10.437228364644824,13.58028895039109,850.8731124680846,591.7165104373408,16794.772443024147,20994.344025722396,True,1,9
1838,allmetal1838 26-02-14 23-14-19.fits,2026-02-14 23:14:19,663.8440130496176,608.3202012477384,4.435394014596732,7.989337937788736,10.444554733182681,18.813453122431145,824.3633916119162,570.8831911835849,16804.574080773495,21003.503243881725,True,1,10
1839,allmetal1839 26-02-14 23-15-19.fits,2026-02-14 23:15:19,663.9727055452867,611.182214086447,4.233975465597204,4.730912030271842,9.970250296557543,11.140446480162199,887.6735099518296,685.9053619856411,16796.771186497328,20997.220797524904,True,1,3
1840,allmetal1840 26-02-14 23-16-20.fits,2026-02-14 23:16:20,663.7363140765075,609.9347813732052,4.523357463377963,6.121115336712307,10.651692825602776,14.414125092836509,828.9587800409806,586.1133247010775,16829.881213982633,21037.74809744131,True,1,11
1841,allmetal1841 26-02-14 23-17-20.fits,2026-02-14 23:17:20,664.4343553272138,609.7354738009373,4.293693081647254,5.020158746614955,10.110874535873661,11.821570445766342,857.0493839713545,648.1281087359062,16792.04050080949,20991.093914556182,True,1,3
1842,allmetal1842 26-02-14 23-18-20.fits,2026-02-14 23:18:20,664.5293824148948,609.0957509070008,4.453948269162095,6.125886113216259,10.488246663753802,14.425359412978379,838.3286861783945,595.0662064424513,16816.330913564296,21020.630437827138,True,1,10
1843,allmetal1843 26-02-14 23-19-20.fits,2026-02-14 23:19:20,663.583360146416,609.885296571079,4.728693085633937,4.073384151544011,11.135221264850047,9.592086651167223,788.3885028458202,597.9249442513186,16804.62825884615,21008.94913207149,True,1,14
1844,allmetal1844 26-02-14 23-20-20.fits,2026-02-14 23:20:20,663.8226741936626,609.0410812081719,4.468450837322645,5.554298480294053,10.522397601962693,13.079373397481374,822.8066674634059,610.6396251767366,16838.91011884216,21049.335285317964,True,1,11
1845,allmetal1845 26-02-14 23-21-19.fits,2026-02-14 23:21:19,663.2854456196667,609.2573037039211,4.347494014715559,5.71116076105993,10.237566051504274,13.448755840538135,837.0568826621188,608.5666548521889,16835.571976231404,21044.865144139534,True,1,3
1846,allmetal1846 26-02-14 23-22-19.fits,2026-02-14 23:22:19,663.9377008335779,607.536504915604,4.342138222728784,6.7778246380129605,10.224954125176803,15.960557319297557,855.6371352427393,527.4427652664051,16809.35479470981,21012.037127006784,True,1,14
1847,allmetal1847 26-02-14 23-23-19.fits,2026-02-14 23:23:19,664.4208037991884,609.7851530157463,4.383176166044213,3.6572714378637428,10.321591096702816,8.612216092000704,847.1514464147423,704.5927998018794,16821.632306816588,21029.821974459886,True,1,12
1848,allmetal1848 26-02-14 23-24-19.fits,2026-02-14 23:24:19,663.6616797408533,610.5092703664586,4.400783545343371,4.678700779628879,10.363053306416937,11.017498380572015,845.7833029049124,623.3743813886264,16800.785981040495,21002.954309122975,True,1,14
1849,allmetal1849 26-02-14 23-25-19.fits,2026-02-14 23:25:19,663.9992549252664,609.7885786081016,4.575401320261792,4.57651044242959,10.774246743013537,10.776858526126656,795.6826201544598,693.4249132189491,16764.524571124588,20956.799120546984,True,1,9
1850,allmetal1850 26-02-14 23-26-20.fits,2026-02-14 23:26:20,664.3679702486679,610.1599927039588,4.269120207991744,5.136480527413059,10.053009840425654,12.095487306863413,874.3823671814035,665.6343365710879,16850.714178989245,21064.16093090325,True,1,7
1851,allmetal1851 26-02-14 23-27-20.fits,2026-02-14 23:27:20,665.1341117359262,608.180479276783,4.319941762907901,7.14351138531255,10.172685456661863,16.8216838020408,843.0720750143261,538.0372211742769,16814.669378133116,21017.84359061528,True,1,6
1852,allmetal1852 26-02-14 23-28-20.fits,2026-02-14 23:28:20,663.4922950405955,609.7186856552494,4.612912070318219,5.105072743820282,10.86257780915056,12.021527628489148,797.0753692359224,662.4013066290897,16774.46369720341,20968.802313064738,True,1,10
1853,allmetal1853 26-02-14 23-29-20.fits,2026-02-14 23:29:20,664.4450107827221,610.3499847312833,4.248339319208514,5.5592313677884695,10.004074586965347,13.090989459833109,900.0666554050862,633.3224605218741,16841.08686207541,21052.100291019695,True,1,12
1854,allmetal1854 26-02-14 23-30-20.fits,2026-02-14 23:30:20,663.7249933917129,612.5899169336348,4.174628102116202,3.213779181827044,9.83049793541274,7.567871637669486,881.1674607690928,707.7419372746618,16819.74707144063,21028.120710978725,True,1,11
1855,allmetal1855 26-02-14 23-31-20.fits,2026-02-14 23:31:20,663.7576585058222,610.9649884994425,4.623289024290181,6.0972541149679325,10.887013668370098,14.357936209573928,792.7429480947814,537.6183224725662,16818.20781828527,21023.70730827789,True,1,14
1856,allmetal1856 26-02-14 23-32-19.fits,2026-02-14 23:32:19,664.4013125232988,612.5295235806398,4.573412086994262,5.5885851241161655,10.769562456640916,13.160112273630522,802.2784575085929,600.8473436274323,16835.64437880914,21045.31740885585,True,1,16
1857,allmetal1857 26-02-14 23-33-19.fits,2026-02-14 23:33:19,664.0930868935625,611.3588664946571,4.440667411390473,4.221464226638225,10.456972633657983,9.940788580268766,852.3435120621651,685.4205909059644,16881.966778910955,21104.640747019035,True,1,14
1858,allmetal1858 26-02-14 23-34-19.fits,2026-02-14 23:34:19,664.5619385654534,611.1733381622839,4.311186989944085,5.3811352256953215,10.152069541796973,12.671605094489484,843.0759713661696,670.9183798844454,16812.64942428761,21015.871399983243,True,1,5
1859,allmetal1859 26-02-14 23-35-19.fits,2026-02-14 23:35:19,663.5032939648354,608.5624481950042,4.462829803152315,6.826380279819575,10.509161078024595,16.074897117923115,839.049350041953,574.0693395000827,16864.12956568572,21079.735337821465,True,1,8
1860,allmetal1860 26-02-14 23-36-19.fits,2026-02-14 23:36:19,663.6132067589282,609.1707832647866,4.554835411336,5.431081014043824,10.725817728430801,12.78921843805741,795.0362152112067,616.360449212487,16854.067069948138,21068.25395796204,True,1,7
1861,allmetal1861 26-02-14 23-37-19.fits,2026-02-14 23:37:19,663.5504110990622,609.3696510723003,4.434597770430105,4.60722421811176,10.442679721458367,10.849183940761616,822.5501008606775,654.9452572393964,16861.48642583811,21078.400683752858,True,1,7
1862,allmetal1862 26-02-14 23-38-20.fits,2026-02-14 23:38:20,663.5695191947458,606.6613678129214,4.229515112786467,7.842904614535784,9.95974696835091,18.468628997574594,870.3495998244106,500.8499807762069,16834.80914712232,21042.9069011341,True,1,13
1863,allmetal1863 26-02-14 23-39-20.fits,2026-02-14 23:39:20,663.6426904056027,608.2124124984632,4.531849924732432,5.651630675701208,10.671691043831931,13.308573202253013,815.8643945822317,615.4647344783679,16834.071136947325,21043.124995976475,True,1,11
1864,allmetal1864 26-02-14 23-40-20.fits,2026-02-14 23:40:20,663.4424920181468,608.4233557771272,4.0565092804598555,5.294896398252078,9.552349366480941,12.46852817496617,906.1866824925426,634.6785611579281,16837.8412094001,21048.07356661099,True,1,14
1865,allmetal1865 26-02-14 23-41-20.fits,2026-02-14 23:41:20,663.3540913051487,608.9464323428905,5.068619607345411,4.6999707853188575,11.935687052013874,11.067585416328699,774.6580835153769,650.7319038173298,16820.068637928085,21027.210620645143,True,1,14
1866,allmetal1866 26-02-14 23-42-20.fits,2026-02-14 23:42:20,663.2623130457515,608.6844721096847,4.5194601215060475,5.053444279670174,10.64251528684045,11.899951886214312,824.6547373351706,617.2099417758923,16818.927196060115,21025.147203130524,True,1,12
1867,allmetal1867 26-02-14 23-43-20.fits,2026-02-14 23:43:20,663.3294230388467,607.4948287365406,4.676415700951856,4.819107866750171,11.012117431498888,11.34813180378964,805.2660005163414,617.8648633396555,16835.87628366981,21046.77477571451,True,1,13
1868,allmetal1868 26-02-14 23-44-20.fits,2026-02-14 23:44:20,662.7368404165484,607.1573280045764,4.115860343046748,5.630525638166943,9.692110438354442,13.258874636816195,927.2912290248053,588.4131049449725,16818.75249962635,21024.673195590978,True,1,13
1869,allmetal1869 26-02-14 23-45-20.fits,2026-02-14 23:45:20,663.678121910624,606.9093354518423,4.041276673353607,4.842522758925754,9.516479317929067,11.40326966123694,883.4026039457116,642.478456862269,16835.50168025152,21045.500328688544,True,1,14
1870,allmetal1870 26-02-14 23-46-20.fits,2026-02-14 23:46:20,663.9445045435173,607.2735499465924,4.5342055563418775,4.52624242471089,10.677238132364561,10.658486390378693,834.2448905341612,699.4236359810892,16820.019010218377,21026.533802841084,True,1,13
1871,allmetal1871 26-02-14 23-47-20.fits,2026-02-14 23:47:20,664.3545630264207,605.8970721898069,4.088434494580534,6.021564315089404,9.627527500634221,14.179700351615589,916.4917236854142,545.9931105096034,16862.991892805996,21079.864137104414,True,1,16
1872,allmetal1872 26-02-14 23-48-20.fits,2026-02-14 23:48:20,663.8050545971133,608.8046527658005,5.023392264569881,4.059637084643408,11.82918479866257,9.559714782469303,766.8575169426767,630.4032358072931,16793.83664147408,20995.460953054127,True,1,14
1873,allmetal1873 26-02-14 23-49-20.fits,2026-02-14 23:49:20,662.7471714625575,606.6500413485664,4.079247055697126,6.893977828911342,9.605892735389073,16.23407718151937,911.2635980562449,516.3006348048613,16839.34780276087,21049.571283872945,True,1,16
1874,allmetal1874 26-02-14 23-50-21.fits,2026-02-14 23:50:21,663.4182513795042,607.3364689195943,4.108776914186313,5.000515281680649,9.675430238086339,11.775313620785175,913.1049471072513,611.5625282821165,16842.95763366118,21055.394932071325,True,1,15
1875,allmetal1875 26-02-14 23-51-21.fits,2026-02-14 23:51:21,662.5516627923159,606.1505329035691,4.334490591789097,6.912661013141105,10.206945330543027,16.278072718248623,827.1055583021126,506.36254925549076,16867.428542143265,21084.493180972462,True,1,16
1876,allmetal1876 26-02-14 23-52-21.fits,2026-02-14 23:52:21,662.9982079577451,608.8781672630186,4.499061492362942,6.389202436488405,10.594480186043112,15.045421969203476,843.4881465574454,511.1674154610773,16815.177018536684,21020.26608599077,True,1,14
1877,allmetal1877 26-02-14 23-53-21.fits,2026-02-14 23:53:21,662.7141358536034,605.4138349549654,4.383616858627209,8.341092803896956,10.322628848430954,19.64177253207996,841.4006066903739,468.06466671535,16777.365318519493,20971.178413096182,True,1,15
1878,allmetal1878 26-02-14 23-54-21.fits,2026-02-14 23:54:21,662.9749210635988,607.606932128782,3.8994550560011896,6.029159215553796,9.182514930568884,14.197584975469153,944.7467713057816,557.1943596109145,16829.10280274604,21037.17304596285,True,1,10
1879,allmetal1879 26-02-14 23-55-21.fits,2026-02-14 23:55:21,662.7806328053811,605.8730703092444,4.316300257711441,8.736588456269768,10.164110367231153,20.57309362201005,857.6894036075306,452.26422302249813,16838.822929176156,21047.91864655351,True,1,15
1880,allmetal1880 26-02-14 23-56-20.fits,2026-02-14 23:56:20,662.4747660633683,608.9997425467684,4.113018961039863,3.4739627531044674,9.68541949504904,8.180557126701302,905.9088044332225,696.9332732562636,16837.78691616426,21050.427882331714,True,1,14
1881,allmetal1881 26-02-14 23-57-20.fits,2026-02-14 23:57:20,662.9611751312347,605.8261367018554,4.510471561597434,7.859136828203664,10.621348845791687,18.506852939694944,797.5701343842912,511.5218762231901,16837.332509218806,21045.63091056974,True,1,14
1882,allmetal1882 26-02-14 23-58-20.fits,2026-02-14 23:58:20,662.4034883509502,606.4753957650667,4.073956624197193,7.7295516918190215,9.593434721246169,18.20170326299832,909.7521010251669,516.7773454163663,16864.074771240175,21079.388066992753,True,1,17
1883,allmetal1883 26-02-14 23-59-20.fits,2026-02-14 23:59:20,663.17421242437,607.6368392114451,4.60519483595514,7.069106091014941,10.844405110980178,16.646472723572362,792.264043027243,524.0312220987524,16803.098820967938,21003.73668474752,True,1,13
1884,allmetal1884 26-02-15 00-00-20.fits,2026-02-15 00:00:20,662.8252885548011,609.2996931899182,4.243789937863528,4.7320434135966325,9.993361612581682,11.14311068429403,862.797353452993,575.5369631710497,16843.41945588127,21056.57058921542,True,1,15
1885,allmetal1885 26-02-15 00-01-20.fits,2026-02-15 00:01:20,662.6307558963534,605.9952098812013,4.563153575564111,7.573306773274878,10.745405508293016,17.833774596876342,806.5585343211526,482.4681319871101,16823.387874053078,21029.29988584141,True,1,16
1886,allmetal1886 26-02-15 00-02-20.fits,2026-02-15 00:02:20,663.0082998731206,609.1308341443208,4.12971736214833,6.453763059794829,9.724741224699224,15.197450619085137,915.6278947484205,540.5823567209666,16825.666191854816,21032.798729657192,True,1,16
1887,allmetal1887 26-02-15 00-03-20.fits,2026-02-15 00:03:20,662.5110554264451,608.5330584643536,4.23490849610095,5.596083473679212,9.97244741549039,13.177769537486235,865.4021827227932,565.3497068508092,16845.258172189195,21057.799481848495,True,1,15
1888,allmetal1888 26-02-15 00-04-21.fits,2026-02-15 00:04:21,662.4869237034148,607.8176629465123,4.181749033350208,6.613731215111018,9.847266447021866,15.574146837790323,870.0695386108237,566.5552243690655,16804.37957224359,21005.208548409693,True,1,14
1889,allmetal1889 26-02-15 00-05-21.fits,2026-02-15 00:05:21,662.9090481921534,606.7223194519316,4.621637172624694,8.292989683704539,10.883123854956791,19.52849834042232,831.2217957956411,429.86209275597105,16833.20587726768,21042.18483053082,True,1,15
1890,allmetal1890 26-02-15 00-06-21.fits,2026-02-15 00:06:21,662.2883850619205,607.9829240028826,4.27487689861708,5.607751115146537,10.066565810903239,13.205244733491725,839.6416905171216,486.2162544702991,16844.72562229387,21058.019021547636,True,1,15
1891,allmetal1891 26-02-15 00-07-21.fits,2026-02-15 00:07:21,662.079494942236,607.3022164906484,4.674745389275742,6.280733024099928,11.008184148082526,14.789996022638363,781.5958065757701,521.2619178198013,16825.05185809088,21032.244660385357,True,1,16
1892,allmetal1892 26-02-15 00-08-21.fits,2026-02-15 00:08:21,662.3592073790214,606.7647697118383,4.037028128623781,8.339942919443411,9.506474759637062,19.63906476111928,862.2074310442566,458.48429788505166,16830.242999581318,21036.96418262685,True,1,16
1893,allmetal1893 26-02-15 00-09-20.fits,2026-02-15 00:09:20,662.6162971787677,607.7214094538374,4.147881836199192,8.041679314045366,9.767515292301637,18.93670764442476,903.8737905505426,513.1831145287094,16725.583004165113,20906.054209873055,True,1,7
1894,allmetal1894 26-02-15 00-10-20.fits,2026-02-15 00:10:20,662.9774170392867,607.7669770040711,4.605986427024165,5.6394557585410405,10.846269165496986,13.279903463277659,786.6981124780341,573.880009118632,16784.28920330847,20981.30920030034,True,1,12
1895,allmetal1895 26-02-15 00-11-20.fits,2026-02-15 00:11:20,663.3832732268694,606.0833285881637,4.5055718156317575,8.001432376359233,10.609810825776151,18.841933348810343,790.9955471723889,468.4149309530598,16835.205202689027,21043.555841066136,True,1,15
1896,allmetal1896 26-02-15 00-12-20.fits,2026-02-15 00:12:20,662.8844322453082,608.1095211440945,4.405014406933494,5.363600623801217,10.373016224097112,12.630314262467609,813.2878519913365,604.9514478451661,16800.50929073623,21001.463572444114,True,1,13
1897,allmetal1897 26-02-15 00-13-20.fits,2026-02-15 00:13:20,662.408942077489,606.8655660021276,4.078027786877653,7.263649822522207,9.603021576732699,17.10458820216079,891.382095016259,484.33176511500045,16850.679065080887,21063.635391357428,True,1,16
1898,allmetal1898 26-02-15 00-14-21.fits,2026-02-15 00:14:21,662.2389256310744,607.9107928919176,4.153117808393946,6.302386441842055,9.779845064581071,14.840985924780952,875.146154471907,560.2415322786674,16852.89175490136,21066.368603399824,True,1,14
1899,allmetal1899 26-02-15 00-15-21.fits,2026-02-15 00:15:21,661.9018696215377,607.3111929275315,4.421790506751919,6.845234883550603,10.412520920226978,16.119296316730058,834.2256069827222,532.7274184686056,16851.483298918298,21064.45724438031,True,1,15
1900,allmetal1900 26-02-15 00-16-21.fits,2026-02-15 00:16:21,662.1987190808187,606.9985667192967,4.136189621302013,4.823452599670662,9.739982230290952,11.358362867961118,881.2738560484274,606.2068901863407,16836.62738259816,21047.549407526563,True,1,12
1901,allmetal1901 26-02-15 00-17-21.fits,2026-02-15 00:17:21,662.4270055583955,606.1677108329743,3.8174037790046236,8.821174332437401,8.989298938776983,20.772278138736095,950.0266276548948,466.14090756033653,16782.3510731007,20976.75094675731,True,1,14
1902,allmetal1902 26-02-15 00-18-21.fits,2026-02-15 00:18:21,662.3337319952456,608.6937497374066,3.997285179249434,5.494995907592178,9.412887265801698,12.939726510561094,913.8760584301123,509.93895122526624,16820.69236615073,21027.948384430532,True,1,14
1903,allmetal1903 26-02-15 00-19-20.fits,2026-02-15 00:19:20,662.2113105690781,606.8870266644032,4.150697011149041,7.8647562864874825,9.77414452270381,18.520085752703896,895.1740249050516,462.43051855631415,16809.717485650457,21012.339487523917,True,1,15
1904,allmetal1904 26-02-15 00-20-20.fits,2026-02-15 00:20:20,661.9343543848232,609.078601581032,4.010071457507251,6.5812388229421455,9.442996650144549,15.497633101400055,898.260744200791,553.0089956945201,16738.69914056371,20923.282388439995,True,1,11
1905,allmetal1905 26-02-15 00-21-20.fits,2026-02-15 00:21:20,662.0018765825625,607.4790968645191,3.8537382742214286,7.147898913471449,9.074860136439597,16.832015641297513,950.3670110809833,532.2730763952196,16789.17231238819,20986.1173793365,True,1,11
1906,allmetal1906 26-02-15 00-22-20.fits,2026-02-15 00:22:20,662.4645200653569,606.6277578760963,4.339553898831418,8.049416668238754,10.218868507460432,18.954927721174858,847.0491659068763,453.33514830889317,16814.601638207518,21018.317484470434,True,1,14
1907,allmetal1907 26-02-15 00-23-20.fits,2026-02-15 00:23:20,661.6706561634002,607.8630966887683,4.15425076350191,7.683358203096359,9.782512969979424,18.092925909804283,873.1439001684021,455.67492836128434,16854.005320894452,21067.815438836886,True,1,16
1908,allmetal1908 26-02-15 00-24-20.fits,2026-02-15 00:24:20,661.9545231654045,609.487098214526,4.475123328828033,4.463200258674532,10.53811011870988,10.510033434114106,815.2323286371283,579.6150034732574,16826.258715050386,21035.42139498744,True,1,15
1909,allmetal1909 26-02-15 00-25-21.fits,2026-02-15 00:25:21,662.2853958984292,606.7035052251398,4.180611396629036,8.78085610644512,9.844587517266886,20.677335971989383,864.224647998125,414.3923021226671,16835.973112182226,21044.903401949363,True,1,15
1910,allmetal1910 26-02-15 00-26-21.fits,2026-02-15 00:26:21,661.9026102018038,608.0815412336962,4.309310693843327,8.633254613772127,10.147651202128495,20.329761018366533,827.5942194902784,427.5567775964084,16775.52614033622,20969.102067676864,True,1,15
1911,allmetal1911 26-02-15 00-27-21.fits,2026-02-15 00:27:21,662.5847120885854,608.459512426913,4.634023432600373,3.289330062331956,10.912291268230485,7.745780365502192,775.1496868414099,643.6589026096832,16816.308622106393,21023.996044997515,True,1,13
1912,allmetal1912 26-02-15 00-28-21.fits,2026-02-15 00:28:21,662.3204464061977,608.0823839565423,4.1192804305790345,7.156106380995942,9.700164129031231,16.85134275034313,895.9474911477497,488.30100009046845,16802.320226425385,21003.380863068003,True,1,16
1913,allmetal1913 26-02-15 00-29-21.fits,2026-02-15 00:29:21,661.7814607768424,608.6244095963957,3.9748888075247284,5.964215405999949,9.360147840728397,14.044653990931081,915.0998418390902,536.4238212033297,16861.078390531588,21077.420337661348,True,1,17
1914,allmetal1914 26-02-15 00-30-21.fits,2026-02-15 00:30:21,661.5988890364853,607.9729614315111,4.019931198882243,8.666189096549894,9.466214566773202,20.407315798584346,873.7503549793207,473.55341895406696,16811.7442796541,21013.2324604291,True,1,15
1915,allmetal1915 26-02-15 00-31-21.fits,2026-02-15 00:31:21,662.0731237101772,607.5405975711858,3.9850796995325535,7.418148895465144,9.38414555750517,17.46840571606552,894.9404611292291,464.1907411081115,16842.08463921165,21052.906822098277,True,1,14
1916,allmetal1916 26-02-15 00-32-20.fits,2026-02-15 00:32:20,662.6160564147476,609.9019332642839,4.244066801016418,4.492003607589277,9.994013575483837,10.577860137502569,872.3525539376063,626.0691330857492,16855.345823207303,21071.360934796976,True,1,16
1917,allmetal1917 26-02-15 00-33-20.fits,2026-02-15 00:33:20,662.2211236898265,609.4461629219973,3.8606318954239462,7.243043552300235,9.091093373830136,17.056064143988767,904.5712671063338,495.1590559946513,16796.223680386312,20995.04890759637,True,1,15
1918,allmetal1918 26-02-15 00-34-20.fits,2026-02-15 00:34:20,662.8531308584988,610.4213798627987,4.738483542368998,6.4907088328863365,11.158276028619776,15.284451266140183,745.7180138460708,481.35440029534067,16842.401286849796,21054.003381727674,True,1,18
1919,allmetal1919 26-02-15 00-35-20.fits,2026-02-15 00:35:20,662.9294401830765,609.7148489003314,4.478724674085289,5.825002577140369,10.546590638710743,13.716832831007078,825.0129551563075,561.8464504989154,16831.009370121777,21039.795326831165,True,1,14
1920,allmetal1920 26-02-15 00-36-20.fits,2026-02-15 00:36:20,661.8396831509449,609.2675809351805,4.368825896024904,7.967488749370452,10.287798793209742,18.76200221557611,808.8804853639731,457.6314462310108,16823.98197779098,21029.702537717752,True,1,15
1921,allmetal1921 26-02-15 00-37-20.fits,2026-02-15 00:37:20,662.0411852681696,608.4430826386964,3.988908253304346,4.101042059879028,9.393161112670466,9.65721604811815,900.6500652585237,564.0507389798375,16796.974735147796,20999.350271422227,True,1,14
1922,allmetal1922 26-02-15 00-38-21.fits,2026-02-15 00:38:21,661.8489792773181,608.6899824923833,3.9034829100581856,5.942712152927305,9.191999802040758,13.994017699562246,914.3808615684881,480.9526521118623,16846.068099007163,21059.32582747742,True,1,17
1923,allmetal1923 26-02-15 00-39-21.fits,2026-02-15 00:39:21,661.7457370758503,608.3184331355936,4.233617771761916,6.8647049992054185,9.969407991944223,16.165144935353087,860.234375017084,470.0759218464691,16827.026641888307,21034.7991011964,True,1,16
1924,allmetal1924 26-02-15 00-40-21.fits,2026-02-15 00:40:21,661.7550855576424,607.8841527452753,3.9274388467356496,8.618339231582008,9.248411721926342,20.29463797740594,925.4244812790479,436.84220024047886,16852.08245239962,21064.784091615566,True,1,15
1925,allmetal1925 26-02-15 00-41-21.fits,2026-02-15 00:41:21,662.0700623584703,608.4837747218386,4.254376255724473,8.156518760030995,10.018290486083705,19.20713387379197,863.0908741520603,454.2151351875764,16840.488186127568,21050.52969508402,True,1,16
1926,allmetal1926 26-02-15 00-42-21.fits,2026-02-15 00:42:21,662.0808694667992,608.725548278133,4.2024288179758145,8.293720925072659,9.895963618385167,19.530220282253726,868.3278018702639,437.2199868397901,16828.955545632667,21036.250501258604,True,1,16
1927,allmetal1927 26-02-15 00-43-20.fits,2026-02-15 00:43:20,661.952721966616,608.9807566481473,4.2605936903848916,9.498867851070086,10.032931425850729,22.368124420799898,866.6901982342022,402.14929566557186,16783.133583873012,20978.605246695468,True,1,15
1928,allmetal1928 26-02-15 00-44-20.fits,2026-02-15 00:44:20,662.3439639715472,610.3378466618709,4.092343290461994,6.121745610497582,9.636732011527815,14.415609274179932,894.3182516481014,488.82940560157397,16826.409451729913,21034.645450915938,True,1,15
1929,allmetal1929 26-02-15 00-45-20.fits,2026-02-15 00:45:20,662.1198594439285,609.5119857442181,4.629828741091553,5.75797726130908,10.902413524582794,13.55900027376303,788.2706357088425,487.48699594213593,16779.518683264938,20976.46098359218,True,1,14
1930,allmetal1930 26-02-15 00-46-20.fits,2026-02-15 00:46:20,662.6677327940606,609.4394905562892,4.113708151876823,7.8063005490658055,9.687042415446763,18.382433010476266,883.8365007629718,452.534264296236,16813.76506802367,21017.45902208972,True,1,15
1931,allmetal1931 26-02-15 00-47-21.fits,2026-02-15 00:47:21,662.3100287344821,609.6485611703623,3.7265928560221884,7.096057625658209,8.775455557030183,16.709938737594676,1006.0178106238343,514.2396646075979,16788.002033991073,20985.247194489413,True,1,16
1932,allmetal1932 26-02-15 00-48-21.fits,2026-02-15 00:48:21,662.8266509897555,610.0019848677197,4.000275834608667,5.63793498462017,9.4199297209894,13.276322314364833,913.2801388252385,630.7952673868831,16795.52058849158,20994.638154806256,True,1,12
1933,allmetal1933 26-02-15 00-49-21.fits,2026-02-15 00:49:21,662.9720060482089,610.5928081466468,4.041660581586915,5.789517062709687,9.517383352732312,13.633270830317475,908.5737716447422,554.4885263645401,16853.551010161835,21068.069501728336,True,1,15
1934,allmetal1934 26-02-15 00-50-21.fits,2026-02-15 00:50:21,662.3989867163993,609.9936103925451,4.17209684868539,6.846422953762757,9.824537289094811,16.12209400828054,887.7621637273688,528.2690213331432,16817.69130912809,21022.327289302684,True,1,15
1935,allmetal1935 26-02-15 00-51-20.fits,2026-02-15 00:51:20,662.6568901029506,608.6423679882129,4.086879716123766,8.95178443501527,9.62386627715864,21.07984142637001,877.6123524202225,484.80990722116735,16798.359754756228,20996.105907597965,True,1,15
1936,allmetal1936 26-02-15 00-52-20.fits,2026-02-15 00:52:20,662.6710807025972,608.1820796788429,4.441805432152294,8.26479004885479,10.45965246775958,19.46209327501558,822.6817202348242,463.8902056989191,16806.672108337345,21007.900097260135,True,1,12
1937,allmetal1937 26-02-15 00-53-20.fits,2026-02-15 00:53:20,662.4617244504843,608.7030700559116,4.425465172307992,7.384571765258234,10.421174096337204,17.389337616799672,819.6457207524529,477.152937302681,16845.373182181076,21056.970429206773,True,1,16
1938,allmetal1938 26-02-15 00-54-20.fits,2026-02-15 00:54:20,662.8286118794081,609.9023984163911,4.122782089961674,6.006607179429045,9.708409906736339,14.144478988746327,874.0262118521138,448.6622653987268,16844.663723839254,21058.053508005967,True,1,16
1939,allmetal1939 26-02-15 00-55-20.fits,2026-02-15 00:55:20,661.5787563549673,609.2392320174147,4.015991736654274,6.673251111368203,9.456937842152138,15.714305482574904,896.0268333481124,520.1178550103547,16856.510982548385,21070.9509779363,True,1,15
1940,allmetal1940 26-02-15 00-56-20.fits,2026-02-15 00:56:20,661.8805614173612,610.4177754880571,3.9693614921726854,6.436855799098074,9.3471320077422,15.157637062689854,895.0148740235003,530.6659860127957,16791.000670470603,20989.08574987347,True,1,12
1941,allmetal1941 26-02-15 00-57-20.fits,2026-02-15 00:57:20,662.3623247868478,608.4554064085082,4.0068014928603635,6.846283420029508,9.435296471847517,16.121765431448527,890.2145721114334,466.19350278776955,16853.32896471008,21067.579699561473,True,1,16
1942,allmetal1942 26-02-15 00-58-21.fits,2026-02-15 00:58:21,662.3390100181921,611.484206710267,4.257908704605404,5.507975000163893,10.026608767516569,12.97028993791528,875.0892049749455,539.3651939985342,16806.553263946505,21010.04031602695,True,1,16
1943,allmetal1943 26-02-15 00-59-21.fits,2026-02-15 00:59:21,662.5991032192715,610.5951332113981,4.162374208542336,5.883393614557972,9.801642221195326,13.854333216368204,892.9854096008612,527.2337967626173,16794.400792583252,20994.506474269165,True,1,14
1944,allmetal1944 26-02-15 01-00-21.fits,2026-02-15 01:00:21,662.4453853530113,611.3488406234507,4.2107364909532246,5.08817662864226,9.915526693239935,11.98174031778479,844.6555052057696,532.5777218884944,16838.37099322897,21050.036537613723,True,1,17
1945,allmetal1945 26-02-15 01-01-21.fits,2026-02-15 01:01:21,662.4882169412267,611.1637997615886,4.0397504312475805,6.029219070200788,9.512885292424224,14.197725922391678,903.3633049011046,519.8137596288097,16845.005785368896,21057.518602430267,True,1,16
1946,allmetal1946 26-02-15 01-02-21.fits,2026-02-15 01:02:21,662.3169392671813,609.1690346460432,3.9633753629055057,7.395866484017623,9.333035750551698,17.415934646937266,913.8478112532401,439.17159208112747,16809.086865744877,21012.273764445516,True,1,16
1947,allmetal1947 26-02-15 01-03-20.fits,2026-02-15 01:03:20,662.5205970671092,609.0277775912476,4.515906326726726,6.461219113573579,10.634146739658178,15.215008283980165,826.0362657806652,523.9010947517817,16779.385561354335,20975.07711284698,True,1,14
1948,allmetal1948 26-02-15 01-04-20.fits,2026-02-15 01:04:20,662.7280545483561,609.9909701409574,4.3652434611611985,6.873013537443616,10.279362803782671,16.1847100477413,833.7809977533775,433.41188712248544,16837.27791619559,21048.214981360776,True,1,16
1949,allmetal1949 26-02-15 01-05-20.fits,2026-02-15 01:05:20,662.5359443770914,610.8607010110651,4.460846901440963,4.543776408042507,10.504491701327378,10.69977576579722,829.66215027477,572.0489254127514,16767.842171248536,20962.499624329408,True,1,15
1950,allmetal1950 26-02-15 01-06-20.fits,2026-02-15 01:06:20,662.8131657937637,610.0495679125837,4.053158808505343,5.1624033057988274,9.54445960796214,12.156530785029117,911.9793262291472,603.163169489431,16843.600395832185,21055.926691586075,True,1,13
1951,allmetal1951 26-02-15 01-07-20.fits,2026-02-15 01:07:20,662.0637270349442,610.0630929785733,4.327012873039963,6.042115729134889,10.189336648541463,14.228095233363627,835.7212516714621,531.0595243373338,16850.163741748765,21063.702074124092,True,1,16
1952,allmetal1952 26-02-15 01-08-20.fits,2026-02-15 01:08:20,662.6056110259497,608.7081186333987,4.20884110122644,6.598930533147527,9.911063391518157,15.539293895222567,871.6591898931549,497.09249764814206,16852.02499643878,21065.981992412795,True,1,17
1953,allmetal1953 26-02-15 01-09-20.fits,2026-02-15 01:09:20,661.684360076877,609.7124930364581,4.0328938916756725,5.933264279668384,9.496739375600747,13.971769658229228,885.1096855460798,500.2734602565204,16825.726919068653,21033.63055560256,True,1,15
1954,allmetal1954 26-02-15 01-10-21.fits,2026-02-15 01:10:21,661.7458330317236,609.6049309661809,4.213265794746691,5.56587009661521,9.921482748512762,13.106622471547844,865.1123571835133,544.7636715967066,16835.577710555524,21045.972356372342,True,1,14
1955,allmetal1955 26-02-15 01-11-21.fits,2026-02-15 01:11:21,662.1078731189241,607.6906543736213,4.493431292737095,7.193957584326274,10.581222079106643,16.940475522673935,797.9605815150206,489.20942803942245,16857.208032158436,21071.672161171155,True,1,14
1956,allmetal1956 26-02-15 01-12-21.fits,2026-02-15 01:12:21,661.6307280813505,611.3662688209357,4.222609206606973,4.535492670914747,9.943484802050333,10.680269055561006,869.9753672095012,574.9591602626385,16811.481043443022,21016.960358992943,True,1,16
1957,allmetal1957 26-02-15 01-13-21.fits,2026-02-15 01:13:21,661.3270784335801,609.8554710479874,4.737475619795344,6.866404142336175,11.155902552339496,16.16914611165677,783.0109449359186,471.7531760125389,16858.271620536936,21073.99063419956,True,1,16
1958,allmetal1958 26-02-15 01-14-20.fits,2026-02-15 01:14:20,661.8127937077492,611.359219471102,4.337492702889203,5.394511191448831,10.214014761938968,12.703103086767495,832.5503864968528,556.0732341419325,16853.26805548553,21068.08179553271,True,1,15
1959,allmetal1959 26-02-15 01-15-20.fits,2026-02-15 01:15:20,661.9921708265342,609.7695627848186,4.338298474623622,9.15207553500226,10.215912209370897,21.55149092346067,850.8008550992643,461.27454442821806,16828.186691181876,21033.93454027441,True,1,14
1960,allmetal1960 26-02-15 01-16-20.fits,2026-02-15 01:16:20,661.0357845603565,613.0859579374887,3.918080596455635,4.579615837398057,9.226374726580547,10.784171172446142,902.7237319624115,574.429370808118,16857.484527587483,21074.074119710232,True,1,16
1961,allmetal1961 26-02-15 01-17-20.fits,2026-02-15 01:17:20,661.9581439438728,610.6468213831093,4.497718254447126,4.55671008976294,10.591317102473704,10.730232258768547,833.4135642094549,610.4101435742928,16845.712504435796,21059.50772318051,True,1,15
1962,allmetal1962 26-02-15 01-18-20.fits,2026-02-15 01:18:20,662.6932988531801,610.7707898106338,4.351360078855173,6.918136405860163,10.246669936835612,16.29096628277788,831.2124464259891,444.08887516463875,16866.998253529535,21085.081023032824,True,1,15
1963,allmetal1963 26-02-15 01-19-20.fits,2026-02-15 01:19:20,662.2502109132662,608.528613649147,4.0709485892672514,8.50440561884446,9.58635134029699,20.02634482232877,888.8952640428025,421.92545415363065,16862.74249789829,21078.502591012955,True,1,16
1964,allmetal1964 26-02-15 01-20-21.fits,2026-02-15 01:20:21,662.1199070678757,610.408062471043,3.8674716048416604,7.230787008097486,9.107199658669156,17.027202188017323,949.9670111712683,458.1628828724623,16867.58572015732,21085.366060313576,True,1,16
1965,allmetal1965 26-02-15 01-21-21.fits,2026-02-15 01:21:21,661.616036230942,608.7277092361985,4.313441332265692,7.620328006535408,10.157378112284256,17.944501139500314,839.9466895837797,495.56200256391156,16850.87135424893,21063.213971495494,True,1,12
1966,allmetal1966 26-02-15 01-22-21.fits,2026-02-15 01:22:21,662.1131353506718,609.4399351396086,4.349309546883378,6.942037703638671,10.241841303045453,16.347249537888963,817.4546870403165,528.6795091410834,16830.00080108275,21037.220108130194,True,1,15
1967,allmetal1967 26-02-15 01-23-21.fits,2026-02-15 01:23:21,662.1149866734283,610.2157506870286,4.096441111270772,6.900758070714483,9.64638164210927,16.250043430827567,889.3202710109026,500.6960970069955,16858.94236920025,21074.13783348282,True,1,17
1968,allmetal1968 26-02-15 01-24-21.fits,2026-02-15 01:24:21,662.0968897258018,611.6184961665966,4.160472072748576,5.193522811314457,9.797163033699809,12.229811620408773,885.2644245686975,576.9372047387469,16861.080306635544,21078.031541110366,True,1,14
1969,allmetal1969 26-02-15 01-25-21.fits,2026-02-15 01:25:21,662.5223255896643,610.4304792413884,4.080909622882058,7.383179327371671,9.609807781922362,17.386058676152935,902.4543923261057,462.8476846985622,16865.587892283544,21082.63489316823,True,1,14
1970,allmetal1970 26-02-15 01-26-21.fits,2026-02-15 01:26:21,662.3026029842615,610.18729276458,4.455392681880961,6.081390217270297,10.491647995777488,14.320579585283214,815.3053428248137,498.72210254859607,16840.326296174273,21051.875573829544,True,1,14
1971,allmetal1971 26-02-15 01-27-21.fits,2026-02-15 01:27:21,662.2810493819469,609.8790876697067,4.573941204393036,6.888368251833497,10.770808432897724,16.22086763697232,793.8153761800365,500.45004308002683,16846.64982146164,21058.76166012434,True,1,16
1972,allmetal1972 26-02-15 01-28-21.fits,2026-02-15 01:28:21,662.1094813052493,611.3610834301764,4.468257394621743,5.399336315934697,10.521942079213044,12.714465386626584,829.3077558729262,558.3623107218853,16809.869950971417,21014.028371431003,True,1,16
1973,allmetal1973 26-02-15 01-29-21.fits,2026-02-15 01:29:21,662.2819771572908,609.64939869702,4.283137317594337,9.63276194382924,10.086017611091235,22.683420914340385,865.534083138535,410.2591789050994,16832.451894002705,21039.965803631978,True,1,15
1974,allmetal1974 26-02-15 01-30-22.fits,2026-02-15 01:30:22,662.5436371634896,612.0972155900703,4.167675155936259,5.605094590730457,9.814124998376188,13.198989096546624,865.2287022968524,534.5016177642233,16864.613373496904,21082.26007011755,True,1,15
1975,allmetal1975 26-02-15 01-31-22.fits,2026-02-15 01:31:22,662.6911070911872,611.0863710091988,4.33199207738858,6.2075765308801465,10.20106177874989,14.61772564598025,847.7627671958625,527.0123977491218,16870.094065359746,21088.5992590889,True,1,17
1976,allmetal1976 26-02-15 01-32-22.fits,2026-02-15 01:32:22,662.6419498827777,610.6718810724533,3.673331440525874,7.3537704485368325,8.650034508192741,17.31680605877077,982.7783773129496,487.48655777401945,16843.12648021739,21053.969802611464,True,1,16
1977,allmetal1977 26-02-15 01-33-22.fits,2026-02-15 01:33:22,662.6015296422282,609.0939069808386,4.164129787951038,7.995450477960351,9.80577629477758,18.82784705455332,873.0579571904909,459.9400299712576,16856.980536021067,21071.12310120173,True,1,17
1978,allmetal1978 26-02-15 01-34-22.fits,2026-02-15 01:34:22,662.8091612922324,608.6698066060552,4.437377080714148,8.509480910995558,10.449224497026592,20.038296222020563,833.8141372304337,425.59798231769247,16868.109067476642,21085.32807629199,True,1,17
1979,allmetal1979 26-02-15 01-35-21.fits,2026-02-15 01:35:21,663.2003499897892,610.7726704245875,4.222542596688326,7.144019285182637,9.943327947678705,16.822879814835748,859.1987519767201,479.88862470698626,16877.024956454687,21096.769962940714,True,1,17
1980,allmetal1980 26-02-15 01-36-21.fits,2026-02-15 01:36:21,662.6832458644446,610.4875514985575,4.1265731088476505,4.743943048145368,9.71733707400013,11.171132182257935,885.2289765436977,608.6129290664564,16836.719829637444,21047.774218717677,True,1,15
1981,allmetal1981 26-02-15 01-37-21.fits,2026-02-15 01:37:21,662.9063007979238,609.9241682859828,4.153660535608963,7.408324616422352,9.781123089505975,17.445271306847573,873.9007786121359,474.95913507771246,16854.587673564787,21068.506883554706,True,1,17
1982,allmetal1982 26-02-15 01-38-21.fits,2026-02-15 01:38:21,662.6532216524391,610.8817018831251,4.2306803403369235,5.80715935860358,9.962490869543746,13.674815262328782,898.4178037074166,579.6257650028728,16858.30899227945,21073.95091929684,True,1,14
1983,allmetal1983 26-02-15 01-39-21.fits,2026-02-15 01:39:21,663.1862822584235,612.1594355307099,4.119196189104749,4.759328347847923,9.69996575551896,11.20736179439632,880.6845577976101,596.2626462430316,16842.26693229619,21054.767251847035,True,1,15
1984,allmetal1984 26-02-15 01-40-22.fits,2026-02-15 01:40:22,662.7685045831843,610.3809226156636,4.346811291139308,7.67958572355743,10.235958360341705,18.084042399366545,842.5093278271701,483.32020822069694,16871.932932093296,21089.795068733343,True,1,16
1985,allmetal1985 26-02-15 01-41-22.fits,2026-02-15 01:41:22,663.0344024614359,611.5008227554831,4.027309018962562,6.462053252226783,9.483588005386968,15.216972530401065,925.2719194754649,548.8736312019968,16825.163602205368,21031.893910036873,True,1,14
1986,allmetal1986 26-02-15 01-42-22.fits,2026-02-15 01:42:22,662.5086589854424,610.2663292448457,4.3281817451518,7.324086978346575,10.192089132020493,17.24690682816067,854.2998684539107,531.2671285426284,16801.541858422865,21001.45370351208,True,1,15
1987,allmetal1987 26-02-15 01-43-21.fits,2026-02-15 01:43:21,662.2680129246236,611.8003328926592,4.466205022939855,5.461498984143143,10.517109113236682,12.860847283776438,809.9882601695791,565.7620321883087,16841.58756846551,21053.276120410916,True,1,17
1988,allmetal1988 26-02-15 01-44-21.fits,2026-02-15 01:44:21,661.8754517346496,612.1908297075682,4.267596018931498,5.368118516713118,10.049420649474172,12.640953087257856,871.6229681842179,548.1495667690587,16846.118756080126,21059.550943788727,True,1,15
1989,allmetal1989 26-02-15 01-45-21.fits,2026-02-15 01:45:21,661.6798295368458,610.7627694657882,4.5200943069773825,7.186905642582334,10.644008679500617,16.923869468898918,825.698387688825,497.68267907195684,16858.482558803167,21073.483687336397,True,1,15
1990,allmetal1990 26-02-15 01-46-21.fits,2026-02-15 01:46:21,662.0862512238505,611.2769349735823,4.249668279817114,7.168054992058626,10.007204050045534,16.879479579183815,860.5872783526404,466.25148501603036,16874.51697879422,21093.917535937602,True,1,17
1991,allmetal1991 26-02-15 01-47-22.fits,2026-02-15 01:47:22,662.0000866809982,609.8981399326435,4.0326243860097915,7.770300521487999,9.49610473825648,18.29765942391438,873.5079605822984,466.97435480196947,16874.165881209152,21092.447872476747,True,1,16
1992,allmetal1992 26-02-15 01-48-22.fits,2026-02-15 01:48:22,661.8840158766803,611.1943558114856,4.056496940872231,7.254054855597802,9.552320308972655,17.081993781715795,899.9695844872113,492.453560178883,16869.097650260388,21086.56407132193,True,1,16
1993,allmetal1993 26-02-15 01-49-22.fits,2026-02-15 01:49:22,662.7194575089557,612.5992665988472,4.160687958738112,5.457324758584278,9.797671406355411,12.851017733757944,884.2276079681878,577.0788605648419,16864.324317737737,21081.70201036637,True,1,15
1994,allmetal1994 26-02-15 01-50-22.fits,2026-02-15 01:50:22,662.6547737489328,612.8012219078668,4.19994989168651,4.953327562467099,9.890126193068957,11.664195033701818,856.5194456977337,622.0446337062606,16865.52328825415,21083.167578039574,True,1,13
1995,allmetal1995 26-02-15 01-51-22.fits,2026-02-15 01:51:22,662.3637816112498,612.928011490103,4.735422184083788,5.487993819345118,11.151067080764742,12.923237852799843,795.1832062324922,544.9572891911326,16856.688453553303,21072.757198291576,True,1,16
1996,allmetal1996 26-02-15 01-52-22.fits,2026-02-15 01:52:22,661.6453888840798,612.8440434669054,4.177112832928258,4.2787334354726,9.836349029335477,10.075647261195016,882.0228882046268,690.9067564505092,16844.13578635529,21056.952041804074,True,1,9
1997,allmetal1997 26-02-15 01-53-21.fits,2026-02-15 01:53:21,661.4976989081551,611.6445133699765,4.673636782077648,7.3639839609818685,11.005573577630388,17.340857042606512,796.0500737940164,492.00081777855513,16869.221263732572,21086.76491193931,True,1,16
1998,allmetal1998 26-02-15 01-54-21.fits,2026-02-15 01:54:21,661.7662179794501,611.4025174867113,4.227043571846282,5.5296714655805035,9.953926934202848,13.021381209584638,865.8729996967361,584.4464143575537,16841.51057243702,21052.936608474778,True,1,12
1999,allmetal1999 26-02-15 01-55-21.fits,2026-02-15 01:55:21,661.6564330279703,611.731032237689,4.313368166880295,4.763905812613922,10.15720582096812,11.218140900182718,851.359098290847,625.608044973582,16875.945387810636,21096.62539158025,True,1,12
2000,allmetal2000 26-02-15 01-56-21.fits,2026-02-15 01:56:21,661.4916067173942,609.594260177881,4.047504753586631,8.396465344885366,9.531145326103852,19.77216490154376,904.2945455081026,506.1444441490984,16829.60734252235,21035.565693595487,True,1,15
2001,allmetal2001 26-02-15 01-57-22.fits,2026-02-15 01:57:22,661.636401658063,611.4194128921306,4.506684569974929,5.551173907036345,10.612431162008647,13.072015589741957,813.6813241813313,557.3292709628223,16854.36029797105,21069.353431568183,True,1,15
2002,allmetal2002 26-02-15 01-58-22.fits,2026-02-15 01:58:22,661.7627939102265,611.0877642883889,4.286993852317731,5.781214834774026,10.095099056362242,13.613720577556165,850.3570901916019,557.2668500296708,16844.588396672512,21056.772897803392,True,1,15
2003,allmetal2003 26-02-15 01-59-22.fits,2026-02-15 01:59:22,661.9375022679203,610.7653226777865,4.172450869773985,7.263519702768607,9.825370945050599,17.10428179355676,859.6655010050702,482.73824927279975,16859.171050611603,21074.160949002682,True,1,14
2004,allmetal2004 26-02-15 02-00-22.fits,2026-02-15 02:00:22,662.3534564063416,611.2487161753642,4.273787026624321,5.658068731154673,10.06399935848817,13.323733664285854,849.9049590508776,551.8419153218641,16843.693860985208,21055.865630251865,True,1,17
2005,allmetal2005 26-02-15 02-01-21.fits,2026-02-15 02:01:21,661.5327008563689,612.6560557029554,4.276407701876046,4.758358678618769,10.070170577102449,11.205078397858458,853.4851805729305,626.9587102931513,16847.967329130912,21061.59081037984,True,1,12
2006,allmetal2006 26-02-15 02-02-21.fits,2026-02-15 02:02:21,661.9997507893588,612.5908597189796,4.326127944100788,6.388556576336228,10.187252800137067,15.043901084770845,840.6236995832727,518.0340767603872,16862.208032119466,21078.560877664862,True,1,16
2007,allmetal2007 26-02-15 02-03-21.fits,2026-02-15 02:03:21,662.1564012334821,611.7740142230952,4.05990623893155,6.5667802924248395,9.560348592382224,15.463585863916212,901.6588985112083,571.3854621746547,16830.45242947411,21037.841526004755,True,1,11
2008,allmetal2008 26-02-15 02-04-21.fits,2026-02-15 02:04:21,662.8121580676665,610.4438760472049,4.1467386193291675,7.776877055613097,9.764823222300286,18.31314597829899,879.8463822182546,511.1934456705079,16793.582487778127,20991.177663953822,True,1,11
2009,allmetal2009 26-02-15 02-05-21.fits,2026-02-15 02:05:21,662.9053484852101,613.8361873379527,4.455439868495167,3.6490619748342845,10.491759111762475,8.592884283899995,830.890338196979,689.3394400832798,16857.318365142262,21074.55246198962,True,1,15
2010,allmetal2010 26-02-15 02-06-21.fits,2026-02-15 02:06:21,662.4955997245629,610.9937836990914,4.186906823936222,5.231208235494006,9.859412115681883,12.31855401267227,876.1477141348995,596.2288257250217,16831.32172895822,21040.49690774817,True,1,12
2011,allmetal2011 26-02-15 02-07-22.fits,2026-02-15 02:07:22,662.5644816676356,610.9235989223307,4.60399995371631,6.137929945524603,10.84159137833273,14.453720470717059,815.7414275330163,596.7596453207855,16856.231189541733,21070.516161361596,True,1,12
2012,allmetal2012 26-02-15 02-08-22.fits,2026-02-15 02:08:22,662.0838759565459,611.1224676842114,4.444544350265024,5.1728763991514075,10.466102127033135,12.181193035189253,820.5487471305368,596.9149344327375,16830.594073177028,21039.61144086801,True,1,15
2013,allmetal2013 26-02-15 02-09-22.fits,2026-02-15 02:09:22,661.8163134267627,610.6394551005554,4.098454539596675,6.169017028450285,9.651122903490341,14.526924956731992,896.778888283983,505.75258278642076,16860.861812207357,21077.436844759675,True,1,14
2014,allmetal2014 26-02-15 02-10-22.fits,2026-02-15 02:10:22,662.0742651362075,610.3678384405035,4.310538845663045,4.709824839220929,10.150543278651908,11.090789939982113,847.5583433878836,635.5719868689436,16862.45953212886,21079.690016465058,True,1,15
2015,allmetal2015 26-02-15 02-11-22.fits,2026-02-15 02:11:22,662.0887146778841,611.1664600480598,4.440045763160385,5.847663771683017,10.455508763944813,13.770195866160453,839.8035761106328,504.10960214916093,16820.346381980497,21027.344533256848,True,1,15
2016,allmetal2016 26-02-15 02-12-21.fits,2026-02-15 02:12:21,661.936429817301,610.9079266905198,4.067882642255235,5.756040188275625,9.57913158681609,13.55443881535516,881.3708312902978,512.2936984753852,16836.989025613515,21047.79443049218,True,1,16
2017,allmetal2017 26-02-15 02-13-21.fits,2026-02-15 02:13:21,662.114643279853,607.9059120418907,4.415643412324353,7.424345685932921,10.398045619050247,17.482998042473895,859.048636458623,497.3501129125622,16846.419317287677,21058.270778462167,True,1,16
2018,allmetal2018 26-02-15 02-14-21.fits,2026-02-15 02:14:21,661.9951107427504,610.9747531363647,4.39987521139329,5.355245976898809,10.360914343423705,12.610640572472663,848.6325514081669,580.309461540495,16864.325435560502,21081.939601097834,True,1,17
2019,allmetal2019 26-02-15 02-15-21.fits,2026-02-15 02:15:21,661.8260153502733,610.356478052878,4.248202066816446,6.010151320407511,10.003751382281274,14.152824802964835,871.5857369144863,548.6251133651194,16867.038106895736,21084.789887259347,True,1,14
2020,allmetal2020 26-02-15 02-16-21.fits,2026-02-15 02:16:21,662.0500528892787,610.2725358156518,4.246600675893328,7.03023222124379,9.999980394835585,16.55493175580733,864.3279824645928,554.0351134742355,16846.459790398705,21057.52509187694,True,1,10
2021,allmetal2021 26-02-15 02-17-21.fits,2026-02-15 02:17:21,662.5461488235143,611.8040225932483,3.878176336726393,4.690993736320528,9.132407375888006,11.046446081402207,948.3178012107586,506.792299513452,16838.93692481536,21051.85433927131,True,1,13
2022,allmetal2022 26-02-15 02-18-22.fits,2026-02-15 02:18:22,662.0659697243641,611.9684860551396,4.154089706096627,5.049482038892607,9.782133708773063,11.890621522208058,883.91768013666,631.9490496976182,16866.25545192228,21083.996397079027,True,1,7
2023,allmetal2023 26-02-15 02-19-22.fits,2026-02-15 02:19:22,661.5800269394937,611.6103586510733,4.520063316832417,5.366919070951963,10.643935703286054,12.638128608336562,803.5211248468897,591.2569772483815,16781.992195645496,20978.613179722834,True,1,13
2024,allmetal2024 26-02-15 02-20-22.fits,2026-02-15 02:20:22,662.5682134599725,610.4144823929471,4.59099011308902,4.945510102374218,10.810955544840928,11.64578632197387,819.0651894782386,636.0693113373512,16829.299433661985,21038.128839319437,True,1,10
2025,allmetal2025 26-02-15 02-21-22.fits,2026-02-15 02:21:22,661.9176496996473,611.0260644270426,4.216969751105227,4.435672446898688,9.93020489919176,10.44521039114851,868.6761412352665,645.8805280271747,16850.59591164101,21065.198949586516,True,1,11
2026,allmetal2026 26-02-15 02-22-21.fits,2026-02-15 02:22:21,661.9612500261883,610.5957507373615,4.593083546009213,6.507010846528048,10.815885202644328,15.322839574638053,797.2652687953421,545.843414107837,16859.49997102047,21074.64446783839,True,1,13
2027,allmetal2027 26-02-15 02-23-21.fits,2026-02-15 02:23:21,662.4863290138121,610.4923642433064,4.653031218264802,5.954822529832968,10.957051182924735,14.02253545785258,793.1213057915102,559.8279937464563,16843.23866672204,21054.92159431273,True,1,13
2028,allmetal2028 26-02-15 02-24-21.fits,2026-02-15 02:24:21,662.247200135343,611.4268939209095,4.160740082844078,4.247070859329177,9.797794149244968,10.001087592215164,848.6501771249959,691.0303243012346,16810.800830824526,21014.960361405752,True,1,10
2029,allmetal2029 26-02-15 02-25-21.fits,2026-02-15 02:25:21,661.663847728041,611.6594192477107,4.520455879772698,5.560912965287755,10.644860118366765,13.0949493193321,810.0277097875854,563.1615975818739,16833.337885135155,21042.969736969422,True,1,12
2030,allmetal2030 26-02-15 02-26-22.fits,2026-02-15 02:26:22,662.2933074625976,612.5911140417928,4.028484092545604,5.790518356843588,9.486355092214701,13.635628697814957,893.1449611748661,547.1230508671432,16848.28054738336,21061.40301325415,True,1,16
2031,allmetal2031 26-02-15 02-27-22.fits,2026-02-15 02:27:22,661.5745119703181,610.7781683764026,4.492347307903133,4.783543158386338,10.57866948989112,11.264383315638804,807.3929953564942,622.2054780481786,16803.464245529456,21005.92324704224,True,1,9
2032,allmetal2032 26-02-15 02-28-22.fits,2026-02-15 02:28:22,661.8205157913535,610.3855223071755,4.604657305670758,7.026448398967106,10.843139323891704,16.54602153526336,802.2837999233054,500.72193762818046,16840.705397380556,21051.31243903077,True,1,14
2033,allmetal2033 26-02-15 02-29-22.fits,2026-02-15 02:29:22,661.686557144815,611.572915773988,4.456136805414444,4.641766541936152,10.493400272790112,10.930524897305242,831.0219539754304,591.0344511752941,16821.272332594875,21028.939654100235,True,1,16
2034,allmetal2034 26-02-15 02-30-21.fits,2026-02-15 02:30:21,661.8699607022555,609.3322956248096,4.281052671153237,7.2103918561504985,10.081108643864932,16.979175275391107,854.6321141484985,502.5804079006761,16864.55151267697,21080.774879109445,True,1,15
2035,allmetal2035 26-02-15 02-31-21.fits,2026-02-15 02:31:21,661.6282286149259,608.5575226826534,4.4582423216137474,6.973377297344606,10.498358384541369,16.421048641350826,841.2650965088824,486.7165635409345,16838.755258664398,21049.316755517983,True,1,16
2036,allmetal2036 26-02-15 02-32-21.fits,2026-02-15 02:32:21,661.7571613822674,612.4224887677557,4.66224278123369,4.579484137181276,10.978742756049936,10.783861042135731,792.9208196490725,530.1707844547193,16799.126971285077,21002.014780582223,True,1,15
2037,allmetal2037 26-02-15 02-33-21.fits,2026-02-15 02:33:21,661.4149362591314,610.8549623643089,4.658607958003737,4.7545909848821974,10.970183401447898,11.196206157124042,792.5664854186172,621.5681271635117,16837.61787919157,21048.826324108464,True,1,13
2038,allmetal2038 26-02-15 02-34-21.fits,2026-02-15 02:34:21,661.0703598611229,609.6206768192355,4.4599989701053335,4.652175624784614,10.50249497562143,10.95503641424719,794.5856048529156,637.5691771488544,16816.504596031158,21022.04504929557,True,1,14
2039,allmetal2039 26-02-15 02-35-21.fits,2026-02-15 02:35:21,661.8954775506808,610.6898242382267,4.154909851641549,4.505113700126923,9.784065003942088,10.608732046202428,914.9400576942344,669.6274665923062,16834.018803906773,21044.444467217825,True,1,9
2040,allmetal2040 26-02-15 02-36-22.fits,2026-02-15 02:36:22,661.4454770980503,609.285812532805,4.286873296737827,8.035297383381005,10.094815169666145,18.92167934617033,859.648026486364,493.6108654491932,16854.51606878474,21067.456967724273,True,1,14
2041,allmetal2041 26-02-15 02-37-22.fits,2026-02-15 02:37:22,661.6564217071576,611.2544174019008,4.448731977023588,4.038213396537928,10.47596323446531,9.509265852280025,827.5657065588982,717.7534924879407,16837.875431380333,21049.261410041723,True,1,4
2042,allmetal2042 26-02-15 02-38-22.fits,2026-02-15 02:38:22,661.4468181200958,610.1777870605832,4.575407927922396,8.01982681314958,10.774262302865178,18.885248937281307,796.920581163325,468.8433957493327,16843.740812398348,21054.397431945294,True,1,12
2043,allmetal2043 26-02-15 02-39-22.fits,2026-02-15 02:39:22,661.9369198422394,610.9812246793325,4.549652819028838,5.3331454403794165,10.713613656180673,12.558597786070859,797.658361928034,561.8483200173873,16804.85021405936,21007.611417833905,True,1,14
2044,allmetal2044 26-02-15 02-40-22.fits,2026-02-15 02:40:22,662.1680414533298,610.2224392067018,4.514047011805595,8.081763944818896,10.629768387611874,19.031099736467933,817.7765928635209,490.29285036788525,16844.93502098578,21055.505525577028,True,1,16
2045,allmetal2045 26-02-15 02-41-21.fits,2026-02-15 02:41:21,662.0592774548177,610.7492026301671,4.443768151660652,7.542873279497439,10.464274319000635,17.762109195688904,858.755761871654,509.1644489227475,16850.93236483921,21063.605601920008,True,1,13
2046,allmetal2046 26-02-15 02-42-21.fits,2026-02-15 02:42:21,662.2444811490101,610.0512579005698,3.9335498000738385,7.385342616023385,9.262801917341358,17.391152831633175,919.0988597193045,515.708164781207,16838.238854542557,21047.32524537505,True,1,10
2047,allmetal2047 26-02-15 02-43-21.fits,2026-02-15 02:43:21,661.9416250219838,611.5980423459174,4.260528357510039,4.321724349357133,10.032777578687426,10.176883126964514,839.3768638514135,664.2844470806626,16795.835018519247,20996.520347110458,True,1,10
2048,allmetal2048 26-02-15 02-44-21.fits,2026-02-15 02:44:21,661.7888577130241,610.4072623650255,4.311388229377644,6.507660175749518,10.152543424448968,15.324368628104594,855.5838410353758,517.2042310871993,16848.829425521748,21061.82736049468,True,1,15
2049,allmetal2049 26-02-15 02-45-21.fits,2026-02-15 02:45:21,661.5637877591641,610.7515739994479,4.217765944038911,6.532847925589551,9.932079790271713,15.383681246317131,842.0968534405882,497.95741451176525,16808.22581197907,21011.01341549758,True,1,14
2050,allmetal2050 26-02-15 02-46-21.fits,2026-02-15 02:46:21,661.5749230041625,611.7156208914679,4.516507557326682,4.3019804010338945,10.635562529526641,10.130389681684896,799.4290102703003,638.3340102318259,16851.201171758934,21066.117721741335,True,1,16
2051,allmetal2051 26-02-15 02-47-22.fits,2026-02-15 02:47:22,662.1637271923461,610.4503107791709,4.225235777173662,7.530359901272557,9.949669903070461,17.732642441813898,845.1678584941504,501.4313086787554,16855.040426972453,21068.298902658076,True,1,14
2052,allmetal2052 26-02-15 02-48-22.fits,2026-02-15 02:48:22,661.0908706492152,611.947119185517,4.165364384723353,4.800955409575958,9.80868354800456,11.305386033769237,873.3404882884902,575.9918504388444,16865.561276851175,21084.08729760724,True,1,15
2053,allmetal2053 26-02-15 02-49-22.fits,2026-02-15 02:49:22,660.9944342789332,611.1122143240813,4.037453786470549,5.267812261477597,9.507477107266956,12.404749906787263,903.5995044837823,510.0640641714641,16850.570480743583,21065.566294891294,True,1,15
2054,allmetal2054 26-02-15 02-50-22.fits,2026-02-15 02:50:22,661.1007336568907,608.6051000383062,4.424220602723425,8.987958587770185,10.41824335893203,21.165025046389296,819.7933755231793,404.76763873762064,16850.649681826544,21063.284960082157,True,1,16
2055,allmetal2055 26-02-15 02-51-21.fits,2026-02-15 02:51:21,661.2477377934503,608.3337871811839,3.5676039599054716,8.040137551214016,8.401065317517196,18.933077070404817,1007.1021089851786,439.20157960976223,16867.131899465498,21084.065909345954,True,1,17
2056,allmetal2056 26-02-15 02-52-21.fits,2026-02-15 02:52:21,661.1397377637609,610.272105931857,4.132139861280932,6.546146663964172,9.730445774215745,15.41499738201531,899.9042452787254,487.0173932918641,16854.80783362595,21069.808252184404,True,1,16
2057,allmetal2057 26-02-15 02-53-21.fits,2026-02-15 02:53:21,661.5213686138909,608.919593596704,3.9733778486069786,7.720279856323646,9.356589804381661,18.17986975891958,909.6058022448916,473.5154497541724,16858.95041028442,21073.586513387007,True,1,16
2058,allmetal2058 26-02-15 02-54-21.fits,2026-02-15 02:54:21,661.8094137909891,609.8810099674397,4.087301909484145,5.598630360231486,9.62486046654654,13.183766996991949,898.0411261873418,538.1675357781597,16851.06738864109,21065.443873238033,True,1,15
2059,allmetal2059 26-02-15 02-55-21.fits,2026-02-15 02:55:21,661.1198521044228,609.4353916036264,4.36764338244749,8.00821366686123,10.285014186534125,18.857902067615626,795.7185064348416,455.52971279043015,16848.69330258192,21060.44421089633,True,1,16
2060,allmetal2060 26-02-15 02-56-22.fits,2026-02-15 02:56:22,661.9166595411249,609.9971811674897,4.444379488495704,7.242087036796494,10.46571390723408,17.053811722107174,837.4427112841946,494.5537164782267,16832.54417743134,21041.02368893477,True,1,15
2061,allmetal2061 26-02-15 02-57-22.fits,2026-02-15 02:57:22,662.1233006768649,609.5913765919225,4.308753862204335,8.289650371456526,10.146339963823289,19.520634861004083,848.4127163101458,443.8543395076666,16827.056848239576,21033.762811240475,True,1,15
2062,allmetal2062 26-02-15 02-58-22.fits,2026-02-15 02:58:22,662.1342100939263,610.4931618817459,4.176686577144531,5.7199589633607095,9.835345273671647,13.469474023676248,851.4184148308539,528.3032152094291,16821.189968342132,21027.79520351375,True,1,15
2063,allmetal2063 26-02-15 02-59-22.fits,2026-02-15 02:59:22,662.1978518417283,610.9425698916136,4.348157710320826,6.305732013927133,10.239128935219357,14.84886414498899,857.248771462086,557.8852624823558,16853.60832911281,21067.523432746395,True,1,12
2064,allmetal2064 26-02-15 03-00-21.fits,2026-02-15 03:00:21,662.3480241834343,609.2030892002894,4.058461757522065,8.244204003673286,9.556947098604494,19.41361684317426,893.0117075619132,455.1207132125418,16844.095580304413,21054.806503845455,True,1,16
2065,allmetal2065 26-02-15 03-01-21.fits,2026-02-15 03:01:21,661.387480676726,611.0385086850529,4.428613116829403,6.155879909492729,10.428586939196869,14.495989405676784,828.0298571558092,577.3869200893671,16849.75401112228,21062.468388249854,True,1,14
2066,allmetal2066 26-02-15 03-02-21.fits,2026-02-15 03:02:21,661.9509940834249,608.8525287516638,4.2923630396770225,6.681995186951927,10.10774252638143,15.734896207034724,858.492883541387,567.360865010475,16816.874349409012,21020.833120173742,True,1,9
2067,allmetal2067 26-02-15 03-03-21.fits,2026-02-15 03:03:21,661.7481177682993,611.8137175907383,3.9086327415328728,4.340028278712196,9.204126728425882,10.219985586712646,942.4991638208191,563.16525390175,16851.170995689103,21066.998453739707,True,1,14
2068,allmetal2068 26-02-15 03-04-21.fits,2026-02-15 03:04:21,661.7230073906576,608.8012331484714,4.331384482295377,6.84779801416284,10.199631001645155,16.125332028073785,833.4664388317381,527.2580641673663,16839.6272753932,21049.532887102465,True,1,14
2069,allmetal2069 26-02-15 03-05-21.fits,2026-02-15 03:05:21,661.9603102723498,611.4527771589532,4.232158480529727,4.4902917805526705,9.965971623699126,10.573829092883141,886.0994271295609,637.8332334995558,16831.681922032363,21041.771360236755,True,1,13
2070,allmetal2070 26-02-15 03-06-22.fits,2026-02-15 03:06:22,661.4019873613443,609.7033908014582,3.9738114376744913,6.182443303331655,9.357610828609147,14.558541417952739,910.0823687702444,543.1395601918758,16847.67014808418,21060.220623861424,True,1,15
2071,allmetal2071 26-02-15 03-07-22.fits,2026-02-15 03:07:22,662.1225858877289,611.0620383299492,4.40655065219918,4.27200714489208,10.376633805242832,10.059808057307306,851.5005427933891,638.9200015956118,16855.517717840616,21071.90061648158,True,1,15
2072,allmetal2072 26-02-15 03-08-22.fits,2026-02-15 03:08:22,662.2750638502961,611.4147443973109,4.34003972842607,4.929475389372718,10.220012548728386,11.60802745838162,856.4976417565714,580.9222746523832,16865.034591147694,21083.382728343207,True,1,13
2073,allmetal2073 26-02-15 03-09-22.fits,2026-02-15 03:09:22,662.1915677596122,611.0693818182087,4.3966846008908655,6.609243502996386,10.353401029856709,15.56357908334646,842.6520613004147,510.5185429392699,16866.775980225775,21084.279572101463,True,1,16
2074,allmetal2074 26-02-15 03-10-22.fits,2026-02-15 03:10:22,662.1619059278228,610.8763013831692,4.326229658220784,5.0468128669741645,10.187492318585695,11.884336102670877,853.9757657097053,624.2166879984587,16870.98380754297,21090.061871925467,True,1,15
2075,allmetal2075 26-02-15 03-11-22.fits,2026-02-15 03:11:22,662.5569005579711,610.1381909287003,4.288232065848587,7.161334821661607,10.09801482640473,16.863654787226892,872.1760289452712,499.34070134965174,16852.38591921704,21065.88421164835,True,1,16
2076,allmetal2076 26-02-15 03-12-21.fits,2026-02-15 03:12:21,662.6046335358683,611.9470193362614,4.471859327457455,6.423548749416728,10.530423982855435,15.126301355359997,836.0498634303232,513.2631931390266,16858.42302768218,21074.11007703598,True,1,17
2077,allmetal2077 26-02-15 03-13-21.fits,2026-02-15 03:13:21,662.1345942988311,611.4200488665306,4.522995688160877,4.929717475872292,10.650840910069785,11.608597528523449,806.6752786525908,587.7910040030714,16870.962768847545,21090.541684199827,True,1,14
2078,allmetal2078 26-02-15 03-14-21.fits,2026-02-15 03:14:21,661.9151084226919,609.4510656263438,4.441460071826279,9.201935581801168,10.458839206341123,21.66890236110892,810.0488964749117,403.9454598478641,16841.313010307244,21051.349279138372,True,1,14
2079,allmetal2079 26-02-15 03-15-21.fits,2026-02-15 03:15:21,662.3108521892057,609.1190342834841,4.1526541982498415,7.707977212927049,9.778753346120652,18.150899247642403,882.0800291565135,512.357979842432,16853.495537081704,21066.168666229118,True,1,14
2080,allmetal2080 26-02-15 03-16-21.fits,2026-02-15 03:16:21,661.7921697525694,610.8684072356916,3.944635036021141,6.167694694447314,9.288905653153964,14.523811098115571,954.9603297259041,514.0691783449487,16864.334067618416,21081.877372898278,True,1,16
2081,allmetal2081 26-02-15 03-17-21.fits,2026-02-15 03:17:21,661.9404646831359,611.7083478774058,4.494460373736434,6.029274251872441,10.583645379671847,14.197855865298205,833.4973857406578,530.5988287725144,16842.548333777166,21054.524395160282,True,1,17
2082,allmetal2082 26-02-15 03-18-22.fits,2026-02-15 03:18:22,662.0327212681025,612.8729467379937,4.162014477934626,4.612547636809533,9.800795120349479,10.861719633819224,885.478322332445,630.650046159209,16870.442295562425,21089.953574726573,True,1,16
2083,allmetal2083 26-02-15 03-19-22.fits,2026-02-15 03:19:22,662.243125598441,611.10799106385,4.447409658362322,6.10610456243681,10.472849411975844,14.378777420681134,809.1892244058143,601.5952640057818,16844.30715332864,21055.201311215977,True,1,15
2084,allmetal2084 26-02-15 03-20-22.fits,2026-02-15 03:20:22,661.6814723750797,610.3516930013094,4.443249432759864,7.726947990901583,10.463052829335323,18.19557201588667,835.321344381551,527.9553175869379,16836.99652043934,21045.344972470844,True,1,16
2085,allmetal2085 26-02-15 03-21-22.fits,2026-02-15 03:21:22,661.4782602691965,610.6336540603385,4.315068406835606,7.191452656176861,10.16120958009625,16.934576867656336,853.4010759221343,525.0881197496448,16859.07998548643,21073.620707774,True,1,14
2086,allmetal2086 26-02-15 03-22-22.fits,2026-02-15 03:22:22,661.9800359302143,611.7759609194261,4.021536351438184,5.876189259716133,9.469994412187264,13.837368257175125,916.7845308720994,554.2182622746227,16784.4494972954,20981.614926947965,True,1,15
2087,allmetal2087 26-02-15 03-23-21.fits,2026-02-15 03:23:21,661.5245840442269,611.3775989401057,4.261405595033198,6.980781715543084,10.034843315191214,16.43848471374639,864.2103570748203,472.15080587817374,16835.455244205597,21045.26581932492,True,1,16
2088,allmetal2088 26-02-15 03-24-21.fits,2026-02-15 03:24:21,662.0814280129166,610.1101110606949,4.034441110591439,8.130939918106598,9.500382797717647,19.146900304099724,913.5404482969838,463.1426882361974,16852.11524047714,21064.947828036235,True,1,15
2089,allmetal2089 26-02-15 03-25-21.fits,2026-02-15 03:25:21,661.7138565028785,612.1149445290602,4.512083777562921,4.153077207735673,10.625145324264134,9.779749457337127,798.4106842056689,688.010804377832,16827.37178272751,21036.03872617969,True,1,5
2090,allmetal2090 26-02-15 03-26-21.fits,2026-02-15 03:26:21,662.1261007009834,611.4967508491625,4.623642951228876,5.406066066637855,10.887847102619814,12.73031273848044,814.9247532398499,566.114136672192,16854.947048788166,21070.415613653302,True,1,14
2091,allmetal2091 26-02-15 03-27-21.fits,2026-02-15 03:27:21,661.3378878772527,611.6695430434095,4.1170114267396105,5.1491904597012175,9.694821033307903,12.125416910186555,871.9843483584691,613.8976351711107,16796.6338131871,20996.84214634124,True,1,1
2092,allmetal2092 26-02-15 03-28-21.fits,2026-02-15 03:28:21,661.8957869198098,609.3141659498016,4.419410739723596,8.325100780468889,10.40691699712618,19.604114194750938,832.666147600341,424.1075655348825,16840.61083934187,21051.128663710577,True,1,16
2093,allmetal2093 26-02-15 03-29-22.fits,2026-02-15 03:29:22,661.6134030836093,611.8121033855113,4.645355565891717,4.011895597025259,10.938976402857904,9.447292170446488,798.670325252727,600.2898598960144,16848.493858809918,21063.803990729448,True,1,16
2094,allmetal2094 26-02-15 03-30-22.fits,2026-02-15 03:30:22,661.685209791918,609.5089367097979,4.345407234017922,8.753750986643235,10.232652058487897,20.61350829255694,865.7580414185627,382.98949339686055,16844.85069202866,21057.065714162796,True,1,15
2095,allmetal2095 26-02-15 03-31-22.fits,2026-02-15 03:31:22,660.9781221676976,610.857243624276,4.498084359141132,7.1014081382980985,10.59217921314573,16.72253823201028,814.2205866314738,532.050112411644,16852.359876698854,21065.166204910154,True,1,15
2096,allmetal2096 26-02-15 03-32-22.fits,2026-02-15 03:32:22,661.9210114987666,611.9798331913628,4.267999093515374,4.883739388593912,10.050369817583924,11.500327406968136,859.417855297038,560.9566887795817,16852.706016369924,21068.155200852136,True,1,16
2097,allmetal2097 26-02-15 03-33-21.fits,2026-02-15 03:33:21,661.8163761815151,611.1094313870158,3.981733079160516,4.143288021578892,9.376264868769987,9.756697685550598,923.3403030002811,594.9348397688225,16822.074527042118,21030.558784543024,True,1,15
2098,allmetal2098 26-02-15 03-34-21.fits,2026-02-15 03:34:21,661.6863680197242,611.4172133572524,4.193388960002858,4.354405341600224,9.874676379626216,10.253840982590047,890.6666429446319,712.8938991978192,16786.467941257244,20984.628761483447,True,1,2
2099,allmetal2099 26-02-15 03-35-21.fits,2026-02-15 03:35:21,661.6088220286481,610.7843111460679,4.39305229127362,8.324933653353355,10.344847594360262,19.603720640469213,854.6601308772757,483.2707426233103,16829.71304459735,21036.483731386685,True,1,16
2100,allmetal2100 26-02-15 03-36-21.fits,2026-02-15 03:36:21,661.8765464204004,611.6832765245023,4.317175975303423,4.599372989498293,10.166172524570538,10.830695710244502,871.6506844974718,627.788825517716,16821.15811238797,21028.591087744855,True,1,14
2101,allmetal2101 26-02-15 03-37-21.fits,2026-02-15 03:37:21,661.7501575051904,611.3992720649869,4.49399553467472,7.75575769787788,10.582550767331607,18.263413691365923,811.3801385148504,492.424204703077,16865.439050205983,21081.375858163596,True,1,15
2102,allmetal2102 26-02-15 03-38-21.fits,2026-02-15 03:38:21,661.4556040800676,613.575596965074,4.2190038506613154,5.306836516016736,9.934994837600028,12.496645003618415,883.125927810769,601.9305128611746,16856.506659692925,21071.934531161864,True,1,15
2103,allmetal2103 26-02-15 03-39-21.fits,2026-02-15 03:39:21,662.155065249359,612.8772904803116,4.449739579098683,6.738128368858905,10.478335956029158,15.867079748980643,821.6326866680661,488.6447489363923,16850.702060911415,21064.26738124997,True,1,16
2104,allmetal2104 26-02-15 03-40-21.fits,2026-02-15 03:40:21,661.5454820117171,612.0421419563015,4.198235827566126,4.8590656141466475,9.88608988051981,11.442225108313146,908.0750412578406,571.4349084740373,16837.328865632262,21049.196285486232,True,1,16
2105,allmetal2105 26-02-15 03-41-22.fits,2026-02-15 03:41:22,661.0424057685048,610.6128387144156,4.216933068731999,5.733669296589765,9.930118518803985,13.501759391188083,897.466576264933,576.3594688732686,16834.57697164755,21044.39595637317,True,1,15
2106,allmetal2106 26-02-15 03-42-22.fits,2026-02-15 03:42:22,661.4529409458892,610.4404397775903,4.521221719372373,5.865756411305162,10.646663532807358,13.812800776610201,808.8464136528565,582.2287880920561,16857.51978565528,21072.49153552301,True,1,15
2107,allmetal2107 26-02-15 03-43-22.fits,2026-02-15 03:43:22,661.7087851990868,609.0163606516978,4.3976626361815345,8.26925438667763,10.355704126963925,19.472605987208592,845.2451268745725,468.81792419140606,16851.86922245195,21064.445670828198,True,1,17
2108,allmetal2108 26-02-15 03-44-22.fits,2026-02-15 03:44:22,661.6369932945198,610.2981491442623,3.853504782313643,7.946646402596815,9.07431030501479,18.712922239608062,957.4309327274693,433.35244106851945,16865.996002743454,21083.096609019743,True,1,16
2109,allmetal2109 26-02-15 03-45-22.fits,2026-02-15 03:45:22,661.1809743120804,611.462266572446,4.444715155339406,6.320292734603999,10.466504342246083,14.883152021908971,825.8985291224582,558.1886548926592,16870.38238991027,21088.327955780664,True,1,14
2110,allmetal2110 26-02-15 03-46-22.fits,2026-02-15 03:46:22,662.0872151591215,613.026125895027,4.271680708915843,4.383635909795409,10.059039359327043,10.322673710503711,874.6102932462211,604.9207003497446,16774.41413796562,20970.671917163676,True,1,13
2111,allmetal2111 26-02-15 03-47-21.fits,2026-02-15 03:47:21,662.8317594386118,612.1510983370713,4.134326299620375,5.509145950950052,9.73559444304469,12.973047316298274,920.2889892482914,585.1817119211537,16822.952221463125,21030.11230735979,True,1,13
2112,allmetal2112 26-02-15 03-48-21.fits,2026-02-15 03:48:21,661.7551097449527,610.5602973689913,4.295534298765545,7.902910040287375,10.115210270851067,18.60993097694506,867.351398412337,481.5072089068223,16814.03512545524,21017.349127863137,True,1,15
2113,allmetal2113 26-02-15 03-49-21.fits,2026-02-15 03:49:21,662.4222603415297,609.9505479641175,4.240131695939878,6.821241672802605,9.984747111170298,16.062796623116018,855.4198723793196,512.1480996773148,16860.58455183112,21076.05774343175,True,1,16
2114,allmetal2114 26-02-15 03-50-21.fits,2026-02-15 03:50:21,662.2299378104238,610.8376273040265,3.8289092137510905,6.482480977829337,9.01639216714476,15.265076148124352,947.02344962036,516.6919458195821,16874.00453000173,21093.182797518763,True,1,15
2115,allmetal2115 26-02-15 03-51-22.fits,2026-02-15 03:51:22,662.066739368308,611.8947573530872,3.923881832111956,6.39506478402578,9.24003559259,15.059226742695426,930.4925083229363,535.6315303447806,16867.43354889109,21084.844530899874,True,1,14
2116,allmetal2116 26-02-15 03-52-22.fits,2026-02-15 03:52:22,662.1763826864476,609.4376811318934,4.357044326289363,8.049284402094678,10.26005531663456,18.95461625820751,826.8278838985838,466.2737649135635,16852.815474293213,21065.65058351779,True,1,14
2117,allmetal2117 26-02-15 03-53-22.fits,2026-02-15 03:53:22,661.3776155396968,611.9370789596206,4.373029950584056,5.762717890009164,10.297698585156036,13.570163601252036,805.2283490688673,539.0796441203136,16865.25581306157,21082.584959984873,True,1,15
2118,allmetal2118 26-02-15 03-54-22.fits,2026-02-15 03:54:22,661.5356167412983,609.1141192193753,4.341980906461059,7.147844184837388,10.224583673676152,16.83188676521299,845.6448269076178,520.12549495924,16849.69236580971,21062.002849144712,True,1,14
2119,allmetal2119 26-02-15 03-55-22.fits,2026-02-15 03:55:22,662.4591123825658,610.0367919435049,4.041314947629589,6.626191508496734,9.516569446961357,15.603488586421973,917.2230915780605,507.04366378168123,16832.101923374226,21040.976864711287,True,1,13
2120,allmetal2120 26-02-15 03-56-21.fits,2026-02-15 03:56:21,662.2366091594636,612.1514561427086,4.483282628311495,4.498889186623308,10.557323800686948,10.59407443703355,822.7780000504107,616.0049276376432,16835.02553452189,21046.027623049682,True,1,14
2121,allmetal2121 26-02-15 03-57-21.fits,2026-02-15 03:57:21,662.3901147563521,610.0792497170119,4.396985879239195,8.269655075694546,10.35411048615049,19.473549537737448,849.0830430860839,509.50402377687436,16824.39354576674,21029.316910061574,True,1,14
2122,allmetal2122 26-02-15 03-58-21.fits,2026-02-15 03:58:21,662.1270697423303,611.254198520322,4.209196016744583,5.9712102735304935,9.911899153694572,14.061125645204344,891.9260541275745,507.61191226137606,16798.731551951878,21000.184829705864,True,1,14
2123,allmetal2123 26-02-15 03-59-21.fits,2026-02-15 03:59:21,661.5594683460934,611.7834858051177,4.251107481246491,4.284768519454046,10.010593110420267,10.08985879792797,842.0682107313933,593.4824508306135,16824.396848780663,21033.033991602795,True,1,12
2124,allmetal2124 26-02-15 04-00-21.fits,2026-02-15 04:00:21,662.1293880067863,611.8091729384467,4.315579083201488,4.870742478613303,10.16241213103915,11.469722022822335,859.0934487514968,614.8521043321749,16845.483368334757,21058.598812529333,True,1,13
2125,allmetal2125 26-02-15 04-01-21.fits,2026-02-15 04:01:21,661.9948477800602,612.2835613442676,4.135220033680811,3.647899513550646,9.737699025925131,8.59014689676771,902.2239568222022,685.0674510545527,16775.807839170546,20972.775187969837,True,1,13
2126,allmetal2126 26-02-15 04-02-22.fits,2026-02-15 04:02:22,660.765798443528,611.2082285781747,4.2942510061354735,3.906501109286245,10.112188347642135,9.199107118082889,856.5712594597728,738.9876546361646,16826.345147672797,21034.868871946383,True,1,4
2127,allmetal2127 26-02-15 04-03-22.fits,2026-02-15 04:03:22,661.7422291823458,611.9602891240337,4.168902775989227,4.774455283996277,9.817015822684601,11.242983006858367,887.5361949124052,613.9632307902135,16832.843238084883,21042.9357619611,True,1,14
2128,allmetal2128 26-02-15 04-04-22.fits,2026-02-15 04:04:22,661.5080636354556,609.6172456045108,4.419025614474565,8.60818214500104,10.406010096469913,20.270719866325962,804.5374749742324,437.1114220545375,16825.795512036937,21031.73654558255,True,1,16
2129,allmetal2129 26-02-15 04-05-22.fits,2026-02-15 04:05:22,661.6374303691409,611.6275047701224,4.4437160140275,5.9678219954194365,10.464151544256989,14.053146859990287,837.9471402150381,549.815220116852,16848.177594645622,21061.304934432083,True,1,15
2130,allmetal2130 26-02-15 04-06-22.fits,2026-02-15 04:06:22,661.6446780366335,611.8397211492761,4.26976335338568,4.813967417432581,10.054524332091164,11.336026970696112,854.2481246581247,616.265009711581,16848.13924253056,21061.840465614117,True,1,14
2131,allmetal2131 26-02-15 04-07-22.fits,2026-02-15 04:07:22,661.87529225738,611.020615121636,4.403255568379019,5.720190189185172,10.36887447581306,13.470018518882622,823.0197791216468,568.5405506188602,16828.583643194892,21036.63969097954,True,1,15
2132,allmetal2132 26-02-15 04-08-22.fits,2026-02-15 04:08:22,661.1977494863763,610.6450417973934,4.423774406734302,5.182944474484129,10.417192647672831,12.204901540797627,850.8966597395903,618.1306617166949,16870.55126003719,21089.56095947009,True,1,15
2133,allmetal2133 26-02-15 04-09-22.fits,2026-02-15 04:09:22,661.5525396368658,610.8323401211358,4.560081395591582,4.605452932855321,10.738171077311764,10.845012882734284,837.2619285341138,626.2244508385317,16860.13338828492,21077.452896102295,True,1,15
2134,allmetal2134 26-02-15 04-10-22.fits,2026-02-15 04:10:22,660.9066895231608,610.3427247965776,4.176983183862146,5.409320886541438,9.836043729115776,12.737977253632364,874.1811826066787,524.6749653040346,16804.725153908457,21007.89731438156,True,1,15
2135,allmetal2135 26-02-15 04-11-22.fits,2026-02-15 04:11:22,662.1516140438915,608.871301791044,4.520110775808617,7.186826189470755,10.644047460634527,16.923682371119128,838.2323648020872,516.6230432072516,16856.589553302896,21070.923037033397,True,1,14
2136,allmetal2136 26-02-15 04-12-23.fits,2026-02-15 04:12:23,662.2603036995952,609.0079692369626,4.270770300654904,10.039468049538447,10.056895511705022,23.641140604500904,875.7479150621332,462.7385994133929,16798.429620313862,20995.820394407358,True,1,13
2137,allmetal2137 26-02-15 04-13-23.fits,2026-02-15 04:13:23,661.9270527076136,611.1840539116688,4.43736926172274,4.851134465140204,10.449206084708893,11.423548679652646,829.3767903651127,632.0800165789675,16846.858577025178,21060.076086688627,True,1,14
2138,allmetal2138 26-02-15 04-14-23.fits,2026-02-15 04:14:23,661.6074040584153,609.822730066577,4.01268555093782,8.006283558060398,9.449152369754437,18.853357008722334,919.147181000276,500.7919850710915,16847.516352923485,21058.609099075715,True,1,15
2139,allmetal2139 26-02-15 04-15-23.fits,2026-02-15 04:15:23,661.3340424956614,611.0446279913525,4.030364942513403,6.70239200500859,9.49078415542057,15.782927043049401,914.5866277554078,487.9006543067727,16870.508806791855,21089.154366441155,True,1,16
2140,allmetal2140 26-02-15 04-16-22.fits,2026-02-15 04:16:22,660.7094291040978,609.7712531514835,4.792028359636593,7.595786718311984,11.284364437629028,17.886710822060913,757.0173367835812,449.92587368485124,16864.395182482993,21081.008296036514,True,1,16
2141,allmetal2141 26-02-15 04-17-22.fits,2026-02-15 04:17:22,661.4824400675573,611.6025583661684,4.2325722984157235,5.005503478491797,9.966946090352062,11.787059926624627,862.4379305396607,627.8592396534195,16860.784357319604,21077.22293939322,True,1,14
2142,allmetal2142 26-02-15 04-18-22.fits,2026-02-15 04:18:22,661.2723847120828,610.3667226108868,4.264896497521186,6.822657907834659,10.043063762345177,16.066131601757974,863.6133555922735,508.084409299621,16837.301978624197,21047.158015482746,True,1,17
2143,allmetal2143 26-02-15 04-19-22.fits,2026-02-15 04:19:22,660.9890858623643,609.4754713613996,4.469973508318847,7.71505918057248,10.525983218146537,18.167576007012126,818.934449285983,491.05375584819626,16819.03843609509,21023.484977266588,True,1,14
2144,allmetal2144 26-02-15 04-20-22.fits,2026-02-15 04:20:22,661.6949874399538,610.7516101416769,4.376473396434084,7.340247544373407,10.305807280467661,17.2849620529797,822.0537272887943,489.31367293521214,16829.428838130192,21036.8007661944,True,1,15
2145,allmetal2145 26-02-15 04-21-22.fits,2026-02-15 04:21:22,661.7583778399935,610.3265360960448,3.993248484375276,7.5389867700831985,9.403381575796358,17.752957165415047,915.3223166036175,495.74152083741853,16796.045311946422,20994.855230094523,True,1,14
2146,allmetal2146 26-02-15 04-22-22.fits,2026-02-15 04:22:22,661.9775320310994,610.8100685184305,4.11841454911855,7.006166448695089,9.69812513401146,16.498261192210496,888.0065913061754,506.66412686091485,16866.943602376305,21083.942420017574,True,1,16
2147,allmetal2147 26-02-15 04-23-23.fits,2026-02-15 04:23:23,662.0134729440052,611.2509782248427,4.155480571584331,5.783075394497705,9.785408946703448,13.61810186088846,851.2812466727869,527.7061899064527,16859.15222332449,21075.129258122495,True,1,16
2148,allmetal2148 26-02-15 04-24-23.fits,2026-02-15 04:24:23,661.7711390289543,612.6896462933308,4.050067987717045,5.245386118851317,9.53718128121426,12.351940376598176,879.8330737378674,603.7547355829281,16817.35618866171,21022.665714787043,True,1,15
2149,allmetal2149 26-02-15 04-25-23.fits,2026-02-15 04:25:23,661.465237661876,612.923409358218,4.253126842054002,4.791846690327924,10.015348341727943,11.283936639099409,876.1190774989142,591.8353252819337,16843.55053711172,21056.617423760028,True,1,14
2150,allmetal2150 26-02-15 04-26-22.fits,2026-02-15 04:26:22,661.5226688746116,609.9554360886835,4.227725679848923,8.196630644730863,9.955533175800342,19.30159014392719,874.1483319389433,514.3388188823842,16849.45262170046,21060.5424246175,True,1,10
2151,allmetal2151 26-02-15 04-27-22.fits,2026-02-15 04:27:22,661.7661744776224,610.9520647449671,3.887365004333734,5.313762178067223,9.154045034556901,12.512953691440012,933.8318033904883,584.5969426564645,16847.25904353124,21060.35584668852,True,1,15
2152,allmetal2152 26-02-15 04-28-22.fits,2026-02-15 04:28:22,661.7829056644399,608.715894250536,3.979572055402642,8.571384143902282,9.371176046707157,20.184067195721536,914.9123629734765,447.6146094035879,16870.42770901326,21087.55554443005,True,1,16
2153,allmetal2153 26-02-15 04-29-22.fits,2026-02-15 04:29:22,661.1271111320459,611.316451798575,4.2092142386975935,5.105939056299359,9.91194206311478,12.02356763848014,857.7161032650323,573.4004331963321,16848.696322474738,21062.541235239532,True,1,15
2154,allmetal2154 26-02-15 04-30-22.fits,2026-02-15 04:30:22,661.5583256551059,611.2536917538971,4.519541087799915,4.965923727762089,10.642705947892221,11.693856736228982,821.8627507732969,603.1581396512047,16848.22599490281,21062.043020902387,True,1,14
2155,allmetal2155 26-02-15 04-31-23.fits,2026-02-15 04:31:23,661.4036084305066,611.3947329551489,4.211478533736813,7.2953854841867045,9.917274070460998,17.17931997439067,849.1134695030404,501.7473040493567,16858.212686910654,21072.559216368496,True,1,16
2156,allmetal2156 26-02-15 04-32-23.fits,2026-02-15 04:32:23,661.4559996155808,610.9437794101055,4.138364074417164,5.135279450321138,9.74510267607349,12.092658986451731,866.5724473104303,541.216198690998,16835.780272673564,21046.70052437692,True,1,15
2157,allmetal2157 26-02-15 04-33-23.fits,2026-02-15 04:33:23,661.4955514086291,609.9357271348621,4.083129972037644,8.43471285235207,9.615036304620903,19.862230898798828,866.9074292580635,509.97721275320146,16799.662733319357,20997.713583972632,True,1,12
2158,allmetal2158 26-02-15 04-34-22.fits,2026-02-15 04:34:22,661.6059838469965,610.4365771686305,4.128402726041422,7.640215260085044,9.721645493242756,17.99133204279961,878.4711115226213,454.7279671367134,16865.769730482643,21082.585374023027,True,1,14
2159,allmetal2159 26-02-15 04-35-22.fits,2026-02-15 04:35:22,661.4807861562861,611.0789955727823,4.239234658213774,5.438386437040999,9.98263474875172,12.80642139456859,890.3435972226051,530.9734009405366,16808.131284229516,21012.33473000246,True,1,16
2160,allmetal2160 26-02-15 04-36-22.fits,2026-02-15 04:36:22,660.8743844547363,609.7832354508985,4.556000529226871,8.254698490405872,10.72856137139505,19.438329470894466,806.2706450967231,474.7992890640289,16837.605647015967,21046.40498941194,True,1,14
2161,allmetal2161 26-02-15 04-37-22.fits,2026-02-15 04:37:22,662.0635575941135,609.9756773955357,4.170845543015077,7.9839358338445425,9.821590689419898,18.800732139778017,892.9504812680806,487.78442587579656,16869.279232485547,21086.18270280015,True,1,15
2162,allmetal2162 26-02-15 04-38-22.fits,2026-02-15 04:38:22,660.0558616029889,610.473049512656,4.3510470087096005,6.436475798716136,10.245932712981318,15.156742230173347,840.3332885045405,511.4271364855135,16801.7890162,21003.1286231504,True,1,15
2163,allmetal2163 26-02-15 04-39-22.fits,2026-02-15 04:39:22,662.0881920821964,609.4766933012236,4.580943252413393,7.345879945887684,10.78729699593233,17.298225344967182,792.0957722612886,524.9458761346965,16820.770769172002,21025.40621740226,True,1,16
2164,allmetal2164 26-02-15 04-40-22.fits,2026-02-15 04:40:22,661.5416752876739,610.1576097492825,4.496376259733512,6.401271514103559,10.58815694642176,15.073842475096676,830.9604789792119,552.337168525805,16853.965982241745,21067.948646676316,True,1,16
2165,allmetal2165 26-02-15 04-41-22.fits,2026-02-15 04:41:22,661.9084263050183,609.5325203327595,4.027667372653531,6.680843379137552,9.484431863841674,15.73218390690541,922.5188694110539,472.237054238584,16823.55654227393,21030.818099269392,True,1,14
2166,allmetal2166 26-02-15 04-42-23.fits,2026-02-15 04:42:23,661.8427868790005,609.1518446536726,4.359337198252209,6.872545490192132,10.26545461749336,16.183607880691483,856.0288587141779,545.8883578840271,16790.489038295345,20988.062525972582,True,1,13
2167,allmetal2167 26-02-15 04-43-23.fits,2026-02-15 04:43:23,660.8319931779888,612.2196019795896,4.225630115540535,5.731307845639355,9.950598498961298,13.496198599154699,866.4553319335932,563.8699621387467,16842.690962795397,21054.415330496573,True,1,14
2168,allmetal2168 26-02-15 04-44-22.fits,2026-02-15 04:44:22,661.2953285461524,610.737360000202,4.080297818623845,5.1260421546945345,9.608367092991488,12.070906817548329,887.4966516210033,608.6823738472913,16835.349117753485,21045.41307628993,True,1,14
2169,allmetal2169 26-02-15 04-45-22.fits,2026-02-15 04:45:22,661.1947942217845,609.4941238311498,4.215014950100381,7.300676459858925,9.925601694601504,17.191779269961387,882.116463235259,546.2928772046978,16852.021890602715,21064.366011245867,True,1,15
2170,allmetal2170 26-02-15 04-46-22.fits,2026-02-15 04:46:22,660.9300616816245,611.6396408250537,4.351875038560529,5.687692262405297,10.247882574272168,13.393491749479423,844.6038276731111,557.3225968119614,16839.854383793343,21051.055947825018,True,1,15
2171,allmetal2171 26-02-15 04-47-22.fits,2026-02-15 04:47:22,661.6413484748717,613.2928322233214,4.0823971918471935,4.759023602009309,9.613310739139829,11.206644172786913,904.3482411991362,574.9529978775901,16853.3013728156,21068.96613905005,True,1,16
2172,allmetal2172 26-02-15 04-48-22.fits,2026-02-15 04:48:22,661.1967504289503,610.8165295438278,4.25125350606606,6.67973426993842,10.01093697259246,15.729572154331166,876.096974914375,529.2008463327361,16874.087528969085,21093.073502912655,True,1,9
2173,allmetal2173 26-02-15 04-49-22.fits,2026-02-15 04:49:22,661.5595031491433,611.9991304592494,4.325286977662495,5.947976694808908,10.185272475510976,14.006414748312949,866.8375922833034,533.8784225157319,16840.03894147389,21051.45333087753,True,1,15
2174,allmetal2174 26-02-15 04-50-23.fits,2026-02-15 04:50:23,661.797703114677,611.3469642065538,4.316431587749037,6.574009726139078,10.1644196258362,15.480609879340722,856.92124653059,530.5556137862087,16879.064357982737,21099.346862257975,True,1,15
2175,allmetal2175 26-02-15 04-51-23.fits,2026-02-15 04:51:23,661.1380969953501,610.8387313292224,4.202464663295573,4.868246307787632,9.896048027662655,11.463843989726223,885.7824930966187,631.3669945686177,16870.790744047164,21090.076662001484,True,1,15
2176,allmetal2176 26-02-15 04-52-23.fits,2026-02-15 04:52:23,661.5243318929356,609.3282847356896,4.333817954272627,6.692625471496292,10.205361390236204,15.759928614164178,869.5711644337736,547.8848039762773,16861.260635246326,21076.824927697886,True,1,16
2177,allmetal2177 26-02-15 04-53-23.fits,2026-02-15 04:53:23,661.5063012565296,610.8775204191794,4.206389002124398,6.522407409535346,9.905289139400265,15.359095709832221,860.5575311791807,528.7035179222033,16809.012818256128,21011.685638221075,True,1,15
2178,allmetal2178 26-02-15 04-54-22.fits,2026-02-15 04:54:22,661.0820574075566,612.1149096536905,4.887951214223602,4.16007033117936,11.510245498387105,9.796217004599695,758.3877084027366,690.3762074489616,16866.661737445844,21085.371024932207,True,1,9
2179,allmetal2179 26-02-15 04-55-22.fits,2026-02-15 04:55:22,661.5255579326645,609.5187900945268,4.364046502668821,8.634371852350085,10.276544181931751,20.33239191416499,857.0694934881157,484.4600136882531,16831.696469119135,21038.53686923768,True,1,15
2180,allmetal2180 26-02-15 04-56-22.fits,2026-02-15 04:56:22,661.4107923643585,611.2670047424303,4.18276595648308,5.07233292617789,9.849661117999409,11.944431249634187,851.2683390776494,590.358638519345,16818.802936264783,21024.88956321621,True,1,17
2181,allmetal2181 26-02-15 04-57-22.fits,2026-02-15 04:57:22,661.6607182622051,611.6301617613938,4.271634546869588,6.01568447050451,10.058930656015203,14.165854375725413,881.736633448179,522.9610598540872,16863.52335408375,21080.923072083253,True,1,15
2182,allmetal2182 26-02-15 04-58-22.fits,2026-02-15 04:58:22,661.3713990625497,611.5195968622386,4.015468102390364,5.396861492525766,9.455704777691217,12.70863762285532,912.9339885663182,579.6081136016743,16819.753170635675,21026.00791455527,True,1,16
2183,allmetal2183 26-02-15 04-59-22.fits,2026-02-15 04:59:22,661.8097197334229,612.2905222585832,4.227764799478994,4.606041251583771,9.955625295489387,10.846398267468906,866.6594446349179,609.915676428046,16839.115338323154,21050.986462171113,True,1,16
2184,allmetal2184 26-02-15 05-00-22.fits,2026-02-15 05:00:22,661.3288667824162,610.9466584199035,4.089265541371572,7.397154794261763,9.629484466276114,17.418968385724387,895.0431750506378,509.8324726052701,16865.640286734055,21081.778055085815,True,1,16
2185,allmetal2185 26-02-15 05-01-22.fits,2026-02-15 05:01:22,660.7983959515781,609.8317151019395,4.127481164636301,7.542144900614744,9.71947538197325,17.760393994495555,901.040344975868,457.8320045315016,16856.745141901894,21071.582542986696,True,1,16
2186,allmetal2186 26-02-15 05-02-22.fits,2026-02-15 05:02:22,661.41435186961,611.5739811861987,4.3860914341063655,6.1358342855322325,10.328456028372212,14.448785568559455,847.8544118397763,592.4136885516133,16807.651901216683,21009.77004488814,True,1,15
2187,allmetal2187 26-02-15 05-03-22.fits,2026-02-15 05:03:22,661.6172779445874,612.729417019436,4.285258902490426,6.1405258157383225,10.091013561731781,14.459833277930624,838.2721852162135,549.1807078035887,16827.938794109028,21035.461915923766,True,1,14
2188,allmetal2188 26-02-15 05-04-23.fits,2026-02-15 05:04:23,661.7219693916716,611.0638496297856,4.391651680159274,5.862514729190138,10.341549407232906,13.805167198586124,855.5468541510393,603.4099281808575,16860.9960440426,21076.783011197676,True,1,9
2189,allmetal2189 26-02-15 05-05-23.fits,2026-02-15 05:05:23,661.2450235121469,611.3521114557784,4.1054016766807395,6.851252656865534,9.667482161151474,16.133467089958508,886.8729527636949,531.8087961433565,16855.955814363013,21069.938435952627,True,1,15
2190,allmetal2190 26-02-15 05-06-23.fits,2026-02-15 05:06:23,661.6428809993522,611.4460199546173,4.067438209157546,6.528848927397944,9.578085026848976,15.374264325215492,909.1197096587142,541.4017181451538,16860.330483918126,21075.81225170494,True,1,16
2191,allmetal2191 26-02-15 05-07-23.fits,2026-02-15 05:07:23,661.546122795554,610.617905115662,4.214531209311894,7.584656665661418,9.924462572096175,17.860501550977112,882.8677142320947,461.67385556973665,16848.166525925793,21060.744820268526,True,1,15
2192,allmetal2192 26-02-15 05-08-22.fits,2026-02-15 05:08:22,661.4490619489198,611.9753508152525,4.4323524193569925,5.801430053809285,10.43739232374327,13.661323780555083,834.6622404965204,550.8587847814193,16857.28491059957,21072.83925365999,True,1,15
2193,allmetal2193 26-02-15 05-09-22.fits,2026-02-15 05:09:22,661.2946008784986,611.4635311764312,4.475118862363062,6.237380516542082,10.538099600988636,14.68790866883879,793.3758719205457,525.2560686867774,16854.50651430463,21068.8044231971,True,1,14
2194,allmetal2194 26-02-15 05-10-22.fits,2026-02-15 05:10:22,661.6744987172855,613.4090201696492,4.059847678557922,4.750547318642249,9.560210693240561,11.186684050806795,894.0386037111126,603.3057424198518,16807.222492354325,21010.897384668544,True,1,11
2195,allmetal2195 26-02-15 05-11-22.fits,2026-02-15 05:11:22,661.6869514723431,612.4483640940591,4.365785337352486,5.414764487351609,10.28063882469984,12.7507959539373,850.4458546330133,580.9710421667971,16845.650960945357,21058.45175310544,True,1,12
2196,allmetal2196 26-02-15 05-12-22.fits,2026-02-15 05:12:22,661.8128732099416,614.6591936784966,4.123459373628124,4.444507282377452,9.71000478789027,10.466014838828453,881.6156405616842,630.2751115132235,16828.755186326714,21037.985621678523,True,1,13
2197,allmetal2197 26-02-15 05-13-22.fits,2026-02-15 05:13:22,661.4557685846039,613.02525792209,4.400385318374609,6.7432634184681906,10.362115553568426,15.879171866732818,817.4579546571754,479.8878063082676,16855.00104083674,21069.635279356462,True,1,15
2198,allmetal2198 26-02-15 05-14-22.fits,2026-02-15 05:14:22,661.5371728377941,611.9736932576243,4.237668074663564,8.273084657998329,9.97894572640547,19.48162558689248,840.8792695090275,471.99262715137684,16812.96481479216,21015.37014672553,True,1,16
2199,allmetal2199 26-02-15 05-15-22.fits,2026-02-15 05:15:22,662.1301769679346,611.7352557946971,4.218416840512815,7.43640225517206,9.933612534335703,17.511389093392523,867.4042348839974,492.48798588168745,16866.42348834446,21083.021365297824,True,1,15
2200,allmetal2200 26-02-15 05-16-23.fits,2026-02-15 05:16:23,662.0181433456596,614.1484177688242,4.5016044271512765,4.827416308115385,10.60046833985589,11.36769668805941,829.8928548777441,623.2177856775971,16874.584073734048,21095.010477888798,True,1,14
2201,allmetal2201 26-02-15 05-17-23.fits,2026-02-15 05:17:23,662.5900790990893,612.086973249632,4.14470583640556,7.511720264445387,9.760036384324579,17.68874945138118,865.3415937254534,480.17229474325774,16833.915438465043,21042.344523847652,True,1,17
2202,allmetal2202 26-02-15 05-18-23.fits,2026-02-15 05:18:23,662.1293063617112,613.4624107308101,4.5107549145973795,5.91121982161936,10.622016091115777,13.919858926533541,847.4860461856595,572.5102678669755,16835.291138122095,21045.187483607322,True,1,15
2203,allmetal2203 26-02-15 05-19-23.fits,2026-02-15 05:19:23,662.1484830420904,613.480679776888,4.477485179726451,6.541098675538287,10.54367185254885,15.403110277682952,824.7975071270128,556.9029611010667,16869.000761805524,21086.373986053597,True,1,14
2204,allmetal2204 26-02-15 05-20-23.fits,2026-02-15 05:20:23,661.9960009885808,613.5630457404076,4.139949795203961,6.7145265276811665,9.748836763168061,15.811501660275669,876.413285534073,508.0623008585427,16877.548580525203,21097.466693157054,True,1,14
2205,allmetal2205 26-02-15 05-21-23.fits,2026-02-15 05:21:23,661.7916281582704,612.7310153712986,4.178997048731152,5.5468209737903065,9.840786018477296,13.061765215279504,848.9440343661303,567.1069577558636,16865.246990702777,21082.54301550559,True,1,13
2206,allmetal2206 26-02-15 05-22-23.fits,2026-02-15 05:22:23,661.881270317854,612.1147850863391,4.589058848823557,6.179955665216276,10.806407765036365,14.552683477853863,812.4548106288075,525.0143304145917,16812.713499823716,21017.076250866754,True,1,16
2207,allmetal2207 26-02-15 05-23-23.fits,2026-02-15 05:23:23,662.2760916501746,612.3589017527489,4.4241462177635285,6.451021337203112,10.418068195737415,15.190994355768249,840.124345764545,545.9857803721814,16866.99084486962,21084.215077428973,True,1,15
2208,allmetal2208 26-02-15 05-24-23.fits,2026-02-15 05:24:23,662.1440146726088,613.3971469836705,4.250048549787868,5.748765712710796,10.00809951739519,13.537308734478014,883.6203921094091,568.3378968928574,16876.991042237776,21097.433828376023,True,1,16
2209,allmetal2209 26-02-15 05-25-23.fits,2026-02-15 05:25:23,661.4762670994533,612.7767687614321,4.412074409916716,5.309185584586237,10.38964126063998,12.50217663737303,829.2528520334797,620.1988114377916,16865.096824798507,21082.266892806598,True,1,14
2210,allmetal2210 26-02-15 05-26-24.fits,2026-02-15 05:26:24,662.0238007270012,611.4258525185204,4.029263125546506,7.857560683290462,9.488189574740966,18.503141402059462,911.7463340039161,483.4701167481952,16859.833191580445,21074.48494180418,True,1,16
2211,allmetal2211 26-02-15 05-27-24.fits,2026-02-15 05:27:24,661.680349465848,611.3324229729111,4.204572599723112,7.527902346873032,9.901011838615874,17.72685534345214,871.2313709265327,492.92250060052345,16864.174867745634,21080.102269051848,True,1,15
2212,allmetal2212 26-02-15 05-28-24.fits,2026-02-15 05:28:24,661.3577384989046,612.596181727209,4.203994333469592,6.866078033471844,9.899650125650721,16.16837818396618,870.4197199296111,501.4859441163193,16870.447380179023,21088.587962055197,True,1,16
2213,allmetal2213 26-02-15 05-29-24.fits,2026-02-15 05:29:24,661.8115491903867,612.7192389772639,4.362948677050622,7.588501433707414,10.273959000160067,17.869555287840317,844.2014978673795,476.3600195731977,16865.371536847997,21081.88173139513,True,1,16
2214,allmetal2214 26-02-15 05-30-23.fits,2026-02-15 05:30:23,661.7841823132596,612.7492377009091,4.226278454512798,6.136775507281324,9.952125220569158,14.451001976401034,877.5402899861537,548.3821973312158,16866.94108864755,21084.51703882181,True,1,16
2215,allmetal2215 26-02-15 05-31-23.fits,2026-02-15 05:31:23,661.4808609059647,611.1666165195899,4.447461081935625,6.7549718952388975,10.472970505237043,15.906743222529258,825.8189065399655,429.3776152752512,16860.713017239374,21077.78192451255,True,1,15
2216,allmetal2216 26-02-15 05-32-23.fits,2026-02-15 05:32:23,661.7495609659316,611.2565608170743,4.434803180065865,7.198997241608552,10.443163424186098,16.952343008662332,825.2946910975278,488.05010752281356,16854.613821548664,21068.62600906482,True,1,15
2217,allmetal2217 26-02-15 05-33-23.fits,2026-02-15 05:33:23,662.2381129364952,611.3589591854242,4.340774087831904,5.64290681962648,10.221741832977502,13.28803009109828,830.3527636076786,579.7410657598429,16871.902480325796,21090.693119174113,True,1,15
2218,allmetal2218 26-02-15 05-34-23.fits,2026-02-15 05:34:23,661.390950012503,611.2934506766699,3.8155053750125703,6.989973981627696,8.98482853900293,16.460130846181695,972.8248169802073,543.3060117747647,16874.089727537732,21092.401943946406,True,1,14
2219,allmetal2219 26-02-15 05-35-23.fits,2026-02-15 05:35:23,661.2553398223104,611.5989221449704,4.570701781132659,6.508801713340983,10.763180174069847,15.327056743707134,804.6904437561767,536.4755030174001,16868.979391477602,21086.68000350468,True,1,16
2220,allmetal2220 26-02-15 05-36-24.fits,2026-02-15 05:36:24,661.7652066863881,611.1326134115512,4.121548834896584,7.20631540836405,9.705505812988429,16.969575974431056,884.1611669100778,501.37289674051567,16862.574658005375,21078.29435899452,True,1,16
2221,allmetal2221 26-02-15 05-37-24.fits,2026-02-15 05:37:24,661.4234691885158,611.8344313217373,4.173092272015317,6.034285947670409,9.826881331905417,14.209657507022857,896.7437696934404,553.0067975326527,16873.079460521047,21092.341189998027,True,1,16
2222,allmetal2222 26-02-15 05-38-24.fits,2026-02-15 05:38:24,660.8145611563076,611.1156231465073,4.2188193834013585,8.114889795883396,9.93456045039863,19.10910515456333,874.4931634966059,475.22541137391397,16821.08298774014,21025.94475977412,True,1,17
2223,allmetal2223 26-02-15 05-39-23.fits,2026-02-15 05:39:23,661.2727854656292,611.5273515651488,4.422921834510765,6.801838510121456,10.415184993511009,16.017105666697454,864.3017707160171,525.8887811440985,16881.47407335991,21102.444105630748,True,1,15
2224,allmetal2224 26-02-15 05-40-23.fits,2026-02-15 05:40:23,661.6119249574438,612.2984558478914,4.651736529186348,4.277435917241493,10.954002423130706,10.072591839255614,795.1504150167042,649.3156137668151,16870.194849650146,21089.999097416014,True,1,17
2225,allmetal2225 26-02-15 05-41-23.fits,2026-02-15 05:41:23,661.5908388384147,610.9678010429421,4.250517927950128,4.927355093964913,10.009204818500377,11.603034544253934,867.0336435180326,590.1426625504184,16864.563451108836,21082.607538924924,True,1,12
2226,allmetal2226 26-02-15 05-42-23.fits,2026-02-15 05:42:23,660.6892554384689,612.5117810922782,3.962585386507761,6.729981232403481,9.331175498295188,15.847894708745809,919.2966316345345,522.6795664531713,16868.09130942707,21085.420532235046,True,1,16
2227,allmetal2227 26-02-15 05-43-23.fits,2026-02-15 05:43:23,661.1552704347657,610.659876836271,4.299656434872689,7.184181279992203,10.124917159584516,16.917454085261742,864.9501885408213,468.05521245637163,16856.824123366834,21071.902566426303,True,1,15
2228,allmetal2228 26-02-15 05-44-23.fits,2026-02-15 05:44:23,661.2505637085474,610.0301601124073,4.471210787632291,6.246322671814199,10.528896788275137,14.708965835319352,811.9462614796898,543.7130552812916,16876.96326532414,21096.77731544792,True,1,14
2229,allmetal2229 26-02-15 05-45-24.fits,2026-02-15 05:45:24,660.7920404489352,610.8011349804239,4.242302748808803,5.642033419338251,9.989859549984866,13.28597339059222,879.170713119976,570.2872387582115,16874.513287212474,21094.395238108875,True,1,16
2230,allmetal2230 26-02-15 05-46-24.fits,2026-02-15 05:46:24,661.398861855339,608.9325944324938,4.340230765482473,7.395200924244388,10.220462406618148,17.414367373442087,814.5113835186368,471.34401310700014,16857.64816369045,21072.181334678462,True,1,15
2231,allmetal2231 26-02-15 05-47-24.fits,2026-02-15 05:47:24,660.8567788842826,609.832624232954,4.238277521532557,7.437658103475299,9.980380864108955,17.51434639015051,845.7293960461965,484.4588171842245,16854.2876184693,21067.81349523423,True,1,14
2232,allmetal2232 26-02-15 05-48-24.fits,2026-02-15 05:48:24,660.4585635524887,609.5697441434723,4.185179674702085,7.595881406850788,9.855344990044578,17.886933796530123,875.744586389481,486.4016237594813,16848.99987130555,21061.177625195094,True,1,16
2233,allmetal2233 26-02-15 05-49-24.fits,2026-02-15 05:49:24,660.5680104485593,609.2841573197593,4.091828835383608,7.274544001719058,9.635520562396964,17.130242033707695,877.6466819107847,513.1137788186011,16848.152536458994,21059.844323152905,True,1,16
2234,allmetal2234 26-02-15 05-50-23.fits,2026-02-15 05:50:23,660.2446494151378,611.3148933040665,4.280579023905195,7.6591157263461165,10.079993289830968,18.035839239611615,828.4179055087639,463.70545971478623,16830.409550504417,21037.998559287298,True,1,16
2235,allmetal2235 26-02-15 05-51-23.fits,2026-02-15 05:51:23,660.413873326384,610.2146425868883,4.255045727648022,6.782950355091508,10.019866971988863,15.972627460619279,875.8338670951317,521.6645652461667,16861.976183934592,21077.93113691661,True,1,14
2236,allmetal2236 26-02-15 05-52-23.fits,2026-02-15 05:52:23,660.4374652597086,609.7480391580077,4.112050887661506,6.448258361675162,9.683139856452623,15.1844880456111,881.8579859036731,511.0337178137655,16872.081524975114,21090.91207455996,True,1,17
2237,allmetal2237 26-02-15 05-53-23.fits,2026-02-15 05:53:23,660.4558085698234,610.22277777921,4.2664443862343395,6.020170968703836,10.046708761714388,14.17641927161718,866.3304048847767,544.861342371238,16860.5954098965,21076.762560623294,True,1,15
2238,allmetal2238 26-02-15 05-54-23.fits,2026-02-15 05:54:23,660.6247137907619,608.9863307130375,4.4433352774889405,8.866514659953076,10.463254978224112,20.879046450818276,797.8141531512041,385.3670868624655,16838.97899501659,21049.037299486754,True,1,15
2239,allmetal2239 26-02-15 05-55-23.fits,2026-02-15 05:55:23,659.6695249613358,609.0403604662818,4.1253822512646305,7.435125460460819,9.714532818692856,17.508382471613103,893.3649179225564,467.90669513137186,16864.857728312127,21081.577713010447,True,1,15
2240,allmetal2240 26-02-15 05-56-23.fits,2026-02-15 05:56:23,660.1253487190078,609.2531184414239,4.214197366610492,7.785768822722006,9.923676432611026,18.334084489722795,858.2295294287968,480.13869728995684,16869.76340284257,21086.90683552417,True,1,16
2241,allmetal2241 26-02-15 05-57-23.fits,2026-02-15 05:57:23,660.0416467297235,609.2483772261902,4.307371733096641,6.81703616006702,10.14308529849567,16.05289339742663,856.2668200715054,522.5906878486961,16834.50851911086,21043.443444885408,True,1,15
2242,allmetal2242 26-02-15 05-58-23.fits,2026-02-15 05:58:23,660.2957777567191,609.0125900022906,4.318718395953118,8.489791534460544,10.16980464763431,19.99193128348175,865.7676555335267,442.3512995453882,16854.265390692388,21067.791437334083,True,1,15
2243,allmetal2243 26-02-15 05-59-23.fits,2026-02-15 05:59:23,659.7851245636263,608.498584871137,3.9586169765692816,7.920682201892746,9.321830607025156,18.651781219336915,921.5055968722335,459.8711625142908,16880.54929808374,21100.699827365934,True,1,16
2244,allmetal2244 26-02-15 06-00-24.fits,2026-02-15 06:00:24,659.3695035113686,612.023415858546,4.162676286359204,4.137381128226605,9.802353560093646,9.742788014680773,864.4154214256423,580.3204258814386,16830.783941919555,21041.41071140614,True,1,14
2245,allmetal2245 26-02-15 06-01-24.fits,2026-02-15 06:01:24,660.5525671342164,610.0799594524776,4.306967127974895,6.504549495630655,10.14213252624466,15.317043536207017,857.1868320435527,539.0677333531855,16846.97487535857,21059.172633536775,True,1,15
2246,allmetal2246 26-02-15 06-02-24.fits,2026-02-15 06:02:24,659.8663022606869,610.3743444408254,4.333687019328142,6.309620978228352,10.205053062004335,14.858021956079911,834.0390088546636,538.0962721924019,16869.7428767659,21087.71536810679,True,1,14
2247,allmetal2247 26-02-15 06-03-24.fits,2026-02-15 06:03:24,659.8487966504174,609.9390304685352,4.045021108652345,6.446335473806467,9.525296789227855,15.179959990713552,899.9767433550808,550.0873510041024,16864.042818702655,21080.28454763675,True,1,11
2248,allmetal2248 26-02-15 06-04-24.fits,2026-02-15 06:04:24,659.6204074252382,607.7791175980082,4.143400886732249,8.701324701399667,9.75696346267611,20.490053825178876,867.6909228941506,437.29248991303393,16858.97358729161,21073.203339222375,True,1,16
2249,allmetal2249 26-02-15 06-05-24.fits,2026-02-15 06:05:24,660.4729890620614,608.5971694657685,4.237864299447026,7.326092556093036,9.9794078004589,17.251629602839905,880.2606178855931,494.59022808321276,16881.776727422995,21102.482859899177,True,1,16
2250,allmetal2250 26-02-15 06-06-24.fits,2026-02-15 06:06:24,660.0996005626483,609.2129031765286,3.9762135167094956,8.229429893708454,9.363267292470525,19.378826472881585,917.9890408499222,433.92799458341216,16871.593363215317,21089.685430146943,True,1,16
2251,allmetal2251 26-02-15 06-07-24.fits,2026-02-15 06:07:24,659.6610314630996,608.3556398519552,4.196776882376646,7.650210331639766,9.88265432714302,18.01486863764819,868.7725120759058,484.4862247446233,16881.65681408259,21101.923221660738,True,1,15
2252,allmetal2252 26-02-15 06-08-24.fits,2026-02-15 06:08:24,659.763856517534,608.6219617645212,4.168417569583459,7.188617860840705,9.815873248914322,16.927901434775197,892.0574081402325,466.2782353394998,16869.4993621407,21087.771525939876,True,1,16
2253,allmetal2253 26-02-15 06-09-24.fits,2026-02-15 06:09:24,659.9338172775011,610.0408648469154,4.206043866018292,7.134375494878808,9.904476405979343,16.800170424118214,885.2404871451178,518.3125698533185,16872.961656049018,21091.264549261832,True,1,13
2254,allmetal2254 26-02-15 06-10-24.fits,2026-02-15 06:10:24,659.9966180605448,611.1041596384631,4.138350112947146,4.93884676709028,9.745069799324032,11.630095366480491,896.188574883249,607.4388527615572,16876.314501729106,21097.127926076835,True,1,14
2255,allmetal2255 26-02-15 06-11-24.fits,2026-02-15 06:11:24,660.1098902359771,610.7758368033094,3.979893681413423,5.3817677014003324,9.371933418084348,12.673094460957639,914.8511062523464,528.7302440430851,16879.36979768815,21101.159551574307,True,1,17
2256,allmetal2256 26-02-15 06-12-24.fits,2026-02-15 06:12:24,660.0028312980695,609.6316337004115,4.139174504123378,6.778277336419598,9.747011092190771,15.96162334257986,892.5099335410996,493.88827169050717,16881.530373092573,21102.761260967724,True,1,15
2257,allmetal2257 26-02-15 06-13-25.fits,2026-02-15 06:13:25,659.5482084127513,608.404159676771,4.318639996929144,7.3274036269126475,10.169620032041145,17.254716938686382,844.9665107572906,468.9533961455785,16873.454724451272,21092.339547645905,True,1,15
2258,allmetal2258 26-02-15 06-14-25.fits,2026-02-15 06:14:25,660.1438232706168,608.0729984511348,3.9617951733087318,7.496691125301546,9.329314688414266,17.653358533265706,913.1757071035616,453.35293569871664,16868.83397058988,21086.578960387305,True,1,16
2259,allmetal2259 26-02-15 06-15-25.fits,2026-02-15 06:15:25,660.1651794398119,609.6910143649377,3.9353747305095075,6.394122358407878,9.267099300112058,15.05700749995944,959.9269190496719,550.6311804465043,16872.03654702987,21090.674468024932,True,1,17
2260,allmetal2260 26-02-15 06-16-24.fits,2026-02-15 06:16:24,659.8666827020114,608.3648468852653,4.083881027283726,8.777170973145786,9.616804904569303,20.6686581462275,892.7723472243912,422.3577446377176,16859.189760421603,21073.837561458084,True,1,16
2261,allmetal2261 26-02-15 06-17-24.fits,2026-02-15 06:17:24,659.5070024845121,609.3331816260956,3.8684055703035214,7.181539477290465,9.109398979260114,16.91123311530467,935.360831948779,486.4276486376464,16885.81806946654,21107.578708029363,True,1,15
2262,allmetal2262 26-02-15 06-18-24.fits,2026-02-15 06:18:24,659.6863892812163,608.1598681323977,4.1838264772113405,6.75455610165923,9.852158453468487,15.905764103473262,885.0106560678134,503.9447331982553,16885.32939823659,21107.393193756292,True,1,17
2263,allmetal2263 26-02-15 06-19-25.fits,2026-02-15 06:19:25,659.147758876624,608.4651591440545,4.165909525470493,6.5065980596921955,9.809967256363286,15.321867535922664,871.7114990499291,534.17798605367,16886.667383996133,21108.7155845493,True,1,15
2264,allmetal2264 26-02-15 06-20-25.fits,2026-02-15 06:20:25,660.0651088190259,608.8087011241979,4.093124811685116,7.495695215701314,9.638572353369641,17.65101334537604,871.9547120214564,493.1951989811487,16873.71233975599,21091.827533251442,True,1,15
2265,allmetal2265 26-02-15 06-21-25.fits,2026-02-15 06:21:25,660.3462631573021,607.8533903569348,4.096973063071176,7.829558287952357,9.647634292871853,18.437200800208412,898.655710545922,434.1436010430923,16849.104824711143,21062.07283972269,True,1,13
2266,allmetal2266 26-02-15 06-22-25.fits,2026-02-15 06:22:25,660.2385146410148,608.4707749517391,4.062797841590058,7.444934062645801,9.567157796284743,17.531479964652036,880.5860574038189,461.1573562330271,16884.52357700431,21106.00783978538,True,1,15
2267,allmetal2267 26-02-15 06-23-24.fits,2026-02-15 06:23:24,660.6119071563963,610.0028724987354,4.185578003816343,7.734312879796012,9.856282983427352,18.212915003884696,866.0933972037403,450.39929032850677,16874.80017042937,21093.84676523476,True,1,15
2268,allmetal2268 26-02-15 06-24-24.fits,2026-02-15 06:24:24,660.3285496436488,608.698804019697,4.018516807234046,8.12354373760723,9.462883928968502,19.129483630003143,902.2956977943269,427.37002475523957,16882.70643791809,21103.760342268106,True,1,16
2269,allmetal2269 26-02-15 06-25-24.fits,2026-02-15 06:25:24,659.7364341485035,609.2230964284751,3.9063639574647078,7.484208500775348,9.19878415022432,17.623964198816818,941.8307734549454,472.8474105344975,16868.21154626728,21085.607736068825,True,1,14
2270,allmetal2270 26-02-15 06-26-24.fits,2026-02-15 06:26:24,659.9490711434528,607.714726376355,3.849858264605716,7.7672093534748985,9.065723412021605,18.290380279514572,946.1448947207847,427.2956351876266,16862.793396086312,21079.283949990288,True,1,15
2271,allmetal2271 26-02-15 06-27-24.fits,2026-02-15 06:27:24,659.6985650394903,609.4328227900843,4.475673393912887,5.247743025444461,10.539405422997765,12.357490467487976,842.2559963854236,516.335753378843,16832.639731839132,21043.394576761984,True,1,16
2272,allmetal2272 26-02-15 06-28-24.fits,2026-02-15 06:28:24,658.8047476005852,609.5892303299205,4.199221343811142,5.25501286378573,9.888410593928276,12.37460962853813,871.2094396507838,560.2578658012875,16862.184178064475,21079.478593270407,True,1,14
2273,allmetal2273 26-02-15 06-29-24.fits,2026-02-15 06:29:24,659.3972722140902,609.1934766188087,4.471792530628684,7.386205008680142,10.530266688344101,17.393183611147997,813.6919591804091,436.35063971042615,16874.23611552749,21093.812694339973,True,1,17
2274,allmetal2274 26-02-15 06-30-24.fits,2026-02-15 06:30:24,659.6870603713944,607.3240624823277,3.9306440811308487,7.938670124383682,9.25595947212918,18.694139539787034,926.985005145441,435.45888608924463,16882.402912959304,21103.460620259306,True,1,15
2275,allmetal2275 26-02-15 06-31-24.fits,2026-02-15 06:31:24,659.6304332686067,608.5580679981377,4.272554078683991,7.3980669415061735,10.061095987963803,17.421116328339544,851.8307929834231,449.30522410496263,16880.73761219644,21101.694328457274,True,1,16
2276,allmetal2276 26-02-15 06-32-25.fits,2026-02-15 06:32:25,659.5677663744284,608.1839245370405,4.119166452475384,8.775020998664512,9.69989573110806,20.663595343222692,855.042265216515,461.16593044622545,16841.291797868234,21050.330395760866,True,1,15
2277,allmetal2277 26-02-15 06-33-25.fits,2026-02-15 06:33:25,659.2309926331055,608.1853151598344,4.3411806453238535,7.850961841078253,10.222699202709002,18.487602316144155,829.1341465423153,464.06490507020266,16880.64186662065,21100.694786295695,True,1,17
2278,allmetal2278 26-02-15 06-34-25.fits,2026-02-15 06:34:25,660.2481101563525,609.1876090418402,4.300716627178267,6.986574522739557,10.127413721677279,16.452125732249645,865.7416041903705,512.6916177340394,16879.275818437276,21099.440783482412,True,1,14
2279,allmetal2279 26-02-15 06-35-25.fits,2026-02-15 06:35:25,659.9289466568949,608.7268058549512,4.26090002702651,7.318993601699769,10.03365279351494,17.23491284273588,858.8127855228682,470.20386681912265,16853.140981632747,21066.95961088849,True,1,16
2280,allmetal2280 26-02-15 06-36-24.fits,2026-02-15 06:36:24,659.6765650758316,607.2383736708985,4.009122638978366,8.373711359004362,9.440762353253634,19.718583359486825,908.8426907802348,438.6590754660463,16878.997417413255,21098.6744548378,True,1,15
2281,allmetal2281 26-02-15 06-37-24.fits,2026-02-15 06:37:24,659.5470845323183,609.0043785936655,4.197139861657892,6.996442590750506,9.883509078030428,16.475363256607558,862.7799039320604,472.82134909214204,16837.600763921488,21047.76748497296,True,1,14
2282,allmetal2282 26-02-15 06-38-24.fits,2026-02-15 06:38:24,659.3954733460666,609.5747429501506,3.952387076705885,7.58452827543234,9.307160313948295,17.86019921509209,914.6370933816751,491.4101545298199,16871.812921263703,21089.49170909788,True,1,16
2283,allmetal2283 26-02-15 06-39-24.fits,2026-02-15 06:39:24,658.6648238008626,609.6133352636651,4.212830263372907,8.072773135132753,9.920457150503534,19.00992799759795,867.724580661465,449.2730529543814,16876.08424132185,21095.175548293915,True,1,17
2284,allmetal2284 26-02-15 06-40-24.fits,2026-02-15 06:40:24,659.2556221972787,609.158892171067,3.8321562134222087,7.854297064685001,9.024038267056518,18.49545616754799,964.1662083831101,444.2397408480211,16865.391734981255,21082.243061942063,True,1,16
2285,allmetal2285 26-02-15 06-41-24.fits,2026-02-15 06:41:24,659.338512872822,608.3038232143783,4.101557835126953,8.674880768520728,9.658430606010695,20.427783121966097,872.8752403224312,430.61001540986683,16834.359296165054,21042.568861095282,True,1,14
2286,allmetal2286 26-02-15 06-42-25.fits,2026-02-15 06:42:25,658.3969513349908,610.5231057081292,4.3952277278731335,5.366683233036914,10.34997035607149,12.637573252486828,792.6515443888419,482.5531385301117,16882.1337482274,21104.856015672292,True,1,15
2287,allmetal2287 26-02-15 06-43-25.fits,2026-02-15 06:43:25,659.5825496275677,609.1608755837607,4.056622061663336,7.057863872615849,9.552614945919599,16.619999322335563,925.1367687723771,476.6654925835777,16885.07874920431,21107.299902808318,True,1,16
2288,allmetal2288 26-02-15 06-44-24.fits,2026-02-15 06:44:24,658.2778400765202,611.3714360222533,3.919382337403007,6.051192320291699,9.229440092256857,14.249468972160233,916.1109276275271,492.0694150373193,16825.010725089905,21032.763912976447,True,1,15
2289,allmetal2289 26-02-15 06-45-24.fits,2026-02-15 06:45:24,658.5582628099332,609.2311262933139,4.042403547398708,7.1228233664755045,9.519132903518695,16.772967240591345,887.0282685489232,486.3598342168771,16883.42337286487,21104.576562472444,True,1,15
2290,allmetal2290 26-02-15 06-46-24.fits,2026-02-15 06:46:24,659.3857870663384,607.7661877302587,4.150231391072814,8.531087885380217,9.773048071214943,20.089176758414027,862.5638706506164,439.1758661148666,16880.8638067994,21100.671432032337,True,1,15
2291,allmetal2291 26-02-15 06-47-24.fits,2026-02-15 06:47:24,659.3509013077746,607.9884953733489,4.091822589389333,7.923537241982342,9.635505854204446,18.658504324969265,865.2297538934149,466.9903151473712,16878.010638153693,21097.122007860246,True,1,15
2292,allmetal2292 26-02-15 06-48-24.fits,2026-02-15 06:48:24,659.2692414475591,608.2612149986005,4.288821444005351,7.363666154188118,10.099402705902381,17.34010866479814,855.5325962180908,431.63885713552344,16875.489541402305,21095.563302007038,True,1,17
2293,allmetal2293 26-02-15 06-49-24.fits,2026-02-15 06:49:24,658.654523875356,609.7642774156632,4.088056676169022,5.729948780374535,9.626637806265409,13.492998245026596,910.0974231885226,521.4482116495594,16868.431261473055,21087.332535815596,True,1,15
2294,allmetal2294 26-02-15 06-50-24.fits,2026-02-15 06:50:24,659.4983605368545,610.9230764441545,4.123673300129745,5.078946843278359,9.71050854630445,11.960005834198544,880.9243476734099,572.5621510028201,16876.811180702283,21097.787786156638,True,1,16
2295,allmetal2295 26-02-15 06-51-24.fits,2026-02-15 06:51:24,659.1521294784595,609.6609587156088,3.9664873926402304,6.45929842366252,9.34036402055176,15.210485404877314,908.5313349257453,520.6693300183368,16870.599936411803,21088.83868316763,True,1,16
2296,allmetal2296 26-02-15 06-52-25.fits,2026-02-15 06:52:25,658.9574911043228,609.5353477477304,4.008436356295341,5.836464726686754,9.43914628103509,13.743824130518048,894.0514587751653,494.66962705701826,16878.451464833,21099.769588631985,True,1,14
2297,allmetal2297 26-02-15 06-53-25.fits,2026-02-15 06:53:25,659.1544897042372,608.4690803252577,4.151635364242182,7.901447910735191,9.776354175376856,18.606487924967144,870.6708566609219,425.9613679301703,16882.368961657943,21103.570715074526,True,1,16
2298,allmetal2298 26-02-15 06-54-25.fits,2026-02-15 06:54:25,658.9113540142496,609.4361433138102,3.7725642440437586,6.61096021544427,8.883709903041273,15.56762163223029,952.1476162558776,460.1198698903677,16829.14460613609,21037.777590301077,True,1,16
2299,allmetal2299 26-02-15 06-55-25.fits,2026-02-15 06:55:25,658.6752617441095,608.9316262049842,4.026259525394508,5.826913819316277,9.481116636895784,13.721333462393817,888.8951722373449,510.9587522564378,16871.046071312678,21090.280257798302,True,1,14
2300,allmetal2300 26-02-15 06-56-24.fits,2026-02-15 06:56:24,659.2803787134892,610.5847051976245,4.11440413178053,7.8135360653072095,9.688681322874952,18.39947134915767,891.7476168613729,476.36748981021395,16857.969652808268,21072.332072606943,True,1,17
2301,allmetal2301 26-02-15 06-57-24.fits,2026-02-15 06:57:24,658.6839010136642,609.3733224482095,4.106983587765169,7.839086514447981,9.671207277082544,18.459638058953903,872.0033828666951,441.9770240785346,16856.42109623367,21070.81181120272,True,1,16
2302,allmetal2302 26-02-15 06-58-24.fits,2026-02-15 06:58:24,659.3946103623275,609.6690990051868,3.996022028492732,6.967457867469729,9.40991277307992,16.40710944922631,920.9417799548901,451.0964610114015,16866.179178252,21084.038748408733,True,1,15
2303,allmetal2303 26-02-15 06-59-24.fits,2026-02-15 06:59:24,659.1959818799651,611.1187610372202,3.98553464779398,4.763555708802704,9.38521687879063,11.21731646871022,916.8376475776736,560.017215904742,16837.494186851614,21049.28235825433,True,1,15
2304,allmetal2304 26-02-15 07-00-24.fits,2026-02-15 07:00:24,658.5454937641155,608.8779920154739,3.654543874543549,8.815171152074829,8.60579317122022,20.75814172928437,965.7483273058629,406.5292783664108,16847.066548657735,21058.700374759315,True,1,17
2305,allmetal2305 26-02-15 07-01-24.fits,2026-02-15 07:01:24,659.4589067939993,610.0569168198523,4.27634329966957,7.2495169162302675,10.070018921495695,17.071307751129986,837.2225341004608,461.40474701414666,16879.485657556615,21099.933032080993,True,1,17
2306,allmetal2306 26-02-15 07-02-24.fits,2026-02-15 07:02:24,659.7910371130426,608.9349060146938,4.23437469648237,8.617502631797835,9.971190413448527,20.292667935464504,843.3302837879925,415.30407049967164,16859.142882451015,21073.909246424228,True,1,17
2307,allmetal2307 26-02-15 07-03-24.fits,2026-02-15 07:03:24,659.6340699836895,610.9685591341446,3.798442386493596,6.768991659146772,8.944648271610316,15.93975724360612,934.5784146760037,478.5576675176783,16873.043448709417,21092.06459618873,True,1,15
2308,allmetal2308 26-02-15 07-04-25.fits,2026-02-15 07:04:25,659.5655614377869,611.7607770545919,4.3046405859010255,5.046885713441411,10.136653938333504,11.884507642992158,844.489855994379,568.0116558445382,16874.795969886207,21095.37624412538,True,1,17
2309,allmetal2309 26-02-15 07-05-25.fits,2026-02-15 07:05:25,659.6252596310858,611.5406009865206,3.9339943304461547,4.916289303325495,9.263848706372713,11.576976598642117,934.6116165150754,608.2748515479232,16852.797451128463,21067.676797413988,True,1,12
2310,allmetal2310 26-02-15 07-06-25.fits,2026-02-15 07:06:25,659.6996699349869,609.6721145783008,4.071561925139335,7.4902547520820715,9.587795635902907,17.638202032591185,879.8450480972272,471.9744244295477,16874.466715808674,21093.19877533796,True,1,16
2311,allmetal2311 26-02-15 07-07-25.fits,2026-02-15 07:07:25,659.2315298190177,609.3079134458208,4.260994553518123,7.24208479406439,10.033875386392177,17.053806440876663,861.9071875959389,483.34748160355423,16868.84312697824,21086.475282680232,True,1,16
2312,allmetal2312 26-02-15 07-08-24.fits,2026-02-15 07:08:24,659.5462421847396,610.2735197884714,4.219273334310186,6.919104205683259,9.935629423098195,16.29324527720088,872.5431002090493,467.87799171932204,16876.80691674029,21097.095996902273,True,1,15
2313,allmetal2313 26-02-15 07-09-24.fits,2026-02-15 07:09:24,658.4751108307859,610.4818392274494,4.2203046730176315,7.184794508879478,9.938058040159705,16.91889812893769,868.5986685090506,468.9206272680128,16875.870566284357,21095.56437774159,True,1,18
2314,allmetal2314 26-02-15 07-10-24.fits,2026-02-15 07:10:24,658.9191360756967,611.9447499802634,4.4696891039539866,5.442838605456861,10.52531349704727,12.816905449998114,805.4709696314821,545.3530747269318,16840.674706884056,21052.39028665307,True,1,15
2315,allmetal2315 26-02-15 07-11-24.fits,2026-02-15 07:11:24,659.5092655958936,611.3887486357506,3.8990444430716265,6.507154148656413,9.1815480110116,15.323177025362424,921.8556816680916,477.21530479823934,16885.792410106023,21108.43763009922,True,1,16
2316,allmetal2316 26-02-15 07-12-24.fits,2026-02-15 07:12:24,659.5199208946871,611.269391814163,4.031996286413728,7.499344700428871,9.494625676737394,17.659607225166525,870.4165167363197,469.6891208256866,16876.106209025227,21095.101319564747,True,1,15
2317,allmetal2317 26-02-15 07-13-24.fits,2026-02-15 07:13:24,659.4287354169487,612.3911977440077,4.385917961569264,4.693923783468035,10.328047531764584,11.053345815158043,820.394711727119,631.4654464137783,16871.755226941237,21091.246315186698,True,1,16
2318,allmetal2318 26-02-15 07-14-24.fits,2026-02-15 07:14:24,658.0179876659714,610.3615709946907,3.865017351836383,7.845476141732177,9.101420334496751,18.474684481363003,931.2597762535394,433.24993453890943,16835.42719111752,21044.77425787627,True,1,14
2319,allmetal2319 26-02-15 07-15-25.fits,2026-02-15 07:15:25,657.9630916671543,610.812519464909,4.043158795094471,6.8476409787021195,9.520911375931641,16.124962237823098,886.8182247525461,504.0080053368874,16863.18388026809,21079.308554067647,True,1,14
2320,allmetal2320 26-02-15 07-16-25.fits,2026-02-15 07:16:25,658.6708490879729,609.3151871640781,4.452116784629435,8.214140027717006,10.483933847264133,19.342821589959083,809.9268664082016,432.81643485757746,16859.08232553655,21073.976951212728,True,1,16
2321,allmetal2321 26-02-15 07-17-25.fits,2026-02-15 07:17:25,659.0077658698845,610.2098170060555,4.4281457176218995,7.835930110704619,10.427486298174006,18.452205296148822,856.3431576019085,408.74081748491227,16859.050652168924,21075.255477754123,True,1,16
2322,allmetal2322 26-02-15 07-18-25.fits,2026-02-15 07:18:25,658.4299496902536,611.6239383960055,4.299208071573623,6.277455018177662,10.123861344700419,14.78227690858488,845.3643770205465,504.08261270581113,16874.492122525255,21094.26575775349,True,1,15
2323,allmetal2323 26-02-15 07-19-24.fits,2026-02-15 07:19:24,658.55587234388,610.3594334358934,4.149484452730683,7.886513950607644,9.771289165834492,18.571321136307102,886.626598554816,461.38859736686436,16860.137504743314,21075.2705198428,True,1,15
2324,allmetal2324 26-02-15 07-20-24.fits,2026-02-15 07:20:24,658.7383974810544,610.5856244796055,3.90533289964802,7.503345717387545,9.196356194609999,17.66902890010132,907.2779881023498,440.3395988692413,16859.615982889332,21075.10551699289,True,1,14
2325,allmetal2325 26-02-15 07-21-24.fits,2026-02-15 07:21:24,658.0506278632075,611.5976711783156,4.228167860355002,6.168821559721482,9.956574431319579,14.52646466305123,859.5047747884444,499.8772610691432,16874.184051423832,21094.07756504835,True,1,16
2326,allmetal2326 26-02-15 07-22-24.fits,2026-02-15 07:22:24,657.7069234537727,611.1212720804359,4.065264570506793,6.075166399754745,9.57296649898353,14.30592361504098,895.6945278853327,545.7454982478365,16882.504513136028,21103.92801481433,True,1,16
2327,allmetal2327 26-02-15 07-23-24.fits,2026-02-15 07:23:24,658.3112964509767,610.3126055055584,4.1407400761502835,8.014580473799754,9.750697732581667,18.872894752217302,868.6812305275502,471.3895664406442,16876.952890814817,21095.748031647363,True,1,16
2328,allmetal2328 26-02-15 07-24-24.fits,2026-02-15 07:24:24,658.8179918161667,609.6799298708072,4.259324528852663,8.633151491399136,10.029942778834256,20.329518183735523,855.4864733937968,428.3542493196736,16872.704970022376,21090.748408696825,True,1,16
2329,allmetal2329 26-02-15 07-25-24.fits,2026-02-15 07:25:24,658.6676574507592,610.5588875875925,4.052100666545331,8.01178639781322,9.541967874064216,18.866315206076873,892.8630617596865,475.43503923180265,16843.409446540678,21053.793986683828,True,1,15
2330,allmetal2330 26-02-15 07-26-24.fits,2026-02-15 07:26:24,658.6025659803933,611.6421390046385,4.0911421129139836,6.453452924496114,9.63390345456012,15.19672030626705,890.7154198909902,507.7190980641001,16877.030263958386,21097.187430572587,True,1,15
2331,allmetal2331 26-02-15 07-27-24.fits,2026-02-15 07:27:24,658.7177523092541,611.0339932732084,3.8988059885822204,7.219323919317509,9.18098649360012,17.000208676780268,930.7627280569492,438.6938532744565,16855.934209875923,21071.048169102018,True,1,15
2332,allmetal2332 26-02-15 07-28-24.fits,2026-02-15 07:28:24,659.114701304732,610.2947438200479,4.200894454403968,8.383608654938696,9.892350468289816,19.741889710344598,863.591646848264,421.26925666534805,16873.606492315746,21092.24335843531,True,1,16
2333,allmetal2333 26-02-15 07-29-25.fits,2026-02-15 07:29:25,659.4968535174008,611.2149582136843,4.259418556867617,7.501916832351452,10.030164197888663,17.665664132976282,839.7529540572226,467.1965283687681,16859.455580699345,21074.495698236213,True,1,15
2334,allmetal2334 26-02-15 07-30-25.fits,2026-02-15 07:30:25,659.5187462650298,610.7514356480946,4.181949950752501,5.8413586359729575,9.84773957134818,13.755348406203764,892.2768540237503,513.447640130505,16872.81298750204,21092.808633510467,True,1,16
2335,allmetal2335 26-02-15 07-31-25.fits,2026-02-15 07:31:25,659.2035357883092,611.2498466403263,4.142909525345924,7.292356507757857,9.755806395034236,17.172187279980093,875.0348633800362,438.5352582945027,16842.682809031616,21054.399330475684,True,1,15
2336,allmetal2336 26-02-15 07-32-24.fits,2026-02-15 07:32:24,658.7421282735561,611.4326784839664,4.098048670913627,7.15381190066492,9.65016715577985,16.84593966206671,894.6109238029169,474.1698937065573,16871.804142126115,21090.425986792878,True,1,16
2337,allmetal2337 26-02-15 07-33-24.fits,2026-02-15 07:33:24,659.552659253239,610.7549289964192,4.25758578407867,7.6530270214572,10.025848347787264,18.021501435290915,857.657476622015,432.52585953917287,16869.082750640373,21087.189188753575,True,1,17
2338,allmetal2338 26-02-15 07-34-24.fits,2026-02-15 07:34:24,659.5975600474927,609.9296207487428,4.101322323677024,8.647874233380564,9.657876018927569,20.364187591671207,885.3581358333587,460.69330695068476,16826.72115944744,21032.537644903918,True,1,13
2339,allmetal2339 26-02-15 07-35-24.fits,2026-02-15 07:35:24,659.2392554505968,612.6884263602715,3.9026589995765364,5.34086564816361,9.19005964112326,12.576777486112881,932.0894871768551,539.6294287791327,16867.457672044362,21086.171558580572,True,1,16
2340,allmetal2340 26-02-15 07-36-24.fits,2026-02-15 07:36:24,658.348461244536,611.2500452923834,4.0305549037500015,7.301711636709593,9.491231479948292,17.19421692515949,910.5552871298532,444.26040868799566,16874.371536134026,21094.007661414904,True,1,18
2341,allmetal2341 26-02-15 07-37-24.fits,2026-02-15 07:37:24,658.7046670099222,610.1660877848065,4.142169041267298,7.181969027730855,9.754062688282863,16.912244629292058,862.0756111241564,516.8164201264779,16845.072792238923,21055.996092386555,True,1,14
2342,allmetal2342 26-02-15 07-38-25.fits,2026-02-15 07:38:25,657.8137134517171,610.1707534416072,4.025397413906734,7.20575302685722,9.479086519483321,16.968251667185818,890.1599560205893,477.42080302308386,16875.725883031177,21095.00757475839,True,1,17
2343,allmetal2343 26-02-15 07-39-24.fits,2026-02-15 07:39:24,658.5481081951061,610.187843591809,4.147922366706628,6.22098794498676,9.767610734352983,14.649307112750716,881.1034259590189,554.7604294284831,16846.137424845434,21058.170146364664,True,1,15
2344,allmetal2344 26-02-15 07-40-24.fits,2026-02-15 07:40:24,659.186125037702,611.5261945791972,4.2007419422009065,6.209566957940283,9.891991329496935,14.622412743519632,890.7695582419555,527.2819200310455,16848.55895709613,21061.843571042213,True,1,15
2345,allmetal2345 26-02-15 07-41-24.fits,2026-02-15 07:41:24,658.5879691607121,610.466885969428,4.07157421248444,8.261908723797134,9.587824570389461,19.45530827301356,892.8656218227544,446.05313798823346,16860.92537669931,21076.034616564637,True,1,15
2346,allmetal2346 26-02-15 07-42-24.fits,2026-02-15 07:42:24,658.8703611017913,612.446554086409,4.125449047303592,7.213613749461464,9.714690111344332,16.98676225434272,911.7926854378563,479.64495413108,16864.264204467247,21081.06848898697,True,1,15
2347,allmetal2347 26-02-15 07-43-24.fits,2026-02-15 07:43:24,658.7341699496435,610.77426570519,4.623669294614624,7.990542699512836,10.887909136552626,18.81629011948854,787.6556934220358,449.80938454180796,16865.45329071102,21081.933226325822,True,1,17
2348,allmetal2348 26-02-15 07-44-24.fits,2026-02-15 07:44:24,658.3890061907478,611.932871004106,4.04402010175552,6.293653914220388,9.522939598121999,14.820422393693665,912.1800338654862,540.1975400592469,16855.803408702483,21070.461839982196,True,1,14
2349,allmetal2349 26-02-15 07-45-24.fits,2026-02-15 07:45:24,658.871312283426,610.3730135180867,4.008560783882914,7.920491371939394,9.439439285612462,18.65133184913757,915.89573418541,465.0973782533747,16872.05633241242,21090.040120429298,True,1,15
2350,allmetal2350 26-02-15 07-46-24.fits,2026-02-15 07:46:24,658.9215118858089,612.298132976482,4.243468744593492,6.884776308258517,9.992605260231072,16.212409256241333,865.7540801498616,509.6093928002464,16856.276678181886,21070.750368820332,True,1,15
2351,allmetal2351 26-02-15 07-47-25.fits,2026-02-15 07:47:25,658.589042435107,612.2792254606788,4.185160562570576,7.582669158052886,9.855299984414197,17.855821328220888,864.0063261807056,443.13937396113886,16857.86563993451,21072.958280876916,True,1,15
2352,allmetal2352 26-02-15 07-48-25.fits,2026-02-15 07:48:25,658.7181633430519,613.4445235623557,4.0212695640314795,8.002737068152271,9.469366175854194,18.845005663197178,887.1146635348067,434.97765137382385,16870.229716235346,21087.998434992092,True,1,16
2353,allmetal2353 26-02-15 07-49-25.fits,2026-02-15 07:49:25,658.8941920754913,613.0790923058636,3.8970892376327,7.171938840251975,9.176943854051862,16.88862534276137,927.5494618532078,482.57502536323307,16877.585299158556,21097.357971787173,True,1,16
2354,allmetal2354 26-02-15 07-50-24.fits,2026-02-15 07:50:24,658.3112957003246,613.9508761030723,4.444752553570169,5.742045744394033,10.466592408349532,13.521484418383727,814.6393076129806,559.1621913060319,16874.23189415618,21093.79382924378,True,1,16
2355,allmetal2355 26-02-15 07-51-24.fits,2026-02-15 07:51:24,658.3517965735189,613.6520958810394,4.20688885056146,4.978976381358411,9.906466192519336,11.724593386558446,858.9413166127714,546.0874286666534,16868.323728353113,21087.5943231989,True,1,14
2356,allmetal2356 26-02-15 07-52-24.fits,2026-02-15 07:52:24,658.485780854503,613.4251718853149,4.013979776312368,7.405863411685112,9.452200037609211,17.439475612597395,920.2350563592869,473.44270960831443,16873.26328451868,21092.03821238593,True,1,16
2357,allmetal2357 26-02-15 07-53-24.fits,2026-02-15 07:53:24,658.7268573306967,614.6154148319886,4.337625484505199,6.232668152678606,10.214327438749926,14.676811899953599,830.0910907432681,447.625561768536,16862.013729217742,21079.50171266861,True,1,15
2358,allmetal2358 26-02-15 07-54-24.fits,2026-02-15 07:54:24,658.5281367959835,613.6612036947782,4.340207420649292,5.150097496413289,10.220407433737027,12.12755281841772,852.2433040523358,594.2898020263418,16856.4962506324,21072.182702223683,True,1,15
2359,allmetal2359 26-02-15 07-55-24.fits,2026-02-15 07:55:24,658.2005409539711,611.6627090374328,4.123115183968839,6.9787212947728285,9.709194283181292,16.4336327936154,878.2815377749401,506.7405435292343,16848.10223239065,21060.335505048686,True,1,12
2360,allmetal2360 26-02-15 07-56-24.fits,2026-02-15 07:56:24,658.4963135261711,612.3503002045745,4.052730941846846,6.278778770229976,9.543452058978112,14.78539410645232,904.4375223342568,506.4052582693662,16874.855546565817,21094.75869942931,True,1,16
2361,allmetal2361 26-02-15 07-57-25.fits,2026-02-15 07:57:25,658.1974537503519,612.9733017268835,3.925483121596819,6.2386647191428555,9.243806341166852,14.690932734864974,913.6563467051415,550.5944974999277,16855.870211707836,21070.20878500192,True,1,14
2362,allmetal2362 26-02-15 07-58-25.fits,2026-02-15 07:58:25,658.239381425565,612.392239847421,4.254720979900458,7.241059848861615,10.019102249483323,17.051392879368105,844.0240378072053,482.0818616901919,16874.248812756505,21093.05654595262,True,1,16
2363,allmetal2363 26-02-15 07-59-25.fits,2026-02-15 07:59:25,658.7446065156886,612.9498322691775,4.2647487458163456,7.410602650159311,10.042715833668932,17.45063566635462,855.1532356073949,509.0089091805173,16864.450228402307,21080.25668045892,True,1,16
2364,allmetal2364 26-02-15 08-00-25.fits,2026-02-15 08:00:25,658.5762289219014,614.364522748925,4.454544147098278,4.653060604614141,10.48964984906232,10.957120382489208,845.1226407192297,602.1389534102431,16860.279263026394,21077.706012042767,True,1,16
2365,allmetal2365 26-02-15 08-01-25.fits,2026-02-15 08:01:25,658.6060718571003,612.9411721722713,4.003011598495742,7.532639965896664,9.426371952629156,17.73801158369471,922.757121927404,480.8031187522893,16882.796092011613,21103.671584258074,True,1,17
2366,allmetal2366 26-02-15 08-02-25.fits,2026-02-15 08:02:25,658.4815916386142,612.9528897280911,4.377924297453176,5.4097930680726005,10.309223891270776,12.73908915616684,839.8068213498301,560.4893536762409,16875.666487247123,21096.160716424118,True,1,14
2367,allmetal2367 26-02-15 08-03-25.fits,2026-02-15 08:03:25,658.5875031670967,611.9565603654997,4.050796642743395,8.397872233241381,9.538897132676219,19.775477870445627,894.4180717804479,448.22911597206985,16881.189234964077,21101.141233303508,True,1,15
2368,allmetal2368 26-02-15 08-04-25.fits,2026-02-15 08:04:25,659.0178370700906,613.0133880582406,4.446344567368827,7.110979621670479,10.47034131435458,16.74507735291624,849.0871728484505,525.8191403339493,16870.02159429765,21087.615716103843,True,1,15
2369,allmetal2369 26-02-15 08-05-25.fits,2026-02-15 08:05:25,658.9747539209667,613.3992324549786,4.06416704359926,6.549492895297793,9.57038202062171,15.422877154635032,899.4947879602678,515.2014344332797,16863.22072371085,21079.714710725602,True,1,14
2370,allmetal2370 26-02-15 08-06-25.fits,2026-02-15 08:06:25,659.2346598399246,613.7582062764212,4.35912325696082,6.060383978848873,10.264950824251937,14.271113673977746,855.0802379369578,555.2480934715571,16880.284994834597,21101.243314552918,True,1,15
2371,allmetal2371 26-02-15 08-07-25.fits,2026-02-15 08:07:25,659.5505589853319,612.6442356099146,4.455466267835794,6.802723780285969,10.49182127745896,16.019190318626116,823.4313471813783,541.2590756917386,16856.025590540747,21069.999516082975,True,1,15
2372,allmetal2372 26-02-15 08-08-25.fits,2026-02-15 08:08:25,658.7908880385303,613.4343424117878,4.184252617093048,6.164706837891574,9.853161936203918,14.516775233606436,854.0654896909537,536.2167507527131,16871.385350488177,21089.887736085337,True,1,16
2373,allmetal2373 26-02-15 08-09-26.fits,2026-02-15 08:09:26,659.4378304025729,613.4711603724056,4.213708480229618,6.324138096184513,9.922525193161603,14.892207156439158,895.0392589129988,509.5550607236584,16878.8784496916,21099.9417958602,True,1,16
2374,allmetal2374 26-02-15 08-10-26.fits,2026-02-15 08:10:26,659.0039921440252,613.0038720613813,3.9591164327000894,6.433001752194325,9.323006736333596,15.148561475786416,919.4346348083247,527.6037055623468,16882.330078248626,21103.514955273444,True,1,16
2375,allmetal2375 26-02-15 08-11-26.fits,2026-02-15 08:11:26,659.366986740082,613.158347134183,4.28193103589439,7.189807877815169,10.083177034764246,16.93070371060059,854.3931708832008,498.3655871958064,16884.71845248484,21106.08239043304,True,1,16
2376,allmetal2376 26-02-15 08-12-25.fits,2026-02-15 08:12:25,658.5347392462843,614.4488460928924,4.010322645933813,4.767905731756343,9.443588153686497,11.227559989957793,929.7846998256035,632.4280720533864,16869.83081508858,21089.03478494657,True,1,16
2377,allmetal2377 26-02-15 08-13-25.fits,2026-02-15 08:13:25,658.7842171963507,613.8013739746854,3.7356302865855873,4.57829083246573,8.79673707967645,10.781051024271733,972.9358154611845,628.2710123264171,16865.2504594524,21083.41886309447,True,1,13
2378,allmetal2378 26-02-15 08-14-25.fits,2026-02-15 08:14:25,658.47497347813,611.8921457486686,4.070558313583035,7.532507278822568,9.585432311292708,17.737699129512915,912.5549643581705,504.1233792428804,16855.059264102994,21068.621628701534,True,1,12
2379,allmetal2379 26-02-15 08-15-25.fits,2026-02-15 08:15:25,658.3277174019375,612.2337063771646,3.937070354248645,7.236848474158672,9.27109218888181,17.04147584980048,940.1374067177619,488.588826178332,16861.199217505033,21076.904253131157,True,1,15
2380,allmetal2380 26-02-15 08-16-25.fits,2026-02-15 08:16:25,659.0507665120481,611.3007010593526,3.763544064410794,7.818751190516882,8.862469003231787,18.411752030538754,965.8874739710542,499.46178451586644,16866.973441392853,21083.055856353138,True,1,17
2381,allmetal2381 26-02-15 08-17-25.fits,2026-02-15 08:17:25,658.580340509606,612.0562724696869,4.063018765691057,7.509400087064534,9.567678032786207,17.68328585117672,885.8008466324036,490.18263348140135,16875.30436016727,21093.929841497764,True,1,16
2382,allmetal2382 26-02-15 08-18-26.fits,2026-02-15 08:18:26,658.8356287878274,612.0924716333931,4.003957863441525,8.266384827287736,9.428600236291397,19.46584869123686,917.7925488536126,450.1926653810091,16867.955184113485,21084.829754401726,True,1,17
2383,allmetal2383 26-02-15 08-19-26.fits,2026-02-15 08:19:26,658.8389862927353,612.6074488125789,4.223874491304441,5.736124851244491,9.946464319818602,13.5075417805107,892.9289269918175,580.9175731668003,16877.740587009954,21098.251341611616,True,1,15
2384,allmetal2384 26-02-15 08-20-26.fits,2026-02-15 08:20:26,658.5494996532174,612.4586295368597,4.1938485322530905,5.759052149338423,9.875758589573204,13.56153144164069,869.2383398144534,566.1339286119717,16868.107970381945,21086.077541131683,True,1,16
2385,allmetal2385 26-02-15 08-21-26.fits,2026-02-15 08:21:26,659.7271583683719,612.2549408529006,4.0849884952435955,7.40830106831565,9.619412792320434,17.44521585529389,909.7347656320774,508.7121713364541,16876.709943361282,21095.759070047006,True,1,14
2386,allmetal2386 26-02-15 08-22-26.fits,2026-02-15 08:22:26,658.2875954080524,612.2191177251501,4.345655744114948,7.812897144029709,10.233237255045767,18.397966804526213,852.4319332881355,466.32086432417174,16880.70977113695,21101.036678408003,True,1,17
2387,allmetal2387 26-02-15 08-23-25.fits,2026-02-15 08:23:25,658.435544059598,612.2055707281677,4.45561286645412,6.274781170088859,10.49216649082397,14.775980477508,832.8103938167512,546.4127991919564,16871.057580330897,21089.512424101573,True,1,14
2388,allmetal2388 26-02-15 08-24-25.fits,2026-02-15 08:24:25,659.0891576377849,612.1853293426493,4.058641759318705,7.932433137846703,9.557370970443365,18.679452558869166,922.29480407369,475.62672223086355,16851.361740703614,21064.129686888133,True,1,15
2389,allmetal2389 26-02-15 08-25-25.fits,2026-02-15 08:25:25,658.6586642032004,612.9657128662602,4.131104019762946,7.4902971608022115,9.728006553845715,17.638301897495456,899.8913336828358,484.15009571578906,16876.78007603492,21096.19813750294,True,1,15
2390,allmetal2390 26-02-15 08-26-25.fits,2026-02-15 08:26:25,658.4489855277874,613.8503663897176,4.026941729376648,7.335461882872853,9.482723104507727,17.273692681349463,897.1593441373299,489.04075916709536,16876.476587743186,21095.658078592012,True,1,15
2391,allmetal2391 26-02-15 08-27-25.fits,2026-02-15 08:27:25,658.4882640176489,614.1835333771804,4.340263445924909,6.705069797004486,10.220539363179077,15.789232761317763,844.6032533586697,521.4758016644083,16867.80796913944,21085.17431141603,True,1,16
2392,allmetal2392 26-02-15 08-28-25.fits,2026-02-15 08:28:25,658.270966274219,614.1178306607255,3.9232697366349996,7.534328210862223,9.238594217891391,17.741987096780534,920.899925001685,485.2818999955783,16877.081801119453,21096.24617424347,True,1,16
2393,allmetal2393 26-02-15 08-29-25.fits,2026-02-15 08:29:25,658.2411293714599,614.6219452523765,4.065730359700285,5.547625784927926,9.574063348713123,13.063660400678835,904.3926484786152,560.1425563191183,16877.742254767953,21098.572021146236,True,1,15
2394,allmetal2394 26-02-15 08-30-25.fits,2026-02-15 08:30:25,658.2324679639565,614.3531151984141,4.041692046712652,6.636995372444353,9.517457447441117,15.628929741809614,922.0993220624665,556.4645342345784,16857.69624508381,21072.202528069945,True,1,12
2395,allmetal2395 26-02-15 08-31-25.fits,2026-02-15 08:31:25,658.1912941181027,614.1765330095965,4.113191135588467,5.5247404722827556,9.685824935127336,13.009769607725186,892.2393824204912,583.6248389093811,16867.303747467708,21085.22039891648,True,1,15
2396,allmetal2396 26-02-15 08-32-26.fits,2026-02-15 08:32:26,658.0377910330274,614.50473409445,4.136348574513212,5.080631785662771,9.740356536498904,11.963973570300078,895.5497548418223,568.4540148721012,16835.870064032275,21046.835540008422,True,1,15
2397,allmetal2397 26-02-15 08-33-26.fits,2026-02-15 08:33:26,657.8798165178183,612.6625298056102,4.090884026588012,8.135457959980632,9.633295707706374,19.157539479668987,872.31270492423,432.61647040290273,16866.50861056698,21083.255701918304,True,1,17
2398,allmetal2398 26-02-15 08-34-25.fits,2026-02-15 08:34:25,658.6217230638168,614.4584988673079,4.10849607645365,5.741254816593745,9.674768915764064,13.519621925745438,916.1751932877427,544.6270707200468,16818.29437110037,21024.42789785039,True,1,14
2399,allmetal2399 26-02-15 08-35-25.fits,2026-02-15 08:35:25,658.6259666525323,614.1712996804823,4.277312344118834,6.029397193499529,10.072300846789348,14.19814537070604,851.8148685718057,573.4907707247895,16859.602464371004,21074.95758944526,True,1,15
2400,allmetal2400 26-02-15 08-36-25.fits,2026-02-15 08:36:25,658.8255393828782,612.3236590310923,4.032459676589179,6.312367028047836,9.495716877211217,14.864488409239485,935.1748282742842,558.4847846045158,16853.99638081344,21068.09690483861,True,1,14
2401,allmetal2401 26-02-15 08-37-25.fits,2026-02-15 08:37:25,658.5908221706418,613.7277567144954,4.015524709949086,5.174822412088396,9.455838078305197,12.185775545461162,929.7696689616879,601.6929110389376,16841.834742615694,21053.810768479165,True,1,15
2402,allmetal2402 26-02-15 08-38-25.fits,2026-02-15 08:38:25,659.2852016818042,614.1673862581038,4.429632107181185,6.086402268496864,10.430986478102936,14.332382063978258,853.9132007082294,562.9914262131275,16851.599707095138,21065.370905115346,True,1,15
2403,allmetal2403 26-02-15 08-39-25.fits,2026-02-15 08:39:25,659.1337190408328,612.7296887292929,4.055718019924648,7.0975415752082,9.550486090311793,16.713433171740807,896.9628148154337,507.0150495038289,16883.662747535836,21104.674557368497,True,1,16
2404,allmetal2404 26-02-15 08-40-25.fits,2026-02-15 08:40:25,659.2890644353399,614.1201412209314,4.160326802145795,6.333355541219597,9.796820947572426,14.913912580771745,905.0809888274289,512.3026459764043,16865.041765576683,21082.577155162515,True,1,16
2405,allmetal2405 26-02-15 08-41-26.fits,2026-02-15 08:41:26,658.1264722921316,611.8845640294559,4.272199469827424,7.362129910990764,10.060260947920211,17.33649108852297,825.3003146306288,498.93108531151836,16829.12500843526,21036.045570645314,True,1,16
2406,allmetal2406 26-02-15 08-42-26.fits,2026-02-15 08:42:26,658.393329041001,614.2815466693679,4.083527577220311,5.445187748233624,9.615972593275055,12.822437258497477,914.4136707231132,606.2777100627438,16877.686067340255,21098.166873225666,True,1,14
2407,allmetal2407 26-02-15 08-43-25.fits,2026-02-15 08:43:25,657.7524095256039,611.7846320619072,4.030406539414624,7.338307513800506,9.490882108637377,17.28039363009866,907.0780397937056,460.65059559475094,16875.410964512324,21094.938090282914,True,1,14
2408,allmetal2408 26-02-15 08-44-25.fits,2026-02-15 08:44:25,658.3993580201362,612.6499179693357,4.18134656791344,8.196990903290512,9.846318713343933,19.302438488004846,853.4421755194626,486.8233427783395,16857.006252317125,21070.224935213228,True,1,16
2409,allmetal2409 26-02-15 08-45-25.fits,2026-02-15 08:45:25,659.1099047146013,612.9492715197372,4.4257010469691656,6.850141048440193,10.42172953871745,16.13084945215629,843.7567109554365,529.8363091146076,16858.302899373077,21073.135067707823,True,1,15
2410,allmetal2410 26-02-15 08-46-25.fits,2026-02-15 08:46:25,658.6143237016317,612.4707616593502,3.9651399477633342,7.45185044864129,9.337191030346071,17.547766809033384,921.4680108576679,499.5169396070226,16884.802662415797,21105.83546244398,True,1,15
2411,allmetal2411 26-02-15 08-47-25.fits,2026-02-15 08:47:25,658.3504275804473,612.4881206025523,4.310037069665733,6.901559836318781,10.149361686475322,16.251931444543985,837.630318145076,529.2552549655229,16859.322286077688,21074.048898376146,True,1,15
2412,allmetal2412 26-02-15 08-48-25.fits,2026-02-15 08:48:25,658.9050315479769,613.0093176097646,4.092829095425797,7.3078313216944535,9.637875994794555,17.208627682031114,909.4651987509944,505.75409591463256,16875.993448127232,21095.056238324094,True,1,14
2413,allmetal2413 26-02-15 08-49-25.fits,2026-02-15 08:49:25,658.9693141391366,613.3337931295702,4.031541146871036,7.374117170044555,9.493553905018977,17.364718926427816,874.0498735515139,490.484652520253,16871.54236204874,21089.199998033848,True,1,17
2414,allmetal2414 26-02-15 08-50-25.fits,2026-02-15 08:50:25,659.0355328298797,613.060431497821,4.260540643082373,6.448604187947335,10.032806508999423,15.18530240424891,864.2654547221294,550.0151140045011,16882.22265458833,21103.10978144125,True,1,15
2415,allmetal2415 26-02-15 08-51-25.fits,2026-02-15 08:51:25,659.034711987456,612.8642827820524,4.297321478758633,6.496996732949977,10.119418758122869,15.299258139251195,882.4949736594971,550.0340689699839,16879.539024724992,21099.959364747883,True,1,14
2416,allmetal2416 26-02-15 08-52-26.fits,2026-02-15 08:52:26,659.2058899356093,612.7360446076128,4.532766469473897,6.459192170207274,10.673849341761299,15.210235197111048,820.4051323146006,554.1980631946606,16861.28249156456,21076.943450634775,True,1,13
2417,allmetal2417 26-02-15 08-53-26.fits,2026-02-15 08:53:26,658.7910746563826,614.2227656162838,4.190992256341275,5.778875589380021,9.86903257380192,13.608212075612116,884.617513519024,569.1220409929316,16877.085830697775,21097.381822906755,True,1,15
2418,allmetal2418 26-02-15 08-54-26.fits,2026-02-15 08:54:26,658.3230450073647,613.058229218459,4.304336299959692,6.834189869884491,10.135937399699431,16.093287297151456,842.1148105574597,486.3897743377297,16882.199305330276,21103.485123907325,True,1,14
2419,allmetal2419 26-02-15 08-55-25.fits,2026-02-15 08:55:25,658.6875179358782,611.9728410040024,4.369426268423427,7.162981021306424,10.289212562168268,16.867531291148627,845.8083417803466,498.59150690113023,16863.220516357225,21079.329906256153,True,1,16
2420,allmetal2420 26-02-15 08-56-25.fits,2026-02-15 08:56:25,658.850322321355,614.191676954817,4.087021071530927,6.187850391444349,9.624199143704896,14.571274137425759,912.4694469789746,525.87620193044,16864.12349738526,21081.317698364364,True,1,16
2421,allmetal2421 26-02-15 08-57-25.fits,2026-02-15 08:57:25,659.2894439810166,614.2436054081508,4.463568679259172,5.00576808415413,10.510900998291818,11.787683025342316,851.3018119067849,619.9554077067851,16881.97906510059,21104.178757444675,True,1,15
2422,allmetal2422 26-02-15 08-58-25.fits,2026-02-15 08:58:25,659.0045644165467,614.1422131529883,4.20887370277554,5.9852369356314,9.911140162299475,14.094155910284435,874.205375652009,547.3544458752057,16852.43598574337,21066.532392886573,True,1,15
2423,allmetal2423 26-02-15 08-59-25.fits,2026-02-15 08:59:25,659.5982189512565,613.0504354507981,4.1697454881659155,6.356977155827643,9.819000258210458,14.969537232346767,901.4346256034668,541.7284447910295,16859.147815269345,21074.70584515549,True,1,16
2424,allmetal2424 26-02-15 09-00-25.fits,2026-02-15 09:00:25,658.1090115864299,613.662284894359,3.983397380702777,5.740348310217149,9.380183999402679,13.51748726635888,916.1798095587426,562.8306428807325,16875.75940579691,21095.724096904625,True,1,15
2425,allmetal2425 26-02-15 09-01-26.fits,2026-02-15 09:01:26,658.9746776894206,613.0279324926188,4.484520835344584,7.174483126203675,10.560239555428362,16.894616678320723,807.0448242423856,493.98362403076186,16884.097646531365,21105.305972533042,True,1,16
2426,allmetal2426 26-02-15 09-02-26.fits,2026-02-15 09:02:26,658.8068288101665,613.6744090521831,4.061303038800538,7.132877886149537,9.563637804712613,16.796643825062915,913.4205216997927,491.45406026837077,16863.972044832295,21080.46490250836,True,1,15
2427,allmetal2427 26-02-15 09-03-25.fits,2026-02-15 09:03:25,658.6919115389231,614.4540111633951,4.167831263410255,6.739289117649927,9.814492603385135,15.86981310350099,884.2675813760783,537.4897314037127,16875.04677847643,21093.963128555057,True,1,12
2428,allmetal2428 26-02-15 09-04-25.fits,2026-02-15 09:04:25,659.0000485955461,614.7247872864677,4.21973132683401,6.547672738401566,9.936707913073771,15.418591012690696,878.8277009366913,572.0535860989352,16858.76201377144,21073.361449017964,True,1,15
2429,allmetal2429 26-02-15 09-05-25.fits,2026-02-15 09:05:25,658.67428681165,614.6028702990156,4.271886701622878,6.246926908287063,10.0595244350827,14.710388703477589,851.8319860331297,557.1953242135671,16884.72387175005,21106.29202382253,True,1,16
2430,allmetal2430 26-02-15 09-06-25.fits,2026-02-15 09:06:25,658.6490497367439,614.1805686491082,4.096507376699222,6.988378716284762,9.646537685268479,16.456374283375013,885.963501265419,528.6772837196008,16849.465276237897,21061.671892975155,True,1,15
2431,allmetal2431 26-02-15 09-07-25.fits,2026-02-15 09:07:25,658.1305304465941,614.0669863080915,4.259823117674689,6.979252112683582,10.03111686578659,16.4348827742719,854.982949467825,498.745646235218,16866.614585144813,21083.66284062121,True,1,16
2432,allmetal2432 26-02-15 09-08-25.fits,2026-02-15 09:08:25,658.4213785401483,615.6196386772217,4.173799348343449,4.7264791597887275,9.828546369416268,11.130007867891536,866.6026189125721,568.2889540048448,16858.545673236138,21075.461114884427,True,1,15
2433,allmetal2433 26-02-15 09-09-25.fits,2026-02-15 09:09:25,658.7593344363593,614.1712300455765,4.197184850190005,6.60320969700547,9.883615017927646,15.549370556051223,887.3379814974538,536.6712327533256,16876.2902424523,21095.804813762108,True,1,18
2434,allmetal2434 26-02-15 09-10-25.fits,2026-02-15 09:10:25,658.5316738547197,613.2588627917673,4.337903944890713,7.354253454127033,10.214983162847481,17.317943450016433,852.9223133604946,523.8741727528014,16847.634170626025,21059.168656794038,True,1,14
2435,allmetal2435 26-02-15 09-11-25.fits,2026-02-15 09:11:25,658.1598782108426,613.9493366227967,4.2957373585751535,6.626945687010034,10.115688440161074,15.605264541102624,880.1016653787538,536.3126842288128,16874.545489502845,21093.736479263043,True,1,15
2436,allmetal2436 26-02-15 09-12-26.fits,2026-02-15 09:12:26,658.114429989965,613.4046673825751,4.000766650416113,7.769226441523997,9.42108550389119,18.29513015888518,885.1588399990126,485.6198240974373,16879.206439280017,21098.44117801169,True,1,14
2437,allmetal2437 26-02-15 09-13-26.fits,2026-02-15 09:13:26,657.6558577747527,612.8456256633781,4.593728237036127,8.386870702900415,10.817403333997357,19.749571246272705,829.2070127728966,469.95238572704005,16832.926463065174,21040.834277675105,True,1,15
2438,allmetal2438 26-02-15 09-14-25.fits,2026-02-15 09:14:25,658.4130342928246,614.5785944675303,4.534470702296267,6.321653475495363,10.677862503372817,14.886356321836047,814.3161012293972,517.3395974224935,16884.38382334509,21106.512908621873,True,1,16
2439,allmetal2439 26-02-15 09-15-25.fits,2026-02-15 09:15:25,659.7221785316272,613.9327314378794,4.159591098316702,6.770416948469663,9.795088497448473,15.943113543473634,921.6811398290422,550.0793803499627,16859.17738026583,21074.239890252175,True,1,14
2440,allmetal2440 26-02-15 09-16-25.fits,2026-02-15 09:16:25,658.5577196968661,614.7185509592368,4.270387483346096,6.2513774664312765,10.055994045832657,14.72086896700716,861.0170669997261,513.3469176867148,16847.861279207777,21060.971597286254,True,1,14
2441,allmetal2441 26-02-15 09-17-25.fits,2026-02-15 09:17:25,658.8094608814354,614.0140104637518,4.012682962046762,6.537285883750457,9.44914627338188,15.39413183915344,921.0591160154539,536.0855394344856,16879.827114752563,21100.25235333527,True,1,14
2442,allmetal2442 26-02-15 09-18-25.fits,2026-02-15 09:18:25,657.7872840190865,614.0718692638128,4.233939804033321,6.948561853663183,9.970166319992074,16.362612737143472,881.402253797463,514.5793587106749,16877.179495595687,21096.856771249186,True,1,15
2443,allmetal2443 26-02-15 09-19-25.fits,2026-02-15 09:19:25,658.4710583092979,613.2075099701538,4.002020117802809,7.012435224708221,9.424037194019176,16.513023031624027,911.5237389166225,493.06514498564593,16887.824984076015,21110.2471813158,True,1,15
2444,allmetal2444 26-02-15 09-20-25.fits,2026-02-15 09:20:25,658.4119685805687,613.7186995217634,4.145041060345669,6.359415298939201,9.760825776378322,14.975278620618516,906.1052416006119,552.04544140691,16887.61054425651,21110.113295536237,True,1,14
2445,allmetal2445 26-02-15 09-21-25.fits,2026-02-15 09:21:25,658.7104884974507,615.2507368880412,4.010283480201817,5.222333272927483,9.443495925435716,12.29765507292172,930.087979183226,586.0005034860587,16886.839442142886,21110.18846748998,True,1,15
2446,allmetal2446 26-02-15 09-22-25.fits,2026-02-15 09:22:25,657.8585389621658,613.1273662224118,4.042543453618675,7.299253959305796,9.519462357489898,17.18842953714481,925.671795229363,473.7564312309879,16884.844551090413,21106.750886400565,True,1,15
2447,allmetal2447 26-02-15 09-23-25.fits,2026-02-15 09:23:25,658.3274887652615,615.5071439029041,4.172811633330174,4.94617208878546,9.826220478304231,11.647345180844601,896.7070484520002,611.2990005681331,16888.36697217027,21112.216780920593,True,1,13
2448,allmetal2448 26-02-15 09-24-26.fits,2026-02-15 09:24:26,658.877940339142,614.1711665645637,4.290888636426372,6.682784369211776,10.104270572052338,15.736754589239398,869.796988724874,524.5558231038598,16872.020122579353,21090.580108348364,True,1,15
2449,allmetal2449 26-02-15 09-25-26.fits,2026-02-15 09:25:26,659.3070614013236,613.8154171019617,4.19176164109805,6.883218264562107,9.870844336449515,16.208740343713995,879.3324918189811,527.7748155742178,16887.385693724664,21109.362253655305,True,1,17
2450,allmetal2450 26-02-15 09-26-26.fits,2026-02-15 09:26:26,659.3498485901879,614.6686970245828,4.410755687249203,7.2382558480505566,10.386535906068685,17.044789962051944,877.7604095300575,497.2355181654083,16877.220602547026,21097.19272392385,True,1,16
2451,allmetal2451 26-02-15 09-27-25.fits,2026-02-15 09:27:25,658.9220905962583,614.2426702535073,3.9760039345320277,6.175346422615075,9.362773764157941,14.541829540984143,916.0383851620207,545.6507895829576,16889.30345947056,21112.296590649123,True,1,16
2452,allmetal2452 26-02-15 09-28-25.fits,2026-02-15 09:28:25,658.9279170671203,615.0527304111965,4.139925559937152,5.405715071811566,9.748779693475981,12.729486208827794,905.6345709224942,611.591773619911,16886.122655942283,21108.73814368071,True,1,13
2453,allmetal2453 26-02-15 09-29-25.fits,2026-02-15 09:29:25,659.1309425334848,614.3490839038928,4.016243395942849,6.736253594769814,9.457530454489394,15.862664993375748,921.5614600221185,506.129007697414,16887.534710552067,21110.132683669333,True,1,16
2454,allmetal2454 26-02-15 09-30-25.fits,2026-02-15 09:30:25,657.6558837855733,615.6976048070765,3.8682390104686832,4.9040354179094185,9.10900676082234,11.548120903634828,969.7087509983785,579.9065754584537,16871.052713945777,21091.036566371877,True,1,15
2455,allmetal2455 26-02-15 09-31-25.fits,2026-02-15 09:31:25,658.934917374312,613.3271551096124,4.032918344017708,6.692330623413548,9.496796956465921,15.759234299988691,930.5523310208612,539.0063875143047,16885.23282907859,21106.897527386056,True,1,16
2456,allmetal2456 26-02-15 09-32-25.fits,2026-02-15 09:32:25,658.3546982925228,614.3720980811049,4.261528114202353,6.250983709500993,10.03513182578664,14.719941740294859,869.3831105245887,552.2813537620038,16870.335305843586,21088.537463669963,True,1,15
2457,allmetal2457 26-02-15 09-33-25.fits,2026-02-15 09:33:25,658.1759345581373,613.6880819803204,3.9384369407050244,5.905384528963769,9.27431025406256,13.906117862419535,949.9250017455847,534.6842296220935,16887.677463180502,21111.02566518606,True,1,16
2458,allmetal2458 26-02-15 09-34-25.fits,2026-02-15 09:34:25,658.2491994107942,614.1771721726209,3.9350405511487723,6.639505304801665,9.266312367854763,15.634840180836283,908.3851775633713,547.118521407496,16887.10544979445,21108.739679022085,True,1,16
2459,allmetal2459 26-02-15 09-35-25.fits,2026-02-15 09:35:25,659.0244877465876,613.3422911351623,4.161514228046262,7.372830843908112,9.799617121884836,17.36168985985727,886.2875432013078,500.039306413988,16885.442037023797,21106.80644574065,True,1,15
2460,allmetal2460 26-02-15 09-36-25.fits,2026-02-15 09:36:25,659.2445620150404,614.7107941810609,4.3900302316080975,4.9401489983732505,10.337731187682609,11.633161886808898,866.3331570165936,625.285488084643,16886.525561937597,21109.90528957137,True,1,12
2461,allmetal2461 26-02-15 09-37-26.fits,2026-02-15 09:37:26,658.1112740540103,615.1496148260022,4.595388986621307,4.7541751704107815,10.821314100410316,11.195226988871738,799.2849920461448,588.8425133000586,16867.643820742283,21086.693157458638,True,1,17
2462,allmetal2462 26-02-15 09-38-26.fits,2026-02-15 09:38:26,658.4851103000162,614.4127906176324,4.171275601934558,6.659665341623148,9.822603400784036,15.682313439652074,864.0798574702033,515.0880122144757,16887.562751198835,21109.879373499894,True,1,18
2463,allmetal2463 26-02-15 09-39-26.fits,2026-02-15 09:39:26,658.6676812756821,613.9345686924638,4.282653428636476,6.737796341595123,10.084878139673696,15.866297884524394,883.7877873202266,535.421929041955,16888.8683752137,21111.519705340364,True,1,16
2464,allmetal2464 26-02-15 09-40-25.fits,2026-02-15 09:40:25,659.1565630686679,614.1931100962631,4.002408148529223,6.277068686918723,9.424950936551822,14.78136716799231,938.2122485051524,535.0980166876689,16888.852608780708,21112.03576084468,True,1,17
2465,allmetal2465 26-02-15 09-41-25.fits,2026-02-15 09:41:25,659.1688914725919,615.8422546127681,4.406690921898296,4.93547768787315,10.37696411514202,11.622161791206697,827.758660341383,607.7022565270754,16889.185649033054,21113.069206508506,True,1,15
2466,allmetal2466 26-02-15 09-42-25.fits,2026-02-15 09:42:25,658.6263809702723,616.5551434802435,4.228114223187504,5.699084241982723,9.956448125442394,13.42031781134093,867.4458376310822,523.2725518138014,16850.83557775697,21065.222458401437,True,1,16
2467,allmetal2467 26-02-15 09-43-25.fits,2026-02-15 09:43:25,658.7912600997709,614.0207173943962,4.112121868256966,7.282296382203371,9.68330700298162,17.14849749466886,899.9378897131693,488.1759678340721,16884.931902620487,21106.52131931427,True,1,16
2468,allmetal2468 26-02-15 09-44-25.fits,2026-02-15 09:44:25,657.9727997000188,615.0423931135813,3.8733778160717214,4.9924866021260526,9.121107723263892,11.756407525234883,951.4076451152456,616.195617219552,16874.798961382716,21094.98900212838,True,1,13
2469,allmetal2469 26-02-15 09-45-25.fits,2026-02-15 09:45:25,657.5736481853787,614.374924698961,4.279210059851426,7.167940782273436,10.076769625836226,16.87921063569231,884.3482178222076,517.1896113656991,16868.24541957857,21085.495572730797,True,1,14
2470,allmetal2470 26-02-15 09-46-25.fits,2026-02-15 09:46:25,657.557656688234,615.2090939917304,4.44689049744192,6.310945426460685,10.471626881433883,14.861140793326014,824.9214935568866,534.1645833507424,16866.345192480567,21083.6591276177,True,1,15
2471,allmetal2471 26-02-15 09-47-25.fits,2026-02-15 09:47:25,658.3400334357258,614.6779981272227,4.03035146627631,6.487574440210686,9.490752421307333,15.277070335438564,916.1376426562326,543.378825587761,16877.659870560856,21097.483991662702,True,1,16
2472,allmetal2472 26-02-15 09-48-25.fits,2026-02-15 09:48:25,658.1935487711711,616.2769975511068,4.4221115562578595,4.529642920162507,10.413276934039015,10.666493945231196,860.4750365063443,654.6758788052846,16888.096864947056,21112.176488558405,True,1,6
2473,allmetal2473 26-02-15 09-49-25.fits,2026-02-15 09:49:25,658.4189402352096,615.7255279241183,4.100938894667578,5.851835683672291,9.65697311261028,13.7800199681389,887.7892099313285,564.6193493071335,16878.5085505689,21098.95991271404,True,1,13
2474,allmetal2474 26-02-15 09-50-26.fits,2026-02-15 09:50:26,658.0747111248795,613.4098712233676,3.8859770997668837,8.127381559429885,9.150776769062292,19.13852100976039,958.9714815980838,460.46082419139645,16831.509333137205,21039.347990897335,True,1,15
2475,allmetal2475 26-02-15 09-51-26.fits,2026-02-15 09:51:26,658.7939467018311,614.5284253847905,3.992568495464618,7.551845324974788,9.401780324279141,17.783236748223892,931.7105954270816,538.3376669129286,16866.633240177645,21082.445748186008,True,1,13
2476,allmetal2476 26-02-15 09-52-26.fits,2026-02-15 09:52:26,658.604684387416,616.8022677718067,3.9806815184626263,6.222240689728685,9.373788632560029,14.652257101180307,942.547090063054,537.0360628927458,16883.433735462746,21105.29680863151,True,1,16
2477,allmetal2477 26-02-15 09-53-26.fits,2026-02-15 09:53:26,658.5277158299582,617.0654609759283,4.116527155975225,5.5102885592190916,9.693680662804706,12.975737953153827,898.3399055387995,585.630935367554,16878.917489709853,21099.799923781116,True,1,14
2478,allmetal2478 26-02-15 09-54-26.fits,2026-02-15 09:54:26,659.1645461113562,616.1022849099852,4.366886426186912,6.296169829006763,10.283231690758505,14.826346920264209,846.8859375501331,533.2095528487465,16887.375664207662,21110.054495054148,True,1,15
2479,allmetal2479 26-02-15 09-55-26.fits,2026-02-15 09:55:26,658.940705818511,616.7864255714339,4.064577969408093,5.563378860124217,9.571349676953371,13.100756057921942,913.336758413053,568.8851387003698,16883.075447264488,21105.184290148336,True,1,16
2480,allmetal2480 26-02-15 09-56-26.fits,2026-02-15 09:56:26,657.6878570071866,615.9544947086222,4.002981194750908,6.242714329465108,9.426300357281377,14.700468838426378,912.9565300113194,569.4638538965546,16874.640943047427,21093.544859438258,True,1,14
2481,allmetal2481 26-02-15 09-57-26.fits,2026-02-15 09:57:26,658.6114906147158,615.9266382437454,4.119682607804133,6.942674615265402,9.701111184022547,16.348749350154502,889.094548224209,507.69270385392446,16871.685745054558,21089.94509166517,True,1,17
2482,allmetal2482 26-02-15 09-58-26.fits,2026-02-15 09:58:26,658.9243595936831,615.2566808162669,4.192406417771418,6.407692524244804,9.872362669484533,15.088962798486627,888.8667230328044,534.0151274304533,16887.002401102854,21109.498835416303,True,1,12
2483,allmetal2483 26-02-15 09-59-26.fits,2026-02-15 09:59:26,658.1194727342145,615.5942573842228,4.326922439908047,5.835461815846893,10.189123694789691,13.741462455968966,870.4900940256289,579.3800170229123,16884.36537227603,21106.40060078372,True,1,14
2484,allmetal2484 26-02-15 10-00-26.fits,2026-02-15 10:00:26,658.8803497158631,615.0474845653363,4.09077307426938,6.4317968559255005,9.633034434962417,15.145724161900405,893.5243510401775,506.72678102681647,16877.829499133804,21098.256335979568,True,1,15
2485,allmetal2485 26-02-15 10-01-27.fits,2026-02-15 10:01:27,658.5625839629566,615.7847534823152,4.126064109863008,5.7112463564370515,9.716138472988192,13.448957402247943,886.6737216772373,564.4260098422016,16887.1754445972,21110.033880130904,True,1,14
2486,allmetal2486 26-02-15 10-02-27.fits,2026-02-15 10:02:27,658.349824058571,615.8323062699827,4.430773310778252,5.32397747268325,10.433673807208773,12.53700887196773,834.727155544323,623.2149982646558,16883.51270969176,21105.322315380534,True,1,14
2487,allmetal2487 26-02-15 10-03-27.fits,2026-02-15 10:03:27,657.808187866365,615.1833969269414,4.345898068437389,6.163363538590051,10.233807885217649,14.513612005484735,866.4774175862165,555.4632734340852,16883.521862560814,21105.239748738502,True,1,16
2488,allmetal2488 26-02-15 10-04-26.fits,2026-02-15 10:04:26,657.9103537602074,616.5522029576267,4.501189523596674,4.380368769095428,10.599491316648756,10.31498018209346,819.6639016374689,668.0844035295983,16853.792881882953,21069.10885005632,True,1,14
2489,allmetal2489 26-02-15 10-05-26.fits,2026-02-15 10:05:26,657.5218865611217,616.0051474385405,4.281937422247898,6.055130480965525,10.083192073477502,14.258742631855512,890.2265064134004,548.910784321888,16883.96484236841,21106.151028655826,True,1,16
2490,allmetal2490 26-02-15 10-06-26.fits,2026-02-15 10:06:26,657.6431553343159,615.8630813611134,4.252559678883985,6.398968528788161,10.014012774526385,15.068419359112564,886.7965704673243,548.7082136743437,16887.56259015536,21110.089658713834,True,1,16
2491,allmetal2491 26-02-15 10-07-26.fits,2026-02-15 10:07:26,658.3311067423724,616.6457335980089,4.414601798729554,5.1227044240241995,10.395592806478037,12.063047062460909,837.8430285965767,620.3040509262719,16886.65986355279,21109.600441382096,True,1,12
2492,allmetal2492 26-02-15 10-08-26.fits,2026-02-15 10:08:26,658.0293554378243,616.4767905179482,4.347246418574915,6.628466680469581,10.236983007149215,15.608846206989526,876.1557129697129,526.1058679223873,16885.722337370014,21107.94013410064,True,1,15
2493,allmetal2493 26-02-15 10-09-26.fits,2026-02-15 10:09:26,658.304381032072,617.115100733878,4.584655246580423,4.788032536469747,10.79603807420389,11.27495499313934,802.2327127198305,638.9352840542563,16887.963844082824,21111.469350742165,True,1,16
2494,allmetal2494 26-02-15 10-10-26.fits,2026-02-15 10:10:26,658.7501524859822,615.7205043208508,4.171717357674639,7.405719346810224,9.823643656055788,17.439136365742222,901.8737989671944,499.18157909751795,16888.94934029119,21111.34716786305,True,1,14
2495,allmetal2495 26-02-15 10-11-26.fits,2026-02-15 10:11:26,658.0993771125618,616.4584106509068,4.582017628074055,6.122588827982152,10.78982695727395,14.417594899614917,819.2272750798953,543.5403860140865,16888.009245948313,21111.053961113495,True,1,18
2496,allmetal2496 26-02-15 10-12-26.fits,2026-02-15 10:12:26,658.1331659566857,617.4502448292592,4.18381769262631,5.664851602974268,9.852137767351572,13.339706106809512,882.0109817811845,555.2884888103274,16888.46336534397,21111.912190118863,True,1,14
2497,allmetal2497 26-02-15 10-13-26.fits,2026-02-15 10:13:26,658.7246325414212,616.231794084764,3.912840150712405,6.964647662075277,9.214034419899491,16.4004919212328,937.1954383663809,509.22781765936156,16885.42887002034,21107.08106578471,True,1,16
2498,allmetal2498 26-02-15 10-14-27.fits,2026-02-15 10:14:27,658.9301920498485,616.3783849057352,4.172707684843259,6.955011494777024,9.825975698323592,16.3778004813216,892.9683338857365,490.9529745733544,16879.59458033747,21100.255769745738,True,1,15
2499,allmetal2499 26-02-15 10-15-27.fits,2026-02-15 10:15:27,659.031948272075,615.4764235134958,4.3894429140964,6.855833047240415,10.336348160633266,16.144253085027344,836.8386080892592,514.8060099585315,16868.69024562876,21086.21488852339,True,1,15
2500,allmetal2500 26-02-15 10-16-26.fits,2026-02-15 10:16:26,658.8591278134822,616.7382874575451,3.9337708378320517,6.250260774715108,9.263322421485107,14.718239358969807,933.0192330947409,538.0019354622017,16888.581220876156,21111.47957071958,True,1,15
2501,allmetal2501 26-02-15 10-17-26.fits,2026-02-15 10:17:26,658.6823711445735,616.1664650615359,4.3320149989495835,5.954752839363178,10.201115754901206,14.022371349337373,854.7610588559187,526.5641117271664,16886.94793926186,21110.073553495007,True,1,16
2502,allmetal2502 26-02-15 10-18-26.fits,2026-02-15 10:18:26,658.6393353174459,614.7545171509588,4.421248340336696,7.711467591340063,10.411244215884668,18.159118460694113,847.2758866312525,481.03819433584636,16887.226662187462,21109.122691632954,True,1,16
2503,allmetal2503 26-02-15 10-19-26.fits,2026-02-15 10:19:26,658.2371241145098,614.8375585651634,4.155639656013813,6.7624754636747575,9.785783561906845,15.924412775891282,889.2745818717524,508.233756717342,16885.17479951992,21107.101487663458,True,1,16
2504,allmetal2504 26-02-15 10-20-26.fits,2026-02-15 10:20:26,658.0913322080246,613.8209539059699,3.7598618540767768,8.332109451344635,8.853798060527224,19.620618353418173,964.2966249307937,449.83176229298465,16883.678838391246,21104.29886543058,True,1,16
2505,allmetal2505 26-02-15 10-21-26.fits,2026-02-15 10:21:26,657.7623408613046,616.1046694714139,3.906552306144942,4.666963975976393,9.19922767747199,10.989860320066548,929.0629598992897,640.1629164459952,16888.7705941387,21112.534330132316,True,1,12
2506,allmetal2506 26-02-15 10-22-26.fits,2026-02-15 10:22:26,658.404482156834,614.6021895226826,4.394110091084048,6.364858222896466,10.347338522557488,14.988095727056663,870.5147173426949,556.4018725000866,16888.23265795145,21110.985330958032,True,1,16
2507,allmetal2507 26-02-15 10-23-26.fits,2026-02-15 10:23:26,658.2869973334949,613.8945337715201,4.18180147631214,6.055713532547188,9.847389940759845,14.260115613407297,859.0749310328101,533.8534369413153,16873.95311407207,21093.321692350008,True,1,17
2508,allmetal2508 26-02-15 10-24-26.fits,2026-02-15 10:24:26,657.5798515151629,614.2047575414059,4.1419090139050025,6.608646673991987,9.753450370637873,15.562173658443443,868.5603962187381,492.51554294993116,16881.677663631883,21102.93581333133,True,1,17
2509,allmetal2509 26-02-15 10-25-27.fits,2026-02-15 10:25:27,657.9666426665867,613.8770242319044,4.053532125667934,7.380999524818202,9.545338702699764,17.380925633405816,916.1300029158905,475.6212471937695,16885.191780853707,21106.98665089524,True,1,17
2510,allmetal2510 26-02-15 10-26-27.fits,2026-02-15 10:26:27,657.3681062936977,614.2201733489107,3.9558337759935966,6.4901851847546395,9.315276670520191,15.28321816902312,953.2192660876163,529.0728550430665,16887.503174864116,21110.203894461607,True,1,15
2511,allmetal2511 26-02-15 10-27-27.fits,2026-02-15 10:27:27,657.244718643744,612.7516331254047,4.043072985467873,8.90160195124849,9.520709309702871,20.961670707686554,914.6952346583911,432.5977612840848,16848.89612380189,21060.74652638541,True,1,16
2512,allmetal2512 26-02-15 10-28-26.fits,2026-02-15 10:28:26,657.5953690238821,613.4540056300985,4.355715658559813,6.252581585250586,10.25692654323183,14.723704450139468,852.1266771899823,548.5597901916188,16885.28933170028,21107.30124849682,True,1,18
2513,allmetal2513 26-02-15 10-29-26.fits,2026-02-15 10:29:26,657.7492418189298,613.5744392404499,3.90111630188832,6.1955835858995325,9.186426865683625,14.589484418740948,941.6505128206439,549.4063260219165,16881.96947710507,21103.12178320074,True,1,16
2514,allmetal2514 26-02-15 10-30-26.fits,2026-02-15 10:30:26,656.9652725470737,612.9974943440312,4.177296352009676,6.24311588294496,9.836781183747044,14.701414424609887,889.527202639088,533.1072983299687,16887.94829974959,21110.884094543453,True,1,16
2515,allmetal2515 26-02-15 10-31-26.fits,2026-02-15 10:31:26,657.1316652932669,613.7326191820264,4.091774940672795,6.293335024783612,9.63539365005162,14.819671466455796,884.9419504759902,499.8229834552733,16881.93792256613,21103.58619790889,True,1,16
2516,allmetal2516 26-02-15 10-32-26.fits,2026-02-15 10:32:26,657.779881148453,613.0096551686156,3.98028306702788,7.4729061066923,9.372850351134518,17.59734909467322,929.9145788979098,471.79634516458333,16887.43371756382,21109.722076425944,True,1,15
2517,allmetal2517 26-02-15 10-33-26.fits,2026-02-15 10:33:26,657.8500098811403,614.6827472051812,3.7358783201168593,6.6474469842354615,8.79732115400773,15.653541406758197,969.6204095190756,508.2806605729017,16889.13517982652,21112.015315139884,True,1,16
2518,allmetal2518 26-02-15 10-34-26.fits,2026-02-15 10:34:26,657.4762242203129,613.0640912677866,4.020234980805826,7.560089984503616,9.466929918536174,17.802651437746835,915.0560103058104,470.06110580643303,16889.374035815585,21112.023617587703,True,1,16
2519,allmetal2519 26-02-15 10-35-26.fits,2026-02-15 10:35:26,657.5193788848998,613.2512345514822,3.987932698643247,8.274501420462899,9.390863856999486,19.484961807543097,902.2300274075815,457.82537505311205,16887.471148180502,21108.87324067404,True,1,15
2520,allmetal2520 26-02-15 10-36-26.fits,2026-02-15 10:36:26,657.4778874344764,613.9087508755696,4.160652079135226,6.593542646777967,9.797586916347326,15.526606392399177,869.6673028757751,512.2559102511728,16877.99535834354,21098.083651815512,True,1,15
2521,allmetal2521 26-02-15 10-37-26.fits,2026-02-15 10:37:26,657.5759235342346,614.134762883203,4.216764105029519,5.702966808019994,9.929720639690503,13.429460555671652,866.3582161821263,544.0604099694842,16886.86618346004,21109.930212775067,True,1,16
2522,allmetal2522 26-02-15 10-38-26.fits,2026-02-15 10:38:26,656.8785703736739,614.4338509244108,4.391867357553285,5.69674865000741,10.342057288683584,13.41481791254045,818.7406940820374,553.9595942753145,16880.630988064982,21101.86588012447,True,1,15
2523,allmetal2523 26-02-15 10-39-26.fits,2026-02-15 10:39:26,657.531343119602,613.6648891183061,4.192990246002379,7.582996114812562,9.873737479905655,17.85659125255243,878.3678487926338,484.4610292548021,16887.89384264774,21109.890121736113,True,1,16
2524,allmetal2524 26-02-15 10-40-26.fits,2026-02-15 10:40:26,656.9144112162162,613.884190844042,3.9729482945749375,6.755662721644126,9.355578281936587,15.908369994395926,918.134365255382,502.5904036082726,16886.973102451655,21109.334147114274,True,1,15
2525,allmetal2525 26-02-15 10-41-26.fits,2026-02-15 10:41:26,656.3719500688626,612.9859836657519,4.029926329017059,7.692734492801011,9.489751299567358,18.115005384748816,918.817710809352,463.51893239263546,16877.102763925242,21096.713911291456,True,1,17
2526,allmetal2526 26-02-15 10-42-27.fits,2026-02-15 10:42:27,656.8237867892803,614.5960355866525,4.083543023008172,7.049593932637649,9.616008965325923,16.600525101903695,874.8705875327961,479.3320950579971,16885.613195939703,21107.490098455703,True,1,15
2527,allmetal2527 26-02-15 10-43-27.fits,2026-02-15 10:43:27,657.2310276060583,614.4947408133371,4.2415975648661135,5.14531785967316,9.988198968701186,12.116297634014098,869.0533278900606,582.2936123290372,16879.105570946744,21100.571217570792,True,1,13
2528,allmetal2528 26-02-15 10-44-26.fits,2026-02-15 10:44:26,656.1545585494349,612.4151431469702,4.167540644594534,7.363411406820394,9.813808248372412,17.339508780590208,874.4260415997479,514.2129339593971,16877.42057033357,21096.42773386872,True,1,16
2529,allmetal2529 26-02-15 10-45-26.fits,2026-02-15 10:45:26,656.1072810246023,614.0963054595235,3.9400143784219117,6.521911385884943,9.278024836018075,15.357927663397442,913.5467459476038,514.6340178038928,16884.56693279856,21106.30347578115,True,1,16
2530,allmetal2530 26-02-15 10-46-26.fits,2026-02-15 10:46:26,657.0567503603885,611.9485842509665,4.222090535562946,8.58826893726044,9.94226342507908,20.22382784557753,864.6301958371705,450.68771951721806,16846.10034043382,21057.086695347494,True,1,15
2531,allmetal2531 26-02-15 10-47-26.fits,2026-02-15 10:47:26,656.434365094683,613.065170273935,4.264997497907111,7.055238877549841,10.04330160007851,16.61381793133602,872.1800321327697,481.4177036811556,16882.109945081043,21103.428901064715,True,1,15
2532,allmetal2532 26-02-15 10-48-26.fits,2026-02-15 10:48:26,656.2709671329591,613.6555652622505,4.304369419602446,5.904135650287759,10.136015390498072,13.903176977879454,869.4677288420635,546.8561740016053,16887.47102957455,21110.59650058542,True,1,16
2533,allmetal2533 26-02-15 10-49-26.fits,2026-02-15 10:49:26,656.4942554408727,614.7696046604893,4.090943870316759,5.218459106326506,9.633436628918398,12.28853210775195,898.2643764288333,583.1249459528169,16886.93028897759,21110.20927328368,True,1,16
2534,allmetal2534 26-02-15 10-50-26.fits,2026-02-15 10:50:26,657.3271798206463,613.3528085740005,4.4902142019845,7.468543798620754,10.57364640931575,17.587076644183743,828.5245156478557,459.2874345059151,16884.228679512704,21105.99584257921,True,1,18
2535,allmetal2535 26-02-15 10-51-26.fits,2026-02-15 10:51:26,657.0726733975176,610.9806327023971,4.25765441685673,7.900921885705483,10.026009965628786,18.605249230682997,850.5830870452496,450.29071500563623,16885.414276314692,21106.923963932284,True,1,15
2536,allmetal2536 26-02-15 10-52-26.fits,2026-02-15 10:52:26,657.1353040049529,612.3314757147818,3.9579417624412954,4.36366599814361,9.320240599261886,10.275648162248558,912.4792383204486,628.5587319401099,16872.94313475525,21093.305438369196,True,1,15
2537,allmetal2537 26-02-15 10-53-27.fits,2026-02-15 10:53:27,657.2033396926983,611.1658638629222,4.264405959129606,7.284462105616973,10.041908632707827,17.153597383575207,867.1055641410597,447.22641687124656,16856.598644808568,21071.825094375887,True,1,15
2538,allmetal2538 26-02-15 10-54-27.fits,2026-02-15 10:54:27,656.9513916741619,611.5903251104256,4.313722321958322,5.523217795072864,10.158039792444907,13.006183976909222,839.1160198875792,544.7239415078724,16886.165409195048,21109.202622601155,True,1,17
2539,allmetal2539 26-02-15 10-55-26.fits,2026-02-15 10:55:26,657.2634912487778,610.8426182429012,4.149691027845046,7.350336944617689,9.771775613054597,17.308720774917276,866.2241446447025,452.4997113829046,16886.225599881906,21108.439346483054,True,1,16
2540,allmetal2540 26-02-15 10-56-26.fits,2026-02-15 10:56:26,656.8878159901896,610.3344334440003,4.136434673488433,6.43678924708253,9.740559284091614,15.157480344669613,873.5866608469777,505.0357488755838,16884.0931352462,21106.004327176448,True,1,17
2541,allmetal2541 26-02-15 10-57-26.fits,2026-02-15 10:57:26,656.7888420543085,611.2548955486986,4.163482705400562,5.104120327026508,9.80425253181693,12.019284858331945,894.6077204863346,595.6987337901078,16887.100470577036,21110.550343311286,True,1,15
2542,allmetal2542 26-02-15 10-58-26.fits,2026-02-15 10:58:26,656.9989090853962,609.0307142030988,4.172174918699272,7.859870662413194,9.824721129928419,18.508580987201277,842.6806613618159,420.4102201246148,16884.56106909283,21106.218918763003,True,1,17
2543,allmetal2543 26-02-15 10-59-26.fits,2026-02-15 10:59:26,657.0249825535836,610.3550692045046,4.231938994271966,6.910519950375546,9.96545477305974,16.273030900730618,848.1593362186849,492.3068666897575,16877.60688462306,21097.46700086028,True,1,17
2544,allmetal2544 26-02-15 11-00-26.fits,2026-02-15 11:00:26,656.7020100116432,610.1084329860535,4.309120329884922,7.11648440015812,10.147202929263392,16.75804011564239,846.1690412651732,464.4900009381205,16883.05017276502,21104.64672886781,True,1,16
2545,allmetal2545 26-02-15 11-01-27.fits,2026-02-15 11:01:27,657.163588596807,610.1179506237553,4.291587761907156,6.697987625039677,10.10591688674848,15.772555520812674,843.8738893704467,483.0258935554526,16883.418826685094,21105.21904478057,True,1,15
2546,allmetal2546 26-02-15 11-02-27.fits,2026-02-15 11:02:27,656.7807925140819,609.2606462461272,4.042154505651601,7.773277331551182,9.518546455020557,18.304669275921412,875.3656494947977,427.32653931074185,16876.960655261137,21096.731116586005,True,1,17
2547,allmetal2547 26-02-15 11-03-26.fits,2026-02-15 11:03:26,657.4414054295229,609.0557758978199,4.442490634563892,7.557298235763184,10.461265996133315,17.796077371852174,841.5135106090295,466.8149752304953,16883.585297674053,21104.997037489382,True,1,17
2548,allmetal2548 26-02-15 11-04-26.fits,2026-02-15 11:04:26,656.8948194516698,609.1894705431146,4.145379216264176,6.4184799760543925,9.761622072713568,15.11436530624265,877.6023780975873,531.3912582164079,16885.616327910015,21107.57674061695,True,1,16
2549,allmetal2549 26-02-15 11-05-26.fits,2026-02-15 11:05:26,657.2706221391777,609.3298973159963,3.9687332470793755,7.623995261212213,9.34565260360328,17.953136864323486,903.4875308061904,449.9686838670405,16884.755453501024,21106.324085443324,True,1,16
2550,allmetal2550 26-02-15 11-06-26.fits,2026-02-15 11:06:26,657.0549759040298,610.0373367143318,4.291905584876126,6.649417268252957,10.106665302646583,15.658181071057001,858.2881270407703,469.7521696476543,16884.371370675744,21106.835303287244,True,1,18
2551,allmetal2551 26-02-15 11-07-26.fits,2026-02-15 11:07:26,656.6799789852281,611.0152473820284,3.9362436969581456,5.148621564407072,9.269145559723771,12.124077264144377,910.2453137666549,535.2671420387321,16864.32178343189,21082.42677080666,True,1,16
2552,allmetal2552 26-02-15 11-08-26.fits,2026-02-15 11:08:26,656.8264638812178,610.7638920378356,4.064782179892279,4.849392359400481,9.571830555894937,11.419446334136182,886.7884019792551,588.0571167213342,16877.84187771506,21099.14531129361,True,1,16
2553,allmetal2553 26-02-15 11-09-26.fits,2026-02-15 11:09:26,656.8146720821118,609.5829785062925,4.567291257418985,6.799940065246583,10.755149004464835,16.012635170651713,794.4162823502014,416.7439192583856,16845.686034424692,21059.052375327825,True,1,16
2554,allmetal2554 26-02-15 11-10-26.fits,2026-02-15 11:10:26,657.3529687931623,607.7773028953168,3.859117994503291,8.702750443443428,9.087528409595986,20.49341119112257,956.0726866382216,419.49546571697664,16840.993399257448,21051.33680743672,True,1,16
2555,allmetal2555 26-02-15 11-11-27.fits,2026-02-15 11:11:27,657.6609278276228,610.0455209591722,4.006848377696026,7.640371511568814,9.435406877198343,17.991699986925656,891.6303287549471,448.71161108688,16884.42402404709,21105.88326912385,True,1,18
2556,allmetal2556 26-02-15 11-12-27.fits,2026-02-15 11:12:27,657.3178606252449,608.9912438899003,4.053576833865141,7.651909650325426,9.545443982458725,18.018870227352075,892.660822384998,448.3318668564614,16861.086595871675,21076.81813836568,True,1,15
2557,allmetal2557 26-02-15 11-13-27.fits,2026-02-15 11:13:27,657.962019945907,610.59279723606,4.121008429130087,5.911392552305267,9.704233254657034,13.920265676215106,863.5213478677123,542.4025195453069,16861.791379580187,21078.10142758307,True,1,16
2558,allmetal2558 26-02-15 11-14-27.fits,2026-02-15 11:14:27,657.7862735182927,609.5857373494543,4.096220671953281,8.154994713957748,9.64586254718573,19.20354501954914,879.1495798794266,436.71447139408673,16869.179026257156,21086.571175264944,True,1,13
2559,allmetal2559 26-02-15 11-15-27.fits,2026-02-15 11:15:27,658.2503422252482,610.1665177188485,4.055835573618487,5.9343596490409665,9.550762908106412,13.974349055984497,891.6540175589682,539.8045246856677,16880.17267522096,21101.226837421356,True,1,16
2560,allmetal2560 26-02-15 11-16-27.fits,2026-02-15 11:16:27,658.0179539711588,608.4560140899985,4.393171261339585,8.48898408884342,10.345127747456354,19.990029894357274,859.8156553137595,436.7022599649805,16879.824741666922,21099.952667542362,True,1,17
2561,allmetal2561 26-02-15 11-17-27.fits,2026-02-15 11:17:27,657.9799257405305,609.880663881024,4.584316501786915,6.000759714872292,10.795240391173989,14.130709261995479,807.4059276686454,557.8686560324908,16882.734340059913,21104.283907744277,True,1,16
2562,allmetal2562 26-02-15 11-18-27.fits,2026-02-15 11:18:27,657.7199024518197,610.223067393624,4.300085607461538,5.428524965605646,10.125927783799517,12.783199403959118,844.4860308363717,540.3667254147903,16871.72619122342,21091.366280236554,True,1,15
2563,allmetal2563 26-02-15 11-19-27.fits,2026-02-15 11:19:27,657.9187594962883,609.8324499416452,4.1178523530879065,5.886162990765327,9.696801263529265,13.860854598973516,895.3244612661505,521.4734554600104,16877.265256199596,21098.092734619975,True,1,16
2564,allmetal2564 26-02-15 11-20-27.fits,2026-02-15 11:20:27,657.4638294880299,609.654850809747,4.181379257211551,6.960586933177337,9.846395690758383,16.390929635426495,858.5497536869731,482.1866187766474,16880.097187250954,21100.693358198183,True,1,16
2565,allmetal2565 26-02-15 11-21-27.fits,2026-02-15 11:21:27,658.5120631169023,608.1616795211963,3.945520957065875,7.932862690909661,9.290991837788418,18.680464079032227,942.7834419268524,462.56079415400905,16882.760870899954,21103.574316241728,True,1,16
2566,allmetal2566 26-02-15 11-22-28.fits,2026-02-15 11:22:28,658.1992407207368,608.4943168912924,4.401690663563963,6.97179755997007,10.365189406586001,16.417328644115383,828.6067839384194,466.9542109632156,16873.692693770714,21093.074849593064,True,1,15
2567,allmetal2567 26-02-15 11-23-28.fits,2026-02-15 11:23:28,657.935827944483,610.1371110558295,4.132867956203449,5.624796155409727,9.732160306733974,13.245382735971843,875.0136938750641,494.62649866200223,16868.757218687977,21087.988404203763,True,1,18
2568,allmetal2568 26-02-15 11-24-27.fits,2026-02-15 11:24:27,658.163147391092,609.975166375278,4.024842643086971,7.898468490491323,9.477780134036546,18.599471926454314,907.6450335722103,490.5223543616891,16859.192941382622,21073.449590944983,True,1,14
2569,allmetal2569 26-02-15 11-25-27.fits,2026-02-15 11:25:27,658.0149271600723,610.104779489286,4.495583157213921,6.180764820683046,10.586289332710862,14.554588893366558,825.4124720656037,558.5183858687948,16853.410647167322,21067.396427444288,True,1,14
2570,allmetal2570 26-02-15 11-26-27.fits,2026-02-15 11:26:27,657.9000876396328,610.5494187230042,4.041607629217798,5.771066237537778,9.517258659432082,13.589822457355302,883.3833028940302,560.837076901638,16883.267666722244,21104.901344642356,True,1,14
2571,allmetal2571 26-02-15 11-27-27.fits,2026-02-15 11:27:27,658.0172683135282,611.2883763623565,4.291562116247159,5.692590219737673,10.105856495834251,13.40502555758541,862.498195109159,545.4201710048798,16877.856878299976,21098.781529617274,True,1,15
2572,allmetal2572 26-02-15 11-28-27.fits,2026-02-15 11:28:27,657.5749374316299,608.4276984629131,3.9232699410205676,9.69797192334788,9.238594699182622,22.83697868124694,891.1745781166603,417.47853271881814,16818.13830418342,21021.32072885963,True,1,16
2573,allmetal2573 26-02-15 11-29-27.fits,2026-02-15 11:29:27,657.4165598896387,611.806450034759,3.9877062670656014,4.95446709798675,9.390330651381618,11.666878434785515,908.3261136026921,604.2523354978606,16841.325505564306,21053.19510332406,True,1,14
2574,allmetal2574 26-02-15 11-30-27.fits,2026-02-15 11:30:27,657.9872998234046,609.2275528104299,4.183328270043293,7.525817716341989,9.85098526524259,17.72194641369116,872.2453003347946,467.9117170602944,16839.087182115847,21049.171009118832,True,1,16
2575,allmetal2575 26-02-15 11-31-27.fits,2026-02-15 11:31:27,658.2025211139064,611.180749114815,4.283498806308518,5.504822890477895,10.086868851961443,12.962867286842558,847.9793357231938,571.1933236182026,16872.03291235527,21091.235706412917,True,1,14
2576,allmetal2576 26-02-15 11-32-27.fits,2026-02-15 11:32:27,657.586449914418,610.4098028097604,4.246736502617513,5.243002324545832,10.000300242328349,12.346326969984387,892.0372469673715,594.1791660198074,16883.727556722293,21106.306781389467,True,1,15
2577,allmetal2577 26-02-15 11-33-28.fits,2026-02-15 11:33:28,657.5260833022687,609.4632600419023,4.317855989969134,8.26397706155426,10.16777383673627,19.460178836223932,825.4272733151302,450.1980484188276,16861.62514537595,21076.648705201213,True,1,15
2578,allmetal2578 26-02-15 11-34-27.fits,2026-02-15 11:34:27,657.4106701038253,610.3275609738456,4.52591994769793,5.510655400800275,10.657727015044511,12.976601799062546,836.8993946567738,549.6235874584246,16858.96917551546,21075.56929576135,True,1,14
2579,allmetal2579 26-02-15 11-35-27.fits,2026-02-15 11:35:27,657.9636683396043,610.3183229416055,4.050534551251925,7.940896731836226,9.538279954378474,18.6993827996487,901.932041527393,470.57179174051885,16862.7168106521,21078.19172524462,True,1,16
2580,allmetal2580 26-02-15 11-36-27.fits,2026-02-15 11:36:27,657.728716982108,609.3487193021449,4.3330429529225,7.742336884746045,10.203536401522,18.231810091582464,860.2454216952947,502.9040547402022,16843.39343150681,21053.83501978481,True,1,15
2581,allmetal2581 26-02-15 11-37-27.fits,2026-02-15 11:37:27,658.0932714559415,610.6932842045962,4.444194511431941,6.6851565879799795,10.465278319536461,15.742340737545963,835.7271312683639,486.8277089447057,16850.43128661533,21064.164188935836,True,1,16
2582,allmetal2582 26-02-15 11-38-27.fits,2026-02-15 11:38:27,657.4703292769826,611.323564867521,4.0646499709917725,5.498890543824922,9.571519227725892,12.948897678030065,919.6592135279731,583.8706293574467,16876.619524142006,21097.065544194862,True,1,14
2583,allmetal2583 26-02-15 11-39-27.fits,2026-02-15 11:39:27,657.6855295681702,611.0967803458956,4.422551598058317,5.574216711915858,10.414313153291383,13.12627724856597,834.8528524616588,589.5079717585378,16849.38834193319,21062.729595868863,True,1,15
2584,allmetal2584 26-02-15 11-40-27.fits,2026-02-15 11:40:27,657.2562109899453,609.4824597918727,4.401442774208879,7.903922064108976,10.364605671763698,18.612314110926214,842.6602435832064,473.8850984396125,16875.30555793118,21094.042281469618,True,1,15
2585,allmetal2585 26-02-15 11-41-28.fits,2026-02-15 11:41:28,657.2203649298206,610.6860814423162,3.886571997509368,4.896412234731137,9.152177646191037,11.530169679079668,941.0031917882344,601.8243949272296,16874.210599160022,21094.5024580777,True,1,15
2586,allmetal2586 26-02-15 11-42-28.fits,2026-02-15 11:42:28,657.7132277712375,610.604035253078,4.357472918004396,5.4966030941550335,10.261064572996252,12.943511145695412,855.3313942161342,542.4346516116017,16871.85749015658,21091.646843252398,True,1,16
2587,allmetal2587 26-02-15 11-43-27.fits,2026-02-15 11:43:27,657.9773296537946,609.7922127914229,4.128448618218766,6.740207702489618,9.721753561061874,15.871976205494555,888.3752824786718,524.8188225217643,16862.05520374466,21077.887776874773,True,1,15
2588,allmetal2588 26-02-15 11-44-27.fits,2026-02-15 11:44:27,657.5920575714106,609.9206747062393,4.504226657879495,7.348556466974877,10.606643221337395,17.30452807047425,829.6549258176514,504.59807768173977,16862.42175457658,21078.09790351924,True,1,15
2589,allmetal2589 26-02-15 11-45-27.fits,2026-02-15 11:45:27,657.4483209497344,610.6898010553243,4.397664396049999,5.7866647098889334,10.35570827113746,13.626554052719664,840.5219829205674,535.1326025146625,16876.161457566202,21096.66981666995,True,1,16
2590,allmetal2590 26-02-15 11-46-27.fits,2026-02-15 11:46:27,657.4707322072826,609.8830589070288,4.083233768387005,6.57875773569771,9.615280726344979,15.491790587423388,900.546913739112,519.0841749505003,16878.01466246963,21098.16019756492,True,1,17
2591,allmetal2591 26-02-15 11-47-27.fits,2026-02-15 11:47:27,657.4775941589205,610.1465793567847,4.117046364784941,5.313150863689851,9.694903306117382,12.511514156090362,880.1789218577026,549.1861418890477,16851.85362288505,21066.544811719923,True,1,14
2592,allmetal2592 26-02-15 11-48-27.fits,2026-02-15 11:48:27,657.1795040733002,609.8449888912667,4.344325410856363,7.581073911330924,10.230104559621877,17.85206480926324,866.1079927201753,475.41805700649803,16875.41204896061,21094.652990147675,True,1,17
2593,allmetal2593 26-02-15 11-49-27.fits,2026-02-15 11:49:27,657.5107717110177,610.4312609047206,4.2811709566901,4.976788260212117,10.081387185018174,11.719440755022196,831.5762385972035,608.9651263584013,16854.94851752138,21069.98162644896,True,1,14
2594,allmetal2594 26-02-15 11-50-28.fits,2026-02-15 11:50:28,656.762520251036,609.5396151331911,4.467328740011434,7.312857860303419,10.519755264721779,17.22046427590463,818.8610106036869,456.6911372604402,16851.79566378932,21065.523994113846,True,1,16
2595,allmetal2595 26-02-15 11-51-28.fits,2026-02-15 11:51:28,657.3653806040992,609.7889354390593,4.227124016251136,5.925922423578719,9.954116366299909,13.954480908341552,871.3112498643375,590.3805180449365,16854.063855744043,21068.03167748088,True,1,13
2596,allmetal2596 26-02-15 11-52-28.fits,2026-02-15 11:52:28,657.8189585945643,610.9020631506795,4.112139325364041,6.121433436832449,9.683348111327287,14.414874161375746,910.194468111337,541.7076842144718,16887.089121239846,21109.906202719543,True,1,15
2597,allmetal2597 26-02-15 11-53-28.fits,2026-02-15 11:53:28,657.5325253773595,611.4120770383603,4.188165631454242,5.125097255669765,9.862376380858153,12.06868175038427,898.9944003667918,606.1732669051389,16878.678281256118,21099.95963433123,True,1,14
2598,allmetal2598 26-02-15 11-54-28.fits,2026-02-15 11:54:28,657.8086341796266,611.5412791039794,4.371279851280318,5.383653131137626,10.293577416234799,12.677534308696515,848.4791458288042,551.1973411246447,16877.935989561123,21099.235051389212,True,1,15
2599,allmetal2599 26-02-15 11-55-28.fits,2026-02-15 11:55:28,657.1015559840724,610.1352617314201,4.8208592999227,5.330172353860162,11.352256113731842,12.551596702339708,749.46458913761,607.7978071210886,16867.067494755363,21084.748397370615,True,1,15
2600,allmetal2600 26-02-15 11-56-28.fits,2026-02-15 11:56:28,657.623991451481,609.8011346325535,4.084657923654989,7.397573475839768,9.618634355717266,17.41995430549676,896.6928362145544,485.353661153999,16885.43204217247,21106.966897600185,True,1,15
2601,allmetal2601 26-02-15 11-57-28.fits,2026-02-15 11:57:28,657.297523613363,610.1174240058485,4.72032055376718,5.883229489152457,11.115505458982545,13.853946730573398,799.4819642795375,597.6680641241495,16872.176920524154,21090.85170660795,True,1,14
2602,allmetal2602 26-02-15 11-58-28.fits,2026-02-15 11:58:28,657.7305060432682,610.1500756632518,4.160901122800005,5.3932881174783445,9.798173369361235,12.700222967665239,886.2319146438822,574.8405800871794,16830.63261691768,21039.72826979884,True,1,14
2603,allmetal2603 26-02-15 11-59-28.fits,2026-02-15 11:59:28,658.4584707125094,610.1713680578464,4.373612763094612,6.069715912242463,10.299071003738389,14.293088697791868,856.9347246202468,542.8024891870513,16871.826879886758,21090.89308574544,True,1,17
2604,allmetal2604 26-02-15 12-00-28.fits,2026-02-15 12:00:28,658.1992842389458,609.6850037613078,4.21289206225789,6.328906044178752,9.920602675756653,14.903434815949657,873.98014108732,569.1727877804126,16854.336433438577,21068.11574276073,True,1,11
2605,allmetal2605 26-02-15 12-01-29.fits,2026-02-15 12:01:29,658.0753108819966,610.4360371827672,4.501924065233864,5.310528579069809,10.601221030019923,12.50533914770331,830.4374461639629,602.1701501031463,16846.27015933404,21059.16132745051,True,1,12
2606,allmetal2606 26-02-15 12-02-28.fits,2026-02-15 12:02:28,658.5678047501742,609.2626199312815,4.3633653387191105,7.032343408609007,10.274940163409019,16.559903222133762,864.1193704872616,493.1775360908948,16865.99127892519,21083.22903060773,True,1,15
2607,allmetal2607 26-02-15 12-03-28.fits,2026-02-15 12:03:28,658.0448430625054,611.098288882014,5.007166794957389,6.102974665913373,11.790976737579031,14.371407077608872,733.4006102990237,549.5909998792741,16840.83438382294,21051.821697205447,True,1,14
2608,allmetal2608 26-02-15 12-04-28.fits,2026-02-15 12:04:28,657.7409286477553,610.3041700107731,4.281885773497813,5.792971151228435,10.083070449965502,13.641404587198734,869.3212975654252,566.4375489056781,16862.695696170256,21079.449081338047,True,1,16
2609,allmetal2609 26-02-15 12-05-28.fits,2026-02-15 12:05:28,658.3358943437106,610.6987131772751,4.4513102589498175,4.9029281297633585,10.482034624426936,11.54551343931286,841.0138546097526,632.3611033554187,16886.823556487183,21110.10390325714,True,1,11
2610,allmetal2610 26-02-15 12-06-28.fits,2026-02-15 12:06:28,658.0368220672239,610.4277424044442,4.877658180732446,5.591959400963049,11.486007256797958,13.168058088387047,790.3112562711877,583.8128857092925,16885.07443629904,21107.787808625893,True,1,15
2611,allmetal2611 26-02-15 12-07-28.fits,2026-02-15 12:07:28,658.1799227076258,609.6056500110839,4.560250129583454,5.425466740638857,10.738568415498102,12.77599783450511,832.192999504781,589.1167784433075,16886.026035201314,21108.998272209046,True,1,14
2612,allmetal2612 26-02-15 12-08-28.fits,2026-02-15 12:08:28,657.9883953792632,610.1815318364879,4.874397534318489,5.849385519653254,11.478329021262613,13.774250272793257,761.7382983932657,556.6249465047359,16871.556133502952,21090.564095816753,True,1,15
2613,allmetal2613 26-02-15 12-09-29.fits,2026-02-15 12:09:29,658.1589763917722,608.7455261417904,4.179586849538487,7.67297583356817,9.842174893240983,18.068477297924385,860.1336740622529,499.28427648632305,16875.233330349798,21093.46398108069,True,1,16
2614,allmetal2614 26-02-15 12-10-28.fits,2026-02-15 12:10:28,657.40594127089,609.1945564067678,4.54022380237696,5.992643001231295,10.6914100187639,14.111595862013882,821.5119123205161,595.6992587537281,16882.442701323125,21103.445122847264,True,1,9
2615,allmetal2615 26-02-15 12-11-28.fits,2026-02-15 12:11:28,657.6305878132542,610.6448709749737,4.610652339232571,5.145536931507138,10.857256549093695,12.116813508760051,822.6897111975505,597.8525172992597,16885.532044880867,21108.66985262135,True,1,16
2616,allmetal2616 26-02-15 12-12-28.fits,2026-02-15 12:12:28,657.541197845277,610.360613078454,4.334256971238785,6.403859175788382,10.206395196188222,15.079935952701856,866.4197401594535,523.5523466017031,16886.72882377885,21109.396375257147,True,1,16
2617,allmetal2617 26-02-15 12-13-28.fits,2026-02-15 12:13:28,658.1407956895195,609.9619473054732,4.801156928781683,6.196727794265415,11.305860575234338,14.59217882353662,776.4893183401499,580.68142070029,16888.768102971073,21111.277673388013,True,1,15
2618,allmetal2618 26-02-15 12-14-28.fits,2026-02-15 12:14:28,657.8409429687175,608.7757297595763,4.3215705975609815,6.687655390848244,10.176521069152978,15.748224968628733,851.3365275380014,536.9526218920741,16870.99596607483,21088.96075478201,True,1,15
2619,allmetal2619 26-02-15 12-15-28.fits,2026-02-15 12:15:28,657.2484782207827,610.1276133507484,4.195023025470655,4.944194728755087,9.878524309744677,11.642688853808837,891.0397108802512,623.93244855406,16885.915932575652,21108.993597642042,True,1,14
2620,allmetal2620 26-02-15 12-16-29.fits,2026-02-15 12:16:29,657.9696253717792,610.2078600632514,4.197695813784949,5.978328595932783,9.884818245243302,14.07788801348425,913.5229327437287,581.5276509941654,16885.496761040096,21107.747605360742,True,1,12
2621,allmetal2621 26-02-15 12-17-29.fits,2026-02-15 12:17:29,657.8121254316148,610.3748473167229,4.696440888144527,4.787859428638806,11.059273143705687,11.274547355349089,802.6815746924019,635.8099029812677,16881.32550520816,21103.43300907867,True,1,14
2622,allmetal2622 26-02-15 12-18-28.fits,2026-02-15 12:18:28,656.8779980761364,610.8115160317267,4.192822854453785,5.595324177754841,9.873343302931655,13.175981532223414,900.2687754543277,585.1516838019242,16885.912743535082,21108.6162254387,True,1,14
2623,allmetal2623 26-02-15 12-19-28.fits,2026-02-15 12:19:28,657.063142819228,608.5128805012563,4.425596792617138,7.005092315327755,10.421484038479512,16.49573180142606,853.706365252206,516.3085849437738,16884.349653856094,21105.832083646437,True,1,15
2624,allmetal2624 26-02-15 12-20-28.fits,2026-02-15 12:20:28,656.7522608458167,610.7290143717706,4.5072145500220495,5.197180654080623,10.613679169647073,12.238425181876112,849.8770811600707,610.8980307932555,16884.682159380613,21107.457604470852,True,1,15
2625,allmetal2625 26-02-15 12-21-28.fits,2026-02-15 12:21:28,656.7687750963053,609.6178243403751,4.413244026581165,5.063123600027315,10.392395497406428,11.922744943813584,847.454350878207,631.651365611125,16878.03527575905,21098.8705855045,True,1,9
2626,allmetal2626 26-02-15 12-22-28.fits,2026-02-15 12:22:28,657.2472722750903,608.4916785306062,4.646228698540733,5.68237778486862,10.941032473121776,13.380977111247189,816.4373696264689,593.6904227452342,16885.698804496995,21108.151079928026,True,1,14
2627,allmetal2627 26-02-15 12-23-28.fits,2026-02-15 12:23:28,657.148883429634,608.2560638274454,4.523084303165243,5.409483772872754,10.651049582458358,12.738360821630408,834.7816657877007,621.8429268582519,16875.231643287818,21095.04793008501,True,1,15
2628,allmetal2628 26-02-15 12-24-28.fits,2026-02-15 12:24:28,656.64764352025,607.2059497053655,4.376582114177885,6.372530482855768,10.306063291190014,15.006162518599517,836.0715321481327,536.3556021956034,16877.04523980544,21096.89696176679,True,1,14
2629,allmetal2629 26-02-15 12-25-28.fits,2026-02-15 12:25:28,656.972408941721,607.9080579518492,4.431386419422816,5.681976741109062,10.435117567734773,13.380032725363249,829.0661044594689,556.7478620555647,16857.953802819062,21073.691856324902,True,1,15
2630,allmetal2630 26-02-15 12-26-29.fits,2026-02-15 12:26:29,656.4742977316736,607.3553051781727,4.221641773067836,5.893231853177667,9.94120667016014,13.877500497877659,884.3352879903226,558.398745714189,16877.96631825132,21098.541264299394,True,1,15
2631,allmetal2631 26-02-15 12-27-29.fits,2026-02-15 12:27:29,655.7884621899914,607.7437518520552,4.208576898104561,5.450890670858419,9.910441240710796,12.835866615009603,866.1483023489284,590.1464631591818,16888.196647602308,21111.29454918533,True,1,15
2632,allmetal2632 26-02-15 12-28-28.fits,2026-02-15 12:28:28,656.6624115643516,606.3739021609796,4.165304917334605,5.794178529630049,9.808543513005509,13.644247746060792,899.9348418892852,537.3232786950626,16865.92335651301,21083.958980799387,True,1,13
2633,allmetal2633 26-02-15 12-29-28.fits,2026-02-15 12:29:28,655.789098111831,605.6378244846762,4.435160930661755,8.132342221487374,10.444005862460422,19.150202476209987,794.5906620823877,454.02799755024796,16873.811951091076,21091.853270217376,True,1,16
2634,allmetal2634 26-02-15 12-30-28.fits,2026-02-15 12:30:28,656.2867458737534,607.2088627883602,4.616702105620729,5.015627897751349,10.871502660252284,11.810901112041318,800.6108549011952,574.6028972357672,16841.938317298212,21054.415929206712,True,1,16
2635,allmetal2635 26-02-15 12-31-28.fits,2026-02-15 12:31:28,655.9803284657085,605.9027416423703,4.24423905493179,5.8128027627993095,9.994419202456593,13.688104463651097,869.6038271698154,535.2217019449859,16881.15040625434,21102.856965848725,True,1,15
2636,allmetal2636 26-02-15 12-32-28.fits,2026-02-15 12:32:28,656.2603290699649,606.2200471692031,4.410835687256065,4.016893213677139,10.386724291688445,9.459060658315714,835.5054191867994,654.7716653880225,16864.287015745675,21082.941598628684,True,1,15
2637,allmetal2637 26-02-15 12-33-28.fits,2026-02-15 12:33:28,655.6173137753374,605.2970538300203,4.042716363692088,6.406534349354137,9.51986952959676,15.086235505038433,915.7462397002702,537.3959496027737,16887.619691934284,21110.15924397306,True,1,17
2638,allmetal2638 26-02-15 12-34-28.fits,2026-02-15 12:34:28,655.7364372526011,605.4988561025024,4.227315331199541,5.85277319274565,9.954566878575324,13.782227633297245,875.9651141068694,557.3512846453897,16887.57344041756,21110.546144107848,True,1,15
2639,allmetal2639 26-02-15 12-35-28.fits,2026-02-15 12:35:28,656.3004737818412,603.8332830951505,4.229117559947658,8.215099711341647,9.958810802957121,19.345081472195275,857.2003723911635,458.8972958739502,16881.788256486267,21101.88114700354,True,1,15
2640,allmetal2640 26-02-15 12-36-29.fits,2026-02-15 12:36:29,655.7757996273695,604.5426054017504,4.297280124096421,6.517730887220584,10.119321375335337,15.348083341344386,859.8819020652571,538.0361312986917,16877.796581242135,21097.706854811135,True,1,15
2641,allmetal2641 26-02-15 12-37-28.fits,2026-02-15 12:37:28,655.5599725360195,603.8320833041894,4.038876151225111,7.897896976510154,9.510826520302343,18.598126113875438,902.3011030693075,492.67528187878503,16874.496983342608,21092.517052894294,True,1,16
2642,allmetal2642 26-02-15 12-38-28.fits,2026-02-15 12:38:28,656.021941507585,605.837808774614,4.360596265702694,5.179304031277044,10.268419494763807,12.196328952160787,876.2809572791064,596.8433573147082,16839.749924978052,21051.47405019182,True,1,15
2643,allmetal2643 26-02-15 12-39-28.fits,2026-02-15 12:39:28,654.8615995708116,603.3153913356317,4.043482206240018,7.212444401287344,9.521672950979962,16.984008649822684,891.4084849154666,507.77630959116823,16818.363377510883,21022.81245521777,True,1,16
2644,allmetal2644 26-02-15 12-40-28.fits,2026-02-15 12:40:28,655.111439122338,605.9460941418882,4.089572598343662,4.833226180499869,9.63020753018896,11.381377892009464,912.7544739742028,622.3502282240013,16873.76431165839,21093.97965219498,True,1,9
2645,allmetal2645 26-02-15 12-41-28.fits,2026-02-15 12:41:28,654.8447683583786,605.4645336960924,3.7462423589266454,5.5974586992087305,8.821726600344492,13.181007946129581,957.4911869470974,568.5827833267848,16881.93807758693,21103.41245906922,True,1,14
2646,allmetal2646 26-02-15 12-42-28.fits,2026-02-15 12:42:28,655.4205438223038,605.163430173411,4.199363897470029,5.881480815665883,9.888746282141716,13.849828919195,874.2289291669201,530.7147961614583,16851.5903536884,21065.83382645717,True,1,15
2647,allmetal2647 26-02-15 12-43-28.fits,2026-02-15 12:43:28,655.5976903516732,605.3317151740193,4.82056394958809,5.395459282564144,11.351560616843596,12.705335670730351,762.8282272687267,568.9702343098334,16866.9042737989,21085.117199994216,True,1,16
2648,allmetal2648 26-02-15 12-44-28.fits,2026-02-15 12:44:28,655.0154680895214,605.7024864091328,4.819070583859313,5.049116052890702,11.348044009290911,11.889759691034573,760.8498006135079,605.640666815769,16870.82439422581,21090.020367186415,True,1,13
2649,allmetal2649 26-02-15 12-45-28.fits,2026-02-15 12:45:28,655.3400965906496,604.3322718797016,4.065824575877224,7.539204282593525,9.574285210855146,17.753469368234413,910.8058202835591,483.7945482278142,16883.850400473588,21104.949471687647,True,1,17
2650,allmetal2650 26-02-15 12-46-29.fits,2026-02-15 12:46:29,655.7887919662029,603.987223230724,4.432515035575191,7.416573841178741,10.437775255673532,17.464696746659886,828.3568942845095,489.06107882721767,16879.861251532006,21099.935609563276,True,1,17
2651,allmetal2651 26-02-15 12-47-29.fits,2026-02-15 12:47:29,655.8057001119951,604.5695339384841,4.492488916067844,5.9919957372653005,10.57900295163592,14.110071671852332,834.0466112279546,537.4312420743187,16879.82640728493,21101.07220777247,True,1,16
2652,allmetal2652 26-02-15 12-48-29.fits,2026-02-15 12:48:29,656.0602997241626,603.5705014680493,4.511462564350853,7.176824825899247,10.623682478940118,16.9001309597033,827.5277111820757,482.0997156175315,16882.631135575608,21103.958206546857,True,1,14
2653,allmetal2653 26-02-15 12-49-29.fits,2026-02-15 12:49:29,655.6076148136774,604.4131037743592,4.275367839315095,5.729498725558345,10.067721887899845,13.49193844692407,887.3575093867366,568.628172935387,16867.94484718078,21086.242694698623,True,1,14
2654,allmetal2654 26-02-15 12-50-29.fits,2026-02-15 12:50:29,654.808221025743,604.4736084022348,4.39105417606865,6.959981735805527,10.340142392623315,16.389504504524155,848.544214676213,526.261063166844,16877.42444841042,21096.93535514766,True,1,15
2655,allmetal2655 26-02-15 12-51-29.fits,2026-02-15 12:51:29,655.0315796159102,603.0909089457265,4.374093325694606,6.636339564048022,10.300202642181747,15.627385431052234,832.228519952522,529.483437296363,16888.051764386808,21110.374150031377,True,1,14
2656,allmetal2656 26-02-15 12-52-29.fits,2026-02-15 12:52:29,654.7153486110734,602.9998558455876,4.634766897975155,7.7042185188682595,10.914041995397806,18.14204819952963,807.3862805311311,481.7075143689354,16883.511780207937,21104.465284552076,True,1,17
2657,allmetal2657 26-02-15 12-53-29.fits,2026-02-15 12:53:29,655.163134154248,603.8880223456015,4.121822965858979,6.879013064589437,9.706151342073642,16.19883785452499,882.0537176144998,509.4733947802769,16876.533381714406,21095.987387396824,True,1,16
2658,allmetal2658 26-02-15 12-54-29.fits,2026-02-15 12:54:29,654.6676125961983,601.923878442573,4.402228969867511,6.4692902175777895,10.366457021059961,15.23401428147481,848.0398211661493,562.6785466107707,16866.5883525159,21083.46342299374,True,1,16
2659,allmetal2659 26-02-15 12-55-29.fits,2026-02-15 12:55:29,655.3468186629468,602.1932996782372,4.028816221459699,7.269926762813862,9.487137196039148,17.119369266981042,928.0666192066946,502.3380779374538,16883.27710325685,21104.309464045327,True,1,14
2660,allmetal2660 26-02-15 12-56-29.fits,2026-02-15 12:56:29,654.8410346908273,601.6515520493006,4.150977581632435,8.208143746825778,9.774805215702152,19.328701427520784,911.3431648406588,464.87792076340236,16879.813681908272,21099.68676359003,True,1,17
2661,allmetal2661 26-02-15 12-57-29.fits,2026-02-15 12:57:29,655.1278003081048,604.3628020949504,4.261374075850589,4.673556991137869,10.034769093188205,11.005385684325985,868.6045978251458,635.3012733611126,16876.053783586212,21096.859890721862,True,1,15
2662,allmetal2662 26-02-15 12-58-29.fits,2026-02-15 12:58:29,655.1394623260958,604.2300849824404,4.287301376701876,4.566283845089885,10.095823220946363,10.752776729718658,855.5425559858801,643.3551729895632,16862.762316992445,21080.24040232205,True,1,13
2663,allmetal2663 26-02-15 12-59-29.fits,2026-02-15 12:59:29,655.4646841979046,603.3738497376078,4.324224566761208,7.141954648321071,10.182770689024565,16.818017966568423,857.0228471280254,496.76382306435073,16887.91292012396,21110.27814650673,True,1,14
2664,allmetal2664 26-02-15 13-00-29.fits,2026-02-15 13:00:29,655.027222641558,603.8605356049203,4.469467843000133,5.471980759882786,10.524792467317953,12.88552997939567,830.740012731004,594.645023467566,16882.492167966397,21104.238981455008,True,1,15
2665,allmetal2665 26-02-15 13-01-30.fits,2026-02-15 13:01:30,654.7961300466045,603.9300943235794,4.458352998065364,4.954112892086897,10.498619007668148,11.666044343632473,824.1424501751958,578.6091820992284,16878.530352111324,21100.140392628153,True,1,17
2666,allmetal2666 26-02-15 13-02-29.fits,2026-02-15 13:02:29,655.3817797354046,602.6505693791959,4.388902409154777,7.394109192768626,10.335075368762293,17.411796542279173,828.5903206518341,478.3893559849237,16888.17843005178,21110.46620723005,True,1,16
2667,allmetal2667 26-02-15 13-03-29.fits,2026-02-15 13:03:29,654.6000959107404,604.4035715941808,4.054367370367759,5.614760733388986,9.547305553661417,13.221751123037059,898.5052537099986,566.6427180716423,16886.047404763867,21108.688479968125,True,1,14
2668,allmetal2668 26-02-15 13-04-29.fits,2026-02-15 13:04:29,655.5858060734989,604.3613688539031,4.755906528446931,4.607924580031916,11.199304025480387,10.850833167049975,777.0349987436024,584.6623846463574,16882.29042235393,21105.314396902933,True,1,15
2669,allmetal2669 26-02-15 13-05-29.fits,2026-02-15 13:05:29,654.464727325863,602.1639626897937,4.539704670024316,5.479021412463073,10.690187555493871,12.902109449221829,786.827721579265,527.7573663652266,16882.79407056587,21105.158055582975,True,1,17
2670,allmetal2670 26-02-15 13-06-29.fits,2026-02-15 13:06:29,655.148610647776,602.9897420263607,4.175778253809911,5.488154917614088,9.833206335675914,12.923617210232832,896.9277161172939,565.8175675455826,16887.526364468697,21110.974786203013,True,1,16
2671,allmetal2671 26-02-15 13-07-29.fits,2026-02-15 13:07:29,654.9950174805381,603.0111633987907,4.237731619052859,6.1064619174183195,9.979095362007131,14.379618927354784,886.1063474550638,544.0297538552845,16886.79485005951,21109.55345485624,True,1,16
2672,allmetal2672 26-02-15 13-08-29.fits,2026-02-15 13:08:29,655.4983434054802,602.0519970127928,4.010588559960049,6.92038884169664,9.444214333365734,16.296270363835763,942.5416722348608,498.9566347619822,16887.895763302287,21110.670583888335,True,1,16
2673,allmetal2673 26-02-15 13-09-30.fits,2026-02-15 13:09:30,654.8927137562935,601.8607894647329,4.128645222365307,6.3461262826684415,9.722216528447087,14.94398537872539,873.3412811770075,522.1115734590645,16886.138132462496,21108.388254879606,True,1,16
2674,allmetal2674 26-02-15 13-10-29.fits,2026-02-15 13:10:29,654.5159990748341,601.6361510398959,4.410562609833879,6.958258121234884,10.386081243500836,16.385445702383297,840.5366336248993,508.3183825873521,16888.108069350776,21110.551786551525,True,1,16
2675,allmetal2675 26-02-15 13-11-29.fits,2026-02-15 13:11:29,655.2685943429383,601.6477678135942,4.126860849117545,7.197833349857664,9.718014650555439,16.949602253037092,914.966068735603,509.4274264722426,16884.391506188298,21105.75660283691,True,1,16
2676,allmetal2676 26-02-15 13-12-29.fits,2026-02-15 13:12:29,654.5624293931457,601.8946213700219,4.4076414700555056,7.959995886950087,10.379202484996386,18.744357872953977,830.2995086177186,437.75503057408673,16874.44498934718,21093.48494427863,True,1,16
2677,allmetal2677 26-02-15 13-13-29.fits,2026-02-15 13:13:29,655.0553874960401,601.8705678171109,4.325259943294117,7.153607776083593,10.185208814438413,16.845458985410914,861.857413606751,489.4829481626482,16885.357732835306,21107.250847709398,True,1,15
2678,allmetal2678 26-02-15 13-14-29.fits,2026-02-15 13:14:29,653.7356386716457,601.2957166368122,4.001719364175484,7.256910504836786,9.423328973348935,17.08871832178533,891.3265368956339,468.00184216289216,16882.35801668444,21103.365107434136,True,1,16
2679,allmetal2679 26-02-15 13-15-29.fits,2026-02-15 13:15:29,654.453616742288,600.5456942128952,4.629347597555382,6.662151949693706,10.901280518139282,15.688168954180759,790.937956630412,522.5991471433722,16884.485088727666,21106.046714284555,True,1,15
2680,allmetal2680 26-02-15 13-16-29.fits,2026-02-15 13:16:29,653.4533253281195,601.2761040573184,4.009990378586621,5.784249717289232,9.44280572387702,13.620867179737287,914.2611440000222,565.592625300558,16888.06738561315,21111.050286062673,True,1,15
2681,allmetal2681 26-02-15 13-17-29.fits,2026-02-15 13:17:29,654.2488007259309,601.3219197771402,4.615187644899518,5.701663115697827,10.867936377788565,13.42639059485886,783.8657967561081,564.0520267579914,16872.677970007877,21091.830660753352,True,1,16
2682,allmetal2682 26-02-15 13-18-29.fits,2026-02-15 13:18:29,654.2657651671709,600.7716548488279,4.740134495964355,4.816735728175128,11.16216372723954,11.342545844323537,783.7710893002268,591.0601350110569,16883.25189360184,21106.190115454898,True,1,17
2683,allmetal2683 26-02-15 13-19-29.fits,2026-02-15 13:19:29,653.3677445384748,600.1929531275206,4.1586048379525895,7.100155602793858,9.792766031773441,16.71958873629778,898.2061920865793,511.1830253799603,16885.33127341221,21106.923091057128,True,1,15
2684,allmetal2684 26-02-15 13-20-30.fits,2026-02-15 13:20:30,653.4982639857401,599.9869651129706,4.426484816488872,6.255634626343341,10.42357517489314,14.730893812502993,826.2267324696047,512.6409293507373,16879.698092440634,21100.725105401976,True,1,16
2685,allmetal2685 26-02-15 13-21-29.fits,2026-02-15 13:21:29,653.5203180328791,600.9964172981745,3.746259984788826,7.218631954451439,8.821768106078066,16.998579224043187,968.0140700190752,489.2590485448805,16877.84287661877,21097.53529087169,True,1,16
2686,allmetal2686 26-02-15 13-22-29.fits,2026-02-15 13:22:29,653.2996450968097,600.2070935353034,4.5290248635683374,6.540095166666462,10.66503853317428,15.400747194876212,813.3750626895227,469.6017671345791,16859.784447720172,21076.23002178559,True,1,15
2687,allmetal2687 26-02-15 13-23-29.fits,2026-02-15 13:23:29,653.2774078092801,599.7799288987089,3.759499701989931,7.064304563974881,8.85294525753377,16.63516599145167,964.3875622585037,493.0163121690928,16870.271821521088,21088.18932756947,True,1,15
2688,allmetal2688 26-02-15 13-24-29.fits,2026-02-15 13:24:29,653.3600987331957,600.6789181846165,4.201658241597402,6.565837365055344,9.894149049683053,15.461365439645515,894.4618579564552,496.31164813826456,16884.42932177497,21106.759420396444,True,1,17
2689,allmetal2689 26-02-15 13-25-29.fits,2026-02-15 13:25:29,654.9537776686064,599.7993067298768,4.480054005277263,7.288909266781621,10.549720974448089,17.1640696478292,834.9134863435911,480.06397542538303,16886.694580817955,21108.95893535112,True,1,17
2690,allmetal2690 26-02-15 13-26-29.fits,2026-02-15 13:26:29,653.5138203139625,600.7957602808933,4.203601012040651,6.134547571475093,9.89872392446571,14.445755588505481,860.3571643100362,510.5215871798331,16883.048072325117,21104.996771490903,True,1,17
2691,allmetal2691 26-02-15 13-27-29.fits,2026-02-15 13:27:29,653.3386727226474,597.5204200769275,4.707731854221505,8.69186784885086,11.085861336951519,20.467784639234043,761.5499943556201,436.21921421335276,16846.565080911987,21057.701141667894,True,1,14
2692,allmetal2692 26-02-15 13-28-30.fits,2026-02-15 13:28:30,653.7671699675617,599.7974757955978,4.450959587910219,6.5451893649465465,10.481208857233678,15.412743115099516,846.6355548985003,487.7778461351245,16836.233727186063,21046.70150646786,True,1,15
2693,allmetal2693 26-02-15 13-29-29.fits,2026-02-15 13:29:29,654.1019406625684,599.6682133001477,4.452074109510223,7.331439877733206,10.483833355037987,17.264221583025407,857.64630303553,474.0971361396814,16882.83275700801,21104.37932099112,True,1,16
2694,allmetal2694 26-02-15 13-30-29.fits,2026-02-15 13:30:29,654.0019514247138,600.204703850771,4.359690996283647,6.5300310737017,10.266287748189683,15.377048067027735,834.5157289265167,499.195920936388,16875.518990650813,21095.32517691046,True,1,16
2695,allmetal2695 26-02-15 13-31-29.fits,2026-02-15 13:31:29,652.8149758924721,601.6096529022652,4.4469028766453755,5.44077651884736,10.471656032230321,12.812049607115473,832.7915723136199,542.1754136628869,16880.243043053575,21102.148251349958,True,1,15
2696,allmetal2696 26-02-15 13-32-29.fits,2026-02-15 13:32:29,653.1955447909157,603.5319705638655,4.424336085686919,4.784972915911313,10.418515300529325,11.267750137318151,847.2090562909094,568.1078235463291,16879.81586795644,21102.291045329635,True,1,17
2697,allmetal2697 26-02-15 13-33-29.fits,2026-02-15 13:33:29,652.7947076267827,601.4223379476414,4.440124781721238,7.039698225888659,10.45569483843584,16.577222493291426,831.1617650567964,485.9557851780565,16883.906549786727,21105.542841375827,True,1,16
2698,allmetal2698 26-02-15 13-34-29.fits,2026-02-15 13:34:29,652.906544380907,600.5674300020844,4.495729877118396,7.719090031267168,10.586634831682925,18.177067935026503,821.6026709748035,441.0271939735549,16880.706451507533,21101.591419536846,True,1,16
2699,allmetal2699 26-02-15 13-35-29.fits,2026-02-15 13:35:29,652.8266496114796,601.1073603032826,4.128625158990616,6.272012602609455,9.722169282810192,14.769460999311478,887.442267125785,505.746613676708,16884.41478388812,21106.722511642216,True,1,16
2700,allmetal2700 26-02-15 13-36-29.fits,2026-02-15 13:36:29,652.6073722237248,600.3868447447206,4.363263368554392,6.178207503473019,10.274700042021145,14.548566871538885,845.7750019281486,511.9704309561535,16885.352884143234,21107.981821727022,True,1,17
2701,allmetal2701 26-02-15 13-37-29.fits,2026-02-15 13:37:29,652.3805270867128,600.2302211513346,4.319132512865911,4.391104673827276,10.170779818441542,10.340261305757558,823.1750489000341,577.4551763154244,16822.110881651468,21030.134792503795,True,1,12
2702,allmetal2702 26-02-15 13-38-29.fits,2026-02-15 13:38:29,652.4496527595579,599.979448993416,4.552342343172821,4.995006055029827,10.71994700154652,11.762340383435202,804.0473655179429,547.1455379194651,16887.146087001875,21111.202535879696,True,1,14
2703,allmetal2703 26-02-15 13-39-29.fits,2026-02-15 13:39:29,652.7144543400294,598.8524701847197,4.15746336521631,7.581543044388492,9.790078068893195,17.85316953319099,887.7070129549672,477.2969876191745,16871.78751106324,21089.910542429512,True,1,16
2704,allmetal2704 26-02-15 13-40-30.fits,2026-02-15 13:40:30,652.5821594584028,598.0130793933207,4.474730586249248,8.248674731692004,10.537185280612821,19.424144603128617,818.1870181511816,447.72553638123475,16874.163919213785,21092.626626010802,True,1,15
2705,allmetal2705 26-02-15 13-41-30.fits,2026-02-15 13:41:30,652.962357272061,598.1468333239375,3.941116527423211,7.649684115698663,9.280620198578944,18.013629493802064,913.6392027433438,442.56803939031937,16887.103309968483,21109.406050453137,True,1,15
2706,allmetal2706 26-02-15 13-42-29.fits,2026-02-15 13:42:29,653.4982834237802,600.4330842205371,4.085807360587934,5.475705997606393,9.621341072847462,12.894302243859725,911.7897959931591,553.4985735701704,16886.740479213327,21110.125900774965,True,1,17
2707,allmetal2707 26-02-15 13-43-29.fits,2026-02-15 13:43:29,652.84580732807,599.9799308841134,4.188890755489033,6.848813602630878,9.864083917470412,16.127723556155825,868.3336635541807,485.20588570221184,16876.304299587195,21096.149669889997,True,1,18
2708,allmetal2708 26-02-15 13-44-29.fits,2026-02-15 13:44:29,652.552647247372,598.4046575027822,4.049085944388615,7.510643416643232,9.534868745899383,17.68621366859122,902.9731801258879,480.15623224457136,16869.718926221845,21087.270889565418,True,1,15
2709,allmetal2709 26-02-15 13-45-29.fits,2026-02-15 13:45:29,652.5376838227658,600.4997668892275,4.522118390320484,4.486615342890879,10.648775031529766,10.565171743782848,797.9687157605722,626.3371835975843,16866.099851012314,21084.57913924323,True,1,14
2710,allmetal2710 26-02-15 13-46-29.fits,2026-02-15 13:46:29,652.4855876593548,599.4055429469987,4.358940228805458,6.133316105321839,10.264519825882884,14.44285570732302,854.3861480313263,518.3931476759545,16866.84825740583,21084.89380172937,True,1,17
2711,allmetal2711 26-02-15 13-47-29.fits,2026-02-15 13:47:29,652.7746746797695,598.1628334110458,4.252105619447928,7.26157456054916,10.012943546264722,17.09970133366797,869.7684433337135,486.58340162174886,16875.88876415746,21095.26482007098,True,1,15
2712,allmetal2712 26-02-15 13-48-29.fits,2026-02-15 13:48:29,652.4117060253992,599.3347602184275,3.981583582456752,6.479425491303821,9.375912830935297,15.257881027206745,936.717420756369,507.72995730554527,16883.70486898675,21105.707713099317,True,1,15
2713,allmetal2713 26-02-15 13-49-30.fits,2026-02-15 13:49:30,652.3726160414599,599.6503934514892,4.0889828783652105,5.503608540483445,9.628818845762746,12.960007711133944,910.2076495428747,549.1203891645144,16885.917790620548,21109.10996993619,True,1,15
2714,allmetal2714 26-02-15 13-50-30.fits,2026-02-15 13:50:30,652.5404606795829,596.5164697751588,4.311486014293973,8.146029272005935,10.15277369033004,19.182433017128446,859.2109241721108,485.65293534332403,16866.548637504708,21082.569746113244,True,1,15
2715,allmetal2715 26-02-15 13-51-30.fits,2026-02-15 13:51:30,652.7184814364396,597.688675308938,4.264788430797735,7.1910374491318985,10.042809284658594,16.93359912978402,864.8506914291601,515.8177577777183,16881.02932748317,21101.235597579747,True,1,16
2716,allmetal2716 26-02-15 13-52-30.fits,2026-02-15 13:52:30,652.438884066592,598.352125577207,4.153317113286898,7.053818448186293,9.780314391738065,16.610473075798186,875.5055400326163,484.4597746035953,16876.315834035468,21095.93078221995,True,1,16
2717,allmetal2717 26-02-15 13-53-30.fits,2026-02-15 13:53:30,652.2953718488317,599.831474545584,4.4995013175579,4.9682647435394065,10.59551589522851,11.699369407107143,786.886110547592,596.4334855972585,16873.338315805508,21093.086191558286,True,1,13
2718,allmetal2718 26-02-15 13-54-30.fits,2026-02-15 13:54:30,652.125047562103,598.3458074382634,4.368997036015016,7.323415598251671,10.288201797088965,17.245325848855355,844.3664194266865,463.2754351810729,16865.82028287812,21083.000601040458,True,1,16
2719,allmetal2719 26-02-15 13-55-30.fits,2026-02-15 13:55:30,652.2414693362107,599.5706396952777,4.563791759030183,6.965219589675275,10.74690831551133,16.40183870780958,805.8759956137529,478.64790438217176,16875.144528615914,21094.7726393004,True,1,16
2720,allmetal2720 26-02-15 13-56-30.fits,2026-02-15 13:56:30,652.4845472463585,599.1669544717936,5.026718454512578,6.78149222409964,11.837017377413211,15.969193824531347,726.457630056389,477.16684852419183,16882.42621140755,21104.050579427872,True,1,15
2721,allmetal2721 26-02-15 13-57-30.fits,2026-02-15 13:57:30,652.1703843354694,599.8253207875111,4.4370732001862265,5.9603560538302025,10.448508913068148,14.035565911080928,839.0407432229882,530.0573852507802,16863.112586482443,21080.270246292,True,1,17
2722,allmetal2722 26-02-15 13-58-31.fits,2026-02-15 13:58:31,651.7320056512981,598.682692898145,4.038043241999481,6.886886138850428,9.508865168962139,16.217377527610786,910.5931938694118,483.29953354393905,16872.973508597057,21092.07018172894,True,1,14
2723,allmetal2723 26-02-15 13-59-30.fits,2026-02-15 13:59:30,652.3783756027038,599.6821520501433,4.425595584082059,5.865431490846983,10.421481192596884,13.81203564740224,850.422565929904,540.0693548012496,16885.432021691006,21108.248685370985,True,1,16
2724,allmetal2724 26-02-15 14-00-30.fits,2026-02-15 14:00:30,652.0544320508766,598.4661349250027,4.336258594489531,7.625650035435861,10.21110865874168,17.957033559835335,854.2566997454203,450.8672498208312,16885.898243857497,21108.024239541464,True,1,17
2725,allmetal2725 26-02-15 14-01-30.fits,2026-02-15 14:01:30,652.1506339721155,598.6724404199749,4.206549437448742,7.878184989734949,9.905666935717962,18.5517079322898,884.942608474713,447.14806911423125,16888.336670941102,21110.910021919794,True,1,16
2726,allmetal2726 26-02-15 14-02-30.fits,2026-02-15 14:02:30,651.5273924310858,599.6693774010945,4.083062429018285,5.632019074713601,9.614877252965014,13.262391411132247,890.3293212186222,566.1007578441223,16887.586506973727,21110.577286565043,True,1,15
2727,allmetal2727 26-02-15 14-03-30.fits,2026-02-15 14:03:30,652.0400071033026,599.486086310281,4.319125050608549,7.105627879690049,10.170762246168325,16.73247496362489,833.5798123006015,494.0208215367598,16885.711951061854,21107.360265866806,True,1,16
2728,allmetal2728 26-02-15 14-04-30.fits,2026-02-15 14:04:30,651.0260029243703,599.0469605649909,4.267881628606633,6.634377711365717,10.050093208862231,15.622765621030545,868.1476977736407,530.2502931448531,16881.588720476393,21102.444317065067,True,1,14
2729,allmetal2729 26-02-15 14-05-30.fits,2026-02-15 14:05:30,651.0074160973861,599.878480939016,4.598049253248097,6.355070523349921,10.827578549588207,14.96504745596972,801.8083278195851,492.71883123870714,16880.564591970942,21102.065515421647,True,1,17
2730,allmetal2730 26-02-15 14-06-30.fits,2026-02-15 14:06:30,652.1316091925655,598.6863068287563,4.1483531468666515,7.451470592817546,9.768625144108809,17.54687231692541,877.1483994041236,448.32724305399984,16882.2313111289,21103.518665770443,True,1,16
2731,allmetal2731 26-02-15 14-07-30.fits,2026-02-15 14:07:30,651.5147978257163,598.4399878836738,4.136006072436239,8.256872728465781,9.739550005742585,19.44344941026061,878.705067713584,439.62184057462986,16879.89616166082,21099.88104104757,True,1,16
2732,allmetal2732 26-02-15 14-08-30.fits,2026-02-15 14:08:30,651.2777346002173,600.842384868242,4.406518937233356,6.216359717721958,10.376559122205583,14.638408470414602,815.4255627373027,508.7332614176546,16883.597822575095,21105.551626837492,True,1,17
2733,allmetal2733 26-02-15 14-09-30.fits,2026-02-15 14:09:30,651.7889927912213,599.791379447388,4.1098294737137,7.612250369108975,9.677908826360017,17.925479756972056,895.744103609245,457.4650573214891,16851.954070438416,21065.429757507918,True,1,15
2734,allmetal2734 26-02-15 14-10-30.fits,2026-02-15 14:10:30,650.956440509363,599.738204053558,4.487286082720217,8.129481256514257,10.566751215377973,19.143465418543162,843.1942160414777,426.77310314132257,16881.17873962876,21102.24257197217,True,1,16
2735,allmetal2735 26-02-15 14-11-30.fits,2026-02-15 14:11:30,651.481278446185,598.8997226249559,4.22234485467207,8.08425507978658,9.94286230081508,19.036965911024716,876.777292995303,459.3987341686574,16878.33775117253,21097.893204955155,True,1,15
2736,allmetal2736 26-02-15 14-12-30.fits,2026-02-15 14:12:30,651.0662687690104,599.204138253907,4.46619394037995,7.757064377649103,10.517083015802468,18.266490687083632,855.911108711345,469.3382874400169,16851.3960935979,21064.69057640287,True,1,16
2737,allmetal2737 26-02-15 14-13-30.fits,2026-02-15 14:13:30,651.1904359105941,599.5534439010652,4.2285019710103535,6.782761898177294,9.957361201788059,15.972183678500063,875.9837420088852,472.8823137238104,16867.974375597627,21086.183710706697,True,1,15
2738,allmetal2738 26-02-15 14-14-30.fits,2026-02-15 14:14:30,651.296983655462,600.3215450822298,3.921114174323803,5.621130890143102,9.233518256552673,13.236751695851641,945.5354554870376,546.4764127535606,16871.161362602794,21090.507910675606,True,1,15
2739,allmetal2739 26-02-15 14-15-30.fits,2026-02-15 14:15:30,650.6224294111034,599.5708654984915,4.356008738325744,6.9541800075523375,10.257616693339436,16.375842478537724,825.6579840502923,477.6535753366054,16881.320099554316,21102.32300834355,True,1,16
2740,allmetal2740 26-02-15 14-16-30.fits,2026-02-15 14:16:30,651.0825882445512,599.4494450161114,4.0639975153366645,7.191971895637827,9.56998281207075,16.93579958314719,914.595465810333,481.63893451220173,16883.97896798574,21105.592974480325,True,1,16
2741,allmetal2741 26-02-15 14-17-30.fits,2026-02-15 14:17:30,651.221752720015,598.8443334147707,4.147210456160532,8.181219842491522,9.765934313128767,19.26530047790398,880.5947506544751,440.6635491170191,16882.906846928934,21103.748232937873,True,1,16
2742,allmetal2742 26-02-15 14-18-31.fits,2026-02-15 14:18:31,651.4315973663896,601.0379536703922,4.614355264283685,5.620197476721047,10.865976271229306,13.234553675215084,783.354703869221,523.3331692634698,16885.283866148693,21108.253335220383,True,1,16
2743,allmetal2743 26-02-15 14-19-31.fits,2026-02-15 14:19:31,651.676426244098,598.6621048919674,4.137443100397354,8.496510196170671,9.742933947990688,20.00775252275254,869.99191360706,420.4549068653063,16879.961942301372,21100.018869730662,True,1,15
2744,allmetal2744 26-02-15 14-20-30.fits,2026-02-15 14:20:30,651.8426936515715,598.4039463102465,4.4336239894394724,7.734754309870309,10.440386642462157,18.21395449227213,819.3479711293337,455.9182231479007,16884.511890267007,21105.89998762389,True,1,18
2745,allmetal2745 26-02-15 14-21-30.fits,2026-02-15 14:21:30,651.3780991451285,599.8136464679637,4.267700067745155,8.540059224010934,10.04966566570623,20.1103026464524,872.1805448884592,426.7104785699107,16888.40298107357,21110.69483768169,True,1,16
2746,allmetal2746 26-02-15 14-22-30.fits,2026-02-15 14:22:30,651.3421776823659,599.2618354613569,3.98066286546433,7.095480140922035,9.373744708105741,16.708578864962234,933.1660705426469,495.33878219667497,16868.89752317822,21086.611364809996,True,1,16
2747,allmetal2747 26-02-15 14-23-30.fits,2026-02-15 14:23:30,651.0200204138645,599.1695878232013,4.2407241703513465,5.9380210089270165,9.986142281790594,13.98297089963624,856.7875598681711,523.9801159815438,16882.105013702065,21103.909047261957,True,1,15
2748,allmetal2748 26-02-15 14-24-30.fits,2026-02-15 14:24:30,650.5046093045999,599.3869001500251,4.349438020758328,5.856386751424423,10.242143835901448,13.790736913707914,832.1160840790894,507.08888795665536,16884.112435442967,21106.73051202045,True,1,16
2749,allmetal2749 26-02-15 14-25-30.fits,2026-02-15 14:25:30,651.4282133817763,599.7404216449316,4.669970597998252,5.110829346817056,10.996940373871453,12.035083392617237,781.3998723411204,545.1264859052798,16884.630489524938,21107.90079313849,True,1,15
2750,allmetal2750 26-02-15 14-26-30.fits,2026-02-15 14:26:30,650.673112769139,598.5538507092139,4.443637441715279,7.669560191533418,10.463966520601186,18.0604340755943,811.5130534599726,467.9821541022598,16885.9944714894,21107.534342195147,True,1,16
2751,allmetal2751 26-02-15 14-27-30.fits,2026-02-15 14:27:30,650.6236828072891,597.6275270204125,4.061172076265728,7.939667750681592,9.563329411510496,18.6964887701908,905.4330006489971,452.5308794097079,16886.697522652288,21108.577952016072,True,1,16
2752,allmetal2752 26-02-15 14-28-30.fits,2026-02-15 14:28:30,651.0032624139939,599.9438769968581,4.157093750855195,4.944614373451211,9.789207693586707,11.64367704155106,904.7878897775145,539.4882452753875,16865.771756985436,21084.892007114908,True,1,16
2753,allmetal2753 26-02-15 14-29-30.fits,2026-02-15 14:29:30,651.1973901361048,599.8914334877809,3.755432654018119,7.601289318835772,8.843368091445646,17.899668456074128,971.0073650367626,449.09887674698535,16886.600349790475,21108.820357994005,True,1,16
2754,allmetal2754 26-02-15 14-30-30.fits,2026-02-15 14:30:30,651.0849610506796,599.5576694823119,4.694692792078174,6.290877426128176,11.055156692047998,14.813884263879334,788.9614271158465,534.0007532880443,16850.50829726321,21063.978906431377,True,1,15
2755,allmetal2755 26-02-15 14-31-30.fits,2026-02-15 14:31:30,651.0210972147412,599.0523818952962,4.049550074795745,7.229095444742207,9.5359616894856,17.023218860720874,887.7390365312451,463.42173160968713,16878.563134782034,21098.803217417117,True,1,15
2756,allmetal2756 26-02-15 14-32-30.fits,2026-02-15 14:32:30,650.6779912886689,599.507917918366,4.216814147144799,5.9338549452332945,9.929838479866659,13.973160569341388,885.5049031424373,538.3632624264862,16866.168145268166,21084.03066573785,True,1,15
2757,allmetal2757 26-02-15 14-33-30.fits,2026-02-15 14:33:30,650.7970406805318,599.1886122786242,4.380992106097893,5.696646674402034,10.316448028561675,13.414577778340806,854.8067525553544,529.282081583864,16845.28275286502,21058.389826463743,True,1,15
2758,allmetal2758 26-02-15 14-34-30.fits,2026-02-15 14:34:30,650.0367369108004,599.4238995644578,4.200997998734247,4.612210936629283,9.892594296554309,10.860926765485605,884.1125677058159,620.402909023155,16879.757807609138,21101.784629820104,True,1,15
2759,allmetal2759 26-02-15 14-35-30.fits,2026-02-15 14:35:30,650.5895801297555,597.8614199001962,4.186867812953331,8.281823312624493,9.859320251837394,19.502203545972773,893.2439741733848,460.0274260338893,16856.719902215027,21070.72859616509,True,1,14
2760,allmetal2760 26-02-15 14-36-30.fits,2026-02-15 14:36:30,651.2181976697518,598.843481094072,4.21251573103806,7.400619455432476,9.919716483456627,17.427127039298423,887.4318773337948,462.5585165473706,16886.145640253115,21108.45337992731,True,1,15
2761,allmetal2761 26-02-15 14-37-30.fits,2026-02-15 14:37:30,651.2976802389412,600.1455576536615,4.464334051753348,5.592457129846797,10.512703312783021,13.169230150339487,836.2798391112459,561.8726515727508,16871.00833779433,21090.20756884556,True,1,15
2762,allmetal2762 26-02-15 14-38-30.fits,2026-02-15 14:38:30,650.6057283176046,599.2842737779976,4.6279792979928525,7.915485218527504,10.89805841890183,18.63954325873475,799.1308540687012,456.90506030304914,16887.66764345629,21109.78463365969,True,1,16
2763,allmetal2763 26-02-15 14-39-30.fits,2026-02-15 14:39:30,650.5878366400822,597.7929941584713,4.452013475161783,8.648578277758077,10.483690572058862,20.365845489483963,818.8933014847667,432.0911630747914,16883.819160229712,21104.550580736493,True,1,17
2764,allmetal2764 26-02-15 14-40-31.fits,2026-02-15 14:40:31,651.1444314733965,597.3877282925796,4.706054698886613,7.9706065039055884,11.081911937950286,18.769343966450936,805.4029168547152,433.04864868888063,16856.782188744724,21071.806611801174,True,1,16
2765,allmetal2765 26-02-15 14-41-31.fits,2026-02-15 14:41:31,651.1764444723837,600.3393296635552,4.552254694444881,5.908610733862744,10.719740604565045,13.913714994385018,808.1946363610065,497.9685985678642,16875.970190854056,21096.76634869516,True,1,16
2766,allmetal2766 26-02-15 14-42-31.fits,2026-02-15 14:42:31,650.9127266467077,600.6309498622495,4.182268759926369,6.720899516796078,9.848490309581344,15.826508902790227,871.5655743612302,492.0992373379524,16880.196902694373,21101.07295325424,True,1,16
2767,allmetal2767 26-02-15 14-43-31.fits,2026-02-15 14:43:31,650.3464297139933,600.2182206436137,3.936074120807278,7.511956567863034,9.26874623840455,17.689305903405764,909.274216050583,453.0439256524361,16872.509258453625,21091.06672517519,True,1,15
2768,allmetal2768 26-02-15 14-44-31.fits,2026-02-15 14:44:31,651.4730651008277,600.8337505024692,4.518158215486341,6.719128812196396,10.6394495324485,15.822339212105065,808.8310808817524,533.5732135962322,16877.46539880566,21097.001336675996,True,1,17
2769,allmetal2769 26-02-15 14-45-31.fits,2026-02-15 14:45:31,650.8312742298423,598.285966266635,3.8435683248734924,7.875020043502799,9.050911735858127,18.54425505346089,956.6985862381622,460.19068474994174,16881.933426541524,21102.54682802257,True,1,15
2770,allmetal2770 26-02-15 14-46-31.fits,2026-02-15 14:46:31,650.5871861684628,599.3708620027431,4.3274056646395955,7.373165114231998,10.190261602073798,17.362477006316418,863.4567292825815,466.8953766136759,16852.64524562227,21066.52630901161,True,1,14
2771,allmetal2771 26-02-15 14-47-31.fits,2026-02-15 14:47:31,650.7452741450664,599.9303216035978,4.132457279584379,8.138280159124376,9.731193237199362,19.164185250783746,877.2569066561905,458.59225404280255,16884.08117521417,21104.839728165312,True,1,15
2772,allmetal2772 26-02-15 14-48-31.fits,2026-02-15 14:48:31,650.6065369651352,600.1903218145757,4.406872101497193,8.457408746848357,10.377390760493254,19.91567564609859,853.8548495142669,416.3705200708556,16888.563270418083,21111.29503893083,True,1,14
2773,allmetal2773 26-02-15 14-49-31.fits,2026-02-15 14:49:31,650.5315751926249,599.9118185552069,4.232600691375845,6.9375917842186645,9.967012950663696,16.336780197720138,882.1088994008755,495.1819861184077,16881.143137277646,21102.1589874998,True,1,15
2774,allmetal2774 26-02-15 14-50-32.fits,2026-02-15 14:50:32,650.8226936518998,599.7900969162189,4.291360058109173,7.143759534545191,10.10538068528066,16.82226814882798,858.3937214368711,470.4964431095728,16885.0370251985,21107.085876913286,True,1,17
2775,allmetal2775 26-02-15 14-51-31.fits,2026-02-15 14:51:31,650.9290929028314,600.1001004253212,4.540863715608237,6.014121898232115,10.692916899267994,14.162174799216567,823.3445447376914,561.1874976631691,16881.351156622655,21102.579105633202,True,1,17
2776,allmetal2776 26-02-15 14-52-31.fits,2026-02-15 14:52:31,650.4803782726927,598.0834740315636,3.905255938947925,8.575663631818916,9.196174966010735,20.194144619650093,957.8367969143006,399.32742202559547,16867.954462257778,21085.716852832174,True,1,14
2777,allmetal2777 26-02-15 14-53-31.fits,2026-02-15 14:53:31,650.4958284065602,601.1812671094284,4.190722263542044,6.363999236444008,9.868396789346278,14.986072968540006,874.6563209691909,515.6387476462133,16878.211015744193,21098.703552377156,True,1,15
2778,allmetal2778 26-02-15 14-54-31.fits,2026-02-15 14:54:31,650.509295680477,599.7806258921185,4.350379363177695,8.32120958432539,10.244360527899813,19.59495112807308,837.0635013139648,428.9933324726852,16882.323440147797,21103.080058759067,True,1,17
2779,allmetal2779 26-02-15 14-55-31.fits,2026-02-15 14:55:31,649.9018303035392,600.0153830745766,4.331788249041929,7.471788286287375,10.200581799673452,17.594716828776956,851.3898385120831,462.9005738261021,16883.107385475927,21104.445641683684,True,1,16
2780,allmetal2780 26-02-15 14-56-31.fits,2026-02-15 14:56:31,649.4973981853223,600.504123177771,4.537816955398291,6.366779330068334,10.68574232725321,14.99261958873363,800.0977830173836,474.89601093163617,16875.670462130227,21096.074280992285,True,1,16
2781,allmetal2781 26-02-15 14-57-31.fits,2026-02-15 14:57:31,650.2965172434498,600.3456414935363,4.187311234059287,5.608854284310653,9.86036442874609,13.207842498352445,865.9796953985846,579.9150409499874,16864.975506847197,21082.133586964694,True,1,14
2782,allmetal2782 26-02-15 14-58-31.fits,2026-02-15 14:58:31,650.4982178096762,600.1571224803874,3.848692327486253,5.6001853301384035,9.062977839921448,13.187428671298177,955.6148907051339,512.5149081486074,16880.55699440473,21102.67336861001,True,1,14
2783,allmetal2783 26-02-15 14-59-31.fits,2026-02-15 14:59:31,650.4685924809386,599.6981415901945,4.36846047543509,6.777083983107168,10.286938293479981,15.958813210278947,835.2421255287941,458.54713120230724,16880.532038855075,21101.989619942666,True,1,15
2784,allmetal2784 26-02-15 15-00-31.fits,2026-02-15 15:00:31,650.117235800344,599.5768007416495,3.824214550480255,8.30603773747377,9.005337079969927,19.55922415898675,972.0329613715191,444.0604966910335,16877.223597245425,21096.60018972018,True,1,15
2785,allmetal2785 26-02-15 15-01-31.fits,2026-02-15 15:01:31,649.5781000776949,601.7570157504477,4.193115936051246,5.5394729568948975,9.874033457352187,13.044461957802968,851.2372212193586,555.6832815165625,16877.674219190518,21098.295034747207,True,1,15
2786,allmetal2786 26-02-15 15-02-31.fits,2026-02-15 15:02:31,649.4694641107756,599.9072725072656,4.2203578207734385,7.454243153579611,9.938183193560427,17.553401198583988,862.8650292494165,488.79194543808296,16869.582706671143,21086.973549143007,True,1,16
2787,allmetal2787 26-02-15 15-03-31.fits,2026-02-15 15:03:31,649.8175569659654,599.5768593013662,4.17782105254772,8.562528803080571,9.83801675909167,20.16321446164899,884.7928716992574,417.55429957533624,16877.563463143088,21097.250976554107,True,1,17
2788,allmetal2788 26-02-15 15-04-31.fits,2026-02-15 15:04:31,650.408175373928,601.8619173304609,4.18214065487215,4.798734014370709,9.848188645231799,11.30015504781198,861.7189606603665,595.1308379911083,16869.926982874476,21089.239632794604,True,1,17
2789,allmetal2789 26-02-15 15-05-31.fits,2026-02-15 15:05:31,649.309892541579,602.2318333445918,4.404835433495996,5.844996143275962,10.372594773858962,13.763914081314825,823.561621316677,532.587169686173,16885.568610447644,21108.220645974292,True,1,17
2790,allmetal2790 26-02-15 15-06-31.fits,2026-02-15 15:06:31,649.6440430422673,602.1334460754779,4.067024237979914,4.700552582866162,9.577110199221824,11.06895544485524,899.6540465943712,582.7401590182492,16868.555828643155,21087.946134656682,True,1,13
2791,allmetal2791 26-02-15 15-07-31.fits,2026-02-15 15:07:31,649.6622830301445,599.7356615105223,4.199297947277497,6.04513968125708,9.888590981306368,14.235216096436176,891.3318986754227,529.4054384380568,16854.570132847435,21069.540979236783,True,1,17
2792,allmetal2792 26-02-15 15-08-31.fits,2026-02-15 15:08:31,649.9026264489324,601.4393552233751,4.321212817070539,6.0087600465226565,10.175678560482362,14.14954860333265,829.2115597968489,487.66472408713406,16869.376758217484,21088.319264280588,True,1,16
2793,allmetal2793 26-02-15 15-09-31.fits,2026-02-15 15:09:31,650.1153190491854,599.8230615696065,4.21744824335359,6.941475430204823,9.9313316623296,16.34592548513615,894.7226442658065,505.61104134428206,16877.792478467803,21097.8862502486,True,1,15
2794,allmetal2794 26-02-15 15-10-31.fits,2026-02-15 15:10:31,648.5911592727522,599.2099034110329,4.615790398474436,8.21161757585714,10.869355753988994,19.336881669756846,797.4706920350001,453.3029134891755,16879.10016225738,21098.773878662094,True,1,16
2795,allmetal2795 26-02-15 15-11-31.fits,2026-02-15 15:11:31,649.2452540630902,601.3714124375745,4.228971160172183,5.888586700314026,9.958466057831245,13.866561998802124,869.0688483761652,516.2840826831749,16881.623805920644,21103.58436507498,True,1,16
2796,allmetal2796 26-02-15 15-12-31.fits,2026-02-15 15:12:31,649.319959178306,600.3599230620782,4.430918130987724,6.86394464398776,10.434014832740962,16.1633544356452,842.7643022477566,487.9416338847506,16872.08023398121,21091.042763286492,True,1,14
2797,allmetal2797 26-02-15 15-13-32.fits,2026-02-15 15:13:32,649.4114496624235,599.8353541382879,3.8430189148811893,7.51763564275174,9.049617974195312,17.702679102790924,948.2907247240381,452.7157118675294,16872.787575464492,21091.574279485914,True,1,17
2798,allmetal2798 26-02-15 15-14-32.fits,2026-02-15 15:14:32,649.5921948854158,600.0053709742414,4.2890135652475685,8.42180831579088,10.099855116854632,19.831843037432705,860.4252257526737,405.6214735885978,16827.630156651812,21035.209171448158,True,1,15
2799,allmetal2799 26-02-15 15-15-32.fits,2026-02-15 15:15:32,649.3414902871026,599.3580395669485,4.339582807898069,7.7869080139433,10.218936583110064,18.33676708004582,832.2720913094458,451.08359928206,16868.862325324022,21086.32065587934,True,1,14
2800,allmetal2800 26-02-15 15-16-32.fits,2026-02-15 15:16:32,649.107858015805,601.3269360870358,4.2782833289656255,7.036619779162444,10.074587341369995,16.569973305232974,870.7407837059985,447.96565369662443,16879.643842500995,21100.95771153405,True,1,16
2801,allmetal2801 26-02-15 15-17-32.fits,2026-02-15 15:17:32,649.4100751746251,601.7773416287127,4.242813571129435,4.675852291763108,9.991062444624939,11.010790704247668,859.9786817161695,616.2337715399032,16872.94218137919,21093.056011627672,True,1,16
2802,allmetal2802 26-02-15 15-18-32.fits,2026-02-15 15:18:32,649.1694964278098,601.6761043943244,4.301559737690117,5.220104113196584,10.12939909521076,12.292405802903824,850.9683557209622,521.073039272146,16883.007429067453,21106.06135929773,True,1,15
2803,allmetal2803 26-02-15 15-19-32.fits,2026-02-15 15:19:32,649.27654305109,600.6147851971873,4.270670645511467,7.280038513500299,10.056660841775667,17.14318062018782,867.4634247002301,454.34127433032955,16867.015482887236,21084.741231641758,True,1,16
2804,allmetal2804 26-02-15 15-20-32.fits,2026-02-15 15:20:32,648.7475657329934,600.466273262077,4.417022443882432,6.8398149291958825,10.401292990205944,16.10653329957241,809.5893296634295,471.9665365399836,16886.003407701068,21108.355657632183,True,1,17
2805,allmetal2805 26-02-15 15-21-32.fits,2026-02-15 15:21:32,649.5071589413391,601.3299279656117,4.4202730543920365,5.787912857638638,10.408947592992547,13.629493216059828,856.4286438387302,544.251822711289,16887.763114481753,21111.25968268227,True,1,16
2806,allmetal2806 26-02-15 15-22-32.fits,2026-02-15 15:22:32,649.4807544832616,601.158099811273,4.5308527069420155,7.447469028016543,10.669342775389795,17.537449351920515,814.5290749187575,462.5673926062807,16884.82364070681,21106.630639677915,True,1,17
2807,allmetal2807 26-02-15 15-23-32.fits,2026-02-15 15:23:32,649.3875982409295,601.2209146298542,4.42883388029165,6.021551592556819,10.429106797422978,14.179670392340833,819.7654822094286,520.761714649933,16884.536267576146,21106.881573480736,True,1,17
2808,allmetal2808 26-02-15 15-24-32.fits,2026-02-15 15:24:32,649.2629342434566,598.8916233243781,4.0735261395872335,7.461640634990943,9.592421007457558,17.570820936094133,886.2742671072187,462.248746547163,16887.46985679586,21109.73174130355,True,1,14
2809,allmetal2809 26-02-15 15-25-32.fits,2026-02-15 15:25:32,649.9007088114248,599.1932862823572,4.309428080614143,8.07776016050447,10.147927626849434,19.021671544908344,845.1990753548176,444.0975231804579,16884.88831725181,21106.245057690907,True,1,15
2810,allmetal2810 26-02-15 15-26-32.fits,2026-02-15 15:26:32,650.2237268935773,598.7004379961785,3.974106222982098,9.640719719935126,9.35830499496048,22.702160045028393,912.1018077895952,382.68046065870783,16870.264843923025,21087.673104001624,True,1,15
2811,allmetal2811 26-02-15 15-27-32.fits,2026-02-15 15:27:32,649.1409284923017,600.1208249640466,4.082767926029226,8.186299046568864,9.614183751423058,19.27726108947811,890.1437654363937,432.54662919652816,16884.165066524576,21105.434706442902,True,1,16
2812,allmetal2812 26-02-15 15-28-32.fits,2026-02-15 15:28:32,649.6043857819467,599.248787489215,4.480472825387972,8.287474675060034,10.55070722044005,19.51551148751772,821.2726617538384,427.06125461627136,16880.643269829165,21101.147844214476,True,1,17
2813,allmetal2813 26-02-15 15-29-32.fits,2026-02-15 15:29:32,649.1587446087042,598.4296680115266,4.517488739910547,6.380935183042324,10.637873037942962,15.025954075071295,817.2637885889095,536.2697915660578,16849.231702046764,21062.200743852805,True,1,15
2814,allmetal2814 26-02-15 15-30-32.fits,2026-02-15 15:30:32,649.1246964586146,599.5561466117206,4.1193652640041565,7.1615373795619695,9.700363896481196,16.864131774630945,892.030489150032,477.6616076229321,16870.146988449804,21088.305026730337,True,1,18
2815,allmetal2815 26-02-15 15-31-32.fits,2026-02-15 15:31:32,648.4979462809696,600.6717404446795,4.296012278500482,5.637164967207547,10.116335827112017,13.274509061926567,879.5721723514891,592.567043899291,16841.48853274954,21052.93346037018,True,1,14
2816,allmetal2816 26-02-15 15-32-32.fits,2026-02-15 15:32:32,648.5320022271577,600.4988588846645,4.008858883806372,5.7776118146246525,9.440141257287642,13.60523611348577,915.6946730991903,537.7638631060146,16843.86518868243,21056.21184457619,True,1,15
2817,allmetal2817 26-02-15 15-33-32.fits,2026-02-15 15:33:32,648.2496178216429,600.0385303382416,4.32279361184656,6.47376443002348,10.179401047708016,15.244550246627648,864.3234188666864,488.4592949485224,16873.780863631273,21093.6314591841,True,1,16
2818,allmetal2818 26-02-15 15-34-32.fits,2026-02-15 15:34:32,648.4932509314677,597.1383681270053,4.282130483505218,9.162016645481902,10.083646697996157,21.574900449688,863.689547595995,420.56563696993146,16840.071412055502,21049.71033815964,True,1,16
2819,allmetal2819 26-02-15 15-35-32.fits,2026-02-15 15:35:32,648.0013405783941,598.7229549873654,4.0063817068114895,6.346640643190708,9.434307951245003,14.945196605193596,911.274187960388,494.88267151543585,16865.654312622795,21083.316479903482,True,1,14
2820,allmetal2820 26-02-15 15-36-32.fits,2026-02-15 15:36:32,648.0234136241182,597.7184066840191,4.019955019977554,9.303038484081446,9.466270661165934,21.906981502009327,894.4755459675034,390.5734151883134,16879.44280290341,21099.211051998824,True,1,16
2821,allmetal2821 26-02-15 15-37-32.fits,2026-02-15 15:37:32,648.5653881981718,600.5824439295056,4.1406915947760705,6.933731267809952,9.75058356766986,16.327689376296732,897.5548292438449,492.7764110259925,16869.00947006677,21086.995512298512,True,1,16
2822,allmetal2822 26-02-15 15-38-32.fits,2026-02-15 15:38:32,647.8055967691683,599.3858177212915,4.156906704623016,6.460470880457926,9.788767233369827,15.21324632964107,861.8687384291859,476.7953207918197,16887.27381482633,21110.322047887537,True,1,16
2823,allmetal2823 26-02-15 15-39-32.fits,2026-02-15 15:39:32,647.3530875722091,597.8163380372639,4.2016795822762205,8.421127114217347,9.89419930314131,19.830238930312643,878.108797228883,465.69634587430164,16878.13884004765,21097.10525942655,True,1,16
2824,allmetal2824 26-02-15 15-40-32.fits,2026-02-15 15:40:32,648.0069616036722,598.6991218906819,4.443242660128324,6.11216351438231,10.463036881006815,14.393045162174277,818.8811015532457,513.6240259693956,16880.583331635313,21101.950982803948,True,1,14
2825,allmetal2825 26-02-15 15-41-33.fits,2026-02-15 15:41:33,647.4145469635461,598.0646244322515,4.082813229884036,7.3526675410054265,9.614290433848481,17.314208910008,883.0631222148365,448.41962693911347,16886.435662534237,21108.799262625194,True,1,15
2826,allmetal2826 26-02-15 15-42-33.fits,2026-02-15 15:42:33,647.6085027874574,599.028291488384,4.074552455503677,6.280717546952392,9.594837796750134,14.789959576741104,880.754493842593,497.8289789114204,16881.00508770581,21102.38717497721,True,1,15
2827,allmetal2827 26-02-15 15-43-33.fits,2026-02-15 15:43:33,647.8296751744957,598.9277348283255,4.168750391780552,6.565516074370027,9.816656985295468,15.46060885789945,860.6381189579857,480.04715634340346,16886.852933921768,21109.63351167679,True,1,16
2828,allmetal2828 26-02-15 15-44-33.fits,2026-02-15 15:44:33,647.8197547090712,597.0469057822048,4.381406568235805,5.4849625609698975,10.317424012311935,12.916099784816206,842.3552216847165,534.0321587694682,16885.61155097351,21108.878631610925,True,1,15
2829,allmetal2829 26-02-15 15-45-33.fits,2026-02-15 15:45:33,648.3872254017729,596.9139716441769,4.345634565831529,7.997543492483908,10.23318738399945,18.832775727107933,844.576735321001,447.01286818665005,16886.400092281787,21108.233195045847,True,1,16
2830,allmetal2830 26-02-15 15-46-33.fits,2026-02-15 15:46:33,647.0821701548568,596.1173522108274,4.080078102348883,8.1668682033,9.607849700702985,19.231504950256735,902.1433401237259,429.20808011519017,16888.031690879936,21110.469288507356,True,1,17
2831,allmetal2831 26-02-15 15-47-33.fits,2026-02-15 15:47:33,647.2734190095886,598.1752638571853,4.269852466361435,6.1934758535190415,10.054734177112744,14.584521088281807,856.9305826701781,483.1547479224071,16884.40260113329,21107.134909488286,True,1,15
2832,allmetal2832 26-02-15 15-48-33.fits,2026-02-15 15:48:33,647.6535079538603,597.6533839928155,4.175858673070897,6.186684244636133,9.833395708563689,14.568528071546323,864.915621097371,454.4611979556255,16882.68097400925,21105.309906276223,True,1,17
2833,allmetal2833 26-02-15 15-49-33.fits,2026-02-15 15:49:33,646.9176181593115,596.0794265437711,4.243615656709621,7.0133296845262905,9.992951211826991,16.515129323533092,856.7351114613821,470.04566142407066,16887.44044183687,21110.130553048726,True,1,15
2834,allmetal2834 26-02-15 15-50-33.fits,2026-02-15 15:50:33,646.0630150778776,593.1717068048376,4.265612971181991,8.965528675556055,10.044750928883378,21.112206639499178,841.4219955216445,387.01958380883974,16878.986139435157,21099.024817399466,True,1,14
2835,allmetal2835 26-02-15 15-51-33.fits,2026-02-15 15:51:33,646.059401905121,593.3357793095694,4.039554974494155,8.102378060682582,9.51242502694332,19.079642269714334,895.6900890285925,433.29053207330526,16881.071518947894,21101.60255952293,True,1,16
2836,allmetal2836 26-02-15 15-52-33.fits,2026-02-15 15:52:33,646.0970608176489,591.6890987417565,4.119963643458549,8.971380159276174,9.701772972414934,21.125985830656486,892.8357576746758,421.03557584927034,16881.571477393754,21101.722448842327,True,1,17
2837,allmetal2837 26-02-15 15-53-33.fits,2026-02-15 15:53:33,645.1844430678301,594.2007282739777,4.445147560277979,7.496015088063411,10.467522578063006,17.651766587226156,830.7626025070599,469.4253873791727,16881.855755315333,21102.745729290407,True,1,16
2838,allmetal2838 26-02-15 15-54-33.fits,2026-02-15 15:54:33,645.4862138157278,593.9626435969946,4.350149292487975,6.641620029921653,10.243818752827886,15.639819977938563,832.6855078689418,487.26421682954276,16883.782988027368,21105.67381830068,True,1,16
2839,allmetal2839 26-02-15 15-55-33.fits,2026-02-15 15:55:33,645.206019493065,593.6493187470313,4.142796536895006,7.524104897130345,9.75554032756516,17.717913032678066,877.1166298133637,452.35310307161683,16887.20595733783,21109.57085918116,True,1,15
2840,allmetal2840 26-02-15 15-56-33.fits,2026-02-15 15:56:33,645.0937028949252,592.8495877196051,4.332596130821306,7.18912482593334,10.202484215881546,16.929095246337464,851.4689450056605,446.6179919915727,16880.721773577276,21102.07298508167,True,1,16
2841,allmetal2841 26-02-15 15-57-33.fits,2026-02-15 15:57:33,644.2809458287184,592.7292739084568,4.292285913490441,7.175240824152641,10.107560908091271,16.896400920639028,834.5722113955762,459.62919167121663,16881.489609122982,21102.557875890536,True,1,16
2842,allmetal2842 26-02-15 15-58-33.fits,2026-02-15 15:58:33,644.8062579018238,593.4048510776062,4.030870097553216,7.137741099007534,9.491973704634171,16.808095816184178,916.2980879774309,455.0004300528357,16878.049079844706,21098.65262236646,True,1,15
2843,allmetal2843 26-02-15 15-59-33.fits,2026-02-15 15:59:33,644.1036846264304,592.532546500769,4.357345168701989,7.8423281058712275,10.260763746378206,18.467271423415163,830.2854964172194,442.20515461608966,16886.401889616158,21108.36935438064,True,1,15
2844,allmetal2844 26-02-15 16-00-33.fits,2026-02-15 16:00:33,644.3314812514674,592.0007247446915,3.9350712543280433,8.508898588004932,9.266384668316757,20.036924956169557,919.6640747394363,433.5080833330271,16878.47707303598,21097.92564416282,True,1,16
2845,allmetal2845 26-02-15 16-01-33.fits,2026-02-15 16:01:33,643.7817580047092,593.6447879777614,3.792822433918255,6.840898296306965,8.931414294633779,16.109084434161712,942.3514038575563,444.10040248358104,16883.32490667671,21105.468504629494,True,1,16
2846,allmetal2846 26-02-15 16-02-33.fits,2026-02-15 16:02:33,643.568791854925,594.07010318192,4.187743454627399,5.179733766830181,9.861382230403755,12.197340902055377,853.9610951329184,547.2884284258444,16886.39521186201,21109.80877852424,True,1,15
2847,allmetal2847 26-02-15 16-03-33.fits,2026-02-15 16:03:33,643.5464800044799,594.240260077673,4.118261639382074,5.141781418821163,9.697765059098927,12.107969952207748,908.834908015706,551.342525353211,16870.733704464492,21090.639651059788,True,1,15
2848,allmetal2848 26-02-15 16-04-33.fits,2026-02-15 16:04:33,642.3099472961604,594.5578151189222,4.766065010560814,8.252615819803937,11.223225422789248,19.433425156413833,760.3215248258638,399.81378156097674,16877.802833039237,21098.047222708785,True,1,15
2849,allmetal2849 26-02-15 16-05-33.fits,2026-02-15 16:05:33,643.0641326135901,594.5573256105404,4.459728709808019,6.565800553451938,10.501858561255936,15.461278754943924,817.6266108648027,466.23216878083684,16885.565506663577,21108.38939550444,True,1,15
2850,allmetal2850 26-02-15 16-06-34.fits,2026-02-15 16:06:34,642.289810709197,593.4649814726803,4.382625030184675,6.504365075391823,10.320293270933243,15.316609259731909,826.5058021674234,488.13167816950715,16885.775256311186,21108.313953805293,True,1,15
2851,allmetal2851 26-02-15 16-07-33.fits,2026-02-15 16:07:33,642.2042329860024,592.828854359524,3.9743745781812865,6.3907791826000135,9.358936923162718,15.049134922553018,920.4164202402893,536.0911911728763,16857.72152670936,21072.71991228295,True,1,16
2852,allmetal2852 26-02-15 16-08-33.fits,2026-02-15 16:08:33,642.7024191192149,592.8229334537507,4.530499213407199,6.950554304341566,10.668510361728222,16.367304599939665,802.7973334078083,467.53805321175764,16886.3103209067,21108.836268402036,True,1,17
2853,allmetal2853 26-02-15 16-09-33.fits,2026-02-15 16:09:33,642.2907133482566,595.2552057402361,4.022638216610655,6.084419058588779,9.47258910638232,14.327711961533193,893.839545695687,509.0419349547749,16887.706394242527,21110.85293906206,True,1,16
2854,allmetal2854 26-02-15 16-10-33.fits,2026-02-15 16:10:33,641.1588191653839,594.4058274508615,4.072497833386458,6.3236377390393965,9.589999531403542,14.891028905404163,888.4567357090493,502.5000999314561,16884.98861093394,21107.31432254241,True,1,16
2855,allmetal2855 26-02-15 16-11-33.fits,2026-02-15 16:11:33,642.3388062728143,592.6137103856489,3.866380571315824,7.580323014176192,9.104630471052715,17.85029658159152,956.2196903941303,457.5043239763729,16888.47165738956,21111.150328632648,True,1,16
2856,allmetal2856 26-02-15 16-12-33.fits,2026-02-15 16:12:33,641.6870033300542,594.2509673256303,4.125268443638946,7.24159530157072,9.714264822214618,17.052653774140673,906.9314620762228,462.2529099655682,16886.752235965778,21109.404483315582,True,1,16
2857,allmetal2857 26-02-15 16-13-33.fits,2026-02-15 16:13:33,641.5298675978019,594.3730651534977,4.1166430806160275,5.1690926053850745,9.693953644472579,12.172282881782028,864.504215519242,563.5775003452139,16888.349431787297,21112.01731432433,True,1,16
2858,allmetal2858 26-02-15 16-14-33.fits,2026-02-15 16:14:33,640.6864868009475,595.051840753198,4.284643634485801,5.15875967711692,10.089564716301425,12.14795069517231,868.8363988051253,538.5206032425045,16878.594288562235,21100.555019568106,True,1,16
2859,allmetal2859 26-02-15 16-15-33.fits,2026-02-15 16:15:33,640.6924180820947,593.5945815552366,3.827989926733061,7.971968249944656,9.014227411647568,18.772550633319973,965.8940696922919,422.6901542201701,16881.885086308732,21103.158675418923,True,1,16
2860,allmetal2860 26-02-15 16-16-33.fits,2026-02-15 16:16:33,640.7120143300605,594.044305149472,4.252084006521259,7.792825598261707,10.012892651711772,18.350701926216967,851.5876589000417,453.4069527005791,16882.28081500456,21103.06570005711,True,1,17
2861,allmetal2861 26-02-15 16-17-33.fits,2026-02-15 16:17:33,640.2304062054066,593.9809100042162,4.209748525743509,7.510497320465115,9.913200212960303,17.685869638382485,891.1479573639334,473.80458047133664,16885.08231403087,21106.8253350797,True,1,16
2862,allmetal2862 26-02-15 16-18-33.fits,2026-02-15 16:18:33,639.2994772769882,595.4691707314968,4.169284631027244,5.614208425717629,9.81791502258242,13.220450537861522,886.4707927517996,550.4101148177008,16882.501273121903,21104.609594803103,True,1,15
2863,allmetal2863 26-02-15 16-19-33.fits,2026-02-15 16:19:33,640.3706494851614,594.4821822083503,4.117376613130282,7.294468833525016,9.695680981540828,17.177161427038236,894.7205599080003,463.39367478763694,16886.580334622493,21108.968816611134,True,1,15
2864,allmetal2864 26-02-15 16-20-33.fits,2026-02-15 16:20:33,639.4681130090767,593.3161023624723,3.9927257229489315,8.180127422371564,9.402150566710832,19.26272802510791,923.0665067039478,440.424529265773,16886.194291163767,21107.945603684486,True,1,15
2865,allmetal2865 26-02-15 16-21-33.fits,2026-02-15 16:21:33,639.4793719570773,594.1666712421132,4.1819891381284435,6.142791724248709,9.847831850566562,14.465169084711087,869.7531941532153,498.1566785558761,16887.180972613525,21110.38919449712,True,1,16
2866,allmetal2866 26-02-15 16-22-33.fits,2026-02-15 16:22:33,639.3184134506884,593.0386084440429,4.151734752041453,8.720646521323173,9.776588215758812,20.535553234041227,889.4407103356845,403.2505802546481,16885.59743659769,21107.427906742258,True,1,16
2867,allmetal2867 26-02-15 16-23-33.fits,2026-02-15 16:23:33,638.2141039293992,594.5196968510638,4.5545348259974325,5.008528784973165,10.725109904050301,11.794183978969313,784.1130478347727,553.4459745774448,16887.07824467227,21110.804444809655,True,1,15
2868,allmetal2868 26-02-15 16-24-33.fits,2026-02-15 16:24:33,637.8179354608117,592.978351715568,4.2211356329483625,7.257724212019295,9.940014801261208,17.09063445576949,863.4666399843791,479.78625092867435,16888.361575538012,21110.850125560577,True,1,16
2869,allmetal2869 26-02-15 16-25-33.fits,2026-02-15 16:25:33,637.6194407966482,592.2212920025435,4.0727105705536335,7.526965249440694,9.59050048914913,17.724648647634325,890.8040660293464,452.23407390509806,16878.54686317242,21098.731994392376,True,1,17
2870,allmetal2870 26-02-15 16-26-33.fits,2026-02-15 16:26:33,637.481295600378,592.6044532585323,4.447452991577263,6.418556099626369,10.472951453899,15.11454456355584,827.4265569005686,474.8053297757391,16881.159966057654,21102.997937751617,True,1,16
2871,allmetal2871 26-02-15 16-27-33.fits,2026-02-15 16:27:33,637.5583378457359,593.4230596998525,4.102454866440153,7.3482435323716135,9.660542953328038,17.303791165797705,896.2906597376301,458.506125246273,16852.049334323496,21065.81506953768,True,1,16
2872,allmetal2872 26-02-15 16-28-33.fits,2026-02-15 16:28:33,636.3665010646297,591.2710332147337,4.46698125288377,8.60690584521514,10.518936995068165,20.267714410006658,806.0086803942571,400.2836718105783,16883.0281806401,21104.16518995307,True,1,16
2873,allmetal2873 26-02-15 16-29-33.fits,2026-02-15 16:29:33,636.2657166230314,592.8456282593546,4.163134892517687,8.008952619533357,9.803433495068415,18.85964216818028,875.5779403502465,429.7152423954452,16877.189036143493,21096.98463455743,True,1,16
2874,allmetal2874 26-02-15 16-30-33.fits,2026-02-15 16:30:33,636.2229951759555,592.7609238868572,4.489138461684275,7.402724631042774,10.571113234493533,17.432084349023864,816.0063177647982,451.78977711952757,16879.695161068306,21100.39906600353,True,1,16
2875,allmetal2875 26-02-15 16-31-33.fits,2026-02-15 16:31:33,636.5326869141204,594.1553802047122,4.687948248549878,5.482867581760811,11.039274505752983,12.911166485780726,794.4168452441476,475.6085626668074,16870.37722846007,21090.704559080088,True,1,16
2876,allmetal2876 26-02-15 16-32-33.fits,2026-02-15 16:32:33,636.0384520484006,591.9799036771692,4.064867312481161,8.450639101726727,9.572031027821723,19.89973435006843,923.4076374835515,443.96629323455926,16878.087731844676,21097.613901111534,True,1,17
2877,allmetal2877 26-02-15 16-33-33.fits,2026-02-15 16:33:33,635.4346849162896,591.9951086624047,4.5923565424601795,7.708167746636463,10.814173240114254,18.15134792024059,800.2845972201425,449.8033273729957,16880.772390077866,21101.474726493365,True,1,15
2878,allmetal2878 26-02-15 16-34-33.fits,2026-02-15 16:34:33,635.8527412978427,592.7540286359874,4.515096004105396,6.5353527185696505,10.632238575706527,15.38957958303532,811.2601155967649,469.3451847963998,16885.347209306376,21108.14192187808,True,1,17
2879,allmetal2879 26-02-15 16-35-33.fits,2026-02-15 16:35:33,634.7651324310252,591.0467334599814,4.129265471959825,7.522243413388629,9.72367710462518,17.713529573449573,878.694620145533,454.9073286299568,16882.718782674045,21103.903817754875,True,1,17
2880,allmetal2880 26-02-15 16-36-33.fits,2026-02-15 16:36:33,634.6333128345643,592.1474316503374,3.978643766987,7.4301618571631645,9.368990094538434,17.496694079072206,919.0583198147558,460.0683996877823,16883.44863193297,21104.89393096235,True,1,17
2881,allmetal2881 26-02-15 16-37-33.fits,2026-02-15 16:37:33,634.6611535497237,591.4552023876743,4.307767398326332,8.543967009266197,10.144017018909668,20.11950477750317,880.8313877260404,389.81810856670563,16867.681881025514,21085.73773556474,True,1,14
2882,allmetal2882 26-02-15 16-38-33.fits,2026-02-15 16:38:33,633.5887827994512,592.5248120445573,4.4781910402391825,5.940147073426913,10.545334027033226,13.987977398937625,827.9420267333962,516.6432326644426,16884.732201599294,21107.47882445948,True,1,17
2883,allmetal2883 26-02-15 16-39-33.fits,2026-02-15 16:39:33,634.2818842819734,592.0798225786758,3.823749936208105,4.7381892522180244,9.00424299696866,11.157583028273208,975.01516244159,610.8430451968123,16888.915431995385,21113.185635688984,True,1,15
2884,allmetal2884 26-02-15 16-40-34.fits,2026-02-15 16:40:34,634.2025700888261,591.2621205105283,4.355947055981728,6.94657878040437,10.257471442519325,16.357942956482855,837.1391073203915,476.42743374406353,16874.54960601428,21094.01192545998,True,1,17
2885,allmetal2885 26-02-15 16-41-34.fits,2026-02-15 16:41:34,633.9601016687885,590.4913566038796,3.8230601195308465,8.533023044209022,9.002618602829655,20.09373370921442,959.2899214193692,430.84170338723806,16886.323541959442,21107.882496524744,True,1,15
2886,allmetal2886 26-02-15 16-42-34.fits,2026-02-15 16:42:34,633.2076242017826,590.5085148237745,4.159415875928641,7.827365211329127,9.794675880256728,18.43203649941574,897.9639020039025,457.74387553311806,16886.04432037564,21107.927666132768,True,1,15
2887,allmetal2887 26-02-15 16-43-34.fits,2026-02-15 16:43:34,633.4478717425434,591.1120912415711,4.213442740602634,5.069465885375099,9.921899424161222,11.93767988448185,859.1392151283061,542.4700261472802,16879.59388386222,21101.62176637147,True,1,13
2888,allmetal2888 26-02-15 16-44-34.fits,2026-02-15 16:44:34,634.239238273545,588.438332532793,4.641171328989251,9.685285663659732,10.929123277926818,22.807104822636816,787.0378373228159,411.07764326221707,16865.664722475696,21081.27646400974,True,1,15
2889,allmetal2889 26-02-15 16-45-34.fits,2026-02-15 16:45:34,633.5786408815553,590.4233894619329,4.3551216899544665,6.528256347706601,10.255527854053842,15.37286890668004,854.510878845158,493.24820839508965,16876.840301345994,21097.27786106258,True,1,15
2890,allmetal2890 26-02-15 16-46-34.fits,2026-02-15 16:46:34,632.1143050425045,589.8851360410363,4.3676851325022765,7.260898309423808,10.285112500400018,17.098108883962517,848.3308937362787,463.1158940538641,16885.358074262036,21107.536248007495,True,1,15
2891,allmetal2891 26-02-15 16-47-34.fits,2026-02-15 16:47:34,631.9725295607543,590.4996278818959,4.421252964372797,8.449189572903862,10.411255104657567,19.8963209705405,835.8736558965371,432.23645377627236,16857.0066267827,21071.36491585964,True,1,15
2892,allmetal2892 26-02-15 16-48-34.fits,2026-02-15 16:48:34,633.1782153713837,590.3976666430477,4.245889039527504,7.205435057154722,9.99830461925657,16.967502905756664,868.475609796053,493.2313044099917,16882.04916474981,21102.88825987768,True,1,15
2893,allmetal2893 26-02-15 16-49-34.fits,2026-02-15 16:49:34,632.6176129732164,589.7785740431938,4.225591249847367,7.083099887523716,9.950506977247963,16.679425596097307,881.8206629063789,467.6791528875271,16889.852943311016,21113.328610978177,True,1,16
2894,allmetal2894 26-02-15 16-50-34.fits,2026-02-15 16:50:34,632.352814394762,589.0168010886242,3.819552817264456,7.267546329390206,8.994359537148776,17.113763774639157,938.449973955547,451.20582128172,16884.75710399567,21106.693717551698,True,1,16
2895,allmetal2895 26-02-15 16-51-34.fits,2026-02-15 16:51:34,631.9181936083993,588.8809963924141,3.7928110380969873,7.554504181942238,8.93138745952543,17.789497877907717,959.9341925037609,474.9477625614931,16887.888863241613,21109.990459598193,True,1,17
2896,allmetal2896 26-02-15 16-52-34.fits,2026-02-15 16:52:34,631.4026639400964,590.9430843334778,4.063773418640715,4.545083699834212,9.569455104679104,10.702854202713032,897.8466913531757,607.6998086834191,16873.68687653233,21094.27888293511,True,1,15
2897,allmetal2897 26-02-15 16-53-35.fits,2026-02-15 16:53:35,631.9206175845129,588.8658432187574,4.56303021101568,6.884638337285907,10.745115006981525,16.212084359429397,830.7067340048811,454.50525172874086,16871.501191755146,21090.995604200547,True,1,15
2898,allmetal2898 26-02-15 16-54-35.fits,2026-02-15 16:54:35,631.3187572701331,589.7914371858626,4.321100816654469,5.310925697962241,10.175414819657549,12.50627429123147,844.4905310930797,534.3491243467115,16875.299992779685,21096.110809004018,True,1,14
2899,allmetal2899 26-02-15 16-55-35.fits,2026-02-15 16:55:35,631.6586498310859,588.6177863129939,4.030631918883217,8.509664921924921,9.49141283672776,20.038729534645533,910.3900327228589,433.0653493081057,16873.81332819127,21092.227998689745,True,1,17
2900,allmetal2900 26-02-15 16-56-35.fits,2026-02-15 16:56:35,631.084036132822,589.3142769533337,3.8887956129521957,5.892392799271754,9.157413860408248,13.875524676921152,944.4062414770323,551.4053617423702,16848.87042957291,21062.12472812108,True,1,15
2901,allmetal2901 26-02-15 16-57-35.fits,2026-02-15 16:57:35,630.8920952887441,588.6601114442068,4.491499692665245,6.448431726867863,10.576673508538468,15.184896289441983,821.5256799842812,524.6253837204622,16868.05221609217,21085.81645412466,True,1,16
2902,allmetal2902 26-02-15 16-58-35.fits,2026-02-15 16:58:35,630.7136647349016,587.7305771267771,4.246771867824598,7.354878495943175,10.000383521026889,17.31941531101407,889.0458103603966,464.2974180557081,16851.278935633836,21064.981677401112,True,1,15
2903,allmetal2903 26-02-15 16-59-35.fits,2026-02-15 16:59:35,630.4189868574673,588.2291834579836,4.095369541101406,7.106602151192135,9.643858287194792,16.734769197687303,885.5011887572871,489.9919061921517,16881.08033309203,21101.703589191915,True,1,17
2904,allmetal2904 26-02-15 17-00-35.fits,2026-02-15 17:00:35,630.5412750418931,588.9453443281515,4.468821797568328,7.686352494809482,10.523271146585138,18.099976927951012,832.0430680134439,458.47762845505065,16885.066971784814,21106.80917006019,True,1,16
2905,allmetal2905 26-02-15 17-01-35.fits,2026-02-15 17:01:35,630.1219286629647,589.980540297109,4.201775869721509,6.268030192262689,9.89442604274756,14.760083139599375,880.7998803059853,544.7921677054442,16882.300125041234,21103.57561673537,True,1,14
2906,allmetal2906 26-02-15 17-02-35.fits,2026-02-15 17:02:35,630.8182545585622,590.5201458248869,4.049753043988126,6.15785079357269,9.536439645408343,14.500630483014708,912.7164675357443,517.1523845118606,16884.477194789823,21106.849144395386,True,1,15
2907,allmetal2907 26-02-15 17-03-35.fits,2026-02-15 17:03:35,630.6201684025143,590.5160825827763,4.342713458118748,6.5834693448866695,10.2263087010037,15.502885579185902,838.9309903707929,512.4026001518698,16879.144343251934,21099.590989460365,True,1,16
2908,allmetal2908 26-02-15 17-04-35.fits,2026-02-15 17:04:35,630.1638689003831,590.5702532191456,4.096889951525948,5.895651359019162,9.647438580139177,13.88319799873228,910.3133314319385,504.5559669244515,16876.52472366157,21097.50348412565,True,1,14
2909,allmetal2909 26-02-15 17-05-35.fits,2026-02-15 17:05:35,630.4620573141856,591.5535625958526,4.16059095738348,4.982430940784604,9.797442985621126,11.732728252341996,903.2253836965508,549.1593973955074,16858.24469754,21075.307121183567,True,1,16
2910,allmetal2910 26-02-15 17-06-35.fits,2026-02-15 17:06:35,630.2015823765049,591.2592713917583,4.084260065444629,7.282636690254082,9.617697471228428,17.14929885888816,895.3201285848593,450.73733681746626,16874.677313772034,21094.262550401145,True,1,18
2911,allmetal2911 26-02-15 17-07-35.fits,2026-02-15 17:07:35,630.5214470268052,591.7958123275708,4.495744896053643,5.3418143796562365,10.5866701985727,12.579011578049071,814.3725139813029,571.4520427186524,16878.90601937829,21100.12235323549,True,1,16
2912,allmetal2912 26-02-15 17-08-35.fits,2026-02-15 17:08:35,630.3566157881216,591.1753161627176,4.162830369834673,6.44174026458604,9.802716398950288,15.16913909993018,888.6346855992421,506.2415050245511,16886.65968110094,21109.397162054684,True,1,16
2913,allmetal2913 26-02-15 17-09-35.fits,2026-02-15 17:09:35,630.4045912610645,590.6189837989269,4.267365468997413,5.882581478193009,10.048877745868007,13.85242078137669,876.956764095225,564.9061165341682,16880.370669927786,21101.48946081065,True,1,17
2914,allmetal2914 26-02-15 17-10-35.fits,2026-02-15 17:10:35,631.0034746278719,591.1628998031648,4.652894228045046,5.1324108858537,10.95672859560928,12.085904033343343,789.0850686965028,588.6364524644868,16886.460813036774,21109.66812967563,True,1,16
2915,allmetal2915 26-02-15 17-11-35.fits,2026-02-15 17:11:35,630.8341635389542,593.1715341175033,4.449072984423594,4.612668145986952,10.476766245526349,10.86200341124582,835.9867399150121,587.0668642222577,16870.365571852304,21090.43280216895,True,1,13
2916,allmetal2916 26-02-15 17-12-35.fits,2026-02-15 17:12:35,630.4477873391326,590.7865676009017,4.051155219386041,6.162447057393064,9.539741516142003,14.511453857191176,930.7474583884409,522.9821796913029,16877.00664168029,21097.599133829153,True,1,17
2917,allmetal2917 26-02-15 17-13-35.fits,2026-02-15 17:13:35,631.0668479265715,589.793839489726,3.8102284902018537,7.428937964873467,8.972402424875336,17.493812032975466,970.0738615691301,478.69234337912303,16874.65702569389,21093.66405211,True,1,15
2918,allmetal2918 26-02-15 17-14-35.fits,2026-02-15 17:14:35,630.765160241859,590.2794979682068,4.273344780865772,7.177263690194475,10.062957949311109,16.90116440614275,861.4897124598155,539.1711223290022,16863.771087461533,21079.252848401677,True,1,15
2919,allmetal2919 26-02-15 17-15-35.fits,2026-02-15 17:15:35,630.2920947280668,591.6311508331887,4.054424086182173,6.2634257307520915,9.547439109198072,14.749240461337648,907.3900078559855,511.9483201856131,16871.728324360887,21090.816767934102,True,1,16
2920,allmetal2920 26-02-15 17-16-35.fits,2026-02-15 17:16:35,630.442416068481,589.9547963085488,4.4222999782432675,9.119879932008937,10.413720633907177,21.475676072170135,830.9637977799943,403.0776802023071,16879.17087081224,21098.96053143778,True,1,15
2921,allmetal2921 26-02-15 17-17-35.fits,2026-02-15 17:17:35,630.6500622421544,592.1378201032442,4.217945482085083,4.883327556873232,9.932502570061684,11.4993576173771,874.9353505527513,588.7826132509164,16852.744894351392,21067.92665657057,True,1,16
2922,allmetal2922 26-02-15 17-18-35.fits,2026-02-15 17:18:35,630.3642729065866,592.7658675384046,4.406009102196612,4.80117105940759,10.3753585524414,11.305893850315472,872.4370939379512,627.1846348286876,16834.586411480315,21045.27147361592,True,1,13
2923,allmetal2923 26-02-15 17-19-35.fits,2026-02-15 17:19:35,630.3833851917638,592.94530948553,3.9115655099337503,5.638793828139904,9.211032870243702,13.278344736300648,956.5056357967331,492.658104442937,16860.0106364073,21077.37167279388,True,1,16
2924,allmetal2924 26-02-15 17-20-35.fits,2026-02-15 17:20:35,629.7752759089041,593.2158072950895,4.450623899600035,5.02975168167692,10.480418371671973,11.844160081540938,857.9694634581014,602.6442097671019,16852.888626124422,21068.038117046523,True,1,15
2925,allmetal2925 26-02-15 17-21-35.fits,2026-02-15 17:21:35,630.1330964165389,593.938585041179,4.595788869052169,4.649439589520428,10.822255751574163,10.948593543563174,805.7200726724492,650.8099148519894,16868.067310686525,21086.74139649088,True,1,12
2926,allmetal2926 26-02-15 17-22-35.fits,2026-02-15 17:22:35,630.6261850188449,593.5345996480376,4.21913829768441,5.144195142849896,9.935311436145005,12.113653837933784,876.963775936224,564.5367069798064,16884.48937229143,21107.56009123133,True,1,16
2927,allmetal2927 26-02-15 17-23-35.fits,2026-02-15 17:23:35,630.2791888103568,591.5905500292346,4.379842416756993,6.4235815242920475,10.313740717056165,15.126378534293373,844.2979569674022,503.8673582052264,16869.717780738036,21088.276332066387,True,1,16
2928,allmetal2928 26-02-15 17-24-35.fits,2026-02-15 17:24:35,629.5742112068981,592.6835455198863,4.280225045313601,5.0977056921440935,10.07915973394797,12.004179547529281,859.5873913856095,587.9037645675768,16871.57386278537,21091.13743592423,True,1,16
2929,allmetal2929 26-02-15 17-25-35.fits,2026-02-15 17:25:35,629.4965630427182,592.9294030787615,4.149884913687488,5.47203608686877,9.772232179322828,12.885660264491296,895.1488292603395,570.6393489715699,16884.778489034154,21107.422758804394,True,1,14
2930,allmetal2930 26-02-15 17-26-35.fits,2026-02-15 17:26:35,629.7757704939152,590.3793281770388,3.887416419836552,6.857863959109618,9.15416610881356,16.149035517006634,943.2310425515531,497.9983695170041,16882.143645532135,21103.295264040662,True,1,17
2931,allmetal2931 26-02-15 17-27-35.fits,2026-02-15 17:27:35,630.1930092992548,590.4444174682646,4.418685863690271,8.406668114316325,10.405210044512744,19.796190587514616,870.4028579413522,453.66313185357126,16868.62141828161,21085.855695943097,True,1,17
2932,allmetal2932 26-02-15 17-28-35.fits,2026-02-15 17:28:35,629.8688741000507,591.985272368647,3.9189456792131745,5.4053545973034955,9.228411840798612,12.728637356230466,949.9337643321874,587.8290575293171,16883.05974813328,21105.159548725092,True,1,16
2933,allmetal2933 26-02-15 17-29-35.fits,2026-02-15 17:29:35,629.8032798149761,592.4030033733227,4.213746940393763,5.754312649600783,9.922615759927067,13.550370772655077,897.2877700143115,551.0827455026382,16869.3770155286,21088.21408692376,True,1,14
2934,allmetal2934 26-02-15 17-30-35.fits,2026-02-15 17:30:35,630.2149640983063,592.2184592508916,4.001549735326671,5.454309988884099,9.422929527935535,12.843918493636812,926.721675625803,555.7012145682152,16873.897353927317,21094.029778496664,True,1,15
2935,allmetal2935 26-02-15 17-31-35.fits,2026-02-15 17:31:35,629.3901013168653,591.7238508907865,4.249089270033401,5.083040133628475,10.005840586200575,11.969644796365127,855.608078434101,583.9578130402222,16882.463292795375,21104.712522362377,True,1,14
2936,allmetal2936 26-02-15 17-32-35.fits,2026-02-15 17:32:35,629.3696188712107,591.8035458035304,4.42448808292224,6.881857737389202,10.418873226665848,16.205536547055427,855.1247157906572,515.5081423064286,16868.01890563166,21085.60092861452,True,1,14
2937,allmetal2937 26-02-15 17-33-35.fits,2026-02-15 17:33:35,628.5334475577204,591.5722778668362,4.61477464095592,4.761119771850373,10.866963827823502,11.211580275546439,822.507000258314,626.5285938763382,16879.837992220644,21101.786898237042,True,1,16
2938,allmetal2938 26-02-15 17-34-35.fits,2026-02-15 17:34:35,628.5489205713516,589.0873519461406,3.8627743839992528,8.356178238902361,9.096138548873517,19.677296016818698,957.3468943369651,437.8815051527121,16881.957383494057,21102.542194517806,True,1,16
2939,allmetal2939 26-02-15 17-35-35.fits,2026-02-15 17:35:35,629.04370428998,591.8331937330526,4.212952723875942,4.757230916826517,9.920745522950806,11.202422721784043,880.5485539573426,615.6558726047424,16886.56416988102,21110.11674227218,True,1,10
2940,allmetal2940 26-02-15 17-36-35.fits,2026-02-15 17:36:35,628.3484535747882,591.4562592834255,4.322359517471201,5.977817036515724,10.178378833571484,14.076683383114732,863.7911264488462,553.9665218549469,16875.47985395529,21095.38308016667,True,1,13
2941,allmetal2941 26-02-15 17-37-35.fits,2026-02-15 17:37:35,628.8800829134955,590.5635357194891,4.606474068962398,6.0731896017596565,10.847417474507935,14.301268611497168,834.5411467598163,545.2879834956091,16881.49358483962,21103.17085571205,True,1,15
2942,allmetal2942 26-02-15 17-38-35.fits,2026-02-15 17:38:35,628.6060096453133,589.4423393303084,4.20328785120354,6.692896324820013,9.897986487049163,15.760566425000137,891.9359083514009,480.11866590505406,16887.598040435965,21110.808827776054,True,1,14
2943,allmetal2943 26-02-15 17-39-35.fits,2026-02-15 17:39:35,628.8992913441585,589.404171196138,4.640972238809058,5.939126268339021,10.928654456379732,13.985573586654588,816.0658309441764,543.5185933120233,16886.296522899665,21109.239785006164,True,1,17
2944,allmetal2944 26-02-15 17-40-35.fits,2026-02-15 17:40:35,628.3780741460968,587.4867315962542,4.4005257063465155,7.704724958527111,10.362446141978753,18.14324077378989,858.5369929143221,434.2952223965214,16851.42650235053,21065.340339684422,True,1,16
2945,allmetal2945 26-02-15 17-41-35.fits,2026-02-15 17:41:35,628.7280293515204,588.0606061931745,4.285069106317876,6.982163675734556,10.090566625900191,16.441738981306706,871.7109287508107,506.8932339176639,16876.790536876324,21096.46827371835,True,1,15
2946,allmetal2946 26-02-15 17-42-35.fits,2026-02-15 17:42:35,628.2845289632874,590.1212005934008,4.18216872206648,5.1733891342210505,9.848254738423616,12.182400434009038,865.793563169921,589.6789109254734,16884.231845949635,21106.685725906224,True,1,14
2947,allmetal2947 26-02-15 17-43-35.fits,2026-02-15 17:43:35,628.8149510211553,588.4596472054461,4.093307157714002,8.402227080325387,9.639001745453594,19.78573275165209,914.9271675469306,435.5100020291619,16858.826938894534,21073.74376027815,True,1,15
2948,allmetal2948 26-02-15 17-44-35.fits,2026-02-15 17:44:35,628.6329131158901,589.828268733569,3.9516490719914708,7.713495973176753,9.305422445653464,18.163894934902128,907.47759351082,476.3409488800779,16877.54386586777,21096.713877955706,True,1,16
2949,allmetal2949 26-02-15 17-45-35.fits,2026-02-15 17:45:35,628.4096222592528,589.9753664830943,4.295129920961837,4.238022299298519,10.11425803389313,9.979779861676306,863.0166518848265,607.1326139884334,16862.239460085973,21080.574551998,True,1,14
2950,allmetal2950 26-02-15 17-46-35.fits,2026-02-15 17:46:35,628.2153043956845,590.1635553335409,4.3401062606602885,6.330533765684895,10.220169220167165,14.90726780718005,861.8896551097093,526.1256066291648,16877.002714004073,21097.25711296571,True,1,18
2951,allmetal2951 26-02-15 17-47-35.fits,2026-02-15 17:47:35,628.1442899798778,587.2084056748317,4.831066409056602,8.400724194500324,11.376292018922173,19.782193725985838,775.8802771056571,483.44080910403204,16861.289322003096,21075.845652919277,True,1,15
2952,allmetal2952 26-02-15 17-48-34.fits,2026-02-15 17:48:34,627.404993650831,589.1793553767786,4.8750618271709785,4.73794171445635,11.479893311387425,11.157000121390116,784.0358297920124,624.3963530561947,16871.427427647657,21091.398932991844,True,1,15
2953,allmetal2953 26-02-15 17-49-35.fits,2026-02-15 17:49:35,628.0147588640195,588.1292976292076,4.23946507809168,5.528094137832623,9.983177346098987,13.017666886586344,867.0494881212969,567.2375839800834,16870.265680117718,21089.1541586962,True,1,15
2954,allmetal2954 26-02-15 17-50-35.fits,2026-02-15 17:50:35,627.0404121264364,587.2501983877036,4.23594167960285,7.129987808243436,9.974880376710859,16.789838211677928,849.7555576989631,504.4316676607766,16872.114339034306,21090.150079762047,True,1,14
2955,allmetal2955 26-02-15 17-51-35.fits,2026-02-15 17:51:35,627.0899121016099,589.1672052399208,4.319317518292716,4.316090935494144,10.171215472929022,10.163617451077993,867.610813087422,675.4838114175934,16874.166753252513,21094.745167675657,True,1,16
2956,allmetal2956 26-02-15 17-52-35.fits,2026-02-15 17:52:35,627.5722101779028,588.0186014008707,4.521168513079879,6.541059174843326,10.646538241563272,15.403017260654666,815.9569705128415,531.6451388764357,16866.30378934463,21083.397601764656,True,1,16
2957,allmetal2957 26-02-15 17-53-35.fits,2026-02-15 17:53:35,627.3157427766342,588.9906830798656,4.374310627157267,4.815683805763189,10.300714348021836,11.340068756342086,851.7856454975932,618.8391124152049,16887.591691960824,21111.315344832412,True,1,15
2958,allmetal2958 26-02-15 17-54-35.fits,2026-02-15 17:54:35,626.8759693124647,588.1428244692765,3.951457121198491,7.5080123975462385,9.304970436078495,17.680018092082758,905.4862375579231,472.10545388954324,16867.859616402344,21084.906319871567,True,1,14
2959,allmetal2959 26-02-15 17-55-35.fits,2026-02-15 17:55:35,627.1112092288681,587.9814725950894,4.107580141152955,5.472357345280168,9.672612052958034,12.88641677023809,871.1623475588656,550.3889644997464,16865.586998976312,21083.370335313666,True,1,14
2960,allmetal2960 26-02-15 17-56-35.fits,2026-02-15 17:56:35,627.9175981267466,586.4198534184669,4.47750419221193,7.478709431159317,10.543716623530761,17.61101487945597,830.9835576773036,497.76476038830015,16875.01602113166,21093.76536160933,True,1,16
2961,allmetal2961 26-02-15 17-57-35.fits,2026-02-15 17:57:35,627.3967107797835,588.1172504017477,4.152793542280487,6.498099259914558,9.779081476237172,15.301854391847579,903.1052730361612,522.20503993893,16843.273528819853,21054.965974139264,True,1,13
2962,allmetal2962 26-02-15 17-58-35.fits,2026-02-15 17:58:35,627.4957767420603,588.5526429920305,3.984625512685455,5.908779355906549,9.383076029213433,13.914112068953802,939.21371579919,561.4750789715724,16881.22668507879,21102.573172761255,True,1,15
2963,allmetal2963 26-02-15 17-59-35.fits,2026-02-15 17:59:35,627.4014228541985,589.67489748407,4.4581216906348535,4.767008011004955,10.498074320294219,11.225446019137584,839.3144738482307,600.1277249023987,16869.963112024296,21089.610355024834,True,1,13
2964,allmetal2964 26-02-15 18-00-35.fits,2026-02-15 18:00:35,628.1928688045356,589.5806368256636,4.360374801836423,4.887707834919294,10.267897987212264,11.509672383922776,864.6721872523839,611.412596726746,16813.53849406519,21018.837086564534,True,1,13
2965,allmetal2965 26-02-15 18-01-35.fits,2026-02-15 18:01:35,627.6704647411194,590.5160458764594,4.4995808045449985,5.443174649037024,10.595703072779049,12.817696772156687,843.2310400703858,592.6442940265988,16858.21123873549,21074.155226600466,True,1,14
2966,allmetal2966 26-02-15 18-02-35.fits,2026-02-15 18:02:35,627.676994506156,588.367642531697,4.451139983183365,7.957631733709795,10.48163365563891,18.738790717514213,833.7759211166194,459.6511995070536,16858.381458936638,21073.107830125868,True,1,16
2967,allmetal2967 26-02-15 18-03-35.fits,2026-02-15 18:03:35,627.8551618761577,590.4557541396922,4.221161378661622,4.74018978779243,9.940075427782865,11.162293929544617,880.5443382302981,604.7071002484365,16864.280518630483,21082.432553176546,True,1,13
2968,allmetal2968 26-02-15 18-04-35.fits,2026-02-15 18:04:35,628.1900090273497,589.421120275625,4.017464016530019,7.767123862908129,9.460404796315437,18.29017896461428,945.6512457552715,464.97203028860866,16875.85470215597,21095.27765977244,True,1,15
2969,allmetal2969 26-02-15 18-05-35.fits,2026-02-15 18:05:35,627.2846559409104,589.9017896194298,4.549877985404423,5.922661334417809,10.71414388247537,13.946801630216807,811.4794392668063,542.7254469761288,16874.714215967066,21094.562252568376,True,1,16
2970,allmetal2970 26-02-15 18-06-35.fits,2026-02-15 18:06:35,627.076837433988,588.2650462023996,4.47819008372771,7.418192191328413,10.545331774620836,17.46850767003221,815.627158090409,491.27211878622046,16869.39098154258,21086.758756569783,True,1,14
2971,allmetal2971 26-02-15 18-07-35.fits,2026-02-15 18:07:35,627.1308357607917,588.1501225401855,3.6489350528534943,8.486725081774413,8.592585405475475,19.98471033922931,1006.6263605242658,427.3288377699555,16838.903021922244,21048.74258376748,True,1,16
2972,allmetal2972 26-02-15 18-08-35.fits,2026-02-15 18:08:35,626.9235877744864,590.2549578219406,4.408084421883844,4.397612362431527,10.38024555684074,10.355585741329667,849.1480538862395,542.3943780551033,16858.96749908288,21077.0332904088,True,1,15
2973,allmetal2973 26-02-15 18-09-35.fits,2026-02-15 18:09:35,626.7700407934213,588.855899860966,4.042698720820875,6.387350690744829,9.519827983809973,15.041061441208203,908.6050620650643,532.173524426541,16879.898915316648,21100.544455034207,True,1,15
2974,allmetal2974 26-02-15 18-10-35.fits,2026-02-15 18:10:35,626.9855304262974,588.0643612029415,4.0362780977452966,7.3649353873308625,9.504708571890014,17.343097480444495,917.2752285942604,477.99608915113055,16862.55352721434,21078.637343696068,True,1,17
2975,allmetal2975 26-02-15 18-11-35.fits,2026-02-15 18:11:35,627.0384096967798,587.6214563148811,4.145666642280481,8.297956098338071,9.762298909258226,19.5401933531533,910.8377004947343,461.2815451328396,16866.74054512475,21083.299212845064,True,1,17
2976,allmetal2976 26-02-15 18-12-35.fits,2026-02-15 18:12:35,627.1468497453325,589.9693304086669,4.065655930633255,7.4562599628584785,9.573888081654149,17.558150421500866,902.8736395411861,508.8824885257423,16843.59276186369,21054.188427340225,True,1,16
2977,allmetal2977 26-02-15 18-13-35.fits,2026-02-15 18:13:35,627.240856522196,589.618754450758,4.873571606711703,7.337652722375712,11.476384110378408,17.278851714126244,776.8291932059561,474.68414285131973,16873.15240159624,21092.181879638607,True,1,17
2978,allmetal2978 26-02-15 18-14-35.fits,2026-02-15 18:14:35,627.7696740089617,591.0832190574396,4.147744484626696,5.012364771353526,9.767191854065508,11.803217036590253,903.0433677226291,610.4691220859326,16879.15405492657,21100.621077501146,True,1,14
2979,allmetal2979 26-02-15 18-15-35.fits,2026-02-15 18:15:35,627.7681674006699,591.4563039347092,4.219674551130275,4.819647055522536,9.936574216508545,11.34940149631886,892.5073105617219,686.045044521359,16802.51704011987,21004.271334149573,True,1,8
2980,allmetal2980 26-02-15 18-16-35.fits,2026-02-15 18:16:35,627.0830162559803,588.2673394848653,4.2024921845974275,7.372883030387455,9.896112835375927,17.36181274962491,901.7301025581423,490.1050812351182,16860.98679514623,21076.664384950174,True,1,16
2981,allmetal2981 26-02-15 18-17-35.fits,2026-02-15 18:17:35,627.2307990992866,586.7593532150888,3.814823892416591,8.08533228468765,8.983223770125578,19.039502534718363,983.0723601227727,468.2595979176505,16848.410564459136,21060.425604480533,True,1,15
2982,allmetal2982 26-02-15 18-18-35.fits,2026-02-15 18:18:35,626.9274714017724,590.9807056253737,4.393253044879549,5.396403062041688,10.345320332975614,12.70755810156216,856.5271109047392,577.3223492469093,16868.984146362694,21087.81512654428,True,1,17
2983,allmetal2983 26-02-15 18-19-35.fits,2026-02-15 18:19:35,626.4987304096707,588.6887550869661,4.261995088929465,7.7085523482794915,10.036231467234568,18.152253587898944,884.8394916896062,464.06400680597136,16878.3883200395,21098.460092483674,True,1,16
2984,allmetal2984 26-02-15 18-20-35.fits,2026-02-15 18:20:35,626.7883132998938,590.8146295869785,3.8910579369260283,4.993454862099121,9.162741226250184,11.758687603228264,974.262606933794,656.5791026382657,16850.893431381966,21064.870872307933,True,1,10
2985,allmetal2985 26-02-15 18-21-35.fits,2026-02-15 18:21:35,626.1770220945082,589.4646214326601,4.635042923030295,5.096605547343053,10.914691984730583,12.001588904499354,795.7265096887579,559.8993378935071,16873.281239922824,21093.644648866568,True,1,16
2986,allmetal2986 26-02-15 18-22-35.fits,2026-02-15 18:22:35,627.1168430902738,587.5809498894303,3.9880972864004622,8.210273698677497,9.391251431549342,19.333717080836163,932.8316749748999,468.0873277814475,16876.837330197584,21095.74581445941,True,1,14
2987,allmetal2987 26-02-15 18-23-35.fits,2026-02-15 18:23:35,627.3172461302864,588.4520839724322,4.135404028901553,6.6971859073360465,9.738132301559123,15.770667619893707,921.4748246819795,507.8758846927918,16877.762550835636,21098.205182548656,True,1,16
2988,allmetal2988 26-02-15 18-24-35.fits,2026-02-15 18:24:35,626.7532001174726,588.5718161582876,4.5158068621257925,6.649019556857374,10.633912518422129,15.657244532290543,828.5245054429756,519.3041095170554,16884.059811700707,21105.781206538686,True,1,16
2989,allmetal2989 26-02-15 18-25-35.fits,2026-02-15 18:25:35,626.6652354610137,588.8249519328716,4.0546404969799275,7.910174321676823,9.547948717682583,18.627037052373677,907.0936074770302,438.85100656508894,16886.04435579821,21108.061055425183,True,1,15
2990,allmetal2990 26-02-15 18-26-35.fits,2026-02-15 18:26:35,627.2418926696953,589.9109768589918,4.363909793340503,6.111502678085146,10.276222256065084,14.391489011615231,851.3959680537166,529.5518921108098,16872.853777491637,21092.23989646666,True,1,16
2991,allmetal2991 26-02-15 18-27-35.fits,2026-02-15 18:27:35,627.0835652917044,589.2075737376973,4.101071743273635,7.0978995649388255,9.657285947170774,16.7142761731344,903.9836711275412,513.9425186505498,16881.299353327344,21101.76956999106,True,1,15
2992,allmetal2992 26-02-15 18-28-35.fits,2026-02-15 18:28:35,627.3528712141785,592.1643757368624,4.21816734436835,4.192747019837538,9.933025015813557,9.873164726057208,877.9604557914877,628.4653743596148,16873.414838001197,21094.383831710194,True,1,14
2993,allmetal2993 26-02-15 18-29-35.fits,2026-02-15 18:29:35,627.237912930404,588.0860430014744,4.046582328518518,8.052671649307895,9.52897318106342,18.962592615842667,926.7205685607685,459.9757418071994,16843.959387453826,21055.06187947351,True,1,13
2994,allmetal2994 26-02-15 18-30-35.fits,2026-02-15 18:30:35,626.5861054693411,588.6167228568837,4.154763099652859,6.345636042336776,9.783719429417472,14.9428309509655,888.7906599659174,525.5704110927938,16888.498232092537,21111.498240040903,True,1,15
2995,allmetal2995 26-02-15 18-31-35.fits,2026-02-15 18:31:35,627.1352882062083,588.3848153511019,3.7250119545699216,6.983945331591945,8.771732818601167,16.445934460233033,963.4820227977867,480.29813952798327,16887.154496960626,21109.517408576638,True,1,15
2996,allmetal2996 26-02-15 18-32-35.fits,2026-02-15 18:32:35,626.739545306529,589.6001805509485,4.082485228071627,5.752343397082068,9.613518048605814,13.54573353735028,922.0608528652722,594.4602236729955,16881.83148410814,21103.133287085842,True,1,11
2997,allmetal2997 26-02-15 18-33-35.fits,2026-02-15 18:33:35,626.847328817467,591.0988974805748,4.450033700925057,5.969364307005093,10.479028560001584,14.056778726227876,847.7248711102168,560.3565630906904,16879.30545691521,21100.17812246715,True,1,15
2998,allmetal2998 26-02-15 18-34-35.fits,2026-02-15 18:34:35,626.8466402428928,590.5669391705461,4.373197053821336,7.062567809775134,10.298092083208774,16.631076247848814,845.085296490571,509.0606288037143,16857.908744061682,21072.631817834976,True,1,14
2999,allmetal2999 26-02-15 18-35-35.fits,2026-02-15 18:35:35,626.8062474647046,591.6772078032951,4.405602425824549,5.158867438477066,10.374400902768624,12.148204453783263,839.6844729142734,605.4383148974077,16823.58530471284,21030.89146226263,True,1,13
3000,allmetal3000 26-02-15 18-36-35.fits,2026-02-15 18:36:35,627.9819930746421,591.4379913940343,4.081978008968599,5.243164615687976,9.61232363889478,12.34670913641904,909.0865009312979,555.164303739885,16871.014238722026,21090.726232118257,True,1,16
3001,allmetal3001 26-02-15 18-37-35.fits,2026-02-15 18:37:35,627.6965454888573,588.2412945166593,4.409456675239742,8.724512213457627,10.383476966550068,20.544656243367356,835.9647455811448,431.8121432484408,16857.81108699806,21072.06509095133,True,1,16
3002,allmetal3002 26-02-15 18-38-35.fits,2026-02-15 18:38:35,627.239839756798,590.9686386370428,4.401303328316622,4.322953346458289,10.364277301781415,10.179777193973601,857.6869202352925,646.842122784936,16841.437990559414,21054.19315892733,True,1,14
3003,allmetal3003 26-02-15 18-39-35.fits,2026-02-15 18:39:35,626.7383289172371,587.9015786756671,3.8810255692842652,7.650267651856535,9.13911680582824,18.01500361644362,955.6633466834106,485.6728577549692,16870.0359619713,21087.528861406754,True,1,15
3004,allmetal3004 26-02-15 18-40-35.fits,2026-02-15 18:40:35,627.1682485416458,589.0314513577918,4.485145540075276,7.178433652486677,10.561710622650423,16.90391945680036,826.3502943172282,464.1547691025626,16829.371625213196,21037.631010377132,True,1,16
3005,allmetal3005 26-02-15 18-41-35.fits,2026-02-15 18:41:35,627.0232394561592,589.1211453135078,3.9339609017457553,7.439098060414583,9.263769987798934,17.517737229615115,964.4774009089784,487.193480369843,16847.192429627634,21059.406520556913,True,1,14
3006,allmetal3006 26-02-15 18-42-35.fits,2026-02-15 18:42:35,627.1620337556823,589.315802549981,4.179548367818775,5.961278376825379,9.842084275716038,14.037737815757964,918.5158802857244,573.0510474337425,16835.05789085538,21044.85748529895,True,1,16
3007,allmetal3007 26-02-15 18-43-35.fits,2026-02-15 18:43:35,626.7806533623285,590.839976733054,4.451142120839767,5.172474325084391,10.481638689435055,12.180246223116654,849.859581350419,574.4880471429406,16876.944384226063,21098.16649628762,True,1,16
3008,allmetal3008 26-02-15 18-44-35.fits,2026-02-15 18:44:35,625.8750595126719,591.3440977186065,4.369967682990616,5.826189892055075,10.290487496043756,13.719628743967995,835.4839224406287,552.3315692461903,16881.843129344772,21103.363963615662,True,1,15
3009,allmetal3009 26-02-15 18-45-35.fits,2026-02-15 18:45:35,625.3283398220007,591.1428659479152,4.3410834869048,4.522691931088031,10.222470412116273,10.650125616825827,848.5839272964309,618.8152710470217,16854.632928683135,21070.457687764574,True,1,13
3010,allmetal3010 26-02-15 18-46-35.fits,2026-02-15 18:46:35,626.5857579516054,587.7398634388504,3.680745769968424,7.209237102505772,8.66749391978452,16.976456038361434,995.1930906774671,494.9429142506402,16872.347725299263,21090.66694061748,True,1,14
3011,allmetal3011 26-02-15 18-47-35.fits,2026-02-15 18:47:35,626.7577110794595,589.9777039153657,4.581712946815241,6.6352064499375,10.789109487738349,15.624717151231469,813.6110395418253,539.8460773018621,16865.039032015626,21081.655548956107,True,1,16
3012,allmetal3012 26-02-15 18-48-35.fits,2026-02-15 18:48:35,626.6604676996,589.2321824452906,4.374483648248222,7.321660961720372,10.301121781555029,17.24119399557971,852.1365568483255,529.4258159422708,16841.132928493622,21051.052359472276,True,1,15
3013,allmetal3013 26-02-15 18-49-35.fits,2026-02-15 18:49:35,626.2675081904245,588.7701299234221,4.204498433587025,6.972141481938582,9.900837190711954,16.41813851846076,869.1627292063773,471.7192758712782,16846.638120580952,21059.19235003109,True,1,13
3014,allmetal3014 26-02-15 18-50-35.fits,2026-02-15 18:50:35,626.2646547715864,590.1744990525258,4.3582761177064855,5.878791330551489,10.262955963754898,13.843495665736812,847.7498728563252,515.9041598686117,16870.465383019517,21089.701821154587,True,1,15
3015,allmetal3015 26-02-15 18-51-35.fits,2026-02-15 18:51:35,625.943779672829,588.7849486374802,4.250286893487214,6.514392687992779,10.008660773916015,15.340222482888443,860.9710250434091,515.4088295090962,16878.17836719052,21098.461724867822,True,1,14
3016,allmetal3016 26-02-15 18-52-35.fits,2026-02-15 18:52:35,626.5149245053598,589.9348723035706,4.380470556598461,5.3894301840843,10.315219873345937,12.691138228776548,855.0934156349842,582.8305971463559,16877.863979348684,21098.809929399486,True,1,16
3017,allmetal3017 26-02-15 18-53-35.fits,2026-02-15 18:53:35,626.4354138172416,588.6847709862143,4.2256579806734855,7.032521008971498,9.950664116334927,16.560321439027362,869.8459413452882,507.51356262465924,16866.286295332244,21083.118743680076,True,1,16
3018,allmetal3018 26-02-15 18-54-35.fits,2026-02-15 18:54:35,626.3966622752731,589.9414860104483,4.160735325612823,5.311538754759892,9.79778294682145,12.50771792966732,896.7445764428863,572.8890266921308,16880.523028936725,21102.33840330422,True,1,15
3019,allmetal3019 26-02-15 18-55-35.fits,2026-02-15 18:55:35,626.3349932743038,590.3762945281127,4.406971738893646,4.9719435730594,10.377625388631657,11.708032388603076,849.722444208853,579.359051506257,16848.652673483546,21062.93120671513,True,1,16
3020,allmetal3020 26-02-15 18-56-35.fits,2026-02-15 18:56:35,626.3546584212493,587.8774913485997,4.171386850846138,8.650169624043563,9.822865371951012,20.369592823615616,880.4558324983782,407.3536895988429,16857.185821472554,21071.847116916182,True,1,16
3021,allmetal3021 26-02-15 18-57-35.fits,2026-02-15 18:57:35,625.3694838971421,590.0407831830547,4.487487820317722,7.638167831897132,10.567226271116414,17.986510717861954,813.7842685111527,477.2832467238138,16886.50716958687,21108.14932841122,True,1,15
3022,allmetal3022 26-02-15 18-58-35.fits,2026-02-15 18:58:35,625.9200311197549,589.9060783076084,4.121062929125832,6.240560169349553,9.704361592339467,14.695396179006064,898.5051115683789,539.0684505353732,16885.93161450448,21108.24363195434,True,1,15
3023,allmetal3023 26-02-15 18-59-35.fits,2026-02-15 18:59:35,626.1213729357452,589.8451013780289,4.274877705909609,6.275236246502615,10.066567711931867,14.777052100569135,861.7483607663863,563.3073255251063,16844.43039856379,21055.902688867114,True,1,10
3024,allmetal3024 26-02-15 19-00-35.fits,2026-02-15 19:00:35,625.8756939463001,587.8286809924922,4.442911741927592,6.739579033661503,10.462257628194465,15.870495803536421,861.7381391841616,500.2583196352741,16879.086762940435,21099.977369479442,True,1,14
3025,allmetal3025 26-02-15 19-01-35.fits,2026-02-15 19:01:35,626.2433442131417,587.216909578987,4.0670293449436254,7.016191298967032,9.57712222520234,16.5218679105793,913.1881701315772,535.17334273897,16839.287089935016,21049.00870628881,True,1,15
3026,allmetal3026 26-02-15 19-02-35.fits,2026-02-15 19:02:35,626.1468203361682,588.2827707211408,3.7998313448161127,5.565074547039798,8.947919018509891,13.104749095460848,978.3786585779064,541.9671743462052,16825.66888554658,21033.80350504863,True,1,14
3027,allmetal3027 26-02-15 19-03-35.fits,2026-02-15 19:03:35,626.2725344188774,588.5511757788316,3.9779814706988654,4.8794309554501725,9.367430505963384,11.490181822238583,937.0505373481046,590.285841994728,16854.15028785619,21069.761973936726,True,1,15
3028,allmetal3028 26-02-15 19-04-35.fits,2026-02-15 19:04:35,626.0618671214867,588.4512878677479,4.536099549179558,6.669104103801948,10.681698144663876,15.704540026030992,818.8673018884875,496.0576862764136,16869.382984778524,21087.72306741496,True,1,15
3029,allmetal3029 26-02-15 19-05-35.fits,2026-02-15 19:05:35,626.5586182072082,588.4163059517963,4.264618229252313,5.356291030208344,10.042408490647738,12.613101484954083,903.7890050058396,561.3552009781804,16857.68723817245,21074.18370665819,True,1,12
3030,allmetal3030 26-02-15 19-06-35.fits,2026-02-15 19:06:35,626.0744280969587,589.0044935643701,4.500848531572643,5.728244568410709,10.598688341795373,13.488985132533196,848.5084090267205,602.3989564704541,16835.136067944455,21044.821686024956,True,1,11
3031,allmetal3031 26-02-15 19-07-35.fits,2026-02-15 19:07:35,625.7167272448215,589.6933709621148,4.623873000646126,4.887476268661226,10.888388827598902,11.509127087056525,812.5606177419811,611.0232571747023,16859.422776280164,21076.165333355424,True,1,14
3032,allmetal3032 26-02-15 19-08-35.fits,2026-02-15 19:08:35,626.4454961486352,589.7106986274837,4.4243975777980085,4.5984390017329275,10.418660103385129,10.828496337132806,861.0893743684451,624.0502825023483,16881.383002524417,21104.030113485558,True,1,13
3033,allmetal3033 26-02-15 19-09-35.fits,2026-02-15 19:09:35,625.3322884707331,588.068299009936,4.210842719259872,6.603134126321261,9.915776841785776,15.54919260068923,867.7750619086733,544.423120261857,16878.12157742291,21097.796801556113,True,1,15
3034,allmetal3034 26-02-15 19-10-35.fits,2026-02-15 19:10:35,626.4721956265853,587.4563994966254,4.194379645366316,6.925441599996547,9.877009265378405,16.30816870036308,907.4493673590772,516.0807397128945,16862.61429973032,21078.836027718018,True,1,15
3035,allmetal3035 26-02-15 19-11-35.fits,2026-02-15 19:11:35,625.3595402636322,588.8360821675291,4.996944122210917,5.096436643233106,11.766904182881849,12.001191165715563,766.0603041212132,543.534921734566,16850.737285846426,21066.011143368472,True,1,14
3036,allmetal3036 26-02-15 19-12-34.fits,2026-02-15 19:12:34,626.336977730902,588.6465282380079,4.193182533412163,5.046790028661415,9.874190282152618,11.88428232255422,878.755847666498,571.657967869694,16869.273138319768,21088.54910431663,True,1,16
3037,allmetal3037 26-02-15 19-13-35.fits,2026-02-15 19:13:35,625.7049955877417,590.8716541618214,4.295063104547202,5.577388989670109,10.11410069326061,13.133747391810088,871.3435185368123,572.0357527963333,16878.607816675478,21099.611023345467,True,1,17
3038,allmetal3038 26-02-15 19-14-35.fits,2026-02-15 19:14:35,625.7635712212372,589.654006407878,4.598060802761428,7.049841791914022,10.82760574661371,16.601108765896047,813.1396071466697,493.90122498899825,16856.54535498423,21071.31065144345,True,1,16
3039,allmetal3039 26-02-15 19-15-35.fits,2026-02-15 19:15:35,626.0292173892663,590.2035394270832,4.587499614927728,4.914405551873243,10.802736049803574,11.572540702962497,838.4373189574462,664.0755431744816,16783.112248646317,20980.3169208791,True,1,13
3040,allmetal3040 26-02-15 19-16-35.fits,2026-02-15 19:16:35,626.2565086758935,588.7857642090584,4.201849823655895,6.400371848727346,9.89460019095466,15.071723925034949,898.4473561121032,532.887498247269,16873.086035286524,21092.24970478284,True,1,14
3041,allmetal3041 26-02-15 19-17-35.fits,2026-02-15 19:17:35,624.6916572843556,589.275524303236,4.415109891271074,5.047514490668862,10.39678927297954,11.885988300211219,859.5767775125006,618.1236477089584,16856.934398459736,21072.82065394394,True,1,15
3042,allmetal3042 26-02-15 19-18-35.fits,2026-02-15 19:18:35,625.3453730875256,588.4570051323269,4.0289717864596595,5.750337971421678,9.48750352361936,13.541011120806374,929.6238679320751,608.2486848381462,16832.30047143087,21040.982156155085,True,1,6
3043,allmetal3043 26-02-15 19-19-35.fits,2026-02-15 19:19:35,625.3325972908918,589.6452808841013,4.073947003421764,6.0432428718637095,9.59341206605134,14.230749451655063,926.233833804662,562.9974394456535,16881.745640469017,21103.090451893368,True,1,16
3044,allmetal3044 26-02-15 19-20-35.fits,2026-02-15 19:20:35,624.9754434441747,589.7160526886986,4.6563181649444045,5.183014367828797,10.96479135085281,12.205066127046665,816.6890434527045,580.5848096096661,16873.609284500482,21093.954204860227,True,1,15
3045,allmetal3045 26-02-15 19-21-35.fits,2026-02-15 19:21:35,625.1201490830562,590.3867531667852,4.625534987511435,5.448369647052033,10.89230250758391,12.829930057616325,834.0694048157558,614.408089510971,16873.320613254662,21092.90039620231,True,1,11
3046,allmetal3046 26-02-15 19-22-34.fits,2026-02-15 19:22:34,625.1530784278156,587.9916128822986,4.539626420679262,6.4386296064243504,10.690003292367628,15.161814059737793,807.102436319927,529.9174297690518,16882.25379337035,21103.43411089935,True,1,15
3047,allmetal3047 26-02-15 19-23-35.fits,2026-02-15 19:23:35,624.5392342455509,589.4004912818702,4.298859317848659,4.348340578889827,10.123040092438094,10.239559557791246,875.4451828218197,681.06383495123,16848.748840490145,21062.899049389787,True,1,12
3048,allmetal3048 26-02-15 19-24-35.fits,2026-02-15 19:24:35,625.1767718443228,589.1432612724211,4.393427724879683,4.708661877208423,10.345731672941398,11.088051373723454,861.309945867555,565.978210819727,16802.305984715887,21005.621909734222,True,1,16
3049,allmetal3049 26-02-15 19-25-35.fits,2026-02-15 19:25:35,624.7336048801463,589.2704985702162,4.440607401158826,4.765051807817251,10.456831320361594,11.220839512659026,831.0803336583784,594.0670108491156,16875.804128625365,21096.859703809703,True,1,14
3050,allmetal3050 26-02-15 19-26-35.fits,2026-02-15 19:26:35,624.6988578641434,589.3981579503591,4.116600052526566,4.815603324912113,9.693852321065018,11.33987923842073,896.3177686308987,623.0560747724013,16874.628194275258,21094.97278837248,True,1,13
3051,allmetal3051 26-02-15 19-27-35.fits,2026-02-15 19:27:35,624.5140828805839,589.2386800227573,4.615939662132172,6.492092962413602,10.869707243042226,15.287710642095906,789.3757824976653,543.093220843258,16876.937164863055,21096.46005930939,True,1,16
3052,allmetal3052 26-02-15 19-28-35.fits,2026-02-15 19:28:35,624.4610805932068,588.5802642298243,4.275495901956441,7.745306446622619,10.068023452374707,18.23880287541438,894.4628208711447,443.3889332380877,16853.614040124256,21067.97244076659,True,1,15
3053,allmetal3053 26-02-15 19-29-35.fits,2026-02-15 19:29:35,624.4262140436668,588.9693705505368,4.402288316757244,5.951761015279619,10.366596772305515,14.015326142014201,870.5750828784878,534.4816026431766,16863.195539607117,21080.589011518317,True,1,15
3054,allmetal3054 26-02-15 19-30-35.fits,2026-02-15 19:30:35,625.2155746681997,588.8563345467131,3.9760891164839465,6.711262672020928,9.362974352325795,15.803815867542852,922.3559372440276,476.17384864572296,16869.1416157448,21087.581541366002,True,1,16
3055,allmetal3055 26-02-15 19-31-35.fits,2026-02-15 19:31:35,625.0367822649469,588.8318753094068,4.653683052021646,5.411050669944278,10.958586134121377,12.742050582262934,802.2309837149464,599.4233245869343,16859.678072361337,21075.79660756635,True,1,14
3056,allmetal3056 26-02-15 19-32-35.fits,2026-02-15 19:32:35,624.2703081042519,589.8069530959084,4.628522182606635,7.135180964938912,10.899336814472504,16.80206716116142,793.7828856435372,529.3899985742465,16801.59183062958,21001.73704045279,True,1,11
3057,allmetal3057 26-02-15 19-33-35.fits,2026-02-15 19:33:35,624.521485486038,589.6328643473502,4.391822375840876,6.026268176146917,10.341951364845542,14.19077709792286,870.0538968851121,577.9247558843398,16828.08114618039,21035.929776918234,True,1,13
3058,allmetal3058 26-02-15 19-34-36.fits,2026-02-15 19:34:36,625.2665522692522,588.7755033036392,4.241224169858128,6.566650249424159,9.987319690651669,15.463279636051492,896.0396951774063,525.7622160298434,16816.150037105086,21021.038939867383,True,1,15
3059,allmetal3059 26-02-15 19-35-36.fits,2026-02-15 19:35:36,625.0343819352414,590.4439930169937,4.419103540936718,4.216179847330914,10.40619359926503,9.928344817950364,838.7775178553122,648.5924191531367,16846.562359053823,21060.58244009556,True,1,12
3060,allmetal3060 26-02-15 19-36-36.fits,2026-02-15 19:36:36,625.1171792676906,590.783039937026,4.241094522803321,4.350571694032253,9.987014395168229,10.244813432451405,876.7913412309761,650.112569458194,16839.16247266202,21051.13217721823,True,1,15
3061,allmetal3061 26-02-15 19-37-36.fits,2026-02-15 19:37:36,625.1750252485405,590.5890766678831,4.572012245235686,7.360209037387115,10.76626608120795,17.331967776857127,845.1505488388739,466.57488861297617,16798.22835268815,20998.83790633056,True,1,14
3062,allmetal3062 26-02-15 19-38-36.fits,2026-02-15 19:38:36,624.8818574265447,588.7987776706008,4.341205850999962,7.2999857032023705,10.22275855754035,17.190152662340292,857.6528722866146,508.8815350490913,16873.00406415376,21091.27569066575,True,1,12
3063,allmetal3063 26-02-15 19-39-36.fits,2026-02-15 19:39:36,625.0595030594611,589.297839339572,4.218448138308018,6.659803343792938,9.93368623501121,15.682638409927753,873.1705355965448,502.86841828905517,16838.958612263083,21049.51688466311,True,1,15
3064,allmetal3064 26-02-15 19-40-36.fits,2026-02-15 19:40:36,625.1963111395419,590.1952590104045,3.8517786174795856,5.8190109940027614,9.070245497462526,13.702723730933172,971.6929372311062,571.879454566226,16872.45572410532,21091.585459475453,True,1,16
3065,allmetal3065 26-02-15 19-41-36.fits,2026-02-15 19:41:36,624.559028723512,591.2143087232486,4.06656117781404,4.87841445808925,9.576019775861168,11.487788153877363,919.710829255911,616.7671584226847,16866.994577319187,21085.533146450187,True,1,15
3066,allmetal3066 26-02-15 19-42-36.fits,2026-02-15 19:42:36,624.9145902983014,590.2774607078071,4.528426282775049,7.005318232975703,10.663628983123676,16.496263796831975,838.9618131224406,509.92059374888186,16863.320997021623,21079.706965480265,True,1,16
3067,allmetal3067 26-02-15 19-43-36.fits,2026-02-15 19:43:36,625.0195386819166,590.6645222440267,4.298665718278662,4.687063618840757,10.122584200289957,11.037191361981515,867.2627317240856,626.2290644109747,16802.90086552819,21005.56699816426,True,1,9
3068,allmetal3068 26-02-15 19-44-36.fits,2026-02-15 19:44:36,624.8457817843174,590.1171991065424,4.5563661012801155,6.697817274972993,10.729422227793933,15.772154377060975,813.0353428868144,482.3702367962434,16813.2306476041,21017.697769400715,True,1,15
3069,allmetal3069 26-02-15 19-45-35.fits,2026-02-15 19:45:35,623.988488040206,589.7446512092511,4.904278701806833,7.370294608705639,11.548693793433092,17.355717482363577,748.5978287344304,451.2496476208102,16854.496355021947,21068.966160413944,True,1,17
3070,allmetal3070 26-02-15 19-46-36.fits,2026-02-15 19:46:36,624.9172151968935,591.1459315203746,4.18519172035861,4.599217674442391,9.855373355398017,10.83032997123757,886.1772480043687,628.7733447634835,16863.293252112802,21081.116375181085,True,1,16
3071,allmetal3071 26-02-15 19-47-36.fits,2026-02-15 19:47:36,624.907764363219,588.8725092827115,4.282359692551574,6.199949535521324,10.08418644405302,14.599765444425937,875.7626395793718,531.2574454387234,16872.324465006703,21091.523188074956,True,1,16
3072,allmetal3072 26-02-15 19-48-36.fits,2026-02-15 19:48:36,624.3264400030536,590.4094641659365,4.316416809423075,5.140514261046967,10.164384825537992,12.104986023680855,841.320456018037,566.339404847821,16879.13219147262,21100.678236100837,True,1,14
3073,allmetal3073 26-02-15 19-49-36.fits,2026-02-15 19:49:36,625.0222013035948,587.4748642599798,4.180914889941417,7.368735823038145,9.845302189402414,17.352046822627855,883.6325238895555,515.818740331634,16821.908227818978,21027.12448849148,True,1,14
3074,allmetal3074 26-02-15 19-50-36.fits,2026-02-15 19:50:36,625.4146343459371,590.3593261441125,4.175462011847844,7.212290778457456,9.832461642764558,16.983646895703487,876.8157531078108,493.40559148233484,16856.499184358712,21070.874952354716,True,1,15
3075,allmetal3075 26-02-15 19-51-36.fits,2026-02-15 19:51:36,624.5748520269536,590.1612444225428,4.483682123805556,5.826512329867864,10.558264540684261,13.720388026992824,842.0185094282008,547.7029523907395,16857.053607531037,21072.746926580276,True,1,17
3076,allmetal3076 26-02-15 19-52-36.fits,2026-02-15 19:52:36,624.8899331457486,589.6204126520587,4.309860565388073,6.438872295809264,10.148946050664254,15.162385549566103,871.2523006862984,513.9656803864331,16869.88411808614,21088.445963058366,True,1,14
3077,allmetal3077 26-02-15 19-53-36.fits,2026-02-15 19:53:36,625.2844860704317,589.6900041421204,4.061398045633557,4.827675828579736,9.563861528707422,11.36830781205096,907.5704005319545,637.7617172557478,16849.5168410237,21063.38215336571,True,1,8
3078,allmetal3078 26-02-15 19-54-36.fits,2026-02-15 19:54:36,624.5400733051588,589.6708847442326,4.1881870251923266,6.378264288585918,9.862426759261432,15.019664599267188,853.9020945526615,531.2467837487704,16877.57464148406,21097.428183134532,True,1,17
3079,allmetal3079 26-02-15 19-55-36.fits,2026-02-15 19:55:36,625.4176456444433,589.8268620804671,4.662531510256072,7.566218886233927,10.979422660939422,17.817083898395396,804.6858895835701,480.7423119744824,16816.930818953046,21021.443736695986,True,1,13
3080,allmetal3080 26-02-15 19-56-36.fits,2026-02-15 19:56:36,625.0466670942486,590.8764369715676,4.4804338162681026,5.137059623918451,10.550615360982642,12.096850974922319,820.2942209256561,610.6717483842726,16842.363636191192,21054.27203487633,True,1,10
3081,allmetal3081 26-02-15 19-57-36.fits,2026-02-15 19:57:36,625.466139366796,591.2076753675805,4.046407615346839,5.361081496735311,9.52856176298462,12.624382171556835,924.0196667432122,651.9358285022878,16798.385012967276,20998.578252780633,True,1,10
3082,allmetal3082 26-02-15 19-58-36.fits,2026-02-15 19:58:36,625.675696418409,589.323736762377,4.617021121317705,7.806291325025847,10.8722538848102,18.382411289522075,801.7672198660131,473.46987622806637,16869.892986822586,21087.38026573581,True,1,17
3083,allmetal3083 26-02-15 19-59-36.fits,2026-02-15 19:59:36,625.0450940733203,592.0361925849712,4.307630569913246,4.577939280072053,10.143694812619804,10.780223181648225,875.2431622477744,515.553058670185,16842.96910110198,21057.163017172235,True,1,16
3084,allmetal3084 26-02-15 20-00-36.fits,2026-02-15 20:00:36,625.0011319723508,590.5374850954555,4.440048317884474,8.44634807959153,10.455514779860309,19.8896297651308,875.3846788768291,455.81711504905627,16818.131532687574,21022.754400516842,True,1,15
3085,allmetal3085 26-02-15 20-01-36.fits,2026-02-15 20:01:36,625.0079392117136,590.7126287417117,4.386989436175916,7.005836367087565,10.33057066164607,16.497483909424602,844.6250818833458,481.35006303217045,16882.129716063573,21103.47753737517,True,1,17
3086,allmetal3086 26-02-15 20-02-36.fits,2026-02-15 20:02:36,625.7080538353954,589.7766085262705,4.238807390034045,5.464791728224071,9.98162860907749,12.868601103541367,876.717978567228,596.4908626999447,16863.728727446236,21080.77846480754,True,1,12
3087,allmetal3087 26-02-15 20-03-36.fits,2026-02-15 20:03:36,625.0009269537148,591.1966925948624,4.381504991996856,6.68484300130415,10.317655782557365,15.741602297355866,842.9408119923306,496.2629956534129,16863.082926575258,21079.773838412024,True,1,15
3088,allmetal3088 26-02-15 20-04-36.fits,2026-02-15 20:04:36,624.7895050926071,589.9357596774661,4.2253182595477385,7.828294341014662,9.949864134218299,18.434224432623672,864.6092177174404,504.92823132422996,16850.482548797074,21062.370100779877,True,1,14
3089,allmetal3089 26-02-15 20-05-36.fits,2026-02-15 20:05:36,625.4838806450127,590.7557743297391,4.39901075245929,6.560298479189125,10.358878698197815,15.448322360180605,842.7518497322487,554.7737053719259,16854.81503206254,21068.684739975743,True,1,14
3090,allmetal3090 26-02-15 20-06-36.fits,2026-02-15 20:06:36,624.3828149901681,590.7013636546367,4.0995329084094605,7.546114920879477,9.653662267986624,17.769742677794127,888.0692659886655,460.9910000776373,16875.660309135812,21094.97188924491,True,1,17
3091,allmetal3091 26-02-15 20-07-36.fits,2026-02-15 20:07:36,625.3117633742211,592.0616077651873,4.037416131199363,6.26030329919421,9.507388435879564,14.74188769691591,921.8149964852365,571.9773780712487,16858.972620602904,21074.060923919078,True,1,15
3092,allmetal3092 26-02-15 20-08-37.fits,2026-02-15 20:08:37,625.1526671302721,590.5628413225157,4.302433673283861,5.655845969000694,10.131457056264974,13.318499459410328,874.3028106670682,595.1760995423548,16870.003900195043,21088.472780123462,True,1,15
3093,allmetal3093 26-02-15 20-09-37.fits,2026-02-15 20:09:37,625.6069346425473,590.9473382498367,4.285752410973142,5.623406426919732,10.092175685399274,13.242110175466452,879.5944888941975,572.6437010408539,16878.15445525653,21099.03821765111,True,1,15
3094,allmetal3094 26-02-15 20-10-37.fits,2026-02-15 20:10:37,626.0493411787214,590.4980005424978,4.757655431096284,6.043961493586454,11.203422376495892,14.232441676492577,785.1316696659818,554.2701455405323,16859.788887458206,21075.679518353278,True,1,16
3095,allmetal3095 26-02-15 20-11-37.fits,2026-02-15 20:11:37,625.7891507864688,591.2503198293551,4.325257101331678,5.623233455993817,10.185202122128295,13.241702860062901,881.5834623989615,551.8446339382373,16866.492998486658,21084.854056062894,True,1,15
3096,allmetal3096 26-02-15 20-12-37.fits,2026-02-15 20:12:37,625.3704136130165,590.9799370647949,4.520067930930194,7.101520986920496,10.64394656865599,16.722803970208354,804.0013358415318,527.7842364505817,16872.572312706972,21090.436503550765,True,1,14
3097,allmetal3097 26-02-15 20-13-37.fits,2026-02-15 20:13:37,625.771254693652,591.4917298769894,4.232403571344929,7.0550118667888535,9.966548768463618,16.61328336184561,847.1693105433626,504.21738607300455,16879.74400614699,21099.749289432377,True,1,15
3098,allmetal3098 26-02-15 20-14-37.fits,2026-02-15 20:14:37,625.7780501472257,592.4187780651761,4.517330148875961,5.860054513919926,10.637499584595755,13.799373834352737,830.4568565976801,532.3348994979934,16866.684777252787,21084.902875151925,True,1,16
3099,allmetal3099 26-02-15 20-15-37.fits,2026-02-15 20:15:37,624.5579492483905,590.6173670635977,4.129335732424982,7.039250109188817,9.723842555376905,16.576167259104125,907.3859896262082,532.9127965790598,16873.57961799478,21091.96373938774,True,1,16
3100,allmetal3100 26-02-15 20-16-37.fits,2026-02-15 20:16:37,625.1390265756943,592.2371806592943,4.049306234109335,6.258564062127993,9.535387488549448,14.737792106609323,927.2002247489042,548.4332507776758,16857.49439054662,21072.656481901337,True,1,16
3101,allmetal3101 26-02-15 20-17-37.fits,2026-02-15 20:17:37,625.119104604138,591.9542250793941,4.1752851295748705,5.458054701331885,9.832045116842549,12.852736617571734,892.5780985216976,565.4207722886142,16810.515138906943,21014.712207696615,True,1,13
3102,allmetal3102 26-02-15 20-18-37.fits,2026-02-15 20:18:37,625.1948003375048,592.9535883739551,4.646687196068593,4.042390571429952,10.942112152290981,9.519102347447365,814.5441045782444,685.9899183455353,16849.269205685323,21064.063497586027,True,1,9
3103,allmetal3103 26-02-15 20-19-37.fits,2026-02-15 20:19:37,624.8239544670603,591.2772330190444,4.553838574710012,6.154715356236028,10.723470357562304,14.493247092324399,828.4965507795273,563.6051076329715,16861.18585445542,21077.226499135235,True,1,15
3104,allmetal3104 26-02-15 20-20-36.fits,2026-02-15 20:20:36,624.6835237345476,591.193646978121,3.9004722999221713,7.214684826416093,9.184910356944698,16.989284447825252,942.4657937189395,535.043099860953,16853.250374801275,21066.112300191246,True,1,13
3105,allmetal3105 26-02-15 20-21-37.fits,2026-02-15 20:21:37,625.0833053054556,591.2338199984843,4.002083787134687,7.260383326583422,9.424187123838136,17.096896192047126,939.4711210417923,521.0480465656879,16877.466776076348,21096.776761505167,True,1,14
3106,allmetal3106 26-02-15 20-22-37.fits,2026-02-15 20:22:37,625.490618564809,592.5629795574445,4.413498636330072,5.257576018606629,10.392995057546813,12.380645396888902,854.5886657954255,629.7223734388543,16872.24584780033,21091.43556823848,True,1,12
3107,allmetal3107 26-02-15 20-23-37.fits,2026-02-15 20:23:37,625.0995520095116,592.9486221877629,4.347191807485497,5.259097655059965,10.236854407861172,12.384228576910466,843.2992917034463,591.6418374076546,16886.03026673529,21108.895137290197,True,1,15
3108,allmetal3108 26-02-15 20-24-37.fits,2026-02-15 20:24:37,626.1296189107114,592.9709285215026,4.244474302025701,5.110276250393863,9.994973167028867,12.033780950073067,906.3007062437348,594.8339764432246,16848.977794845378,21063.19769210378,True,1,14
3109,allmetal3109 26-02-15 20-25-37.fits,2026-02-15 20:25:37,625.5544166815098,592.2524663753499,4.066066184898207,5.278079830121995,9.574854156620816,12.428928183244821,886.5637591036206,576.3350036074282,16880.22971790081,21101.665021239034,True,1,15
3110,allmetal3110 26-02-15 20-26-37.fits,2026-02-15 20:26:37,625.4610925598515,593.7891029571309,4.357001587499701,5.713891126218099,10.259954674475964,13.455185359142847,849.0506050321791,565.6624477570786,16859.86968190179,21075.980705471047,True,1,17
3111,allmetal3111 26-02-15 20-27-37.fits,2026-02-15 20:27:37,625.7966248845469,594.2164801762831,4.4498414939473765,4.224643117489055,10.478575947157747,9.948274296165268,849.4819442633045,672.307325462871,16878.58108960791,21100.526882494312,True,1,10
3112,allmetal3112 26-02-15 20-28-37.fits,2026-02-15 20:28:37,625.167666904988,592.3465575624577,4.269273118028055,7.305844560652268,10.053369916044247,17.20394921730429,882.3197149561325,521.7262919731799,16858.870212957547,21073.47813213783,True,1,16
3113,allmetal3113 26-02-15 20-29-37.fits,2026-02-15 20:29:37,625.7952875197211,593.8658167109786,4.319805247495499,5.260847365635705,10.172363987432282,12.388348830447221,875.3174659883108,613.4340510014853,16862.74057398651,21079.781886763012,True,1,16
3114,allmetal3114 26-02-15 20-30-37.fits,2026-02-15 20:30:37,625.424502183161,591.1102378927197,4.306561628872951,7.689496056759327,10.141177648831162,18.107379450643307,890.8939164532685,488.3570314611157,16811.517066775315,21014.5957622928,True,1,14
3115,allmetal3115 26-02-15 20-31-38.fits,2026-02-15 20:31:38,625.5004838314919,594.2660848414223,4.177409024946874,5.416799924313092,9.83704650823809,12.755589041694599,892.3976375770171,524.4985163296255,16862.605871504584,21080.42813432251,True,1,15
3116,allmetal3116 26-02-15 20-32-38.fits,2026-02-15 20:32:38,625.4467650677745,593.069238995427,4.183966585779766,8.131907864061908,9.852488383933895,19.149179642637794,882.8831528626293,476.19794858719376,16856.218462057892,21069.836267620693,True,1,16
3117,allmetal3117 26-02-15 20-33-38.fits,2026-02-15 20:33:38,625.3513927410247,594.9236463176876,4.745874135932276,4.775516569696948,11.17567954648726,11.245482143699812,804.2280523882131,689.8146069886908,16824.403741124745,21031.78380100158,True,1,9
3118,allmetal3118 26-02-15 20-34-38.fits,2026-02-15 20:34:38,625.7732308515687,594.3682942727713,4.420736067774671,6.362897105665667,10.410037906187092,14.983477648890922,818.2682087723198,532.9851497869463,16874.547385746886,21093.737497203292,True,1,16
3119,allmetal3119 26-02-15 20-35-38.fits,2026-02-15 20:35:38,625.9689804594486,594.1526415532798,4.545243808661339,6.251030157351869,10.703231230188537,14.720051116625152,836.3713109638747,573.5979532566329,16868.096893537666,21085.649695811644,True,1,14
3120,allmetal3120 26-02-15 20-36-38.fits,2026-02-15 20:36:38,625.9330405835842,594.249811807339,4.58758794201051,5.442027670498361,10.802944044188628,12.814995844102624,822.4376842380582,603.5707610103241,16856.087092560432,21071.30430319197,True,1,16
3121,allmetal3121 26-02-15 20-37-38.fits,2026-02-15 20:37:38,625.8997795267679,595.1849688462684,4.378043344813616,4.228007917365644,10.309504226381447,9.956197794362176,858.2982574964185,670.8535689738216,16863.491348214702,21081.619398614486,True,1,12
3122,allmetal3122 26-02-15 20-38-38.fits,2026-02-15 20:38:38,625.9384874309604,593.8940576370414,4.206448408083719,6.72074478905914,9.905429029744068,15.826144546813762,886.0955241571448,516.0593413758418,16879.053911375384,21099.451419213634,True,1,15
3123,allmetal3123 26-02-15 20-39-38.fits,2026-02-15 20:39:38,626.7247794788905,594.8738513557465,4.785616333313907,5.392729816169809,11.2692652695151,12.698908268552733,805.5727942186038,583.9090777217311,16880.051203986164,21101.792938192608,True,1,15
3124,allmetal3124 26-02-15 20-40-37.fits,2026-02-15 20:40:37,625.7741102474673,594.2780999212035,4.3306515309403135,6.702696115724636,10.197905033102218,15.783643169059456,861.5859404639143,512.914580289446,16840.45640407116,21051.28851183191,True,1,15
3125,allmetal3125 26-02-15 20-41-38.fits,2026-02-15 20:41:38,626.2367641380314,594.5496546696894,4.762672534632597,6.998844797448684,11.215236752471197,16.481020021092736,802.6436036103092,522.8091974112905,16858.110031475673,21073.03817932159,True,1,14
3126,allmetal3126 26-02-15 20-42-38.fits,2026-02-15 20:42:38,626.150112896136,595.787664981098,4.316517589874103,4.660519999348763,10.16462214536422,10.974685914734094,869.9211142415415,587.0923761124646,16849.79651261666,21064.739721265887,True,1,15
3127,allmetal3127 26-02-15 20-43-38.fits,2026-02-15 20:43:38,625.9580343507183,593.7570155852044,4.031590472985303,7.48873898068409,9.493670059141598,17.634632663719536,922.1228099990255,536.3910580916967,16845.180706830168,21055.74330406076,True,1,16
3128,allmetal3128 26-02-15 20-44-38.fits,2026-02-15 20:44:38,625.5156907622346,595.5004175115965,4.619970860492083,4.340108691934806,10.879199989745642,10.220174945381135,807.3868993150019,589.6207470637065,16845.705481215995,21059.998528117027,True,1,14
3129,allmetal3129 26-02-15 20-45-38.fits,2026-02-15 20:45:38,626.0598612270247,594.4878369165855,4.206367575181937,7.137871268634078,9.905238682806655,16.808402342230018,895.7298467805026,552.8082082140254,16869.20594041589,21086.0714463584,True,1,15
3130,allmetal3130 26-02-15 20-46-38.fits,2026-02-15 20:46:38,625.2563524798858,595.2326002502408,4.392419665087545,5.021187330551476,10.34335787353628,11.82399257583806,851.923749875426,578.2058547785664,16860.5540471586,21077.74566059135,True,1,16
3131,allmetal3131 26-02-15 20-47-38.fits,2026-02-15 20:47:38,625.7000412749674,595.3572135282145,4.39385406391174,5.78898249557131,10.346735624640063,13.63201202090461,871.4167156309345,576.9449488734124,16866.434708164365,21084.240284677246,True,1,14
3132,allmetal3132 26-02-15 20-48-38.fits,2026-02-15 20:48:38,625.9406160732248,593.4721065859289,4.256229237083216,5.602148869652099,10.022653923730342,13.192052453504239,895.5944215495683,538.7418522052042,16812.97116880498,21018.15694817117,True,1,13
3133,allmetal3133 26-02-15 20-49-38.fits,2026-02-15 20:49:38,625.7918385565695,562.4116741916429,4.413255828587899,0.22446982718674233,10.392423289008455,0.528586048563974,846.0768713986275,305.31858637891463,16818.466692281097,21032.158512829115,False,1,7
3134,allmetal3134 26-02-15 20-50-38.fits,2026-02-15 20:50:38,626.3824899058983,594.3648011943818,4.256608039513478,6.225207063168012,10.02354593528623,14.659242376816282,880.7818510369042,567.3528438772606,16865.27366552672,21082.12389386186,True,1,14
3135,allmetal3135 26-02-15 20-51-38.fits,2026-02-15 20:51:38,626.0759989174467,594.0036262370403,4.6131640898165065,7.121379340869535,10.863171269716863,16.76956682014887,819.616545773613,520.4828558976324,16872.772167406856,21091.14750219924,True,1,16
3136,allmetal3136 26-02-15 20-52-38.fits,2026-02-15 20:52:38,625.4379490792895,594.5128721936604,4.502452522725894,6.328816741244857,10.6024654523151,14.903224523610842,847.3099669346371,541.5415234070648,16871.890844579575,21090.81249036094,True,1,14
3137,allmetal3137 26-02-15 20-53-38.fits,2026-02-15 20:53:38,626.0104869192296,593.9579274656066,4.055386890739481,7.26485035901586,9.549706340669065,17.107415249560834,899.7160760900748,468.2222984210263,16829.72349490772,21037.759317503765,True,1,15
3138,allmetal3138 26-02-15 20-54-38.fits,2026-02-15 20:54:38,625.2703068396994,593.6285836137619,3.9573660578361496,6.3584828107156675,9.318884918517671,14.973082778657986,942.9622216224064,566.235759088913,16850.406366318377,21063.329233077508,True,1,15
3139,allmetal3139 26-02-15 20-55-39.fits,2026-02-15 20:55:39,626.1144714673643,593.9159603558168,4.318244097861376,7.138295316440061,10.168687760980557,16.8094008985036,867.4889435886057,520.0585062637577,16876.546951377604,21095.766177361005,True,1,14
3140,allmetal3140 26-02-15 20-56-39.fits,2026-02-15 20:56:39,625.6944765537138,593.8263967729088,4.2427562314740905,6.6219193182557685,9.990927420055158,15.593428347206363,875.9492977006356,564.6195624744785,16868.738490674525,21085.86821756447,True,1,15
3141,allmetal3141 26-02-15 20-57-39.fits,2026-02-15 20:57:39,626.313511208567,594.5385573705582,4.105491649408581,7.284603959172628,9.6676940307345,17.15393142317152,905.3815895357038,551.6051265951353,16805.40060239593,21006.01348028828,True,1,11
3142,allmetal3142 26-02-15 20-58-39.fits,2026-02-15 20:58:39,626.1855625610349,593.406977680202,4.449495553646848,6.870509305136259,10.47776132000368,16.17881303130652,831.9334024029913,484.1909047568152,16868.13535490972,21086.08726057292,True,1,14
3143,allmetal3143 26-02-15 20-59-39.fits,2026-02-15 20:59:39,626.2355547570768,593.2726425844362,4.12972989270899,7.362405751075398,9.72477073191464,17.33714064228349,906.1545592133746,480.0679966604936,16838.170907745098,21048.222103681983,True,1,16
3144,allmetal3144 26-02-15 21-00-39.fits,2026-02-15 21:00:39,626.2332294170465,595.0981847192186,4.186729068430076,6.768111873908109,9.858993533452898,15.937685507690796,874.857731334217,520.4412388269549,16865.601360367014,21082.34535272676,True,1,15
3145,allmetal3145 26-02-15 21-01-39.fits,2026-02-15 21:01:39,626.997757040484,594.9833695969909,4.256417213699816,6.164348888795264,10.023096574835108,14.515932327899346,882.937640871749,566.4957413550878,16843.182587894233,21054.629550812817,True,1,12
3146,allmetal3146 26-02-15 21-02-39.fits,2026-02-15 21:02:39,626.2814087233256,595.4913255842774,3.9899804697058388,6.754387589261044,9.395685989345312,15.905367287100177,904.3876848750676,515.7336544905174,16881.83582729594,21102.600828252616,True,1,16
3147,allmetal3147 26-02-15 21-03-39.fits,2026-02-15 21:03:39,626.5989219283791,594.1056354260107,4.347924761522646,7.541996406114788,10.238580382719936,17.760044316670484,860.9273713714548,497.2589608956527,16864.928961044454,21081.143875546655,True,1,16
3148,allmetal3148 26-02-15 21-04-38.fits,2026-02-15 21:04:38,626.5441506287003,594.9705960029663,3.980044446113147,6.632497275552456,9.37228844182134,15.618337533084084,954.1087345151695,500.14315061387,16869.66432960575,21088.25587642736,True,1,13
3149,allmetal3149 26-02-15 21-05-39.fits,2026-02-15 21:05:39,626.7781811473491,595.7327383567792,4.311539370415058,3.842367718876558,10.1528993343935,9.048084524790363,872.816520388676,674.0485369395736,16832.58601532256,21043.604469994225,True,1,13
3150,allmetal3150 26-02-15 21-06-39.fits,2026-02-15 21:06:39,626.3596877312985,595.0870413050883,4.460940881638998,5.026957965830368,10.504713007781548,11.837581383465357,846.7922957263133,578.5142046504488,16853.81659049152,21069.398737665648,True,1,13
3151,allmetal3151 26-02-15 21-07-39.fits,2026-02-15 21:07:39,625.8006151348588,593.5983449623445,4.179794590274893,8.561029412637556,9.842664085291242,20.159683666978452,884.5755391923116,438.9753156024196,16833.54385379259,21041.781141491538,True,1,16
3152,allmetal3152 26-02-15 21-08-39.fits,2026-02-15 21:08:39,626.2697892696448,594.496469398853,4.158988533336925,6.541887617547489,9.793669565355659,15.404968094140587,911.3980442018077,555.705795790687,16812.105187910503,21015.511222241246,True,1,12
3153,allmetal3153 26-02-15 21-09-39.fits,2026-02-15 21:09:39,625.4840506966065,592.8833188991742,4.34887257404408,7.9811567884373575,10.24081231064434,18.794187987947126,849.564773656262,451.7885417410345,16854.990537881593,21068.955675574765,True,1,14
3154,allmetal3154 26-02-15 21-10-39.fits,2026-02-15 21:10:39,626.2736771116798,594.156263776302,4.122275835217393,6.451192849574644,9.707217767916616,15.191398236538703,902.0525846841582,540.5217443110035,16858.825842785413,21074.098986408775,True,1,15
3155,allmetal3155 26-02-15 21-11-39.fits,2026-02-15 21:11:39,625.0718587063399,595.0651178061537,4.674871526950889,5.741843446859194,11.008481179608395,13.521008044093628,808.0222851444341,593.4364040095431,16861.23004797871,21077.443229815748,True,1,13
3156,allmetal3156 26-02-15 21-12-39.fits,2026-02-15 21:12:39,625.2831062822524,596.2269322017119,4.07351795386813,4.857249490234838,9.59240173156213,11.437948463321357,939.901985558095,616.0249500319794,16871.948322836888,21091.9831052208,True,1,13
3157,allmetal3157 26-02-15 21-13-39.fits,2026-02-15 21:13:39,625.5380720307403,595.2166015214563,4.18722800408387,6.896184126660862,9.860168437131632,16.23927261568525,891.5792119836839,536.9492691581011,16813.953235468092,21017.51582377316,True,1,15
3158,allmetal3158 26-02-15 21-14-38.fits,2026-02-15 21:14:38,625.6549253892822,593.5605316820984,4.194430354686354,7.035776210334971,9.8771286767017,16.56798685244868,891.0848313365042,501.9782076737218,16852.438471125053,21066.051830436023,True,1,15
3159,allmetal3159 26-02-15 21-15-39.fits,2026-02-15 21:15:39,624.301380882401,594.3728196706566,4.2387987987778075,6.806879017124401,9.98160837821509,16.028975153625105,872.4226996650978,536.8731786269743,16858.63314667786,21073.398144967687,True,1,15
3160,allmetal3160 26-02-15 21-16-39.fits,2026-02-15 21:16:39,625.5408728504883,593.975029225442,4.179907176803773,7.224043823002169,9.84292920630625,17.01132320058752,881.5194079477781,499.30677560887807,16860.44289355344,21075.74370763336,True,1,16
3161,allmetal3161 26-02-15 21-17-39.fits,2026-02-15 21:17:39,625.3739073368578,594.8943152937965,3.957083324211191,6.560089887514549,9.318219131710215,15.447831164324084,933.3691438763789,545.3745168156266,16866.723414303648,21083.6875208208,True,1,14
3162,allmetal3162 26-02-15 21-18-39.fits,2026-02-15 21:18:39,626.0465838020854,594.0998385395536,4.298352225127169,6.843020429141545,10.121845980332841,16.1140816750988,863.6876434961515,523.3343507069343,16860.508834924156,21075.95731811586,True,1,16
3163,allmetal3163 26-02-15 21-19-39.fits,2026-02-15 21:19:39,626.4238617541772,593.9470926976509,4.339154942336596,7.304575003050955,10.217929036709329,17.200959637616396,882.2335001907923,505.76332953911856,16858.249419021464,21073.139206197677,True,1,16
3164,allmetal3164 26-02-15 21-20-39.fits,2026-02-15 21:20:39,625.9970581400457,595.9594760581668,4.69707334936061,4.764420271427548,11.060762476055023,11.219352358109386,829.9886868346493,605.2645567051137,16878.27645718766,21100.329637666156,True,1,16
3165,allmetal3165 26-02-15 21-21-39.fits,2026-02-15 21:21:39,625.7296653749073,594.1728378326178,4.318429566952028,6.067260510023849,10.169124507312956,14.287306667428862,891.1718675397556,610.055719317207,16823.90104216147,21030.236375826953,True,1,9
3166,allmetal3166 26-02-15 21-22-39.fits,2026-02-15 21:22:39,625.8987012344859,593.3782597043083,4.146708484369822,6.825950850364124,9.764752259893964,16.07388588883349,900.5900345969202,504.38860229597213,16880.3656530984,21101.17075170941,True,1,16
3167,allmetal3167 26-02-15 21-23-38.fits,2026-02-15 21:23:38,625.4877284894178,593.6273663994705,4.175821647321543,4.754301213064052,9.833308519586929,11.195523796638186,898.58899464767,634.2305626368924,16853.8041093513,21069.05928294229,True,1,15
3168,allmetal3168 26-02-15 21-24-39.fits,2026-02-15 21:24:39,625.496975286218,593.2928764328541,4.3262233848878004,6.01864683857697,10.187477546015437,14.1728302194432,866.9639080369144,584.7244465050119,16863.902687993326,21080.444871645668,True,1,14
3169,allmetal3169 26-02-15 21-25-39.fits,2026-02-15 21:25:39,626.0145433634557,591.166092459434,4.7314830286536145,8.264832763277768,11.141791078597278,19.46219385979502,788.1848138219481,422.6548227864767,16848.472713759154,21061.1688649603,True,1,15
3170,allmetal3170 26-02-15 21-26-39.fits,2026-02-15 21:26:39,625.9152489799988,593.9079043225379,4.6718490487310165,5.715634389234291,11.00136378731057,13.459290429837134,805.916719210032,590.1749073943711,16871.767375463805,21090.66853644934,True,1,15
3171,allmetal3171 26-02-15 21-27-39.fits,2026-02-15 21:27:39,625.3178422763477,593.0461509484355,4.548782648337388,5.424712250674696,10.71156456079385,12.77422114641373,804.8133368435067,598.6069552981115,16862.85658752795,21079.58330075885,True,1,14
3172,allmetal3172 26-02-15 21-28-39.fits,2026-02-15 21:28:39,625.9449133958822,593.696132373905,4.277049266633575,5.069936649605584,10.071681346653664,11.938788449528282,885.7617290339734,618.6305580830473,16870.681072455714,21089.94742830196,True,1,11
3173,allmetal3173 26-02-15 21-29-38.fits,2026-02-15 21:29:38,625.958392512515,592.9825908835084,4.484004762198532,4.778241284395917,10.55902429603934,11.251898356489935,855.8498090868765,658.950331802826,16862.800372304482,21080.187080882213,True,1,10
3174,allmetal3174 26-02-15 21-30-39.fits,2026-02-15 21:30:39,625.5424476742444,592.0031854490317,4.486374634238546,4.7154527154107635,10.56460491822332,11.104042575644886,850.9770744089494,611.1138198483349,16856.4157731628,21072.811233978773,True,1,16
3175,allmetal3175 26-02-15 21-31-39.fits,2026-02-15 21:31:39,625.1464436976075,591.8864768858433,4.245064100878978,6.459490579464335,9.996362037191101,15.210937897211197,894.3271915242434,523.0001920069933,16876.68956662097,21096.88556693138,True,1,17
3176,allmetal3176 26-02-15 21-32-39.fits,2026-02-15 21:32:39,625.3585819209992,592.2808247023034,4.452157021074648,5.866463189121117,10.48402859685186,13.814465111178595,843.4491316519321,613.3404861499092,16806.83764826708,21008.931447289026,True,1,7
3177,allmetal3177 26-02-15 21-33-39.fits,2026-02-15 21:33:39,624.2694916029278,594.0978102618787,4.436518439191277,3.65464192997707,10.447202550757039,8.606024074120599,870.1689181651084,743.9900624054171,16850.341492407115,21065.721127329318,True,1,3
3178,allmetal3178 26-02-15 21-34-39.fits,2026-02-15 21:34:39,624.7295406129043,590.7134932948511,4.520718395645028,6.41082629910478,10.645478296005066,15.096342274343513,831.2827780152547,539.2724347408615,16845.149298894114,21057.172978569582,True,1,16
3179,allmetal3179 26-02-15 21-35-39.fits,2026-02-15 21:35:39,624.4642825641756,592.1515266920546,4.651961440400263,5.437625487419641,10.954532048565587,12.804629495146957,797.6469243720658,617.201619457574,16860.56160010388,21076.569801360052,True,1,15
3180,allmetal3180 26-02-15 21-36-39.fits,2026-02-15 21:36:39,625.2919490176477,591.9175514320315,4.714315334468679,7.4974568218423805,11.101364248203629,17.655161610828472,791.190251756055,485.01806031631213,16880.015997044768,21100.24891795461,True,1,17
3181,allmetal3181 26-02-15 21-37-39.fits,2026-02-15 21:37:39,624.8311058376338,591.4226299683154,4.45505104363399,7.252077298985707,10.49084349918537,17.07733699176545,833.2352221181357,495.4708162550183,16871.99072775606,21090.279493801598,True,1,16
3182,allmetal3182 26-02-15 21-38-39.fits,2026-02-15 21:38:39,624.4733231188261,590.870107608341,4.1583688740388105,7.721408994133671,9.79221037921937,18.182528675268227,880.220845778088,455.44076925217433,16862.003149389257,21077.8555464097,True,1,15
3183,allmetal3183 26-02-15 21-39-38.fits,2026-02-15 21:39:38,624.6724224894448,591.333269048833,4.365509334192412,6.814368767995841,10.279988886926004,16.046612169109462,854.132080638179,513.851876996297,16871.289438345895,21089.667822364514,True,1,16
3184,allmetal3184 26-02-15 21-40-39.fits,2026-02-15 21:40:39,624.1286011829721,590.9197041176724,4.312592453164751,7.051206879482847,10.155379154761551,16.604323301466337,858.7990391669563,504.8370074933269,16878.41822308299,21098.375126741572,True,1,16
3185,allmetal3185 26-02-15 21-41-39.fits,2026-02-15 21:41:39,624.1212389468349,592.714465728186,4.378549967620626,3.8762061249537387,10.310697231922664,9.127767881712805,827.3132415042228,647.4327371477985,16852.959303593754,21068.923250874184,True,1,16
3186,allmetal3186 26-02-15 21-42-39.fits,2026-02-15 21:42:39,624.2380575635364,592.2850840941836,4.17519336713817,5.040889708500619,9.831829032817225,11.870388130367477,880.0184114760864,582.105268674683,16882.339866002494,21104.736063764092,True,1,17
3187,allmetal3187 26-02-15 21-43-39.fits,2026-02-15 21:43:39,624.3654802361727,590.0189164642558,4.266948786053447,7.956974358800743,10.047896532519134,18.737242717901275,874.5870645018845,462.75741958963226,16874.05056166974,21092.684786500726,True,1,15
3188,allmetal3188 26-02-15 21-44-39.fits,2026-02-15 21:44:39,623.9368379069,592.304400616379,4.590425065540178,4.546577486938708,10.809624959546522,10.70637180252971,826.2104640930174,595.7396725843969,16867.403295442236,21086.907817699055,True,1,16
3189,allmetal3189 26-02-15 21-45-39.fits,2026-02-15 21:45:39,624.2166196786976,591.0291973046164,4.03897557987966,7.3654152854719595,9.511060656891125,17.34422755420672,929.4324854117605,463.1290376705449,16872.874398417367,21091.932173620742,True,1,14
3190,allmetal3190 26-02-15 21-46-39.fits,2026-02-15 21:46:39,624.4781886909137,589.5917699896241,4.517480355403042,8.157029665211915,10.63785329393662,19.208336963553112,836.1293055018583,428.6590100275471,16876.244507355685,21095.992541981388,True,1,14
3191,allmetal3191 26-02-15 21-47-39.fits,2026-02-15 21:47:39,624.7050479798412,591.7691638226293,4.108628412955463,5.790673229608132,9.675080544411221,13.635993395305332,892.1886829662913,499.70648148103925,16860.49728396778,21077.511452896608,True,1,15
3192,allmetal3192 26-02-15 21-48-39.fits,2026-02-15 21:48:39,623.9597213995868,588.4295972231516,4.180367624893553,9.153379604488544,9.84401347869776,21.554561772427085,884.1322585301727,437.2600902358966,16850.380865024363,21062.22602720532,True,1,16
3193,allmetal3193 26-02-15 21-49-39.fits,2026-02-15 21:49:39,624.0290429111701,591.1476124142646,4.142650238090091,5.78441133254951,9.755195820206781,13.62124775459177,901.4192846941273,570.8610438428118,16867.269207993126,21085.14440922808,True,1,13
3194,allmetal3194 26-02-15 21-50-39.fits,2026-02-15 21:50:39,624.8093115264222,590.690718125768,4.234710098486767,7.603224660136741,9.971980224811624,17.904225836563626,881.5562958867783,497.77321947424286,16849.784701079134,21062.104697284623,True,1,16
3195,allmetal3195 26-02-15 21-51-39.fits,2026-02-15 21:51:39,624.4984762625459,589.8975079155347,4.534638149433884,7.688219736418427,10.678256811248959,18.104373945920674,817.3802315176769,454.72187750923905,16864.886814990412,21081.6238508164,True,1,18
3196,allmetal3196 26-02-15 21-52-39.fits,2026-02-15 21:52:39,623.8235859899067,591.5342073828083,4.868219601464705,5.873178206985901,11.463781101141667,13.830277769849328,775.3379314665051,546.8763860453159,16825.984135300554,21033.857377334833,True,1,15
3197,allmetal3197 26-02-15 21-53-39.fits,2026-02-15 21:53:39,624.0054675799852,592.1750412303228,3.841187942986962,4.448955179008888,9.045306364876897,10.476488834974386,951.0721078057882,566.5281597072161,16869.853647257074,21090.089987984436,True,1,12
3198,allmetal3198 26-02-15 21-54-39.fits,2026-02-15 21:54:39,623.5406338833471,591.7701975198748,4.193815655118603,6.369989466752482,9.875681169837888,15.000178882944754,877.5818108204332,531.7241211468179,16877.230128388786,21097.2557196108,True,1,16
3199,allmetal3199 26-02-15 21-55-39.fits,2026-02-15 21:55:39,624.2411741547315,591.7005163272045,4.168497072345191,6.770625964437151,9.816060463611283,15.943605738463608,858.6401981022012,503.62565763383174,16872.948576515282,21091.600337982407,True,1,15
3200,allmetal3200 26-02-15 21-56-38.fits,2026-02-15 21:56:38,623.429151152957,590.9487906596465,3.9607271850655543,6.947259899206689,9.326799768291373,16.359546868691606,928.1246350406543,512.646760960778,16858.166025740105,21072.98795675887,True,1,13
3201,allmetal3201 26-02-15 21-57-39.fits,2026-02-15 21:57:39,623.574693384044,589.9439721885394,4.728533609317699,8.602145319209807,11.134845726823862,20.256504227944408,776.1068830574047,422.2542902587911,16880.695356666558,21100.96112520677,True,1,17
3202,allmetal3202 26-02-15 21-58-39.fits,2026-02-15 21:58:39,623.6473634487327,591.2854714794984,4.471015021122676,8.262198612824752,10.52843579337415,19.45599090950663,836.9207585732272,459.2187429164339,16863.65819104813,21079.44478527642,True,1,15
3203,allmetal3203 26-02-15 21-59-39.fits,2026-02-15 21:59:39,624.2065720248459,593.1246587726099,4.559796557317019,5.229687505432122,10.73750033443323,12.314972967039463,812.8684754693014,537.202563647902,16865.952457035244,21084.636596339205,True,1,17
3204,allmetal3204 26-02-15 22-00-39.fits,2026-02-15 22:00:39,623.8108505395004,591.4109394292892,4.16363422318666,9.0507979317849,9.804609328936813,21.31300039329174,888.7570629065603,380.4832305900453,16876.522128146036,21096.281232653964,True,1,16
3205,allmetal3205 26-02-15 22-01-39.fits,2026-02-15 22:01:39,623.3920962038374,591.7058046158685,4.519412818705753,7.097110629185881,10.64240389725813,16.712418371409125,834.3481015550481,456.060710734014,16823.10710748244,21030.191174613967,True,1,13
3206,allmetal3206 26-02-15 22-02-39.fits,2026-02-15 22:02:39,624.0329231159993,592.9825530039335,3.8647270627401054,5.408931962073812,9.100736755913983,12.737061406499993,961.9573644343345,561.6665441750793,16875.75789171069,21096.361155143608,True,1,16
3207,allmetal3207 26-02-15 22-03-39.fits,2026-02-15 22:03:39,623.0101797586907,590.5461070635364,4.139937218946165,7.694546391861239,9.748807148344111,18.119272080975414,882.9470252702339,508.5571704674505,16848.679225178825,21060.21803800021,True,1,15
3208,allmetal3208 26-02-15 22-04-38.fits,2026-02-15 22:04:38,623.6668691226515,591.7125449524997,3.9097834148631287,7.39816599105396,9.206836357049252,17.421349572200125,930.1064623317346,495.15040045195775,16869.25672587042,21086.50557335057,True,1,17
3209,allmetal3209 26-02-15 22-05-39.fits,2026-02-15 22:05:39,623.5904823555815,592.5636450142762,4.110029828283902,5.949208140719347,9.678380625318043,14.009314581827223,884.7669846259023,498.94127544392563,16862.00925786986,21079.147032673707,True,1,14
3210,allmetal3210 26-02-15 22-06-39.fits,2026-02-15 22:06:39,624.1388705177739,591.4060982607008,4.384201434850636,9.578702189831844,10.324005420239729,22.556119921997876,844.417343450026,412.67431675536255,16844.389236069837,21054.872644659197,True,1,16
3211,allmetal3211 26-02-15 22-07-39.fits,2026-02-15 22:07:39,623.4227968701975,592.0481271657713,4.058363181758797,7.753673793610824,9.556714970421197,18.258506471825932,876.9232532022612,432.40432328208533,16864.53611577651,21081.174777369364,True,1,16
3212,allmetal3212 26-02-15 22-08-39.fits,2026-02-15 22:08:39,623.65028815041,592.773869211697,4.363182111434299,5.174801938109039,10.274508696125949,12.18572733292417,865.1069057124072,561.655958109229,16873.329244794553,21093.786708324904,True,1,15
3213,allmetal3213 26-02-15 22-09-39.fits,2026-02-15 22:09:39,623.7823030916069,594.0175856699084,4.520112199848246,6.333135701399249,10.644050813991589,14.913394897556094,839.2842418029753,510.51330178149357,16860.01461501995,21076.390326881075,True,1,16
3214,allmetal3214 26-02-15 22-10-39.fits,2026-02-15 22:10:39,624.067077415316,593.1665619880615,4.174986950502891,7.060534187518313,9.831342958786843,16.62628743339443,877.2621636566804,470.38908018381545,16863.431506494977,21080.12499090926,True,1,15
3215,allmetal3215 26-02-15 22-11-39.fits,2026-02-15 22:11:39,623.8587266720581,592.7466440531089,4.25565558699925,7.736678762762096,10.021303081013786,18.218486232517428,897.640297800716,485.2571967056013,16865.98793733532,21082.645915969155,True,1,17
3216,allmetal3216 26-02-15 22-12-39.fits,2026-02-15 22:12:39,623.2309951237221,592.7663743012723,4.631648864276447,7.472998050359113,10.906699587143008,17.597565605462844,792.3463511625771,467.2336854958621,16879.24687491899,21099.49488808508,True,1,18
3217,allmetal3217 26-02-15 22-13-38.fits,2026-02-15 22:13:38,623.5318443631213,593.3074819012309,4.053589547676346,6.927666545834478,9.545473921196198,16.313408047421348,915.8260584656423,464.8937860198966,16862.364403088923,21079.159257732776,True,1,16
3218,allmetal3218 26-02-15 22-14-39.fits,2026-02-15 22:14:39,623.9877799474265,594.8123196142628,4.326385612430538,5.0665651070598905,10.187859562684931,11.930849073559008,875.8843289120022,569.639593388933,16840.884647909686,21053.316972429882,True,1,14
3219,allmetal3219 26-02-15 22-15-39.fits,2026-02-15 22:15:39,623.2870979089246,594.0225123469492,4.344335893774033,3.953892705078683,10.230129245006538,9.310705797820926,874.9186094920261,682.1165380335278,16867.790199628773,21087.44002384378,True,1,11
3220,allmetal3220 26-02-15 22-16-39.fits,2026-02-15 22:16:39,623.234485270242,593.1231487182247,4.303881649952172,7.125343882048874,10.134866780748249,16.77890260118733,851.978944197702,455.4194781070084,16866.316917165208,21083.92865244985,True,1,17
3221,allmetal3221 26-02-15 22-17-39.fits,2026-02-15 22:17:39,623.2457750011564,593.0643033417317,4.356570192719663,5.537937361939841,10.258938817400608,13.040845908021753,856.049068708445,573.8155171066986,16816.70678564128,21022.233936468874,True,1,14
3222,allmetal3222 26-02-15 22-18-39.fits,2026-02-15 22:18:39,624.0042102586063,593.0255084469457,4.3183171658769535,8.231195027159828,10.168859823008289,19.382983044515033,852.6279663266545,430.54727507016827,16859.070937715678,21074.17647798683,True,1,15
3223,allmetal3223 26-02-15 22-19-39.fits,2026-02-15 22:19:39,623.2170699105945,592.7063089205149,4.377068540199265,7.32920947005364,10.307208736935586,17.258969374312972,834.8132820769927,444.5309786072298,16872.817728645543,21091.99145801366,True,1,18
3224,allmetal3224 26-02-15 22-20-39.fits,2026-02-15 22:20:39,623.5768754109896,593.2559259843385,4.062546044526765,6.876584038704521,9.566564859512821,16.193117935681286,900.804946160195,462.4738887755972,16874.347530854207,21094.10773345675,True,1,16
3225,allmetal3225 26-02-15 22-21-39.fits,2026-02-15 22:21:39,624.1540892239917,592.4738942302165,4.099882460483819,7.218224189649449,9.654485400218107,16.997619011313805,895.444283914176,474.95602406164426,16861.40126983131,21077.34612143175,True,1,14
3226,allmetal3226 26-02-15 22-22-39.fits,2026-02-15 22:22:39,623.5862735411175,590.6731333613465,4.403304399384546,9.498785496080977,10.368989464043695,22.367930489620736,817.660727348769,365.56338162127236,16856.475869375747,21070.908167491372,True,1,15
3227,allmetal3227 26-02-15 22-23-39.fits,2026-02-15 22:23:39,624.0180430650151,592.4715515537171,4.115456279342767,8.003309230329839,9.691158941044836,18.846353002161923,875.4401406776619,449.7018160206588,16883.07111746497,21103.84803458059,True,1,16
3228,allmetal3228 26-02-15 22-24-38.fits,2026-02-15 22:24:38,623.220124804761,593.992969973104,4.332474278393209,7.9707941828561335,10.202197275341327,18.76978591660571,872.4853424854373,417.99065618281725,16856.60694860963,21071.856076842058,True,1,14
3229,allmetal3229 26-02-15 22-25-38.fits,2026-02-15 22:25:38,623.5420994534547,594.706146312314,4.534239196670387,7.822105397399003,10.677317349284456,18.41965058413995,811.0812135533945,409.40697724046584,16848.023853933162,21061.19307822371,True,1,15
3230,allmetal3230 26-02-15 22-26-39.fits,2026-02-15 22:26:39,623.9500277598893,594.434480023314,4.0728687436120365,6.94696100105608,9.590872958237641,16.358843017335126,901.5942886615815,476.36018416642275,16875.457400376676,21095.209888930967,True,1,16
3231,allmetal3231 26-02-15 22-27-39.fits,2026-02-15 22:27:39,623.6423112089079,594.2214271636502,3.813627392052514,7.318305408725414,8.980406227084362,17.23329227212502,948.8944882117192,470.3395165597933,16880.258741425117,21100.7558245178,True,1,16
3232,allmetal3232 26-02-15 22-28-39.fits,2026-02-15 22:28:39,623.6424695861003,593.6947093095907,4.3521831495851035,8.704209343772247,10.248608120288932,20.49684663886057,821.7988160429758,424.2874928795145,16874.372457641755,21092.68047193688,True,1,16
3233,allmetal3233 26-02-15 22-29-39.fits,2026-02-15 22:29:39,623.5391586297407,593.6432329051165,4.501164887328085,8.045391865287877,10.599433302669649,18.945450034508834,798.9831641368593,457.1774654741815,16839.84943356321,21049.611514055978,True,1,16
3234,allmetal3234 26-02-15 22-30-39.fits,2026-02-15 22:30:39,623.483326018746,553.5117765631687,4.421663618331211,1.1933634402977005,10.412222120830412,2.8101561502201196,834.8741325243133,70.1572168135611,16828.790390674658,21044.819469353064,True,1,15
3235,allmetal3235 26-02-15 22-31-39.fits,2026-02-15 22:31:39,623.7236490765233,594.45950108125,4.347391091862374,7.133472927447906,10.237323686706503,16.798045040239938,855.6626462854302,484.3531595386448,16855.462963328828,21069.976853628337,True,1,15
3236,allmetal3236 26-02-15 22-32-39.fits,2026-02-15 22:32:39,624.0172618835963,594.6312158596563,4.115577729689909,4.2461538501556735,9.691444934756765,9.998928200631921,867.7420586949603,496.0642398857421,16869.339202326308,21090.25988837466,True,1,17
3237,allmetal3237 26-02-15 22-33-39.fits,2026-02-15 22:33:39,624.3918081003446,594.8229771788272,3.848629797244923,6.203781388899809,9.062830592455743,14.608788769571213,954.725261773197,523.6292671133793,16865.334910113663,21082.711195680575,True,1,16
3238,allmetal3238 26-02-15 22-34-38.fits,2026-02-15 22:34:38,624.789986838242,592.9424333096479,3.9649173289779016,7.638956506655925,9.336666803167734,17.988367904992966,927.7215207427141,467.9395633474348,16871.051383687627,21089.068243967355,True,1,18
3239,allmetal3239 26-02-15 22-35-38.fits,2026-02-15 22:35:38,623.7397696512423,593.343808092357,4.076159315510981,7.883935176825929,9.598621662904893,18.56524858811432,884.4172388090808,371.6053302909424,16848.634797643066,21062.44658213173,True,1,17
3240,allmetal3240 26-02-15 22-36-39.fits,2026-02-15 22:36:39,623.2598619491208,593.4157251471656,4.337810515671058,8.653559423292513,10.214763153848246,20.37757519083567,837.6610918908185,409.56183821289096,16876.537404428727,21095.89071189824,True,1,16
3241,allmetal3241 26-02-15 22-37-39.fits,2026-02-15 22:37:39,623.1313810342888,594.6573040605485,4.0776053700557835,6.457487085169091,9.6020268611332,15.206220028684653,895.1853546930095,457.0251121621045,16862.66037020673,21080.03647848804,True,1,15
3242,allmetal3242 26-02-15 22-38-39.fits,2026-02-15 22:38:39,623.1994529210339,593.6234728528692,4.253519035175643,7.448948772308386,10.016271885952307,17.540933883440466,864.9742927778256,457.07211807820045,16869.293477972937,21087.288735985603,True,1,16
3243,allmetal3243 26-02-15 22-39-39.fits,2026-02-15 22:39:39,622.7406017846457,592.4263582720472,4.181564560801145,7.580681024633194,9.846832047365574,17.851139631792,880.9645399590262,440.9368117159876,16857.282857379247,21072.438809550506,True,1,15
3244,allmetal3244 26-02-15 22-40-39.fits,2026-02-15 22:40:39,622.8893626617083,595.815773883924,4.320130824955789,4.223564937810779,10.173130663761983,9.945735377046717,883.8722909317006,599.0083788584134,16828.66607849047,21038.986673584976,True,1,14
3245,allmetal3245 26-02-15 22-41-39.fits,2026-02-15 22:41:39,622.7408693778591,596.4857467369836,4.5187771973168305,4.884178389882896,10.640907123270445,11.50136117600323,822.3122013265399,563.6076602112774,16862.887309603997,21080.966653363666,True,1,16
3246,allmetal3246 26-02-15 22-42-39.fits,2026-02-15 22:42:39,622.8964395404006,594.7746781124376,4.273657667567187,6.35979959507604,10.063694741187426,14.976183568864773,864.9092606488235,469.0405083690408,16779.859128515604,20976.570037793535,True,1,12
3247,allmetal3247 26-02-15 22-43-38.fits,2026-02-15 22:43:38,622.7748126372277,593.448673824602,4.263965207724505,7.671342230281572,10.04087074246422,18.064630456159474,844.1054613861594,413.7732828492283,16848.624259745633,21061.820770858772,True,1,15
3248,allmetal3248 26-02-15 22-44-39.fits,2026-02-15 22:44:39,622.7890390325739,595.4650868475597,4.20286986380377,6.832219200923635,9.897002201941612,16.08864672638031,862.4186528462936,464.54426704308844,16852.302649623303,21066.48173048672,True,1,16
3249,allmetal3249 26-02-15 22-45-39.fits,2026-02-15 22:45:39,623.4335725359527,595.1737729638157,4.6228189655126855,6.390279552220388,10.88590676453851,15.047958382919969,773.0874529498294,524.3276857038638,16871.956018147306,21090.49149418699,True,1,17
3250,allmetal3250 26-02-15 22-46-39.fits,2026-02-15 22:46:39,623.1834793792252,593.6990798836003,4.076673947033764,7.828596911778401,9.599833527530546,18.434936932323165,911.088880077644,463.080951064323,16826.687383135963,21033.57693885313,True,1,15
3251,allmetal3251 26-02-15 22-47-39.fits,2026-02-15 22:47:39,623.6882827029954,594.461224365415,4.116030007773743,6.484251870771535,9.692509968254504,15.269246282322245,860.5282703269723,489.3523742340639,16880.386423794072,21101.385993918106,True,1,17
3252,allmetal3252 26-02-15 22-48-39.fits,2026-02-15 22:48:39,623.1921963502043,595.6670437500087,4.6147671911742565,6.057671221323622,10.86694628492831,14.264725618179977,817.6588400512605,527.8070330508224,16856.066192594328,21071.492777163254,True,1,14
3253,allmetal3253 26-02-15 22-49-39.fits,2026-02-15 22:49:39,623.5090837659834,594.8818681394918,4.2603290181458116,7.676017471845886,10.03230817035678,18.075639808710484,859.6672085548387,405.0163672375043,16864.148094756732,21081.54014789872,True,1,15
3254,allmetal3254 26-02-15 22-50-39.fits,2026-02-15 22:50:39,623.6963765991862,595.9251196064739,4.11375638406182,5.649568248908952,9.687155993562811,13.303716558301199,899.5082941443818,535.8232572004874,16874.071545342347,21094.237314345526,True,1,15
3255,allmetal3255 26-02-15 22-51-39.fits,2026-02-15 22:51:39,623.8624352469702,596.1858989964173,3.7355057464603347,5.325408610275741,8.796443810093095,12.540378943457727,968.4890618742269,538.96306172381,16873.651975868077,21093.894999216645,True,1,16
3256,allmetal3256 26-02-15 22-52-39.fits,2026-02-15 22:52:39,623.956339517863,594.9656390086546,3.8990912167225056,7.596416532175263,9.18165815454227,17.8881939203708,938.416223423639,462.2232085062601,16853.0260321855,21066.644166442362,True,1,16
3257,allmetal3257 26-02-15 22-53-39.fits,2026-02-15 22:53:39,624.138250572429,597.5812317662588,3.990521175488272,5.780788913976505,9.39695925416025,13.612717610724568,911.4001609848808,513.2865992736635,16852.427725868394,21067.17414923223,True,1,17
3258,allmetal3258 26-02-15 22-54-39.fits,2026-02-15 22:54:39,622.9672517521504,595.6753466275657,4.042710179187653,5.05011378205008,9.519854966201745,11.892109163658588,903.7467166975362,546.5906560867251,16838.239701483086,21049.98617298222,True,1,15
3259,allmetal3259 26-02-15 22-55-38.fits,2026-02-15 22:55:38,623.1954544620871,593.3007416908982,3.915374454537683,8.296012125951972,9.220002249347456,19.535615648011525,945.9984842491149,419.64608311651824,16868.137971508757,21085.717238195597,True,1,16
3260,allmetal3260 26-02-15 22-56-38.fits,2026-02-15 22:56:38,623.4070899781678,594.4747672243792,3.725131975443387,9.219544774292581,8.772015446159827,21.71036884056451,955.3226683432499,421.7119046885319,16863.193479992762,21078.18579087303,True,1,16
3261,allmetal3261 26-02-15 22-57-39.fits,2026-02-15 22:57:39,623.5778631633693,596.519761126631,4.285118414263303,5.116007359706607,10.090682737238462,12.047276681162982,853.8999864084329,493.32886072975543,16854.511789326683,21070.91854084536,True,1,15
3262,allmetal3262 26-02-15 22-58-39.fits,2026-02-15 22:58:39,623.7769437164228,596.7069321213197,4.247787469895706,4.90849679847654,10.002775081141708,11.558626652022797,861.5028904329821,522.4005193306797,16853.85237577681,21069.996582589803,True,1,17
3263,allmetal3263 26-02-15 22-59-39.fits,2026-02-15 22:59:39,624.4367662221856,594.9776400249274,3.9469821014206032,8.366675668593926,9.294432569803616,19.702015574677695,930.1815833849324,404.4713174509731,16842.1868279153,21053.436883268343,True,1,16
3264,allmetal3264 26-02-15 23-00-39.fits,2026-02-15 23:00:39,623.8450706031126,595.766942071828,4.400425464660971,7.11626833167785,10.362210090848285,16.757531313253953,831.6276348689487,454.65690834876085,16877.866371227577,21098.370999075734,True,1,15
3265,allmetal3265 26-02-15 23-01-39.fits,2026-02-15 23:01:39,623.5418294104443,594.3061004876606,4.276057532166936,7.7412232763451305,10.069345990452275,18.229187744197674,884.8440931091275,462.2924365220233,16867.57094557413,21084.96533874765,True,1,15
3266,allmetal3266 26-02-15 23-02-39.fits,2026-02-15 23:02:39,623.143679101833,595.3131860246432,3.8010177727773966,8.723499522966852,8.950712842855108,20.54227153950027,966.028094264824,442.3863578461924,16852.892138137617,21065.656765104453,True,1,16
3267,allmetal3267 26-02-15 23-03-39.fits,2026-02-15 23:03:39,623.8593709092601,595.4907197580064,4.244163087373905,8.521861981489081,9.994240312528511,20.067451414997652,859.7740472221623,449.7180126530497,16831.586140698,21039.033701599015,True,1,17
3268,allmetal3268 26-02-15 23-04-38.fits,2026-02-15 23:04:38,622.9842170919487,596.1508925109351,4.254241391170799,4.817298161348434,10.01797290432935,11.34387027323403,873.8886148996788,599.0993302977599,16874.832050821555,21095.575947507205,True,1,17
3269,allmetal3269 26-02-15 23-05-39.fits,2026-02-15 23:05:39,622.4374321581065,594.9973843521824,3.897144527504869,7.964017395485333,9.177074051751134,18.753827801864034,944.018693664962,436.30795177997885,16852.484508994916,21066.10552536541,True,1,14
3270,allmetal3270 26-02-15 23-06-39.fits,2026-02-15 23:06:39,623.1291864176433,594.2309886020122,4.092345735394761,7.514450869188122,9.636737768904505,17.69517953416443,879.912109307457,415.1197634694796,16869.27255530896,21087.76936628817,True,1,17
3271,allmetal3271 26-02-15 23-07-39.fits,2026-02-15 23:07:39,624.060843469242,594.6809526853679,4.318678625090611,7.098172291068572,10.16971099441007,16.71491839409153,850.2213604789652,472.4688528364513,16851.27975002473,21064.878523090738,True,1,17
3272,allmetal3272 26-02-15 23-08-39.fits,2026-02-15 23:08:39,623.3432318675478,595.5257834223081,4.040118796681334,6.178124453164326,9.513752726731523,14.548371303007228,907.0792501410759,518.0103133802941,16870.885890223286,21089.744098471536,True,1,15
3273,allmetal3273 26-02-15 23-09-39.fits,2026-02-15 23:09:39,623.498702490587,596.2873346527672,4.156687495013139,4.61760362361839,9.788251034186423,10.873625572904132,908.0782337120035,566.4494206302857,16881.1081932281,21104.222231996206,True,1,17
3274,allmetal3274 26-02-15 23-10-39.fits,2026-02-15 23:10:39,623.6492768973852,595.6478036515718,4.226447567145302,7.462155404373824,9.952523450386046,17.57203312535551,867.4530654714108,433.8444316449981,16874.889130367617,21094.661137769395,True,1,15
3275,allmetal3275 26-02-15 23-11-39.fits,2026-02-15 23:11:39,623.7590271641699,595.3766652364366,4.40577896235118,5.42197361418235,10.374816614520215,12.7677721503055,841.8603695536176,569.9737801651036,16878.684209866853,21099.869686601745,True,1,16
3276,allmetal3276 26-02-15 23-12-39.fits,2026-02-15 23:12:39,623.360246948031,597.1371490518817,3.9643947063597564,6.58572276383008,9.335436120950538,15.508191975283696,931.8475179892276,465.59871282096856,16884.339832292077,21106.96183159826,True,1,15
3277,allmetal3277 26-02-15 23-13-39.fits,2026-02-15 23:13:39,623.6617652553817,597.1405717478428,4.172198179617976,4.776418927026505,9.824775905206048,11.247607032827233,881.4016463335986,595.2913260709533,16849.32825737314,21063.701905757396,True,1,16
3278,allmetal3278 26-02-15 23-14-39.fits,2026-02-15 23:14:39,624.3370907783826,595.7178408772324,4.188877461086627,5.862094605373027,9.86405261154514,13.804177882600197,867.8580721932116,520.4334892109512,16848.858223514468,21062.503615582358,True,1,16
3279,allmetal3279 26-02-15 23-15-40.fits,2026-02-15 23:15:40,623.9951443830088,594.5215250275747,4.3516119890896325,6.8039616964042695,10.247263140105268,16.022105388315556,836.7425214517145,489.3581552665851,16881.26868616981,21102.34862820918,True,1,17
3280,allmetal3280 26-02-15 23-16-40.fits,2026-02-15 23:16:40,623.6193831758492,594.8032169803572,4.3006466445318186,7.666823289711326,10.127248925138618,18.053989164322356,847.4448657098445,461.7214892079822,16868.3956566803,21085.75067737931,True,1,16
3281,allmetal3281 26-02-15 23-17-40.fits,2026-02-15 23:17:40,624.1191485247227,594.4653799396993,4.675610534770804,6.140368144061582,11.010221410036166,14.459461989505701,795.54942797062,488.8619443753244,16873.43683337618,21093.55334227114,True,1,15
3282,allmetal3282 26-02-15 23-18-40.fits,2026-02-15 23:18:40,624.55998458616,594.1446579707604,4.320328024208413,8.880956624454637,10.173595032514928,20.913054678316175,858.5901818099484,408.27918383978994,16853.418699275066,21066.977726711626,True,1,17
3283,allmetal3283 26-02-15 23-19-40.fits,2026-02-15 23:19:40,624.1394196438807,594.512246857844,4.322996197936125,7.50169402514445,10.17987810149257,17.665139462099056,838.8392301279287,432.71516685366777,16878.74470069286,21099.36156444171,True,1,16
3284,allmetal3284 26-02-15 23-20-40.fits,2026-02-15 23:20:40,624.4036107345264,593.7203200005298,4.042300174313495,8.39567854495257,9.51888947850552,19.770312129290588,916.7686338920275,419.516940905264,16879.1537512163,21099.391924691776,True,1,14
3285,allmetal3285 26-02-15 23-21-40.fits,2026-02-15 23:21:40,624.0047197673606,595.2457120774567,4.2137583926731885,6.305582697237443,9.922642727984218,14.84851253105505,874.123197365465,504.83888643418265,16869.37048896599,21087.93715020283,True,1,16
3286,allmetal3286 26-02-15 23-22-40.fits,2026-02-15 23:22:40,623.9177699051149,595.641311286505,4.178218728481338,5.275611679560093,9.83895321435158,12.4231161328275,888.5460617155178,557.7972835508508,16853.78284591891,21069.11297864421,True,1,14
3287,allmetal3287 26-02-15 23-23-40.fits,2026-02-15 23:23:40,624.8869020911104,594.4057179613037,4.027103157206909,8.809319251043739,9.483103237998252,20.744361555434825,939.6555230322784,423.4506924639913,16793.310698206715,20991.770013198748,True,1,17
3288,allmetal3288 26-02-15 23-24-40.fits,2026-02-15 23:24:40,624.849906031498,593.9457019172372,4.502424371506823,7.1391370229061835,10.602399161260141,16.811382965762057,829.0117500843763,464.4486437550291,16874.102228732536,21093.64806242485,True,1,18
3289,allmetal3289 26-02-15 23-25-40.fits,2026-02-15 23:25:40,623.2228417499033,593.7694116480618,4.4411601676342745,6.76299340574889,10.458132985938201,15.925632436269614,842.1240697862129,496.83584180325425,16819.401711337403,21025.182113771483,True,1,14
3290,allmetal3290 26-02-15 23-26-39.fits,2026-02-15 23:26:39,624.5487501089949,592.5250437578152,4.107566617998897,8.588644209869628,9.672580208363787,20.224711545039998,910.0605593480329,416.7696667157572,16868.18194272028,21085.61577946196,True,1,16
3291,allmetal3291 26-02-15 23-27-40.fits,2026-02-15 23:27:40,623.6792497415737,592.6828164910098,3.8171735768923116,8.070774940520533,8.988756854228503,19.005222608871218,976.0106835882822,448.87486659260446,16846.510390782314,21058.389714076315,True,1,14
3292,allmetal3292 26-02-15 23-28-40.fits,2026-02-15 23:28:40,624.0347748453257,592.1515152654648,4.099555242304453,8.293815137047757,9.653714860290235,19.53044213450117,884.9508123243559,442.9338365348601,16876.14468077473,21095.068966681843,True,1,14
3293,allmetal3293 26-02-15 23-29-40.fits,2026-02-15 23:29:40,623.773960151414,592.0944052236637,4.023475169339505,8.76060937697483,9.47455997944496,20.62965856758643,912.7267249994878,422.2173698902796,16872.381894905993,21090.412381969607,True,1,16
3294,allmetal3294 26-02-15 23-30-40.fits,2026-02-15 23:30:40,623.8138286030775,592.7459707007205,4.77820578900727,7.602075429036326,11.251814771237242,17.901519604131995,765.2143218292514,421.79435834998117,16853.198348379257,21067.599086919887,True,1,16
3295,allmetal3295 26-02-15 23-31-40.fits,2026-02-15 23:31:40,624.3313418014757,593.4096430685751,4.136482708882715,6.37623728947544,9.740672398800939,15.014891381130573,915.1621414120003,521.9551718354274,16881.00549014413,21102.37662623741,True,1,15
3296,allmetal3296 26-02-15 23-32-40.fits,2026-02-15 23:32:40,624.5874010607165,593.0499895479923,4.194658066077077,8.52892384702081,9.877664896049057,20.08408083750708,901.6982879935604,447.8232916199979,16865.765734198365,21082.116266335328,True,1,16
3297,allmetal3297 26-02-15 23-33-40.fits,2026-02-15 23:33:40,624.3355043861696,594.398820508667,4.316884934136842,4.603385444251838,10.165487174997544,10.84014431912793,869.7998592000433,593.1931251756604,16829.808630630774,21039.767733051896,True,1,15
3298,allmetal3298 26-02-15 23-34-40.fits,2026-02-15 23:34:40,623.5334287938433,592.3073995857739,3.89507610983721,8.41039242327403,9.172203300365833,19.804960664902108,934.1971180185697,459.8650940469945,16868.84137425771,21085.491454490886,True,1,15
3299,allmetal3299 26-02-15 23-35-40.fits,2026-02-15 23:35:40,623.0585742828715,592.8920081759849,4.294205754106218,7.103312524761168,10.112081787256566,16.727022719426998,845.6076629700605,473.64873560292244,16868.999920372557,21086.90284357232,True,1,14
3300,allmetal3300 26-02-15 23-36-39.fits,2026-02-15 23:36:39,624.4542683842229,592.2658101094243,4.415528593220749,8.419981904710069,10.39777524072353,19.827542168009142,840.2924320932788,440.91621924746204,16869.89341305942,21087.361451185112,True,1,16
3301,allmetal3301 26-02-15 23-37-39.fits,2026-02-15 23:37:39,624.4935195306202,594.6375286970043,4.4707549771576645,5.346812057527621,10.527823436632753,12.590780210079215,845.6750580866654,494.9018025476324,16830.931972532504,21041.442473880623,True,1,16
3302,allmetal3302 26-02-15 23-38-40.fits,2026-02-15 23:38:40,624.032330542493,593.7813455277976,4.567759417811377,5.426415278121819,10.75625143794113,12.778231469583455,836.7586721569681,564.1164786721166,16866.8190509559,21085.386605712767,True,1,15
3303,allmetal3303 26-02-15 23-39-40.fits,2026-02-15 23:39:40,623.9387823677001,593.7052481734812,4.481214440269202,5.239330865247556,10.552453590028062,12.337681344034293,803.147541669169,581.8115283136053,16866.21676047417,21084.119176975666,True,1,15
3304,allmetal3304 26-02-15 23-40-40.fits,2026-02-15 23:40:40,624.082871784966,590.9400564938024,4.071108467513553,7.7129386206252715,9.586727824796144,18.16258246994175,896.9149056875979,451.3071072018574,16886.322814528827,21108.320964401177,True,1,16
3305,allmetal3305 26-02-15 23-41-40.fits,2026-02-15 23:41:40,623.6029486157894,592.0751536505271,4.1413765927250115,7.772398322685512,9.752196614570831,18.302599368224772,882.8645949004541,428.2480050730662,16877.030529911273,21097.090480937415,True,1,17
3306,allmetal3306 26-02-15 23-42-40.fits,2026-02-15 23:42:40,623.9651813254395,592.1698691014813,3.7451395648623147,7.5920366006966065,8.819129718776265,17.877879969928998,962.4043762983883,485.7477790264284,16875.293955222824,21093.91310433732,True,1,15
3307,allmetal3307 26-02-15 23-43-40.fits,2026-02-15 23:43:40,623.657411862959,593.1094174920132,4.169457860951832,5.485498806285332,9.818322947881239,12.917362546034044,888.1984912204082,482.80588161671517,16874.628271885493,21095.86754659548,True,1,16
3308,allmetal3308 26-02-15 23-44-40.fits,2026-02-15 23:44:40,623.358321683156,591.9226939218604,3.987390952026735,5.951105603265391,9.389588141207597,14.013782764665342,916.4787103062305,527.4500807535028,16878.131156729152,21098.925699779204,True,1,16
3309,allmetal3309 26-02-15 23-45-40.fits,2026-02-15 23:45:40,623.4728476968985,591.3240491779145,4.369603989484032,6.3088438001095275,10.289631063284205,14.856191841467144,862.8161826051264,522.8778137762139,16866.68874821232,21084.51489139084,True,1,16
3310,allmetal3310 26-02-15 23-46-41.fits,2026-02-15 23:46:41,622.9073892613821,589.9599935545131,4.053233629976618,8.79706253236273,9.544635799062497,20.715499188598482,927.1657634961905,420.6651276636971,16875.91956420512,21095.039968439614,True,1,16
3311,allmetal3311 26-02-15 23-47-41.fits,2026-02-15 23:47:41,623.6259513516582,590.4290751674572,4.111101840517035,5.6680870041879095,9.680905021213144,13.347324894441112,911.2618124203975,505.323786274229,16871.013627557324,21090.92623747731,True,1,14
3312,allmetal3312 26-02-15 23-48-41.fits,2026-02-15 23:48:41,623.6593757699184,592.0934810278783,3.9866295467263178,4.68792792416032,9.38779516874378,11.03922664547305,907.8575895877849,561.0628382779319,16875.19982858841,21096.42090896345,True,1,16
3313,allmetal3313 26-02-15 23-49-41.fits,2026-02-15 23:49:41,623.3537255071864,590.632430860786,4.262219662394225,7.624351409276484,10.036760297330966,17.953975528924232,873.1525597707218,449.79378442538473,16870.57844719043,21088.938285462194,True,1,15
3314,allmetal3314 26-02-15 23-50-41.fits,2026-02-15 23:50:41,623.153827317951,589.3006541206857,4.040357535174165,8.370156199274597,9.514314912919962,19.710211598091885,896.1335567446815,448.76258824078616,16856.990821159765,21070.90680701987,True,1,16
3315,allmetal3315 26-02-15 23-51-41.fits,2026-02-15 23:51:41,623.980811115752,589.9228418164091,4.18643996397483,7.32757896070869,9.858312744486575,17.255129818223875,874.5932540975896,493.77130251418833,16866.192305190587,21082.846335328588,True,1,15
3316,allmetal3316 26-02-15 23-52-41.fits,2026-02-15 23:52:41,623.5627434367492,589.8422888227253,4.342740915013258,7.9448275255141825,10.226373357049267,18.708639111394433,864.441192207629,447.9578803380916,16879.253911573553,21099.544960977368,True,1,16
3317,allmetal3317 26-02-15 23-53-40.fits,2026-02-15 23:53:40,623.9840220028942,589.825935586948,4.280433887897247,6.8162417383359255,10.079651520650197,16.05102267721004,865.9858235383062,505.2425850620017,16860.684720841142,21076.499545073144,True,1,15
3318,allmetal3318 26-02-15 23-54-40.fits,2026-02-15 23:54:40,623.948138211908,588.8261746256811,4.44250801555031,8.16488066724468,10.461306925228534,19.226824660513444,829.9260930110893,443.0091785558202,16867.489983249543,21084.533429726587,True,1,16
3319,allmetal3319 26-02-15 23-55-41.fits,2026-02-15 23:55:41,624.316970567131,590.4799976229294,4.201164491838353,5.952287601712428,9.892986357853214,14.016566158301622,885.8208650680671,541.2703239503801,16867.453621173583,21085.540188880008,True,1,12
3320,allmetal3320 26-02-15 23-56-41.fits,2026-02-15 23:56:41,623.6191641624802,589.9557369450858,4.694228153516172,4.966762934791282,11.054062551848503,11.695832917763257,826.7789877057843,608.0107455674527,16838.580118805872,21050.33336965813,True,1,16
3321,allmetal3321 26-02-15 23-57-41.fits,2026-02-15 23:57:41,624.0282321938172,589.4889467237496,3.9869146234213604,6.990160095364876,9.388466473059639,16.460569110540664,889.2695590490252,498.68777988999665,16875.38976195909,21094.382935415768,True,1,15
3322,allmetal3322 26-02-15 23-58-41.fits,2026-02-15 23:58:41,623.3859314729607,587.7452669957503,4.192149110180337,7.787989181738967,9.871756756411317,18.339313035643098,877.8484974616084,443.09260833274806,16845.980803107243,21058.037232376348,True,1,15
3323,allmetal3323 26-02-15 23-59-41.fits,2026-02-15 23:59:41,624.4062377890518,589.0814770433404,4.041219110103413,7.8703032270816955,9.516343766833653,18.533147799603743,914.7619640751379,470.10261520044844,16869.865322715625,21087.324073277476,True,1,15
3324,allmetal3324 26-02-16 00-00-41.fits,2026-02-16 00:00:41,623.5159515205996,589.365271318971,4.1793382256923595,7.726342998846136,9.84158942882445,18.19414736846742,905.3843147833315,467.40695916865553,16836.626680484642,21046.20575854789,True,1,15
3325,allmetal3325 26-02-16 00-01-41.fits,2026-02-16 00:01:41,623.3838786148965,590.1977670478445,4.078003339691345,4.588718074527634,9.602964008008335,10.805605302893493,906.6208007039022,604.5823560912963,16880.740224446603,21103.184537565696,True,1,16
3326,allmetal3326 26-02-16 00-02-41.fits,2026-02-16 00:02:41,623.7306076163285,590.1455802538999,4.0127283212549685,3.818072095978168,9.44925308615459,8.99087270498272,915.6130404218719,698.8806769510644,16839.624516452986,21051.992550020364,True,1,12
3327,allmetal3327 26-02-16 00-03-40.fits,2026-02-16 00:03:40,623.4690928883199,589.655694292465,4.336812239386641,4.824847961420682,10.212412392843223,11.361648693780134,849.0362052723935,538.0653784868362,16875.872904248274,21097.499593056473,True,1,15
3328,allmetal3328 26-02-16 00-04-40.fits,2026-02-16 00:04:40,623.2661629792553,588.9005128627164,3.9663540966511146,8.174130741643756,9.340050132484668,19.248606921126417,908.0214273899886,450.7370729175322,16880.870540443888,21100.885370563537,True,1,16
3329,allmetal3329 26-02-16 00-05-41.fits,2026-02-16 00:05:41,623.8388306238082,587.7194620197133,4.044472367755704,7.852055172277467,9.524004603164917,18.49017691436792,912.9710597418625,469.07856116809563,16876.284616889658,21095.378427393076,True,1,18
3330,allmetal3330 26-02-16 00-06-41.fits,2026-02-16 00:06:41,623.7641910835391,588.7224185509086,4.28456174453933,7.920032293914113,10.089371880213987,18.650250803001402,868.564439380784,452.396136039817,16878.99749100065,21099.085713766683,True,1,16
3331,allmetal3331 26-02-16 00-07-41.fits,2026-02-16 00:07:41,623.4924372597662,589.2899064572782,4.09978721005377,5.317027432666611,9.654261102596129,12.520642778422783,909.3170153830216,569.3914363590451,16876.54474537201,21097.39576011117,True,1,15
3332,allmetal3332 26-02-16 00-08-41.fits,2026-02-16 00:08:41,623.557856374569,588.0892699916251,4.089265986394104,5.477531682103993,9.629485514224093,12.898601402310575,886.17002286393,552.8705427656018,16879.9777486037,21101.429699563425,True,1,16
3333,allmetal3333 26-02-16 00-09-41.fits,2026-02-16 00:09:41,623.792961375596,587.6600342787657,4.270886717110693,6.713702236166496,10.057169651508685,15.809560602093972,862.042370884337,525.8315155742021,16853.4831121067,21067.224521252683,True,1,14
3334,allmetal3334 26-02-16 00-10-41.fits,2026-02-16 00:10:41,623.1186500959475,586.3570948190487,4.175876103013045,8.554101502807473,9.833436752940843,20.143369686040405,889.1237276579698,446.6901123911678,16874.336885746507,21092.65633958954,True,1,15
3335,allmetal3335 26-02-16 00-11-41.fits,2026-02-16 00:11:41,623.6167653401883,586.2329497427912,3.896687371696427,7.671068920186905,9.175997532089712,18.063986860070045,938.0647629230738,472.4483881096995,16880.58235044935,21100.804216336885,True,1,17
3336,allmetal3336 26-02-16 00-12-41.fits,2026-02-16 00:12:41,623.7170872036254,588.4380538751242,4.557375691464475,6.753618049910007,10.73179963099733,15.903555160410916,825.8232981386082,520.5812240408048,16873.795379960386,21092.85076109339,True,1,15
3337,allmetal3337 26-02-16 00-13-40.fits,2026-02-16 00:13:40,624.2884153389028,587.5309255390936,4.387558793185996,8.50465564541928,10.331911394946186,20.026933589918947,864.013044773858,453.39435076608424,16874.43875214068,21092.889193888732,True,1,15
3338,allmetal3338 26-02-16 00-14-41.fits,2026-02-16 00:14:41,623.1514860653491,588.2082614370811,4.2299732608075615,5.6059652801417945,9.960825824494574,13.20103941342544,866.0306765213212,569.0588671401256,16873.45820485621,21092.981000325963,True,1,16
3339,allmetal3339 26-02-16 00-15-41.fits,2026-02-16 00:15:41,623.9459338782824,587.1226985784908,4.391629286558174,7.650125122551724,10.341496674332154,18.01466798557965,851.7574662925871,445.1399743500006,16880.331014584095,21101.234362258623,True,1,17
3340,allmetal3340 26-02-16 00-16-41.fits,2026-02-16 00:16:41,623.1696134554481,588.6938781236307,4.427919640084313,4.609455696558319,10.426953926256767,10.854438670937627,861.4588074486854,621.4611430001518,16829.934016173756,21039.742693963046,True,1,13
3341,allmetal3341 26-02-16 00-17-41.fits,2026-02-16 00:17:41,624.5162014711185,588.1313554954907,4.504435418645186,5.074734712531827,10.60713481537306,11.950087024284318,842.3437888489825,601.5682222252096,16873.447767543385,21093.624772795065,True,1,15
3342,allmetal3342 26-02-16 00-18-41.fits,2026-02-16 00:18:41,623.2764406153469,587.0956606863169,4.053901597115762,7.698436211627007,9.546208741471176,18.1284319065314,885.7622814091424,465.88432516944454,16872.652512821925,21090.82595238173,True,1,16
3343,allmetal3343 26-02-16 00-19-41.fits,2026-02-16 00:19:41,624.1384851924165,586.024536525619,4.298222661818413,9.045428832634665,10.121540882056284,21.30035713098901,860.7667348153695,441.2602616239502,16870.685202509,21087.642649636615,True,1,16
3344,allmetal3344 26-02-16 00-20-41.fits,2026-02-16 00:20:41,624.5090939876108,587.4311669644745,4.690892693129322,5.971710487875107,11.04620814287014,14.062303559969852,816.6790209293316,542.5249333711251,16887.68611191646,21111.054708096046,True,1,15
3345,allmetal3345 26-02-16 00-21-41.fits,2026-02-16 00:21:41,623.5206749903715,586.4673972554365,3.729961301307006,7.7503359728351535,8.783387639507461,18.250646504556663,975.4873893721075,473.63472314440736,16884.90356038326,21106.050388796582,True,1,17
3346,allmetal3346 26-02-16 00-22-40.fits,2026-02-16 00:22:40,624.2568969734001,587.2869324653973,4.224090427232359,5.966915845474183,9.946972810070106,14.051013039935402,878.075361548272,582.0517098284188,16848.616985113094,21061.348970399904,True,1,14
3347,allmetal3347 26-02-16 00-23-40.fits,2026-02-16 00:23:40,623.4079960319242,587.4892305413991,4.140239800863844,5.800676312718197,9.749519674309125,13.659548855925026,895.6933677086676,533.6239595720035,16882.67145036971,21104.839876266764,True,1,16
3348,allmetal3348 26-02-16 00-24-41.fits,2026-02-16 00:24:41,623.7808936063763,587.7210989034862,4.239040035578874,5.672030821521341,9.982176447469842,13.356611874551817,890.1310103230913,555.8426257857383,16883.97245081232,21106.48458143008,True,1,16
3349,allmetal3349 26-02-16 00-25-41.fits,2026-02-16 00:25:41,623.9139483706022,588.0524168981029,4.147284933700617,5.152415387629228,9.766109694333066,12.133011035115214,907.6520828612264,556.3101160755355,16878.715874780268,21100.59291901364,True,1,16
3350,allmetal3350 26-02-16 00-26-41.fits,2026-02-16 00:26:41,623.7909175821034,586.2488532827181,4.205022061712106,6.685226171520792,9.902070240717038,15.742504594262673,894.7990564771035,501.5561840031664,16879.33784038024,21100.17503313799,True,1,16
3351,allmetal3351 26-02-16 00-27-41.fits,2026-02-16 00:27:41,623.3660550612859,587.6405931954416,4.754895837193242,4.262556519900239,11.196924029456865,10.037553536138448,764.0542127709407,600.5722775634326,16875.69642499562,21097.247166580742,True,1,15
3352,allmetal3352 26-02-16 00-28-41.fits,2026-02-16 00:28:41,624.0332547419946,586.6301168111524,4.234835750473281,4.960468278934467,9.972276112628165,11.681010135975058,887.4030891045489,590.8886080876791,16875.043027400032,21095.827989680136,True,1,16
3353,allmetal3353 26-02-16 00-29-41.fits,2026-02-16 00:29:41,623.9991430390052,586.6946953475548,4.650972086570808,4.503998747671057,10.952202298336358,10.606106533810097,822.7162394532922,617.6737771494153,16870.577001333524,21090.777886032352,True,1,15
3354,allmetal3354 26-02-16 00-30-41.fits,2026-02-16 00:30:41,623.6895826302131,584.9687741179637,4.182356907548814,5.365789808781878,9.848697881369601,12.635469399142352,894.7878708660769,574.2181486855984,16877.240929121475,21098.16967056272,True,1,15
3355,allmetal3355 26-02-16 00-31-41.fits,2026-02-16 00:31:41,624.2739952143307,585.9989328240667,3.868939691731234,5.3997572841443375,9.110656739104572,12.715456691004965,957.3459085940576,618.4415646362729,16835.949738655196,21045.829374418405,True,1,10
3356,allmetal3356 26-02-16 00-32-41.fits,2026-02-16 00:32:41,623.8668608781377,584.7628756966946,4.36646314921475,7.2867318608875165,10.282234949659859,17.158942248783596,852.3672946194642,468.86331961716826,16885.273245883433,21107.339015021713,True,1,16
3357,allmetal3357 26-02-16 00-33-42.fits,2026-02-16 00:33:42,624.1490410290241,583.8729971479422,3.826218574385105,7.808856177780767,9.010056195631789,18.388451056201912,969.1200139204705,484.7062588221755,16868.778327679614,21085.784578388266,True,1,15
3358,allmetal3358 26-02-16 00-34-42.fits,2026-02-16 00:34:42,624.3568289012666,584.8197218635503,4.6029006631237745,6.052845197474283,10.839002746810113,14.253361200481756,838.0990503571672,524.565776925245,16869.501729302032,21088.548013495878,True,1,16
3359,allmetal3359 26-02-16 00-35-42.fits,2026-02-16 00:35:42,624.2397289922495,584.3771529951622,4.477088233159877,6.855667092237369,10.542737114817076,16.143862290859598,826.6112151154329,501.1522791833173,16879.577688784542,21100.120990248917,True,1,14
3360,allmetal3360 26-02-16 00-36-42.fits,2026-02-16 00:36:42,624.4449690057993,584.1912231046016,4.404297611698359,6.622842915227808,10.371328300309234,15.59560325186965,868.6764814878692,482.8496713595578,16881.59442690398,21103.53047852782,True,1,14
3361,allmetal3361 26-02-16 00-37-42.fits,2026-02-16 00:37:42,624.6010272715847,583.604683419843,4.477601247315166,7.166696529624311,10.543945170833334,16.876280644613068,831.0574305443082,508.176109004114,16878.05896544263,21097.767578393476,True,1,15
3362,allmetal3362 26-02-16 00-38-42.fits,2026-02-16 00:38:42,624.0108206016926,582.429787126199,4.647514094725998,7.676409465336003,10.944059349824647,18.076562882838534,796.0572310883201,504.50719275392777,16877.62754644099,21096.61066456741,True,1,16
3363,allmetal3363 26-02-16 00-39-42.fits,2026-02-16 00:39:42,623.0836043099634,582.369191917657,4.391796759773407,7.506723442223338,10.341891043616393,17.676982834251245,848.0537256064599,455.14258519457957,16861.853214150273,21078.07009745016,True,1,14
3364,allmetal3364 26-02-16 00-40-42.fits,2026-02-16 00:40:42,624.145968726095,583.0859352068497,4.216663567844523,5.816489953955604,9.929483892712003,13.6967871352958,892.20085470498,558.2779173125843,16868.791239525523,21087.249445095124,True,1,14
3365,allmetal3365 26-02-16 00-41-42.fits,2026-02-16 00:41:42,623.9491485380341,583.3162772063974,4.152510436321823,6.329106297502955,9.77841481265084,14.903906376491573,893.8973167336964,519.4869121001135,16876.514532454774,21096.681139870565,True,1,15
3366,allmetal3366 26-02-16 00-42-42.fits,2026-02-16 00:42:42,624.1697104906497,582.5039663935763,4.459761988649627,6.056881871249029,10.501936926939232,14.26286684080178,849.4585353863558,514.4604737627902,16857.46244714077,21073.473906532752,True,1,16
3367,allmetal3367 26-02-16 00-43-41.fits,2026-02-16 00:43:41,623.3211594774089,583.5894204333094,4.397443047084286,5.234710862186945,10.355187034156053,12.326802068219061,849.5044841276522,568.2324638686662,16876.856343835756,21097.93354718453,True,1,18
3368,allmetal3368 26-02-16 00-44-41.fits,2026-02-16 00:44:41,623.5739260398848,581.4898153097809,4.263323962502893,6.866265346305796,10.039360725362588,16.16881927198226,878.6630718223836,492.00996282106223,16834.835239838692,21044.444268009396,True,1,14
3369,allmetal3369 26-02-16 00-45-42.fits,2026-02-16 00:45:42,623.6842627107263,581.5799864756746,4.507785250422163,7.20547903117208,10.615023066388968,16.9676064566542,828.2254992901553,513.7206236829055,16870.28874754567,21087.938922642308,True,1,16
3370,allmetal3370 26-02-16 00-46-42.fits,2026-02-16 00:46:42,623.6769360394558,582.2530789052624,4.279163300814637,6.537861502636929,10.07665951671911,15.395487318045603,861.2323599565448,516.4132288988441,16884.526709122125,21106.41506437219,True,1,17
3371,allmetal3371 26-02-16 00-47-42.fits,2026-02-16 00:47:42,623.1575161436294,581.9223739919314,4.598139619408202,6.434126292642023,10.827791345633415,15.151209566174103,801.9072584447345,520.8889304521169,16863.65887175222,21080.395627563976,True,1,13
3372,allmetal3372 26-02-16 00-48-42.fits,2026-02-16 00:48:42,623.7995251517873,580.9465923699833,4.154018818306057,6.607914734800629,9.78196678078288,15.560450073363892,894.9424448370597,525.0919730040392,16860.55104631495,21076.29550191223,True,1,16
3373,allmetal3373 26-02-16 00-49-42.fits,2026-02-16 00:49:42,623.6949618107482,580.6112629458405,3.9721959456568148,6.5933714077906345,9.353806635623334,15.526203155399315,923.7327764316559,501.6833888418771,16878.91918769135,21099.533801548663,True,1,15
3374,allmetal3374 26-02-16 00-50-42.fits,2026-02-16 00:50:42,624.0080288357847,580.9883479974453,4.525418235140971,5.408276533300065,10.65654557225854,12.735517989685487,814.6817158592983,552.4120853881986,16871.055956487875,21090.53144928302,True,1,18
3375,allmetal3375 26-02-16 00-51-42.fits,2026-02-16 00:51:42,623.3000378313487,580.02744214786,4.4651347997770445,7.743327847775977,10.514588930280238,18.23414363118923,830.4103057482944,480.5278858336445,16878.334912635844,21097.88684038212,True,1,16
3376,allmetal3376 26-02-16 00-52-42.fits,2026-02-16 00:52:42,623.9794597539033,581.8277648471948,4.1881661712803036,5.0217450209097345,9.862377652051382,11.825305836272607,899.9823474447769,583.5860973319684,16865.250646207398,21083.616233957146,True,1,16
3377,allmetal3377 26-02-16 00-53-42.fits,2026-02-16 00:53:42,623.4619291102193,578.994838078701,4.067436592803046,7.759990324661487,9.578081220624998,18.273380765759093,906.1052291569335,476.06481875621154,16885.136529224532,21106.399284619125,True,1,15
3378,allmetal3378 26-02-16 00-54-42.fits,2026-02-16 00:54:42,623.8979652542033,579.5583068391842,4.034200734592078,6.667549791394294,9.499816755496006,15.70087990001721,925.1692817211241,488.4028945132374,16853.446456777576,21067.972938266128,True,1,16
3379,allmetal3379 26-02-16 00-55-42.fits,2026-02-16 00:55:42,624.0695069757782,581.1310077537673,4.475203844017605,6.300550193576294,10.538299717492214,14.836661890557085,833.2713188971446,504.16246499041904,16875.993465036507,21096.344426715572,True,1,16
3380,allmetal3380 26-02-16 00-56-42.fits,2026-02-16 00:56:42,623.2582988957012,580.0678010021956,4.634848935917484,7.284491003844333,10.914235179988857,17.153665433700258,801.8156194096252,451.2121114600455,16871.928618518523,21090.961999423645,True,1,16
3381,allmetal3381 26-02-16 00-57-43.fits,2026-02-16 00:57:43,624.0055581132593,581.3732360414729,4.121020885677709,4.305983391788121,9.704262587585065,10.139816004553024,894.4783039266832,595.6679955978426,16871.665748168405,21092.32681407352,True,1,16
3382,allmetal3382 26-02-16 00-58-43.fits,2026-02-16 00:58:43,624.1900476828595,579.3411462975441,4.594320043199105,7.9111069526811235,10.818796931012711,18.62923323055722,840.0253279231847,462.3994150975669,16880.14223140132,21100.670434620384,True,1,16
3383,allmetal3383 26-02-16 00-59-43.fits,2026-02-16 00:59:43,623.7341898093158,581.3162454136159,4.226517154410269,4.860983808504078,9.952687315872469,11.446742110836288,883.7189055075303,590.9831126715568,16884.848133013744,21108.17095721597,True,1,15
3384,allmetal3384 26-02-16 01-00-43.fits,2026-02-16 01:00:43,623.3813484178964,579.4912946528356,4.03689607806557,5.0807212719352215,9.506163804335626,11.9641842943682,908.3030332561852,587.4095744268294,16881.539752779594,21103.594782543514,True,1,15
3385,allmetal3385 26-02-16 01-01-43.fits,2026-02-16 01:01:43,624.2813761780425,579.8295170275081,4.198923318869531,6.311628700224527,9.887708798821853,14.862749780081353,897.3295809113276,518.705075324599,16877.06756297642,21097.543569563477,True,1,16
3386,allmetal3386 26-02-16 01-02-43.fits,2026-02-16 01:02:43,623.7975851686336,578.9632277978186,4.317844035781274,7.491571383438161,10.167745686775076,17.64130246250042,873.0814137295322,463.1893406774653,16830.973780543536,21039.451132550555,True,1,14
3387,allmetal3387 26-02-16 01-03-43.fits,2026-02-16 01:03:43,623.6973708705358,578.8010196098276,4.248486590501786,6.802541864387527,10.0044213843588,16.018761939421953,877.0645741911346,530.03236417946,16849.3482882946,21061.980647368193,True,1,10
3388,allmetal3388 26-02-16 01-04-43.fits,2026-02-16 01:04:43,623.0996032765767,580.3466856633335,4.096427721959316,4.940192601928776,9.646350112690264,11.633264565335482,888.658185671381,579.2819150486176,16868.250828798486,21087.219356265436,True,1,15
3389,allmetal3389 26-02-16 01-05-42.fits,2026-02-16 01:05:42,623.1852689368687,578.114729662795,4.389848962840463,7.314554130452624,10.337304332355046,17.224458686853765,845.3926212439186,483.4139369843813,16883.90041929734,21105.304364411782,True,1,16
3390,allmetal3390 26-02-16 01-06-42.fits,2026-02-16 01:06:42,623.6821740103746,579.5421735489358,4.352012227061322,5.2130451128753945,10.248205628503785,12.275783127449607,871.7106985334891,606.9422961653377,16870.245793199967,21089.34861725722,True,1,13
3391,allmetal3391 26-02-16 01-07-42.fits,2026-02-16 01:07:42,623.2691466694758,579.5885574606058,4.14402096230682,5.865173132147937,9.758423629068545,13.811427259158918,888.9498939007048,536.7022461952251,16879.58048054316,21100.78760367416,True,1,16
3392,allmetal3392 26-02-16 01-08-43.fits,2026-02-16 01:08:43,623.3738271333771,577.9931452230409,4.051788012162617,6.643590156500143,9.541231629256634,15.644459271496839,888.5037575832462,504.8974679101764,16871.418020165358,21089.873961836303,True,1,16
3393,allmetal3393 26-02-16 01-09-43.fits,2026-02-16 01:09:43,623.6626690018053,578.2857025905546,4.3331726700637505,6.3745196184221005,10.2038418620464,15.0108465749034,869.6627376213423,509.41453640374164,16865.192207031327,21082.76591187565,True,1,16
3394,allmetal3394 26-02-16 01-10-43.fits,2026-02-16 01:10:43,623.9173079480706,577.3622148763809,4.5532915719681295,7.831269608679858,10.722182264541033,18.44123065256101,823.0664741251155,448.6774150025797,16865.25781669457,21082.144946878692,True,1,14
3395,allmetal3395 26-02-16 01-11-43.fits,2026-02-16 01:11:43,623.6611396378173,578.4168533809425,4.170161333813316,6.088602015443045,9.819979499876597,14.33756207218112,888.9847908862127,553.3982920918914,16881.21593952132,21102.346788696905,True,1,14
3396,allmetal3396 26-02-16 01-12-43.fits,2026-02-16 01:12:43,623.6999710667704,577.5657098638374,4.360453291928428,7.670719125439639,10.268082817254252,18.063163156387535,819.0423044599329,459.8427275899223,16873.57878009531,21092.081356334395,True,1,16
3397,allmetal3397 26-02-16 01-13-43.fits,2026-02-16 01:13:43,623.2135593686636,578.3792237177812,3.9902113370341876,4.61609655139757,9.39622964035785,10.870076689029236,916.4918305848792,646.9299960475577,16874.40802358799,21094.65183369355,True,1,7
3398,allmetal3398 26-02-16 01-14-43.fits,2026-02-16 01:14:43,623.6495089415557,576.3519488591484,4.086847691607775,7.696459262409678,9.623790865186452,18.123776546886425,903.3355987832343,475.0983703860899,16873.837533008205,21092.38312992495,True,1,15
3399,allmetal3399 26-02-16 01-15-42.fits,2026-02-16 01:15:42,623.6784133086945,577.3948311824566,4.439072578151993,7.837019729693057,10.45321708837953,18.454771152784243,847.0615213290208,474.39955598934716,16881.395045037392,21101.847324352475,True,1,16
3400,allmetal3400 26-02-16 01-16-42.fits,2026-02-16 01:16:42,623.0170527735644,576.8907767825617,4.272880935597991,7.9591498441399136,10.061865677176746,18.742365594385625,872.7916531759787,461.1316923765931,16882.314018675304,21103.03723843629,True,1,16
3401,allmetal3401 26-02-16 01-17-43.fits,2026-02-16 01:17:43,623.4623851259634,577.7119488866564,4.239569094952803,5.6743615625631705,9.983422287088581,13.362100350276894,890.6606478809666,553.3188627976444,16875.72338134963,21096.211778075532,True,1,16
3402,allmetal3402 26-02-16 01-18-43.fits,2026-02-16 01:18:43,623.8028173369022,575.8364523216391,4.215096730490995,7.069909774826956,9.92579427270461,16.648365254322762,889.2104497568275,494.3758292071996,16878.124129961212,21098.274269162528,True,1,16
3403,allmetal3403 26-02-16 01-19-43.fits,2026-02-16 01:19:43,623.8626798427108,576.6050164601081,4.117844121307865,7.389691267457023,9.696781879168617,17.40139312319796,882.5310684075197,502.5892409448219,16881.991092647957,21102.29339296087,True,1,17
3404,allmetal3404 26-02-16 01-20-43.fits,2026-02-16 01:20:43,623.7688994524298,576.9648118013147,4.438934537595405,5.341395515131162,10.452892027709849,12.578025227469274,824.1003715233502,573.0952151635381,16875.34408899672,21095.641493588977,True,1,16
3405,allmetal3405 26-02-16 01-21-43.fits,2026-02-16 01:21:43,623.122493147084,576.9273678925489,4.219980899116396,5.9655696588459515,9.937295610887018,14.047843012678888,871.0030086589529,580.8172029622099,16884.09656004128,21105.636494073187,True,1,16
3406,allmetal3406 26-02-16 01-22-43.fits,2026-02-16 01:22:43,622.814512881606,576.4499570357528,4.101596164873391,7.064096928302231,9.658520865665928,16.63467704680765,883.2621691715152,491.061775956573,16880.82345732259,21101.405993299642,True,1,16
3407,allmetal3407 26-02-16 01-23-43.fits,2026-02-16 01:23:43,623.5047189178786,577.6840353759393,4.028439105106314,6.280447513577038,9.486249154890888,14.789323696735995,911.1573393304335,499.9124340936143,16877.772121872145,21098.514653168808,True,1,14
3408,allmetal3408 26-02-16 01-24-43.fits,2026-02-16 01:24:43,623.1969472997337,574.7873118273204,4.439390451661784,7.780412882995205,10.453965623292168,18.321472215494147,832.9322432213586,460.0929894090801,16878.522821823553,21098.442372155576,True,1,16
3409,allmetal3409 26-02-16 01-25-43.fits,2026-02-16 01:25:43,624.5042505981464,577.2463077274205,3.942668798745611,5.574199589533099,9.284275518204257,13.126236928435832,955.2645069123457,561.0979062858296,16867.354146145557,21085.755946877816,True,1,16
3410,allmetal3410 26-02-16 01-26-42.fits,2026-02-16 01:26:42,623.9706937268627,576.2198873597273,4.244590721641405,5.751942547503452,9.995247314273563,13.544789608727513,862.0734736856416,573.9601075998304,16872.840526158456,21091.926419498435,True,1,13
3411,allmetal3411 26-02-16 01-27-42.fits,2026-02-16 01:27:42,623.2370721786201,576.3087766405151,4.566071895992026,5.061142788650633,10.752277627734495,11.918080489478347,832.6255812985713,590.3261200037032,16864.499398250806,21082.61707474036,True,1,15
3412,allmetal3412 26-02-16 01-28-43.fits,2026-02-16 01:28:43,623.0115232737588,575.2214942831746,4.30794172264817,6.72678967759744,10.14442752131707,15.840379171513728,868.698722221598,509.6356075202866,16879.34955961617,21099.95580859157,True,1,17
3413,allmetal3413 26-02-16 01-29-43.fits,2026-02-16 01:29:43,623.5964385066455,575.6193067367552,3.7555558577814745,6.987575892548587,8.843658214137218,16.45448377794844,979.8936098441537,471.0176894629676,16883.616011462997,21105.471684458316,True,1,14
3414,allmetal3414 26-02-16 01-30-43.fits,2026-02-16 01:30:43,623.5646129115806,576.2224277670387,4.406339590916996,6.440232102903911,10.376136793904816,15.165587650569954,863.9725461132489,498.7055535431777,16873.0401369984,21092.757092398002,True,1,16
3415,allmetal3415 26-02-16 01-31-43.fits,2026-02-16 01:31:43,623.7169487144449,576.3519272731626,4.238387784318076,4.847033505186756,9.980640513126517,11.413891656950398,876.6999326853295,618.44650184603,16873.189753889717,21093.24516949031,True,1,15
3416,allmetal3416 26-02-16 01-32-43.fits,2026-02-16 01:32:43,623.2980545115291,575.805028443455,4.248948684478508,5.578894638361972,10.005509532517873,13.137292923530461,872.4440755775065,581.6892951361153,16877.64844055892,21098.19094899801,True,1,16
3417,allmetal3417 26-02-16 01-33-43.fits,2026-02-16 01:33:43,623.1099816324096,574.0890854973276,4.496599174770971,6.924999059329354,10.588681871220308,16.30712659672923,832.501919661138,520.7669372317082,16882.84735853002,21103.89484373874,True,1,15
3418,allmetal3418 26-02-16 01-34-43.fits,2026-02-16 01:34:43,623.8400410671661,574.5802452223666,4.398518172515273,5.014635603246374,10.357718761071865,11.808564437050428,852.6990852074614,607.9889768178923,16875.431725668368,21096.007503403325,True,1,15
3419,allmetal3419 26-02-16 01-35-43.fits,2026-02-16 01:35:43,623.097311194474,575.1504690062505,4.5948529765712856,5.663836992477781,10.820051893200187,13.337316881674484,805.7735359592448,550.7448473104369,16874.82455631099,21094.9580093864,True,1,15
3420,allmetal3420 26-02-16 01-36-43.fits,2026-02-16 01:36:43,623.0429777051761,574.3319642367776,4.643436838661729,4.779807655765112,10.934458145515782,11.255586879188078,811.5324663350628,586.0540641275642,16858.922869764057,21076.020867607058,True,1,15
3421,allmetal3421 26-02-16 01-37-43.fits,2026-02-16 01:37:43,623.7633372075693,573.0257996131589,4.392155952907276,8.0728873719076,10.342736878808063,19.010197004645235,855.1233704351913,472.1270654957043,16858.863685380475,21073.4435207419,True,1,17
3422,allmetal3422 26-02-16 01-38-43.fits,2026-02-16 01:38:43,624.0897521482066,574.1599872890598,4.198705458898736,5.963166754767182,9.887195777795615,14.042184605987917,895.4433500256984,545.8742999190443,16867.708455040505,21085.870679023326,True,1,13
3423,allmetal3423 26-02-16 01-39-43.fits,2026-02-16 01:39:43,623.1043723640795,575.0073580099363,4.135296739609693,4.741301747727517,9.737879654584034,11.164912395089031,911.9065987645878,619.4325348757387,16880.386323269948,21102.52465028031,True,1,14
3424,allmetal3424 26-02-16 01-40-43.fits,2026-02-16 01:40:43,623.71539578708,573.5843800922652,4.349776788125016,7.358567589262786,10.242941572087128,17.32810246191108,860.827822433173,520.1335489928933,16850.37434283295,21062.76468355854,True,1,15
3425,allmetal3425 26-02-16 01-41-43.fits,2026-02-16 01:41:43,623.8638546882544,573.8714701469364,3.909148291162713,6.9554773641306085,9.20534075502844,16.378897519813787,945.1839214570773,499.44686439860993,16869.800272767887,21087.791255539014,True,1,15
3426,allmetal3426 26-02-16 01-42-43.fits,2026-02-16 01:42:43,624.1475487690972,573.6320758043498,4.427596584468825,6.404948906557948,10.426193188417756,15.082502072561716,846.3899637161563,546.3972992459785,16874.155060497065,21093.30047498584,True,1,14
3427,allmetal3427 26-02-16 01-43-43.fits,2026-02-16 01:43:43,624.3494693747202,572.2144566226748,4.514497639535547,7.566232265026938,10.63082953482321,17.817115403045356,833.1803017735546,471.38832430677576,16866.344993910938,21083.407983861245,True,1,17
3428,allmetal3428 26-02-16 01-44-43.fits,2026-02-16 01:44:43,623.6876232472487,573.9781738570035,4.633055195109562,5.36086817768427,10.910011243178772,12.623879843579456,808.2866764577366,558.4934328609093,16872.635223615907,21092.631963533935,True,1,15
3429,allmetal3429 26-02-16 01-45-42.fits,2026-02-16 01:45:42,623.6423134727805,573.2468234472159,4.0068415956490195,6.77937722989806,9.435390906698105,15.964213393790342,902.5975402703233,498.72327566962736,16867.423917959877,21084.856451661657,True,1,15
3430,allmetal3430 26-02-16 01-46-42.fits,2026-02-16 01:46:42,624.3358437858174,573.203222261861,4.181353702953412,5.408512149787832,9.84633551507908,12.736072824113819,894.5570732797734,542.2104602910312,16872.438326858035,21092.52556889668,True,1,15
3431,allmetal3431 26-02-16 01-47-43.fits,2026-02-16 01:47:43,623.7709827527532,571.9792747287465,4.262703164670466,5.9246488692146295,10.037898858182876,13.951481916996556,890.0080725426586,518.5669034189386,16861.680666262906,21078.86701044397,True,1,15
3432,allmetal3432 26-02-16 01-48-43.fits,2026-02-16 01:48:43,623.5550161427221,573.1169867364175,4.55937330693315,4.767609946256659,10.736503655945228,11.226863468334107,823.4465421177368,634.3980921254353,16882.16571433182,21104.4936969806,True,1,11
3433,allmetal3433 26-02-16 01-49-43.fits,2026-02-16 01:49:43,624.1546970309689,571.3317177431285,4.149197687984154,7.7767524640876005,9.770613886461156,18.31285258767731,895.7195714349947,469.7835854238185,16875.120368712032,21094.054987964875,True,1,16
3434,allmetal3434 26-02-16 01-50-43.fits,2026-02-16 01:50:43,624.8679710525206,573.0577932462713,4.118036034653756,4.819615324207131,9.697233800562431,11.34932677478129,905.1128655184227,617.1978216858707,16877.132090640713,21098.257463809172,True,1,16
3435,allmetal3435 26-02-16 01-51-43.fits,2026-02-16 01:51:43,624.4417428862739,572.916867506354,4.380295040559828,4.544102963908049,10.314806564659937,10.700544746095222,861.2833883810783,655.901188599541,16879.893207250938,21101.805701346853,True,1,13
3436,allmetal3436 26-02-16 01-52-43.fits,2026-02-16 01:52:43,623.1318203502543,571.9896934115754,4.5446816594617925,5.117849354072249,10.701907469985148,12.05161424641803,792.4118127670064,604.7906554899506,16858.08748537635,21073.84806181411,True,1,15
3437,allmetal3437 26-02-16 01-53-42.fits,2026-02-16 01:53:42,624.3071160830605,571.8838871498673,4.544681603588672,7.512866291946915,10.701907338414005,17.691448139913938,814.321779740017,533.9167468616803,16852.093270961297,21064.35673778703,True,1,15
3438,allmetal3438 26-02-16 01-54-42.fits,2026-02-16 01:54:42,624.4421542225332,571.8464136231671,4.173854826150921,4.893167760393284,9.828677009669358,11.522529525873303,914.643822492388,641.0446039844575,16875.39118721014,21095.905626793927,True,1,9
3439,allmetal3439 26-02-16 01-55-43.fits,2026-02-16 01:55:43,624.3448265517366,571.0250294028633,4.894391317090549,6.546150865880036,11.525410781710255,15.415007276771014,756.3284795700064,450.08484890102875,16858.155503752416,21074.54361583664,True,1,16
3440,allmetal3440 26-02-16 01-56-43.fits,2026-02-16 01:56:43,624.3431394536697,570.4487591573014,4.337511437969173,6.688630161126776,10.214058879680826,15.75052037721992,868.7920916690812,516.2139046103058,16870.027369483632,21088.3068402123,True,1,14
3441,allmetal3441 26-02-16 01-57-43.fits,2026-02-16 01:57:43,623.6318844073871,569.2366395636445,4.593926710742093,7.987083278814819,10.817870703858578,18.808143806284654,832.6587804109836,477.49498964526055,16861.65758762091,21077.0998442352,True,1,15
3442,allmetal3442 26-02-16 01-58-43.fits,2026-02-16 01:58:43,623.6101139936675,569.9102970068946,4.2183229146895815,7.602731780757984,9.933391355924407,17.903065194322746,886.0819420099654,480.9829101039799,16843.150605912608,21054.13652506289,True,1,13
3443,allmetal3443 26-02-16 01-59-43.fits,2026-02-16 01:59:43,623.7976272960623,570.8460003933848,4.242082043888697,6.527362009078564,9.989339829614963,15.370762900151691,873.3710182816542,512.9324147800376,16875.664190656527,21095.45368065119,True,1,15
3444,allmetal3444 26-02-16 02-00-43.fits,2026-02-16 02:00:43,623.2876384403368,571.0221039547076,4.09146023020166,4.512517213755733,9.634652563525812,10.62616598849921,907.287000581191,652.914945716283,16876.300838506457,21097.25072883874,True,1,9
3445,allmetal3445 26-02-16 02-01-43.fits,2026-02-16 02:01:43,623.1415563125367,569.901964586868,4.205943091943471,6.862483373709979,9.904239101167935,16.159913407103872,897.7718220579284,506.05429523931156,16874.101584989658,21093.369148833805,True,1,14
3446,allmetal3446 26-02-16 02-02-42.fits,2026-02-16 02:02:42,622.9773236428442,570.3255775699621,4.10041251416585,5.09390210648622,9.655733581253495,11.995222787779127,898.2862084912638,588.7301496384497,16877.8017388729,21098.92752719133,True,1,15
3447,allmetal3447 26-02-16 02-03-42.fits,2026-02-16 02:03:42,624.2353189137648,569.8611175609948,4.222360490182916,5.692192290031011,9.942899119629434,13.404088504735649,890.9880416768807,555.2015851129904,16870.6616267003,21089.800065509204,True,1,16
3448,allmetal3448 26-02-16 02-04-42.fits,2026-02-16 02:04:42,623.6067227387089,568.5301121276466,4.297169159695902,7.691638391526352,10.11906007414071,18.112424263495864,883.014732664504,444.4128659877067,16875.155226609135,21094.864926890685,True,1,17
3449,allmetal3449 26-02-16 02-05-43.fits,2026-02-16 02:05:43,623.5613003955459,569.2236477215552,3.9593509944662006,6.526465489675024,9.323559087082232,15.368651758289477,966.6036371488115,560.6348965478574,16849.054550857472,21061.729820877517,True,1,15
3450,allmetal3450 26-02-16 02-06-43.fits,2026-02-16 02:06:43,623.205459513102,568.983829550371,4.300731577224156,6.559104660641443,10.127448926345014,15.445511132334394,857.7801520778706,531.608829018914,16865.21550178401,21082.014348743527,True,1,17
3451,allmetal3451 26-02-16 02-07-43.fits,2026-02-16 02:07:43,623.9281490209404,568.2892414718295,4.093572537317798,6.3405659156088285,9.639626666664155,14.930891714915685,894.2827047369309,533.7394779187888,16867.870865106543,21085.515666644576,True,1,15
3452,allmetal3452 26-02-16 02-08-43.fits,2026-02-16 02:08:43,623.2338191474113,569.4713463737704,4.581408970864374,6.895745734558931,10.78839367907604,16.238240281176036,824.3996348101846,508.31783875403056,16879.044285846678,21099.470400310154,True,1,16
3453,allmetal3453 26-02-16 02-09-43.fits,2026-02-16 02:09:43,623.8900993861977,569.9286320218835,3.983408305986349,5.426601378094489,9.380209726479432,12.778669701529475,928.4802038369196,603.3636814958254,16868.325152991867,21086.445080185807,True,1,14
3454,allmetal3454 26-02-16 02-10-43.fits,2026-02-16 02:10:43,623.4114375136135,568.241653564494,4.4006225260680925,6.0250428975314225,10.362674134999876,14.187891787278346,851.7774872494468,543.5200705583775,16881.12131007792,21102.561000780097,True,1,15
3455,allmetal3455 26-02-16 02-11-43.fits,2026-02-16 02:11:43,623.4381430608194,566.238895160819,4.1436301487572935,7.853302005244253,9.757503333488248,18.49311298163092,883.5811607243769,480.13243666473045,16858.613006620304,21072.998481126124,True,1,16
3456,allmetal3456 26-02-16 02-12-43.fits,2026-02-16 02:12:43,623.3315283146254,568.5301180942273,4.410794215354721,4.315133210363866,10.386626632823855,10.161362180743584,857.7744129366179,647.1506633007983,16873.041606324558,21093.72767280529,True,1,4
3457,allmetal3457 26-02-16 02-13-42.fits,2026-02-16 02:13:42,623.0130703443874,567.4141417573913,3.9187682966300867,5.791259449262173,9.227994136736317,13.637373837097462,903.4171334376894,584.0496042049458,16880.10845935881,21100.52209340413,True,1,14
3458,allmetal3458 26-02-16 02-14-42.fits,2026-02-16 02:14:42,622.587292946761,566.2388348034377,3.9517552173786914,6.958160862276671,9.30567239893898,16.38521667503894,949.4777970889417,503.77120779499455,16867.474117521684,21084.946741204214,True,1,16
3459,allmetal3459 26-02-16 02-15-43.fits,2026-02-16 02:15:43,622.8505127732373,568.4277966410357,4.188913915250053,6.150753997346968,9.8641384545399,14.483918805006878,861.4832971643876,557.8488287410961,16874.658892384854,21093.75808574768,True,1,15
3460,allmetal3460 26-02-16 02-16-43.fits,2026-02-16 02:16:43,622.9681815944922,567.1952214687138,4.084973007017241,7.332669732508103,9.61937632033455,17.26711766970181,901.0535904782097,488.45252346570913,16872.14738577642,21090.426862454136,True,1,15
3461,allmetal3461 26-02-16 02-17-43.fits,2026-02-16 02:17:43,623.3464795461653,568.3946584945811,4.3628790838507925,5.2310621047622785,10.27379512069811,12.318209901096001,868.2003791716422,613.7642506139823,16866.678328028967,21084.760861021616,True,1,16
3462,allmetal3462 26-02-16 02-18-43.fits,2026-02-16 02:18:43,622.3062460768672,568.1606964113257,4.200205907948952,5.110165089506601,9.890729065295611,12.033519186187519,875.9937979178012,612.0774943573651,16885.50330188638,21108.229223967373,True,1,15
3463,allmetal3463 26-02-16 02-19-43.fits,2026-02-16 02:19:43,622.6046737730587,567.4110261652471,4.151243959987207,6.6741717010610415,9.775432488791532,15.71647330563685,871.9343555743409,510.0031774823505,16876.863263784868,21096.607242571296,True,1,15
3464,allmetal3464 26-02-16 02-20-43.fits,2026-02-16 02:20:43,622.9574446048978,566.3088670042163,4.000872384139229,6.817991949108498,9.42133448778182,16.055144108620322,929.1742044633036,504.1472228825538,16881.993430314975,21103.177771018865,True,1,16
3465,allmetal3465 26-02-16 02-21-42.fits,2026-02-16 02:21:42,622.703280441944,567.6231382084985,3.9267020332375986,5.646386038937953,9.246676658731682,13.296223026473994,916.6329684207435,572.2455001054337,16867.836547814786,21085.697056374134,True,1,15
3466,allmetal3466 26-02-16 02-22-42.fits,2026-02-16 02:22:42,623.1045685275243,567.1487640967642,4.058516851105719,5.537796749218325,9.557076834079636,13.04051479036654,903.0473193415633,569.7053773534651,16885.297754100775,21107.870905154054,True,1,14
3467,allmetal3467 26-02-16 02-23-43.fits,2026-02-16 02:23:43,623.0482193186617,566.7784982882054,4.684752411559142,4.749556970549708,11.031748884746547,11.184351959266923,787.9211355478756,623.0630168173187,16863.991792964993,21081.781447115118,True,1,16
3468,allmetal3468 26-02-16 02-24-43.fits,2026-02-16 02:24:43,623.5416072871004,564.5456115297815,3.9303505717694462,8.243997167215571,9.255268310401545,19.41312978053759,928.2340638357523,474.24550874327116,16831.95242574163,21039.300672828274,True,1,15
3469,allmetal3469 26-02-16 02-25-43.fits,2026-02-16 02:25:43,622.9106209347935,565.4762517847462,4.244266826870937,8.949538134135983,9.994484600375584,21.074551792032292,872.7120385741624,396.7277218561178,16867.768274868507,21085.0860756092,True,1,15
3470,allmetal3470 26-02-16 02-26-43.fits,2026-02-16 02:26:43,623.6706347801293,566.1038165020074,4.152831205078187,6.023098625570964,9.779170165348148,14.183313376692867,912.5164870150801,523.7971551046727,16816.288331728218,21021.91394895,True,1,12
3471,allmetal3471 26-02-16 02-27-43.fits,2026-02-16 02:27:43,623.5894999290496,565.5919631249614,4.633736090846779,7.9387725032549925,10.911614630109346,18.694380623605383,799.8201740844573,507.07422859988577,16837.538316848204,21046.14106460643,True,1,15
3472,allmetal3472 26-02-16 02-28-43.fits,2026-02-16 02:28:43,623.0071924277797,565.5369558416651,4.217749076785098,6.8489005624403845,9.932040070924328,16.12792833085836,897.9098131299356,544.0680118544575,16877.214845281953,21096.667609339536,True,1,14
3473,allmetal3473 26-02-16 02-29-43.fits,2026-02-16 02:29:43,622.7808020239337,566.9273587825892,4.053089015653178,4.877771216043866,9.544295258354863,11.486273434615086,922.7320311010463,598.1812061773395,16872.67923684892,21092.861506238274,True,1,15
3474,allmetal3474 26-02-16 02-30-43.fits,2026-02-16 02:30:43,622.6410975558593,565.6248540322572,4.151742726826373,6.717937725855703,9.776606994942195,15.819534418114639,894.3811394606324,508.15117904053454,16877.357255184394,21097.42973916343,True,1,15
3475,allmetal3475 26-02-16 02-31-42.fits,2026-02-16 02:31:42,623.670845617066,567.4055113199435,4.503842064753973,4.524742849213034,10.605737573736235,10.654955159937302,850.5004301262021,611.0036385312746,16851.372118147403,21066.82430599372,True,1,15
3476,allmetal3476 26-02-16 02-32-42.fits,2026-02-16 02:32:42,623.6272452950042,566.7734650386008,4.55508268864775,5.654159970833625,10.726400022001192,13.314529237130628,831.565199708919,583.6562808943097,16868.678337878966,21087.041905410166,True,1,16
3477,allmetal3477 26-02-16 02-33-42.fits,2026-02-16 02:33:42,623.9450976015411,567.3208871660873,4.23568684006376,4.872967927204695,9.974280275455943,11.474962553774532,868.7216793262718,568.7591206214969,16850.89103743711,21065.83668654714,True,1,15
3478,allmetal3478 26-02-16 02-34-43.fits,2026-02-16 02:34:43,623.4863371384248,566.8629550012288,4.020758245296333,6.19786369651423,9.468162112247272,14.594853668921326,900.4322587316408,532.2966756927007,16843.856993577054,21055.60779004585,True,1,15
3479,allmetal3479 26-02-16 02-35-43.fits,2026-02-16 02:35:43,624.0792460311691,567.6191130156449,4.318483666732646,4.3270181644042305,10.169251902560788,10.189349108752106,858.2990280461313,683.8748113034005,16808.296137599686,21012.199745266706,True,1,13
3480,allmetal3480 26-02-16 02-36-43.fits,2026-02-16 02:36:43,623.8120058918124,565.3788786313395,4.171547274654434,7.592422208129593,9.823243141150488,17.878788006041706,896.4254894052443,508.17108726731595,16869.341804999927,21086.386526169907,True,1,15
3481,allmetal3481 26-02-16 02-37-43.fits,2026-02-16 02:37:43,623.4328656737493,567.2410229380835,4.22446200561366,4.6034107007663465,9.947847810290693,10.840203793674561,893.3812244565511,656.6608669694642,16854.4303491621,21069.876722980254,True,1,10
3482,allmetal3482 26-02-16 02-38-43.fits,2026-02-16 02:38:43,623.8871929737243,567.5079348380698,4.209225746256835,4.632926717479271,9.91196916134595,10.909708701479625,893.529492586606,603.2905057105783,16873.48000175193,21094.21481659633,True,1,14
3483,allmetal3483 26-02-16 02-39-43.fits,2026-02-16 02:39:43,623.707924889226,566.4553519885873,4.57467881027772,6.0710725829918255,10.77254536202031,14.296283413266972,818.8443107964815,506.84249085437204,16868.897887903666,21087.7596781077,True,1,16
3484,allmetal3484 26-02-16 02-40-43.fits,2026-02-16 02:40:43,622.9437580938876,566.7985575944937,4.27581971771599,4.443725642975782,10.06878598021619,10.464174218697414,883.0422420744117,651.0907921588881,16872.24113269685,21092.461572737062,True,1,12
3485,allmetal3485 26-02-16 02-41-43.fits,2026-02-16 02:41:43,623.6048028305161,565.8417920075258,4.2642330021042,5.563799088769426,10.041501350037473,13.101745620759175,877.7173583582488,579.4104182164779,16859.338447976294,21075.443676124403,True,1,17
3486,allmetal3486 26-02-16 02-42-42.fits,2026-02-16 02:42:42,623.333095466465,564.7276431078226,4.041884936883007,6.803670050300554,9.517911669080759,16.021418614224473,926.7629758993305,559.0279466887367,16874.294920364315,21092.727720195922,True,1,15
3487,allmetal3487 26-02-16 02-43-42.fits,2026-02-16 02:43:42,623.24000084506,566.5625213964939,4.425255117720742,5.476250544811894,10.420679455584597,12.895584554534704,804.8538635960632,574.3537601000457,16876.172799205826,21096.235243449348,True,1,16
3488,allmetal3488 26-02-16 02-44-43.fits,2026-02-16 02:44:43,624.0618550451499,566.1994380838272,4.666609192138806,4.230146080381291,10.989024867974146,9.961232783490967,798.5480883802758,627.1673308743952,16858.51329689211,21075.769425315404,True,1,16
3489,allmetal3489 26-02-16 02-45-43.fits,2026-02-16 02:45:43,623.7968425922421,564.1429320258312,4.173189156146295,7.892404426905979,9.827109476599087,18.585192147969202,892.3712895949511,454.4506611420745,16878.261898910838,21098.163530528764,True,1,16
3490,allmetal3490 26-02-16 02-46-43.fits,2026-02-16 02:46:43,623.9059777889124,566.5916476028469,3.7750658444722545,5.149564269782047,8.889600721874952,12.126297165657927,970.5444409358838,610.7651626133397,16866.643001518034,21084.573453860994,True,1,15
3491,allmetal3491 26-02-16 02-47-43.fits,2026-02-16 02:47:43,623.573669710367,565.4493591478957,4.578991776371978,6.501135427184912,10.782701621032608,15.309004019395875,815.731664557992,513.1082409520345,16810.224351890458,21013.75822658812,True,1,15
3492,allmetal3492 26-02-16 02-48-43.fits,2026-02-16 02:48:43,623.4908770675003,566.3248533697008,4.266596206601297,5.252522634058114,10.047066271357743,12.368745585658809,871.272244461926,579.1973345514529,16836.05464307421,21046.72091537639,True,1,15
3493,allmetal3493 26-02-16 02-49-43.fits,2026-02-16 02:49:43,623.0534761884657,566.0541503524109,4.380252248494762,4.314425098500133,10.314705797047353,10.159694704732741,853.939393393056,678.3989508836378,16876.173462700153,21097.208345727715,True,1,3
3494,allmetal3494 26-02-16 02-50-43.fits,2026-02-16 02:50:43,623.2020653870242,564.7269772939184,4.582632052784101,4.6169028208356515,10.791273816897329,10.871975308463727,802.4710822967446,685.8664277790077,16822.894570860957,21029.868715220782,True,1,11
3495,allmetal3495 26-02-16 02-51-43.fits,2026-02-16 02:51:43,623.0863726154979,564.0697421869387,4.181449648881941,7.008433902913791,9.84656145047482,16.503600638855886,883.6695103980643,514.4976943641702,16877.771843346214,21097.4331463722,True,1,15
3496,allmetal3496 26-02-16 02-52-43.fits,2026-02-16 02:52:43,622.8544142716253,564.4595594621619,4.270812954797505,5.680114818306475,10.056995954535024,13.375648232225416,858.5048697546299,562.5858397574981,16888.963603932705,21112.35736186737,True,1,15
3497,allmetal3497 26-02-16 02-53-43.fits,2026-02-16 02:53:43,623.127345739341,563.6598450366265,4.399845752808394,7.08915050588985,10.360844973757494,16.693673713510712,863.2274309683606,543.4182223941082,16842.92785663363,21053.526886199805,True,1,15
3498,allmetal3498 26-02-16 02-54-43.fits,2026-02-16 02:54:43,623.0023021938999,565.0714693641129,4.142530309580748,4.4898197020102915,9.75491341014901,10.572717432868718,904.8641762211713,598.0464562301252,16870.959442346713,21091.302148773728,True,1,14
3499,allmetal3499 26-02-16 02-55-43.fits,2026-02-16 02:55:43,622.7515261435433,564.1741479448597,4.2741412518606605,7.53726250850482,10.064833495175158,17.748896839687404,882.7245073984659,472.3633492393344,16867.569350907193,21084.982016348844,True,1,16
3500,allmetal3500 26-02-16 02-56-44.fits,2026-02-16 02:56:44,622.8915244082604,564.2618288605013,4.306741459446554,6.0817326277644606,10.141601117470591,14.3213859003785,872.362745756795,569.0401583374972,16876.69257444447,21096.591001881312,True,1,14
3501,allmetal3501 26-02-16 02-57-44.fits,2026-02-16 02:57:44,623.1277999850397,563.794980198108,4.444771218506899,6.519533726074831,10.466636360916684,15.352328702416328,841.7687882240348,541.4059967328911,16875.9300986646,21095.430974043116,True,1,16
3502,allmetal3502 26-02-16 02-58-44.fits,2026-02-16 02:58:44,622.2635170436829,563.492717895219,4.3847365951685076,6.303979016079712,10.325265626483557,14.844736150518987,863.9249603640128,550.0501862157441,16870.48256489771,21088.887943665188,True,1,16
3503,allmetal3503 26-02-16 02-59-44.fits,2026-02-16 02:59:44,622.6195415278985,563.0735067117707,4.8170310291081275,7.524608738937053,11.34324122487988,17.719099489464025,787.07496524804,486.2076992169965,16879.647233176787,21099.884222206147,True,1,14
3504,allmetal3504 26-02-16 03-00-44.fits,2026-02-16 03:00:44,623.088082685765,563.59319055452,4.301984069526487,6.666908025140345,10.130398320324788,15.699368655978185,853.4737031855555,505.0404087437492,16881.09030291531,21102.10843487751,True,1,15
3505,allmetal3505 26-02-16 03-01-44.fits,2026-02-16 03:01:44,622.2924708810193,565.1198782847725,4.372291684211457,5.577420479473596,10.295960100703269,13.133821544630552,843.6004083872477,561.2726685161675,16879.479987643215,21100.715933866093,True,1,14
3506,allmetal3506 26-02-16 03-02-43.fits,2026-02-16 03:02:43,623.6768462300348,563.4412463291823,4.0897663891052005,7.062320614106775,9.630663872558772,16.630494146533916,929.2397821916685,474.42094353968093,16884.616309379668,21106.871591634823,True,1,17
3507,allmetal3507 26-02-16 03-03-43.fits,2026-02-16 03:03:43,623.4905993462239,563.3725565383164,4.209201359566576,6.941171186458206,9.911911735078897,16.34520904586304,879.0445743846464,526.2956184453369,16854.654910795754,21068.43360958302,True,1,14
3508,allmetal3508 26-02-16 03-04-43.fits,2026-02-16 03:04:43,623.6850009470674,563.6689291384489,4.639858953850757,4.914786326762278,10.926032870644093,11.573437359303842,798.1762668163574,621.9038903777222,16876.417101116596,21097.104910785172,True,1,16
3509,allmetal3509 26-02-16 03-05-43.fits,2026-02-16 03:05:43,623.4097189418424,563.0950582287167,4.299891766637516,5.815639166304971,10.125471323541563,13.694783683482024,869.7391333771791,565.7487631324791,16878.068555730646,21098.686245139634,True,1,12
3510,allmetal3510 26-02-16 03-06-44.fits,2026-02-16 03:06:44,623.0761102865513,562.0439546973228,4.271960518224362,6.512596563937243,10.05969825989553,15.335992933959105,897.6888190496984,530.0941516225383,16878.895588520565,21099.55604871269,True,1,15
3511,allmetal3511 26-02-16 03-07-44.fits,2026-02-16 03:07:44,623.0026011907316,560.499054717031,4.279960022619466,8.104208483155345,10.078535653195434,19.08395258524407,909.4292469459994,510.9654511800257,16850.40968638564,21062.403443409217,True,1,12
3512,allmetal3512 26-02-16 03-08-44.fits,2026-02-16 03:08:44,622.9603834140551,561.8109693144461,3.9830125119679893,5.897618967226683,9.379277702791295,13.887831361980119,950.6923422715344,550.5277034161311,16860.169806647504,21076.533664749146,True,1,14
3513,allmetal3513 26-02-16 03-09-44.fits,2026-02-16 03:09:44,622.8134538349026,563.524133398092,4.316387658675425,4.586996686174847,10.164316180773099,10.801551743095068,868.8383282619142,591.2400896011962,16873.031667785523,21093.831038231034,True,1,15
3514,allmetal3514 26-02-16 03-10-44.fits,2026-02-16 03:10:44,622.859308260479,562.7074544428015,4.499899764979656,5.548433020531671,10.59645416720415,13.065561295259595,828.6286699646578,572.4342026309928,16872.344078089107,21091.78287670927,True,1,16
3515,allmetal3515 26-02-16 03-11-44.fits,2026-02-16 03:11:44,621.9212325317159,562.2239708494528,4.2778350387047475,5.662406438220912,10.073531698477685,13.333948183834904,855.4938342353362,549.3259822564421,16878.471553910684,21099.433706278876,True,1,17
3516,allmetal3516 26-02-16 03-12-43.fits,2026-02-16 03:12:43,622.4292978466815,561.349275993594,4.220637671078747,6.99983930122897,9.938842190668977,16.483361898529413,866.3749828653322,508.89226614903544,16879.671973016364,21099.82126831615,True,1,15
3517,allmetal3517 26-02-16 03-13-43.fits,2026-02-16 03:13:43,623.0426337361394,562.2479742707966,4.09868575761669,5.255199922172268,9.651667380318644,12.375050117376341,870.0621677292792,564.2853934177195,16862.057097105917,21079.041760631648,True,1,14
3518,allmetal3518 26-02-16 03-14-43.fits,2026-02-16 03:14:43,622.8947018328792,560.7586656763523,4.308871920980747,5.511885020542209,10.146617970996475,12.979497332278621,863.7240857450327,588.9881622569741,16877.067297303176,21097.49745521257,True,1,13
3519,allmetal3519 26-02-16 03-15-44.fits,2026-02-16 03:15:44,622.6281867250821,559.592093821063,4.274631378096827,7.5475809366024444,10.06598765426068,17.7731948810049,868.6634536343001,511.7313380145513,16877.00261534451,21095.88824721382,True,1,18
3520,allmetal3520 26-02-16 03-16-44.fits,2026-02-16 03:16:44,622.8689837765619,560.640425321105,4.144149874415601,6.296310258124681,9.75872719388635,14.826677605565989,905.0207631892742,541.8291991740226,16878.064676692185,21098.410718348212,True,1,14
3521,allmetal3521 26-02-16 03-17-44.fits,2026-02-16 03:17:44,623.0959481444157,560.8708649527539,4.7976559918892905,5.7645239143561495,11.297616498863743,13.574416463586132,801.4759886391483,583.1912116645626,16855.52695134124,21070.591960635695,True,1,14
3522,allmetal3522 26-02-16 03-18-44.fits,2026-02-16 03:18:44,623.1777214974101,560.7113357966288,4.293833230580077,6.207027758145074,10.111204561389963,14.616433384943536,898.0149756638382,510.21323872200446,16854.55751992072,21069.883534659457,True,1,15
3523,allmetal3523 26-02-16 03-19-44.fits,2026-02-16 03:19:44,622.631549644626,561.1858045144667,4.44374508734482,6.791094674270131,10.46422000668739,15.991805866674229,832.7110309077324,488.42358689054754,16882.742643861395,21104.366882227972,True,1,17
3524,allmetal3524 26-02-16 03-20-44.fits,2026-02-16 03:20:44,622.2891635899574,561.2038238719282,4.258740676343188,6.379747461580744,10.028567911241602,15.023157204765653,888.6093761872299,550.6121770428795,16883.000800002676,21104.415820121056,True,1,16
3525,allmetal3525 26-02-16 03-21-44.fits,2026-02-16 03:21:44,621.9165149532248,560.2544656878454,4.552416652933946,6.743490846131224,10.720121987661559,15.879707417952524,819.6522364072433,496.15242604035905,16887.36466487162,21110.14973119791,True,1,15
3526,allmetal3526 26-02-16 03-22-43.fits,2026-02-16 03:22:43,622.479464046422,560.6438388715936,4.21383296211529,5.308133488985678,9.922818325601225,12.499699141563545,871.0143366004274,586.041279159067,16884.996796780757,21107.61564208382,True,1,16
3527,allmetal3527 26-02-16 03-23-43.fits,2026-02-16 03:23:43,622.6543920891922,560.4112478649232,4.263710758058292,6.0476874855143254,10.04027155928977,14.241215716971952,868.1596899138881,535.1380950029671,16871.71836748047,21090.786795578035,True,1,16
3528,allmetal3528 26-02-16 03-24-43.fits,2026-02-16 03:24:43,622.9182842230015,559.6257501537525,4.362861448435863,7.674196385744722,10.273753592469532,18.071351478655735,865.322499141939,475.7483258106913,16869.520133564212,21087.20442873573,True,1,16
3529,allmetal3529 26-02-16 03-25-43.fits,2026-02-16 03:25:43,622.7379356321726,559.2719089261304,4.503526207224806,7.8656894044310475,10.604993786095179,18.52228307754178,829.1684991715869,454.5112457002847,16842.58733878606,21053.6237235128,True,1,17
3530,allmetal3530 26-02-16 03-26-44.fits,2026-02-16 03:26:44,622.6633779863104,560.6359212743097,4.493614953294497,5.781683205069981,10.581654566668695,13.614823505317576,855.6431527389959,563.7423974991191,16855.33452154185,21070.6015097845,True,1,15
3531,allmetal3531 26-02-16 03-27-44.fits,2026-02-16 03:27:44,622.8668751424538,560.3551470263458,4.277992216757215,5.723433138649586,10.073901824506276,13.477655081286446,854.6993607680262,561.9697278818148,16886.76154012572,21109.528994538574,True,1,15
3532,allmetal3532 26-02-16 03-28-44.fits,2026-02-16 03:28:44,622.6757177155598,557.8899920488157,3.9342723874160352,8.157154610669087,9.264503480499048,19.208631187620195,933.4630981242157,427.6479086291696,16846.542509720766,21058.62881119548,True,1,15
3533,allmetal3533 26-02-16 03-29-44.fits,2026-02-16 03:29:44,622.7762436075034,560.3102465376948,4.320430633236892,4.727159430713858,10.173836658311991,11.131609783502084,871.4832082379208,637.4117783059127,16864.69850504066,21082.71402369887,True,1,13
3534,allmetal3534 26-02-16 03-30-44.fits,2026-02-16 03:30:44,623.0561083804998,558.8190498403548,4.0650093293963705,5.918313232531588,9.57236545210039,13.936562632737298,910.0589276689714,538.0827635251022,16877.78983148126,21098.49759384827,True,1,16
3535,allmetal3535 26-02-16 03-31-44.fits,2026-02-16 03:31:44,622.7942572777631,558.3089268625621,4.671582964448425,7.05297362006785,11.000737206708257,16.60848365761027,788.680745775802,525.7938164315979,16858.501257832115,21073.06776838329,True,1,14
3536,allmetal3536 26-02-16 03-32-44.fits,2026-02-16 03:32:44,623.0236152084659,559.791659896818,4.162684953326475,4.257791252845845,9.802373969241906,10.026332189758834,895.8073378268745,624.1921321935475,16851.948339131457,21067.557797511337,True,1,16
3537,allmetal3537 26-02-16 03-33-44.fits,2026-02-16 03:33:44,623.1047721550348,558.4412523399182,4.326409311887295,6.833540702093568,10.187915370640757,16.091758623824802,881.2982407326454,510.6414253482542,16868.05748831787,21085.86342604212,True,1,15
3538,allmetal3538 26-02-16 03-34-44.fits,2026-02-16 03:34:44,622.7830520642676,557.0744069870452,4.435045003455331,7.296459404478794,10.44373287475097,17.181848863421248,833.5781108628071,514.9630365449381,16846.95867536283,21058.5503687586,True,1,15
3539,allmetal3539 26-02-16 03-35-44.fits,2026-02-16 03:35:44,622.8683526539432,558.9114643167071,4.32898638470397,5.503152908804322,10.193983913366969,12.958934780522792,855.9822793586319,600.8229829330705,16874.087968444946,21093.586945541705,True,1,15
3540,allmetal3540 26-02-16 03-36-43.fits,2026-02-16 03:36:43,623.6038993405081,557.371830781349,4.155264068166838,6.854091483365215,9.784899120116119,16.14015201550432,894.6263228591266,543.8714641104851,16864.138155038287,21080.147392131075,True,1,16
3541,allmetal3541 26-02-16 03-37-43.fits,2026-02-16 03:37:43,623.2024929621455,558.3461441357329,4.732131778169223,5.655004309111811,11.143318766960837,13.316517501832887,776.5569920321283,555.1004347763388,16848.111498097118,21061.45063945401,True,1,15
3542,allmetal3542 26-02-16 03-38-43.fits,2026-02-16 03:38:43,622.8290560950314,556.5734292029207,4.466555690747311,7.330027705310491,10.517934872818827,17.260896171097357,848.2345989597429,460.46858120588684,16871.338413937243,21090.185067587754,True,1,17
3543,allmetal3543 26-02-16 03-39-44.fits,2026-02-16 03:39:44,622.8685402703923,557.3464439850235,4.275124293035328,7.033484111637593,10.067148380238358,16.562589372490905,877.8352011658773,524.7463910043066,16869.911709815944,21087.541550653215,True,1,16
3544,allmetal3544 26-02-16 03-40-44.fits,2026-02-16 03:40:44,623.8196157594709,558.0526080313699,3.7923229806878918,6.948454930449405,8.930238172155365,16.36236095221639,965.7611203208713,490.76929309851874,16830.883225668706,21039.22185173259,True,1,15
3545,allmetal3545 26-02-16 03-41-44.fits,2026-02-16 03:41:44,622.9867892715157,558.3049861213582,4.427920856357896,5.306318273244263,10.42695679036218,12.495424635149604,866.3229462871901,608.786918435138,16865.53011739874,21083.395063471857,True,1,16
3546,allmetal3546 26-02-16 03-42-44.fits,2026-02-16 03:42:44,622.3802242669132,556.0615758676182,4.375806695395814,8.146259789830406,10.3042373194987,19.18297584512225,847.032530282882,467.79403837337185,16847.47523912637,21059.08868330247,True,1,17
3547,allmetal3547 26-02-16 03-43-44.fits,2026-02-16 03:43:44,622.6078633743476,558.1643176821208,4.117273316119279,4.476753515134673,9.695437735668728,10.541948914101892,901.544528166109,604.337604331844,16876.442682341847,21098.01698351037,True,1,16
3548,allmetal3548 26-02-16 03-44-44.fits,2026-02-16 03:44:44,622.7535032658683,557.758555499152,3.9803087877844545,5.530923158729771,9.372910918887673,13.02432872170276,945.8620954088698,575.6961549777631,16867.83202163384,21086.21149089224,True,1,17
3549,allmetal3549 26-02-16 03-45-44.fits,2026-02-16 03:45:44,622.4810640153987,555.8804885018612,4.360950900965933,5.965380307309408,10.269254596990358,14.047397123885078,843.5619883697741,571.4719648999519,16881.094363529857,21102.028110211242,True,1,11
3550,allmetal3550 26-02-16 03-46-43.fits,2026-02-16 03:46:43,622.3913740081664,557.2745612938688,4.36033849867002,4.579701462837326,10.26781249978832,10.784372804946896,834.5514592176195,670.1017700010519,16830.473877383756,21039.487786663067,True,1,8
3551,allmetal3551 26-02-16 03-47-43.fits,2026-02-16 03:47:43,623.066023816481,557.084006647117,4.322691832122622,5.092519548151687,10.17916137477391,11.991967111699545,864.0604365713112,624.2566174439796,16875.774668336817,21096.079424678133,True,1,14
3552,allmetal3552 26-02-16 03-48-44.fits,2026-02-16 03:48:44,622.5251193838445,556.9936808592973,4.222383501875344,5.439108885031897,9.942953308024034,12.808122629579048,875.1125857973982,580.4217838388339,16863.6608248117,21080.893194779906,True,1,15
3553,allmetal3553 26-02-16 03-49-44.fits,2026-02-16 03:49:44,622.9152247251305,555.6025797266536,4.186968473079933,6.80279720101938,9.859557288321252,16.019363211240872,893.4214871483392,560.4973827127432,16861.607333144664,21076.83237462747,True,1,16
3554,allmetal3554 26-02-16 03-50-44.fits,2026-02-16 03:50:44,623.6997685028598,554.6429844310063,4.154999646461454,6.499596864098548,9.78427645458394,15.305380980199558,902.8928046455969,513.1415529009935,16837.28073100498,21047.61998064441,True,1,12
3555,allmetal3555 26-02-16 03-51-44.fits,2026-02-16 03:51:44,623.5043775447216,554.4686441235215,4.244775411560007,7.288232952192842,9.995682225796003,17.162477048678795,882.7970894074759,462.07507155931864,16848.698416860552,21061.80214935042,True,1,16
3556,allmetal3556 26-02-16 03-52-44.fits,2026-02-16 03:52:44,622.7961740988052,555.0901398369826,4.103834081262262,8.59448804856265,9.663790756037544,20.238472733534252,897.6460273669933,486.8260904176539,16831.962583534274,21038.72872517502,True,1,9
3557,allmetal3557 26-02-16 03-53-44.fits,2026-02-16 03:53:44,622.7510930415539,554.9530521334159,4.281204436013643,6.836145140935199,10.081466022800345,16.09789160861513,887.6223147716153,529.5700033234442,16871.1371722372,21089.36177798331,True,1,15
3558,allmetal3558 26-02-16 03-54-44.fits,2026-02-16 03:54:44,622.3849566440055,554.3554777124823,4.3829021876307905,6.5802323648925745,10.320945926842985,15.495263073810442,828.0312045821667,499.11528365213115,16856.162496370325,21071.0473578032,True,1,15
3559,allmetal3559 26-02-16 03-55-43.fits,2026-02-16 03:55:43,623.0487703083754,553.4638492380325,4.565087300016982,6.697742484778404,10.749959081396204,15.771978259611585,832.0601939881573,503.5494779397912,16845.819339386282,21058.316438813505,True,1,15
3560,allmetal3560 26-02-16 03-56-43.fits,2026-02-16 03:56:43,622.9706969499532,554.4252840120377,4.534663195470059,6.212531413814502,10.678315790156992,14.629393503634853,837.9541495643132,507.33907861210275,16857.03454219744,21072.87935415392,True,1,17
3561,allmetal3561 26-02-16 03-57-43.fits,2026-02-16 03:57:43,622.8215979184203,554.6358113730926,4.386405483960283,5.191085082867952,10.329195559263358,12.2240712085986,850.188535424631,584.1914874770265,16859.2758611148,21075.800224471495,True,1,16
3562,allmetal3562 26-02-16 03-58-44.fits,2026-02-16 03:58:44,622.8069813974669,554.4050117579865,4.281374175338749,6.468272370135176,10.081865728365537,15.23161743391416,857.1276603303803,541.7411121645732,16834.538645116143,21043.578565393287,True,1,13
3563,allmetal3563 26-02-16 03-59-44.fits,2026-02-16 03:59:44,623.0090314964999,553.2544893622077,4.364573193952613,6.931633353731525,10.277784445124366,16.3227491661721,825.0960788886574,520.8614037366417,16859.44308573256,21074.28126798592,True,1,15
3564,allmetal3564 26-02-16 04-00-44.fits,2026-02-16 04:00:44,622.5978747580662,553.070423001425,4.097491034667304,6.777701868973991,9.648854022769173,15.960268220303682,910.3527096559081,533.9337374752992,16840.80224241738,21051.275296905114,True,1,14
3565,allmetal3565 26-02-16 04-01-44.fits,2026-02-16 04:01:44,622.0467701075052,553.5190282385538,4.622194376757932,6.687730056464943,10.884435970418913,15.748400792719611,805.005564285953,529.8783016091754,16869.488364384935,21087.294242039552,True,1,15
3566,allmetal3566 26-02-16 04-02-44.fits,2026-02-16 04:02:44,623.1602592515148,553.3218949227714,4.378214586504966,6.506835151503566,10.309907469748783,15.32242584447259,876.7127426651443,506.80363750292094,16871.88708319747,21091.182541685834,True,1,14
3567,allmetal3567 26-02-16 04-03-44.fits,2026-02-16 04:03:44,622.8375569137926,551.8129369720423,4.415153215065111,8.176105292059562,10.396891292718164,19.25325663202548,857.0658564327006,484.4046325063106,16860.637285480727,21075.36463888454,True,1,16
3568,allmetal3568 26-02-16 04-04-44.fits,2026-02-16 04:04:44,622.9690136149328,552.4132673012307,4.253620092452938,6.976343437990458,10.01650985765458,16.428033368800058,889.0055090978094,484.36240078317394,16846.930629682374,21059.64834605008,True,1,16
3569,allmetal3569 26-02-16 04-05-43.fits,2026-02-16 04:05:43,623.1536508596247,553.7706662604231,3.8626189216850144,4.777960354526974,9.095772463099703,11.2512368172033,950.9009486635621,512.0587228854622,16826.255652005093,21035.82157474542,True,1,15
3570,allmetal3570 26-02-16 04-06-43.fits,2026-02-16 04:06:43,622.5266526184608,552.6247194204758,4.2793028764187735,8.24250462305861,10.076988192149527,19.409615107638682,855.8868617292306,447.2552980251026,16863.26580118126,21079.023735461848,True,1,15
3571,allmetal3571 26-02-16 04-07-43.fits,2026-02-16 04:07:43,622.9581226501704,551.6549449198741,4.420221264084547,7.131899901962753,10.408825636138332,16.794340848296155,861.0965300095944,467.7543570515759,16856.55717048476,21071.847602600523,True,1,16
3572,allmetal3572 26-02-16 04-08-44.fits,2026-02-16 04:08:44,623.2934676846785,554.0396348148488,4.390568671104759,5.161485621915912,10.338999115802384,12.154369804626626,842.593853879601,572.3118456906692,16855.24360427824,21070.879366983303,True,1,15
3573,allmetal3573 26-02-16 04-09-44.fits,2026-02-16 04:09:44,622.8006726357728,552.8090420006731,4.469818508927744,6.4728235867865065,10.5256182224734,15.242334730113992,816.9017153128027,513.516196016548,16870.302571466476,21088.679901246567,True,1,16
3574,allmetal3574 26-02-16 04-10-44.fits,2026-02-16 04:10:44,623.7205303175259,552.3323732671278,4.787061836949759,4.595280050610944,11.27266917045197,10.821057575709485,795.9130547858829,542.9189368763595,16774.444947800588,20971.27568542848,True,1,16
3575,allmetal3575 26-02-16 04-11-44.fits,2026-02-16 04:11:44,622.8735743152721,551.7103839203394,4.716127780768193,6.082006290567018,11.105632233080268,14.322030327031543,766.1822720592853,481.5685782115745,16794.341027771014,20994.601883329935,True,1,14
3576,allmetal3576 26-02-16 04-12-44.fits,2026-02-16 04:12:44,623.5244784864815,553.1442826233751,4.358909010180125,4.1671608227808115,10.264446311638173,9.812913836351917,864.4519030028148,610.4022802239874,16838.75613768657,21051.442410956588,True,1,14
3577,allmetal3577 26-02-16 04-13-44.fits,2026-02-16 04:13:44,623.670341009048,553.182741087096,4.403001871666736,5.021396344093354,10.368277065709616,11.824484765116155,843.5070333682885,533.5238044867536,16856.951152508314,21073.72232070063,True,1,14
3578,allmetal3578 26-02-16 04-14-44.fits,2026-02-16 04:14:44,624.0086808655325,552.5022079806708,4.309524500196792,5.539802907221382,10.14815467761539,13.04523893144564,875.8952687073757,525.768414377126,16860.499414049005,21077.734434207843,True,1,16
3579,allmetal3579 26-02-16 04-15-43.fits,2026-02-16 04:15:43,623.7112027236499,552.0831491416392,4.04982639528653,6.622451631296479,9.536612374516155,15.594681848624859,897.7853645156256,554.3153843881489,16859.264229106175,21073.994483408147,True,1,15
3580,allmetal3580 26-02-16 04-16-43.fits,2026-02-16 04:16:43,623.8753603449278,551.306541954463,4.205573627917565,6.142794004261623,9.903369079873814,14.465174453731201,872.091777906651,567.4863098544416,16858.001229967133,21072.94630408216,True,1,16
3581,allmetal3581 26-02-16 04-17-43.fits,2026-02-16 04:17:43,623.2993886901075,551.820790516453,4.2966195950590595,7.460181006817801,10.117765948317833,17.567383774413727,876.4826499347129,507.56852854736036,16852.6837946513,21065.80421768436,True,1,16
3582,allmetal3582 26-02-16 04-18-44.fits,2026-02-16 04:18:44,623.3122590989966,552.3048545013941,4.107932072220549,5.358971021374141,9.673440787290474,12.619412381871808,884.061661747981,575.0034893971143,16861.95372280308,21078.789070141618,True,1,16
3583,allmetal3583 26-02-16 04-19-44.fits,2026-02-16 04:19:44,624.3128869274339,550.8953757653409,3.942432195548725,7.192524722743554,9.283718360253513,16.93710139149719,953.8379887469235,535.502693540317,16826.537477156096,21032.94866158738,True,1,15
3584,allmetal3584 26-02-16 04-20-44.fits,2026-02-16 04:20:44,623.2574240830751,552.3965873213131,3.948730767440034,4.066173260919506,9.298550363598237,9.575106301382112,934.5273234247737,671.6556229021043,16863.206287793382,21081.35569076767,True,1,14
3585,allmetal3585 26-02-16 04-21-44.fits,2026-02-16 04:21:44,622.6046678773337,550.8108445138508,4.098132535849686,5.192895783328512,9.650364642612356,12.228335082338674,893.7735706314337,583.4576275814167,16870.25134028249,21089.363604256716,True,1,14
3586,allmetal3586 26-02-16 04-22-44.fits,2026-02-16 04:22:44,623.0643996884723,550.231529902398,3.9953622857928166,6.811047926976274,9.408359197745597,16.03879218611022,942.7750242373862,521.2461377536032,16870.650166915882,21088.842663076965,True,1,15
3587,allmetal3587 26-02-16 04-23-44.fits,2026-02-16 04:23:44,622.6207420444351,551.1552267142494,4.156725485222806,5.380184624463724,9.788340494293662,12.669366599654488,877.8120375590258,509.65546351798184,16822.076371423136,21029.815159887516,True,1,16
3588,allmetal3588 26-02-16 04-24-44.fits,2026-02-16 04:24:44,623.6448191592847,550.8077234712231,3.9975938718810355,5.994716279157695,9.413614181398348,14.116478058433888,923.0049144549452,557.4371924642314,16862.610192207387,21079.114898323503,True,1,14
3589,allmetal3589 26-02-16 04-25-44.fits,2026-02-16 04:25:44,623.3651188525199,549.1713420844411,3.8638774910942932,7.999225336892093,9.098736167572735,18.83673616803295,935.70102543528,458.66963782088345,16859.170664515867,21073.832203467864,True,1,17
3590,allmetal3590 26-02-16 04-26-44.fits,2026-02-16 04:26:44,622.8492486293824,549.9808311918067,3.9495018553753756,7.110039215996115,9.30036613692486,16.742862866783785,944.7883349302047,493.4915998713265,16855.11301465959,21069.43640769903,True,1,15
3591,allmetal3591 26-02-16 04-27-44.fits,2026-02-16 04:27:44,622.9255302193518,551.5450206065399,4.13803899838823,5.107010876296414,9.744337180524395,12.02609158169387,910.38938926955,613.6846535955862,16868.749189681443,21087.486319175838,True,1,15
3592,allmetal3592 26-02-16 04-28-44.fits,2026-02-16 04:28:44,623.0477997863132,549.3671559232354,4.8561913453667875,7.935142129480297,11.435456722575525,18.685831746669777,796.2236140728221,501.30307408709575,16825.50377770074,21031.607280718163,True,1,15
3593,allmetal3593 26-02-16 04-29-44.fits,2026-02-16 04:29:44,622.9927519336765,549.6633358673098,4.345867798388526,7.138099734820048,10.233736604699821,16.808940338984353,861.2958836839115,491.1037187727063,16862.79413650727,21079.07411712722,True,1,16
3594,allmetal3594 26-02-16 04-30-45.fits,2026-02-16 04:30:45,622.8568740346328,550.0802575236817,4.135377213933097,7.17516333657338,9.738069157133898,16.896218451334143,882.9878005295991,542.429336104143,16823.960217078195,21029.361479392293,True,1,18
3595,allmetal3595 26-02-16 04-31-45.fits,2026-02-16 04:31:45,622.3591799759289,550.6016903092388,4.452908119874465,7.437115116439832,10.485797299361467,17.5130677533952,822.9116478660145,462.1935384057955,16868.010809986376,21085.569091452315,True,1,14
3596,allmetal3596 26-02-16 04-32-45.fits,2026-02-16 04:32:45,622.657937247089,550.135855700172,4.17640915216153,6.765496655899859,9.834691987760683,15.931527139902842,879.3586177814061,497.8868570614494,16860.67597952939,21076.589397728105,True,1,17
3597,allmetal3597 26-02-16 04-33-45.fits,2026-02-16 04:33:45,622.4991914373942,549.907440102501,4.500842125591646,6.674143874968675,10.598673256862913,15.71640778019677,841.5642028053456,526.8754115067586,16859.98947244137,21075.65096315576,True,1,15
3598,allmetal3598 26-02-16 04-34-45.fits,2026-02-16 04:34:45,624.1315827946942,550.015324399458,4.065576866745665,7.852081080703507,9.573701900426812,18.4902379240489,926.0400260363946,479.2948320828728,16877.16783439555,21096.463281270684,True,1,16
3599,allmetal3599 26-02-16 04-35-45.fits,2026-02-16 04:35:45,623.9682121919253,549.9578143695996,4.250830668932941,7.327873439990055,10.009941267235607,17.25582326393848,891.5066758431979,497.1223299812091,16874.67404015539,21093.701885134575,True,1,15
3600,allmetal3600 26-02-16 04-36-45.fits,2026-02-16 04:36:45,623.627753066304,551.5047006021024,4.171141305101529,4.939514123843442,9.822287155909637,11.631666871540025,902.7073435317742,589.5396473413036,16867.586517736905,21086.5718746403,True,1,14
3601,allmetal3601 26-02-16 04-37-45.fits,2026-02-16 04:37:45,622.9742455699015,549.9988706963362,4.215082316989125,6.247231787757788,9.92576033150149,14.711106639766573,874.5810848351656,548.7191168096814,16882.537880587086,21103.805019180174,True,1,15
3602,allmetal3602 26-02-16 04-38-44.fits,2026-02-16 04:38:44,622.6183378238757,550.6216018013224,4.134037895636359,4.919234347309274,9.734915303562062,11.583911647248618,893.7005094362902,600.6461793707786,16876.525024831433,21097.46739941638,True,1,16
3603,allmetal3603 26-02-16 04-39-44.fits,2026-02-16 04:39:44,623.0875781144891,549.91018171729,4.051580846176793,6.148404624949806,9.540743790640567,14.4783864557928,931.5083064519362,545.2806373235738,16846.75764165052,21059.478772460603,True,1,16
3604,allmetal3604 26-02-16 04-40-45.fits,2026-02-16 04:40:45,623.6893313069941,550.6420196303645,4.305525372638196,5.4961506755793,10.138737451877772,12.94244578136453,868.3364181355876,565.0106263179246,16878.66141252484,21099.876911908254,True,1,14
3605,allmetal3605 26-02-16 04-41-45.fits,2026-02-16 04:41:45,623.3705948505354,549.316713459333,4.1241292106960525,6.4643272769003515,9.711582133644733,15.22232744928528,903.7359882857938,483.5796251102667,16849.62225439726,21063.499255328967,True,1,16
3606,allmetal3606 26-02-16 04-42-45.fits,2026-02-16 04:42:45,623.7594296610943,548.0427570075794,4.234270503754227,8.524965370136728,9.97094505832375,20.074759336792653,882.4380963070109,418.3908272501543,16864.01564809678,21080.435000179215,True,1,15
3607,allmetal3607 26-02-16 04-43-45.fits,2026-02-16 04:43:45,623.520279658103,548.7663663814651,4.2247583694531015,7.435618854422834,9.948545693800433,17.509544325604953,883.9706973806674,520.8914373517422,16867.267843584017,21083.745558785235,True,1,16
3608,allmetal3608 26-02-16 04-44-45.fits,2026-02-16 04:44:45,623.1914422637275,549.572972329088,4.32733139077634,5.451133131343866,10.190086700491783,12.836437565820862,860.8513215460379,603.1243355667156,16873.290887542764,21092.6845024459,True,1,13
3609,allmetal3609 26-02-16 04-45-45.fits,2026-02-16 04:45:45,622.7878843558185,550.3074639445696,4.470333266216688,5.32676277460388,10.526830383255732,12.543567756761894,823.782017521488,553.6076122615335,16880.54464097717,21102.47667241171,True,1,17
3610,allmetal3610 26-02-16 04-46-45.fits,2026-02-16 04:46:45,622.6235230182835,549.6634767125244,4.466584336772994,4.6646705896463585,10.518002329054314,10.984459807965584,819.903570655205,609.069869246373,16876.347894545528,21097.444719283583,True,1,13
3611,allmetal3611 26-02-16 04-47-44.fits,2026-02-16 04:47:44,622.6247517074719,549.4787534421978,4.254671586666369,5.03882726675631,10.0189859373056,11.86553145120627,870.876332335428,569.9332319501946,16849.9087565118,21064.426247189174,True,1,12
3612,allmetal3612 26-02-16 04-48-44.fits,2026-02-16 04:48:44,623.05379418612,550.0854815509806,4.037170877147189,5.646126840289814,9.506810906721382,13.295612660301712,933.2007140478058,588.4937875913009,16879.629922788667,21100.626171594584,True,1,13
3613,allmetal3613 26-02-16 04-49-45.fits,2026-02-16 04:49:45,622.764442719259,550.5393404297039,4.448196588440407,4.402418502718659,10.474702490697753,10.366903336817037,849.7993364709599,599.9484313802511,16876.461529959837,21098.36468069618,True,1,16
3614,allmetal3614 26-02-16 04-50-45.fits,2026-02-16 04:50:45,622.893199660091,548.1947859932857,4.766227717246912,7.730850476483258,11.223608567755132,18.204761667159843,785.1176807094985,485.7159374144419,16871.723494171125,21089.622673447233,True,1,16
3615,allmetal3615 26-02-16 04-51-44.fits,2026-02-16 04:51:44,623.0344436853666,548.8077357150704,4.590237397803397,5.758368757346336,10.809183035798142,13.55992217647911,829.0701484640887,553.7169872596692,16858.07320565898,21074.10214762525,True,1,16
3616,allmetal3616 26-02-16 04-52-44.fits,2026-02-16 04:52:44,623.2942249669655,547.8871467052111,4.314302141679503,8.261224523258546,10.159405163546849,19.45369710387047,857.1348210780708,461.648427796008,16863.880970749604,21079.567644440056,True,1,17
3617,allmetal3617 26-02-16 04-53-44.fits,2026-02-16 04:53:44,623.4892154774458,549.192256549036,4.260663653921301,6.161754539294552,10.033096177388687,14.509823101691254,837.7155560337876,534.0510876130761,16860.790063785254,21076.66939363282,True,1,15
3618,allmetal3618 26-02-16 04-54-45.fits,2026-02-16 04:54:45,623.0742408012431,549.8775571432519,4.278995952807894,4.828110189610383,10.076265442278334,11.369330654112707,884.1263720542001,585.2362691251027,16874.211711844622,21095.10869945241,True,1,15
3619,allmetal3619 26-02-16 04-55-45.fits,2026-02-16 04:55:45,623.5244442080692,547.0485734450589,4.478776344527268,7.646837494398935,10.546712313303251,18.00692621290485,829.9495018842362,456.9529272342541,16868.280832939796,21085.896706277726,True,1,17
3620,allmetal3620 26-02-16 04-56-45.fits,2026-02-16 04:56:45,623.2205752496739,548.3097696345819,4.328268975896096,5.773415038644072,10.192294544725705,13.595353461282194,875.3859171950435,610.1570311703822,16854.002829547688,21068.155201326354,True,1,15
3621,allmetal3621 26-02-16 04-57-45.fits,2026-02-16 04:57:45,622.9800156418837,546.3464696085902,4.283316209425118,6.8748454461813875,10.086438869160252,16.189023863157672,866.3953836673226,479.97564840694804,16870.415459918164,21089.026105738063,True,1,16
3622,allmetal3622 26-02-16 04-58-45.fits,2026-02-16 04:58:45,623.4538047629243,547.5496488750348,4.723731908701518,7.203051741327269,11.123538585962642,16.961890625872538,786.0848948689471,489.5676055459949,16873.64707169976,21092.51628335965,True,1,16
3623,allmetal3623 26-02-16 04-59-45.fits,2026-02-16 04:59:45,622.361854357909,549.4951595057995,4.169807332039412,3.9032535177167302,9.81914588940343,9.191459624356922,868.0213108250614,691.8338653857014,16869.546332043865,21089.182708544664,True,1,13
3624,allmetal3624 26-02-16 05-00-45.fits,2026-02-16 05:00:45,623.2463511747407,547.3553270478292,4.259222185664647,5.638898073863849,10.029701779043641,13.278590216221001,891.0215455407676,553.1983067135124,16883.21812380474,21105.67651501413,True,1,15
3625,allmetal3625 26-02-16 05-01-45.fits,2026-02-16 05:01:45,623.5711484233797,548.3460850063833,4.0484847370107335,5.493278397821108,9.533453010714727,12.935682084124641,940.0084432554099,559.501245234359,16870.531836548074,21089.956921602094,True,1,15
3626,allmetal3626 26-02-16 05-02-45.fits,2026-02-16 05:02:45,623.1741583706987,546.3278781063162,4.341361513139404,6.4697430265778,10.223125113866562,15.235080565184605,874.0651453670783,532.7914492061386,16887.510364200003,21110.23886010925,True,1,15
3627,allmetal3627 26-02-16 05-03-45.fits,2026-02-16 05:03:45,623.4459519598641,548.8609880206509,4.209306676451911,4.778975927929355,9.912159737391566,11.253628309808425,894.7158133729589,577.1571505712984,16861.318518674972,21079.115397852063,True,1,15
3628,allmetal3628 26-02-16 05-04-45.fits,2026-02-16 05:04:45,622.8713134617633,547.3475678027913,4.0741410725021865,7.487105718230055,9.59386906381204,17.630786624553977,896.0573665352058,472.7425233158784,16875.721204761136,21094.923687740702,True,1,16
3629,allmetal3629 26-02-16 05-05-45.fits,2026-02-16 05:05:45,623.8821236115459,547.9356070310846,3.9707840152243836,5.708920473437486,9.350481793538856,13.443480366338168,925.9321547812802,578.3035959502595,16868.631983186926,21086.708392281562,True,1,14
3630,allmetal3630 26-02-16 05-06-46.fits,2026-02-16 05:06:46,623.7912821527033,548.9751569045405,4.596960793897262,4.649408826823043,10.825015423690658,10.948521102946732,823.9676524907251,608.2835653938795,16863.70275491091,21081.97739912319,True,1,16
3631,allmetal3631 26-02-16 05-07-46.fits,2026-02-16 05:07:46,623.6766039867329,547.8469037665836,4.622721008141905,5.80722280938245,10.885676092558237,13.674964677494737,813.4089893483317,566.5256233454501,16878.164585584756,21098.856779336897,True,1,15
3632,allmetal3632 26-02-16 05-08-46.fits,2026-02-16 05:08:46,623.7835237325553,547.8025632210765,4.452769794461462,5.083469223642539,10.48547156790619,11.970655226131369,870.3527164729998,572.7739248381698,16876.517665262345,21098.0063515754,True,1,16
3633,allmetal3633 26-02-16 05-09-46.fits,2026-02-16 05:09:46,623.3324154151242,547.515161461584,4.192855571750479,6.054960033146359,9.87342034627773,14.258341257914307,877.7889964257325,535.1727597361951,16881.85038968957,21103.390036324672,True,1,16
3634,allmetal3634 26-02-16 05-10-46.fits,2026-02-16 05:10:46,623.2626329956767,546.9895098177343,4.435319340105552,6.228218997937709,10.444378888193997,14.66633494118629,816.5987878783328,493.7704974280357,16864.3236736002,21081.742518538533,True,1,15
3635,allmetal3635 26-02-16 05-11-46.fits,2026-02-16 05:11:46,623.5581136995564,546.5706081180047,4.327190838721139,7.715630867613807,10.189755725694823,18.168922227116525,867.8783042112972,489.0650238539301,16874.8651719234,21093.537476131416,True,1,16
3636,allmetal3636 26-02-16 05-12-46.fits,2026-02-16 05:12:46,624.1679919197438,547.1066157119479,4.18153949558278,6.025868844708472,9.846773023286936,14.189836744246998,886.9609261670375,517.9283719867211,16868.808797878377,21087.450090073176,True,1,17
3637,allmetal3637 26-02-16 05-13-45.fits,2026-02-16 05:13:45,624.1736875521148,546.0207123319678,4.305042888140747,6.545874452317105,10.137601287711762,15.414356372572307,866.0984885367363,531.1820880003646,16842.464693770435,21053.696606407957,True,1,15
3638,allmetal3638 26-02-16 05-14-45.fits,2026-02-16 05:14:45,624.3806767337086,547.7291505774123,4.736222923677607,4.8706031738970585,11.152952678411117,11.469393985284157,804.2595555690638,603.811911295231,16866.782711336626,21085.603697422608,True,1,15
3639,allmetal3639 26-02-16 05-15-46.fits,2026-02-16 05:15:46,623.2391337080653,546.5112103801522,3.9073054734673063,6.638531352853333,9.201001250979957,15.632546699265454,935.8169666180089,539.0492022375732,16880.030044274517,21100.228557763778,True,1,16
3640,allmetal3640 26-02-16 05-16-46.fits,2026-02-16 05:16:46,624.2818520130054,545.5232079204393,4.187124822416008,7.088239628706494,9.85992546287187,16.691528761660784,876.8035215607255,503.5667485565379,16870.819883777,21088.774254428423,True,1,16
3641,allmetal3641 26-02-16 05-17-46.fits,2026-02-16 05:17:46,623.635274765665,546.4646138156213,4.289336458909593,6.563362414499233,10.10061547332238,15.455537376465523,861.8206791377024,517.9991973947633,16883.517891012285,21105.12394912011,True,1,15
3642,allmetal3642 26-02-16 05-18-46.fits,2026-02-16 05:18:46,623.2504784026539,546.8204937018625,3.945891706290008,4.628058770881082,9.291864885493085,10.89824556325207,943.9826478751847,636.6813354929028,16865.261076088325,21083.481418473373,True,1,15
3643,allmetal3643 26-02-16 05-19-46.fits,2026-02-16 05:19:46,622.9664402199542,545.9691076479818,4.36519046866693,5.410128048320376,10.279238015994931,12.73987797436899,850.0728566046702,572.9481698026948,16876.552015181944,21097.185690187795,True,1,15
3644,allmetal3644 26-02-16 05-20-46.fits,2026-02-16 05:20:46,622.6588096176441,547.9079294315211,4.096807190902006,4.993910700891572,9.647243693762979,11.75976102155403,900.7267095235358,589.7653879035837,16885.14006392809,21108.24842670442,True,1,17
3645,allmetal3645 26-02-16 05-21-46.fits,2026-02-16 05:21:46,623.281879208419,545.4167201137384,4.1346952736475355,6.605125670992387,9.736463310479943,15.553882330001372,892.4850219942455,529.4160927193582,16873.003247377157,21091.7272189991,True,1,15
3646,allmetal3646 26-02-16 05-22-47.fits,2026-02-16 05:22:47,623.9491600346278,546.0802348175097,4.065784128596017,7.019970879194247,9.574189964786592,16.53076814186015,907.5809542222447,467.53897077244636,16866.78239912632,21084.476533536443,True,1,15
3647,allmetal3647 26-02-16 05-23-47.fits,2026-02-16 05:23:47,623.766847424742,547.7421104899936,4.419141411762468,5.848692102363264,10.406282778244629,13.77261739985922,844.027181762563,491.58007277275533,16852.596553655716,21067.838077923054,True,1,16
3648,allmetal3648 26-02-16 05-24-47.fits,2026-02-16 05:24:47,623.4435757781988,546.2033693093942,4.181757890945685,6.951919455335053,9.847287305065247,16.370519284863622,880.4349312382111,529.9884214133951,16868.129048391143,21085.15477194172,True,1,15
3649,allmetal3649 26-02-16 05-25-47.fits,2026-02-16 05:25:47,623.900600335639,547.7387252461956,4.118079770500441,4.983759674677312,9.69733679061089,11.735857181547058,892.0228296460834,551.1515754503351,16865.40476455596,21084.02419518565,True,1,15
3650,allmetal3650 26-02-16 05-26-47.fits,2026-02-16 05:26:47,623.4522569041309,547.6852640513085,4.604256187334552,5.40998927963086,10.842194762393177,12.739551199077296,824.2229160909511,548.312285747257,16874.052744129083,21094.594169082702,True,1,16
3651,allmetal3651 26-02-16 05-27-47.fits,2026-02-16 05:27:47,623.5653555640195,546.6372637679343,4.04629473921428,5.974491781486321,9.528295960005064,14.068853005916656,910.1307599993926,565.7893809057944,16879.084333648847,21099.595541381226,True,1,15
3652,allmetal3652 26-02-16 05-28-47.fits,2026-02-16 05:28:47,623.1422460902073,547.751924495607,4.349211961998753,5.969388313618277,10.241611508203047,14.056835257481813,871.9750431006976,563.0389113208813,16886.55379076669,21109.248269154126,True,1,16
3653,allmetal3653 26-02-16 05-29-47.fits,2026-02-16 05:29:47,622.915681974266,547.0619193886912,4.264356590225608,5.190738134934593,10.041792377823093,12.223254208650545,879.9974471933489,565.955332816775,16869.784819765027,21089.22579402794,True,1,12
3654,allmetal3654 26-02-16 05-30-47.fits,2026-02-16 05:30:47,623.959767667427,547.6500983864047,4.080088662514948,4.54359991411582,9.607874567993715,10.699360154360832,904.1862853792555,620.1774715498212,16856.244255236375,21072.4382097488,True,1,15
3655,allmetal3655 26-02-16 05-31-48.fits,2026-02-16 05:31:48,622.929214160042,546.9558536406464,4.301720675077309,4.20265488310483,10.129778073796114,9.896495961082454,875.9713871373015,680.039313486862,16853.99497099307,21069.721806821944,True,1,13
3656,allmetal3656 26-02-16 05-32-48.fits,2026-02-16 05:32:48,623.1763761574576,546.309700932336,4.096628127310182,6.601811885519859,9.646822031227616,15.54607896154573,911.9349755094911,535.3625903558129,16878.838743371023,21099.0416654916,True,1,15
3657,allmetal3657 26-02-16 05-33-48.fits,2026-02-16 05:33:48,623.0767556791105,545.9448918390337,4.450361083087199,6.97045429179635,10.479799486079383,16.414165489294053,851.7636035484333,521.61908934346,16877.554871480974,21097.32235843331,True,1,17
3658,allmetal3658 26-02-16 05-34-48.fits,2026-02-16 05:34:48,622.774062287827,547.422358784362,4.3562458814396425,5.507691342638307,10.258175122697587,12.969621975488108,857.3114417572566,554.8614697215312,16883.546560202427,21106.09446254609,True,1,14
3659,allmetal3659 26-02-16 05-35-48.fits,2026-02-16 05:35:48,623.4253893637567,546.6102103438119,4.189727573005865,7.592882169106792,9.866054472133081,17.87987113137075,889.7699288291657,473.6908614407701,16853.0629347527,21066.64986616526,True,1,17
3660,allmetal3660 26-02-16 05-36-48.fits,2026-02-16 05:36:48,622.7734012503087,547.4426982793583,4.180481127910215,4.958808554443366,9.844280757876566,11.677101783474184,881.3393980774542,566.7881592961179,16852.69650143091,21068.009653955538,True,1,15
3661,allmetal3661 26-02-16 05-37-48.fits,2026-02-16 05:37:48,623.4270472958706,546.4638539828525,4.202376337201287,4.9820730358675265,9.89584003560533,11.731885450669047,893.4235063381352,606.2659185005803,16883.081921582238,21105.649244937093,True,1,15
3662,allmetal3662 26-02-16 05-38-47.fits,2026-02-16 05:38:47,622.6512675836486,546.7568148407083,4.313280392415865,5.263201845077211,10.156999127899837,12.393893205831695,881.5670619707398,572.4807402721308,16838.23412619883,21049.724925991915,True,1,15
3663,allmetal3663 26-02-16 05-39-47.fits,2026-02-16 05:39:47,622.4373422644942,545.2989778469818,4.21133984351322,6.136569858884161,9.916947479942431,14.450517711433166,882.5445998459326,528.2836816587378,16847.42705205386,21060.446179488667,True,1,16
3664,allmetal3664 26-02-16 05-40-48.fits,2026-02-16 05:40:48,623.4795211489339,545.9956614434705,3.9002264624925944,6.587032590152386,9.18433145403771,15.511276380562974,968.5533099805954,522.7080471360268,16877.322670355567,21097.472110196897,True,1,18
3665,allmetal3665 26-02-16 05-41-48.fits,2026-02-16 05:41:48,623.1794089186976,545.8721988089502,4.2336535931019315,5.517904388063809,9.96949234475373,12.993671859576892,891.1045027220661,591.8771171232996,16838.17923791967,21048.964403511745,True,1,15
3666,allmetal3666 26-02-16 05-42-48.fits,2026-02-16 05:42:48,623.3012404392936,547.637649133872,4.1518671592037615,4.872010957688171,9.776900010798721,11.472709062774538,883.5017191868443,625.9287992355071,16864.996274883666,21082.759723545423,True,1,14
3667,allmetal3667 26-02-16 05-43-48.fits,2026-02-16 05:43:48,623.6231703016036,546.9699312746709,4.1827308871844355,5.164204038654438,9.849578536111995,12.160771186853253,899.7307465958213,579.8056355502799,16884.366192691137,21107.340397324147,True,1,17
3668,allmetal3668 26-02-16 05-44-48.fits,2026-02-16 05:44:48,622.859560784945,546.2480732917763,4.391691326112608,5.155947470910807,10.34164276631852,12.141328455627395,842.6537322456461,644.0326502635688,16860.327174354206,21076.339349451213,True,1,6
3669,allmetal3669 26-02-16 05-45-48.fits,2026-02-16 05:45:48,622.4843664170288,544.3460925067286,4.524920253795222,7.5157799493929875,10.65537291580352,17.6983092788723,808.8511222827218,482.18157151237625,16877.261541807897,21096.665090649705,True,1,17
3670,allmetal3670 26-02-16 05-46-48.fits,2026-02-16 05:46:48,622.9428555715533,547.3283247311654,4.032522399148957,3.5289608860418107,9.495864577552258,8.310067832581435,925.3447427278152,674.9186146727826,16832.780143170166,21044.279110874944,True,1,6
3671,allmetal3671 26-02-16 05-47-48.fits,2026-02-16 05:47:48,622.7104582893701,546.4378951594344,4.178820815053706,4.930863167175842,9.840371019881037,11.611295425370464,897.7088383362,617.0249462150904,16856.530253107427,21072.39811496483,True,1,13
3672,allmetal3672 26-02-16 05-48-48.fits,2026-02-16 05:48:48,622.9409007603841,546.0363390531,4.075618984054241,7.291010061499657,9.5973492795596,17.169016641341727,919.1398401917348,493.4093124436136,16882.641414531383,21103.665551182756,True,1,16
3673,allmetal3673 26-02-16 05-49-48.fits,2026-02-16 05:49:48,622.8373063516092,547.7006180456053,4.436906190476643,4.700318350829317,10.448115635256306,11.06840387055969,861.2713631058446,589.4840645003645,16864.276734559116,21082.917702816783,True,1,16
3674,allmetal3674 26-02-16 05-50-49.fits,2026-02-16 05:50:49,623.3305149630717,546.691958499016,4.238688677110264,6.1707570961891784,9.981349061504966,14.531022503123252,847.6376474853164,552.2764460456161,16887.35391031457,21109.64502106225,True,1,15
3675,allmetal3675 26-02-16 05-51-49.fits,2026-02-16 05:51:49,623.5577031437458,547.3921005163229,4.1534168790359765,6.362402451944285,9.780549322123804,14.982312828392464,898.394319403788,547.2695092263702,16873.026368661736,21091.89360204339,True,1,15
3676,allmetal3676 26-02-16 05-52-49.fits,2026-02-16 05:52:49,623.3333711252061,544.4096149015252,4.120150651188799,7.204173636354016,9.702213341966702,16.96453248676994,906.9537847846676,450.9098399237209,16816.34552028919,21021.627330562947,True,1,14
3677,allmetal3677 26-02-16 05-53-49.fits,2026-02-16 05:53:49,622.702044384134,547.1957913366401,4.704468611761546,4.457273901808622,11.078176988195011,10.496077930172255,800.2034082423372,672.4464432607459,16881.302904769513,21103.50677562276,True,1,14
3678,allmetal3678 26-02-16 05-54-49.fits,2026-02-16 05:54:49,622.8635817311493,546.8633340055668,4.335854421304561,4.694941218854361,10.210156903624048,11.055741692400288,887.8733830852694,647.2572982533,16868.071295988157,21087.07399445356,True,1,16
3679,allmetal3679 26-02-16 05-55-49.fits,2026-02-16 05:55:49,622.2317592711842,546.650941960105,4.276924406098472,6.626394194282908,10.07138732256277,15.603965874974099,851.9521323045095,498.51180486888893,16878.998836829633,21099.581801984274,True,1,15
3680,allmetal3680 26-02-16 05-56-49.fits,2026-02-16 05:56:49,622.5112151803237,545.8677693030352,4.327825190235655,4.608294198693664,10.191249509356801,10.851703552483677,867.5136770871334,618.6493567405689,16840.31952783403,21052.611140319907,True,1,6
3681,allmetal3681 26-02-16 05-57-48.fits,2026-02-16 05:57:48,622.4704721775969,545.7001565920336,4.353499174035249,6.077295616272579,10.251707121043886,14.310937536777386,864.8472309089319,552.4931281347217,16847.73458166847,21060.66560965729,True,1,16
3682,allmetal3682 26-02-16 05-58-48.fits,2026-02-16 05:58:48,622.6693977344048,545.4470406130434,4.355566007808863,5.85828649952957,10.25657414264374,13.795210478626425,867.0478042981972,580.6438493970517,16879.38262387809,21100.146004223643,True,1,13
3683,allmetal3683 26-02-16 05-59-48.fits,2026-02-16 05:59:48,622.8310780255499,546.9148042274174,4.186424707892364,6.216673794981379,9.858276819157776,14.639148065840773,895.2549297897923,495.0101960960155,16853.699503419255,21068.76592810769,True,1,15
3684,allmetal3684 26-02-16 06-00-49.fits,2026-02-16 06:00:49,623.2217961674974,546.5600157333123,4.18645830505547,6.596691507014446,9.858355934430913,15.534021391603039,885.6777498661835,521.2927982392075,16862.5787428813,21078.88201871154,True,1,16
3685,allmetal3685 26-02-16 06-01-49.fits,2026-02-16 06:01:49,623.3137895226342,547.1461376795656,4.413930415411402,4.420318927658832,10.394011819582554,10.40905561628073,855.833302930407,611.9810797229898,16851.20858551359,21066.635928322616,True,1,15
3686,allmetal3686 26-02-16 06-02-49.fits,2026-02-16 06:02:49,623.9667077810828,545.6266780982469,4.348199900960474,6.657553900827036,10.239228286583314,15.677341376541493,875.4652406178756,540.6687304153802,16853.809393333187,21067.768860595548,True,1,15
3687,allmetal3687 26-02-16 06-03-49.fits,2026-02-16 06:03:49,623.411237709532,545.2772874540442,4.096768627836853,7.631466469965282,9.647152884684157,17.970730216455827,902.8994585628583,472.8228166342628,16860.311763097838,21075.61157642457,True,1,16
3688,allmetal3688 26-02-16 06-04-49.fits,2026-02-16 06:04:49,623.3225183970898,547.366719232912,4.2453600455796545,4.96393034227869,9.997058933704475,11.6891626721352,886.5179804445356,594.5002541798842,16852.174284272915,21067.206830983898,True,1,14
3689,allmetal3689 26-02-16 06-05-49.fits,2026-02-16 06:05:49,623.4004746245073,545.5658425717905,4.350090983497295,6.952230229970128,10.243681445647827,16.371251103203786,867.3934191593115,500.1337723860087,16874.66163218472,21094.052090162484,True,1,16
3690,allmetal3690 26-02-16 06-06-49.fits,2026-02-16 06:06:49,622.8894033160418,546.4751415955162,4.478277224542079,5.384538162390216,10.545536975557255,12.679618398030593,849.2669324774981,548.9270041763218,16855.157546159982,21071.021594381335,True,1,16
3691,allmetal3691 26-02-16 06-07-48.fits,2026-02-16 06:07:48,623.004108756567,546.7735224704145,3.9684219629381974,4.592844916760488,9.344919585467935,10.8153232737061,932.1319923680429,689.644579873579,16854.761522434568,21069.753348474107,True,1,12
3692,allmetal3692 26-02-16 06-08-48.fits,2026-02-16 06:08:48,622.5116411163069,546.0052769542868,4.05949334246114,6.297062067294701,9.55937629549718,14.82844798086959,894.2202133170468,538.6494233748774,16881.76229399882,21102.785884120047,True,1,13
3693,allmetal3693 26-02-16 06-09-49.fits,2026-02-16 06:09:49,622.6935020211465,546.1990885813614,4.399003455943127,6.270418031545838,10.358861516215297,14.765706071407648,851.6958574716854,555.3435374064117,16870.69893269658,21089.020828532735,True,1,15
3694,allmetal3694 26-02-16 06-10-49.fits,2026-02-16 06:10:49,623.4023247162189,545.176282606132,4.504617709689449,7.196499178230426,10.60756407797812,16.946460518945763,836.8649648092909,514.1714077685982,16865.46689153444,21082.003797372607,True,1,15
3695,allmetal3695 26-02-16 06-11-49.fits,2026-02-16 06:11:49,622.594072364454,546.5530156619977,4.206540571376057,5.04438653153113,9.905646057712282,11.878622519333648,894.009884525317,594.3040399396538,16873.640899213933,21093.918340663935,True,1,16
3696,allmetal3696 26-02-16 06-12-49.fits,2026-02-16 06:12:49,622.7171478510899,546.3041754890338,4.076665805478542,5.472836828968016,9.59981435563311,12.8875458680375,943.5336255501835,568.5127089460248,16886.648692470648,21110.110286796556,True,1,17
3697,allmetal3697 26-02-16 06-13-49.fits,2026-02-16 06:13:49,622.4992920018759,546.196340367036,4.18592420159799,5.178407806335715,9.857098216903118,12.194218503704088,905.6999032487569,587.9217653988189,16880.54757272059,21102.512278863553,True,1,17
3698,allmetal3698 26-02-16 06-14-49.fits,2026-02-16 06:14:49,623.2774235047216,546.5373343527198,4.448600670737947,4.8199940374045225,10.475654031791843,11.350218576209825,863.7156123618946,581.7459785714688,16879.90056044093,21102.4173670334,True,1,15
3699,allmetal3699 26-02-16 06-15-49.fits,2026-02-16 06:15:49,622.9348860290867,545.5530042831433,4.420753710369977,5.116436566257624,10.410079451324167,12.048287385352774,844.0232672806661,578.6062179309255,16870.09782888709,21089.50915291902,True,1,15
3700,allmetal3700 26-02-16 06-16-49.fits,2026-02-16 06:16:49,622.9101078939908,547.084898311983,4.4694961279251375,5.386059502805459,10.524859073226326,12.683200880935724,844.1976854401253,568.2009467479171,16875.02120694221,21095.521293726935,True,1,13
3701,allmetal3701 26-02-16 06-17-48.fits,2026-02-16 06:17:48,622.9330469415323,545.3700209704986,4.312182039773384,5.80089779658267,10.15441270508081,13.660070410568737,846.2694673524106,534.4311224753551,16881.861438792723,21103.670898754357,True,1,15
3702,allmetal3702 26-02-16 06-18-48.fits,2026-02-16 06:18:48,623.0355528930522,545.2788016774253,4.243858578348062,6.005749834026914,9.993523248570565,14.142460094607873,865.0305485478863,546.6849939145658,16874.121874119282,21093.601664433347,True,1,16
3703,allmetal3703 26-02-16 06-19-48.fits,2026-02-16 06:19:48,623.0512347972789,544.9090089828363,4.4201464661723495,6.203463998026007,10.408649500515363,14.608041371179475,823.0100305753743,537.609369893966,16876.171347888347,21095.955364732297,True,1,16
3704,allmetal3704 26-02-16 06-20-49.fits,2026-02-16 06:20:49,623.2944882987756,545.4542515161288,4.564296828907562,6.388432924625655,10.748097664182724,15.043609907244184,837.6895964090735,550.422332853119,16875.54062273925,21095.177590188177,True,1,14
3705,allmetal3705 26-02-16 06-21-49.fits,2026-02-16 06:21:49,623.4075070846972,546.342225343012,4.474974158406746,5.111205054998672,10.537758849211707,12.03596811777439,835.3742014406647,595.1586409074185,16847.02228652532,21060.48231665636,True,1,16
3706,allmetal3706 26-02-16 06-22-49.fits,2026-02-16 06:22:49,622.8502946822974,544.9333121250403,4.473195630708656,6.836000091484468,10.533570736537602,16.09755004326103,841.5068688468047,529.3649033127027,16870.983974654304,21089.086101234945,True,1,17
3707,allmetal3707 26-02-16 06-23-49.fits,2026-02-16 06:23:49,622.9350578428345,546.5180207811941,4.226399645427526,5.659017606925108,9.952410603364436,13.325968095970318,896.6322473395919,612.0608110586043,16838.65942691215,21049.121957601343,True,1,14
3708,allmetal3708 26-02-16 06-24-49.fits,2026-02-16 06:24:49,622.7942253218347,545.3653432076027,4.160132358872253,7.46832230706942,9.796363068654268,17.586555071438855,898.7738929037071,493.84481552534123,16861.591149117714,21077.11335253596,True,1,15
3709,allmetal3709 26-02-16 06-25-49.fits,2026-02-16 06:25:49,622.4588470993955,545.7023650496886,4.068207667720892,5.967525988489311,9.579896963297765,14.05244981693776,911.7779881570741,567.3026451325351,16880.39777985882,21101.290114722426,True,1,16
3710,allmetal3710 26-02-16 06-26-49.fits,2026-02-16 06:26:49,623.1513124624722,546.4097443560523,4.212940547658759,5.562972339861525,9.92071685015051,13.099798775858641,895.4220324141475,563.0148094604168,16877.408668979002,21098.328271930717,True,1,17
3711,allmetal3711 26-02-16 06-27-49.fits,2026-02-16 06:27:49,623.2010527443161,544.3586285372427,4.215784963189739,7.236057202525149,9.92741493685926,17.039612547496798,903.7996654251488,513.9668426214582,16844.11342358082,21055.364858517245,True,1,10
3712,allmetal3712 26-02-16 06-28-49.fits,2026-02-16 06:28:49,623.2593002559782,546.2883810067328,4.096691594629281,5.171469594146026,9.646971485342835,12.17788026256313,886.8193888724198,622.4760866031171,16872.86121520808,21092.08971914698,True,1,14
3713,allmetal3713 26-02-16 06-29-49.fits,2026-02-16 06:29:49,623.3101797651378,546.7517339589351,4.1986273367594205,5.184234321645376,9.887011814215994,12.207938898747958,888.0119386008079,559.3070950220031,16860.11500697806,21077.172688634506,True,1,15
3714,allmetal3714 26-02-16 06-30-49.fits,2026-02-16 06:30:49,622.9397308005515,545.514184544013,4.619918851326063,6.326556776163534,10.879077517518972,14.897902712536272,825.5001075102149,537.0535682514162,16878.39168959777,21099.00803647798,True,1,15
3715,allmetal3715 26-02-16 06-31-50.fits,2026-02-16 06:31:50,623.4024025688277,545.3141471043102,4.493066453594184,7.072300299050162,10.580362948579705,16.6539945086817,825.7210556248954,521.935096743392,16871.725281274707,21089.702469525062,True,1,16
3716,allmetal3716 26-02-16 06-32-50.fits,2026-02-16 06:32:50,623.3134124261275,544.8006794479817,4.695603986374511,7.588751091599173,11.057302390641931,17.87014318724823,803.834801163975,534.4977058909052,16840.093560075085,21049.427431060398,True,1,15
3717,allmetal3717 26-02-16 06-33-50.fits,2026-02-16 06:33:50,622.8599279533133,545.8333926169729,3.9518130354108334,6.038147094909874,9.305808550000032,14.218749813939166,944.4419126965821,573.2127150630477,16881.648138206554,21102.723829922335,True,1,15
3718,allmetal3718 26-02-16 06-34-50.fits,2026-02-16 06:34:50,622.7988868503455,545.736720792516,4.505253186886548,6.9745901892869435,10.609060512420008,16.423904783609096,834.1231238817943,514.9608382587368,16847.818946651314,21060.1807534987,True,1,15
3719,allmetal3719 26-02-16 06-35-50.fits,2026-02-16 06:35:50,623.0990978476701,545.4209740164282,4.075629829458088,6.41388842153221,9.597374818533975,15.103553021615964,906.0642818874699,557.5665926464878,16868.713723973156,21086.177608753707,True,1,11
3720,allmetal3720 26-02-16 06-36-50.fits,2026-02-16 06:36:50,623.1125894083582,546.4492364989917,4.2697690718939025,6.266632292674726,10.054537798148955,14.756791337628698,879.9537659055497,547.7685803861153,16875.01882641644,21094.567955702223,True,1,12
3721,allmetal3721 26-02-16 06-37-50.fits,2026-02-16 06:37:50,622.9812907632014,546.5207439865419,4.511889487698679,5.266614150536802,10.62468780659727,12.401928571127709,830.2038411202354,626.4833783211169,16875.75836087943,21095.790541779697,True,1,9
3722,allmetal3722 26-02-16 06-38-49.fits,2026-02-16 06:38:49,622.958872335022,546.8241957991315,4.438197321501599,5.250373745255707,10.451156016474634,12.363685339232358,852.9081663726178,576.7965278999756,16867.02068175244,21085.62884135472,True,1,15
3723,allmetal3723 26-02-16 06-39-49.fits,2026-02-16 06:39:49,622.7734556361706,548.1554429855727,4.1142819981708705,4.616773690835575,9.688393720202754,10.871671230551131,914.7740516513628,619.8319585178576,16879.303091822472,21101.33688734146,True,1,17
3724,allmetal3724 26-02-16 06-40-49.fits,2026-02-16 06:40:49,623.1832704121853,545.7642096528233,4.209233185725514,6.650134285552699,9.911986679955922,15.659869517767067,912.2371992865977,513.1619627099501,16869.72968819764,21088.2079008147,True,1,13
3725,allmetal3725 26-02-16 06-41-50.fits,2026-02-16 06:41:50,623.0003876994978,546.8208593760384,4.08911539981971,5.061875969855381,9.629130909940198,11.919806999275927,922.4098082352525,616.6731870556554,16878.844842822007,21100.147950872975,True,1,11
3726,allmetal3726 26-02-16 06-42-50.fits,2026-02-16 06:42:50,622.8690636853405,546.7041407881677,4.190964395833675,5.014869405441281,9.86896696732016,11.809114999145566,868.2333536846854,585.0139617780283,16877.079721705213,21098.075324804606,True,1,14
3727,allmetal3727 26-02-16 06-43-50.fits,2026-02-16 06:43:50,623.1119996680035,545.6831432889823,4.0625718756102085,7.472823202938209,9.5666256870659,17.597153871251276,895.4512845585606,511.28447440718645,16875.144765161185,21093.48323131994,True,1,15
3728,allmetal3728 26-02-16 06-44-50.fits,2026-02-16 06:44:50,623.7166824546119,545.9701386001333,4.132885829856823,7.402082843538144,9.732202395971218,17.43057305494331,914.5560121046296,488.17911291790756,16883.514498268993,21104.79999300555,True,1,15
3729,allmetal3729 26-02-16 06-45-49.fits,2026-02-16 06:45:49,623.6652598508346,546.8307193782024,4.380054459300421,5.235423631064733,10.314240039087828,12.32848051065995,866.4303283399676,637.4792352907021,16880.662746528233,21101.94843130498,True,1,13
3730,allmetal3730 26-02-16 06-46-49.fits,2026-02-16 06:46:49,623.1858839044106,546.2331447066299,4.4973292339376085,6.034112408225968,10.590401029179963,14.209248852860485,831.8680106374179,570.1779218203999,16865.243157495588,21082.28994248119,True,1,6
3731,allmetal3731 26-02-16 06-47-49.fits,2026-02-16 06:47:49,623.8772319667115,545.1467454602533,4.306783869870607,7.493338820554165,10.141700986387269,17.645464458849517,864.7474356865584,495.1248451779359,16877.656729435508,21097.105529907767,True,1,16
3732,allmetal3732 26-02-16 06-48-49.fits,2026-02-16 06:48:49,623.4304474150213,546.6188065267739,4.229973624202728,5.670805171463536,9.960826680224796,13.353725689227504,895.0105340415427,574.2149018954041,16874.244710010662,21094.102309069098,True,1,14
3733,allmetal3733 26-02-16 06-49-49.fits,2026-02-16 06:49:49,623.1557352096144,546.5072608663885,4.715596495830348,5.898780395225071,11.104381152659007,13.890566315911583,795.6084531831332,588.3947103585398,16875.766180594495,21095.39547512763,True,1,14
3734,allmetal3734 26-02-16 06-50-50.fits,2026-02-16 06:50:50,623.2570390012304,547.5161098062707,4.35486163131924,5.054606424375209,10.254915462766727,11.902688527860956,855.7169094258951,638.7387211292839,16838.985138830445,21049.950359356357,True,1,2
3735,allmetal3735 26-02-16 06-51-50.fits,2026-02-16 06:51:50,623.0587691972676,546.4359436299687,4.029286124789229,5.600589465413725,9.48824373381875,13.188380337145407,944.9052822486677,546.0021488877921,16859.24807019689,21075.89443012174,True,1,16
3736,allmetal3736 26-02-16 06-52-50.fits,2026-02-16 06:52:50,622.9177452651472,546.6218333819,4.400398050358805,6.276242437648467,10.362145535100023,14.779421499648517,867.4059734520354,538.3113904100628,16881.2971651898,21102.694505743217,True,1,14
3737,allmetal3737 26-02-16 06-53-50.fits,2026-02-16 06:53:50,623.3016798008107,546.8231762036706,4.578302073444888,5.590789426745188,10.781077494754781,13.165303009646658,843.2999769620968,607.5389145197345,16883.63687807061,21105.682549691697,True,1,12
3738,allmetal3738 26-02-16 06-54-50.fits,2026-02-16 06:54:50,623.0936825948487,547.0581896545801,4.263685845575011,4.630577786629628,10.040212894874768,10.904177392030494,890.1593441646596,643.3235977389616,16863.70112797449,21081.624858116564,True,1,11
3739,allmetal3739 26-02-16 06-55-50.fits,2026-02-16 06:55:50,623.7946992175579,545.9764295898418,4.485606502393907,7.426130207565722,10.562796105958338,17.487200269785607,841.3183717543384,500.6944529814309,16845.40267825452,21056.889452223448,True,1,10
3740,allmetal3740 26-02-16 06-56-50.fits,2026-02-16 06:56:50,623.09357001025,546.980827274349,4.1709024525491945,6.80161076781538,9.821724701131592,16.016569374550002,908.0442239845381,576.1425638978383,16866.519130159737,21082.82742392954,True,1,13
3741,allmetal3741 26-02-16 06-57-49.fits,2026-02-16 06:57:49,622.9572881841784,547.0877976565386,4.291430838091863,4.806911089184724,10.105547359402685,11.319410587493742,879.6078944849274,642.645996829274,16873.907842683868,21094.063153186227,True,1,15
3742,allmetal3742 26-02-16 06-58-49.fits,2026-02-16 06:58:49,624.3049072619591,545.7415171112017,4.05526903224993,6.811306186402003,9.549428805135394,16.03940034058275,925.5962361869375,512.4556423353384,16869.800207898206,21087.894173161123,True,1,13
3743,allmetal3743 26-02-16 06-59-49.fits,2026-02-16 06:59:49,623.4573127576076,547.9679761187991,4.236461341348854,5.300597231910726,9.976104086606986,12.481952612338942,866.9873520871797,620.4099693909187,16802.50723329739,21004.07504314784,True,1,7
3744,allmetal3744 26-02-16 07-00-50.fits,2026-02-16 07:00:50,624.1087808143985,546.2955426965448,3.98426187926868,5.2162374883183205,9.382219737954568,12.283300597133874,953.7556248830072,631.9782339847599,16870.83264220281,21089.77322084957,True,1,12
3745,allmetal3745 26-02-16 07-01-50.fits,2026-02-16 07:01:50,623.0184450502913,545.6324215748418,4.443311364703139,6.463973816532727,10.463198667916775,15.221495113726473,852.0481664382236,554.1391028537334,16867.761810670196,21085.201568611985,True,1,15
3746,allmetal3746 26-02-16 07-02-50.fits,2026-02-16 07:02:50,623.1330972920784,545.9533683254626,4.841298863666148,7.009714111558187,11.400387608146602,16.50661529983353,769.6768381157513,552.3617344686468,16831.781806620893,21039.37069467805,True,1,11
3747,allmetal3747 26-02-16 07-03-50.fits,2026-02-16 07:03:50,623.1994285268743,546.885488997888,4.479128952530169,6.286729721141121,10.547542641696522,14.804117165034942,841.4944819918027,560.8234146161092,16875.81649313487,21095.3664719613,True,1,15
3748,allmetal3748 26-02-16 07-04-50.fits,2026-02-16 07:04:50,622.7141746517074,545.438379327403,4.114129112119824,6.96791706171916,9.688033701065143,16.408190769049433,910.829888416317,543.7244445313821,16867.994517697723,21084.89191487069,True,1,15
3749,allmetal3749 26-02-16 07-05-50.fits,2026-02-16 07:05:50,623.9627354284139,546.1970694044918,4.448434476743539,6.031041391241489,10.475262674842448,14.202017160506802,845.2890952294865,556.6858088568432,16870.837143272463,21089.532478853376,True,1,13
3750,allmetal3750 26-02-16 07-06-50.fits,2026-02-16 07:06:50,623.0887343372691,546.7977713014706,4.53633838100959,5.920233700969357,10.682260550644626,13.941084990310404,841.2034173007269,580.9508091096271,16885.94120956409,21108.34842923359,True,1,13
3751,allmetal3751 26-02-16 07-07-50.fits,2026-02-16 07:07:50,623.3269211287659,546.8407994287599,4.265455326716926,5.735179819969826,10.044379704537054,13.505316401921936,867.0790754115786,585.9884375595303,16877.699427937292,21097.95102670629,True,1,5
3752,allmetal3752 26-02-16 07-08-49.fits,2026-02-16 07:08:49,623.08090731353,545.622737090153,4.199594075856067,5.207873575923637,9.88928831081909,12.26360508857199,906.1166323042056,641.8743542784334,16882.912087638644,21104.772306403862,True,1,5
3753,allmetal3753 26-02-16 07-09-49.fits,2026-02-16 07:09:49,623.8818528177577,546.633428676394,4.432299925421157,5.167907370054713,10.437268709970922,12.169491865868013,840.7674855590021,608.0826589131822,16875.215597929382,21095.449104864558,True,1,13
3754,allmetal3754 26-02-16 07-10-49.fits,2026-02-16 07:10:49,623.8118127351822,547.9854616723325,3.991547463884695,4.41290574235518,9.399375978648129,10.39159889893016,936.6839857214641,649.6838490326428,16866.17904032315,21084.857922626066,True,1,13
3755,allmetal3755 26-02-16 07-11-50.fits,2026-02-16 07:11:50,624.1780213041848,548.0391416201018,4.474467708246206,3.9863767245531783,10.53656625022186,9.387199818022644,844.6062226646623,637.9598283842403,16878.5984706981,21101.273703858344,True,1,14
3756,allmetal3756 26-02-16 07-12-50.fits,2026-02-16 07:12:50,623.0026482794294,545.6372562257823,4.283385652187511,5.9115376027008075,10.086602394369118,13.920607243794066,875.9586459061792,591.9293075656207,16868.465592591954,21086.2009524794,True,1,15
3757,allmetal3757 26-02-16 07-13-50.fits,2026-02-16 07:13:50,623.410462465098,546.1098836235973,4.313252778795974,5.56442011026575,10.156934102794203,13.103208014627112,876.666401959558,583.5908703534569,16873.95759931609,21093.754017318275,True,1,16
3758,allmetal3758 26-02-16 07-14-50.fits,2026-02-16 07:14:50,622.8396609221123,546.443149360658,4.470760656516685,4.624890125989534,10.527836810501217,10.890783974745867,844.5087248508763,656.1861392596304,16841.43904949681,21053.612219296814,True,1,12
3759,allmetal3759 26-02-16 07-15-50.fits,2026-02-16 07:15:50,622.9405728775281,546.1161977347766,4.621879076933702,5.213267471168874,10.883693496072622,12.27630674121627,809.4496259635777,610.1259799353904,16874.611138057528,21094.635783472975,True,1,14
3760,allmetal3760 26-02-16 07-16-49.fits,2026-02-16 07:16:49,623.2980924018475,546.076418202266,4.2573709918176705,4.9305353413988815,10.025342550665544,11.610523454659601,901.6441817992944,670.8479073554577,16868.2827906398,21086.653298569247,True,1,8
3761,allmetal3761 26-02-16 07-17-49.fits,2026-02-16 07:17:49,622.7285117439978,544.2154305141453,4.371337710801371,7.1190914640968606,10.293713664994772,16.764179282064017,859.8258760597736,504.8403847066845,16877.1903233091,21096.890786852535,True,1,15
3762,allmetal3762 26-02-16 07-18-49.fits,2026-02-16 07:18:49,622.9279398061743,545.3826165409458,4.158287683028782,8.09292576509178,9.792019189001477,19.057383814585553,906.8087667038689,470.35991651616933,16865.47740388632,21081.75908120855,True,1,16
3763,allmetal3763 26-02-16 07-19-49.fits,2026-02-16 07:19:49,623.3383722154484,545.7354616714523,4.040414240326617,6.168249937833487,9.514448443349613,14.525118596371202,936.8996486929049,547.3468553079642,16875.41191578671,21095.266788335655,True,1,16
3764,allmetal3764 26-02-16 07-20-50.fits,2026-02-16 07:20:50,622.0756285099039,545.3316397036995,4.099889824964829,6.426227589933672,9.65450274224561,15.132609542706737,916.6756801036612,558.3241757526348,16873.84094994127,21092.71818624791,True,1,14
3765,allmetal3765 26-02-16 07-21-50.fits,2026-02-16 07:21:50,623.1903134050967,546.4596088605214,4.247958125443879,4.61621180008424,10.003176944247341,10.870348078946769,870.7585280431442,637.1906199488955,16876.787592156514,21097.838853886813,True,1,15
3766,allmetal3766 26-02-16 07-22-50.fits,2026-02-16 07:22:50,622.4977806682842,545.7632487920688,4.0316694894094045,5.558248652116823,9.493856128600958,13.08867534127095,953.3063015017133,605.2759847259283,16874.717956990356,21094.570326726895,True,1,15
3767,allmetal3767 26-02-16 07-23-50.fits,2026-02-16 07:23:50,623.319589486361,545.4384889833132,4.102774970507139,4.569869259457496,9.661296740801472,10.761219735341252,918.6007009948896,639.6285865576651,16875.83046044357,21096.858474479777,True,1,15
3768,allmetal3768 26-02-16 07-24-50.fits,2026-02-16 07:24:50,623.6531388920796,546.1655258580709,4.619792932156207,5.194070477166084,10.87878100053374,12.231101274934163,829.7628428473089,585.451723952019,16888.221297130764,21112.216455485297,True,1,15
3769,allmetal3769 26-02-16 07-25-50.fits,2026-02-16 07:25:50,622.6983677050887,544.4735123663918,4.217433207063625,6.227512769381796,9.931296254572585,14.664671900026454,904.7888741941166,547.7082309050638,16879.14686769282,21099.925040882976,True,1,14
3770,allmetal3770 26-02-16 07-26-50.fits,2026-02-16 07:26:50,622.7430347713353,544.5753289289241,4.18937182800314,5.406686900321099,9.865216756669746,12.731774690082375,903.1038188755984,607.2874705868826,16878.51744381885,21099.370804277958,True,1,15
3771,allmetal3771 26-02-16 07-27-50.fits,2026-02-16 07:27:50,622.4021060601594,545.3227501081839,4.254340687381113,7.192168559698662,10.018206729035793,16.93626269161978,854.5954845068874,438.0263284570064,16791.765273782414,20990.894746603688,True,1,15
3772,allmetal3772 26-02-16 07-28-49.fits,2026-02-16 07:28:49,623.1774534538696,546.1804820419812,4.454700212898234,5.2349344089653,10.490017355936399,12.327328480653733,857.4869366865065,637.5408958225615,16865.233642881616,21082.72281862268,True,1,13
3773,allmetal3773 26-02-16 07-29-49.fits,2026-02-16 07:29:49,623.3339344078285,546.6972823719883,4.442957395957331,4.18597087471495,10.462365135218832,9.857208123694502,851.1338168081217,591.0063892823697,16776.0117629835,20973.215589072308,True,1,14
3774,allmetal3774 26-02-16 07-30-49.fits,2026-02-16 07:30:49,623.8546130471698,544.9923231055245,4.565269749952116,7.2820781337210425,10.750388718160673,17.147983558767876,828.3760819563311,513.9503245749012,16838.365259984956,21048.052369860143,True,1,14
3775,allmetal3775 26-02-16 07-31-49.fits,2026-02-16 07:31:49,623.5397114100952,545.1330080542807,4.027244216311276,6.234438366616961,9.48343540680475,14.68098043521963,922.719857079108,534.2339468957615,16870.337752883614,21088.86552928155,True,1,15
3776,allmetal3776 26-02-16 07-32-49.fits,2026-02-16 07:32:49,623.5538617448881,546.2504662315629,4.3183092728923596,5.696873433381835,10.168841236449952,13.415111754931832,887.9216072979491,597.7955655631365,16843.53576936172,21055.469250726746,True,1,9
3777,allmetal3777 26-02-16 07-33-50.fits,2026-02-16 07:33:50,623.9246367394527,546.8333831650158,4.44805535824696,4.415490476996569,10.474369919007263,10.397685483874788,871.7512351419475,653.9291362340313,16863.329924871006,21081.58624676121,True,1,7
3778,allmetal3778 26-02-16 07-34-50.fits,2026-02-16 07:34:50,623.8111188778992,544.637095173662,4.7080106002303515,5.795212335326216,11.086517733640623,13.646682172436792,799.4702980693982,634.2807934299615,16855.25567589258,21069.285308712897,True,1,5
3779,allmetal3779 26-02-16 07-35-50.fits,2026-02-16 07:35:50,623.8969775653575,544.6746885594782,4.611930931198826,7.653879789409649,10.860267403085247,18.0235095503591,811.379720327589,507.706855028645,16820.96494428747,21025.853930583202,True,1,15
3780,allmetal3780 26-02-16 07-36-50.fits,2026-02-16 07:36:50,623.7088898914285,547.442266091102,4.44525156153202,4.252050034188372,10.46776748230073,10.012812652981312,844.7308000772973,752.0213312078859,16851.56367834774,21065.81906676701,True,1,1
3781,allmetal3781 26-02-16 07-37-50.fits,2026-02-16 07:37:50,623.8689913799519,545.2192275827309,4.667314538709506,5.753432023828433,10.990685832217522,13.548297057434176,816.9649488925328,593.8623109088263,16858.582925948926,21074.198717508232,True,1,12
3782,allmetal3782 26-02-16 07-38-49.fits,2026-02-16 07:38:49,623.8102760793932,545.131374765862,4.244838527779107,6.835518148627329,9.995830853133906,16.09641515456048,907.3891871008146,541.5058971926911,16858.903256469872,21073.996857543818,True,1,13
3783,allmetal3783 26-02-16 07-39-49.fits,2026-02-16 07:39:49,624.1872206439036,545.2307997692791,4.617201800335363,6.439790233024592,10.8726793513827,15.164547126520837,816.5193053699722,537.5388836799664,16863.327285280924,21079.914024559064,True,1,16
3784,allmetal3784 26-02-16 07-40-49.fits,2026-02-16 07:40:49,623.4565829291186,546.1901243618995,4.193683654042409,5.018277597116745,9.8753703310577,11.817140677220257,893.603750071284,658.9800306841577,16847.599556243917,21060.577850423237,True,1,16
3785,allmetal3785 26-02-16 07-41-50.fits,2026-02-16 07:41:50,623.4777523000595,544.7867369590647,4.386624386928057,5.364019226536002,10.329711036359788,12.631299996578386,881.5096195580855,624.5388954754734,16818.850187854292,21024.82783045196,True,1,14
3786,allmetal3786 26-02-16 07-42-50.fits,2026-02-16 07:42:50,623.1967429397763,545.874239435678,4.4047216564522635,4.816424513031293,10.372326849395717,11.341812988664516,846.2398535770023,669.5977042013649,16837.960676490464,21048.680621438565,True,1,9
3787,allmetal3787 26-02-16 07-43-50.fits,2026-02-16 07:43:50,623.3221439282728,546.2900546219322,4.354604325342609,4.3171040965189365,10.254309553495249,10.166003262968017,847.5015203274484,699.4244603279622,16850.26812786031,21064.477798316515,True,1,15
3788,allmetal3788 26-02-16 07-44-50.fits,2026-02-16 07:44:50,623.1353332875381,543.9690961667029,4.16707597068926,7.3230065306576515,9.81271402494587,17.244362568285187,910.9052757101384,515.0975325364636,16819.026024688294,21023.840665217176,True,1,14
3789,allmetal3789 26-02-16 07-45-50.fits,2026-02-16 07:45:50,623.2576563672782,545.0222220737706,4.482567731516043,3.9184075833842766,10.555640347382889,9.227144721954575,858.3251809738562,670.6594169028988,16842.91230140844,21056.62577055277,True,1,15
3790,allmetal3790 26-02-16 07-46-50.fits,2026-02-16 07:46:50,624.033650392474,545.9204681311487,4.15928341650004,5.128857452854003,9.794363962139105,12.077536338086984,910.350478529779,595.7748543818705,16826.17647542267,21034.50940971633,True,1,14
3791,allmetal3791 26-02-16 07-47-49.fits,2026-02-16 07:47:49,622.9388408541382,544.1532663181587,4.407747345367114,8.717903639078823,10.379451802302436,20.52909423995107,829.1428880325265,476.90345424804366,16804.31886332083,21004.16742805198,True,1,12
3792,allmetal3792 26-02-16 07-48-49.fits,2026-02-16 07:48:49,623.5337580315885,544.3743915556987,4.449011658714451,6.341921733178546,10.47662183451718,14.93408442130626,846.6483645309368,546.6835727834235,16850.77825144157,21064.20650243675,True,1,11
3793,allmetal3793 26-02-16 07-49-49.fits,2026-02-16 07:49:49,623.0591480965015,545.2019992929883,4.4009661880967075,6.111862666827737,10.363483397233574,14.392336720322271,837.1402056789199,587.2013859105474,16826.660168429746,21033.558570517333,True,1,12
3794,allmetal3794 26-02-16 07-50-50.fits,2026-02-16 07:50:50,623.5077186260216,545.9382237997175,4.028976556034713,4.997885445068872,9.4875147551103,11.769120828816607,935.1044770323381,601.919876820929,16854.127533467843,21069.51781588716,True,1,13
3795,allmetal3795 26-02-16 07-51-50.fits,2026-02-16 07:51:50,622.9879872863595,544.7042016618966,4.1686096453539,6.4466670665878025,9.81632555278872,15.180740832041828,909.1415056493746,558.7905810342579,16838.60643723667,21048.71707088253,True,1,13
3796,allmetal3796 26-02-16 07-52-50.fits,2026-02-16 07:52:50,623.3164634915129,546.2170361866927,4.194017074128792,4.789786388643218,9.876155475360532,11.27908499939345,917.0191633983825,667.100639742268,16816.05118954982,21021.65688176605,True,1,7
3797,allmetal3797 26-02-16 07-53-50.fits,2026-02-16 07:53:50,623.5352406764853,545.5229149547702,4.467742328286993,6.352612062382499,10.520729190683454,14.959258222803708,863.5789965304007,547.0257666907601,16838.4256291946,21048.970078334623,True,1,14
3798,allmetal3798 26-02-16 07-54-50.fits,2026-02-16 07:54:50,622.9583229171185,545.8456395055314,4.447190598286208,4.277303511547474,10.472333564917543,10.07228004767326,844.5890087563649,692.568149717385,16880.52342432206,21102.597221123935,True,1,1
3799,allmetal3799 26-02-16 07-55-50.fits,2026-02-16 07:55:50,623.4210756772933,545.0707383167477,4.0539833569743955,5.1969188610279815,9.546401271225164,12.237808706348101,931.2945501782108,600.2282441449279,16865.856518547458,21083.926738710816,True,1,12
3800,allmetal3800 26-02-16 07-56-50.fits,2026-02-16 07:56:50,622.9768448589928,544.1823478842629,4.516298043426187,6.865576250818515,10.635069161994043,16.167196576115874,829.8391933008938,551.9987660896642,16866.73957478994,21083.321685708466,True,1,15
3801,allmetal3801 26-02-16 07-57-49.fits,2026-02-16 07:57:49,623.0087628902812,544.6507722187678,4.268633880211532,7.181944181300387,10.051864626020354,16.91218612041954,886.2096557798719,491.16334836165544,16854.634894091414,21068.918798138504,True,1,13
3802,allmetal3802 26-02-16 07-58-49.fits,2026-02-16 07:58:49,623.1424740729445,544.2062927712277,4.200334214787453,6.314402913902861,9.891031204810828,14.869282554060293,879.2400006168435,575.8371145669083,16871.43731754353,21089.436259983137,True,1,10
3803,allmetal3803 26-02-16 07-59-49.fits,2026-02-16 07:59:49,623.9043028371699,545.6434809311669,3.9953308277552737,5.240776557357087,9.408285119728214,12.34108568879276,911.3687217105455,609.3160059651464,16872.09751259645,21091.218370467755,True,1,15
3804,allmetal3804 26-02-16 08-00-49.fits,2026-02-16 08:00:49,623.9328063168336,546.5260904936807,4.39622724898449,5.354924523489601,10.352324048419943,12.609883607541116,848.3008963865974,614.348956595595,16846.437478301574,21059.122767173776,True,1,14
3805,allmetal3805 26-02-16 08-01-50.fits,2026-02-16 08:01:50,623.5451074538519,546.191104965676,3.990143021525618,5.484989121853625,9.396068769628885,12.91616233091762,922.0626047014518,597.7585625390229,16866.727897919776,21084.390156066394,True,1,14
3806,allmetal3806 26-02-16 08-02-50.fits,2026-02-16 08:02:50,623.6593522194943,544.7261487304503,4.14625677692312,6.838415645615044,9.76368857014398,16.103238238547565,906.7345604056288,535.5096097282594,16866.612652225238,21083.50452513629,True,1,16
3807,allmetal3807 26-02-16 08-03-50.fits,2026-02-16 08:03:50,623.9715540476725,545.339745257915,4.419805233510957,4.9673133367555335,10.407845959004298,11.6971290153415,860.3098339670909,606.3879352384527,16834.486556147313,21045.04271252268,True,1,14
3808,allmetal3808 26-02-16 08-04-50.fits,2026-02-16 08:04:50,623.6537252593663,546.0435250842864,4.596006790468297,4.848624826155542,10.822768917293104,11.417638931465772,842.1654131179199,590.96866135539,16867.402226339673,21086.713421974055,True,1,15
3809,allmetal3809 26-02-16 08-05-50.fits,2026-02-16 08:05:50,623.4641924032154,544.8997237309393,4.141696293877413,5.979724809129886,9.752949453252924,14.081175844307923,898.1391356434999,557.8316937384349,16838.612339984975,21049.205752054044,True,1,15
3810,allmetal3810 26-02-16 08-06-50.fits,2026-02-16 08:06:50,623.9275089639802,545.9385616024591,4.049726332230657,5.369354859594821,9.536376744026416,12.643864452258223,920.2019564406836,623.776503159724,16817.621003148124,21022.949811078764,True,1,14
3811,allmetal3811 26-02-16 08-07-49.fits,2026-02-16 08:07:49,623.345326921972,545.9806306644358,4.5188192994193335,4.510631051961897,10.641006266145357,10.621724416898912,820.3557354683619,631.5721089804837,16823.788929982064,21031.837056125943,True,1,14
3812,allmetal3812 26-02-16 08-08-49.fits,2026-02-16 08:08:49,622.8933818827032,544.1712940563187,3.9165775728820176,7.239832203821101,9.222835376541239,17.048501996218523,955.1958367072455,498.4523125222978,16867.7339503834,21084.99150652771,True,1,17
3813,allmetal3813 26-02-16 08-09-49.fits,2026-02-16 08:09:49,622.4164856117961,545.7166067021873,4.365066188605519,5.15347009404187,10.278945358815124,12.135494678917327,886.358257046905,603.1857735835661,16850.441268731007,21064.913228866997,True,1,16
3814,allmetal3814 26-02-16 08-10-49.fits,2026-02-16 08:10:49,622.9596466580554,544.767253889868,4.295174869822918,5.639015976348764,10.114363880372206,13.27886785535584,850.0052757778486,597.5853216254268,16859.327732374408,21074.84783312366,True,1,14
3815,allmetal3815 26-02-16 08-11-50.fits,2026-02-16 08:11:50,623.3103951171239,543.0564459002549,4.331966419886821,8.674854617070647,10.201001359950444,20.42772154000724,855.7371104099484,479.36236786488314,16843.298334185314,21053.018007649396,True,1,14
3816,allmetal3816 26-02-16 08-12-50.fits,2026-02-16 08:12:50,624.2654885582917,543.5648826176657,3.9879574684247237,7.681793842284561,9.390922185377418,18.089242121607,945.5408455005438,528.7582509034886,16829.917237939033,21036.684128385434,True,1,7
3817,allmetal3817 26-02-16 08-13-50.fits,2026-02-16 08:13:50,622.9407499879344,545.4376238360618,4.46848900029121,4.7424479012663605,10.522487468886048,11.167611380416982,828.5472755226571,650.9295424989593,16841.937948288112,21053.928749870298,True,1,11
3818,allmetal3818 26-02-16 08-14-50.fits,2026-02-16 08:14:50,623.5906118224325,545.2444002221245,4.187191500767465,5.487455456437163,9.860082478390451,12.92197010503269,876.7936974726293,591.3252190435767,16872.785474841414,21092.025698315774,True,1,16
3819,allmetal3819 26-02-16 08-15-50.fits,2026-02-16 08:15:50,623.1390982289915,544.1310755205936,4.455737055220757,6.243990341369775,10.492458933021013,14.703473616837186,834.6736073119235,578.9976072232931,16870.016119978445,21087.77431485143,True,1,15
3820,allmetal3820 26-02-16 08-16-50.fits,2026-02-16 08:16:50,623.579164663976,543.8229361261998,4.211968416707083,5.674304700101334,9.918427656699109,13.36196644941195,882.7340632459443,561.9614096147812,16857.982215437933,21073.773450632507,True,1,10
3821,allmetal3821 26-02-16 08-17-49.fits,2026-02-16 08:17:49,624.1740818921479,544.7393128362712,4.0992315052756,4.292275564505342,9.652952517845375,10.107536538093713,910.3192107906808,691.1812932843417,16853.083783513583,21068.22703529517,True,1,14
3822,allmetal3822 26-02-16 08-18-49.fits,2026-02-16 08:18:49,623.6527947328195,543.5016849062253,4.042726535911316,6.722125584633013,9.5198934833425,15.829396071909208,929.882906864608,578.6111539440474,16857.979630327565,21072.155739468468,True,1,12
3823,allmetal3823 26-02-16 08-19-49.fits,2026-02-16 08:19:49,623.7445357488843,543.7968972517892,4.191605458868041,6.650720628433045,9.870476555403615,15.661250249734966,890.139893735923,520.2653274120191,16874.209750819555,21093.42550474466,True,1,16
3824,allmetal3824 26-02-16 08-20-49.fits,2026-02-16 08:20:49,623.2698630949884,543.8148308093593,4.417828451562466,7.084463596967552,10.403190993247335,16.682636886431254,858.7663495258498,526.6134352816031,16869.455583647108,21086.97396199469,True,1,16
3825,allmetal3825 26-02-16 08-21-50.fits,2026-02-16 08:21:50,623.6161290000485,545.8938830008926,4.231782255575656,4.412880773224195,9.965085681635838,10.39154010112001,863.1951456804157,654.2712302960623,16870.71847900584,21090.272275735988,True,1,14
3826,allmetal3826 26-02-16 08-22-50.fits,2026-02-16 08:22:50,623.0879452780283,543.9979562168933,4.019443710231116,7.538205434203585,9.465066618725801,17.751117260023833,913.2135118211456,507.55131079036954,16870.714175324607,21088.012280187242,True,1,13
3827,allmetal3827 26-02-16 08-23-50.fits,2026-02-16 08:23:50,623.4811152863444,545.4864458401432,4.344998241425168,4.097593676769137,10.23168895453221,9.649095726448033,865.6888656909351,717.1956840445488,16869.973849062608,21089.48103488926,True,1,10
3828,allmetal3828 26-02-16 08-24-50.fits,2026-02-16 08:24:50,622.5552742347577,543.6446695902287,4.04283381405559,6.6913051798098895,9.52014610406703,15.756819564835748,900.2501915282611,538.7083612664312,16881.852321241673,21102.40083216377,True,1,13
3829,allmetal3829 26-02-16 08-25-50.fits,2026-02-16 08:25:50,622.589908826607,544.0742743923128,4.625736587381282,6.412528480081993,10.8927772389985,15.100350604228924,807.5894239113826,606.3358961643704,16818.074999153698,21022.220569096324,True,1,13
3830,allmetal3830 26-02-16 08-26-50.fits,2026-02-16 08:26:50,623.3740096983042,542.2425063725949,4.663869874310313,7.902548083728126,10.9825742674419,18.60907863438391,830.7089795318001,493.93089669313446,16863.286346477595,21079.03695899627,True,1,16
3831,allmetal3831 26-02-16 08-27-49.fits,2026-02-16 08:27:49,622.5357557974983,544.1112676779201,4.416744232345163,5.6590603894157665,10.400637852101223,13.326068841036896,849.3169115449101,577.5748266159438,16843.339138270137,21055.355476734952,True,1,16
3832,allmetal3832 26-02-16 08-28-49.fits,2026-02-16 08:28:49,623.0390918799241,545.3158927125854,4.152449479213451,4.29737689279762,9.77827126963016,10.119549248212651,903.6393386898626,704.3035124970417,16855.394794420834,21071.019818711116,True,1,9
3833,allmetal3833 26-02-16 08-29-49.fits,2026-02-16 08:29:49,622.6755284547443,543.4467841374478,4.327727487916633,6.583836945275889,10.191019437977522,15.503751211950998,863.8630558849832,555.7148485167579,16845.61938284299,21057.21963771134,True,1,11
3834,allmetal3834 26-02-16 08-30-49.fits,2026-02-16 08:30:49,622.2127635235395,545.9746932620225,4.36210713554568,4.897078630728806,10.271977321355504,11.531738921732906,872.9855017150966,621.3912077383345,16866.891108156273,21085.48664658556,True,1,17
3835,allmetal3835 26-02-16 08-31-50.fits,2026-02-16 08:31:50,622.594672778982,545.4520362799883,4.0245744802424195,4.615593937947033,9.477148658794864,10.86889312480101,922.5041165756952,606.4113010790081,16849.20130857806,21063.73835639591,True,1,12
3836,allmetal3836 26-02-16 08-32-50.fits,2026-02-16 08:32:50,623.0618501386284,545.7177004888779,4.322304030294212,4.487179341200145,10.178248171254872,10.566499858306871,865.8467706402091,694.7163458328488,16852.200048067367,21066.780317836343,True,1,13
3837,allmetal3837 26-02-16 08-33-50.fits,2026-02-16 08:33:50,623.3680726367364,546.1035950326861,4.095051586123479,5.30111945675645,9.643109560439353,12.483182357873666,909.9001130033329,567.2262451353051,16865.92662710554,21084.168685508186,True,1,14
3838,allmetal3838 26-02-16 08-34-50.fits,2026-02-16 08:34:50,623.9961437004445,544.7652058031334,4.4286329748989095,6.805347763178534,10.428633701376997,16.025369326139344,861.3541382183392,582.1366716996805,16838.321220540838,21047.54163559841,True,1,13
3839,allmetal3839 26-02-16 08-35-50.fits,2026-02-16 08:35:50,623.7465622671019,545.3956200961669,4.035298760580605,6.222208755872606,9.502402409103754,14.652181902695895,926.289754326491,572.8031810255051,16868.01451931246,21085.44348018963,True,1,16
3840,allmetal3840 26-02-16 08-36-50.fits,2026-02-16 08:36:50,623.5707807173587,545.9872414038822,3.8385694297947115,5.409925485099541,9.039140237523608,12.739400974436181,958.7109704000374,590.3117812702737,16875.022977238685,21094.96970254738,True,1,13
3841,allmetal3841 26-02-16 08-37-50.fits,2026-02-16 08:37:50,623.4513140279558,544.7945131785136,4.199406731545161,6.855889497929285,9.888847148680448,16.14438601624105,882.600627273572,515.9933967663794,16873.183152680143,21091.892155825288,True,1,14
3842,allmetal3842 26-02-16 08-38-49.fits,2026-02-16 08:38:49,623.3006467007439,544.9394961235134,4.546894001923048,6.057631952040113,10.707117138359386,14.264633146084018,812.7165704126961,552.390903676833,16878.141535974675,21098.531609956957,True,1,16
3843,allmetal3843 26-02-16 08-39-49.fits,2026-02-16 08:39:49,622.718966913357,545.2956880768661,4.15778677437886,5.17239089413147,9.790839639271914,12.180049758236342,905.07088383792,621.9217516596923,16857.77838110502,21073.56017770514,True,1,13
3844,allmetal3844 26-02-16 08-40-49.fits,2026-02-16 08:40:49,622.9558359574429,544.1994987313298,4.374152249127409,7.494184930402317,10.300341396262434,17.647456895280246,844.9958359198284,491.7390478192349,16827.887617089134,21034.886342900754,True,1,14
3845,allmetal3845 26-02-16 08-41-49.fits,2026-02-16 08:41:49,622.5329086970015,544.9997670331377,4.099184620568,5.523676359197728,9.652842112796112,13.007263812902384,888.1221262676121,584.9638132961383,16868.96361551148,21087.206744183328,True,1,11
3846,allmetal3846 26-02-16 08-42-49.fits,2026-02-16 08:42:49,622.6576383485707,546.0218061879104,4.423785373066451,5.962950675909466,10.417218471411596,14.041675779162459,843.2709377497299,587.3070120762417,16860.990741755228,21076.797441744922,True,1,14
3847,allmetal3847 26-02-16 08-43-50.fits,2026-02-16 08:43:50,622.6287311005688,544.2126548698709,4.239861423816347,6.261085230712146,9.984110668956195,14.743729004928188,891.8730929958647,552.6287741949692,16856.28780462169,21071.146412236296,True,1,16
3848,allmetal3848 26-02-16 08-44-50.fits,2026-02-16 08:44:50,622.7152124834412,544.0396602618346,4.274894443017521,7.843159977814357,10.066607124809074,18.46923033214174,851.7849773786232,513.0028480562348,16852.07393543165,21064.156662271784,True,1,9
3849,allmetal3849 26-02-16 08-45-50.fits,2026-02-16 08:45:50,622.8566030395315,542.6738607708412,4.018397832359763,7.857514312556936,9.462603764549685,18.50303220732665,928.4668524646381,476.51974381110625,16852.355388496555,21065.41165054826,True,1,16
3850,allmetal3850 26-02-16 08-46-49.fits,2026-02-16 08:46:49,622.8510014821348,544.3220554474455,3.8854894368762203,7.326645186043474,9.14962841071214,17.252930946924682,965.9303752885529,484.8846761153048,16843.497142702323,21054.862312066103,True,1,14
3851,allmetal3851 26-02-16 08-47-49.fits,2026-02-16 08:47:49,623.79044742452,543.4406408808578,4.1946706286206705,6.198355283487033,9.877694478578528,14.596011267778758,882.9789869145206,575.5697696356759,16846.72573054271,21058.74061352122,True,1,16
3852,allmetal3852 26-02-16 08-48-49.fits,2026-02-16 08:48:49,623.1614637644924,544.7553877607734,4.402064923863059,6.321773082011375,10.366070722240371,14.88663797365747,853.3053513984394,547.4353620684501,16875.34557678246,21094.905425551384,True,1,13
3853,allmetal3853 26-02-16 08-49-49.fits,2026-02-16 08:49:49,622.7557970580273,545.0448295644072,4.825782317151178,5.23144350654506,11.363848933383496,12.319108033659305,796.7967495789701,583.2611908135015,16859.71374531153,21076.5854787137,True,1,15
3854,allmetal3854 26-02-16 08-50-50.fits,2026-02-16 08:50:50,623.7394968493629,544.3235312850992,4.246287459590026,6.44028062363514,9.99924282680614,15.165701908160452,878.9498600454842,579.6107789895433,16822.93951331375,21028.672966206905,True,1,13
3855,allmetal3855 26-02-16 08-51-50.fits,2026-02-16 08:51:50,623.0944932483774,545.092341895606,4.3391369002690725,5.507748853698774,10.217886550887071,12.969757403686106,869.5064732944512,607.5397494009327,16862.131814893237,21078.709355179923,True,1,12
3856,allmetal3856 26-02-16 08-52-50.fits,2026-02-16 08:52:50,623.2083718985766,544.600493638887,4.363271102492975,6.715135751863457,10.274718254054747,15.812936273592044,868.7280646631431,590.1941627114745,16825.701277645385,21031.70375562746,True,1,2
3857,allmetal3857 26-02-16 08-53-50.fits,2026-02-16 08:53:50,622.7543435763348,545.2784088532094,4.3169938412490865,6.628912853208513,10.165743631648505,15.60989686349871,885.0150091949557,576.5797089970265,16879.856379001394,21099.816820761927,True,1,11
3858,allmetal3858 26-02-16 08-54-50.fits,2026-02-16 08:54:50,623.1935416234305,546.1150531048517,4.105596154611435,4.378037606694178,9.667940121680992,10.309490714142775,909.8668701307842,603.0410717986359,16864.386230429838,21083.16421794347,True,1,14
3859,allmetal3859 26-02-16 08-55-50.fits,2026-02-16 08:55:50,622.6754586887373,548.0618684805731,4.478912329513488,4.453280398529775,10.547032533474626,10.486673948601329,829.2751281445492,664.1400075409432,16885.40449565208,21108.60780465587,True,1,12
3860,allmetal3860 26-02-16 08-56-50.fits,2026-02-16 08:56:50,622.9291094440956,544.8661772483676,4.178928668085506,5.869453982482427,9.840624994362237,13.821507891336354,899.5186058823731,563.5271811580465,16868.273846820066,21086.44734782205,True,1,16
3861,allmetal3861 26-02-16 08-57-51.fits,2026-02-16 08:57:51,623.9452566643818,542.6085543220507,4.354091850787234,6.5822321826948675,10.253102768139684,15.499972284857693,862.8609813633874,527.8670650123289,16864.62395141581,21081.471299604054,True,1,13
3862,allmetal3862 26-02-16 08-58-51.fits,2026-02-16 08:58:51,624.1100351627634,541.094441330251,4.342449306664915,6.653183238697679,10.22568667186529,15.667049253749225,875.0731918319152,562.9426439770481,16852.80305497822,21066.137473915987,True,1,13
3863,allmetal3863 26-02-16 08-59-51.fits,2026-02-16 08:59:51,624.209917795384,543.6901096065195,4.2132521201748405,5.561838511967526,9.92145054735686,13.097128815206238,897.7140390970106,569.0200298547444,16856.719680436174,21072.411161167853,True,1,15
3864,allmetal3864 26-02-16 09-00-51.fits,2026-02-16 09:00:51,624.1589801937586,544.0996336427144,4.460151467703979,4.607983716079494,10.502854080023539,10.850972421800195,849.9229959489445,674.3078847217706,16856.271023736164,21072.012114472076,True,1,9
3865,allmetal3865 26-02-16 09-01-51.fits,2026-02-16 09:01:51,624.4727566309501,541.9331089199585,4.317615254947384,5.718702792465379,10.167206949081512,13.46651596727194,866.502830691784,626.9999498248906,16836.250888692146,21045.69449954432,True,1,1
3866,allmetal3866 26-02-16 09-02-51.fits,2026-02-16 09:02:51,624.4222603924122,542.2146890269436,4.611814406273432,5.63322590017899,10.859993007855183,13.265233267929,811.2799670983921,590.0419078631822,16861.390249126012,21077.76012719693,True,1,14
3867,allmetal3867 26-02-16 09-03-50.fits,2026-02-16 09:03:50,624.9704802557344,542.2200928548511,4.439878403485755,4.968606051618495,10.455114662028265,11.700173126213311,872.9190668391628,645.4674259731107,16803.269667796118,21005.723690624673,True,1,13
3868,allmetal3868 26-02-16 09-04-50.fits,2026-02-16 09:04:50,624.7456339894247,540.8317511383223,4.857772866660164,7.341459216214831,11.43918092061881,17.287815322119886,801.8296711181058,509.13470180952686,16869.49798133914,21087.257564192012,True,1,14
3869,allmetal3869 26-02-16 09-05-50.fits,2026-02-16 09:05:50,625.1030298862825,540.9382670993828,4.369400972563159,6.118876063205458,10.28915299496945,14.408852006696275,876.5832586609428,580.7608542208693,16868.785354216816,21086.65862938903,True,1,14
3870,allmetal3870 26-02-16 09-06-50.fits,2026-02-16 09:06:50,625.7659927789231,540.8084949265303,4.384184053458108,6.241657505001904,10.32396449018819,14.697980206996347,864.2922448931478,553.8750689237664,16848.024096358327,21060.843104652857,True,1,11
3871,allmetal3871 26-02-16 09-07-51.fits,2026-02-16 09:07:51,625.8938353656778,541.9943359563592,4.1300372278170325,4.2928226279397235,9.725494450787602,10.108824774034899,885.2726835312152,676.7219126944292,16814.41268968109,21019.854615888533,True,1,12
3872,allmetal3872 26-02-16 09-08-51.fits,2026-02-16 09:08:51,625.9703766125499,542.7558545697027,4.251625655238128,5.881014254243853,10.01181331692259,13.848730251006165,888.4499752215079,583.7580026372426,16850.88482099326,21064.448751639917,True,1,14
3873,allmetal3873 26-02-16 09-09-51.fits,2026-02-16 09:09:51,625.8230482365162,542.6629949367208,4.173507421883843,4.831003862797225,9.827858935137513,11.37614473373685,894.9540928419459,618.4605700749097,16834.687889743924,21045.189191979687,True,1,12
3874,allmetal3874 26-02-16 09-10-51.fits,2026-02-16 09:10:51,624.5328196123796,542.0808247040809,4.26904268891051,5.897040223635513,10.052827296939292,13.886468524970699,887.2594823321593,579.7354886418865,16860.54493925347,21076.584502925805,True,1,14
3875,allmetal3875 26-02-16 09-11-51.fits,2026-02-16 09:11:51,624.9421721425877,543.7981254601359,4.598989220960913,3.904907303558263,10.829792004400028,9.195353992406751,836.7002428589076,795.8360371334912,16841.562153175575,21053.764879533606,True,1,2
3876,allmetal3876 26-02-16 09-12-50.fits,2026-02-16 09:12:50,624.5634677249577,542.2969286392744,4.307620033206159,6.741073294453925,10.143670000570745,15.874014518802923,868.9489388139757,540.7882980803413,16873.133933631383,21091.656350350466,True,1,6
3877,allmetal3877 26-02-16 09-13-50.fits,2026-02-16 09:13:50,625.1087351336134,542.075740649083,4.505960358357107,4.5023064315674075,10.610725773974155,10.602121433926696,830.6919961320629,695.6968356096633,16860.45822415533,21077.068005652498,True,1,4
3878,allmetal3878 26-02-16 09-14-50.fits,2026-02-16 09:14:50,626.2227397720626,541.9451808764198,4.328929341199807,6.742989489949474,10.193849586179926,15.878526814366037,885.3422084438056,535.8943882620524,16865.61651320968,21082.55685831961,True,1,15
3879,allmetal3879 26-02-16 09-15-51.fits,2026-02-16 09:15:51,626.3054796547715,541.8815306767125,4.3758821764344695,6.756292413643814,10.304415063761546,15.909852805738986,858.0739215527335,592.9016019028575,16846.792996878583,21057.876862143316,True,1,1
3880,allmetal3880 26-02-16 09-16-50.fits,2026-02-16 09:16:50,626.4947170455637,542.801496343881,4.310277207910539,5.357680736376435,10.14992716882777,12.616373992895406,878.3766205492908,645.3684171976037,16868.967803299718,21087.013561221724,True,1,12
3881,allmetal3881 26-02-16 09-17-50.fits,2026-02-16 09:17:50,625.7747246310687,542.9969613382882,4.3606573254102585,6.066362237750375,10.268563279387124,14.285191397873389,876.6839152939814,622.6172457401776,16849.419035383242,21061.8861430371,True,1,7
3882,allmetal3882 26-02-16 09-18-50.fits,2026-02-16 09:18:50,625.5445523355513,543.6951414442835,4.316898643652437,5.771707827241414,10.165519458439677,13.59133328565011,870.3156432296606,604.4072873178256,16859.091746948812,21074.522189256324,True,1,16
3883,allmetal3883 26-02-16 09-19-50.fits,2026-02-16 09:19:50,626.2220832808,543.3804374264049,4.636179639826998,6.916882549602671,10.91736874822898,16.28801367692915,832.2634994992419,533.7560494281958,16862.657903843676,21078.730184688113,True,1,16
3884,allmetal3884 26-02-16 09-20-51.fits,2026-02-16 09:20:51,625.7961032473337,542.6869542033869,4.120584552678012,6.406691517804609,9.70323510189107,15.08660560845605,901.3675380356364,603.096256107888,16850.574983280672,21062.85230480799,True,1,10
3885,allmetal3885 26-02-16 09-21-51.fits,2026-02-16 09:21:51,625.5579366793278,544.2088974001948,4.198236437141679,4.625770326801509,9.88609131596054,10.892856689261558,892.4292070143742,677.8271394558665,16862.866870529466,21080.079624529542,True,1,12
3886,allmetal3886 26-02-16 09-22-51.fits,2026-02-16 09:22:51,624.4820836758378,544.136556084733,4.14685655929922,4.797279520135394,9.765100949705877,11.29672997563128,900.959973434978,691.2638610350022,16837.392856493752,21047.76909615585,True,1,2
3887,allmetal3887 26-02-16 09-23-51.fits,2026-02-16 09:23:51,625.5971490736861,543.2999675882087,4.83743564909743,6.692175449348774,11.391290433041931,15.758868892990494,773.0129082530557,536.4112354772881,16867.84196384532,21085.16876056433,True,1,10
3888,allmetal3888 26-02-16 09-24-51.fits,2026-02-16 09:24:51,625.1316756071562,543.6353716814807,4.649860282211543,6.305094920374778,10.94958419914501,14.847363904321345,819.9874519480144,621.8742677683784,16870.316140483985,21087.630439400797,True,1,1
3889,allmetal3889 26-02-16 09-25-51.fits,2026-02-16 09:25:51,625.4909822118955,543.5850692228261,4.450142879603055,6.270236437962194,10.479285656141025,14.765278451196833,837.5806892667396,548.6816329664799,16856.61399197224,21071.47000721319,True,1,15
3890,allmetal3890 26-02-16 09-26-50.fits,2026-02-16 09:26:50,625.0696053638648,543.5832773106995,4.244888201135933,6.619520173081215,9.995947824950264,15.587778792058383,875.560571626928,643.4840230322553,16844.12868994121,21053.831911912723,True,1,3
3891,allmetal3891 26-02-16 09-27-50.fits,2026-02-16 09:27:50,625.9248311383021,544.6848261002101,4.692892015416238,5.088087356712614,11.050916187067847,11.981530098455401,799.4151223495638,562.4302903717585,16843.175165201243,21056.147261477414,True,1,14
3892,allmetal3892 26-02-16 09-28-50.fits,2026-02-16 09:28:50,625.6425378840995,544.0923547959728,4.628854150002364,4.929976309583096,10.900118537950263,11.609207035333979,810.0399567649308,683.974243815297,16867.400980364873,21085.175495652125,True,1,11
3893,allmetal3893 26-02-16 09-29-50.fits,2026-02-16 09:29:50,625.257295688568,543.9540134336773,4.661192977606689,5.173965378142992,10.976270657425728,12.183757384747254,825.7321913945656,713.7273153716284,16846.574410714067,21058.600119181785,True,1,3
3894,allmetal3894 26-02-16 09-30-50.fits,2026-02-16 09:30:50,625.9328492703193,544.2835587634536,4.5140554850755334,5.756348992169855,10.629788340637772,13.555165992955278,845.9677590448532,620.9643989357136,16800.910800621827,21001.736413848197,True,1,4
3895,allmetal3895 26-02-16 09-31-51.fits,2026-02-16 09:31:51,626.02571663184,543.8606458848192,3.983722897774055,6.4726028829033835,9.380950533527123,15.241815012185999,897.140633269776,620.3974929778234,16859.70969656127,21073.55607135284,True,1,7
3896,allmetal3896 26-02-16 09-32-51.fits,2026-02-16 09:32:51,625.6908273321101,543.8554391563287,4.633269704583884,5.754267106386983,10.910516374388754,13.550263526582306,817.25372997988,630.9309720825263,16881.594929132603,21102.375558964897,True,1,7
3897,allmetal3897 26-02-16 09-33-51.fits,2026-02-16 09:33:51,625.9738920130094,543.8164895187028,4.387473589605809,5.631108016823257,10.33171075584765,13.260246033749882,861.4589016022534,643.8629591450141,16878.072560250126,21097.96759122486,True,1,6
3898,allmetal3898 26-02-16 09-34-51.fits,2026-02-16 09:34:51,625.7428921702044,543.677995275081,4.476440129487853,5.002440506250076,10.541210947298934,11.779847178192448,838.3802672197157,685.1659997668035,16883.68416146256,21105.40188103539,True,1,3
3899,allmetal3899 26-02-16 09-35-50.fits,2026-02-16 09:35:50,626.3900681861768,543.2191418084176,4.676474735358242,5.993143402439467,11.012256446902391,14.112774216809443,810.0598070181176,656.70179503486,16861.038539094927,21075.937151315175,True,1,2
3900,allmetal3900 26-02-16 09-36-50.fits,2026-02-16 09:36:50,626.4650121626278,542.9755252572754,4.569879458883507,5.976045790124008,10.761243753154071,14.072512416606832,820.6811318924313,595.755907068978,16887.335239530355,21109.634511811255,True,1,14
3901,allmetal3901 26-02-16 09-37-50.fits,2026-02-16 09:37:50,626.0711786712652,543.1586982263694,4.614837457164403,6.416067895203763,10.867111748690391,15.108685289905353,841.8716361221145,609.9078929315716,16869.872262954184,21087.27151955882,True,1,14
3902,allmetal3902 26-02-16 09-38-50.fits,2026-02-16 09:38:50,625.8581919770211,544.4072456618916,4.925430722911188,4.883425708094511,11.598502996722546,11.499588745840413,764.9859459626495,667.7635704488789,16881.562743917973,21103.194287969658,True,1,9
3903,allmetal3903 26-02-16 09-39-51.fits,2026-02-16 09:39:51,626.3113479138137,544.4187286069953,4.320036649446503,5.577685296694526,10.172908897384966,13.134445141530668,887.7062661017698,611.9059176856579,16857.625993797952,21073.06526458731,True,1,12
3904,allmetal3904 26-02-16 09-40-51.fits,2026-02-16 09:40:51,625.6865254284512,543.8722412996144,4.204087163997711,6.662972344853947,9.899868724839125,15.690100837148941,901.8140205061895,604.7998495213791,16823.523131498954,21028.820193236963,True,1,4
3905,allmetal3905 26-02-16 09-41-51.fits,2026-02-16 09:41:51,626.0858034825972,544.1200251053555,4.5136241044375085,4.924400835912591,10.628772516864313,11.596077798174132,846.7756058794083,698.3397247275931,16865.188749667395,21082.423773593677,True,1,1
3906,allmetal3906 26-02-16 09-42-51.fits,2026-02-16 09:42:51,626.3694038233853,544.4197509327611,4.666579626279447,5.837282261576677,10.988955245695877,13.745749278064352,823.5348818768038,581.6951378335532,16855.502186851074,21070.473336683677,True,1,4
3907,allmetal3907 26-02-16 09-43-50.fits,2026-02-16 09:43:50,625.1559330244087,545.5463878711895,4.5466478211350765,4.759421281632524,10.706537426905168,11.207580636735159,824.2086268687294,727.1794614398779,16878.33804327303,21098.623707332175,True,1,6
3908,allmetal3908 26-02-16 09-44-50.fits,2026-02-16 09:44:50,625.7269858327205,546.8494730599241,4.751725035792226,4.878747471210697,11.189457362758938,11.488572339851004,817.1226532731981,670.317797176982,16863.49094429135,21080.862837209148,True,1,2
3909,allmetal3909 26-02-16 09-45-50.fits,2026-02-16 09:45:50,625.3440012979081,547.6306394652984,4.5388878757105635,5.002442414797384,10.688264151871179,11.779851672477907,805.7300942641882,678.2141686111154,16857.13981500751,21072.071966530817,True,1,4
3910,allmetal3910 26-02-16 09-46-50.fits,2026-02-16 09:46:50,624.4877298728005,547.5064805873418,4.916144490007757,4.505926679152693,11.57663558933872,10.6106464655085,791.0177138858444,676.5670576850928,16848.570570940286,21062.769911508563,True,1,2
3911,allmetal3911 26-02-16 09-47-50.fits,2026-02-16 09:47:50,624.4895654615922,548.8767806193011,4.466231652319402,4.2952574315958145,10.517171820633425,10.114558298489976,822.4992917848972,717.3076112466198,16876.01091428811,21096.463892587137,True,1,3
3912,allmetal3912 26-02-16 09-48-51.fits,2026-02-16 09:48:51,624.9518564219845,547.884447603089,4.3751830280850355,6.6056367905048825,10.302768695213848,15.555085924474803,854.5483482087079,610.9474958648079,16855.1610973398,21068.224616313328,True,1,7
3913,allmetal3913 26-02-16 09-49-51.fits,2026-02-16 09:49:51,624.7927989348757,548.4689163097763,4.966035247555126,4.731913808285408,11.694119345273045,11.142805487109216,763.4662107370725,735.7881632912679,16875.426850996977,21095.041706039778,True,1,1
3914,allmetal3914 26-02-16 09-50-51.fits,2026-02-16 09:50:51,624.4589817484034,548.1535569695686,4.285395130799684,4.55928214080972,10.091334354885124,10.736288976130348,865.1575770859192,713.7636233006249,16865.144976734668,21082.540825734442,True,1,2
3915,allmetal3915 26-02-16 09-51-51.fits,2026-02-16 09:51:51,624.7641772699985,549.307531089388,5.002023548446585,3.2755652986335497,11.778865317598857,7.713366824030071,749.7336329443964,812.7759484481847,16859.01693710183,21076.434181436653,True,1,1
3916,allmetal3916 26-02-16 09-52-51.fits,2026-02-16 09:52:51,624.7665864239722,549.0033078141491,5.213642868081184,4.786483342313866,12.27719073339022,11.271306919687426,710.0114339416871,689.9190565177068,16861.729764575848,21078.140035474673,True,1,4
3917,allmetal3917 26-02-16 09-53-51.fits,2026-02-16 09:53:51,624.3536935494758,548.9187465003655,4.5952461194703105,5.948321385823915,10.820977673979371,14.00722643362443,813.4603283981063,599.4836651951606,16872.27820088415,21090.769101855378,True,1,5
3918,allmetal3918 26-02-16 09-54-51.fits,2026-02-16 09:54:51,624.7755236286467,549.7282727760473,4.380519895119276,4.804196734268982,10.315336056683742,11.313018770128823,861.0152895177085,698.6517355584398,16851.855284106092,21065.835548298637,True,1,10
3919,allmetal3919 26-02-16 09-55-52.fits,2026-02-16 09:55:52,624.9188361276202,548.7024835006275,4.261090567443553,5.688461762264042,10.034101481908381,13.395303783171446,901.1786609816086,526.8547259418841,16846.130888803375,21059.727199849738,True,1,16
3920,allmetal3920 26-02-16 09-56-52.fits,2026-02-16 09:56:52,625.1183440154009,547.8570144175637,4.057045587316103,6.930640322221595,9.55361227261632,16.32041075566717,906.8356843918334,541.3352919212589,16874.287445163056,21092.68128076938,True,1,15
3921,allmetal3921 26-02-16 09-57-51.fits,2026-02-16 09:57:51,625.5988319064651,550.5090634737318,4.277641343656585,4.2587493478054705,10.07307558149565,10.028588330974804,863.8529545997675,731.2931966915155,16869.361229731465,21088.12340902962,True,1,6
3922,allmetal3922 26-02-16 09-58-52.fits,2026-02-16 09:58:52,623.9023996307704,532.3890166831404,5.0237831784297535,5.330233331421926,11.830105330455678,12.551740293524448,762.2501048318741,640.7900900038615,16850.753257559056,21064.454549756454,True,1,2
