frame_num,filename,timestamp,mu_x,mu_y,sigma_x,sigma_y,fwhm_x,fwhm_y,amp_x,amp_y,offset_x,offset_y,fit_ok,n_peaks_x,n_peaks_y
1,image0001 26-03-02 17-17-24.fits,2026-03-02 17:17:24,1162.7857472980875,819.1460713975479,181.42515164735804,318.1528156389019,427.22358377197844,749.1926276495224,207332.54063926672,150219.02399586057,17219.754477709685,17411.954548621314,True,1,14
2,image0002 26-03-02 17-18-24.fits,2026-03-02 17:18:24,1162.694213752343,819.3346542382518,182.46459366981483,317.68290577840014,429.67128268210723,748.086074490655,206689.86984388257,149765.2389835188,18547.106246580362,20092.34505239611,True,1,13
3,image0003 26-03-02 17-19-24.fits,2026-03-02 17:19:24,1161.6994953502458,819.3759427650012,184.29457283401328,323.22709540900723,433.9805542999507,761.1416433662614,208680.3738126536,152408.93671880977,17711.24193562112,17683.857006717535,True,1,13
4,image0004 26-03-02 17-20-24.fits,2026-03-02 17:20:24,1162.428857788645,820.3141487493948,183.32277326480178,318.8782280144752,431.69214119461907,750.9008432524358,206723.92718857137,150078.4310222861,18741.2994462536,20419.090840274202,True,1,13
5,image0005 26-03-02 17-21-24.fits,2026-03-02 17:21:24,1163.1606243514618,820.2977424473927,182.60454643342234,317.2487063795491,430.0008462552077,747.0636130427002,206153.26574623183,149187.0317420395,18915.430997669835,21006.356705722905,True,1,13
6,image0006 26-03-02 17-22-24.fits,2026-03-02 17:22:24,1163.2302560534715,822.287072545245,182.385644550337,315.1351667712526,429.48537171302326,742.0866076071168,205136.4233767334,148355.76802284498,19372.285806909786,22248.835105440412,True,1,13
7,image0007 26-03-02 17-23-26.fits,2026-03-02 17:23:26,1163.6570943069735,825.630994889501,181.01690683994335,313.5953908383343,426.26224071619856,738.4607123754246,205136.38588010825,148092.40875505298,17750.069165267178,19708.635316327265,True,1,13
8,image0008 26-03-02 17-24-26.fits,2026-03-02 17:24:26,1162.593129304396,825.5630688010648,183.57315809407459,319.847351290563,432.2817524095623,753.1829541690734,207124.31117568698,151410.37224863432,17293.898218546772,17692.49086416736,True,1,13
9,image0009 26-03-02 17-25-26.fits,2026-03-02 17:25:26,1161.5699542464843,825.0517332813748,185.76556606324294,324.31729767701785,437.44447864224554,763.708873520111,208489.0907540353,153496.0432617863,17417.891549562995,17239.37813282685,True,1,13
10,image0010 26-03-02 17-26-26.fits,2026-03-02 17:26:26,1161.6428673040648,823.76977764489,186.33371143531303,323.41693705974825,438.7823587528878,761.588686290808,207645.76201275995,152452.89303701857,18876.814398959745,20197.22467686071,True,1,13
11,image0011 26-03-02 17-27-26.fits,2026-03-02 17:27:26,1162.7200128644333,827.2057430145018,184.94023806697723,320.16718072908964,435.50097973291383,753.936094941907,206620.2215598729,151362.2179965898,18112.054460885607,19443.50361462694,True,1,13
12,image0012 26-03-02 17-28-26.fits,2026-03-02 17:28:26,1164.7226309962678,828.9939532215983,180.63912687752983,308.28910274838483,425.37263688809617,725.9653588165025,202308.53983517038,145458.53808123828,19582.515698948977,24103.688730997754,True,1,14
13,image0013 26-03-02 17-29-26.fits,2026-03-02 17:29:26,1162.2733503703091,827.7729559390125,185.92659015319384,322.0247852637928,437.8236613969948,758.3104193359663,207008.09542240572,152112.4982306639,18339.32177506953,19611.98480600147,True,1,13
14,image0014 26-03-02 17-30-26.fits,2026-03-02 17:30:26,1164.1580972552592,832.609463028028,182.17638297140252,314.33288413540623,428.99259835229356,740.1973763744455,204730.7862594122,148934.8703436939,17233.44529111135,18973.326792213167,True,1,14
15,image0015 26-03-02 17-31-28.fits,2026-03-02 17:31:28,1164.7600799432994,832.6833159738677,181.01250923208391,310.07968696029735,426.251885141061,730.1818624110301,202992.16915194446,146716.36708989355,18263.793478445237,21553.43584469678,True,1,13
16,image0016 26-03-02 17-32-28.fits,2026-03-02 17:32:28,1164.212900728385,832.15002352319,182.7815285445461,312.3296482972474,430.4176072780938,735.4801164678247,203264.84009653327,147396.4878892271,19199.34909024739,23042.492912841764,True,1,13
17,image0017 26-03-02 17-33-28.fits,2026-03-02 17:33:28,1162.7402456608522,830.6961109141477,186.2514385396217,321.48169003810074,438.588620888951,757.0315278121461,206581.14442810768,151991.0461463522,18352.89104803229,19947.638836815462,True,1,13
18,image0018 26-03-02 17-34-28.fits,2026-03-02 17:34:28,1164.3948106324463,834.0144035906183,182.4690290216289,311.2696621146385,429.68172713746577,732.9840397575614,202913.75573581553,147023.40153956445,18870.602859132934,22769.95583791117,True,1,13
19,image0019 26-03-02 17-35-28.fits,2026-03-02 17:35:28,1162.5369695192062,833.3749047364932,186.20867813636045,320.66976315399364,438.4879278342179,755.1195861103512,206106.7089915289,151728.56970715345,18083.30510965074,19778.1500599316,True,1,13
20,image0020 26-03-02 17-36-28.fits,2026-03-02 17:36:28,1165.8932473582688,838.7783611834824,180.23057817601426,307.5991412168153,424.41057821639595,724.3406235716624,201869.29451437393,146207.33457667436,17459.295930555556,20612.911202671035,True,1,13
21,image0021 26-03-02 17-37-28.fits,2026-03-02 17:37:28,1162.2563970970446,836.537556284001,185.99413352817012,320.61480252626563,437.982713890298,754.9901637224898,206094.3623421332,152092.06178642702,17309.088086200634,18431.36341332384,True,1,13
22,image0022 26-03-02 17-38-28.fits,2026-03-02 17:38:28,1164.5618203776253,838.1085379031881,183.07845777837392,311.47202699801795,431.1168221898672,733.4605726413537,202631.04224337023,147313.78046984167,18730.4332442413,22714.084899562185,True,1,13
23,image0023 26-03-02 17-39-30.fits,2026-03-02 17:39:30,1164.2392484696447,837.5334813783141,184.38125044804534,314.5295845450409,434.18466448292884,740.660570441919,203565.21527758826,148729.34294592738,18598.244857320948,21985.95299175464,True,1,13
24,image0024 26-03-02 17-40-30.fits,2026-03-02 17:40:30,1164.3126719517904,839.0355725339687,183.96946238983645,313.0977834145137,433.2149777091542,737.2889364392555,203090.71467907124,148367.15147546443,18501.104483697993,22040.379119438476,True,1,13
25,image0025 26-03-02 17-41-30.fits,2026-03-02 17:41:30,1163.5157791440406,839.8820922359641,184.46783602292734,315.0443360974204,434.38855793027153,741.872717715673,203733.94848153362,149119.99724124302,18001.418852849103,20947.863580240588,True,1,13
26,image0026 26-03-02 17-42-30.fits,2026-03-02 17:42:30,1164.2291898513524,839.3340306567309,185.3817982569386,315.4501633228921,436.5407745193225,742.8283678010331,203627.0750103098,149224.43408618768,18738.109136273306,22296.027722518356,True,1,13
27,image0027 26-03-02 17-43-30.fits,2026-03-02 17:43:30,1164.3687969923924,840.5012617523244,184.0821566210429,311.4291608499415,433.4803523437585,733.35963057661,201900.97400800406,147201.19457310715,19498.107982014342,24282.39748555997,True,1,13
28,image0028 26-03-02 17-44-30.fits,2026-03-02 17:44:30,1165.4883816891231,841.918199402275,182.9416703410849,309.23138515830703,430.7947123906306,728.1842643234675,201144.47013204213,146266.23906338814,19237.263433299657,24127.640361791324,True,1,13
29,image0029 26-03-02 17-45-30.fits,2026-03-02 17:45:30,1165.6629329507923,844.5001569607676,182.03679582113313,308.1151917039,428.66389573281043,725.5558296028973,200794.00084193368,146024.6493330295,18439.977665207232,22839.9159401435,True,1,13
30,image0030 26-03-02 17-46-32.fits,2026-03-02 17:46:32,1163.3516046678074,842.5572223404611,186.70415494623177,317.7042550977229,439.6546865579508,748.1363482957441,203977.47637004225,150520.6512522518,18444.875437534098,21535.802112447567,True,1,14
31,image0031 26-03-02 17-47-32.fits,2026-03-02 17:47:32,1165.063293626699,844.0299223389808,183.71227560656683,309.78136606787183,432.6093491165939,729.4793703936949,201106.6232430179,146716.7548086941,19171.408358500237,24087.859897029313,True,1,13
32,image0032 26-03-02 17-48-32.fits,2026-03-02 17:48:32,1164.398705219124,843.140711970201,186.0347533045838,314.26051255762746,438.0783661540216,740.0269543324015,202434.06875025647,148684.38039180316,19463.573847632568,24017.27780619476,True,1,13
33,image0033 26-03-02 17-49-32.fits,2026-03-02 17:49:32,1164.0409070624864,844.4914173933793,186.46521971341363,315.0576600345158,439.0920370822465,741.9040931898239,202650.6878700832,149268.05694933204,19118.219617000308,23325.622966734118,True,1,14
34,image0034 26-03-02 17-50-32.fits,2026-03-02 17:50:32,1166.3152673509558,848.5788645205134,182.46795150314534,306.8076578247561,429.6791897753418,722.4768226147323,199902.93864463255,145633.49376228722,18632.99283804925,23681.574570482815,True,1,12
35,image0035 26-03-02 17-51-32.fits,2026-03-02 17:51:32,1164.8627948076276,846.0673440391026,184.88963198196475,311.75936831525405,435.3818115095259,734.1372097349469,201367.9249205977,147542.76492573923,19174.72633562185,23958.292012593258,True,1,13
36,image0036 26-03-02 17-52-32.fits,2026-03-02 17:52:32,1166.3784413868977,849.9519870257124,182.14413081735046,305.6450012286061,428.91665033343634,719.7389755566307,199372.69411271287,145244.4759698304,18605.293883561117,23815.921012131093,True,1,13
37,image0037 26-03-02 17-53-34.fits,2026-03-02 17:53:34,1166.5847197826167,848.9977509632658,182.83890024719656,305.85579443312747,430.55270731351266,720.235355619994,199136.80296112926,145058.70149781136,19527.94102135701,25491.987209127034,True,1,12
38,image0038 26-03-02 17-54-34.fits,2026-03-02 17:54:34,1166.4780809549745,850.9006396750408,182.31649154525044,304.29871005836907,429.32252883047136,716.5687021225084,198533.65942067478,144600.7264785718,19253.879369486895,25265.457782842634,True,1,13
39,image0039 26-03-02 17-55-34.fits,2026-03-02 17:55:34,1164.2085267496918,849.8593236292297,186.7869168304268,315.9044954497742,439.84957590181784,743.8982382005165,202959.23821725714,150242.74505088967,17691.541596726147,20909.75828239226,True,1,14
40,image0040 26-03-02 17-56-34.fits,2026-03-02 17:56:34,1164.2656804700607,851.0398000789063,186.33617390558402,314.93111490839243,438.78815742724214,741.6061021902277,202568.70288634155,149932.22989582332,17563.706510310465,20797.903447086635,True,1,14
41,image0041 26-03-02 17-57-34.fits,2026-03-02 17:57:34,1167.267324457325,852.8531571897304,182.19989328301043,303.2117397994377,429.0479609053328,714.0090827684244,197759.48872254157,144058.48976061103,19504.05014833832,25936.046608440593,True,1,13
42,image0042 26-03-02 17-58-34.fits,2026-03-02 17:58:34,1166.073774902,852.3378694270144,184.4497524535367,308.31848817099797,434.34597437858474,726.0345561987036,199528.6323861112,146356.77766348337,19243.814742118033,24855.648533364005,True,1,13
43,image0043 26-03-02 17-59-34.fits,2026-03-02 17:59:34,1165.1003652429777,857.6476739801643,183.95941098534917,312.475097404076,433.19130846038684,735.8226229401165,201781.0248564788,150351.6758286914,15413.672220464807,16710.751857763076,True,1,13
44,image0044 26-03-02 18-00-34.fits,2026-03-02 18:00:34,1166.3977878575067,859.398410038006,181.7697996349256,307.94359319535243,428.0351677615821,725.1517459952721,200053.9053293297,148177.24812877993,15475.799486395785,17423.76627553396,True,1,13
45,image0045 26-03-02 18-01-36.fits,2026-03-02 18:01:36,1165.2481255833825,858.9034489838867,184.47175435388135,313.00215358389124,434.3977848945451,737.0637453972029,201756.82939001755,150666.706155274,15401.351007957632,16696.218420109624,True,1,13
46,image0046 26-03-02 18-02-36.fits,2026-03-02 18:02:36,1166.6230337610996,861.5431347059651,181.60920868068675,306.57879000594545,427.65700496348984,721.9378800873344,199352.6967224788,147801.1657823973,15487.181041898124,17706.03749564564,True,1,13
47,image0047 26-03-02 18-03-36.fits,2026-03-02 18:03:36,1165.4700233769584,859.7055658452642,184.99196260088632,313.6136880081078,435.6227817021828,738.5037989175744,201839.14533113354,151056.67092127496,15387.662339161963,16637.753410790374,True,1,13
48,image0048 26-03-02 18-04-36.fits,2026-03-02 18:04:36,1167.1277823682447,862.6625647829316,181.475322361285,305.99819322055595,427.3417267748072,720.5706791390187,199010.49940519023,147529.48261981359,15497.250660427771,17864.88970069273,True,1,13
49,image0049 26-03-02 18-05-36.fits,2026-03-02 18:05:36,1165.9382954485447,862.3475973755823,183.52538888227562,309.7956659474489,432.16926451208275,729.5130440367647,200229.8980939983,149379.6657855202,15436.14868020908,17315.08241848254,True,1,13
50,image0050 26-03-02 18-06-36.fits,2026-03-02 18:06:36,1168.1155695138336,864.7169989252782,180.1472872992854,302.63188578204455,424.2144431903066,712.6436309050753,197595.69283407202,146123.00416585137,15538.80612508498,18383.810083209453,True,1,13
51,image0051 26-03-02 18-07-36.fits,2026-03-02 18:07:36,1165.1295371221545,862.1794241033,185.55037810022412,313.8365629970274,436.93774971347943,739.0286294090184,201551.76631813037,151258.939654429,15380.544802556353,16748.576447520794,True,1,13
52,image0052 26-03-02 18-08-36.fits,2026-03-02 18:08:36,1167.427278720877,865.218640498808,181.7578809911349,305.3080212867371,428.0071015002742,718.9454484347442,198391.5236435417,147427.53435532912,15499.228879568736,18091.43931925457,True,1,13
53,image0053 26-03-02 18-09-36.fits,2026-03-02 18:09:36,1166.2833517130348,864.8252751808132,183.27285067204878,308.52178061930755,431.57458247250435,726.5132733309865,199518.72256388288,148914.6695556034,15448.083820070826,17610.718940493745,True,1,13
54,image0054 26-03-02 18-10-38.fits,2026-03-02 18:10:38,1165.7318122370573,865.0158727478308,184.3745727686417,310.4998735959335,434.16893974961494,731.1713263232801,200148.44028996225,149881.98046791274,15421.420215769966,17365.655300647715,True,1,13
55,image0055 26-03-02 18-11-38.fits,2026-03-02 18:11:38,1166.3174840403378,865.8182957130044,182.94880376605178,307.6973164181148,430.8115103227324,724.5718085036073,199092.72654614775,148448.47881755675,15467.74845003237,17821.167713994342,True,1,13
56,image0056 26-03-02 18-12-38.fits,2026-03-02 18:12:38,1166.4024477564421,866.638012515439,183.2165520792959,307.8003497200317,431.44200941778286,724.814433388267,199007.37223242602,148603.99168197226,15463.344997386914,17837.440403710832,True,1,13
57,image0057 26-03-02 18-13-38.fits,2026-03-02 18:13:38,1164.520924246674,865.828675856438,185.82489559274396,313.05659986971193,437.58418900757675,737.191956602431,200756.63936408111,151021.31422693992,15389.01145301765,17082.76308364553,True,1,13
58,image0058 26-03-02 18-14-38.fits,2026-03-02 18:14:38,1166.7241309180758,867.6980335884788,183.69179896422486,308.28036956762406,432.56113030875207,725.9447937473902,199044.2061044201,148927.21472908632,15452.518096197868,17827.08852238896,True,1,13
59,image0059 26-03-02 18-15-38.fits,2026-03-02 18:15:38,1167.182627707363,869.1765228231606,182.6577940376219,305.7159689021251,430.12623478092667,719.9060916567826,198068.314557439,147867.85980433528,15485.024254040287,18239.924189672267,True,1,13
60,image0060 26-03-02 18-16-38.fits,2026-03-02 18:16:38,1167.2348619712957,869.668935114456,182.3397885749619,304.95000939281334,429.37738914302554,718.1023948505731,197710.52183707576,147541.1944060401,15492.969632572487,18340.12516775075,True,1,13
61,image0061 26-03-02 18-17-38.fits,2026-03-02 18:17:38,1168.6413782776458,871.1626722320664,180.2700958459266,300.4175633906169,424.5036352176384,707.4293001515806,195947.84358482386,145554.18998074048,15556.003847256292,18955.12544388921,True,1,13
62,image0062 26-03-02 18-18-38.fits,2026-03-02 18:18:38,1166.3774100431035,869.8499726501109,183.64995763103568,307.62882870945197,432.46260149864736,724.4105322744099,198492.62058826504,148616.83011888826,15465.10578955289,18048.413630580628,True,1,13
63,image0063 26-03-02 18-19-38.fits,2026-03-02 18:19:38,1166.676426626742,870.2612298095768,184.06093737914634,307.9744771625906,433.4303848476001,725.2244721803946,198551.74365251,148945.69960357563,15452.629779554387,17999.689686389527,True,1,13
64,image0064 26-03-02 18-20-40.fits,2026-03-02 18:20:40,1167.0025501492216,870.781847162943,183.49475019362853,306.6219786253252,432.09711591390317,722.039581513967,198042.86222774477,148357.6761681411,15471.246821078377,18212.82665103617,True,1,13
65,image0065 26-03-02 18-21-40.fits,2026-03-02 18:21:40,1166.8810664231698,871.0786731214955,183.59372593163405,306.5891595685279,432.33018596573027,721.9622985411618,198016.2067071628,148454.19498550767,15466.714908963535,18207.758229484247,True,1,13
66,image0066 26-03-02 18-22-40.fits,2026-03-02 18:22:40,1167.4429851207208,873.1491246230102,182.87426874417827,304.4879935059109,430.6359937591678,717.0144305789725,197091.54763320644,147610.81574136257,15495.63836257871,18592.961699263262,True,1,12
67,image0067 26-03-02 18-23-40.fits,2026-03-02 18:23:40,1167.35777314975,872.8439843526293,183.90506171600026,306.4733958376791,433.06332571149125,721.6896957872715,197702.62018520743,148472.72255945936,15470.266651923153,18344.236797776015,True,1,13
68,image0068 26-03-02 18-24-40.fits,2026-03-02 18:24:40,1167.5790490346515,874.0098345565317,182.2177171541193,302.8849192605499,429.0899329143,713.2394792123235,196433.66644022596,146936.288147579,15518.450258149034,18833.14359141338,True,1,13
69,image0069 26-03-02 18-25-40.fits,2026-03-02 18:25:40,1166.9799613623252,873.515042559562,183.8418873886698,306.1469094443241,432.9145615391621,720.9208790837693,197534.61530229772,148433.26533091732,15466.028813339728,18372.856490861337,True,1,13
70,image0070 26-03-02 18-26-40.fits,2026-03-02 18:26:40,1168.4388157871665,875.3777150690566,181.56289259940627,301.46245194270955,427.54793892688326,709.8898246588717,195723.00647286882,146271.33383225897,15537.488878472586,19040.311471112458,True,1,13
71,image0071 26-03-02 18-27-40.fits,2026-03-02 18:27:40,1166.6690267360827,874.3792075762312,185.2684075829481,308.40574839212826,436.2737598872901,726.2400383165551,198111.0390942957,149535.0073771427,15433.036340523835,18152.81306589563,True,1,13
72,image0072 26-03-02 18-28-40.fits,2026-03-02 18:28:40,1167.8958849869052,875.4780967167416,183.11959913902285,303.92007528832306,431.21370269060316,715.6770853762584,196564.66233512055,147584.64309193153,15497.05538059955,18761.799294792017,True,1,13
73,image0073 26-03-02 18-29-42.fits,2026-03-02 18:29:42,1167.1159470491327,875.2188217124126,184.37308850319278,306.5999988880521,434.16544457158363,721.9878231880518,197416.3438001317,148675.9188696693,15459.689750167166,18425.73670507719,True,1,13
74,image0074 26-03-02 18-30-42.fits,2026-03-02 18:30:42,1169.2263917979822,878.6612618215771,179.88610354692705,296.9671548241564,423.59940245481675,699.3042088957329,193782.11763063268,144531.46070521,15594.408893317812,19698.75441248703,True,2,13
75,image0075 26-03-02 18-31-42.fits,2026-03-02 18:31:42,1166.9783867423328,876.2250384207359,185.01551637305914,307.1262406180999,435.6782465970315,723.2270277625003,197428.65993169683,149092.3519010815,15446.875398515254,18410.775102691117,True,1,13
76,image0076 26-03-02 18-32-42.fits,2026-03-02 18:32:42,1168.681671079631,878.4834808769767,181.8767958424056,300.81192499362425,428.2871245756984,708.3579507593328,195081.47151440557,146226.54993072455,15539.427914520315,19266.95771976911,True,2,13
77,image0077 26-03-02 18-33-42.fits,2026-03-02 18:33:42,1167.6833051226763,877.7737684435118,184.08365523462223,305.0601577585008,433.4838813090549,718.3617744300213,196540.89406206142,148152.55100752195,15478.170371131548,18739.436431656275,True,1,13
78,image0078 26-03-02 18-34-42.fits,2026-03-02 18:34:42,1167.9897458978978,878.9298634144936,183.39390099550928,303.1615593869792,431.8596342006466,713.8909169272991,195795.2955159828,147465.71404607044,15498.441001191215,19007.784142250315,True,2,12
79,image0079 26-03-02 18-35-42.fits,2026-03-02 18:35:42,1167.7575518692133,878.7497553796198,183.73134323862357,303.778855272173,432.65424995877237,715.3445376514687,196012.2440864919,147751.84522031987,15488.482130789176,18929.845535832475,True,2,12
80,image0080 26-03-02 18-36-42.fits,2026-03-02 18:36:42,1167.4754616183554,879.2452749862699,184.4406870839774,305.24164226788383,434.3246270646309,718.7891377905792,196374.90002569658,148300.1063178262,15473.19232530108,18793.948287128744,True,2,12
81,image0081 26-03-02 18-37-42.fits,2026-03-02 18:37:42,1167.6921258955754,879.9241022263056,184.07840678028614,304.24336741512593,433.47152214357885,716.4383801568545,195952.6964849267,147959.07310134487,15484.492157898405,18918.334784459494,True,2,13
82,image0082 26-03-02 18-38-42.fits,2026-03-02 18:38:42,1168.903010958336,881.8598333056416,181.5991992313477,298.9780353041894,427.63343451154657,704.0394705582761,193942.0270440916,145671.8912335852,15559.085672816758,19606.436899273365,True,2,12
83,image0083 26-03-02 18-39-44.fits,2026-03-02 18:39:44,1166.8271984089629,880.3780694233035,185.16863764465705,305.8394463100527,436.03881963671085,720.1968587320789,196407.92498254782,148768.15211750704,15461.730723019748,18791.670285002325,True,2,12
84,image0084 26-03-02 18-40-44.fits,2026-03-02 18:40:44,1168.2684329222711,882.0587230596875,182.82612242936312,301.3513052882463,430.52261785194673,709.6280942890035,194767.10036172986,146755.07044532427,15523.10717088982,19346.611100657607,True,1,12
85,image0085 26-03-02 18-41-44.fits,2026-03-02 18:41:44,1168.8854098847855,883.5294581362086,181.91495988752328,298.8588306635355,428.3769940341409,703.7587650810035,193708.5112922273,145817.11979372706,15552.774770643013,19684.598833543485,True,2,12
86,image0086 26-03-02 18-42-44.fits,2026-03-02 18:42:44,1167.5161129148455,881.5017811058179,184.81242241307476,304.7676830403131,435.19999686903554,717.6730491009682,195897.502576271,148373.87317836776,15471.131679568995,18953.14178506908,True,2,12
87,image0087 26-03-02 18-43-44.fits,2026-03-02 18:43:44,1166.5129812402317,881.7266786219844,185.81490931159544,306.4145697733245,437.56067311255293,721.551170991759,196433.79938905532,149205.2016345099,15446.194078458499,18782.97465176526,True,2,12
88,image0088 26-03-02 18-44-44.fits,2026-03-02 18:44:44,1168.3406702083228,883.6786124768323,183.2063257635504,301.0414979134822,431.41792828447853,708.8985536728106,194415.8672326515,146854.32266849538,15518.928002512563,19467.359714205333,True,2,12
89,image0089 26-03-02 18-45-44.fits,2026-03-02 18:45:44,1168.139077634601,883.5688707408402,184.49784703601395,303.3980493479999,434.45922846545955,714.4478082279594,195165.61506774466,147925.30274110782,15484.147930566238,19198.10385112326,True,2,12
90,image0090 26-03-02 18-46-44.fits,2026-03-02 18:46:44,1170.1204002824234,885.8898984943681,180.7307990528304,295.92838022731814,425.58850836406555,696.8580816528292,192290.59048199485,144582.99323511487,15590.49500089818,20084.058320780976,True,1,12
91,image0091 26-03-02 18-47-44.fits,2026-03-02 18:47:44,1168.5530328069215,884.8449635287201,183.53627818880454,301.4058323764246,432.19490686937354,709.756495769243,194350.31856856204,147042.7013275393,15513.832877996358,19473.833500644316,True,1,13
92,image0092 26-03-02 18-48-46.fits,2026-03-02 18:48:46,1168.8199807665846,885.4979811747235,183.4003460180728,300.7655490419322,431.8748110689699,708.248743738681,194022.66407600406,146860.4934000537,15517.255351158488,19558.332069927255,True,1,12
93,image0093 26-03-02 18-49-46.fits,2026-03-02 18:49:46,1170.2230589385426,887.2846191106589,180.34873878679284,294.67107252853447,424.6888251911904,693.8973482809616,191613.74103498226,144107.64783019543,15606.510448280802,20273.97139426399,True,1,12
94,image0094 26-03-02 18-50-46.fits,2026-03-02 18:50:46,1168.2012043250318,885.9593354380855,184.24674557612934,302.2012211195186,433.8679297143868,711.6294931250727,194465.05907897136,147501.46410218012,15500.96139320616,19461.806689113357,True,1,12
95,image0095 26-03-02 18-51-46.fits,2026-03-02 18:51:46,1170.0079464684293,887.8889158067055,181.59851481857166,296.8003884545308,427.63182284262246,698.9115041057014,192274.05584135273,145114.62195460836,15572.778815948022,20079.33540963992,True,1,12
96,image0096 26-03-02 18-52-46.fits,2026-03-02 18:52:46,1169.4000507736177,888.5196927010604,182.31478722719126,297.6693004940398,429.3185154681425,700.9576355937061,192554.94029740602,145693.68479265308,15556.382132733403,20017.787747897757,True,1,12
97,image0097 26-03-02 18-53-46.fits,2026-03-02 18:53:46,1170.1722029665195,888.8285208483937,180.87693078847275,295.1132683982095,425.9326223043713,694.9386399787024,191536.40324861623,144446.1411687535,15592.7308877522,20270.009816147685,True,1,12
98,image0098 26-03-02 18-54-46.fits,2026-03-02 18:54:46,1167.4103685838686,886.4834734934767,186.09555029869324,305.137309136463,438.2215321344281,718.5434520413485,195299.91804966322,148969.00053275417,15452.186993667849,19150.171458051653,True,1,12
99,image0099 26-03-02 18-55-48.fits,2026-03-02 18:55:48,1167.549144974052,886.939411539208,186.26614204786677,305.19708076918596,438.6232450048988,718.6842034802088,195239.48192495358,149052.07287329825,15450.486237467358,19167.533262781726,True,1,12
100,image0100 26-03-02 18-56-48.fits,2026-03-02 18:56:48,1169.0281820440116,888.592281937101,183.6088303914529,299.83890878541456,432.3657542504811,706.0666726881007,193199.54179016736,146699.1780811282,15523.342168047882,19796.54457781403,True,1,12
101,image0101 26-03-02 18-57-48.fits,2026-03-02 18:57:48,1169.067170059644,889.9412409255286,183.09899603001625,298.5785497038457,431.1651860765245,703.0987538588854,192619.18475215847,146198.96708102396,15539.1574257776,19983.694192850642,True,1,12
102,image0102 26-03-02 18-58-48.fits,2026-03-02 18:58:48,1168.5364944957855,889.4748204699275,183.95711785298613,300.1176204494786,433.1859085463324,706.7229885014225,193243.8997765107,146946.56453348591,15516.775621966399,19816.53926145019,True,1,12
103,image0103 26-03-02 18-59-48.fits,2026-03-02 18:59:48,1168.2874648288305,889.2089467173076,185.31355971088615,302.36030625369926,436.38008502323447,712.0041099879078,193983.21523564038,148050.11817017192,15479.24093981191,19561.634331450034,True,1,12
104,image0104 26-03-02 19-00-48.fits,2026-03-02 19:00:48,1168.3525418876384,889.9463599941163,184.71528901899205,301.26340254106196,434.97126520560766,709.4210991379206,193514.14716864852,147511.27265792,15497.779669475658,19711.36651327198,True,1,12
105,image0105 26-03-02 19-01-48.fits,2026-03-02 19:01:48,1170.8737714002782,892.8354260068846,180.26360336770574,292.8020243247427,424.488346599782,689.4960761055438,190086.24280624307,143602.68876535614,15620.664730467337,20648.495001390966,True,1,12
106,image0106 26-03-02 19-02-48.fits,2026-03-02 19:02:48,1170.250249306209,892.2844002146753,181.83883939845808,295.65448792302897,428.1977439806526,696.2131145645093,191243.57435808863,144962.1648181121,15580.033244126784,20370.16191130538,True,1,13
107,image0107 26-03-02 19-03-48.fits,2026-03-02 19:03:48,1169.426481613846,891.9182558131985,183.46917189914464,298.4056080886293,432.03688363333475,702.6915074767539,192300.0383261909,146334.86397394649,15538.450320274571,20097.40135264676,True,1,12
108,image0108 26-03-02 19-04-48.fits,2026-03-02 19:04:48,1167.9661443744365,890.5506740986274,186.2898546209954,303.89646707550247,438.6790838474214,715.6214922834812,194296.1796002185,148785.1866803465,15454.21603730958,19446.116330927096,True,1,12
109,image0109 26-03-02 19-05-50.fits,2026-03-02 19:05:50,1171.5844507411982,895.3054834808923,180.59597598678855,292.14941320309333,425.27102430561763,687.9592943546737,189533.34443572053,143655.73725211932,15623.106502347615,20824.172731501705,True,1,12
110,image0110 26-03-02 19-06-50.fits,2026-03-02 19:06:50,1168.31976741711,891.5827418826547,185.87609275035248,302.4045201568555,437.70474910056197,712.1082257733291,193692.5643765129,148328.24218579507,15470.360677703617,19662.79389877678,True,1,12
111,image0111 26-03-02 19-07-50.fits,2026-03-02 19:07:50,1170.4515698552705,894.627073019554,182.15600890854427,295.1793058522229,428.9446211006762,695.0941462991359,190762.69103666386,145068.77857583645,15573.663491808462,20486.339627421374,True,1,12
112,image0112 26-03-02 19-08-50.fits,2026-03-02 19:08:50,1170.843910226975,895.4985763283851,181.37823373594534,293.6788119494272,427.11310053371284,691.5607531793859,190057.76657253,144349.6306778343,15599.329520731879,20662.232995064667,True,1,12
113,image0113 26-03-02 19-09-50.fits,2026-03-02 19:09:50,1168.9619042863424,893.9445910868025,184.97292032609886,300.1053479514012,435.5779405718103,706.6940889769473,192532.6880173377,147382.1126163846,15500.014465757542,19989.935994849013,True,1,12
114,image0114 26-03-02 19-10-50.fits,2026-03-02 19:10:50,1168.8517227420707,894.1161513681949,184.89283053431055,300.02556434953055,435.3893435247048,706.5062129519976,192498.68354300305,147312.30554012262,15502.72522334738,20012.554656464807,True,1,12
115,image0115 26-03-02 19-11-50.fits,2026-03-02 19:11:50,1169.4717004691709,895.1979572499719,184.13784245155955,298.14617783493986,433.6114824536833,702.0805959150786,191711.5630128091,146595.86403061837,15528.085563560062,20248.316010902476,True,1,12
116,image0116 26-03-02 19-12-50.fits,2026-03-02 19:12:50,1170.6446160355356,896.7095403771848,182.08772854123634,294.32408633077,428.78383312305743,693.0802582271168,190131.9391941515,144836.14042185596,15584.790274545037,20652.629394455085,True,1,12
117,image0117 26-03-02 19-13-50.fits,2026-03-02 19:13:50,1168.1329753119285,894.2495630317945,186.55495647133765,302.60717803101267,439.3033509985821,712.5854485976778,193308.07613793947,148604.60230707668,15466.037439684576,19774.692418445076,True,1,12
118,image0118 26-03-02 19-14-52.fits,2026-03-02 19:14:52,1168.5599608343791,894.8012585564211,186.08329306253628,301.58825450582736,438.192668549029,710.1860670562178,192901.602910939,148212.32380758028,15474.505080332689,19877.191079838667,True,1,12
119,image0119 26-03-02 19-15-52.fits,2026-03-02 19:15:52,1171.0207127019025,898.7068273885549,181.08792558163947,292.09534085042975,426.4294770727175,687.8319636947394,189008.89869309272,143882.1430679284,15616.05149043389,20920.082795495542,True,1,13
120,image0120 26-03-02 19-16-52.fits,2026-03-02 19:16:52,1170.1925419504723,897.9809535362834,182.67916902566049,294.97861088841904,430.17656903122224,694.6215457754338,190207.71386450029,145234.95888589902,15574.902816023618,20653.6664372364,True,1,12
121,image0121 26-03-02 19-17-52.fits,2026-03-02 19:17:52,1169.4481291005757,897.9151224761355,184.10000749079992,297.2501888847555,433.5223879296836,699.9707031750581,190999.8254158635,146375.4512079817,15535.328604497769,20434.745689145635,True,1,12
122,image0122 26-03-02 19-18-52.fits,2026-03-02 19:18:52,1170.1627134253067,898.7888007152586,183.2885185652233,295.5816823046675,431.6114775414151,696.0416704350008,190297.44663912655,145650.81837181278,15562.852613560442,20634.16992883142,True,1,12
123,image0123 26-03-02 19-19-52.fits,2026-03-02 19:19:52,1170.3259585404817,899.0597195379887,182.919421600404,295.05826280187296,430.74232061009855,694.8091116978602,190081.88243655732,145363.08624546445,15573.404574125825,20687.882204870737,True,1,12
124,image0124 26-03-02 19-20-52.fits,2026-03-02 19:20:52,1169.0054569833517,898.1521359596936,185.12121198547496,298.848080854844,435.9271407438201,703.7334512160165,191450.89757360003,147100.16949937312,15519.180832486305,20327.447106648695,True,1,12
125,image0125 26-03-02 19-21-52.fits,2026-03-02 19:21:52,1168.664965783583,898.0363454925852,185.56977931085794,299.5171644275332,436.9834360731778,705.3090226247859,191743.65654074485,147506.45210753064,15504.71192440753,20249.576163793015,True,1,12
126,image0126 26-03-02 19-22-52.fits,2026-03-02 19:22:52,1170.9863549836207,901.3923474915766,181.94784627137477,292.45009314306384,428.454435550043,688.667341504455,188788.89145658657,144376.15132327264,15610.365661643436,21018.86831092337,True,1,12
127,image0127 26-03-02 19-23-52.fits,2026-03-02 19:23:52,1170.9428149001615,901.3912422648298,181.80224375676664,292.3331896854741,428.11156783003685,688.3920548991892,188733.14012395337,144292.12748194925,15610.354183759551,21005.761244008667,True,1,12
128,image0128 26-03-02 19-24-54.fits,2026-03-02 19:24:54,1170.9908608721378,901.8970444950716,181.7402923267815,292.36493847099587,427.96568336088956,688.4668175757412,188662.7133320438,144177.31117834922,15618.275560912594,21054.70414110366,True,1,12
129,image0129 26-03-02 19-25-54.fits,2026-03-02 19:25:54,1168.485149545154,898.360251889702,186.68429426055468,300.9713415474583,439.60791821721034,708.7333480558109,192246.25861556016,148406.22269453367,15474.953041998207,20117.398025890063,True,1,12
130,image0130 26-03-02 19-26-54.fits,2026-03-02 19:26:54,1168.756323349851,899.6935251725956,186.0383205309833,299.6278011091939,438.08676633025226,705.5695521004764,191514.75968530108,147738.91336577453,15501.012539419617,20311.221430856225,True,1,12
131,image0131 26-03-02 19-27-54.fits,2026-03-02 19:27:54,1168.7979431529486,899.8201303013366,186.10581681810947,299.7424039839044,438.24570794014215,705.8394212470628,191587.6635371435,147839.2237745225,15498.232822411854,20296.342594805803,True,1,12
132,image0132 26-03-02 19-28-54.fits,2026-03-02 19:28:54,1171.825586108752,904.1937046336458,180.56146005545133,289.6011665741597,425.18974549863185,681.9586321131783,187294.00059450816,143067.13263458764,15659.97048526678,21371.195913459334,True,1,12
133,image0133 26-03-02 19-29-54.fits,2026-03-02 19:29:54,1168.7987170684517,900.1462222237423,186.72043745429812,300.80906106501163,439.6930289343289,708.3512067228282,191808.78089005096,148242.11108625247,15489.0098309097,20224.949565978488,True,1,12
134,image0134 26-03-02 19-30-54.fits,2026-03-02 19:30:54,1171.7662853006548,904.648001658519,180.7656564485475,289.61680570723564,425.67059125821777,681.9954594572323,187270.70448268723,143210.25680022364,15654.394177957727,21385.99418445361,True,1,12
135,image0135 26-03-02 19-31-54.fits,2026-03-02 19:31:54,1171.4161305150142,904.5245927056473,181.96099736984445,291.27552696924255,428.48540402033353,685.9014495341253,187945.1978962773,144215.91621472588,15620.377957559556,21224.143264630704,True,1,12
136,image0136 26-03-02 19-32-54.fits,2026-03-02 19:32:54,1168.7384097505108,901.4384955212238,186.50516558510907,299.9819883111219,439.1861024216312,706.4035992232698,191366.7368542163,148027.13689416347,15493.955114193717,20330.963444569155,True,1,12
137,image0137 26-03-02 19-33-56.fits,2026-03-02 19:33:56,1168.590202227084,901.6833033954972,186.4394466374876,299.4810286625635,439.03134612643385,705.2239294010928,191203.59385278655,147958.00770336072,15494.806152980653,20388.174373724534,True,1,12
138,image0138 26-03-02 19-34-56.fits,2026-03-02 19:34:56,1168.9320811703406,902.2176342540604,186.25745279434116,299.1099508730291,438.6027833765204,704.3501079840314,190968.6190237817,147772.39208246116,15503.00338272338,20441.164249471734,True,1,12
139,image0139 26-03-02 19-35-56.fits,2026-03-02 19:35:56,1170.4273171299815,904.5131995948591,183.2777207979729,293.63086779287204,431.58605074265233,691.4478533184877,188736.98416668095,145230.5230498543,15589.432313731191,21035.831840943287,True,1,12
140,image0140 26-03-02 19-36-56.fits,2026-03-02 19:36:56,1172.0951992614405,906.8881762962737,180.96943780171802,289.1820263314396,426.1504596734672,680.9716322679418,186737.91443023412,143229.08711189666,15658.016771244449,21486.76087121302,True,1,12
141,image0141 26-03-02 19-37-56.fits,2026-03-02 19:37:56,1170.3714855180206,905.8213976989216,183.5480326292085,293.3452733873679,432.22258646125493,690.7753298876578,188495.69327574258,145348.40352621782,15594.057852790225,21135.68033786976,True,1,12
142,image0142 26-03-02 19-38-56.fits,2026-03-02 19:38:56,1169.6299520890434,903.6832578960303,185.98270775920838,298.11839896032603,437.95580826051696,702.0151816643095,190401.57139488257,147395.8226867996,15520.95372869445,20622.70106204043,True,1,12
143,image0143 26-03-02 19-39-56.fits,2026-03-02 19:39:56,1171.7976637097702,906.9228828529629,182.14098270048453,290.8522761776082,428.90923708473633,684.9047700859094,187308.21178549086,144130.97043066996,15630.064338177213,21348.938639053875,True,1,12
144,image0144 26-03-02 19-40-56.fits,2026-03-02 19:40:56,1169.5163231685738,904.6436909952843,186.01033420363257,297.79334978670704,438.02086356561995,701.2497493546507,190196.41800147714,147397.71895222587,15521.676744656574,20680.308353528948,True,1,12
145,image0145 26-03-02 19-41-56.fits,2026-03-02 19:41:56,1169.8749458854243,905.5548243483311,185.00923784264154,295.8446843226298,435.66346178775075,696.6609928587822,189380.37680356557,146519.05704627687,15550.519067462483,20895.842485467376,True,1,12
146,image0146 26-03-02 19-42-56.fits,2026-03-02 19:42:56,1170.683444686173,906.1979397451128,184.66045628063011,294.93504787080525,434.84214397418907,694.5189627083348,188944.88979858128,146163.63267119788,15565.64695691359,21010.73970346254,True,1,12
147,image0147 26-03-02 19-43-58.fits,2026-03-02 19:43:58,1170.8484101977617,907.3442312585203,183.51147186972298,292.85981446589835,432.1364924519569,689.6321614883423,188059.5905388338,145215.16827270575,15597.631424746223,21221.19875970306,True,1,12
148,image0148 26-03-02 19-44-58.fits,2026-03-02 19:44:58,1170.062789425166,907.0715017153344,184.79780112419243,294.91798730011305,435.1655663648912,694.4787881344892,188822.66823014402,146216.9762194876,15565.662081466602,21052.93144049633,True,1,12
149,image0149 26-03-02 19-45-58.fits,2026-03-02 19:45:58,1171.9282741155089,909.0630275444707,182.46741527397134,290.794826836445,429.6779270521341,684.7694872257645,187000.0320276038,144259.69149816825,15632.113497201402,21449.87012362383,True,1,12
150,image0150 26-03-02 19-46-58.fits,2026-03-02 19:46:58,1172.655635446146,910.1086111665908,181.03363375115111,288.2300213445112,426.3016295820021,678.7298318417534,185897.97169951137,143078.46353282558,15669.88900222161,21676.425666737512,True,1,12
151,image0151 26-03-02 19-47-58.fits,2026-03-02 19:47:58,1169.901049301912,909.9636269131572,182.66952288649728,290.60191477402236,430.1538541093635,684.3152140342435,186819.87806276733,144378.28503933264,15626.59789504158,21485.768695905528,True,1,12
152,image0152 26-03-02 19-48-58.fits,2026-03-02 19:48:58,1169.2003998505575,907.1558953498245,186.50990878552753,297.5934701718155,439.1972718050542,700.7790688309111,189726.03998452204,147569.05386702187,15522.56115750689,20818.042446487616,True,1,12
153,image0153 26-03-02 19-49-58.fits,2026-03-02 19:49:58,1171.1811964017706,909.5053515565199,182.71295912951246,291.05154196986814,430.25613864509654,685.3740051678121,187037.6305721372,144445.48670706028,15625.608457465396,21437.07483429125,True,1,12
154,image0154 26-03-02 19-50-58.fits,2026-03-02 19:50:58,1169.3119984046448,908.2515071751346,186.46762799597894,296.95161015956484,439.09770815430545,699.2676040079593,189341.18601069952,147433.36620178784,15530.459834922347,20929.443624893065,True,1,12
155,image0155 26-03-02 19-51-58.fits,2026-03-02 19:51:58,1170.7360381399621,909.5889276176514,184.38543243862526,293.3358630115511,434.1945123181746,690.7531701460532,187887.86981003106,145728.13569915073,15586.78808988612,21280.711003925542,True,1,12
156,image0156 26-03-02 19-53-00.fits,2026-03-02 19:53:00,1170.2881300366882,909.0424429496516,185.41571192004287,295.2131029153878,436.6206350930009,695.1737323009398,188591.99804057105,146554.57826467327,15556.865032541744,21099.149283479037,True,1,12
157,image0157 26-03-02 19-54-00.fits,2026-03-02 19:54:00,1170.0117672641445,908.6335116050504,186.1120068905323,296.3309198916905,438.26028444676365,697.8059901234133,189046.94504873944,147148.62596864277,15536.417512294647,20973.95676915105,True,1,12
158,image0158 26-03-02 19-55-00.fits,2026-03-02 19:55:00,1171.0561383590723,910.2207358155192,184.32588611199935,293.075727987242,434.05429143462794,690.1405989763954,187706.36328859572,145664.75088100016,15589.109133434937,21315.10989699783,True,1,12
159,image0159 26-03-02 19-56-00.fits,2026-03-02 19:56:00,1170.8411858451968,910.8652746696931,183.95668023973852,292.09295800385013,433.184878045885,687.8263525198496,187255.60246898237,145283.85680428916,15604.11912150235,21441.40317316248,True,1,12
160,image0160 26-03-02 19-57-00.fits,2026-03-02 19:57:00,1171.5818893167373,912.3141577453788,182.55723006603813,289.80969997795006,429.8894247248333,682.4496907524823,186188.67574590485,144175.57773210056,15636.08589326722,21624.0358883314,True,1,12
161,image0161 26-03-02 19-58-00.fits,2026-03-02 19:58:00,1171.854373918587,912.7081199107394,182.55411145837488,289.549093057733,429.8820809649953,681.8360083528813,186051.7270262498,144141.50338987375,15637.692529087557,21664.437704211407,True,1,12
162,image0162 26-03-02 19-59-00.fits,2026-03-02 19:59:00,1170.4180578303556,911.4187527127978,185.07804432453142,293.9027505453187,435.8254886705331,692.0880882738473,187787.64143884674,146135.2567966507,15575.813217201327,21308.113586497708,True,1,12
163,image0163 26-03-02 20-00-00.fits,2026-03-02 20:00:00,1170.2771036069744,911.5622130301921,185.03048160015103,293.77036844264205,435.7134870137659,691.776352244861,187707.9446630569,146129.7504455521,15574.460163217751,21293.75068384496,True,1,12
164,image0164 26-03-02 20-01-00.fits,2026-03-02 20:01:00,1169.707991166486,910.4917543574684,186.51230493020523,296.3412919935989,439.20291429457205,697.8304145568962,188734.10160096732,147311.98104623743,15536.780435120554,21053.741959616284,True,1,13
165,image0165 26-03-02 20-02-00.fits,2026-03-02 20:02:00,1171.8097162883982,913.1648004463077,183.30639294919257,290.45603685410816,431.6535684990785,683.971697784302,186246.7341503139,144655.30444769695,15624.121884144817,21612.622822896814,True,1,13
166,image0166 26-03-02 20-03-02.fits,2026-03-02 20:03:02,1172.3134020886046,915.1118658441576,181.20231915143398,286.7071307779368,426.6988533438922,675.1436986091954,184592.28848237582,142900.49012389113,15684.778949915293,21971.99836327015,True,1,12
167,image0167 26-03-02 20-04-02.fits,2026-03-02 20:04:02,1171.108828124628,913.1889198572177,184.2347870281037,292.0335510536391,433.8397694857865,687.6864598426785,186795.00970466007,145378.29808722716,15598.099106160962,21486.305066864526,True,1,13
168,image0168 26-03-02 20-05-02.fits,2026-03-02 20:05:02,1169.471301921491,911.8475025286854,186.93297742000397,296.571116607265,440.1935223059432,698.3716101639988,188586.1608564046,147516.86319008836,15536.334910023923,21107.736052250682,True,1,13
169,image0169 26-03-02 20-06-02.fits,2026-03-02 20:06:02,1171.0216221828287,913.9434537546736,184.10363249129375,291.43953895862677,433.5309241535097,686.2876682543526,186517.85042237432,145228.90628492294,15611.215109750276,21586.26345551519,True,1,13
170,image0170 26-03-02 20-07-02.fits,2026-03-02 20:07:02,1172.4770337546881,916.0566143036002,181.4108584815363,286.97040805282745,427.1899259385945,675.763669213509,184495.6108043124,143015.21780594953,15681.550727608328,21969.177209009737,True,1,12
171,image0171 26-03-02 20-08-02.fits,2026-03-02 20:08:02,1172.6739607534312,916.3982108862125,180.87283682623686,285.92284309935815,425.92298176003465,673.2968422626076,184057.43165648892,142570.71310039907,15694.997722734948,22054.74050503346,True,1,12
172,image0172 26-03-02 20-09-02.fits,2026-03-02 20:09:02,1169.5787594103758,913.4020963523719,186.64845441184005,295.3806481566199,439.5235218230463,695.5682711934427,187932.499854173,147172.3005409094,15551.640490161159,21272.450305425813,True,1,13
173,image0173 26-03-02 20-10-02.fits,2026-03-02 20:10:02,1170.7917943384768,914.3726425049604,184.9356784499814,292.7948494431568,435.49024265541436,689.4791805505646,186892.37071894368,145828.7985270836,15593.449211399977,21501.3073665716,True,1,13
174,image0174 26-03-02 20-11-02.fits,2026-03-02 20:11:02,1170.044532056716,914.121774341723,185.99473014771817,294.3224929790493,437.984118821969,693.076506170546,187504.3371894976,146644.62478699425,15566.793658018023,21391.70853690331,True,1,13
175,image0175 26-03-02 20-12-04.fits,2026-03-02 20:12:04,1171.9485284127545,917.0941562534771,182.62644324492325,288.1029912421058,430.0524093058523,678.4306988102868,184811.4322763176,143904.9246210466,15656.323202603988,21931.23843628925,True,1,12
176,image0176 26-03-02 20-13-04.fits,2026-03-02 20:13:04,1172.231880508921,917.0033611602128,182.52959873830113,288.30212063790606,429.8243579204074,678.8996127030721,184874.12536533305,143822.02042190445,15660.705736932086,21925.119836152273,True,1,12
177,image0177 26-03-02 20-14-04.fits,2026-03-02 20:14:04,1170.6799356606396,915.7723398289385,184.82752012148507,291.80553251802945,435.23554925543414,687.1495172243863,186360.82446972246,145646.38524587726,15600.039396934195,21635.576937907663,True,1,13
178,image0178 26-03-02 20-15-04.fits,2026-03-02 20:15:04,1173.1508247843158,918.9663162952688,181.00212961299707,285.5272312527528,426.2274430059755,672.3652475561696,183499.0773779967,142540.6620817668,15700.796576885257,22162.862827844223,True,1,12
179,image0179 26-03-02 20-16-04.fits,2026-03-02 20:16:04,1172.4734399887088,918.3053411177734,182.64224928927547,287.89187042216497,430.0896296959255,677.9335472715668,184521.47959698606,143866.7620289937,15656.667550246875,21968.454585007774,True,1,11
180,image0180 26-03-02 20-17-04.fits,2026-03-02 20:17:04,1172.0301676089166,918.6429359025332,182.74518543077247,287.92934374429944,430.3320257852808,678.021790201683,184500.57426813545,143892.32459311633,15663.535093204418,22014.361595094833,True,1,12
181,image0181 26-03-02 20-18-04.fits,2026-03-02 20:18:04,1170.0811265654365,915.9961832804013,185.86656486283448,293.54489934070995,437.68231264004777,691.2454130840961,186911.02096201055,146419.44366803163,15577.777385789368,21519.497743576005,True,1,13
182,image0182 26-03-02 20-19-04.fits,2026-03-02 20:19:04,1172.0504312860576,918.6287177661138,182.790291371613,287.8912451364327,430.43824215892204,677.9320748361905,184499.0369827303,143930.97111161353,15660.943966413144,22013.141245716844,True,1,12
183,image0183 26-03-02 20-20-04.fits,2026-03-02 20:20:04,1172.1353255713948,919.0392830072417,182.77597622441408,287.85993448320323,430.4045325633505,677.8583438823428,184401.71966860283,143883.03879400858,15661.650739896284,22030.106365418407,True,1,11
184,image0184 26-03-02 20-21-04.fits,2026-03-02 20:21:04,1171.5465479904117,918.3758916026667,184.17998348619508,289.9522731357897,433.7107170067614,682.7854248824465,185273.74873912462,144972.02848195028,15628.541796761194,21874.557999613226,True,1,12
185,image0185 26-03-02 20-22-06.fits,2026-03-02 20:22:06,1172.482912170908,920.3836929570283,181.62071735603348,285.66908076154687,427.68410582288806,672.6992776228557,183338.57975620663,142912.14418092827,15693.431462460992,22210.576042871777,True,1,11
186,image0186 26-03-02 20-23-06.fits,2026-03-02 20:23:06,1169.854085111436,917.0444772390954,186.78773808338318,294.498588123748,439.8515098047415,693.4911785471153,187069.1406145331,147081.81724027355,15559.41436312152,21470.30702327351,True,1,13
187,image0187 26-03-02 20-24-06.fits,2026-03-02 20:24:06,1171.8594853042014,919.507583478086,183.47899524255578,288.55437718343546,432.06001583930856,679.493631472975,184568.61455483845,144366.23177294896,15649.670959644258,22007.17076419948,True,1,11
188,image0188 26-03-02 20-25-06.fits,2026-03-02 20:25:06,1172.6824954763383,920.8019651275379,182.34667895521088,286.5529382460101,429.3936147485537,674.7806029442204,183644.61291984445,143443.41482944877,15680.325103637333,22185.709896163928,True,1,12
189,image0189 26-03-02 20-26-06.fits,2026-03-02 20:26:06,1172.0166043713955,919.935416745874,184.21160958245557,289.29485205592295,433.7851907721817,681.2373165455502,184830.5620822552,144946.08409384743,15632.55845678451,21963.880430018045,True,1,12
190,image0190 26-03-02 20-27-06.fits,2026-03-02 20:27:06,1170.1227130503898,918.085869421668,187.0561951010976,294.2865614732187,440.48367777128465,692.9918939403681,186818.955477181,147190.44375901297,15559.193572645834,21533.957798660955,True,1,13
191,image0191 26-03-02 20-28-06.fits,2026-03-02 20:28:06,1170.0947812469874,918.3989648463811,186.99198504970957,294.0900651447279,440.3324746551837,692.5291804472629,186732.90070982277,147144.49192560895,15560.732381500362,21559.72660735408,True,1,13
192,image0192 26-03-02 20-29-06.fits,2026-03-02 20:29:06,1171.0889171427277,920.0905019172613,184.70502444526207,290.0627087848874,434.9470939816346,683.0454809626276,185048.52698495873,145259.8018526333,15623.439082720408,21936.06886463522,True,1,12
193,image0193 26-03-02 20-30-06.fits,2026-03-02 20:30:06,1170.800195058986,919.8106249454395,185.51503674356852,291.3606819039918,436.8545271784082,686.1019740814061,185551.32584413906,145885.93043015845,15605.089093562492,21839.897060710642,True,1,13
194,image0194 26-03-02 20-31-08.fits,2026-03-02 20:31:08,1170.131613153931,918.8557168918148,186.9206009978919,293.8185225570071,440.16437805906793,691.8897465186185,186576.59865019078,147084.32928184,15559.964956106885,21583.015705697224,True,1,13
195,image0195 26-03-02 20-32-08.fits,2026-03-02 20:32:08,1172.5092849700034,921.824605424734,183.35519985135036,287.5190748344655,431.76849997061555,677.055680748953,183880.95699801785,144167.87919457373,15658.779692002143,22159.221751574398,True,1,11
196,image0196 26-03-02 20-33-08.fits,2026-03-02 20:33:08,1171.6459489308731,921.5421819527081,184.733570259513,289.6081007163312,435.01431423723443,681.9749607701588,184623.20058905205,145208.81304528815,15627.018519362477,21999.624549921293,True,1,11
197,image0197 26-03-02 20-34-08.fits,2026-03-02 20:34:08,1172.5588001770782,923.3734080243894,182.2564004530876,285.45232123060873,429.18102512211846,672.188847934451,182862.4582658728,143256.99568529348,15690.965722690846,22339.641947306576,True,1,11
198,image0198 26-03-02 20-35-08.fits,2026-03-02 20:35:08,1170.4100948200567,921.3691695444788,185.5258074629749,290.96989280497286,436.8798902843658,685.1817360776566,185151.8893316833,145820.19012706177,15607.434956279261,21908.669148303205,True,1,13
199,image0199 26-03-02 20-36-08.fits,2026-03-02 20:36:08,1171.9303026142718,922.6500835340191,183.8791360172633,288.1286233953461,433.00227535642404,678.4910579185344,183922.2983601259,144533.35863184213,15648.5720659141,22123.58435740193,True,1,12
200,image0200 26-03-02 20-37-08.fits,2026-03-02 20:37:08,1169.742636628571,920.9465287504288,186.96470100428687,292.8977711248838,440.26822563811277,689.7215425897635,185893.77022579403,146929.83411320814,15573.38927147051,21752.164879867174,True,1,12
201,image0201 26-03-02 20-38-08.fits,2026-03-02 20:38:08,1172.453570892422,923.3092858122402,183.25242054045106,286.97441992799884,431.52647318909544,675.7731164575808,183422.1613810173,143999.513370695,15666.930790066257,22244.260891052385,True,1,11
202,image0202 26-03-02 20-39-08.fits,2026-03-02 20:39:08,1172.864919615142,924.8448661764327,182.1234195907602,284.96366641794106,428.8678791219044,671.0381537864804,182400.10157794194,143101.07588301465,15695.255674610375,22388.373173986907,True,1,11
203,image0203 26-03-02 20-40-08.fits,2026-03-02 20:40:08,1171.235125918797,923.2108717187476,184.6397809533747,289.0020518655093,434.7934572991304,680.5478247879754,184145.84558215618,145053.29114783878,15639.40333066408,22105.926762064824,True,1,11
204,image0204 26-03-02 20-41-10.fits,2026-03-02 20:41:10,1172.6758005825686,925.1851180131123,182.4171606005271,285.29189882202894,429.55958633975115,671.8110820310552,182444.74712011442,143262.39440085783,15695.1760029525,22401.138424987726,True,1,11
205,image0205 26-03-02 20-42-10.fits,2026-03-02 20:42:10,1173.0489011620623,925.4786771317933,182.14230600966695,284.8014575254814,428.9123532397249,670.6561810350341,182212.07363974283,143019.69385253417,15704.58518966577,22452.65818322846,True,1,11
206,image0206 26-03-02 20-43-10.fits,2026-03-02 20:43:10,1173.0520875850252,925.5759818754453,181.38000423155063,283.65166968025295,427.1172697322538,667.9486375695573,181729.25099981372,142438.9557872209,15718.87592470268,22505.161780972478,True,1,11
207,image0207 26-03-02 20-44-10.fits,2026-03-02 20:44:10,1172.886812005231,926.729763065026,181.86644719416316,284.135575684081,428.26275537137803,669.0881491272823,181805.32475927146,142778.66942540032,15715.294358831885,22536.977528962794,True,1,11
208,image0208 26-03-02 20-45-10.fits,2026-03-02 20:45:10,1171.0036298995474,923.4919438287055,185.73841977263302,290.43126034018456,437.38055401296907,683.9133535526688,184664.10479080144,145884.16044344872,15613.701543263072,22028.14985889598,True,1,11
209,image0209 26-03-02 20-46-10.fits,2026-03-02 20:46:10,1171.0299558608099,924.4063264038946,185.04581841819316,289.30457787183224,435.7496024603185,681.2602190918078,184067.45623841547,145280.77725047412,15633.191780413084,22137.19123856093,True,1,12
210,image0210 26-03-02 20-47-10.fits,2026-03-02 20:47:10,1171.7161931141031,925.1390637187955,184.81123094454247,288.4798370848698,435.1971911750527,679.318102954714,183697.43157761171,145052.37792307773,15646.921059801552,22242.107303745663,True,1,11
211,image0211 26-03-02 20-48-10.fits,2026-03-02 20:48:10,1170.7748623048412,924.3987994151859,186.1421065882267,290.45397140182376,438.3311638182438,683.9668340158607,184513.68545247088,146136.97683628649,15608.229547249519,22049.023399774836,True,1,11
212,image0212 26-03-02 20-49-10.fits,2026-03-02 20:49:10,1170.8287713269815,924.190715613474,186.1195148746707,290.95155265701885,438.2779643983105,685.1385483296258,184675.0601017757,146089.71458667575,15612.433085451341,22029.30228069515,True,1,11
213,image0213 26-03-02 20-50-12.fits,2026-03-02 20:50:12,1172.4139010588626,926.3684644896813,184.07591906446768,286.94378948268564,433.4656640205032,675.7009872709691,182935.76259533892,144434.10339743824,15668.963080105827,22377.917984211763,True,1,11
214,image0214 26-03-02 20-51-12.fits,2026-03-02 20:51:12,1172.6968648100442,927.3743833460161,182.98588174316527,285.1855097260994,430.8988222864684,671.5605548553876,182110.18360569899,143579.93394404976,15694.823678985038,22502.448112275513,True,1,11
215,image0215 26-03-02 20-52-12.fits,2026-03-02 20:52:12,1172.989879386793,927.5298381478938,182.69387917176041,284.7767495449862,430.21120877812365,670.5979981872919,181899.22379893844,143353.74579438442,15698.086847513274,22513.502454925747,True,1,11
216,image0216 26-03-02 20-53-12.fits,2026-03-02 20:53:12,1170.3989280758722,924.8115250840237,187.1551149652349,292.1746583241445,440.7166162502069,688.0187420717642,185035.2896603676,146858.2337575352,15590.90837171234,21967.161960407248,True,1,11
217,image0217 26-03-02 20-54-12.fits,2026-03-02 20:54:12,1172.8310368464618,928.3112284444376,183.09560232660064,284.9772082302396,431.1571945156945,671.070042317527,181904.4206579317,143651.47909476195,15692.73084808082,22529.80432522171,True,1,11
218,image0218 26-03-02 20-55-12.fits,2026-03-02 20:55:12,1173.903217841836,929.5465154044196,181.2328891051305,282.1580030964589,426.7708400836325,664.4313215574462,180548.5219669544,142125.09469077198,15743.968455847838,22739.822224288888,True,1,11
219,image0219 26-03-02 20-56-12.fits,2026-03-02 20:56:12,1171.9652669336456,927.0805645349126,184.60963212460612,287.5158262070373,434.722462232812,677.0480308159662,183038.64518443213,144805.0691968954,15657.780331154094,22365.027499759468,True,1,11
220,image0220 26-03-02 20-57-12.fits,2026-03-02 20:57:12,1170.7693732328282,926.036416765582,186.61869481243286,290.7695451082307,439.45344332183015,684.7099533053926,184357.29014346696,146387.77904738876,15605.176938746255,22101.1420207185,True,1,11
221,image0221 26-03-02 20-58-14.fits,2026-03-02 20:58:14,1171.3248934083838,927.0568272109322,185.51464004671763,288.88709898367154,436.85359302871194,680.2771314375897,183486.5026759198,145476.72275882083,15636.585198024197,22263.926454181317,True,1,11
222,image0222 26-03-02 20-59-14.fits,2026-03-02 20:59:14,1171.0418948213426,927.0762947501039,186.39558659148358,290.06788410188597,438.92806361092755,683.0576679028353,183938.13998817216,146149.64403818198,15618.813425108885,22196.939290317277,True,1,11
223,image0223 26-03-02 21-00-14.fits,2026-03-02 21:00:14,1172.9556240540742,929.590332447296,182.80240129438556,284.2219738006657,430.4667588478107,669.2916011440689,181397.63635103987,143330.63094240727,15709.119512662628,22636.52253570104,True,1,11
224,image0224 26-03-02 21-01-14.fits,2026-03-02 21:01:14,1170.722116580921,926.6758845988479,186.7459428430274,290.7695310607654,439.75308953496483,684.7099202261396,184248.68918959072,146445.36627399418,15607.956465165878,22129.619574532793,True,1,11
225,image0225 26-03-02 21-02-14.fits,2026-03-02 21:02:14,1173.3118203654417,930.5042756658577,182.29767175875915,283.2928730274639,429.27821161999844,667.1037360194795,180900.3050140826,142910.52613642786,15725.238191972812,22720.831430877646,True,1,11
226,image0226 26-03-02 21-03-14.fits,2026-03-02 21:03:14,1171.1455289076796,927.8403027922693,186.0267904626483,289.4415699336272,438.05961509421644,681.5828107449327,183553.84117054072,145854.39175827385,15626.355450708985,22236.37748298802,True,1,11
227,image0227 26-03-02 21-04-14.fits,2026-03-02 21:04:14,1172.408940278778,929.7022390003962,184.01342482190526,286.0598632668737,433.31850132541814,673.6195000996468,182042.62842295706,144266.48678705932,15678.621318118243,22507.344825891236,True,1,11
228,image0228 26-03-02 21-05-14.fits,2026-03-02 21:05:14,1170.4432968047747,927.3971415247598,187.25541215335895,291.3692438334901,440.9527980792617,686.1221358846128,184345.99613365022,146798.81753918153,15599.399517429762,22115.170841917767,True,1,11
229,image0229 26-03-02 21-06-14.fits,2026-03-02 21:06:14,1171.9494614142275,929.6237478460414,184.83749569117236,287.2163112219268,435.2590399268944,676.3427269252408,182503.01056137145,144859.10946592383,15665.332005919625,22467.140903469193,True,1,11
230,image0230 26-03-02 21-07-16.fits,2026-03-02 21:07:16,1173.875053445176,932.4847614724173,181.54018083195828,281.7829310959928,427.4944568016387,663.5480944924187,179966.91703438284,142239.64151066693,15749.2882400655,22859.367425815784,True,1,11
231,image0231 26-03-02 21-08-16.fits,2026-03-02 21:08:16,1171.0988968436923,929.0683807465587,186.31130219265478,289.229868277988,438.72958901908214,681.0842914426672,183300.29159827236,145964.8705141679,15631.289352727854,22325.96556881786,True,1,11
232,image0232 26-03-02 21-09-16.fits,2026-03-02 21:09:16,1173.173805397054,932.5188582653149,182.14774687002728,282.45718914004476,428.9251654867636,665.1358508500756,180225.40853503163,142676.03246804926,15736.64836529931,22832.82309551707,True,1,11
233,image0233 26-03-02 21-10-16.fits,2026-03-02 21:10:16,1171.0085218342049,929.5405797337669,186.48125309559745,289.33654181970115,439.1297928120027,681.3354884369678,183273.94759081004,146076.6983323133,15629.424066038748,22336.70359965252,True,1,11
234,image0234 26-03-02 21-11-16.fits,2026-03-02 21:11:16,1172.9945679533716,932.2718404581983,183.1058390429893,283.6723265297015,431.1813001406418,667.9972807327058,180757.580461232,143405.23920818616,15717.187110473113,22770.735013604437,True,1,11
235,image0235 26-03-02 21-12-16.fits,2026-03-02 21:12:16,1170.942480843306,929.2593777954551,186.66492563268312,289.76835912651126,439.56230858405365,682.3523404868355,183464.88836893957,146229.11540444675,15627.253029920787,22302.759849941856,True,1,11
236,image0236 26-03-02 21-13-16.fits,2026-03-02 21:13:16,1173.4761794095227,932.8869857993923,182.76209415290245,283.019161635231,430.37184278308837,666.4591949464962,180412.43562193506,143139.52391378474,15724.943163965985,22813.484402615748,True,1,11
237,image0237 26-03-02 21-14-16.fits,2026-03-02 21:14:16,1171.7305749129084,930.392480889659,186.51295748070166,289.16702967341604,439.2044509335614,680.9363178370194,183084.33738873995,146085.01519681895,15630.40807142839,22365.491285763692,True,1,11
238,image0238 26-03-02 21-15-16.fits,2026-03-02 21:15:16,1173.746520304584,933.759090231731,181.79768899020564,281.4390068092555,428.1008421744386,662.7382146880367,179640.44615802678,142357.77525042152,15750.088064429534,22925.62303780268,True,1,11
239,image0239 26-03-02 21-16-18.fits,2026-03-02 21:16:18,1172.1441532190524,931.1076455735872,185.35792572059495,287.2244017442544,436.4845589922148,676.3617786493926,182238.4406747249,145157.738799865,15662.756737400816,22515.08136095467,True,1,11
240,image0240 26-03-02 21-17-18.fits,2026-03-02 21:17:18,1171.29532937633,931.3950549185989,186.30822605511196,288.5082804318471,438.722345268735,679.3850819183239,182655.47700766113,145821.36136927863,15645.053154956342,22468.25433487833,True,1,11
241,image0241 26-03-02 21-18-18.fits,2026-03-02 21:18:18,1173.5489821004044,933.375605852612,183.3683200355451,283.7701979932812,431.7993956433519,668.2277504169799,180588.526002497,143552.40461659984,15715.047755270176,22790.45371013583,True,1,11
242,image0242 26-03-02 21-19-18.fits,2026-03-02 21:19:18,1173.2285823738384,933.2942973843006,183.540205897631,283.7831457910757,432.2041559168492,668.2582401507653,180622.4195707695,143672.73486024988,15711.458195574622,22794.364519082013,True,1,11
243,image0243 26-03-02 21-20-18.fits,2026-03-02 21:20:18,1173.3612829529834,934.4384311482161,182.9884477378012,282.72277040669354,430.90486474207256,665.7612469403648,180017.44771383968,143197.56768672974,15729.906875026749,22890.35456223375,True,1,11
244,image0244 26-03-02 21-21-18.fits,2026-03-02 21:21:18,1173.8957665648243,935.3782720022343,181.70333700735478,280.9019547494392,427.8786602339329,661.4735537323561,179121.39644298505,142186.6847724676,15759.701788644674,23002.67450577908,True,1,11
245,image0245 26-03-02 21-22-18.fits,2026-03-02 21:22:18,1173.3522403458983,934.4767979074572,183.02751728675034,283.0108599164642,430.9968664990883,666.4396458927359,180088.9471907052,143258.28866526423,15723.377478492004,22844.119046149928,True,1,11
246,image0246 26-03-02 21-23-18.fits,2026-03-02 21:23:18,1171.9473330929447,933.2584173469421,185.33327950283498,286.3043169283941,436.4265215845994,674.1951444818761,181594.74394507363,145015.4164102201,15674.409558424135,22667.361748028983,True,1,11
247,image0247 26-03-02 21-24-18.fits,2026-03-02 21:24:18,1171.0456472049889,932.4460451795549,186.3119171398402,288.12841891884125,438.731037109041,678.490576413162,182366.00622763162,145817.0080995736,15642.134642144141,22500.15040275011,True,1,11
248,image0248 26-03-02 21-25-18.fits,2026-03-02 21:25:18,1173.981181915516,935.997746181145,182.04186990986344,280.9686902575732,428.6758442986628,661.6307038446254,179094.80203678954,142425.15796789204,15755.52622778785,23027.270715647093,True,1,11
249,image0249 26-03-02 21-26-20.fits,2026-03-02 21:26:20,1173.815840026322,935.8708917324515,182.37341426055897,281.61757497735016,429.4565715814975,663.1587105896705,179346.6966660237,142710.04631124524,15743.62961967947,22964.77110257802,True,1,11
250,image0250 26-03-02 21-27-20.fits,2026-03-02 21:27:20,1171.4016419159768,933.2159333143148,186.6546392179384,288.3301816034026,439.5380859284213,678.9656912271063,182296.26619598933,146016.55018836277,15644.089687585705,22527.071161516466,True,1,11
251,image0251 26-03-02 21-28-20.fits,2026-03-02 21:28:20,1170.9883145892447,932.6923927937333,187.3700734174679,289.58041436939845,441.222804722374,681.9097644054278,182812.66764474113,146580.78216839285,15623.548937896026,22422.009726707965,True,1,11
252,image0252 26-03-02 21-29-20.fits,2026-03-02 21:29:20,1171.5952712459896,933.5633054452962,186.4259028398139,287.99969026606175,438.99945292018595,678.187443601227,182109.92913765382,145815.19008680116,15651.970068724651,22565.976300690978,True,1,11
253,image0253 26-03-02 21-30-20.fits,2026-03-02 21:30:20,1172.7163390888113,935.4852214970548,184.51874620339456,284.3748871364273,434.5084422437319,669.6516845322728,180508.67376226877,144278.91778828204,15704.73186797381,22861.170843954485,True,1,11
254,image0254 26-03-02 21-31-20.fits,2026-03-02 21:31:20,1174.4532439602763,937.590498135873,181.60849416036208,279.8529892435114,427.65532239670677,659.0034287324513,178384.6536393558,142003.60820170204,15774.56663519842,23143.08429958957,True,1,11
255,image0255 26-03-02 21-32-20.fits,2026-03-02 21:32:20,1173.7802751327997,937.1083270800967,183.1433281450278,281.9897950566236,431.2695802295923,664.0352218935066,179332.90778060828,143187.44833940457,15738.578197769608,23027.218640511444,True,1,11
256,image0256 26-03-02 21-33-20.fits,2026-03-02 21:33:20,1174.3596674412652,938.097547609804,181.57510834685587,279.5890684242974,427.57670481384264,658.3819426970651,178177.79936886873,141945.50033149341,15778.518304786572,23169.511819120933,True,1,11
257,image0257 26-03-02 21-34-20.fits,2026-03-02 21:34:20,1172.3351543123747,935.9712535422583,184.5881090609065,284.7327788402583,434.67177929098165,670.4944550904044,180489.4483041264,144311.21999135,15699.447783176221,22828.012602207393,True,1,11
258,image0258 26-03-02 21-35-22.fits,2026-03-02 21:35:22,1172.2847585579188,936.615807380469,184.69641243549268,284.3600419429696,434.9268142484016,669.6167267731463,180302.26599750677,144370.74112908312,15703.978099167069,22887.2588066022,True,1,11
259,image0259 26-03-02 21-36-22.fits,2026-03-02 21:36:22,1171.1547465214155,934.3187858123754,187.36845869505035,288.9220951135263,441.21900234165804,680.3595410256703,182318.48069828365,146478.8475207532,15634.032966101018,22535.20173299712,True,1,11
260,image0260 26-03-02 21-37-22.fits,2026-03-02 21:37:22,1173.8771895580728,937.5516573557153,183.33806959788777,282.2475237915785,431.7281613063854,664.6421266847588,179315.67547806277,143297.68066262107,15739.576679576036,23027.56254453799,True,1,11
261,image0261 26-03-02 21-38-22.fits,2026-03-02 21:38:22,1171.2082269103594,934.4549619995026,187.40591027076408,288.76657660006305,441.3071940628667,679.9933229127936,182232.71758499584,146494.0203671282,15633.641927321436,22545.605482098646,True,2,11
262,image0262 26-03-02 21-39-22.fits,2026-03-02 21:39:22,1173.655357304132,938.6920252075626,183.06773897558966,281.224533746544,431.0915813382121,662.2331692208445,178784.53135283396,143060.90611478733,15747.650608774331,23115.54584292132,True,1,11
263,image0263 26-03-02 21-40-22.fits,2026-03-02 21:40:22,1173.8326950294395,937.7999133589545,183.8615059796331,282.62363261718065,432.9607597904178,665.5277952863999,179414.60929722592,143676.27128101292,15725.831152871704,23004.46454608909,True,1,11
264,image0264 26-03-02 21-41-22.fits,2026-03-02 21:41:22,1174.6281077350106,939.8971022046695,181.46456932732184,278.9948224828513,427.31640531488586,656.9826004424697,177632.28425945333,141775.29546423908,15790.133258842483,23256.251651884326,True,1,11
265,image0265 26-03-02 21-42-22.fits,2026-03-02 21:42:22,1172.6402072437975,937.2646403088484,184.91210556237186,284.43376965349125,435.43473274715217,669.790342263757,180210.63949200252,144514.92344352067,15699.965869201602,22889.879974499792,True,1,11
266,image0266 26-03-02 21-43-22.fits,2026-03-02 21:43:22,1171.5964430489719,936.2656222195826,186.69162669053634,287.4660461080085,439.62518477030994,676.9308076409296,181434.35471635408,145887.53112293888,15654.415459054042,22667.681554748968,True,1,12
267,image0267 26-03-02 21-44-22.fits,2026-03-02 21:44:22,1173.9906585704882,940.1779926676106,182.40922712848626,280.0666029277578,429.5409044407627,659.5064505180076,178043.34651363452,142483.7832683356,15768.624772118754,23215.08559481998,True,1,11
268,image0268 26-03-02 21-45-24.fits,2026-03-02 21:45:24,1171.1853086433568,935.9115078336141,187.38802820495667,288.3271646569761,441.26508501585687,678.9585868611864,181813.65628662572,146405.48990298636,15639.963551781768,22617.14279616131,True,1,12
269,image0269 26-03-02 21-46-24.fits,2026-03-02 21:46:24,1174.3150715741656,940.559668782395,182.1573943527339,279.5892197935465,428.9478835724252,658.382299144407,177777.29829277188,142293.72128096432,15773.265928489202,23232.0294840962,True,1,11
270,image0270 26-03-02 21-47-24.fits,2026-03-02 21:47:24,1173.0614305335325,939.1732962907345,184.31823932962624,282.7853322856553,434.03628463821576,665.9085689069988,179287.87252562764,143961.77006747376,15722.015826166771,23051.659905273824,True,1,11
271,image0271 26-03-02 21-48-24.fits,2026-03-02 21:48:24,1173.6231392104066,940.3005142248812,183.04812788688275,281.0732862094095,431.0454007534202,661.8770084886386,178379.29273691165,142981.25826657328,15749.929584600057,23140.08309886705,True,1,11
272,image0272 26-03-02 21-49-24.fits,2026-03-02 21:49:24,1171.4591619184887,936.9690492894293,187.44464144910606,288.14136874651035,441.39839901799405,678.5210709269369,181556.82154803793,146401.31797515118,15643.973414732009,22659.37321460155,True,1,11
273,image0273 26-03-02 21-50-24.fits,2026-03-02 21:50:24,1171.2809687590532,937.0276723262309,187.42133985738434,288.08809940170755,441.3435279627266,678.3956312060096,181532.0461813566,146348.51632236512,15650.212149220246,22690.91235962446,True,2,12
274,image0274 26-03-02 21-51-24.fits,2026-03-02 21:51:24,1172.446593179315,938.9040155584964,186.04293910526968,285.200575388882,438.0976422415613,671.5960317800998,180191.5249164105,145202.90278410903,15688.937234161904,22934.14493340094,True,1,11
275,image0275 26-03-02 21-52-24.fits,2026-03-02 21:52:24,1174.2888876397158,942.0673366188249,182.417913831321,279.276993110179,429.5613600627231,657.6470614918198,177432.49419985156,142382.41221935736,15779.89723615666,23328.136938737982,True,1,11
276,image0276 26-03-02 21-53-24.fits,2026-03-02 21:53:24,1171.4194935801904,937.9194401713283,187.32777338142432,287.5001106532239,441.1231957495931,677.0110235148276,181172.09652853987,146236.92967057094,15654.301311079616,22748.893833607734,True,1,12
277,image0277 26-03-02 21-54-24.fits,2026-03-02 21:54:24,1173.2534109633655,940.4414926092644,184.18614020966007,282.3735413478655,433.72521498258845,664.9388753523293,178884.8189200816,143801.23901515568,15731.614087087826,23107.619851079166,True,1,11
278,image0278 26-03-02 21-55-26.fits,2026-03-02 21:55:26,1173.1300619008168,940.3789095173063,184.9208824082739,283.3973053665441,435.45540063981446,667.3496553848951,179260.3671317379,144319.54392742203,15717.947826411513,23064.66568542863,True,1,12
279,image0279 26-03-02 21-56-26.fits,2026-03-02 21:56:26,1174.430268436742,942.9679453258534,181.82291167634986,278.50964244838934,428.1602370613605,655.8400887718698,176924.14582153884,141911.10602481884,15793.060625769916,23364.873148469138,True,1,11
280,image0280 26-03-02 21-57-26.fits,2026-03-02 21:57:26,1174.2180973690688,943.1426375944903,181.94356613095945,278.49086404115263,428.4443565895975,655.7958690020951,176882.89195227422,141967.62479172472,15793.72792924124,23383.15430144065,True,1,11
281,image0281 26-03-02 21-58-26.fits,2026-03-02 21:58:26,1173.1757174892139,941.0336253477187,184.7070108566196,282.8269112070249,434.951771622917,666.0064797844907,178934.47955575498,144115.01242504123,15728.051321446319,23124.82934375343,True,1,11
282,image0282 26-03-02 21-59-26.fits,2026-03-02 21:59:26,1173.7222441500523,941.2437734324003,184.38712281431324,282.35400969481185,434.1984928487283,664.8928818242059,178714.5288740049,143873.01511064928,15733.055432051304,23146.576835661504,True,1,11
283,image0283 26-03-02 22-00-26.fits,2026-03-02 22:00:26,1171.6104251924526,939.8053711837466,187.10439637251287,286.49960625383795,440.59718309140936,674.655015700012,180501.13013696877,145977.066120575,15665.80734716824,22870.277293507963,True,2,11
284,image0284 26-03-02 22-01-26.fits,2026-03-02 22:01:26,1174.3993749552722,943.6881372442436,182.34175600511017,278.9258337492267,429.3820220869759,656.820144389649,176972.15991861292,142262.47415584925,15786.104783149207,23372.56847474395,True,1,11
285,image0285 26-03-02 22-02-26.fits,2026-03-02 22:02:26,1171.154016493522,939.4111432445461,187.3891209366488,287.15607844679795,441.2676582023493,676.2008895789995,180779.93768400513,146207.00418980175,15660.971731246069,22818.14939719543,True,1,11
286,image0286 26-03-02 22-03-26.fits,2026-03-02 22:03:26,1174.4789168392826,943.1769389621741,182.71544297387726,279.38776918384417,430.2619876515955,657.9079192105964,177278.32033962023,142569.30246214,15776.569096052333,23344.744586496927,True,1,11
287,image0287 26-03-02 22-04-28.fits,2026-03-02 22:04:28,1171.5848169106252,940.4807542410549,187.4235758262618,286.63560890458916,441.34879326705936,674.9752774681782,180402.72622827286,146147.31128126304,15665.00413184506,22892.96300296561,True,1,13
288,image0288 26-03-02 22-05-28.fits,2026-03-02 22:05:28,1174.2502046341274,944.7169637038279,182.21451515957102,278.50546803590777,429.0823927933536,655.830258781682,176631.7184298467,142119.30820771353,15795.569187615158,23429.018050199837,True,1,11
289,image0289 26-03-02 22-06-28.fits,2026-03-02 22:06:28,1172.9157112478504,942.1855939492318,185.04019295482794,282.91584018610223,435.7363555064235,666.2158915270061,178760.02765081468,144318.50154681853,15722.461767674751,23142.86089852339,True,1,12
290,image0290 26-03-02 22-07-28.fits,2026-03-02 22:07:28,1172.2633155546423,941.4228120080459,186.77104858219639,285.48198121098017,439.8122090328053,672.258691850765,179830.32077446915,145604.76031014294,15686.137422819915,23002.701959939754,True,1,12
291,image0291 26-03-02 22-08-28.fits,2026-03-02 22:08:28,1173.308625692366,942.7085956947756,184.8886965791386,282.50972179946035,435.3796088042007,665.2595558094862,178535.5502734003,144186.61895547376,15729.993726378485,23186.8791259145,True,1,13
292,image0292 26-03-02 22-09-28.fits,2026-03-02 22:09:28,1171.8878058331495,941.9121398207159,186.60215103958916,285.29610474727593,439.4144857139174,671.8209862281348,179662.01351818538,145475.12899003236,15688.664736633113,23012.03252526792,True,1,12
293,image0293 26-03-02 22-10-28.fits,2026-03-02 22:10:28,1171.8355911485319,941.8303074871094,186.5986507029304,285.20474743965457,439.40624305098896,671.6058562088879,179674.89324690515,145475.9869515669,15692.415036053204,23031.095305421797,True,1,12
294,image0294 26-03-02 22-11-28.fits,2026-03-02 22:11:28,1172.6839975141384,942.9709347850944,185.25583749131414,282.931072710892,436.24415958354257,666.2517613817175,178629.40851783525,144423.8270723382,15723.230375216479,23178.0636535517,True,1,12
295,image0295 26-03-02 22-12-28.fits,2026-03-02 22:12:28,1173.3506907807455,944.5748586146891,184.0904831001233,280.97407576191813,433.4999597036016,661.6433857382094,177590.30181410207,143498.67664152177,15757.609690848809,23315.53572880959,True,1,11
296,image0296 26-03-02 22-13-28.fits,2026-03-02 22:13:28,1171.7709494974763,941.7023142943318,187.26436751813682,286.11749558718856,440.9738863517512,673.7552138427658,180012.90824479685,145984.5369985898,15672.813382572615,22958.556358882925,True,1,12
297,image0297 26-03-02 22-14-30.fits,2026-03-02 22:14:30,1173.4739109904597,944.4500411637806,184.4613368973559,281.2714436713182,434.3732536591007,662.3436336520136,177756.06158993617,143770.7749930013,15746.054519040843,23303.895251349655,True,1,12
298,image0298 26-03-02 22-15-30.fits,2026-03-02 22:15:30,1171.2261770529835,942.4520031657445,187.48406047215732,286.43173976184727,441.49122372363075,674.4952023242863,179953.5654069838,146094.63458115523,15674.839838316733,22968.00860492573,True,1,12
299,image0299 26-03-02 22-16-30.fits,2026-03-02 22:16:30,1174.7761839280356,945.7375371170513,182.79455252887686,278.6840359404441,430.44827641746207,656.2507540626833,176524.803709859,142474.3656453917,15790.058326854973,23464.53239627472,True,1,11
300,image0300 26-03-02 22-17-30.fits,2026-03-02 22:17:30,1174.1423655566905,945.4367674854506,183.3082679839054,279.6184866274264,431.65798386840544,658.4512172714822,176932.59810048793,142890.89604643075,15776.722469612596,23401.374404551014,True,1,11
301,image0301 26-03-02 22-18-30.fits,2026-03-02 22:18:30,1175.02482856232,946.9182466147187,181.87624212373578,277.38227918360985,428.2858206678753,653.1853511579355,175798.38873358024,141762.4985517521,15812.710903605255,23544.056259656463,True,1,11
302,image0302 26-03-02 22-19-30.fits,2026-03-02 22:19:30,1172.6056481120088,943.1538529471605,186.60964482856397,284.7107130225205,439.4321322384085,670.4424940604854,179222.41834433132,145382.08053755172,15698.923827465283,23103.04329636426,True,1,12
303,image0303 26-03-02 22-20-30.fits,2026-03-02 22:20:30,1171.7411758822689,942.7642746929819,187.44130043835446,286.2088234304263,441.3905315389056,673.9702744786915,179836.006807901,146053.29494383372,15674.693044031004,22989.43170151832,True,1,12
304,image0304 26-03-02 22-21-30.fits,2026-03-02 22:21:30,1174.9490124237395,947.9390908840093,181.64419828029233,276.9189431936864,427.73939917400867,652.0942782812795,175396.21761320534,141516.50701492623,15826.611699295961,23602.197879541323,True,1,11
305,image0305 26-03-02 22-22-30.fits,2026-03-02 22:22:30,1175.8170643864103,948.3065402501196,181.42617257988576,276.2969072080049,427.22598788435937,650.6294954734661,175090.831238575,141314.64487166572,15833.795065067103,23649.61977683176,True,2,11
306,image0306 26-03-02 22-23-32.fits,2026-03-02 22:23:32,1174.8948063931898,947.5512257686454,182.32297343037078,277.76759042932986,429.3377925034823,654.0926898029328,175825.3901608463,142053.0784408178,15807.489141512033,23549.192955820592,True,1,11
307,image0307 26-03-02 22-24-32.fits,2026-03-02 22:24:32,1173.7794250574766,946.2978042182087,184.47359321294758,280.7751804874138,434.4021150767342,661.1750231589448,177211.29820776457,143678.72277267987,15756.53606132144,23385.117786229872,True,1,12
308,image0308 26-03-02 22-25-32.fits,2026-03-02 22:25:32,1174.7234719657874,947.4703129770014,183.1653783146774,278.7517882535569,431.32150441107956,656.4102985676985,176247.60777299944,142692.62134593708,15787.904657942374,23502.234494261087,True,1,11
309,image0309 26-03-02 22-26-32.fits,2026-03-02 22:26:32,1172.1415859802576,944.3699812840675,186.98794214584458,284.7205762248682,440.3229543441223,670.4657201270819,179024.84572839705,145579.75522428897,15702.487909008256,23165.984536867432,True,1,12
310,image0310 26-03-02 22-27-32.fits,2026-03-02 22:27:32,1174.1827121768454,947.235910913379,183.6134937619473,279.590781482057,432.3767356487987,658.3859766398158,176574.81593610148,143043.8209482427,15773.399257218536,23435.824574720424,True,1,11
311,image0311 26-03-02 22-28-32.fits,2026-03-02 22:28:32,1172.241493964043,944.8780281809184,186.9515570824892,284.7463313652086,440.23727406759326,670.5263688478182,178917.48256477967,145568.73979414528,15698.22220195193,23143.690803313326,True,1,12
312,image0312 26-03-02 22-29-32.fits,2026-03-02 22:29:32,1173.5660195642818,947.7992673451081,183.71588684566035,279.25124971696215,432.6178529347987,657.5864404334457,176403.2981425879,143070.67277610596,15780.961537294583,23507.54586248598,True,1,12
313,image0313 26-03-02 22-30-32.fits,2026-03-02 22:30:32,1172.3169079705162,944.9381745754405,187.01390465284837,284.66009442917425,440.38409137603406,670.3232963822225,178880.23709078814,145594.41985930235,15700.329953108303,23162.796947743584,True,2,12
314,image0314 26-03-02 22-31-32.fits,2026-03-02 22:31:32,1171.4718696412442,945.0474681503304,187.4669749646739,285.45107272634374,441.4509904281293,672.1859079315816,179118.36516499968,145934.02455979201,15688.391301880372,23107.654407604332,True,1,12
315,image0315 26-03-02 22-32-32.fits,2026-03-02 22:32:32,1174.9784253839985,949.5271996051541,181.78605038280475,276.4162044951642,428.0734353484347,650.9104191165867,174969.84847687627,141564.26687643063,15830.34067802219,23678.65353349959,True,2,11
316,image0316 26-03-02 22-33-34.fits,2026-03-02 22:33:34,1175.03649537754,949.8884549029538,181.88541286208317,276.2735497832965,428.3074161063635,650.5744929415625,174855.87088574973,141628.1177230903,15827.345229857923,23687.516092532394,True,2,11
317,image0317 26-03-02 22-34-34.fits,2026-03-02 22:34:34,1174.392575219861,949.0796528397815,183.19756249033946,278.38855021634635,431.39729235306135,655.5549383565574,175808.63822317522,142624.0402261269,15797.038252143464,23576.553391123547,True,1,11
318,image0318 26-03-02 22-35-34.fits,2026-03-02 22:35:34,1174.2156726312585,948.8492432385814,183.58846242179789,278.79691285062825,432.3177913472608,656.5165588734061,176000.98289817333,142902.36450725028,15790.396290087712,23560.372829023985,True,1,11
319,image0319 26-03-02 22-36-34.fits,2026-03-02 22:36:34,1173.4485740885855,947.9600918864046,184.88425896622806,280.7691823375352,435.36915902436687,661.1608985953775,176925.95309103295,143881.558881398,15760.098470358911,23459.422505582887,True,1,11
320,image0320 26-03-02 22-37-34.fits,2026-03-02 22:37:34,1172.954856839384,947.155854650547,186.0473136089748,282.7839243926955,438.1079434105732,665.9052535724358,177797.50965020846,144776.1481208734,15730.081643004052,23329.552486428398,True,1,12
321,image0321 26-03-02 22-38-34.fits,2026-03-02 22:38:34,1173.7225695499337,948.6685919546361,184.2660775860801,279.78993069773037,433.9134531189295,658.8549372048357,176433.83408753443,143416.30797158135,15774.441632616801,23514.9886285672,True,1,11
322,image0322 26-03-02 22-39-34.fits,2026-03-02 22:39:34,1173.916505910365,948.7916330274941,184.4982248515247,279.956114790018,434.4601181529976,659.2462708365198,176483.60555025263,143590.33438232023,15769.68736463916,23507.95240402816,True,1,11
323,image0323 26-03-02 22-40-34.fits,2026-03-02 22:40:34,1174.5297261756116,949.5713240067936,183.0585526378773,277.8718379835603,431.0699491660267,654.3381740332801,175523.15703984807,142481.21914813286,15806.685811160507,23626.91887114497,True,1,11
324,image0324 26-03-02 22-41-34.fits,2026-03-02 22:41:34,1173.1964637270833,949.0408149188835,184.79185944186986,280.33465130618066,435.1515747722568,660.1376562125558,176572.73602521198,143775.22359351467,15768.23450640196,23511.11959305723,True,1,11
325,image0325 26-03-02 22-42-36.fits,2026-03-02 22:42:36,1174.82851676374,951.4534801704028,181.6730801043437,275.54492728783566,427.8074106722219,648.8587180839909,174284.71263963621,141395.906413791,15840.496394142283,23766.790002350066,True,2,11
326,image0326 26-03-02 22-43-36.fits,2026-03-02 22:43:36,1171.9763020334751,947.4672289165669,186.94681154771376,283.70735867008904,440.2260991871797,668.0797751191108,178087.3035617785,145416.56634616933,15716.794690789218,23303.120536509014,True,1,12
327,image0327 26-03-02 22-44-36.fits,2026-03-02 22:44:36,1174.4086866134905,950.5992098517537,183.04906929389387,277.72809692369697,431.0476175975205,653.9996897042199,175286.12494459684,142456.25905020666,15805.579076864335,23644.786478742182,True,1,11
328,image0328 26-03-02 22-45-36.fits,2026-03-02 22:45:36,1173.0992667394248,948.6154946235715,185.59164188922935,281.40161306425534,437.0349185109629,662.6501591477515,177047.5274199853,144365.4258564047,15749.733112883036,23454.65541856802,True,1,12
329,image0329 26-03-02 22-46-36.fits,2026-03-02 22:46:36,1173.1589253931652,949.4747938895459,185.08166917433806,280.44277438530776,435.834024539518,660.3922666066147,176554.80520986684,143971.86056160583,15763.241784996257,23521.480419303807,True,1,11
330,image0330 26-03-02 22-47-36.fits,2026-03-02 22:47:36,1171.997122287209,948.3341270972055,187.11674934114114,283.6705445256961,440.6262721095508,667.9930844339535,177903.14403504846,145503.5523796602,15714.78395895211,23321.668699224378,True,1,12
331,image0331 26-03-02 22-48-36.fits,2026-03-02 22:48:36,1171.7819917202255,948.1582665268211,187.409368973451,284.10484624118413,441.3153386852837,669.0157868191761,178105.37127390044,145732.16733665697,15707.855435880789,23296.402245974543,True,1,12
332,image0332 26-03-02 22-49-36.fits,2026-03-02 22:49:36,1174.1062579760348,951.0720058830697,184.0330519696062,278.5088978020567,433.3647197262511,655.8383352637593,175540.18077225637,143134.9449776979,15794.433014049266,23657.262895359414,True,1,11
333,image0333 26-03-02 22-50-36.fits,2026-03-02 22:50:36,1175.9423274484134,952.8432215320711,181.46916752886284,274.8876139772221,427.3272332520457,647.3108635242924,173762.17705958328,141166.85988400728,15854.69111411425,23842.3927020074,True,2,12
334,image0334 26-03-02 22-51-36.fits,2026-03-02 22:51:36,1172.2606923076607,948.8330591155545,186.71424534608792,282.96809501974326,439.67844763379446,666.3389422567137,177574.88458931114,145193.60579984757,15724.099234805113,23372.43782784763,True,1,12
335,image0335 26-03-02 22-52-38.fits,2026-03-02 22:52:38,1174.850376398953,952.8208574929907,182.570288682232,276.1101233138143,429.92017541600694,650.1896530153372,174315.599247127,142013.6882355771,15831.809703951702,23799.362225660287,True,1,11
336,image0336 26-03-02 22-53-38.fits,2026-03-02 22:53:38,1174.762041036231,952.3811858997367,182.6253054353189,276.31282761861644,430.0497299689885,650.6669851754993,174469.375827399,142082.02756549165,15826.902395476562,23769.75222362307,True,1,11
337,image0337 26-03-02 22-54-38.fits,2026-03-02 22:54:38,1174.6863579838662,953.4686747605542,182.2449792792215,275.6184971997571,429.1541303129608,649.0319619872946,173970.22783020732,141759.08494956573,15839.758545705587,23817.31119781431,True,2,11
338,image0338 26-03-02 22-55-38.fits,2026-03-02 22:55:38,1172.3232810614609,949.114977080925,186.91575504270588,283.3948607000129,440.15296670665856,667.343898635144,177650.86509083371,145311.84142306927,15724.403689695679,23366.243951291257,True,1,12
339,image0339 26-03-02 22-56-38.fits,2026-03-02 22:56:38,1172.4642100136632,949.9365306348013,186.89439456398404,282.86422886853774,440.1026666231929,666.0943561618548,177333.04406425133,145280.5975226248,15725.213482266367,23407.293115250974,True,1,12
340,image0340 26-03-02 22-57-38.fits,2026-03-02 22:57:38,1174.262030011826,952.6661906928522,183.55415942795474,277.2810492597766,432.23701396975446,652.9469729041359,174809.7874282627,142745.28681121737,15808.172844358573,23744.364364870748,True,1,11
341,image0341 26-03-02 22-58-38.fits,2026-03-02 22:58:38,1174.127449389144,952.3119372282317,183.89099112818934,277.8608294110405,433.0301920092687,654.3122508260434,175101.49982623465,143022.02656016598,15798.471495200865,23703.719857660202,True,1,11
342,image0342 26-03-02 22-59-38.fits,2026-03-02 22:59:38,1174.7048199925264,952.8016884454546,183.67069225157655,277.3374487840581,432.51142779872316,653.0797836344443,174826.40785922206,142822.29639386624,15808.223085310046,23756.687403585223,True,1,12
343,image0343 26-03-02 23-00-38.fits,2026-03-02 23:00:38,1173.4189072222791,951.141606268502,185.76918696166553,281.088473624678,437.45300520643207,661.912772118545,176422.2180885764,144385.6258392036,15755.957334286646,23525.395306057482,True,1,11
344,image0344 26-03-02 23-01-40.fits,2026-03-02 23:01:40,1174.5105755453287,953.6146745852907,183.24039770170302,276.61507328414956,431.4981615674134,651.3787193272204,174379.75540620708,142471.73808888128,15822.837765315999,23806.414835268617,True,1,11
345,image0345 26-03-02 23-02-40.fits,2026-03-02 23:02:40,1173.585891591321,951.976928506608,185.11698805972952,279.66559586452786,435.91719415880596,658.5621510473147,175816.69312547194,143904.85676864866,15771.973482979634,23621.278282828065,True,1,11
346,image0346 26-03-02 23-03-40.fits,2026-03-02 23:03:40,1172.750988499801,951.1782067473147,186.2092530663098,281.59069733967425,438.4892816907871,663.0954185897082,176658.98117502945,144728.07351967852,15748.271454780415,23515.926922656723,True,1,12
347,image0347 26-03-02 23-04-40.fits,2026-03-02 23:04:40,1172.7629622089487,952.581599232932,185.158000052279,279.6466062993724,436.01377002094813,658.5174340386403,175711.9331569753,143898.29243134815,15777.502675361338,23657.11479301313,True,1,11
348,image0348 26-03-02 23-05-40.fits,2026-03-02 23:05:40,1174.8339511356905,954.3588688954301,182.5443035376774,275.70194236938966,429.85898507673676,649.2284603454063,173868.77658575115,141972.14590298384,15836.214613254486,23832.210861249892,True,1,11
349,image0349 26-03-02 23-06-40.fits,2026-03-02 23:06:40,1173.752523374898,953.3703973620404,184.53994552066524,278.33860812724345,434.55836282098187,655.4373337240472,175089.15782535868,143411.18925128962,15794.268094413648,23739.290468928662,True,1,11
350,image0350 26-03-02 23-07-40.fits,2026-03-02 23:07:40,1175.4154371620045,954.4674835391749,182.56397387493232,275.5387994748356,429.90530518119715,648.8442881871061,173816.94868902588,141942.92745960064,15843.999837411091,23881.790467471597,True,1,12
351,image0351 26-03-02 23-08-40.fits,2026-03-02 23:08:40,1173.252422347153,952.4683442177957,185.77480419107098,280.42782202726625,437.4662327708336,660.3570564941781,176008.59189012798,144358.21567480956,15761.663484087752,23606.204201310018,True,1,11
352,image0352 26-03-02 23-09-40.fits,2026-03-02 23:09:40,1173.7912727930416,954.5335683347207,183.9361791677793,277.34427132117906,433.1366017106908,653.0958494816147,174499.39657099714,142933.50781014704,15812.965521636299,23811.93213961174,True,1,11
353,image0353 26-03-02 23-10-40.fits,2026-03-02 23:10:40,1172.4232074112815,951.9005436922546,187.11044882788315,282.35238757657766,440.61143553463694,664.8890620276727,176809.60391570596,145373.52456389205,15729.085745890763,23485.322745368252,True,1,11
354,image0354 26-03-02 23-11-42.fits,2026-03-02 23:11:42,1173.7883418074387,953.5597315310437,185.4367054457184,279.5087223629342,436.67007106807745,658.1927421812278,175474.2341377363,144053.81362907987,15777.372102038453,23690.88181462347,True,1,11
355,image0355 26-03-02 23-12-42.fits,2026-03-02 23:12:42,1174.7117523462812,955.1819322792719,183.20152681939615,276.084776181572,431.4066276345891,650.129965080249,173912.13268798403,142392.31610099002,15830.740208669255,23873.585347119522,True,1,11
356,image0356 26-03-02 23-13-42.fits,2026-03-02 23:13:42,1174.2036441741636,955.2193433204344,183.36934945809668,276.4554321869732,431.80181974821113,651.0027932715789,174045.43049400585,142539.09391123336,15824.47765296499,23844.498647369048,True,1,11
357,image0357 26-03-02 23-14-42.fits,2026-03-02 23:14:42,1174.2319633152615,955.2640621786561,184.21989916002903,277.4402436277551,433.8047112356165,653.3218469929078,174408.6485207649,143122.66714078587,15810.880791084395,23825.413018206407,True,1,11
358,image0358 26-03-02 23-15-42.fits,2026-03-02 23:15:42,1172.6510644214557,952.9366325432567,186.7534765228609,281.7816967591801,439.77082999524964,663.5451878513497,176400.40799486602,145053.03158354387,15747.307288439231,23558.884342281144,True,1,11
359,image0359 26-03-02 23-16-42.fits,2026-03-02 23:16:42,1173.3176767527748,954.0906548957923,185.5136062557545,279.6003517111781,436.8511586370296,658.4085128071857,175412.35900366542,144097.6154377801,15779.485949169804,23702.200598666543,True,1,11
360,image0360 26-03-02 23-17-42.fits,2026-03-02 23:17:42,1172.7002521616416,953.0718811814781,187.42751898443015,282.5408482935692,441.35807869495494,665.3328531017452,176652.07496662796,145528.781510223,15734.304965362982,23531.472429450598,True,1,11
361,image0361 26-03-02 23-18-42.fits,2026-03-02 23:18:42,1172.3883686549627,953.3691910035081,186.56685615705777,281.385054204921,439.3313726170454,662.6111660138682,176176.8725568235,144901.96177461307,15751.682104088777,23586.15171494084,True,1,11
362,image0362 26-03-02 23-19-42.fits,2026-03-02 23:19:42,1172.1816216675286,952.9808762440334,187.29708967352454,282.47078633197117,441.0509411391748,665.16786979018,176635.4380544608,145457.0556368306,15735.45320389191,23518.915826581735,True,1,11
363,image0363 26-03-02 23-20-44.fits,2026-03-02 23:20:44,1173.035334638134,953.993053924715,186.05946565057872,280.487148155012,438.1365592817301,660.496758848988,175734.62926362283,144515.8651321426,15766.131024100847,23642.47992087587,True,1,11
364,image0364 26-03-02 23-21-44.fits,2026-03-02 23:21:44,1172.3479138645728,953.6432572515,187.2181719848953,282.15656208560034,440.8651041840831,664.4279282361913,176425.6377382417,145368.2459632632,15741.087546340583,23566.36615912256,True,1,11
365,image0365 26-03-02 23-22-44.fits,2026-03-02 23:22:44,1175.0183422459897,957.2244146042464,182.43726412337068,274.8408774268274,429.60692651831897,647.2008073585872,173031.00687844053,141757.1137593873,15856.325808492767,23971.828921219683,True,2,12
366,image0366 26-03-02 23-23-44.fits,2026-03-02 23:23:44,1173.0047270198368,954.714916580529,186.15620770464042,280.1447404396338,438.36436940983214,659.690450297242,175505.54581884437,144550.00339418967,15769.92039244974,23693.786224544852,True,1,11
367,image0367 26-03-02 23-24-44.fits,2026-03-02 23:24:44,1173.686647414724,955.6901499994532,185.07138714653163,278.3990017168379,435.80981221433586,655.5795497594156,174738.38988671586,143738.3975371778,15795.241503398065,23809.139718364713,True,1,11
368,image0368 26-03-02 23-25-44.fits,2026-03-02 23:25:44,1175.0806126069745,958.0382213250688,181.954342728474,273.734932078454,428.4697335374419,644.5965050835289,172449.74067878336,141361.88882810113,15872.692027204843,24040.79503230841,True,2,12
369,image0369 26-03-02 23-26-44.fits,2026-03-02 23:26:44,1174.5044721473641,957.0845790777071,183.51874157517005,275.9331499882427,432.1536113000651,649.7729126808454,173535.40487716492,142567.11942453677,15833.375984623444,23935.512401156084,True,1,11
370,image0370 26-03-02 23-27-44.fits,2026-03-02 23:27:44,1173.5988522014745,955.4645464937964,185.39060888882858,278.9647746426775,436.5615219719064,656.9118431861185,174924.11840064585,143950.23063830865,15788.763829905109,23770.02231539272,True,1,11
371,image0371 26-03-02 23-28-44.fits,2026-03-02 23:28:44,1172.726770214549,954.8812571402391,186.63753204423014,280.80854269439294,439.4978016128593,661.2535851526857,175732.44538512125,144896.94593379693,15759.454084671657,23671.5645860622,True,1,11
372,image0372 26-03-02 23-29-44.fits,2026-03-02 23:29:44,1173.9347648048438,956.7406973597875,184.77094153396516,277.71438317128167,435.10231686342274,653.9673962851398,174245.58896269146,143460.4572458531,15809.326533125908,23864.42912599261,True,1,11
373,image0373 26-03-02 23-30-46.fits,2026-03-02 23:30:46,1172.1087061760707,954.5328010783569,187.19247356343638,281.95033743571145,440.80458902610604,663.9423062968534,176191.64408177367,145329.9245198155,15744.187755840316,23594.551816302792,True,1,11
374,image0374 26-03-02 23-31-46.fits,2026-03-02 23:31:46,1173.7371837033113,956.894141333123,185.131121639031,278.28298848238194,435.9504761946531,655.3063594694298,174411.33238699706,143722.4219217696,15801.643397954167,23835.346088746188,True,1,11
375,image0375 26-03-02 23-32-46.fits,2026-03-02 23:32:46,1173.4402985456356,956.275401870718,186.09335370055038,279.6290222365641,438.2163595410904,658.4760267350662,175051.54259367273,144428.68152460593,15780.10871001989,23779.4895908509,True,1,11
376,image0376 26-03-02 23-33-46.fits,2026-03-02 23:33:46,1174.6197531068146,958.1544356824406,183.73315275883581,276.0384114387146,432.65851105324003,650.0207844543856,173307.96993467453,142658.99839952073,15836.095065432844,23950.092007943284,True,1,11
377,image0377 26-03-02 23-34-46.fits,2026-03-02 23:34:46,1175.5625847763044,959.0721748195297,182.2676117832113,273.6795822582259,429.2074257870252,644.4661662173669,172270.88433809965,141556.60266898773,15872.661380289977,24080.685817722304,True,2,11
378,image0378 26-03-02 23-35-46.fits,2026-03-02 23:35:46,1174.359875188965,958.2637717634508,183.9951841512092,276.20317228584497,433.2755478284283,650.4087665998445,173411.80676080575,142838.0314848222,15836.730125241007,23980.273363820623,True,1,11
379,image0379 26-03-02 23-36-46.fits,2026-03-02 23:36:46,1172.9550724508645,955.9248021231206,186.744192001553,280.67643578478015,439.7489666183653,660.9424971538424,175462.04750095404,144916.2567345845,15761.050987950031,23702.826519332655,True,1,11
380,image0380 26-03-02 23-37-46.fits,2026-03-02 23:37:46,1174.9008333863378,959.0228094361753,183.16774848441628,274.8183689490797,431.32708573429073,647.1478039440038,172737.0115207963,142206.4852691262,15855.589307381271,24048.8214546476,True,1,11
381,image0381 26-03-02 23-38-46.fits,2026-03-02 23:38:46,1174.478183982696,958.7109175272299,183.96813433601895,276.29285293725303,433.21185038140385,650.6199483954316,173329.6658081735,142806.0134611282,15835.03676541536,23970.4160312562,True,1,11
382,image0382 26-03-02 23-39-48.fits,2026-03-02 23:39:48,1176.103235985119,961.1066375666304,181.31055650509867,271.9079689283513,426.95373283392297,640.2943356361342,171184.51603885036,140754.52365194864,15902.841865569548,24206.71841487375,True,2,12
383,image0383 26-03-02 23-40-48.fits,2026-03-02 23:40:48,1175.3184957658339,960.4958065664878,181.90285846237103,273.09192230426106,428.348497355619,643.0823327781086,171760.29384004246,141245.8024882039,15882.282668602411,24125.64175632108,True,2,12
384,image0384 26-03-02 23-41-48.fits,2026-03-02 23:41:48,1173.6433152048496,957.8916831475534,185.23258955673145,278.1587091833603,436.18941488118173,655.0137040849113,174195.2342721495,143785.26341694186,15800.996122863788,23856.297237991108,True,1,12
385,image0385 26-03-02 23-42-48.fits,2026-03-02 23:42:48,1172.8932912935593,956.8292588126885,186.5743308125917,280.1349335853203,439.34897408572647,659.6673569201259,175124.3490032089,144758.79245698932,15774.513694555226,23771.1075086636,True,1,11
386,image0386 26-03-02 23-43-48.fits,2026-03-02 23:43:48,1175.2569817836888,960.6096954978976,182.10026635337792,272.9375907961362,428.81335741440927,642.7189098491963,171702.75231804306,141370.12472524826,15884.480857997167,24154.36668356162,True,2,11
387,image0387 26-03-02 23-44-48.fits,2026-03-02 23:44:48,1173.15373812401,957.4480274825262,186.56440226093733,280.0171126817364,439.3255941332726,659.389909894643,174940.11694068037,144696.8802317125,15779.079284613807,23801.497739790288,True,1,11
388,image0388 26-03-02 23-45-48.fits,2026-03-02 23:45:48,1172.680766585221,957.3360159667386,187.17342010892625,280.756668527554,440.75972156949854,661.1314308247939,175224.44810605515,145120.01951368127,15770.812283053057,23780.697756924874,True,1,11
389,image0389 26-03-02 23-46-48.fits,2026-03-02 23:46:48,1174.470092184188,959.9147239295456,184.00239419765046,275.6462868845683,433.29252619031377,649.0974016941332,172904.46948792494,142766.1368742879,15848.181808784842,24062.73376428133,True,1,11
390,image0390 26-03-02 23-47-48.fits,2026-03-02 23:47:48,1172.5649569408774,956.8697650260002,187.1809536609558,281.0222314899227,440.777461728828,661.7567838117977,175389.21724320485,145184.364065262,15763.003760167294,23721.89233387287,True,1,11
391,image0391 26-03-02 23-48-48.fits,2026-03-02 23:48:48,1173.0907247449798,958.083163750766,186.57742220688158,279.97300144211573,439.3562537629673,659.2860358633731,174818.8534344489,144692.1795591379,15786.043993370198,23829.719319359974,True,1,11
392,image0392 26-03-02 23-49-50.fits,2026-03-02 23:49:50,1175.8641673933778,962.1816621489226,181.30357951166712,271.27916758997304,426.93730326993625,638.8136216401788,170736.8355661558,140677.42002020453,15913.417255760076,24275.55091043634,True,2,12
393,image0393 26-03-02 23-50-50.fits,2026-03-02 23:50:50,1175.121054980162,960.5689789615802,183.62475821967024,274.92544266987085,432.40326141964107,647.3999432880189,172488.5487866926,142473.27076783942,15853.629885229353,24088.619629013378,True,1,11
394,image0394 26-03-02 23-51-50.fits,2026-03-02 23:51:50,1173.8367873109887,958.9813911732026,185.7366041582456,278.24835057388816,437.3762785678155,655.2247934281907,174023.06701707258,144053.35531323415,15803.04865737097,23916.63330949732,True,1,11
395,image0395 26-03-02 23-52-50.fits,2026-03-02 23:52:50,1174.6553105813812,960.2353970722321,184.05251820771116,275.74260932749684,433.410559213942,649.3242237135275,172834.39562964387,142797.50669630952,15842.153114738,24037.755341485816,True,2,12
396,image0396 26-03-02 23-53-50.fits,2026-03-02 23:53:50,1174.8651546640283,961.1247071063341,183.68326306911,274.83685959203706,432.54102981183337,647.1913460806854,172374.88022248895,142501.91094898904,15860.031003250455,24120.54120373754,True,1,11
397,image0397 26-03-02 23-54-50.fits,2026-03-02 23:54:50,1175.5317376006592,962.0064288205247,182.49357118930774,273.13803467106584,429.7395195258644,643.1909191037843,171519.77266176906,141596.53561825174,15884.633197332249,24191.06420920676,True,1,12
398,image0398 26-03-02 23-55-50.fits,2026-03-02 23:55:50,1172.9254701354591,958.2706994999305,187.06302278670952,280.4495559661585,440.4997557422248,660.4082360091392,174937.85385744012,145047.79350003874,15770.6110043304,23790.017628956088,True,1,12
399,image0399 26-03-02 23-56-50.fits,2026-03-02 23:56:50,1173.2881366945396,959.6355433657712,186.2745223946838,278.96583250595376,438.64297921356786,656.9143342637662,174143.0976293099,144397.1270630748,15800.35476591786,23916.879578343018,True,1,11
400,image0400 26-03-02 23-57-50.fits,2026-03-02 23:57:50,1173.2947178477198,958.1724996591557,186.94491526994662,280.6665437645282,440.2216337942827,660.9192032262673,175017.78913833434,144970.18948430117,15773.48167087283,23774.60394090755,True,1,11
401,image0401 26-03-02 23-58-52.fits,2026-03-02 23:58:52,1174.0191748686354,960.4828458130713,184.82892317912658,276.57754004205,435.2388532036927,651.2903352963693,173110.62310266332,143332.86922775162,15830.409291461052,24026.89162326561,True,2,11
402,image0402 26-03-02 23-59-52.fits,2026-03-02 23:59:52,1173.2520800010354,959.6945396720162,185.96146977876714,278.6469952405208,437.90579663845796,656.163529880022,173968.8341679426,144191.87335606068,15799.426022736283,23892.271421419788,True,1,11
403,image0403 26-03-03 00-00-52.fits,2026-03-03 00:00:52,1172.7112494688483,959.1853909081996,187.15620113471695,280.20573312316185,440.7191739838756,659.8340770910141,174678.9502499845,145037.08609937815,15780.882183424568,23858.53348416051,True,1,11
404,image0404 26-03-03 00-01-52.fits,2026-03-03 00:01:52,1176.3999857487397,963.9544599158448,181.48083380481856,271.21990392551436,427.35470523251706,638.6740663751694,170387.31684282224,140763.93725835343,15916.737221754565,24315.245213928803,True,2,11
405,image0405 26-03-03 00-02-52.fits,2026-03-03 00:02:52,1174.2115577003897,961.7691025359338,184.45980656195354,275.47809280712545,434.36964999461964,648.7013349091152,172508.63227993879,143041.0323714246,15845.50300396557,24112.921824794543,True,2,11
406,image0406 26-03-03 00-03-52.fits,2026-03-03 00:03:52,1172.9967672145792,959.7725002473259,186.75883879174634,279.39724479192114,439.78345717350794,657.9302325624349,174328.06913247175,144810.35016796086,15782.768269267308,23875.484344746958,True,1,11
407,image0407 26-03-03 00-04-52.fits,2026-03-03 00:04:52,1175.6336249263627,963.544041064198,182.4220027998068,272.45327060983215,429.570988847677,641.5784229662744,170981.45669548673,141488.6338621463,15895.216549930388,24262.023454530103,True,2,11
408,image0408 26-03-03 00-05-52.fits,2026-03-03 00:05:52,1175.380855413198,963.1810909906693,182.7882103992427,273.1035229492295,430.43334184347134,643.1096502094155,171297.6006605554,141774.19422539035,15884.786951852348,24224.18124813216,True,2,12
409,image0409 26-03-03 00-06-52.fits,2026-03-03 00:06:52,1173.090581798829,960.2628915266873,187.43016462942535,279.9305407724433,441.36430871282164,659.186048627303,174367.8091553767,145192.3579969667,15780.106897821699,23893.980745818477,True,1,11
410,image0410 26-03-03 00-07-52.fits,2026-03-03 00:07:52,1174.2065266952548,961.7289875324611,185.00588398086572,276.3594681000952,435.6555640468128,650.7768151161954,172828.94653677222,143445.27222276243,15830.172966211923,24062.71539807049,True,1,11
411,image0411 26-03-03 00-08-54.fits,2026-03-03 00:08:54,1172.8983825396208,960.6019775537645,186.70310088960758,279.1627599441817,439.6522044442836,657.3780629427221,174049.64355668746,144694.64159045424,15794.71077920809,23926.9299023102,True,1,11
412,image0412 26-03-03 00-09-54.fits,2026-03-03 00:09:54,1175.7428995085909,964.397006614879,182.31359348575492,272.0212554781219,429.3157044218796,640.5611050743663,170620.39248110598,141337.6460597049,15903.486322012634,24308.392167661958,True,1,12
413,image0413 26-03-03 00-10-54.fits,2026-03-03 00:10:54,1175.5912132308351,964.7585983100282,182.0951652339334,271.68228869929146,428.8013451960892,639.7628993089769,170437.73680029775,141208.05466663133,15904.678517154367,24309.097835593755,True,2,11
414,image0414 26-03-03 00-11-54.fits,2026-03-03 00:11:54,1174.2255291608146,962.190212887141,185.02845245299469,276.4963047091863,435.70870873736783,651.0990407061771,172752.42612013174,143422.70274001607,15837.521374440104,24076.078233076045,True,2,11
415,image0415 26-03-03 00-12-54.fits,2026-03-03 00:12:54,1173.5754633472015,962.7745693125952,185.21035085697045,276.3876233995967,436.1370467452091,650.8431157798353,172619.2650283796,143511.51678589033,15838.955594672652,24114.522893234167,True,1,11
416,image0416 26-03-03 00-13-54.fits,2026-03-03 00:13:54,1176.3182938465911,965.1242044825962,181.3496802337129,270.5990078383322,427.04586217430005,637.2119678231917,169912.72483762307,140611.1173108902,15925.766591133737,24368.606394379778,True,2,12
417,image0417 26-03-03 00-14-54.fits,2026-03-03 00:14:54,1173.1748648317207,962.1394917615087,185.77166446802536,277.6178761491015,437.4588392880699,653.7401396148238,173196.66329174375,143970.07892697875,15823.10262931461,24036.349488711825,True,1,11
418,image0418 26-03-03 00-15-54.fits,2026-03-03 00:15:54,1174.0753973008677,963.2776288551015,185.2130168794657,276.1641786542934,436.1433247484214,650.3169436146383,172444.6468620009,143498.81057354438,15842.35629952857,24137.176625470394,True,1,11
419,image0419 26-03-03 00-16-54.fits,2026-03-03 00:16:54,1173.9729849952516,963.1526023020131,184.9795491494485,275.93857975462015,435.59355025790904,649.7856988035509,172378.59705190387,143338.57493807594,15842.53969323199,24132.782277703547,True,2,12
420,image0420 26-03-03 00-17-56.fits,2026-03-03 00:17:56,1174.9779146032179,963.8968279318891,183.79816628390944,274.1054532145151,432.8116062052815,645.4690156818332,171545.39906520248,142440.9969742411,15874.809543928946,24234.781620307505,True,2,12
421,image0421 26-03-03 00-18-56.fits,2026-03-03 00:18:56,1173.818149826997,962.5835243033544,185.9700804893492,277.3976942553344,437.92607331233853,653.221650877828,173036.25450645128,144069.83210918301,15820.632128383942,24067.167133285806,True,1,11
422,image0422 26-03-03 00-19-56.fits,2026-03-03 00:19:56,1175.8031027845832,965.0889457695025,182.2908253339586,271.95119197164223,429.2620895216413,640.396118124883,170437.77700163546,141311.30519017967,15905.000554569591,24310.542500319643,True,2,12
423,image0423 26-03-03 00-20-56.fits,2026-03-03 00:20:56,1174.1093937408862,962.7476019482596,186.11748810812728,277.656429524753,438.27319172782745,653.8309258766114,173117.81639945353,144209.42406534211,15815.811701255838,24046.5336201325,True,1,12
424,image0424 26-03-03 00-21-56.fits,2026-03-03 00:21:56,1172.7063825489813,962.1059727362159,187.3063842239049,279.3633803854762,441.07282813272,657.8504879793253,173829.77470384564,145069.2155403844,15788.239777681842,23955.17108914174,True,1,12
425,image0425 26-03-03 00-22-56.fits,2026-03-03 00:22:56,1174.8385914086255,964.8120531678838,184.4007718641996,274.5172113637254,434.23063390499635,646.4386320252985,171570.87613690278,142889.59394457674,15861.198678997136,24228.413352928757,True,1,12
426,image0426 26-03-03 00-23-56.fits,2026-03-03 00:23:56,1174.0600509409385,963.8790618927655,185.7085982353236,276.6389926858574,437.3103296591392,651.4350452138272,172511.66166145835,143829.38656734573,15831.359029140012,24133.02872865969,True,1,12
427,image0427 26-03-03 00-24-56.fits,2026-03-03 00:24:56,1173.25314262079,962.7980556618769,186.52318319483734,278.13736819598887,439.2285306501829,654.9634499000682,173247.22857186027,144468.70868549423,15810.924153663304,24033.419286770273,True,1,11
428,image0428 26-03-03 00-25-56.fits,2026-03-03 00:25:56,1173.2418331153542,962.9657131483434,186.8238900778627,278.6557498035511,439.93664124600974,656.1841453005311,173388.4229242719,144677.71127360532,15801.934457409194,24007.188362978184,True,1,12
429,image0429 26-03-03 00-26-56.fits,2026-03-03 00:26:56,1173.0915615986255,963.2220251947911,186.8377019771588,278.4893690472917,439.96916578333213,655.7923485605841,173288.6887211409,144672.5254940117,15803.662761099566,24027.536726568324,True,1,12
430,image0430 26-03-03 00-27-58.fits,2026-03-03 00:27:58,1176.5593304970878,967.1367084587683,181.77581857917787,270.25023759198507,428.0493412921573,636.390676655983,169439.67619913872,140861.34132455903,15927.277314304645,24438.783173992146,True,2,12
431,image0431 26-03-03 00-28-58.fits,2026-03-03 00:28:58,1174.1126856592716,963.7837035307276,185.72173238138703,276.9277593763892,437.3412582095637,652.1150388050287,172598.77766817325,143859.8850980592,15828.73760027174,24095.967083523326,True,1,12
432,image0432 26-03-03 00-29-58.fits,2026-03-03 00:29:58,1175.4972815176413,965.7777702393912,183.4454420455,272.97306592166814,431.9810040983067,642.8024473858989,170788.07333711226,142159.420511925,15885.593749581052,24306.955827413443,True,2,12
433,image0433 26-03-03 00-30-58.fits,2026-03-03 00:30:58,1174.4891944037056,965.9886793756554,183.98311511982234,273.7457964388646,433.2471274313944,644.6220886972002,170999.3521933001,142501.19433002846,15880.240499664691,24295.59174158022,True,2,11
434,image0434 26-03-03 00-31-58.fits,2026-03-03 00:31:58,1172.7998654151977,963.4634376569586,187.2754089644624,278.9795127168944,440.9998869708848,656.9465486987096,173435.60805261534,144973.01719798706,15799.049818108679,24027.241519575004,True,1,11
435,image0435 26-03-03 00-32-58.fits,2026-03-03 00:32:58,1174.9552265613006,965.7172854109268,184.03406990215473,273.71316511241236,433.36711677422085,644.5452477955745,171062.85609494892,142576.68338155941,15872.912461194237,24275.67346383222,True,2,11
436,image0436 26-03-03 00-33-58.fits,2026-03-03 00:33:58,1176.020510604441,967.3872211958535,182.0727644705971,270.85603203049465,428.74859542956085,637.8172135429537,169621.2644366169,141073.36455875394,15923.51513016394,24424.949944050935,True,2,12
437,image0437 26-03-03 00-35-00.fits,2026-03-03 00:35:00,1173.3347561301973,964.7173685275261,186.1929231676855,277.09025836402486,438.4508277181733,652.4976946784104,172510.1544917865,144153.74527456515,15824.61418120111,24131.12065287414,True,1,12
438,image0438 26-03-03 00-36-00.fits,2026-03-03 00:36:00,1173.4195013877388,964.3113592816179,186.3258153386808,277.464426957564,438.76376486626066,653.3787943826974,172744.46827192098,144283.57062431786,15821.238305325527,24106.63431232725,True,1,12
439,image0439 26-03-03 00-37-00.fits,2026-03-03 00:37:00,1175.1442199079509,966.8745106169491,183.43908921615352,272.77104223445434,431.96604432841895,642.3267179576768,170497.85169279284,142121.92926221402,15891.528243048628,24340.087695123973,True,2,12
440,image0440 26-03-03 00-38-00.fits,2026-03-03 00:38:00,1176.4517491010145,969.0442901179483,181.30726532252132,269.2889930167821,426.9459826912179,634.1271186621178,168709.50580969342,140449.6095203164,15945.753944631959,24525.089947092416,True,2,12
441,image0441 26-03-03 00-39-00.fits,2026-03-03 00:39:00,1174.5943173240923,966.278496438964,184.62508572505402,274.3206753268931,434.7588526809146,645.9758250261948,171214.33816044792,142970.0259860682,15866.029806227642,24289.311893746613,True,2,12
442,image0442 26-03-03 00-40-00.fits,2026-03-03 00:40:00,1174.9630233579694,966.9005947639496,183.7986621891164,273.18006342257667,432.81277397280337,643.2898892503096,170663.14102181836,142368.36246525025,15884.535681455305,24337.33807161819,True,2,11
443,image0443 26-03-03 00-41-00.fits,2026-03-03 00:41:00,1175.6352791346042,968.2162551310731,182.36658628173225,270.79563895063495,429.44049292008924,637.6749987079189,169487.69487036695,141276.09477221372,15921.915191106995,24455.473131187973,True,2,12
444,image0444 26-03-03 00-42-00.fits,2026-03-03 00:42:00,1173.4453674546069,965.2259672688876,186.4067381392991,277.1388436012787,438.9543234992567,652.6121041689884,172444.85678724485,144266.94216970017,15829.280837443903,24168.300899956907,True,1,11
445,image0445 26-03-03 00-43-00.fits,2026-03-03 00:43:00,1173.5910400074551,965.730397012978,186.1639344376511,276.9667345051761,438.38256447560826,652.2068182195537,172272.63162911945,144087.10990691767,15835.797882904128,24179.15175366769,True,1,11
446,image0446 26-03-03 00-44-02.fits,2026-03-03 00:44:02,1173.1537343306109,964.8147458491682,187.0889885050072,278.2831614988028,440.5609003361558,655.3067668919658,172916.20112109938,144779.9986358598,15811.387916286198,24096.411944933076,True,1,12
447,image0447 26-03-03 00-45-02.fits,2026-03-03 00:45:02,1174.5133178829487,966.3609636895312,185.09283165245267,274.8842101321531,435.8603101667345,647.3028480816937,171369.99978181935,143271.0912284161,15858.9279941306,24273.88479351009,True,2,11
448,image0448 26-03-03 00-46-02.fits,2026-03-03 00:46:02,1174.3274922439682,966.6581323165295,185.3058034515266,275.1954796595941,436.36182042822014,648.0358318043192,171454.76519526172,143429.35232778176,15856.229443474882,24274.200658121,True,2,11
449,image0449 26-03-03 00-47-02.fits,2026-03-03 00:47:02,1175.0066296587186,968.2777016126612,183.44375751720833,272.3525992306317,431.9770373373191,641.3413599845723,170060.68949081434,142046.64057256462,15898.348497896652,24400.571789072084,True,2,12
450,image0450 26-03-03 00-48-02.fits,2026-03-03 00:48:02,1176.4233100344904,969.252881279135,182.04343027250232,270.101116404005,428.6795186718824,636.0395230933887,168990.30962000144,141002.6826362097,15931.766064209376,24492.149435995983,True,2,11
451,image0451 26-03-03 00-49-02.fits,2026-03-03 00:49:02,1175.1376764458025,967.2687109089973,184.30466604900292,273.68655149344715,434.00432200492713,644.4825775121644,170749.70633196886,142684.6463825251,15878.555274348331,24335.675040601396,True,1,11
452,image0452 26-03-03 00-50-02.fits,2026-03-03 00:50:02,1173.0537006388904,965.684935970069,187.25184649978965,278.51376939434516,440.94440160676305,655.8498069869313,172851.56827488285,144907.28626315753,15807.869579181375,24093.85399605409,True,1,11
453,image0453 26-03-03 00-51-02.fits,2026-03-03 00:51:02,1175.4631186816578,968.9378337973022,183.10596392313428,271.62711224988055,431.1815942109105,639.6329686998904,169660.29004922172,141794.07461330664,15908.916710440688,24436.717979879126,True,2,12
454,image0454 26-03-03 00-52-02.fits,2026-03-03 00:52:02,1173.5139891814501,966.5145885114143,186.7618693497914,277.15951567683703,439.79059359234003,652.6607831868855,172198.96288312002,144478.5228425385,15827.925698990573,24197.145762842425,True,2,11
455,image0455 26-03-03 00-53-02.fits,2026-03-03 00:53:02,1176.3961945630465,969.7993560043392,182.05597468482068,269.86006877875167,428.7090585054628,635.471899313635,168811.76250635996,140997.09125398044,15932.949588150444,24516.074137679007,True,2,11
456,image0456 26-03-03 00-54-04.fits,2026-03-03 00:54:04,1174.8410283979463,968.0408020174781,184.51827053111228,273.69634819983463,434.5073221211067,644.5056469927409,170639.60486772438,142833.78360049435,15878.36876528942,24358.229920993952,True,2,10
457,image0457 26-03-03 00-55-04.fits,2026-03-03 00:55:04,1172.930164431037,965.9559684551289,187.21672342248704,278.1139823336855,440.8616930802877,654.9083804027459,172623.53150466795,144815.87744454556,15816.359891806544,24139.428456428926,True,1,11
458,image0458 26-03-03 00-56-04.fits,2026-03-03 00:56:04,1176.5801964196378,970.8095837070726,181.3127205161014,268.78732929842266,426.9588286904098,632.9457908822602,168130.88228668002,140426.21523092943,15944.29796343789,24536.932074133878,True,2,11
459,image0459 26-03-03 00-57-04.fits,2026-03-03 00:57:04,1175.7832987138538,970.1360441021621,182.6780753279914,270.84137970086414,430.17399357002785,637.7827099434334,169119.02261476498,141434.56296896611,15926.686372371283,24500.1632738301,True,2,11
460,image0460 26-03-03 00-58-04.fits,2026-03-03 00:58:04,1175.0059429842731,969.0168604539227,184.3575593670653,273.1112725986207,434.1288762505486,643.1278992391439,170226.67522842062,142667.34352091013,15892.234106273298,24418.331810143518,True,1,10
461,image0461 26-03-03 00-59-04.fits,2026-03-03 00:59:04,1175.712263596168,970.3516940372563,182.92013416299437,270.88246284307064,430.7439985667697,637.879453350214,169127.45435062514,141604.77450048042,15922.937146051292,24513.791693908217,True,2,11
462,image0462 26-03-03 01-00-04.fits,2026-03-03 01:00:04,1172.2154106532491,966.488969568163,187.23240037543022,278.25942868400165,440.8986094833233,655.250880383947,172567.3578734153,144836.50233079202,15816.503294974784,24131.441527484236,True,2,11
463,image0463 26-03-03 01-01-06.fits,2026-03-03 01:01:06,1173.4691802631353,967.636535908362,186.37161407510249,276.57420109101935,438.87161264882354,651.2824726675531,171746.63825935105,144172.36011335233,15842.069654316807,24238.26531811679,True,1,11
464,image0464 26-03-03 01-02-06.fits,2026-03-03 01:02:06,1174.1843394136229,968.640424822676,185.23476316889514,274.55335968952636,436.1945333466749,646.5237548274889,170818.54424885128,143318.1524156865,15869.046337636446,24342.076108983143,True,2,11
465,image0465 26-03-03 01-03-06.fits,2026-03-03 01:03:06,1173.0353448755354,967.4553347110829,187.05994244860292,277.37753745940756,440.49250210030596,653.174185250736,172089.82991520135,144647.33437685054,15828.59670861326,24220.713184503118,True,2,11
466,image0466 26-03-03 01-04-06.fits,2026-03-03 01:04:06,1176.266774721936,971.4429203398452,181.98799847148587,269.352645521279,428.54898675571667,634.2770088556235,168321.57277940464,140886.02837507418,15947.29539067198,24592.592151200955,True,2,10
467,image0467 26-03-03 01-05-06.fits,2026-03-03 01:05:06,1176.4858115456088,971.2173370804821,182.08889128442257,269.5931609960983,428.7865711740196,634.8433795168681,168437.71579199482,140979.9619748589,15940.72291212172,24560.549621428814,True,2,12
468,image0468 26-03-03 01-06-06.fits,2026-03-03 01:06:06,1175.6227551681973,970.4064484498948,183.47285148597425,271.515819360381,432.04554839815853,639.3708939728275,169362.02300454697,142012.42109908597,15909.186594810184,24484.93003741191,True,2,11
469,image0469 26-03-03 01-07-06.fits,2026-03-03 01:07:06,1173.3644356287962,967.6294323179822,187.2629727934846,277.7002388687621,440.97060202618286,653.9340889980438,172143.8379410854,144795.81597855402,15824.131823760172,24196.113629932694,True,1,11
470,image0470 26-03-03 01-08-06.fits,2026-03-03 01:08:06,1173.3353787434758,967.820684754026,187.1436900542631,277.48597753474996,440.68971264083785,653.4295421138369,172068.40612709732,144738.80346937463,15824.363878441232,24203.39679292952,True,1,11
471,image0471 26-03-03 01-09-06.fits,2026-03-03 01:09:06,1173.7207387959847,967.772385376824,186.8332441591978,277.0978935407053,439.9586684242405,652.5156741455048,171914.71442672593,144508.87392963778,15831.08478221773,24214.09338543052,True,1,11
472,image0472 26-03-03 01-10-06.fits,2026-03-03 01:10:06,1176.2618023923183,972.5702690920998,181.58037659253213,268.5008497422133,427.58911058436325,632.2711830808068,167772.15186796128,140576.71819085637,15955.8108385572,24627.830193073754,True,2,11
473,image0473 26-03-03 01-11-08.fits,2026-03-03 01:11:08,1173.6912053607125,969.9252018928773,185.72243588626134,274.8014514508858,437.3429148369435,647.1079662801451,170669.12016067823,143621.9363171202,15867.52446041768,24373.086144536992,True,2,11
474,image0474 26-03-03 01-12-08.fits,2026-03-03 01:12:08,1175.3971677455318,971.6937713922836,183.20396268013903,270.89843680812515,431.41236364829336,637.917069163323,168852.2180285228,141754.4766734942,15926.776221272192,24547.76977550702,True,2,10
475,image0475 26-03-03 01-13-08.fits,2026-03-03 01:13:08,1173.1025630072297,968.9942729821333,187.12240111130546,276.8849802588632,440.6395810112237,652.0143016815698,171611.50411413366,144623.0661077632,15838.76188345139,24292.275207343235,True,1,11
476,image0476 26-03-03 01-14-08.fits,2026-03-03 01:14:08,1175.1042874496802,970.8331308451345,184.3878903728788,272.72102930357414,434.2003003110242,642.2089465055293,169701.1023885118,142603.67311866398,15902.410676973372,24482.18970704926,True,2,10
477,image0477 26-03-03 01-15-08.fits,2026-03-03 01:15:08,1173.759146879384,969.5293219705458,185.66142649612232,274.8756891369546,437.19924870210906,647.2827826713966,170763.3508520718,143552.86926921635,15873.150995687382,24384.68634778217,True,2,11
478,image0478 26-03-03 01-16-08.fits,2026-03-03 01:16:08,1174.8593407120457,971.1211471268723,184.07675382751742,272.15947284835426,433.46762973726555,640.886582108361,169459.88980394276,142402.11944339695,15903.261717559128,24492.556666897242,True,1,11
479,image0479 26-03-03 01-17-08.fits,2026-03-03 01:17:08,1175.0745540598016,971.4156553913974,184.59914186571987,272.57588230958027,434.69775956090905,641.8671514545965,169591.0187162174,142772.7896483405,15897.4531821044,24498.92512080093,True,2,11
480,image0480 26-03-03 01-18-08.fits,2026-03-03 01:18:08,1175.6679629769785,972.3937210124695,183.37722945680767,270.6796136364399,431.82037572713057,637.4017799723214,168670.96086942658,141859.91235581593,15924.868114665025,24579.567055524203,True,2,11
481,image0481 26-03-03 01-19-08.fits,2026-03-03 01:19:08,1173.5018341012233,969.0258302049906,187.2620744567054,277.3138043390647,440.96848660472796,653.0241052214202,171736.32577654274,144747.47725740512,15831.059394772517,24249.30037156431,True,1,11
482,image0482 26-03-03 01-20-10.fits,2026-03-03 01:20:10,1175.5750781370768,972.1432753879634,183.59879543855826,271.07180076114054,432.3421237422538,638.3253100749695,168841.4467505652,142007.61096742586,15922.317121638529,24564.50486175114,True,2,10
483,image0483 26-03-03 01-21-10.fits,2026-03-03 01:21:10,1175.7461463525378,972.1309664161175,183.41275042778076,271.24116179868304,431.90402122159696,638.7241248410218,168876.35334649865,141899.84821581026,15919.886819862375,24528.81741950092,True,2,11
484,image0484 26-03-03 01-22-10.fits,2026-03-03 01:22:10,1173.5167632649798,969.3037103986521,187.22306630462583,277.0714971215101,440.8766294262914,652.453515328467,171592.60371349438,144691.8363851111,15836.104109942566,24277.364517893988,True,2,11
485,image0485 26-03-03 01-23-10.fits,2026-03-03 01:23:10,1173.8132684143307,971.0172331137537,185.7278768251129,274.6545563395858,437.355727268815,646.7620547275388,170378.33358363473,143575.29587380748,15874.790888993744,24407.979509463552,True,2,11
486,image0486 26-03-03 01-24-10.fits,2026-03-03 01:24:10,1173.6549244460125,970.2934301680131,186.28665930686853,275.5338556685299,438.67155945766524,648.8326464129186,170867.31835927765,144000.12274957533,15860.783007273967,24367.415596858846,True,2,11
487,image0487 26-03-03 01-25-10.fits,2026-03-03 01:25:10,1175.0773106033198,971.7235005041313,184.8317993165377,272.9164986484112,435.24562598972074,642.6692416369407,169627.1996873017,142904.69519938846,15894.257732996892,24495.2939458378,True,1,11
488,image0488 26-03-03 01-26-10.fits,2026-03-03 01:26:10,1175.9172549432724,973.184659837432,183.3796086690214,270.39038986418535,431.8259783437428,636.7207100359169,168400.17700087331,141824.50562627355,15932.797763421822,24616.79364807532,True,2,10
489,image0489 26-03-03 01-27-10.fits,2026-03-03 01:27:10,1175.057205964066,972.0058092048082,184.38618014946903,272.3842240604584,434.19627304265737,641.4158307677689,169360.90441906202,142581.16053219064,15906.743792714578,24518.05187365248,True,1,11
490,image0490 26-03-03 01-28-10.fits,2026-03-03 01:28:10,1174.0948323893656,969.6726334481606,187.18239132261877,276.60267541193633,440.7808471633299,651.349524569217,171357.44165463682,144645.572385355,15837.847953916806,24305.73950393402,True,2,11
491,image0491 26-03-03 01-29-10.fits,2026-03-03 01:29:10,1175.367201708926,973.0597095035687,183.89574465805305,271.2715089516502,433.0413857166764,638.7955869251385,168730.079049617,142206.47532591305,15915.632007031672,24562.419016856657,True,2,10
492,image0492 26-03-03 01-30-12.fits,2026-03-03 01:30:12,1176.6127860497388,974.0470744908813,182.22201630701596,268.7163681551812,429.1000566457177,632.778690159737,167561.972471287,140953.25752440075,15959.404364223876,24683.937190711527,True,2,10
493,image0493 26-03-03 01-31-12.fits,2026-03-03 01:31:12,1173.831336441779,971.0315370846636,186.39723794998042,275.43579721376994,438.9319522630175,648.6017363980652,170676.43349809104,144034.13965254856,15862.586246290757,24395.514090008186,True,2,11
494,image0494 26-03-03 01-32-12.fits,2026-03-03 01:32:12,1174.8418596802771,971.9063871943011,185.08601528985466,273.23865709044793,435.8442588594545,643.4278667939247,169741.05750586404,143096.15843862202,15889.878194568108,24492.997903847587,True,1,11
495,image0495 26-03-03 01-33-12.fits,2026-03-03 01:33:12,1173.6126372983736,971.5032522739481,186.4621923949008,275.42592623692065,439.0849082919298,648.5784920239164,170583.682847191,144067.64456869362,15865.83343258036,24411.71242784496,True,2,11
496,image0496 26-03-03 01-34-12.fits,2026-03-03 01:34:12,1173.1998080668748,970.9398402214587,187.05125373025294,276.4304057438301,440.47204173216977,650.9438605016095,171064.02345418706,144541.81261148586,15847.75134831635,24340.810934013774,True,1,11
497,image0497 26-03-03 01-35-12.fits,2026-03-03 01:35:12,1173.846793370794,971.5343789532832,186.5741871727187,275.53339907271413,439.3486358396742,648.8315712119393,170595.8525646378,144159.17688637244,15860.655774681501,24389.57977781235,True,1,11
498,image0498 26-03-03 01-36-12.fits,2026-03-03 01:36:12,1176.4275092389196,975.1843257265244,181.93478513024831,267.956959797491,428.42367891310744,630.990420136684,167068.503613262,140717.9157004761,15970.720101582754,24738.20003320649,True,2,10
499,image0499 26-03-03 01-37-12.fits,2026-03-03 01:37:12,1176.0286969792573,974.5873245752564,183.05996820898588,269.71504393528176,431.0732825812483,635.1303919052046,167846.11227479923,141574.2403196178,15941.380984960972,24646.247075150517,True,2,10
500,image0500 26-03-03 01-38-12.fits,2026-03-03 01:38:12,1176.1384322714794,974.89615341943,182.64934832606673,268.9789168239506,430.106346650062,633.3969450277514,167525.18163808703,141260.51303042294,15955.020799677783,24693.903829480874,True,2,10
501,image0501 26-03-03 01-39-14.fits,2026-03-03 01:39:14,1174.0033381994438,972.1739944791301,186.1168716487031,274.71496221371507,438.27174007681845,646.904299690776,170181.50586419477,143850.58865603674,15868.805276610621,24414.537470214553,True,2,11
502,image0502 26-03-03 01-40-14.fits,2026-03-03 01:40:14,1176.7111246710992,975.5772287500558,181.99955351058878,267.96474932442237,428.57619679341735,631.0087630708433,167006.03199035994,140769.87918799458,15971.152783865626,24743.439917152908,True,2,10
503,image0503 26-03-03 01-41-14.fits,2026-03-03 01:41:14,1175.5140704731034,974.075986115554,183.99956571000627,271.11785423490994,433.2858656109121,638.433757718145,168505.67790067443,142245.223845241,15924.687974017057,24615.633599064317,True,2,10
504,image0504 26-03-03 01-42-14.fits,2026-03-03 01:42:14,1176.575544437247,976.0043048080049,182.00001804432998,267.98041200752294,428.5772906867827,631.0456458709675,166883.17732980955,140750.79204704292,15970.745798459651,24735.9159773115,True,2,10
505,image0505 26-03-03 01-43-14.fits,2026-03-03 01:43:14,1176.0211523818075,974.6449934175565,183.3727248464356,270.08703184492526,431.8097681803314,636.0063564913423,167980.32107072297,141782.2714511144,15941.405460848016,24653.30014399958,True,2,10
506,image0506 26-03-03 01-44-14.fits,2026-03-03 01:44:14,1175.8252850857573,974.7943440461798,183.70255562761292,270.38712695391996,432.58646031531595,636.7130264694188,168112.44324264405,142011.56597346207,15935.200000939085,24665.197325165533,True,2,10
507,image0507 26-03-03 01-45-14.fits,2026-03-03 01:45:14,1176.7455402154828,976.2624833997592,181.64565483016963,267.3698996786931,427.7428290868563,629.6079992013006,166609.13959405865,140476.62824163566,15979.657610848157,24770.219756004437,True,2,10
508,image0508 26-03-03 01-46-14.fits,2026-03-03 01:46:14,1174.7321367999655,973.7369600164996,185.78986135918598,273.5247439602244,437.5016896921322,644.1015498894944,169473.0029705021,143516.31654141817,15890.666282185513,24542.239820982762,True,2,11
509,image0509 26-03-03 01-47-14.fits,2026-03-03 01:47:14,1176.938895504815,977.0341414191403,181.37059376353042,266.77746125981525,427.0951097735267,628.2129133370805,166233.28353206412,140271.71014201982,15988.151003752255,24798.531185604556,True,2,10
510,image0510 26-03-03 01-48-14.fits,2026-03-03 01:48:14,1173.6426950459538,972.674926419628,186.88787399634177,275.6065275312102,440.0873118598039,649.003775571868,170417.58229535137,144359.308637426,15861.839198117888,24419.77955099481,True,1,11
511,image0511 26-03-03 01-49-16.fits,2026-03-03 01:49:16,1174.6265436578744,973.6559017743728,185.68375675890354,273.61512971860304,437.2518324525171,644.3143920851098,169490.79744064002,143447.41186374455,15891.653444870342,24523.40140706897,True,2,11
512,image0512 26-03-03 01-50-16.fits,2026-03-03 01:50:16,1174.702940592456,974.6748014915817,185.40317114054483,272.70337539144776,436.59110381405856,642.1673747193809,168997.84874392024,143234.8712829604,15901.942957644433,24585.22813360184,True,2,10
513,image0513 26-03-03 01-51-16.fits,2026-03-03 01:51:16,1173.9778571925572,973.1027622383077,186.45839115177415,274.8015552750978,439.0759570484192,647.1082107674807,170036.29956870293,144029.85842251865,15874.042984059493,24463.968346071215,True,1,11
514,image0514 26-03-03 01-52-16.fits,2026-03-03 01:52:16,1173.6650770873946,973.2859312998409,186.78766680929476,275.3218128482188,439.85134196708947,648.3333237292453,170197.2260984474,144259.64690023402,15866.719669438817,24450.679376081036,True,1,11
515,image0515 26-03-03 01-53-16.fits,2026-03-03 01:53:16,1175.2154759060586,976.0064847127443,183.81247205504036,270.1292332100395,432.84529372190025,636.105733111841,167784.8861561675,142072.89589834816,15940.529359375547,24698.282261925648,True,2,10
516,image0516 26-03-03 01-54-16.fits,2026-03-03 01:54:16,1174.7519947767817,974.6369591651593,185.28247038274134,272.46253648041846,436.30687525013246,641.6002424240656,168932.5862386731,143155.76528072238,15904.072903331753,24595.266462911586,True,1,10
517,image0517 26-03-03 01-55-16.fits,2026-03-03 01:55:16,1175.0329302076989,975.6418376101309,184.30053134560168,270.90018611764077,433.9945855224776,637.9211884724353,168127.97240930444,142410.43998996803,15930.1865553912,24670.198352146912,True,2,10
518,image0518 26-03-03 01-56-16.fits,2026-03-03 01:56:16,1176.6286533344858,977.3147175942237,181.721721246505,267.2746513418517,427.92195180879656,629.3837065084506,166370.19425670634,140521.35386930383,15983.619274217584,24790.3358289902,True,2,10
519,image0519 26-03-03 01-57-16.fits,2026-03-03 01:57:16,1175.2482437278936,975.7701117650145,184.0233305372275,270.5655960010373,433.34182750241933,637.1332889589883,167973.7075633715,142221.90238628327,15932.511122828315,24670.948843151895,True,2,10
520,image0520 26-03-03 01-58-18.fits,2026-03-03 01:58:18,1176.4710758218346,977.7754411682871,181.87095342730956,267.22355082507636,428.2733667395188,629.2633739872365,166284.85935228356,140624.45121389115,15988.35817631885,24815.109718923984,True,2,10
521,image0521 26-03-03 01-59-18.fits,2026-03-03 01:59:18,1175.1458314346112,975.6661373515495,184.31532288533518,270.93251072428967,434.0294169367389,637.99730710412,168159.26726208456,142441.55252242342,15927.611191607217,24665.503759947438,True,2,10
522,image0522 26-03-03 02-00-18.fits,2026-03-03 02:00:18,1176.2790946412201,977.5061843375059,182.46292445932815,268.08181037849096,429.6673519917938,631.2844207874565,166661.95657240532,141029.84024403887,15976.947574124017,24796.336015163364,True,2,10
523,image0523 26-03-03 02-01-18.fits,2026-03-03 02:01:18,1176.8560971357279,977.6537365675579,182.2227381171854,267.5793303489094,429.1017563787734,630.1011707415702,166450.74296590305,140861.6972573813,15978.044547027688,24806.693328204525,True,2,10
524,image0524 26-03-03 02-02-18.fits,2026-03-03 02:02:18,1176.1872699535352,977.3692815099917,182.64796602313655,268.1629978128984,430.1030915754137,631.4756025854039,166757.27612132372,141198.19433690116,15968.705647437484,24782.85050225393,True,2,10
525,image0525 26-03-03 02-03-18.fits,2026-03-03 02:03:18,1176.5173477155984,977.7204200353808,182.430473304293,268.1460766904836,429.5909353614326,631.435756387157,166629.6254090907,141029.12379183574,15971.823537314125,24771.23878647166,True,2,10
526,image0526 26-03-03 02-04-18.fits,2026-03-03 02:04:18,1175.1367453421014,976.0383239960249,184.4934251237086,271.3517247482702,434.44881565772556,638.9844806909474,168173.28360932437,142555.08122452055,15925.009966089254,24636.09236588491,True,2,11
527,image0527 26-03-03 02-05-18.fits,2026-03-03 02:05:18,1175.2900283823253,976.2672382685553,185.06837068447805,271.8465796663626,435.80270898902705,640.1497749714534,168345.84870496634,142917.065039427,15923.281648164675,24669.27862945828,True,2,10
528,image0528 26-03-03 02-06-18.fits,2026-03-03 02:06:18,1176.9043351207015,978.3042626882311,181.88970727059322,267.00356148718674,428.3175286656045,628.745338684681,166081.76028786477,140640.36312292435,15984.101011594646,24809.08974353728,True,2,10
529,image0529 26-03-03 02-07-18.fits,2026-03-03 02:07:18,1173.570840019482,974.4372458869906,187.19662745477993,275.52348387062466,440.8143706927067,648.8082226953084,170043.60401327722,144511.93488421856,15868.535388203207,24480.37631949411,True,2,11
530,image0530 26-03-03 02-08-20.fits,2026-03-03 02:08:20,1177.0825583950755,979.4982935828173,181.29782241722697,265.84989734091977,426.92374634854747,626.0286672278179,165417.89622181118,140152.1430336446,16005.684805905586,24894.449829073495,True,2,10
531,image0531 26-03-03 02-09-20.fits,2026-03-03 02:09:20,1175.5981075643272,977.4164494009734,183.89687414384713,269.82724947260016,433.0440454524649,635.3946157536456,167392.86376932595,142082.88285033533,15949.163008392266,24749.75532778725,True,2,10
532,image0532 26-03-03 02-10-20.fits,2026-03-03 02:10:20,1175.806765282679,977.9472336796059,183.3050996316436,269.0241809101737,431.65052296898966,633.5035338053095,166973.56630350195,141670.06832044708,15959.889949049204,24766.128336244867,True,2,10
533,image0533 26-03-03 02-11-20.fits,2026-03-03 02:11:20,1174.7969743185392,976.1574743129524,185.40654039302092,272.23761944890583,436.59903779732605,641.0706032897908,168512.41100285648,143183.45530378152,15910.74989522149,24634.820233590297,True,2,10
534,image0534 26-03-03 02-12-20.fits,2026-03-03 02:12:20,1174.4499399952474,976.803622231988,185.58795339506597,272.27942438375567,437.026232770971,641.1690463883565,168391.01628151108,143256.6199766493,15916.69693141625,24672.215158980413,True,2,10
535,image0535 26-03-03 02-13-20.fits,2026-03-03 02:13:20,1173.6399841209975,974.9519509064452,187.29350272004925,275.37189935411936,441.0424945092306,648.4512684373254,169878.23362691997,144569.28195967723,15869.845115138658,24493.51326622456,True,2,11
536,image0536 26-03-03 02-14-20.fits,2026-03-03 02:14:20,1175.6140474349986,978.3062059507199,183.50334834790812,269.03025977063186,432.117363019951,633.5178484277673,166900.45124200222,141787.67818537288,15958.176409860542,24778.34184049711,True,2,10
537,image0537 26-03-03 02-15-20.fits,2026-03-03 02:15:20,1176.2541328618013,979.1409511914711,182.70434699746758,268.00389641655624,430.2358586239268,631.1009474281049,166314.29928150668,141199.54600622263,15975.95397996843,24811.582947569175,True,2,10
538,image0538 26-03-03 02-16-20.fits,2026-03-03 02:16:20,1173.530775769002,975.5708358588953,187.28661986514038,275.23725158473826,441.0262866245242,648.134197170968,169732.59104727587,144564.4928006644,15867.65567090636,24506.51923024124,True,2,10
539,image0539 26-03-03 02-17-20.fits,2026-03-03 02:17:20,1173.585907797981,975.4960633479532,187.15124380700598,275.1989740350406,440.707500369212,648.0440604296654,169704.3109550695,144458.2136124662,15873.45808749791,24506.642976729374,True,2,11
540,image0540 26-03-03 02-18-22.fits,2026-03-03 02:18:22,1174.0867721956,976.3599744943095,186.30623727247655,273.4894249212049,438.71766204351997,644.0183799084401,168922.65381908833,143833.52372661073,15895.096472786234,24589.392216434346,True,2,10
541,image0541 26-03-03 02-19-22.fits,2026-03-03 02:19:22,1176.2970808016564,979.4998863039731,182.4284383468733,267.6196537102585,429.58614340290995,630.196125001158,166115.5641413436,140992.11573084234,15984.966488015176,24841.4555101851,True,2,10
542,image0542 26-03-03 02-20-22.fits,2026-03-03 02:20:22,1175.3005550051048,978.2453065371237,184.5661116403749,270.39940906381884,434.6199793241749,636.7419486280039,167481.36750025387,142550.95305042507,15938.328530657867,24755.880719311976,True,2,10
543,image0543 26-03-03 02-21-22.fits,2026-03-03 02:21:22,1174.940486921354,977.3791808268529,185.1218618419111,271.76996145207323,435.9286710387823,639.9693528646304,168090.41830328654,142990.0918093277,15917.495954275639,24649.5773086808,True,2,10
544,image0544 26-03-03 02-22-22.fits,2026-03-03 02:22:22,1174.2773519234986,977.4534465037841,186.1603665302462,272.9024610232565,438.37416269573237,642.6361855558417,168542.8136422729,143679.6452465532,15907.398015152421,24669.422989311694,True,2,10
545,image0545 26-03-03 02-23-22.fits,2026-03-03 02:23:22,1177.2300099965314,980.5310881817727,181.53480945896865,265.88827692268455,427.4818081848534,626.1190442362775,165230.36521809193,140329.14464621447,16003.886211378487,24897.41422838091,True,2,10
546,image0546 26-03-03 02-24-22.fits,2026-03-03 02:24:22,1173.3858591789349,976.0705485077804,187.14720535028522,274.87031726521457,440.69799053037497,647.2701328801439,169501.66831808793,144440.75990681557,15878.124368016914,24544.594047217677,True,2,10
547,image0547 26-03-03 02-25-22.fits,2026-03-03 02:25:22,1173.3793621904035,976.617178647501,187.22971676108227,274.7530280379413,440.8922900544637,646.9939378566946,169334.4857076595,144453.71395915718,15883.146519760985,24575.12228174706,True,2,10
548,image0548 26-03-03 02-26-22.fits,2026-03-03 02:26:22,1176.7671339080116,981.1175049460754,181.7573948775903,265.9662619428759,428.0059567903552,626.3026849250364,165133.06102109523,140409.669484809,16011.531591670777,24946.027884292514,True,2,10
549,image0549 26-03-03 02-27-24.fits,2026-03-03 02:27:24,1174.5293705059125,977.4536747801559,186.1804057341124,272.8560449545371,438.421351414683,642.5268840668098,168481.2198863263,143671.85201151852,15905.767109091132,24661.51106572653,True,2,10
550,image0550 26-03-03 02-28-24.fits,2026-03-03 02:28:24,1175.043932958575,978.3607038364493,185.2645243952936,271.4560213021019,436.26461567916266,639.2300803065378,167856.4589978537,143039.3795304093,15928.559976403718,24736.126797445468,True,2,10
551,image0551 26-03-03 02-29-24.fits,2026-03-03 02:29:24,1173.912778958162,977.4830502938853,186.55471980111395,273.551399526575,439.30279368279525,644.1643189514485,168732.14768886703,143931.77691255676,15904.956097010323,24653.72248706435,True,2,10
552,image0552 26-03-03 02-30-24.fits,2026-03-03 02:30:24,1175.0205061050785,979.3819990036807,184.26104298470383,269.9974471087678,433.90159753869,635.7954005589099,167051.14366702308,142268.6409137357,15957.922343382756,24803.332420940635,True,2,10
553,image0553 26-03-03 02-31-24.fits,2026-03-03 02:31:24,1175.4126853427588,979.6145548297179,183.85829684615115,269.08477554915555,432.9532028585673,633.6462232758054,166664.7764107177,141990.45992340147,15961.981674572951,24820.481766964094,True,2,10
554,image0554 26-03-03 02-32-24.fits,2026-03-03 02:32:24,1174.70928127298,978.5914704532802,185.2496413816565,271.229360763398,436.22956886031955,638.6963355265805,167664.2658114164,142961.6818824115,15935.82439288211,24760.785146690934,True,2,10
555,image0555 26-03-03 02-33-24.fits,2026-03-03 02:33:24,1174.9385415095908,978.600921201489,185.28743052351712,271.49984040612264,436.3185554890575,639.3332664110413,167757.20335679667,143016.9378843317,15930.405483350196,24731.149885199913,True,2,10
556,image0556 26-03-03 02-34-24.fits,2026-03-03 02:34:24,1173.8497196175815,977.5338452105259,187.08830586506656,274.2810292762317,440.5592928419401,645.8824657113911,169000.44021649248,144315.60739272254,15897.102988534434,24636.374758830047,True,2,10
557,image0557 26-03-03 02-35-24.fits,2026-03-03 02:35:24,1176.472518162902,981.2346567271783,182.2367502590553,266.69811953722484,429.13475245132247,628.0260778583173,165423.33703064185,140792.8872375907,16000.467134481934,24918.275286816734,True,2,10
558,image0558 26-03-03 02-36-24.fits,2026-03-03 02:36:24,1175.151343009568,979.3373748179301,184.87646364451632,270.66821464005113,435.3508024445426,637.3749373871319,167304.958350335,142702.83447948072,15942.734296015598,24776.457123166223,True,2,10
559,image0559 26-03-03 02-37-26.fits,2026-03-03 02:37:26,1177.6025372919755,982.2914822951698,181.110992812055,264.82688961866575,426.4837962492833,623.6196681372327,164457.940650272,139922.77492109977,16028.15677720431,24995.957750569814,True,2,10
560,image0560 26-03-03 02-38-26.fits,2026-03-03 02:38:26,1174.6307195356287,979.3728345218958,185.4411156300369,271.33590632853577,436.680456258513,638.9472311590761,167571.31946256573,143102.34367070175,15937.318719627314,24775.07826159742,True,2,10
561,image0561 26-03-03 02-39-26.fits,2026-03-03 02:39:26,1176.1756171278023,981.1800661695053,183.12744133989926,267.5288890489139,431.2321696624241,629.9823905572433,165774.34345313525,141429.5207020916,15986.886623504417,24906.97087889555,True,2,10
562,image0562 26-03-03 02-40-26.fits,2026-03-03 02:40:26,1176.5731726072559,980.942607002514,182.94549841745453,267.6323675855089,430.80372682159975,630.2260638894477,165827.4805542045,141300.63820235737,15985.755688404892,24884.637477166933,True,2,10
563,image0563 26-03-03 02-41-26.fits,2026-03-03 02:41:26,1173.725411600269,978.2315234768007,186.91859699767417,274.0600994489282,440.15965899918496,645.3622157255115,168737.20011367282,144174.8488305551,15901.571331762072,24641.091255344963,True,2,11
564,image0564 26-03-03 02-42-26.fits,2026-03-03 02:42:26,1175.784182135148,980.8413246938029,183.38327028347297,268.1700833588297,431.83460078685056,631.4922877709928,166078.0719455997,141646.54930971292,15973.748154827234,24857.96037073836,True,2,10
565,image0565 26-03-03 02-43-26.fits,2026-03-03 02:43:26,1174.1987836592486,979.0383383268197,186.413451291857,272.608707909386,438.9701317654654,641.9444498350092,168090.63877079156,143762.14910570948,15920.726710883477,24744.74126560256,True,2,10
566,image0566 26-03-03 02-44-26.fits,2026-03-03 02:44:26,1176.0376558904966,981.8463121855019,182.9148347949073,267.15236202700805,430.73151950857226,629.0957371785636,165533.3421692236,141278.35896860118,15992.563312960472,24935.100002079467,True,2,10
567,image0567 26-03-03 02-45-26.fits,2026-03-03 02:45:26,1175.7675653594715,980.765748086592,184.12130068182196,268.97449208547346,433.572529562725,633.3865255648914,166420.41041523573,142128.6144514389,15968.977436283363,24877.15234682615,True,2,10
568,image0568 26-03-03 02-46-28.fits,2026-03-03 02:46:28,1174.0545018111422,978.8402939999504,186.72375311805138,273.3297353411497,439.7008367257976,643.6423396843437,168366.24113040406,144019.38832682293,15907.689428116219,24683.45054455932,True,2,10
569,image0569 26-03-03 02-47-28.fits,2026-03-03 02:47:28,1175.7344633566395,981.8337797074679,183.329721813926,267.6072032698492,431.70850377738066,630.1668064545128,165689.9578114714,141548.2951079164,15987.414467095565,24930.839469067883,True,2,10
570,image0570 26-03-03 02-48-28.fits,2026-03-03 02:48:28,1175.703692625315,981.5156851792921,183.51849816138034,268.0050617227113,432.15303810439383,631.1036915143973,165891.26211539144,141710.861309832,15979.14356354267,24894.371803288584,True,2,10
571,image0571 26-03-03 02-49-28.fits,2026-03-03 02:49:28,1174.8386297492966,979.4756241445817,185.87376331584105,271.9984820435964,437.69926370148085,640.5074777342516,167783.3214786176,143402.29751596611,15928.576292241478,24753.36981954614,True,2,10
572,image0572 26-03-03 02-50-28.fits,2026-03-03 02:50:28,1175.9928682216284,981.4783227409386,183.77761873050622,268.3610444755766,432.7632204146513,631.9419668365299,166026.71933313392,141857.81878697837,15980.758297369157,24909.007037574913,True,2,10
573,image0573 26-03-03 02-51-28.fits,2026-03-03 02:51:28,1176.9600304281373,983.2256262441653,181.72274642850442,265.2559400755428,427.9243659279186,624.6300047534165,164473.990881543,140367.6188291779,16022.425509769306,25005.769232191535,True,2,10
574,image0574 26-03-03 02-52-28.fits,2026-03-03 02:52:28,1177.6762622323615,983.8152041779618,181.03172785521994,264.18939106739174,426.2971415400596,622.1184737700145,163901.36347534155,139813.33186803243,16042.660966448104,25056.618095248174,True,2,10
575,image0575 26-03-03 02-53-28.fits,2026-03-03 02:53:28,1175.1117809154966,981.5837216679807,184.54248146059726,269.30894147296743,434.5643345031668,634.1740936866105,166377.1772057064,142409.34430840708,15964.740336181963,24882.238704816944,True,2,10
576,image0576 26-03-03 02-54-28.fits,2026-03-03 02:54:28,1175.4785694246768,981.5228386905007,184.33934535824287,269.17788914936887,434.08598553747316,633.8654890480527,166336.12148829116,142282.91604045674,15965.045418032742,24871.086453800002,True,2,10
577,image0577 26-03-03 02-55-28.fits,2026-03-03 02:55:28,1176.5414242405684,982.8366959835084,182.75237801394655,266.6928654176337,430.3489630243147,628.0137053521851,165101.55061627133,141106.86945803172,16002.777178615552,24964.074158397347,True,2,10
578,image0578 26-03-03 02-56-30.fits,2026-03-03 02:56:30,1173.8073501833014,979.906200381692,186.9877658748284,273.229988875564,440.3225392576,643.4074547077614,168105.05855291302,144141.56615904224,15913.37540641675,24731.480989242744,True,2,10
579,image0579 26-03-03 02-57-30.fits,2026-03-03 02:57:30,1176.7159763723882,983.2534276933644,182.66294044240044,266.3449857923583,430.138353638059,627.1945114373286,164922.90444815878,141036.84254745982,16008.721587996462,24997.481031862197,True,2,10
580,image0580 26-03-03 02-58-30.fits,2026-03-03 02:58:30,1175.902093970699,982.6407018999772,183.8109113307521,268.12525320143806,432.8416184970615,631.3867208177451,165711.5322571149,141852.88085217366,15985.893551448242,24943.229566959544,True,2,10
581,image0581 26-03-03 02-59-30.fits,2026-03-03 02:59:30,1176.2540526628509,983.6923855557377,182.51777779407436,266.0949135745805,429.796521723991,626.6056363662003,164724.25968166007,140900.34368587914,16018.078831926981,25024.937633413687,True,2,10
582,image0582 26-03-03 03-00-30.fits,2026-03-03 03:00:30,1176.6099803920822,984.0939853958014,182.19569174855903,265.5230591224754,429.03806704778674,625.259022039543,164433.98659043695,140685.70046135274,16022.489313228069,25034.796588932728,True,2,10
583,image0583 26-03-03 03-01-30.fits,2026-03-03 03:01:30,1175.7170460826921,982.5950953997184,183.78960159314707,268.0294598762663,432.7914378997948,631.1611447754505,165686.6412127152,141849.46106838473,15983.191357486148,24936.019171299104,True,2,10
584,image0584 26-03-03 03-02-30.fits,2026-03-03 03:02:30,1174.2326576232845,980.3303604152749,186.60860072377136,272.524994474966,439.42967355951373,641.7473197615986,167781.87207839187,143859.96156798024,15922.212251266094,24770.534193955402,True,2,11
585,image0585 26-03-03 03-03-30.fits,2026-03-03 03:03:30,1173.6345405215047,980.6758087287697,186.93695132485107,272.7841060705674,440.20288013673417,642.3574809408208,167817.7920980772,144066.54941510936,15922.473740739993,24789.422138414808,True,2,10
586,image0586 26-03-03 03-04-30.fits,2026-03-03 03:04:30,1177.4079256193895,985.3176451068059,181.00233328084394,263.6683824133685,426.22792260710384,620.891592147886,163440.59524431004,139778.07245551524,16047.95622976343,25101.8867308567,True,2,11
587,image0587 26-03-03 03-05-32.fits,2026-03-03 03:05:32,1174.8745059620162,982.1702303628093,184.8317453908097,269.82988901626567,435.24549900433544,635.4008314039788,166424.85978196052,142589.2071124715,15963.694814695997,24877.578469734905,True,2,10
588,image0588 26-03-03 03-06-32.fits,2026-03-03 03:06:32,1176.0180353635835,983.4483711566209,183.5390545538437,267.5371450888097,432.20144470942006,630.0018320454825,165320.28441088673,141638.3370558697,15994.259663282599,24973.36624944069,True,2,10
589,image0589 26-03-03 03-07-32.fits,2026-03-03 03:07:32,1175.7233982207877,982.7502129430442,183.97495471656222,268.8479691147574,433.2279111502219,633.0885867372923,165934.8077506575,141978.6566481304,15982.443968706548,24911.014528603442,True,2,10
590,image0590 26-03-03 03-08-32.fits,2026-03-03 03:08:32,1177.0367172863673,985.129041763114,181.6943283923259,264.5444647488816,427.857446566685,622.9546083926497,163842.99314165505,140295.44970581622,16034.896102698924,25078.486068941387,True,2,10
591,image0591 26-03-03 03-09-32.fits,2026-03-03 03:09:32,1177.5871795961627,985.3765344019134,181.0547740766025,263.77770657722664,426.3514112441335,621.1490308803453,163466.30652303953,139820.86142465446,16051.05736836493,25101.959216031228,True,2,10
592,image0592 26-03-03 03-10-32.fits,2026-03-03 03:10:32,1174.5841509409981,981.5105517387356,186.12606428891206,271.52189745306185,438.29338709024927,639.3852067873079,167189.25702818032,143513.5668953507,15936.7624344374,24820.15951643082,True,2,11
593,image0593 26-03-03 03-11-32.fits,2026-03-03 03:11:32,1175.4154965970524,983.4043092808412,184.30640251110665,268.7464284395844,434.00841106069646,632.849476720009,165788.2554014834,142198.36661626684,15983.459665507055,24941.50420872925,True,2,11
594,image0594 26-03-03 03-12-32.fits,2026-03-03 03:12:32,1177.3511625478263,985.8366210634731,181.18380632063904,263.93187028268943,426.655258958846,621.5120586641854,163399.6109750295,139905.635187007,16051.288565526622,25094.49815247462,True,2,11
595,image0595 26-03-03 03-13-32.fits,2026-03-03 03:13:32,1177.2945589669487,985.4556939238252,181.55740398045828,264.26788068615423,427.535014216965,622.3033026976033,163681.33483520756,140209.56508173,16040.410488073845,25089.579901511555,True,2,10
596,image0596 26-03-03 03-14-32.fits,2026-03-03 03:14:32,1176.069905250107,983.7811562326968,184.4962509289706,268.5463858686414,434.45546992059985,632.3784124640928,165666.61778305453,142321.04912596528,15979.98670311366,24963.37559077149,True,2,11
597,image0597 26-03-03 03-15-34.fits,2026-03-03 03:15:34,1175.2735219278495,983.371846984715,184.76529812718996,269.02164562814335,435.08902765602625,633.4975636723647,165922.4794416444,142494.46456961875,15977.385995668594,24959.086545007776,True,2,10
598,image0598 26-03-03 03-16-34.fits,2026-03-03 03:16:34,1176.0003404688,984.2044773037269,184.01982383750484,267.98998907463687,433.3335698556205,631.06819814058,165340.9528889122,141976.20381429116,15986.937153067938,24968.387464876698,True,2,11
599,image0599 26-03-03 03-17-34.fits,2026-03-03 03:17:34,1176.897355581172,985.597426730252,182.15609283529668,265.190270290346,428.9448187330751,624.4753642268822,163981.72082224657,140619.6606670562,16033.951711313997,25072.825383695545,True,2,10
600,image0600 26-03-03 03-18-34.fits,2026-03-03 03:18:34,1175.2036586378742,983.3227921948788,184.94820446380268,269.3450593121641,435.51973916384503,634.259144698334,166039.58258798314,142643.7531433107,15970.39551512967,24930.588099263172,True,2,11
601,image0601 26-03-03 03-19-34.fits,2026-03-03 03:19:34,1177.0698927329709,985.4271660569627,182.2572324065576,265.268195011456,429.1829842228261,624.6588629221554,164030.42801550427,140688.39229693284,16029.425528617903,25061.432631646698,True,2,10
602,image0602 26-03-03 03-20-34.fits,2026-03-03 03:20:34,1174.361083093007,982.1793889252344,187.01141829070792,272.3692803945212,440.37823644062655,641.3806411236736,167351.41508008627,144105.7678268434,15924.364360990947,24813.264114575926,True,2,11
603,image0603 26-03-03 03-21-34.fits,2026-03-03 03:21:34,1177.524707219459,986.571004312622,181.31007984368176,263.6159546396588,426.9526103820637,620.768134175438,163178.62426562124,139970.16827376245,16050.192230473747,25133.993880624756,True,2,10
604,image0604 26-03-03 03-22-34.fits,2026-03-03 03:22:34,1174.1850177008114,982.1400675001614,186.87236354064476,272.4365876840752,440.050787527821,641.5391376782921,167376.47017322303,143999.22571814922,15929.16255721611,24816.197375366646,True,2,11
605,image0605 26-03-03 03-23-34.fits,2026-03-03 03:23:34,1177.3318197037117,986.9402639522879,181.01703281456255,263.257924104903,426.262537363757,619.9250366954619,162952.5858363551,139728.98973052346,16061.651490086479,25162.83917783323,True,2,10
606,image0606 26-03-03 03-24-34.fits,2026-03-03 03:24:34,1174.5719078583215,983.3217276937166,185.298094695752,269.9640987852043,436.3436676955999,635.7168712581145,166278.12330008243,142907.45201401098,15962.410961050964,24907.428986757954,True,2,11
607,image0607 26-03-03 03-25-36.fits,2026-03-03 03:25:36,1175.924232689975,985.0294596772956,183.36586624192353,266.6061800933926,431.7936174009454,627.8095770130521,164685.2961091509,141503.84558820594,16004.790000601472,25031.35369806778,True,2,11
608,image0608 26-03-03 03-26-36.fits,2026-03-03 03:26:36,1175.93799131531,985.1482439022531,183.98075497328057,267.21725524143545,433.2415697110086,629.2485490206838,164892.79330628633,141931.48881638763,15996.075043273777,25023.524482857116,True,2,11
609,image0609 26-03-03 03-27-36.fits,2026-03-03 03:27:36,1177.8024923915345,987.39953282939,181.09303198557046,263.12490610037685,426.44150173505216,619.6118032320537,162836.04034899367,139801.4989695045,16062.430727587493,25172.298707197868,True,2,10
610,image0610 26-03-03 03-28-36.fits,2026-03-03 03:28:36,1176.0924668157543,985.3367974317804,183.56168643071123,266.84064352058937,432.2547387067244,628.3616961912418,164710.14585014796,141625.6603817679,16008.88703179965,25045.555385288466,True,2,11
611,image0611 26-03-03 03-29-36.fits,2026-03-03 03:29:36,1174.3963944082077,982.4498295854621,186.80577459301506,272.1110322612277,439.8939825391651,640.7725132428023,167212.81643066133,143959.47810818834,15929.877377867211,24829.241693213757,True,2,11
612,image0612 26-03-03 03-30-36.fits,2026-03-03 03:30:36,1176.6666874063067,985.9263974697087,182.87249918950312,265.7537728228803,430.63182677634796,625.8023112859197,164166.42678341753,141132.30756619695,16022.666752059456,25073.620286698308,True,2,10
613,image0613 26-03-03 03-31-36.fits,2026-03-03 03:31:36,1177.7646926406844,987.7452031509797,181.07093987685516,262.87993816807455,426.3894787946124,619.0349478346785,162677.53921940643,139790.1841472305,16063.476811563354,25179.704667007536,True,2,10
614,image0614 26-03-03 03-32-36.fits,2026-03-03 03:32:36,1175.0165959019491,984.1815981332433,186.05795383109555,270.5606327648407,438.1329992189067,637.1216014309043,166329.92782607384,143425.28984192977,15954.907001741562,24914.05730932049,True,2,11
615,image0615 26-03-03 03-33-36.fits,2026-03-03 03:33:36,1175.6497889269779,985.2375289587918,184.31336391597853,267.835856460626,434.0248039164303,630.7052435715142,165103.9222406622,142155.95523156738,15992.63343557187,25016.18838433178,True,2,11
616,image0616 26-03-03 03-34-38.fits,2026-03-03 03:34:38,1176.9462172643373,986.4508572222203,182.6283280667312,265.3866239713219,430.05684772202693,624.9377418107599,163910.23647244912,140931.42861100237,16032.827956033001,25101.75058380047,True,2,10
617,image0617 26-03-03 03-35-38.fits,2026-03-03 03:35:38,1175.091962240612,984.3157929948263,185.8981355252094,270.25091436387004,437.7566558686431,636.3922703319837,166156.781938681,143255.85355246,15961.975721990422,24942.74908113153,True,2,11
618,image0618 26-03-03 03-36-38.fits,2026-03-03 03:36:38,1175.3586057199877,984.8505630399627,185.12273273825468,269.12537774928546,435.9307218429493,633.7418341505437,165644.08217852237,142728.54468793338,15977.193494498466,24972.576069261017,True,2,11
619,image0619 26-03-03 03-37-38.fits,2026-03-03 03:37:38,1177.011105316636,986.8245099304031,182.6497638036481,265.1810092858903,430.1073250249989,624.4535562279527,163780.14339413325,140950.69849732018,16031.2349080591,25112.66528459141,True,2,10
620,image0620 26-03-03 03-38-38.fits,2026-03-03 03:38:38,1175.2167252266836,984.5523208656695,185.2813814333429,269.33109275580506,436.304310970261,634.2262559714596,165780.31924152668,142816.62035816695,15975.86035496701,24978.88188653754,True,2,11
621,image0621 26-03-03 03-39-38.fits,2026-03-03 03:39:38,1175.9360347036386,986.0183492586998,184.00344866400334,267.0081072136031,433.2950092688183,628.7560430523655,164694.8326642062,141952.50275418215,16000.221560360182,25058.115382173237,True,2,11
622,image0622 26-03-03 03-40-38.fits,2026-03-03 03:40:38,1176.2302531481746,986.700780180609,183.2775601564982,265.94984381513285,431.5856724608876,626.2640231887251,164097.89438309468,141392.75270075144,16020.60172733111,25096.086191895654,True,2,11
623,image0623 26-03-03 03-41-38.fits,2026-03-03 03:41:38,1177.8999347398988,988.4605541391545,181.2165754506375,262.8573037999376,426.7324243630246,618.9816479708829,162531.24560931828,139872.68124328714,16065.607840208313,25201.439889626974,True,2,10
624,image0624 26-03-03 03-42-38.fits,2026-03-03 03:42:38,1177.5593903342867,988.5298185609292,181.30564407152997,263.01994678323325,426.9421649368855,619.3646429281313,162574.28633115074,139935.46279737435,16065.177616215913,25198.12486046205,True,2,10
625,image0625 26-03-03 03-43-38.fits,2026-03-03 03:43:38,1174.7689390686328,984.7425720887718,186.09895818491805,270.5084308191539,438.22955709322144,636.9986752428114,166167.08212838948,143390.98393549133,15960.746988255196,24944.886223331654,True,2,11
626,image0626 26-03-03 03-44-40.fits,2026-03-03 03:44:40,1174.8966343722363,985.5612596369871,185.38869149612742,269.41607182335804,436.5570068571395,634.4263663831415,165578.12665009146,142876.8374114545,15978.385008589983,24983.338723847468,True,2,11
627,image0627 26-03-03 03-45-40.fits,2026-03-03 03:45:40,1175.7917636668762,986.8302720715712,183.90152172252007,266.8171552326523,433.05498966388484,628.306385499984,164415.2784808881,141816.94891390376,16011.49361167021,25092.561739048175,True,2,11
628,image0628 26-03-03 03-46-40.fits,2026-03-03 03:46:40,1175.6270575561498,986.8894608344056,184.39983250466324,267.2699607394279,434.2284218823306,629.3726609838398,164555.3339007963,142147.18726579685,16004.041673222633,25086.444930004152,True,2,11
629,image0629 26-03-03 03-47-40.fits,2026-03-03 03:47:40,1174.755039295138,985.5176367350158,185.88330781767988,269.8953434963755,437.72173928573073,635.5549649257786,165797.0902726574,143225.41186818815,15967.994621297283,24980.50609692559,True,2,11
630,image0630 26-03-03 03-48-40.fits,2026-03-03 03:48:40,1176.3932386463534,987.0906951050426,183.62822702392356,266.3336385826524,432.41142982942904,627.1677908004581,164140.53325213044,141612.130595065,16018.383009473097,25098.356660128957,True,2,11
631,image0631 26-03-03 03-49-40.fits,2026-03-03 03:49:40,1176.7128250582982,987.818856053936,183.42729520282015,265.74373506458744,431.93827154941016,625.7786741714845,163797.2270758242,141471.647904541,16021.52018482484,25123.54560566237,True,2,11
632,image0632 26-03-03 03-50-40.fits,2026-03-03 03:50:40,1174.6673826264484,985.0069339706199,186.48444473156755,270.81774297129965,439.13730854036146,637.7270496988559,166238.35698216394,143670.54894955555,15950.88184332102,24933.362571674486,True,2,11
633,image0633 26-03-03 03-51-40.fits,2026-03-03 03:51:40,1175.91149951181,986.7329897691876,184.33897587495426,267.3925823853236,434.0851154708189,629.6614128935495,164626.6042679627,142129.5285238309,16001.857026377662,25064.24572479717,True,2,11
634,image0634 26-03-03 03-52-40.fits,2026-03-03 03:52:40,1175.2472870906536,986.1269785997762,185.51870516684141,269.0417764996249,436.8631656550649,633.5449682520533,165364.72271078062,142957.52157719372,15977.250782064986,25016.718360436756,True,2,11
635,image0635 26-03-03 03-53-42.fits,2026-03-03 03:53:42,1175.8178154196726,986.6678763007155,184.8895341503178,268.11836172716653,435.3815811336026,631.3704926359907,164919.26150331204,142514.17510571,15993.386759043175,25052.858272189253,True,2,11
636,image0636 26-03-03 03-54-42.fits,2026-03-03 03:54:42,1175.6639021260962,986.5686277254309,184.77132853369386,268.06428834540606,435.1032281781413,631.2431595527185,164918.45677137253,142428.7833656718,15995.348124970364,25054.32423223145,True,2,11
637,image0637 26-03-03 03-55-42.fits,2026-03-03 03:55:42,1176.590665209016,988.3244161555244,183.3097205813712,265.49248556501396,431.6614044740353,625.1870268135848,163593.53252111847,141358.14341412275,16033.113421112123,25157.44674316489,True,2,10
638,image0638 26-03-03 03-56-42.fits,2026-03-03 03:56:42,1176.5623098197048,987.9278742693346,183.17964278544397,265.4851333993519,431.3550946727724,625.1697137865095,163668.5006866031,141297.60355222443,16028.828574886033,25131.038952240455,True,2,10
639,image0639 26-03-03 03-57-42.fits,2026-03-03 03:57:42,1177.87475387119,989.9186151404916,181.4744991512639,262.6517834494606,427.3397882633482,618.4976845299179,162154.02208191808,140019.01745652675,16070.446179138702,25239.86523273546,True,2,10
640,image0640 26-03-03 03-58-42.fits,2026-03-03 03:58:42,1177.5503708712688,989.3771968053219,182.38336364255176,264.1057297887552,429.48000058564975,621.9214665140883,162827.67874662677,140694.49589274664,16052.441513119791,25191.804781668765,True,2,10
641,image0641 26-03-03 03-59-42.fits,2026-03-03 03:59:42,1177.9714982683186,990.2290785797857,181.1638015982615,262.2479316853107,426.6081514375961,617.5466863004766,161932.14962004646,139793.89979152125,16075.46004188069,25249.833406773865,True,2,10
642,image0642 26-03-03 04-00-42.fits,2026-03-03 04:00:42,1177.9265584283567,989.7349040163894,181.84502067629694,263.15819871416414,428.21229977761146,619.6902013463515,162391.56705899703,140269.89898154303,16068.960046334307,25243.46509248058,True,2,10
643,image0643 26-03-03 04-01-42.fits,2026-03-03 04:01:42,1176.4052636929362,987.2638483224433,184.4377656625277,267.0780735874792,434.3177476428412,628.9208012720469,164436.95060085924,142189.5947342696,16004.922887382823,25099.02873087519,True,2,11
644,image0644 26-03-03 04-02-42.fits,2026-03-03 04:02:42,1174.4550508656805,985.6048175795975,187.0835149580074,271.2622691141213,440.5480111179633,638.7738287705126,166272.49160494324,144053.764531308,15947.401294903728,24949.373191424565,True,2,11
645,image0645 26-03-03 04-03-44.fits,2026-03-03 04:03:44,1176.0284177839635,988.34227707165,183.86895731498288,266.04342215428466,432.9783063442617,626.4843833375404,163820.79488125644,141764.19118487593,16022.533912952684,25147.061791590368,True,2,11
646,image0646 26-03-03 04-04-44.fits,2026-03-03 04:04:44,1177.5364061305459,989.8361935136817,181.7463658014842,263.00756820350813,427.9799853008624,619.3354936004655,162351.16975417713,140218.39910863113,16069.344926487849,25251.141057287074,True,2,10
647,image0647 26-03-03 04-05-44.fits,2026-03-03 04:05:44,1177.0576644502864,989.4200652063823,182.5798012336956,264.1644696995294,429.9425757628729,622.0597884334226,162864.3349054543,140850.78315870735,16045.955598942272,25186.58118763225,True,2,10
648,image0648 26-03-03 04-06-44.fits,2026-03-03 04:06:44,1176.3587180181462,988.3247582457985,184.1744017415506,266.46607277575885,433.69757300258635,627.4796494930326,163988.10473941205,141986.05154384475,16016.384269060694,25134.829088568764,True,2,11
649,image0649 26-03-03 04-07-44.fits,2026-03-03 04:07:44,1176.970235087164,989.4514893279883,182.90208601993126,264.3812601895103,430.7014984377091,622.5702910248017,162964.27323552113,141076.26016629918,16043.644957273009,25196.9084470518,True,2,10
650,image0650 26-03-03 04-08-44.fits,2026-03-03 04:08:44,1177.6783535323923,990.9445688266696,181.17361776104278,262.12155992108643,426.63126673447874,617.2491035369554,161772.80723832152,139795.93414367383,16084.136221254399,25284.02927784915,True,2,10
651,image0651 26-03-03 04-09-44.fits,2026-03-03 04:09:44,1177.0258731604442,990.4479342829346,181.90596884144804,263.0643603880579,428.3558217386171,619.4692289750443,162239.86086134464,140328.07935080203,16069.95179678813,25255.492280884035,True,2,10
652,image0652 26-03-03 04-10-44.fits,2026-03-03 04:10:44,1174.9201744828817,987.5175886994473,185.99003978407933,269.18707833342637,437.97307385965377,633.8871279228688,165113.5621174986,143244.52788946242,15981.75466209776,25050.179990792814,True,2,11
653,image0653 26-03-03 04-11-46.fits,2026-03-03 04:11:46,1174.2136096361776,986.52434414485,187.2470898132377,271.02025664391573,440.9332004659226,638.203932954525,166026.43521425425,144172.25667618652,15946.941301074656,24973.1883553202,True,2,11
654,image0654 26-03-03 04-12-46.fits,2026-03-03 04:12:46,1174.930744411968,987.3337293703635,186.39485569107507,269.8267558989699,438.9263424719947,635.3934534765673,165388.98885346443,143532.96426725082,15971.044973759806,25026.6427989416,True,2,11
655,image0655 26-03-03 04-13-46.fits,2026-03-03 04:13:46,1177.0690357646938,990.6250787450692,182.5444677799188,263.6949066525284,429.85937183765907,620.9540519579389,162470.9534033016,140817.98908043728,16053.544143144634,25226.976114473237,True,2,10
656,image0656 26-03-03 04-14-46.fits,2026-03-03 04:14:46,1175.5921900745118,988.318998181856,185.32097698084445,268.1614858182412,436.39755135921166,631.472042110077,164593.47053118885,142763.86407959877,15999.065754640491,25100.885875627453,True,2,11
657,image0657 26-03-03 04-15-46.fits,2026-03-03 04:15:46,1174.238645248925,986.5152248272994,187.1695776399448,270.98201185399023,440.7506732465186,638.1138733565905,166044.34241451608,144115.84776359273,15949.340340457173,24988.276899028355,True,2,11
658,image0658 26-03-03 04-16-46.fits,2026-03-03 04:16:46,1176.3272696622955,989.8835072506264,183.55683914181395,265.2478574564712,432.24332421366506,624.6109716400103,163230.03375291315,141513.04308656955,16035.079459808141,25204.459980667885,True,2,10
659,image0659 26-03-03 04-17-46.fits,2026-03-03 04:17:46,1175.3784558643138,988.6653485626662,185.31508107630043,267.7928199872053,436.3836675650078,630.6039004212357,164401.25756249178,142757.1277347043,15995.97795035296,25113.053325595756,True,2,11
660,image0660 26-03-03 04-18-46.fits,2026-03-03 04:18:46,1175.0698896499869,988.955254902942,185.4477295989516,267.8693281411901,436.69603096509053,630.7840633558475,164391.86411760756,142828.23039347032,15999.966467460521,25140.370079501077,True,2,11
661,image0661 26-03-03 04-19-48.fits,2026-03-03 04:19:48,1176.842373328345,990.4810924152141,182.81405770000765,264.06485608131675,430.4942075854226,621.8252162884975,162637.1369303944,140975.59531567464,16054.268497613253,25239.872304236276,True,2,10
662,image0662 26-03-03 04-20-48.fits,2026-03-03 04:20:48,1174.3432644085083,987.0579244899922,187.1070254082395,270.8635129614061,440.60337399743753,637.8348297890195,165821.3113535377,144044.42346904328,15951.793255042827,24981.44399306226,True,2,11
663,image0663 26-03-03 04-21-48.fits,2026-03-03 04:21:48,1175.0257278444683,989.0621709597164,185.1424983538783,267.5722638110653,435.97726631082213,630.0845303166058,164260.57412497772,142646.50126995306,16003.097176543233,25130.2188119006,True,2,11
664,image0664 26-03-03 04-22-48.fits,2026-03-03 04:22:48,1174.724097325631,988.6273006710746,185.66472057538002,268.55604612202984,437.207005665975,632.401160622412,164711.0099654696,143018.02031505987,15990.504438839633,25096.01976273977,True,2,11
665,image0665 26-03-03 04-23-48.fits,2026-03-03 04:23:48,1173.7485407307186,987.3364057430701,187.2423196911348,270.8882258679956,440.92196768677746,637.8930242368273,165792.20460554102,144124.68719951535,15955.273089618897,25005.09398795081,True,2,11
666,image0666 26-03-03 04-24-48.fits,2026-03-03 04:24:48,1177.348770449372,991.9780132685662,182.23357173718043,262.89549867120405,429.12726760429797,619.0715900193586,161859.03683295962,140523.54143133553,16069.221688670335,25286.017285396465,True,2,10
667,image0667 26-03-03 04-25-48.fits,2026-03-03 04:25:48,1178.0962036940964,992.0436798481998,181.73828132406513,262.0709739901223,427.96094781138237,617.1299827727246,161531.18302403062,140171.19226738706,16079.276099978668,25307.069274107875,True,2,10
668,image0668 26-03-03 04-26-48.fits,2026-03-03 04:26:48,1174.1866849052665,987.5393229406193,187.24282651640067,270.8516763890708,440.92316116907284,637.8069567912198,165760.53963262454,144130.18195348792,15955.413339178443,25013.74857346329,True,2,11
669,image0669 26-03-03 04-27-50.fits,2026-03-03 04:27:50,1174.411832799113,987.8916509944576,187.10234751583246,270.5723947274645,440.5923584026289,637.1492987362598,165567.63342573328,144024.10111503245,15958.028607450706,25018.76277113004,True,2,11
670,image0670 26-03-03 04-28-50.fits,2026-03-03 04:28:50,1175.748055206924,989.7992777948606,185.00828998182666,266.9205506687111,435.66122974610397,628.5498631453801,163863.2284294467,142490.95785144638,16015.682608101619,25190.19880223808,True,2,11
671,image0671 26-03-03 04-29-50.fits,2026-03-03 04:29:50,1176.248929530858,989.860769243047,184.15546605606954,265.78974768942044,433.65298287084914,625.8870256227657,163418.3761920498,141919.05386533812,16026.752276078949,25194.589196749745,True,2,10
672,image0672 26-03-03 04-30-50.fits,2026-03-03 04:30:50,1177.3959356730163,992.2192405739305,182.43895430593938,262.97681668071823,429.61090659411144,619.2630792981846,161862.40749664744,140644.3164017338,16070.406993314942,25311.275219208343,True,2,10
673,image0673 26-03-03 04-31-50.fits,2026-03-03 04:31:50,1176.3321540575,990.8357909063506,184.00520590059375,265.32930787226695,433.29914724476527,624.8027727118023,163056.36530911553,141801.4542957754,16033.744059161856,25224.668006303003,True,2,10
674,image0674 26-03-03 04-32-50.fits,2026-03-03 04:32:50,1176.5079486683355,991.2380121991611,183.32507038639133,264.4569277051501,431.69755050258397,622.7484744073881,162614.54479084743,141342.71377667913,16044.777402487189,25223.78088748768,True,2,10
675,image0675 26-03-03 04-33-50.fits,2026-03-03 04:33:50,1176.0335377533224,990.6923374824277,184.55623544184306,266.32658840345385,434.5967226539033,627.1511888971603,163450.08982190833,142182.24007343707,16027.916394735079,25206.978524346992,True,2,10
676,image0676 26-03-03 04-34-50.fits,2026-03-03 04:34:50,1174.4087067119,989.0651731397171,187.1765655426234,270.0958943839435,440.76712849981885,636.0272261758724,165181.27941834836,144025.40127773955,15971.015087089358,25092.145384630257,True,2,11
677,image0677 26-03-03 04-35-50.fits,2026-03-03 04:35:50,1175.1932992653728,989.373070259962,186.0982959960392,268.8271673582157,438.227997757576,633.0396023440161,164599.6420857431,143274.94142828605,15990.624340300767,25103.157311727355,True,2,11
678,image0678 26-03-03 04-36-52.fits,2026-03-03 04:36:52,1174.3327742710553,988.7699880868955,187.0898705941508,270.1520306994251,440.5629774973527,636.1594170968226,165234.95571980684,143984.93255418786,15966.53733028265,25060.308674349802,True,2,11
679,image0679 26-03-03 04-37-52.fits,2026-03-03 04:37:52,1177.2356200351235,992.1573919106803,182.95904322973257,263.6973362589932,430.83562241705823,620.9597732439437,162129.94500163881,141007.0701478981,16063.380086911528,25293.568866398564,True,2,11
680,image0680 26-03-03 04-38-52.fits,2026-03-03 04:38:52,1175.5986054558198,991.0041487138986,184.53866256599616,266.0599247114985,434.5553416936103,626.523243890062,163291.29036070107,142167.4751031362,16024.106886271597,25210.607675820855,True,2,10
681,image0681 26-03-03 04-39-52.fits,2026-03-03 04:39:52,1175.4899214787395,990.2994713939602,185.27341028380025,267.1473123944183,436.285540347536,629.0838462025212,163842.34533810848,142657.773869233,16015.070746728079,25200.72157104197,True,2,11
682,image0682 26-03-03 04-40-52.fits,2026-03-03 04:40:52,1176.3901537853621,990.8756199312481,184.96836779720485,266.54954085344133,435.5672201855151,627.6762017954795,163506.04478058364,142454.70572977565,16021.622275142487,25215.487852289727,True,2,10
683,image0683 26-03-03 04-41-52.fits,2026-03-03 04:41:52,1175.3973445137565,990.1155845820152,185.83997541791726,268.11489581169275,437.6196992821704,631.3623310287586,164225.10978909422,143093.25611658717,15997.36112833129,25142.743589808004,True,2,11
684,image0684 26-03-03 04-42-52.fits,2026-03-03 04:42:52,1174.600533356034,989.7309136166131,186.48366821423468,268.90200927753426,439.13547998178075,633.215841595836,164587.10095053626,143521.1454150979,15988.407214688308,25133.58522904504,True,2,11
685,image0685 26-03-03 04-43-52.fits,2026-03-03 04:43:52,1175.269882624967,990.1890376889318,185.84336668060817,268.0416802718859,437.62768509553297,631.1899216080137,164183.65821042733,143087.429593904,16000.636545000922,25154.01347352922,True,2,11
686,image0686 26-03-03 04-44-52.fits,2026-03-03 04:44:52,1177.233639700825,992.5448218863255,182.992615470867,263.6742576654964,430.91467900343827,620.9054273093664,162053.69082036233,141045.55011591755,16065.044007299362,25297.06723327767,True,2,10
687,image0687 26-03-03 04-45-52.fits,2026-03-03 04:45:52,1178.2072673165303,994.0257968113509,181.24539191024905,261.17317253886586,426.80028193974476,615.015821918848,160751.59904757605,139782.25443605852,16097.914358248307,25354.82752899132,True,2,11
688,image0688 26-03-03 04-46-54.fits,2026-03-03 04:46:54,1176.4641082702226,992.2847260149757,183.9437192148614,265.00833256291475,433.15435716470023,624.0469336193797,162624.01619236168,141717.99484440664,16047.634961276013,25269.66363259675,True,2,10
689,image0689 26-03-03 04-47-54.fits,2026-03-03 04:47:54,1176.0392863322613,991.1999161875185,185.0527079587923,266.683791886482,435.7658260886224,627.99233881915,163459.93372853284,142512.9602850675,16020.845142841259,25203.903206025076,True,2,10
690,image0690 26-03-03 04-48-54.fits,2026-03-03 04:48:54,1174.942870798644,990.4816222890674,186.32458622883976,268.54077663662014,438.76087053376943,632.3652037320919,164297.90152094627,143389.19039783085,15996.80211534761,25162.563537852195,True,2,11
691,image0691 26-03-03 04-49-54.fits,2026-03-03 04:49:54,1176.6300282490417,992.1502003061314,184.01395584179218,265.09962013545396,433.31975178169216,624.2618994250572,162682.61515623244,141773.55307977647,16044.522731320092,25260.177388717508,True,2,10
692,image0692 26-03-03 04-50-54.fits,2026-03-03 04:50:54,1177.151205053855,993.4136386015886,182.71267526108616,262.97740377079947,430.2554701860361,619.2644617896761,161622.51384047096,140834.20596732246,16074.00101051135,25331.8443036267,True,2,10
693,image0693 26-03-03 04-51-54.fits,2026-03-03 04:51:54,1176.928708648392,993.5708644316991,183.15138465964245,263.6378355579749,431.28855187169995,620.8196598004924,161836.47838586202,141144.1590248408,16065.486853834062,25315.16605199738,True,2,10
694,image0694 26-03-03 04-52-54.fits,2026-03-03 04:52:54,1175.913745813351,991.7856503100951,184.96771415077922,266.3721049979714,435.5656809658097,627.2583722863118,163246.98511587532,142451.1405538727,16022.97259765208,25224.27582095796,True,2,11
695,image0695 26-03-03 04-53-54.fits,2026-03-03 04:53:54,1177.9037158799645,994.1760732047082,181.8265668870048,261.7445640510586,428.16884442467955,616.36134610532,160978.23890915985,140206.09621548702,16089.79931722841,25355.362854910734,True,2,10
696,image0696 26-03-03 04-54-54.fits,2026-03-03 04:54:54,1174.4435012372128,990.7888006183563,187.09851827999785,269.43130083262787,440.5833412413284,634.4622279594361,164536.172081192,143922.0049833187,15982.285633989453,25134.99547764817,True,2,11
697,image0697 26-03-03 04-55-56.fits,2026-03-03 04:55:56,1175.5241926191359,991.7891632048303,185.36155734520406,266.7897209241625,436.4931108146403,628.2417826404308,163393.42546310084,142712.05121517344,16018.594236293678,25222.429160109063,True,2,10
698,image0698 26-03-03 04-56-56.fits,2026-03-03 04:56:56,1175.9241068694535,992.48909626339,184.4986975301425,265.4442458913034,434.4612312260816,625.0734310629655,162744.25149698334,142105.29373332678,16038.101330725161,25261.797297315745,True,2,10
699,image0699 26-03-03 04-57-56.fits,2026-03-03 04:57:56,1174.3895663163662,990.7943092892657,186.84519588682983,269.09046578179925,439.9868125920412,633.6596227496957,164439.29043750576,143740.66486715004,15990.404026147711,25162.206460999878,True,2,11
700,image0700 26-03-03 04-58-56.fits,2026-03-03 04:58:56,1175.782547153095,992.7535662072596,185.09437012258027,266.0816953329594,435.86393298702967,626.5745097858708,162917.2268153751,142475.97061109313,16031.630493099008,25271.59515216676,True,2,11
701,image0701 26-03-03 04-59-56.fits,2026-03-03 04:59:56,1177.4830117172955,994.3520180035893,182.75215342223854,262.70142263599723,430.3484341512587,618.6145758813934,161336.96355311858,140841.4166176612,16079.895721674295,25364.901713029718,True,2,10
702,image0702 26-03-03 05-00-56.fits,2026-03-03 05:00:56,1175.6680663908674,992.2183866420888,185.2299554086243,266.5578137691448,436.1832119364174,627.695683023209,163213.39196530075,142613.98005661205,16018.884268613328,25226.638697719667,True,2,10
703,image0703 26-03-03 05-01-56.fits,2026-03-03 05:01:56,1176.383472599204,993.4190587723839,183.96084502411566,264.80189872331283,433.1946853636195,623.5608190759124,162329.68219338803,141733.4517385786,16054.190128400965,25294.16812009527,True,2,10
704,image0704 26-03-03 05-02-56.fits,2026-03-03 05:02:56,1174.7701743710322,990.856507406999,187.06272291990157,269.3535001968828,440.49904960985464,634.2790214628674,164511.0105947583,143870.9853701753,15986.36482255689,25160.84061322799,True,2,11
705,image0705 26-03-03 05-03-56.fits,2026-03-03 05:03:56,1175.1853894934916,992.3093000218273,185.8794142481748,267.38025324427525,437.7125706302135,629.6323799850709,163492.24179183156,143026.8368976642,16017.45864703005,25239.757812156553,True,2,10
706,image0706 26-03-03 05-04-56.fits,2026-03-03 05:04:56,1176.3730589169456,992.9886730852301,185.089752170816,266.25682966627926,435.85305854164824,626.9869196245455,162983.40432673585,142479.57401667704,16037.382019222126,25293.345028990858,True,2,10
707,image0707 26-03-03 05-05-58.fits,2026-03-03 05:05:58,1177.4089799668714,995.2666415046392,182.65092101945726,262.2089558283518,430.1100500599827,617.4549051712376,160950.5061656549,140740.67010730287,16088.673754708843,25398.058597249943,True,2,10
708,image0708 26-03-03 05-06-58.fits,2026-03-03 05:06:58,1174.9024328385717,991.9544200843192,186.54318328760564,268.35049824633387,439.27562726953613,631.9171323645096,163905.25860721906,143521.63162378455,15996.151215057635,25180.01748414405,True,2,11
709,image0709 26-03-03 05-07-58.fits,2026-03-03 05:07:58,1174.5652506428871,991.5778635111166,187.040339729844,269.22165087843916,440.4463412252353,633.9685400448726,164306.39644488975,143861.47020554997,15991.469954297554,25168.876979279772,True,2,11
710,image0710 26-03-03 05-08-58.fits,2026-03-03 05:08:58,1174.3646331171497,992.214596456936,186.84016968642223,268.6196248627191,439.97497679457103,632.5508771154249,163967.20281210105,143706.13347319455,15997.161089547859,25201.415000987865,True,2,11
711,image0711 26-03-03 05-09-58.fits,2026-03-03 05:09:58,1176.552628459331,994.7941915500985,184.18209061156531,264.15974508344556,433.71567890782063,622.0486628127634,161809.9362839564,141842.25891438557,16056.18815228343,25344.967269383465,True,2,11
712,image0712 26-03-03 05-10-58.fits,2026-03-03 05:10:58,1178.1324501413205,996.4089583872924,181.15847855038064,260.1283715151416,426.5956166177456,612.5555035251133,159896.40027389367,139651.73611784112,16116.93133204755,25454.235267546705,True,2,11
713,image0713 26-03-03 05-11-58.fits,2026-03-03 05:11:58,1176.8390734005245,994.7935837224486,183.58376304458133,263.67273564261984,432.30672515959213,620.9018432193876,161614.32009886194,141411.87814041213,16070.929978231405,25361.699745013182,True,2,11
714,image0714 26-03-03 05-12-58.fits,2026-03-03 05:12:58,1175.2864500516075,993.0445985064335,186.1248888568663,267.21425682895074,438.29061915930635,629.2414882988614,163292.75033995483,143184.54982429137,16017.385590146589,25265.0101329023,True,2,10
715,image0715 26-03-03 05-13-58.fits,2026-03-03 05:13:58,1178.200626953568,996.8587932100306,181.34488683019157,260.2787417899514,427.03457457160414,612.9095984624122,159861.25179876143,139780.38443176064,16116.934106640792,25459.1936496604,True,2,10
716,image0716 26-03-03 05-15-00.fits,2026-03-03 05:15:00,1175.481321985457,992.8874084986332,186.192973351197,267.53910115578196,438.4509458913121,630.0064382311982,163455.67581028512,143263.14483770463,16012.76102881408,25241.669532630283,True,2,11
717,image0717 26-03-03 05-16-00.fits,2026-03-03 05:16:00,1175.9551798394348,994.2486008636752,184.783226132472,265.1951516726551,435.13124488223184,624.4868590037911,162298.23655169463,142243.77466111784,16049.161111667601,25330.195135229395,True,2,11
718,image0718 26-03-03 05-17-00.fits,2026-03-03 05:17:00,1174.566355614252,992.3298186063649,187.00190321248036,268.77256223774526,440.3558301436862,632.9110171117709,163996.68642464292,143795.38873180994,15998.384143068597,25214.19701846225,True,2,11
719,image0719 26-03-03 05-18-00.fits,2026-03-03 05:18:00,1177.218667959707,995.7953562586981,183.26682261160127,262.8685554481224,431.5603874749299,619.0081435775681,161080.04729529354,141143.5461868235,16078.041120946975,25395.483614982408,True,2,10
720,image0720 26-03-03 05-19-00.fits,2026-03-03 05:19:00,1177.7996319309348,996.8489785580548,182.1532555648731,261.06608000676067,428.9381374718085,614.7636382775736,160189.27546444268,140336.50477307118,16103.767571198343,25460.194449101287,True,2,11
721,image0721 26-03-03 05-20-00.fits,2026-03-03 05:20:00,1177.2551281136334,995.8207652634516,182.99978381511437,262.5818841045667,430.9315591641616,618.3330841514273,160985.9601492192,140988.4464574542,16083.288186490261,25395.701772566812,True,2,10
722,image0722 26-03-03 05-21-00.fits,2026-03-03 05:21:00,1175.7959141740287,993.7956732465775,185.61103591921417,266.63695391613516,437.08058796152505,627.8820438277086,162908.91219270215,142841.1047946561,16026.842011308137,25268.814345426184,True,2,11
723,image0723 26-03-03 05-22-00.fits,2026-03-03 05:22:00,1177.8808631392374,996.47533845361,182.28417603231733,261.40526651174656,429.246431612851,615.5623614585184,160402.181457552,140450.7953968705,16100.549187638991,25443.562437953962,True,2,11
724,image0724 26-03-03 05-23-00.fits,2026-03-03 05:23:00,1177.041082101736,995.9344911847145,183.35693217831945,262.93295096951886,431.77257928888696,619.1597834421627,161084.60604840174,141207.60796061225,16082.919810328463,25408.029961854976,True,2,10
725,image0725 26-03-03 05-24-00.fits,2026-03-03 05:24:00,1174.9021020867096,993.2324070205882,187.11686037212084,268.5627611560554,440.6265335675275,632.4169733191385,163725.98521416105,143848.7447798981,16003.280856528596,25243.32363985341,True,2,11
726,image0726 26-03-03 05-25-02.fits,2026-03-03 05:25:02,1175.20784629393,993.511338091197,186.47073863926985,267.6082604123623,439.10503315947983,630.1692958348931,163341.8536611542,143391.54768461606,16019.677708716277,25286.60337456084,True,2,11
727,image0727 26-03-03 05-26-02.fits,2026-03-03 05:26:02,1177.7437291137517,997.0554143372927,182.3026118519101,261.288364192773,429.28984465037456,615.2870775344887,160224.41915590726,140435.07544487546,16108.590300767364,25468.61000187702,True,2,11
728,image0728 26-03-03 05-27-02.fits,2026-03-03 05:27:02,1175.3754923355414,994.9468816174518,185.6243698473833,265.8732231739081,437.1119869628567,626.0835953669059,162398.75703575686,142778.9869434482,16039.975390835147,25347.879984659958,True,2,11
729,image0729 26-03-03 05-28-02.fits,2026-03-03 05:28:02,1175.5898947215067,994.5862492633225,185.72545829029002,266.3140160617142,437.35003205453444,627.1215832948188,162645.01878235463,142866.8242530717,16034.931255016383,25326.841194575703,True,2,11
730,image0730 26-03-03 05-29-02.fits,2026-03-03 05:29:02,1176.0312739368894,995.3886428731606,184.8262344365131,264.7908056092262,435.23252169869056,623.5346967884993,161913.19009953574,142244.576108135,16054.926750707584,25367.417946102305,True,2,10
731,image0731 26-03-03 05-30-02.fits,2026-03-03 05:30:02,1174.82121863197,994.1811061838729,186.50812519576002,267.59354466931796,439.19307177211755,630.1346429081947,163160.5456185529,143396.63413068964,16021.605541274625,25288.73297056038,True,2,11
732,image0732 26-03-03 05-31-02.fits,2026-03-03 05:31:02,1176.9880406709767,996.5372036133889,183.1794585066804,262.55304193065564,431.35466072944604,618.2651660221593,160833.93085578538,141089.6669356619,16086.970753530351,25423.31916673989,True,2,10
733,image0733 26-03-03 05-32-02.fits,2026-03-03 05:32:02,1176.4898918960885,995.0742880362901,185.15268937919447,265.5151993284714,436.0012643415161,625.2405136390724,162229.69152725572,142451.1904502873,16050.191626872253,25354.34699938082,True,2,11
734,image0734 26-03-03 05-33-02.fits,2026-03-03 05:33:02,1174.968094286311,994.4100603443483,186.61391653402245,267.4226064352717,439.44219133604855,629.7321141282004,163065.45436196827,143478.93218167516,16018.041250961387,25293.387392382174,True,2,11
735,image0735 26-03-03 05-34-02.fits,2026-03-03 05:34:02,1176.1662495774792,996.0991351023739,184.37888649068742,263.9739255262502,434.17909778875685,621.6110911947209,161485.73632181884,141914.483133873,16067.811766794888,25412.507223092533,True,2,10
736,image0736 26-03-03 05-35-04.fits,2026-03-03 05:35:04,1175.2533905689252,995.0754905660177,186.18942241061336,266.68890749274715,438.442584065247,628.0043851513256,162684.13511854594,143157.33514470994,16033.891375890433,25347.521056308917,True,2,11
737,image0737 26-03-03 05-36-04.fits,2026-03-03 05:36:04,1176.7411844527514,996.8895327372446,183.5094120301729,263.03051350443627,432.1316419004948,619.3895256550303,160899.19998101782,141275.8259117663,16085.238202786897,25425.08733072151,True,2,11
738,image0738 26-03-03 05-37-04.fits,2026-03-03 05:37:04,1177.8643618096828,999.1706092543993,181.46970144932075,259.72224781207353,427.3284905386424,611.5991552883664,159156.61544536834,139772.8611017986,16137.154624173985,25549.440451095088,True,2,11
739,image0739 26-03-03 05-38-04.fits,2026-03-03 05:38:04,1176.7521566841629,996.5734008595531,183.971530874004,263.43212075143487,433.2198486171348,620.3352384504923,161154.9835366376,141617.21301115543,16078.174993952503,25424.722817685455,True,2,10
740,image0740 26-03-03 05-39-04.fits,2026-03-03 05:39:04,1174.7307852920421,994.4220030193156,186.87271745688832,267.98988177433034,440.0516209368856,631.0679454676674,163261.29857036198,143663.33986248047,16015.217294110473,25277.381344539623,True,2,11
741,image0741 26-03-03 05-40-04.fits,2026-03-03 05:40:04,1175.0749486528364,994.6806873986709,186.9968502758559,268.02825167397,440.3439313872367,631.1582996764646,163237.42498763732,143732.36633027,16017.291025998482,25298.281071584115,True,2,11
742,image0742 26-03-03 05-41-04.fits,2026-03-03 05:41:04,1175.8654013790876,995.7683369790851,185.39338440907989,265.54457965131246,436.5680578226296,625.3096990122281,162107.75012101184,142617.33646798567,16047.492443744275,25364.305193191594,True,2,11
743,image0743 26-03-03 05-42-04.fits,2026-03-03 05:42:04,1175.9286804353378,996.2309150864323,185.3377023388506,265.37730499880047,436.4369365675048,624.9157973074673,161927.55445984416,142562.37617603497,16049.19277568036,25369.528481532387,True,2,11
744,image0744 26-03-03 05-43-04.fits,2026-03-03 05:43:04,1176.4965097948666,997.0409567238609,184.51505750047548,263.6335085334535,434.4997560121579,620.8094704364141,161143.8827052836,141997.976551199,16067.815369147214,25425.318342193972,True,2,10
745,image0745 26-03-03 05-44-06.fits,2026-03-03 05:44:06,1174.925346328223,995.3429983436937,186.75431985409952,267.27338325605155,439.77281588855493,629.3807203945895,162827.25855361702,143532.60176483446,16028.71941227509,25345.268493306547,True,2,11
746,image0746 26-03-03 05-45-06.fits,2026-03-03 05:45:06,1177.1322509174329,998.2518807782311,183.01756238396513,261.91651805048355,430.97342449446336,616.7662668299891,160212.9902311984,140923.4673079833,16101.196126544788,25474.06239355219,True,2,10
747,image0747 26-03-03 05-46-06.fits,2026-03-03 05:46:06,1177.0244977498476,997.6456980629122,183.74892254805954,262.8229482570479,432.69564606900997,618.9007468498285,160694.27039083734,141457.7529357268,16085.46143254323,25444.826637579114,True,2,10
748,image0748 26-03-03 05-47-06.fits,2026-03-03 05:47:06,1176.1638192165724,996.66532223424,184.98205887789277,264.6253287453226,435.59946021675717,623.1450285523903,161596.81853117002,142298.6262514061,16065.228694458074,25424.685319431628,True,2,10
749,image0749 26-03-03 05-48-06.fits,2026-03-03 05:48:06,1175.2384140126237,995.8043762021468,186.12019338025314,266.31806670319656,438.2795621568567,627.1311218265766,162406.6676008252,143116.9010004587,16035.669158457511,25360.547836932634,True,2,11
750,image0750 26-03-03 05-49-06.fits,2026-03-03 05:49:06,1175.3863778855712,996.2139482559146,185.8785196411057,265.8845174785824,437.7104639915547,626.1101914219475,162137.856768086,142876.26048002168,16052.062880168733,25413.490080897976,True,2,11
751,image0751 26-03-03 05-50-06.fits,2026-03-03 05:50:06,1175.9461529162504,996.9715640938274,185.196543867574,264.75964639628745,436.1045337698168,623.4613224492838,161571.8110281616,142438.8427939928,16062.090460081237,25424.085197497658,True,2,11
752,image0752 26-03-03 05-51-06.fits,2026-03-03 05:51:06,1176.5026446439633,997.9169378855722,184.40666795625336,263.505589586182,434.24451814075184,620.50824433524,160876.11762919553,141880.59579910623,16079.759634769016,25450.831673606117,True,2,10
753,image0753 26-03-03 05-52-06.fits,2026-03-03 05:52:06,1176.9017571260142,998.1300062317877,183.89023438311582,262.84371765404165,433.02841001080066,618.9496550421925,160552.7197391984,141488.3513852199,16094.16228940363,25475.181339680265,True,2,10
754,image0754 26-03-03 05-53-06.fits,2026-03-03 05:53:06,1178.4886413197587,1000.5912781420126,180.99905248634428,258.66012583222914,426.2201969264524,609.0980491599609,158475.99752833124,139417.57577795914,16153.397140747473,25605.218431298308,True,2,10
755,image0755 26-03-03 05-54-08.fits,2026-03-03 05:54:08,1175.5845514039006,996.7919776184731,186.2743218837005,266.09272414509707,438.6425070462852,626.6004806537654,162076.13178118746,143157.35678959588,16044.080927386778,25400.86054389769,True,2,11
756,image0756 26-03-03 05-55-08.fits,2026-03-03 05:55:08,1175.9588338253793,997.183093246658,185.1896476630243,264.77136121768024,436.0882944491085,623.4889087455235,161505.39803039926,142418.1450395695,16066.040208671724,25427.39221101215,True,2,11
757,image0757 26-03-03 05-56-08.fits,2026-03-03 05:56:08,1175.5833548779506,996.7383284836112,186.07092220788178,266.0165644377367,438.1635374125144,626.4211382482496,162077.33720776477,143035.03258620758,16047.394235338357,25400.02985593447,True,2,11
758,image0758 26-03-03 05-57-08.fits,2026-03-03 05:57:08,1177.2773164909768,999.2938380453571,183.157734821765,261.4921733242035,431.3035053607553,615.7670113625418,159824.09032769033,140964.5453106644,16109.485595837139,25523.810767118077,True,2,10
759,image0759 26-03-03 05-58-08.fits,2026-03-03 05:58:08,1176.2138464521777,998.0575918315188,185.64926953159673,264.8772625101384,437.17062123835746,623.7382872317987,161411.41397212085,142714.71775874525,16066.319529270286,25471.77489806108,True,2,10
760,image0760 26-03-03 05-59-08.fits,2026-03-03 05:59:08,1178.083831660401,999.9643116173817,182.60081508157558,260.4447001382342,429.99205959308387,613.3004005075888,159322.87154525748,140603.59364789163,16120.402156050908,25549.095367996706,True,2,10
761,image0761 26-03-03 06-00-08.fits,2026-03-03 06:00:08,1178.3547097943774,1001.40879731474,181.30614988601977,258.6202277160953,426.94335603898514,609.00409627633,158278.0388303448,139633.36636488943,16149.916326301453,25607.246063907358,True,2,11
762,image0762 26-03-03 06-01-08.fits,2026-03-03 06:01:08,1175.4418622651287,997.286478120839,186.29976625504403,265.9903612838289,438.7024239619581,626.3594345361845,161954.20303128666,143170.37035449027,16046.75089805338,25419.51371011607,True,2,11
763,image0763 26-03-03 06-02-08.fits,2026-03-03 06:02:08,1176.6672350393778,999.2123828633173,184.16102344122092,262.88516129279265,433.6660695128016,619.0472473534624,160367.79628606437,141653.3565530145,16096.9160988063,25510.671754793493,True,2,11
764,image0764 26-03-03 06-03-10.fits,2026-03-03 06:03:10,1177.3792351026889,1000.0834088971972,182.93701846379741,260.9547799981956,430.78375805674705,614.5015467863924,159477.99526008073,140788.72285224072,16120.696057367933,25566.178433794223,True,2,10
765,image0765 26-03-03 06-04-10.fits,2026-03-03 06:04:10,1176.8753347898366,999.399892966155,183.94825328201847,262.25197670954134,433.1650340769272,617.5562116046176,160131.92847714355,141513.4432515562,16102.14668872053,25538.398452297188,True,2,10
766,image0766 26-03-03 06-05-10.fits,2026-03-03 06:05:10,1177.2935241076884,1000.0760482991051,183.14475571925954,261.53710592318373,431.27294191000897,615.8728195472956,159713.8573162716,140951.9555625168,16113.067713586028,25546.153301940147,True,2,11
767,image0767 26-03-03 06-06-10.fits,2026-03-03 06:06:10,1175.153749721791,997.2323419975035,186.76459040903148,266.4734478733877,439.79700119718234,627.4970165207632,162174.32154409352,143498.66865620876,16039.073883894042,25419.850448866815,True,2,11
768,image0768 26-03-03 06-07-10.fits,2026-03-03 06:07:10,1177.2331239338487,999.5484808712993,183.65805959532364,261.99622712760123,432.48168016655677,616.9539673625568,160007.06707048157,141322.70391787664,16103.389356858155,25533.306633147324,True,2,11
769,image0769 26-03-03 06-08-10.fits,2026-03-03 06:08:10,1176.9541526734095,999.5368335000067,183.99347127945435,262.46298493813,433.2715143236854,618.0530980109646,160183.03867098136,141560.7974246359,16098.584857728902,25523.564802411132,True,2,11
770,image0770 26-03-03 06-09-10.fits,2026-03-03 06:09:10,1177.7345211126865,1001.1675956805437,182.06005628727988,259.8334798360589,428.7186699447496,611.8610866880965,158825.38447095559,140186.3199797585,16140.27098355133,25592.310085794063,True,2,11
771,image0771 26-03-03 06-10-10.fits,2026-03-03 06:10:10,1177.783240748154,1001.2139609386817,182.3501358303505,260.1066133495871,429.40175506742565,612.5042669607225,158907.92043048725,140391.13602066765,16133.023683496736,25579.040018224045,True,2,11
772,image0772 26-03-03 06-11-10.fits,2026-03-03 06:11:10,1176.2041582416994,999.3103951664526,184.6059325042437,263.37632293822713,434.71375029262356,620.2038446414819,160577.9950803309,142015.64378295728,16086.79233094176,25493.313101290307,True,2,10
773,image0773 26-03-03 06-12-10.fits,2026-03-03 06:12:10,1177.4347243975378,1000.6445996134645,183.02982201586747,260.96295539291924,431.00229372141166,614.5207983697637,159387.6250901207,140898.0514517707,16116.08992449116,25553.389312717594,True,2,10
774,image0774 26-03-03 06-13-12.fits,2026-03-03 06:13:12,1178.2464481829177,1001.7520096674822,181.60268922252223,258.7907814393884,427.6416528127213,609.4057196026952,158314.20706896504,139861.92380270193,16147.01102652916,25616.346811530864,True,2,11
775,image0775 26-03-03 06-14-12.fits,2026-03-03 06:14:12,1178.0588256870724,1001.6632696811039,182.1557342797039,259.563117909365,428.94397439917793,611.2244330037046,158624.9108656921,140249.56015126413,16135.35098461929,25598.01542169503,True,2,11
776,image0776 26-03-03 06-15-12.fits,2026-03-03 06:15:12,1178.0508951445097,1001.7009891035459,181.9389765438954,259.3800458355915,428.43354893798056,610.7933312146972,158538.25941078062,140081.19194019388,16143.156467528788,25611.397745610826,True,2,11
777,image0777 26-03-03 06-16-12.fits,2026-03-03 06:16:12,1174.9443001587863,997.6849673434737,187.08295008373273,266.9017958023642,440.54668094069837,628.5056988101644,162200.90738340374,143712.50578883704,16036.275914514852,25406.233650930917,True,2,11
778,image0778 26-03-03 06-17-12.fits,2026-03-03 06:17:12,1176.7917221762614,999.4198123403986,184.6342290804991,263.2368285429906,434.7803836375955,619.8753604434095,160512.47749092366,142018.8125786255,16086.014056340047,25507.066922230624,True,2,10
779,image0779 26-03-03 06-18-12.fits,2026-03-03 06:18:12,1174.9268496216844,998.1088380641245,187.07950616723463,266.7867478501297,440.53857113709523,628.2347815861029,162062.27079016017,143685.1683767941,16041.764278953637,25427.162320545172,True,2,11
780,image0780 26-03-03 06-19-12.fits,2026-03-03 06:19:12,1175.2727449096367,998.5926548385972,186.59114405352923,266.0978883544178,439.3885662425081,626.6126414373907,161717.7066167104,143372.39412481125,16050.472645973505,25436.131777897863,True,2,11
781,image0781 26-03-03 06-20-12.fits,2026-03-03 06:20:12,1178.0648888163332,1002.5391081086204,181.87643581676417,258.912166896942,428.28627678010116,609.6915605113176,158191.53965227472,140002.03769518068,16155.663316880367,25658.835859462077,True,2,10
782,image0782 26-03-03 06-21-12.fits,2026-03-03 06:21:12,1176.4864486150182,1000.7514989567816,184.6493165861024,262.6561882322697,434.8159119982197,618.5080570007708,160018.7854149704,141991.07678680617,16095.603302114492,25557.411202373016,True,2,11
783,image0783 26-03-03 06-22-14.fits,2026-03-03 06:22:14,1177.131217251072,1001.3651122166049,183.25429823327812,261.07476910992574,431.530894817803,614.78409955188,159265.50718243886,141028.7962129021,16120.013584131282,25572.72323045363,True,2,10
784,image0784 26-03-03 06-23-14.fits,2026-03-03 06:23:14,1175.4771358448368,998.9030670654495,186.36053558090205,265.4242116686288,438.8455247886116,625.0262540738247,161432.56652067404,143183.75894020929,16060.41927445879,25484.69616968231,True,2,10
785,image0785 26-03-03 06-24-14.fits,2026-03-03 06:24:14,1175.0190904577266,999.0010861887455,187.0577506521516,266.28064718974423,440.48734081408776,627.0430056062238,161710.66042909678,143653.3245679402,16046.436395557057,25464.787580590626,True,2,11
786,image0786 26-03-03 06-25-14.fits,2026-03-03 06:25:14,1175.1295078578914,998.4191438321136,186.97024589550998,266.4320407759265,440.2812828591125,627.399510257655,161901.10651530704,143611.42009289746,16047.142339303748,25454.08338254823,True,2,10
787,image0787 26-03-03 06-26-14.fits,2026-03-03 06:26:14,1177.258591379884,1001.4417451436038,183.48535550901173,261.2023685052391,432.07499312225076,615.0845731656979,159298.20863695562,141156.68029869744,16117.427978229676,25587.757957005022,True,2,11
788,image0788 26-03-03 06-27-14.fits,2026-03-03 06:27:14,1176.116122371197,1000.0267262343165,185.64541235797063,264.22764118873204,437.1615382885856,622.2085459224714,160739.7097615632,142667.6603845947,16077.284556698274,25523.14361303122,True,2,11
789,image0789 26-03-03 06-28-14.fits,2026-03-03 06:28:14,1176.413925672315,1001.0850676918764,184.34651618007885,262.91778147273305,434.1028715324719,619.1240620070586,159991.1022541674,141761.73653851874,16110.565359961654,25554.507490504428,True,2,11
790,image0790 26-03-03 06-29-14.fits,2026-03-03 06:29:14,1178.2261337366933,1002.0829629868736,182.65880552407515,260.1353361778015,430.1286166495021,612.5719040523517,158738.83534676058,140564.20046106612,16134.774266596463,25612.396404648858,True,2,11
791,image0791 26-03-03 06-30-14.fits,2026-03-03 06:30:14,1178.650532953681,1003.6495285166314,181.47419045728526,258.15759184244337,427.33906134457953,607.9146720475039,157648.39409853308,139714.2253785285,16165.70329109844,25675.12819645761,True,2,10
792,image0792 26-03-03 06-31-14.fits,2026-03-03 06:31:14,1176.7616045193176,1001.2847119415325,184.18210913976338,261.9182635174399,433.7157225383928,616.770377090566,159617.19238655944,141610.57204189856,16111.618762023183,25604.515852373475,True,2,11
793,image0793 26-03-03 06-32-16.fits,2026-03-03 06:32:16,1176.7899501977747,1001.0269546916027,184.64263211179482,262.665143475357,434.8001712641297,618.529144986701,159955.85797800837,141992.7327777691,16097.146710440138,25554.543896122945,True,2,10
794,image0794 26-03-03 06-33-16.fits,2026-03-03 06:33:16,1178.9027062698513,1004.519681478891,181.05664881875796,257.4309034884695,426.3558259245404,606.2034517450757,157203.19322283447,139414.95892752998,16173.637749652426,25700.43813275723,True,2,11
795,image0795 26-03-03 06-34-16.fits,2026-03-03 06:34:16,1177.8510760579802,1002.6309388105847,182.8629411918548,260.4045182191438,430.60931941189534,613.2057793190669,158706.1111589376,140721.06242755443,16136.285838492473,25604.13199690501,True,2,11
796,image0796 26-03-03 06-35-16.fits,2026-03-03 06:35:16,1177.437378910881,1002.2509958534124,183.65805380384276,260.9982224695636,432.48166652866155,614.6038459887754,159064.83938618467,141271.88902849564,16119.137303694948,25610.010540761534,True,2,11
797,image0797 26-03-03 06-36-16.fits,2026-03-03 06:36:16,1176.4367598408899,1001.1692987187199,184.93605922227155,263.00460306592464,435.4911393056358,619.3285112350476,160059.53457713002,142180.59674503613,16096.630876261292,25565.709071259407,True,2,10
798,image0798 26-03-03 06-37-16.fits,2026-03-03 06:37:16,1176.082324454508,1000.4378221212926,185.8927779015828,264.39939500086336,437.74403962913345,622.6129952420888,160726.92025726035,142838.84072864678,16075.249539630264,25529.45113144985,True,2,11
799,image0799 26-03-03 06-38-16.fits,2026-03-03 06:38:16,1176.7405089430583,1000.731681516658,185.74091545180025,264.1880965799704,437.38643088829804,622.1154254850867,160557.20733055053,142722.28540297347,16078.88988227233,25529.680115626878,True,2,10
800,image0800 26-03-03 06-39-16.fits,2026-03-03 06:39:16,1175.5156812539722,1000.2159220099442,186.92302493782486,265.6443377080081,440.17008600141,625.5446112837883,161238.13689683253,143532.80291482323,16061.159377750831,25521.568123840345,True,2,10
801,image0801 26-03-03 06-40-16.fits,2026-03-03 06:40:16,1176.6197119000249,1001.4011286646104,185.1676768046407,263.088611468064,436.0365570313803,619.5263359043564,160043.24912103097,142327.88063253553,16094.929847653671,25575.605236399508,True,2,11
802,image0802 26-03-03 06-41-18.fits,2026-03-03 06:41:18,1176.085230092042,1000.5062694505219,186.5181793586208,265.0911507637441,439.21674751635817,624.2419555787861,160973.62662234114,143280.27663971068,16064.848898836071,25516.236879583004,True,2,10
803,image0803 26-03-03 06-42-18.fits,2026-03-03 06:42:18,1178.029108494062,1003.5351523348137,182.91637937563675,259.8444284114927,430.73515671823515,611.8868686129925,158371.93060201945,140792.80222446262,16133.306493321807,25626.05800724544,True,2,11
804,image0804 26-03-03 06-43-18.fits,2026-03-03 06:43:18,1177.1856078185158,1002.6008917438791,184.41079862277257,261.8428490790023,434.25424511707064,616.5927896592483,159338.24378541115,141835.8030896918,16104.793285924292,25588.661007522078,True,2,11
805,image0805 26-03-03 06-44-18.fits,2026-03-03 06:44:18,1176.1900393847745,1001.5386683685733,185.6831027261029,263.7623646965379,437.25029232296805,621.112903512171,160289.18247306012,142699.37932520188,16086.082636548172,25567.15307397114,True,2,10
806,image0806 26-03-03 06-45-18.fits,2026-03-03 06:45:18,1176.8347451416862,1002.3801546059989,184.3428223917445,261.9214566724887,434.0941733256601,616.7778963960817,159399.21825526666,141788.01725834902,16108.126221961893,25583.96286300782,True,2,10
807,image0807 26-03-03 06-46-18.fits,2026-03-03 06:46:18,1175.643013794602,1000.2204022458577,186.79181836709103,265.5254898800669,439.8611181386062,625.2647460362441,161193.1563892473,143469.56060789834,16057.923271260068,25502.857388969427,True,2,10
808,image0808 26-03-03 06-47-18.fits,2026-03-03 06:47:18,1178.3477620551757,1004.3512911712559,182.37145439405384,258.9402625069141,429.45195644856557,609.7577206168573,157850.16112529676,140355.50177949245,16151.989899756287,25681.040378594207,True,2,10
809,image0809 26-03-03 06-48-18.fits,2026-03-03 06:48:18,1175.4488012391992,1000.4239636516213,186.87638140826044,265.63656463476957,440.06024888302073,625.5263070951148,161193.5774420022,143538.16246096895,16057.236777176668,25499.292077215017,True,2,10
810,image0810 26-03-03 06-49-18.fits,2026-03-03 06:49:18,1175.7244533607945,1000.7979314856177,186.56571210297,265.0966853955762,439.3286785755469,624.2549886407661,160923.27180798,143321.88817458393,16065.330314972703,25519.239006927535,True,2,11
811,image0811 26-03-03 06-50-18.fits,2026-03-03 06:50:18,1177.1765260070722,1003.4542970696941,183.72305744046128,260.6234881498812,432.6347383951707,613.7214141012264,158706.49510852827,141336.9528674415,16124.668959749548,25637.83778875317,True,2,10
812,image0812 26-03-03 06-51-20.fits,2026-03-03 06:51:20,1175.8851308271212,1001.0449906715402,186.7683071191702,265.321422774008,439.80575338071856,624.784204724365,160944.69850620584,143431.72911079548,16064.144606791247,25529.282257926425,True,2,11
813,image0813 26-03-03 06-52-20.fits,2026-03-03 06:52:20,1176.21832953776,1001.761686526939,186.01001289988452,264.0391421893073,438.0201069531135,621.7646647001578,160325.6707352639,142902.60111816323,16082.836541356613,25569.942903486168,True,2,10
814,image0814 26-03-03 06-53-20.fits,2026-03-03 06:53:20,1176.2335529901063,1001.9648004429007,185.79664909113075,263.68682172624113,437.517673579376,620.9350134114551,160173.26152837352,142794.09968432251,16080.72706848448,25559.362613807476,True,2,10
815,image0815 26-03-03 06-54-20.fits,2026-03-03 06:54:20,1176.2571673584953,1002.1901534208831,185.8054256783405,263.6158067899249,437.53834086286446,620.7677860159209,160111.60340234922,142792.34174374052,16083.726622803855,25574.86767568759,True,2,10
816,image0816 26-03-03 06-55-20.fits,2026-03-03 06:55:20,1178.4352655378002,1005.3919498181342,182.27262211937153,258.38663505997556,429.2192242270477,608.4540276073271,157422.46888964123,140283.99619181486,16160.862460824146,25708.052911535186,True,2,10
817,image0817 26-03-03 06-56-20.fits,2026-03-03 06:56:20,1178.9646860668813,1005.719146070765,181.9741877504528,257.84084924908063,428.5164649929917,607.1688002395383,157150.78817927494,140060.98429064432,16167.586139827612,25729.07762183494,True,2,11
818,image0818 26-03-03 06-57-20.fits,2026-03-03 06:57:20,1176.034157267475,1002.7769144012677,185.57769608046456,263.3634081599912,437.0020786409394,620.1734326628148,159855.46579138393,142603.22408104406,16094.131968908105,25590.480773664596,True,2,11
819,image0819 26-03-03 06-58-20.fits,2026-03-03 06:58:20,1177.7387891300868,1005.2579396875617,182.6613369085773,258.9224115948644,430.1345776044694,609.7156849313405,157643.3182613788,140559.73334323763,16154.742022426683,25693.546634211223,True,2,10
820,image0820 26-03-03 06-59-20.fits,2026-03-03 06:59:20,1177.2415534682984,1003.785395168022,184.22197320068992,261.1919127584901,433.80959522813896,615.0599517636674,158830.90928534276,141661.38996641847,16119.74304375137,25637.50281460459,True,2,11
821,image0821 26-03-03 07-00-20.fits,2026-03-03 07:00:20,1177.4073375983232,1004.1391660764594,183.8151196282186,260.70938628550203,432.85152828029106,613.923688752817,158571.9227262473,141365.49072235203,16126.339922217056,25650.711131351323,True,2,11
822,image0822 26-03-03 07-01-22.fits,2026-03-03 07:01:22,1176.4801315997615,1003.326165370518,185.12567133212013,262.6300860310284,435.93764170268787,618.4465910140683,159479.85809608718,142286.62814142657,16105.849745399575,25618.809474169648,True,2,11
823,image0823 26-03-03 07-02-22.fits,2026-03-03 07:02:22,1178.5217082694708,1005.7463072722636,182.7804927602345,258.9926038554065,430.4151681924345,609.8809750734712,157573.94068251216,140624.24750318436,16157.512597952384,25712.528606983215,True,2,10
824,image0824 26-03-03 07-03-22.fits,2026-03-03 07:03:22,1177.9779996568907,1005.6292579588828,182.92795225124797,259.0800733987837,430.7624087577031,610.0869501075456,157629.43254913588,140750.44627999637,16148.965204922211,25690.55222327153,True,2,10
825,image0825 26-03-03 07-04-22.fits,2026-03-03 07:04:22,1176.266184310889,1003.8061878570288,184.68394465883094,261.9010196515624,434.8974548780016,616.7297708895437,159114.11422637667,142001.14026735778,16112.068579361045,25625.711387171374,True,2,10
826,image0826 26-03-03 07-05-22.fits,2026-03-03 07:05:22,1177.6676951259258,1004.7881757878918,183.7426604587877,260.3001752069752,432.68089997566886,612.9600703024533,158311.46403835202,141342.34998689062,16131.3661492597,25666.958050564277,True,2,10
827,image0827 26-03-03 07-06-22.fits,2026-03-03 07:06:22,1178.0214536308063,1005.70092402213,182.58466549188543,258.8671379241164,429.95403021556245,609.5855253835007,157542.9304229702,140506.3070197894,16158.420386462209,25705.012026472075,True,2,10
828,image0828 26-03-03 07-07-22.fits,2026-03-03 07:07:22,1175.4144556754904,1002.775803954404,186.59404813320472,264.4398120666219,439.3954048275403,622.7081701586984,160280.283771012,143299.4656553569,16076.347842524101,25584.64224837577,True,2,10
829,image0829 26-03-03 07-08-22.fits,2026-03-03 07:08:22,1179.397830737169,1006.4991566941201,181.3582846893888,257.15599771372354,427.06612411900227,605.5560981162091,156698.13005476008,139647.15983516938,16177.390113936184,25724.535312356416,True,2,11
830,image0830 26-03-03 07-09-22.fits,2026-03-03 07:09:22,1175.8144302475248,1002.6828847340984,186.81528150322535,264.7417388651774,439.9163696018946,623.4191534360689,160398.17375610652,143476.8596822869,16070.00222263475,25559.086098108295,True,2,11
831,image0831 26-03-03 07-10-24.fits,2026-03-03 07:10:24,1177.070878256345,1004.4753201456998,184.4830085375643,261.4253360689465,434.42428647187216,615.6096216541076,158789.8365175565,141827.61221062252,16120.363098922026,25657.457908249406,True,2,11
832,image0832 26-03-03 07-11-24.fits,2026-03-03 07:11:24,1175.8500697140826,1003.2404928308637,186.40724727953634,263.959432504277,438.9555224328931,621.5769627360654,159996.0647824822,143156.4782317244,16083.109411894457,25604.382712090857,True,2,11
833,image0833 26-03-03 07-12-24.fits,2026-03-03 07:12:24,1177.2826895115513,1006.1743652846533,183.4470888165354,259.5965419303196,431.98488194775047,611.3031405582338,157749.91758222636,141119.51641761698,16142.961224079989,25701.200428348962,True,2,10
834,image0834 26-03-03 07-13-24.fits,2026-03-03 07:13:24,1175.5620136392256,1003.1157836761587,186.519795678082,264.2808087572381,439.22055365782455,622.3337459785351,160136.96967679766,143241.59607693963,16079.591677788922,25590.137637235985,True,2,10
835,image0835 26-03-03 07-14-24.fits,2026-03-03 07:14:24,1176.597345722503,1004.8989019071269,184.97906877537378,261.7220159307716,435.5924190634087,616.3082493396904,158802.3013394332,142155.72287169797,16120.517538051952,25672.443266341572,True,2,11
836,image0836 26-03-03 07-15-24.fits,2026-03-03 07:15:24,1179.0780096013225,1007.0219686604595,181.76363759664915,257.41278395310076,428.0206572703305,606.1607834999827,156708.61950417233,139917.8201790158,16176.049734125718,25745.58450097411,True,2,11
837,image0837 26-03-03 07-16-24.fits,2026-03-03 07:16:24,1176.3912221357912,1004.2019074574473,185.406997453077,262.5171201703261,436.60011409150786,618.1805767408824,159271.3532832752,142462.67671748577,16106.94612858615,25650.505861437105,True,2,11
838,image0838 26-03-03 07-17-24.fits,2026-03-03 07:17:24,1175.2137772425795,1003.2862177509236,187.26767209980108,264.8809842994507,440.98166804689464,623.7470513758747,160345.76662033235,143730.06571355983,16072.292032835172,25611.684837994446,True,2,11
839,image0839 26-03-03 07-18-24.fits,2026-03-03 07:18:24,1175.7812770202138,1003.0241380698965,186.85544204321363,264.5007154181635,440.01094044647823,622.8515865917182,160240.32655794738,143467.8609757166,16074.17212691934,25590.81933169954,True,2,10
840,image0840 26-03-03 07-19-24.fits,2026-03-03 07:19:24,1175.739457990328,1003.5793365785282,186.52084420411492,264.03701784715156,439.2230227479446,621.759662256667,159989.26965235377,143241.61769601228,16083.47552225572,25619.38554877589,True,2,10
841,image0841 26-03-03 07-20-26.fits,2026-03-03 07:20:26,1177.775584127253,1006.1768989746731,183.21257874874917,259.3896316505806,431.4326529393659,610.8159040839816,157651.4306006237,140921.9966467005,16154.495685737445,25723.294013141145,True,2,11
842,image0842 26-03-03 07-21-26.fits,2026-03-03 07:21:26,1176.9264131157215,1004.6797199198256,185.55330285099456,262.4097108023771,436.94463697522036,617.927647008212,159152.99344520847,142565.58038482166,16103.879267953545,25662.447772102536,True,2,11
843,image0843 26-03-03 07-22-26.fits,2026-03-03 07:22:26,1178.0201502483474,1006.3504815118598,183.40422099540777,259.4366966388692,431.8839359432723,610.9267336618227,157643.51062023893,141071.95917155108,16149.990065929847,25718.93934663279,True,2,10
844,image0844 26-03-03 07-23-26.fits,2026-03-03 07:23:26,1178.580829205425,1007.6807611838649,181.96709843642105,257.4758763787046,428.4997709342042,606.3093548084843,156595.34074222384,140041.95946806172,16178.848060953816,25765.69722554152,True,2,11
845,image0845 26-03-03 07-24-26.fits,2026-03-03 07:24:26,1176.3545135519341,1004.9159769302969,185.42666804715432,262.1099160998461,436.64643480073886,617.2216844332979,158990.15751445814,142471.63806029508,16109.6524308356,25676.963627364323,True,2,10
846,image0846 26-03-03 07-25-26.fits,2026-03-03 07:25:26,1176.6434983924646,1005.3023263837661,184.9498859489625,261.72575309873264,435.5236987588048,616.3170496977167,158718.74342771762,142141.95698530186,16116.16653607474,25663.470565044452,True,2,11
847,image0847 26-03-03 07-26-26.fits,2026-03-03 07:26:26,1178.6599924340526,1008.5192272598772,181.51724053794524,256.6216393174673,427.44043653745786,604.2977802534745,156077.50106874964,139712.42546958654,16192.48944228287,25793.222188938766,True,2,10
848,image0848 26-03-03 07-27-26.fits,2026-03-03 07:27:26,1175.7880761028425,1004.453279565054,186.32196320040745,263.49922171081,438.75469377383837,620.4932491346697,159574.98370799722,143082.6229450102,16095.221749200358,25644.290492631302,True,2,10
849,image0849 26-03-03 07-28-26.fits,2026-03-03 07:28:26,1175.6386829115088,1004.2847852856867,186.78882326831533,264.06196894130227,439.8540652199723,621.8184175933186,159836.91692916345,143402.88951888023,16085.931274546103,25639.931423492217,True,2,11
850,image0850 26-03-03 07-29-28.fits,2026-03-03 07:29:28,1178.9018772846177,1008.71354624315,181.2367457753139,256.2826179073,426.77992184788735,603.4994458411178,155882.82391847606,139512.3340554296,16195.640759346894,25789.296021941234,True,2,9
851,image0851 26-03-03 07-30-28.fits,2026-03-03 07:30:28,1178.7456579013694,1007.4487455787237,182.58433713188847,258.1149323478751,429.9532569868596,607.8142166145836,156903.57280049103,140476.13026300684,16170.497893719463,25763.11657637824,True,2,10
852,image0852 26-03-03 07-31-28.fits,2026-03-03 07:31:28,1177.0740516846029,1006.4899313345194,184.49356074636216,260.8688269481752,434.44913502466875,614.2991428212728,158156.32266106666,141796.78057514,16143.279653233905,25729.944246743522,True,2,10
853,image0853 26-03-03 07-32-28.fits,2026-03-03 07:32:28,1177.4821140865665,1007.1766013572484,183.24104665022386,258.90483822977654,431.4996897243984,609.674302818973,157273.1824892822,140945.9077138255,16156.941848124585,25745.560343493933,True,2,11
854,image0854 26-03-03 07-33-28.fits,2026-03-03 07:33:28,1178.9136645178596,1009.2982180976172,181.1933651514691,256.0390529094793,426.6777682852917,602.9258941019817,155686.02938577448,139465.92130821093,16200.642126073812,25816.609547787055,True,2,10
855,image0855 26-03-03 07-34-28.fits,2026-03-03 07:34:28,1178.0271289185837,1008.1746941495927,182.6875881306392,258.12443068228737,430.1963945083873,607.8365834828521,156749.56862523613,140522.35904682276,16178.258535372628,25790.571712040426,True,2,10
856,image0856 26-03-03 07-35-28.fits,2026-03-03 07:35:28,1175.6224805625736,1004.5706925232822,187.1778061274852,264.3187071759536,440.77004985391903,622.4229899346013,159859.9170284427,143620.39620819408,16088.529344964205,25670.07931341416,True,2,11
857,image0857 26-03-03 07-36-28.fits,2026-03-03 07:36:28,1176.0932164622122,1005.138102276117,186.561354863501,263.474863354849,439.31841806070435,620.4358895897888,159433.30119304554,143223.42421661247,16097.68430235712,25674.65926429593,True,2,10
858,image0858 26-03-03 07-37-30.fits,2026-03-03 07:37:30,1175.9697169489295,1005.3236048461588,186.6026793047756,263.5341390274803,439.41572968336743,620.5754731318837,159409.49300897575,143220.1000678679,16101.166796907353,25692.212720244563,True,2,10
859,image0859 26-03-03 07-38-30.fits,2026-03-03 07:38:30,1178.0239979968376,1008.1172262210886,183.02434802858664,258.56555334428765,430.98940346643656,608.8753479696478,156936.51450506688,140748.1470616366,16170.12976168474,25786.159483947533,True,2,10
860,image0860 26-03-03 07-39-30.fits,2026-03-03 07:39:30,1176.6071020355662,1006.2344846352269,185.260663771896,261.6728344193501,436.2555246057997,616.1924357307502,158523.9496772831,142314.16613564797,16124.787551232397,25718.83283018277,True,2,11
861,image0861 26-03-03 07-40-30.fits,2026-03-03 07:40:30,1175.5243169877367,1004.8038095723269,186.86418879956724,263.8179773927386,440.0315374836687,621.2438614039427,159638.36785243644,143436.5548418265,16086.188574356214,25658.732865840884,True,2,11
862,image0862 26-03-03 07-41-30.fits,2026-03-03 07:41:30,1177.101058314203,1006.787868112229,184.60813617203388,260.6550048320235,434.71893953370846,613.7956302160879,158014.2359972202,141847.45565937707,16140.7807910162,25747.686240011957,True,2,10
863,image0863 26-03-03 07-42-30.fits,2026-03-03 07:42:30,1175.7050231078463,1004.7019446578144,187.06211576111386,264.1427468029118,440.4976198601708,622.0086349210314,159796.53590929383,143563.58477237594,16086.248538406562,25668.427981398403,True,2,11
864,image0864 26-03-03 07-43-30.fits,2026-03-03 07:43:30,1177.859609912411,1008.3183372791453,182.92202514913336,258.33402663991603,430.74845149883464,608.3301442452336,156804.36765017884,140670.50335494205,16176.109303102181,25799.584008066206,True,2,10
865,image0865 26-03-03 07-44-30.fits,2026-03-03 07:44:30,1175.674069686677,1005.1750066269445,187.14688363775798,264.0742687872404,440.69723295526705,621.8473815170844,159641.4799915435,143602.88549261985,16089.985727638163,25677.482388934382,True,2,10
866,image0866 26-03-03 07-45-30.fits,2026-03-03 07:45:30,1177.1184144264973,1007.123085243794,184.57663659931453,260.5102047330306,434.644763708459,613.454652040457,157898.9740473389,141855.0292487147,16140.840155041633,25742.35084421196,True,2,10
867,image0867 26-03-03 07-46-30.fits,2026-03-03 07:46:30,1176.6715098261627,1007.1546038819353,185.31111505981926,261.3317390884085,436.374328309899,615.3892176081823,158187.97699251043,142315.59906898215,16134.70274073771,25755.926766887962,True,2,10
868,image0868 26-03-03 07-47-32.fits,2026-03-03 07:47:32,1178.7477511945847,1010.0349757456573,181.82846723356747,256.5289470009215,428.1733193988578,604.079506528452,155732.71323348768,139882.87358347856,16202.400888462049,25849.67109965978,True,2,10
869,image0869 26-03-03 07-48-32.fits,2026-03-03 07:48:32,1176.286972364958,1006.4193185761072,186.06495263015762,262.52853129811524,438.1494801312292,618.2074478933367,158790.91795401735,142858.91069923123,16112.292523439479,25708.43415070475,True,2,10
870,image0870 26-03-03 07-49-32.fits,2026-03-03 07:49:32,1176.6243221524878,1007.2607032426629,185.3761132568915,261.373600113798,436.5273873672556,615.4877927898751,158187.73915558244,142377.2974414629,16131.9992388115,25748.770694365983,True,2,9
871,image0871 26-03-03 07-50-32.fits,2026-03-03 07:50:32,1178.3803770602747,1009.171562066552,182.79494434600218,257.8599208584339,430.44919907628275,607.2137104475344,156416.00556644355,140561.6639114881,16181.246753732688,25813.923755549822,True,2,10
872,image0872 26-03-03 07-51-32.fits,2026-03-03 07:51:32,1176.9646647353459,1007.5618390362811,184.96271069649296,260.85585931663394,435.553898731362,614.2686063825829,157942.58399905096,142126.544038647,16135.744746217444,25742.61289138583,True,2,11
873,image0873 26-03-03 07-52-32.fits,2026-03-03 07:52:32,1177.8749851773318,1008.6310720086034,183.46409029100374,258.6306471529007,432.0249173606236,609.0286321749771,156864.7284858031,141062.15003003457,16165.861468448544,25795.1349448732,True,2,10
874,image0874 26-03-03 07-53-32.fits,2026-03-03 07:53:32,1175.9200304670421,1006.3084390758634,186.93279582396687,263.4367205587554,440.1930946799549,620.3460701689739,159174.3661811908,143432.44110254786,16102.700809466947,25722.189847309655,True,2,10
875,image0875 26-03-03 07-54-32.fits,2026-03-03 07:54:32,1175.9602819190482,1006.4689777177963,186.71313356153124,263.2444022596948,439.67582958123467,619.8931951833199,159047.45362008456,143282.0639201238,16107.322902775122,25718.142775115943,True,2,10
876,image0876 26-03-03 07-55-32.fits,2026-03-03 07:55:32,1175.7799862833904,1006.2896264424357,186.919563153381,263.5754671798155,440.16193412201005,620.6727934934266,159207.22044842277,143417.9745380867,16103.861107749957,25714.189526500933,True,2,10
877,image0877 26-03-03 07-56-34.fits,2026-03-03 07:56:34,1177.4489172491187,1008.7399905494225,184.26986200427498,259.5740233712325,433.92236474275364,611.2501134039104,157215.87621253356,141604.27340685722,16159.467206646565,25807.36342486569,True,2,9
878,image0878 26-03-03 07-57-34.fits,2026-03-03 07:57:34,1176.0481131845684,1007.2391441029212,186.71967670001345,263.09220677438725,439.69123749489,619.5348022037545,158828.82125768386,143287.64959439365,16110.183826095874,25729.428629699287,True,2,11
879,image0879 26-03-03 07-58-34.fits,2026-03-03 07:58:34,1178.3975261330665,1009.8839437210713,182.9019461835746,257.74302708452853,430.7011691482534,606.9384466456027,156250.26565815,140664.00132632352,16181.107946772685,25821.508639317508,True,2,9
880,image0880 26-03-03 07-59-34.fits,2026-03-03 07:59:34,1178.1233658811418,1009.939474871882,183.23320179569856,258.02063874204794,431.4812165037119,607.5921721414636,156352.83457066416,140888.50174478436,16180.30452618545,25831.633749808247,True,2,9
881,image0881 26-03-03 08-00-34.fits,2026-03-03 08:00:34,1175.6868731561606,1006.8456106879366,186.7511951833861,263.58420027415696,439.76545785132487,620.693358359037,159085.1747450932,143325.68289673456,16108.140090506724,25704.60899790972,True,2,10
882,image0882 26-03-03 08-01-34.fits,2026-03-03 08:01:34,1176.4226024113543,1007.4275844137449,185.95387887363526,261.97446487080845,437.8879214228935,616.902721164036,158378.43619882772,142773.8132392442,16122.412914264452,25742.969367925412,True,2,11
883,image0883 26-03-03 08-02-34.fits,2026-03-03 08:02:34,1176.9127893446353,1008.9739172355844,184.63137210423648,260.0974503736842,434.7736559726241,612.4826898013941,157353.376109576,141861.66724542828,16152.66661390826,25792.573501822826,True,2,10
884,image0884 26-03-03 08-03-34.fits,2026-03-03 08:03:34,1176.7609709617814,1008.4037136476493,185.59353906532215,261.1124384574862,437.0393860192552,614.8728040865985,157862.38827306186,142505.45744206008,16134.847823606124,25785.476666783135,True,2,10
885,image0885 26-03-03 08-04-34.fits,2026-03-03 08:04:34,1175.5899708748702,1006.9463520681824,186.8361413750567,263.1393396857432,439.96549084621984,619.6457917281961,158922.76852859175,143358.22962637967,16106.767539949136,25735.3128083385,True,2,11
886,image0886 26-03-03 08-05-34.fits,2026-03-03 08:05:34,1178.039868308892,1010.8513762485509,182.54539081571582,257.1351629857258,429.86154542085615,605.5070360810873,155812.58355928943,140400.95904295272,16193.4372816726,25850.614621552504,True,2,10
887,image0887 26-03-03 08-06-36.fits,2026-03-03 08:06:36,1178.2370118133147,1010.7865225564927,182.76636860826832,257.3039207018487,430.3819083562655,605.9044301337672,155884.19567599328,140533.64375295004,16196.24538581863,25865.08535011232,True,2,10
888,image0888 26-03-03 08-07-36.fits,2026-03-03 08:07:36,1179.1938015665714,1011.1059314057499,181.72357829800086,256.12477243793364,427.92632483088363,603.1277481658366,155348.980341742,139815.11555899287,16209.093255619837,25865.2804517281,True,2,9
889,image0889 26-03-03 08-08-36.fits,2026-03-03 08:08:36,1178.3206683872554,1010.6690050572835,182.9610682226163,257.4923866955762,430.84039091089187,606.3482336336034,155987.27149106222,140692.20164377222,16188.281347328108,25847.42132396148,True,2,9
890,image0890 26-03-03 08-09-36.fits,2026-03-03 08:09:36,1176.25530384163,1008.1069836649978,185.91149368407443,261.7013296958449,437.7881119289032,616.2595369790288,158145.7629326138,142718.17194890455,16130.494177591849,25779.165417550943,True,2,9
891,image0891 26-03-03 08-10-36.fits,2026-03-03 08:10:36,1177.371917059805,1008.7908856468479,184.97064628540167,260.45396901301166,435.57258561519336,613.3222270397096,157511.02993467817,142044.08317850032,16153.953383147715,25814.35700264667,True,2,9
892,image0892 26-03-03 08-11-36.fits,2026-03-03 08:11:36,1176.8987118766502,1008.5154717894344,185.85690818205708,261.32437480180414,437.6595728945847,615.371876038469,157917.6711272076,142687.0547878236,16132.352302394587,25786.542424168754,True,2,9
893,image0893 26-03-03 08-12-36.fits,2026-03-03 08:12:36,1175.9871875312697,1007.3020573111671,187.2073131497987,263.4693309467228,440.839533581532,620.4228617642358,158985.0380523581,143630.11634572782,16104.079980211553,25737.274456735384,True,2,11
894,image0894 26-03-03 08-13-36.fits,2026-03-03 08:13:36,1177.4808001598587,1009.5323933686587,184.64711807426153,259.8271858032833,434.81073489846756,611.8462653735525,157137.65553747694,141863.0294443994,16153.946944010675,25808.35554216059,True,2,10
895,image0895 26-03-03 08-14-36.fits,2026-03-03 08:14:36,1179.2574559119453,1012.4099906782878,181.36982709874454,255.23633372554127,427.0933044159211,601.0356348771135,154763.25144277207,139583.02733726506,16219.858567770058,25897.513521538724,True,2,9
896,image0896 26-03-03 08-15-38.fits,2026-03-03 08:15:38,1175.9991638865279,1008.7226793215863,186.20351238432647,261.8777885838163,438.47576341778057,616.6750659055477,158091.2547627211,142935.92651988252,16124.845449738808,25776.190263802226,True,2,10
897,image0897 26-03-03 08-16-38.fits,2026-03-03 08:16:38,1177.6703369916172,1010.9047451325415,184.00165128541812,258.66965432968203,433.29077676569733,609.1204870567619,156410.73999453735,141421.6089914892,16168.557375764247,25836.262550828065,True,2,11
898,image0898 26-03-03 08-17-38.fits,2026-03-03 08:17:38,1177.5924809607682,1010.0624180197764,184.56510692498645,259.449344562178,434.61761340023855,610.9565172451582,156892.40607679714,141820.3067949948,16153.616666726755,25812.29214947452,True,2,10
899,image0899 26-03-03 08-18-38.fits,2026-03-03 08:18:38,1179.0709290713655,1012.1709605408319,182.24556504334365,256.24266322121315,429.1555096820573,603.4053597454275,155207.16366712833,140192.0351905462,16205.337944000636,25886.920326499072,True,2,9
900,image0900 26-03-03 08-19-38.fits,2026-03-03 08:19:38,1176.4345783448218,1009.0537241333612,186.06444886612908,261.34610454044986,438.14829385759685,615.4230456626053,157853.34886981206,142824.2095837803,16135.931575304958,25819.718739145992,True,2,10
901,image0901 26-03-03 08-20-38.fits,2026-03-03 08:20:38,1179.1410157511598,1011.9943563261378,181.98335247506935,256.16032296739456,428.53804627022595,603.2114632652226,155170.3946292937,139995.47494529258,16208.560157848766,25874.370775907242,True,2,9
902,image0902 26-03-03 08-21-38.fits,2026-03-03 08:21:38,1179.034336674165,1012.3009587625425,182.0628090586282,256.06661974948815,428.7251522259,602.9908090494126,155097.87543345537,140069.10121248965,16209.26894041659,25883.875454772737,True,2,9
903,image0903 26-03-03 08-22-38.fits,2026-03-03 08:22:38,1176.0621047153668,1008.6996931640336,186.7337260245937,262.3315529815749,439.7243211260307,617.743599405111,158263.7905398283,143289.02245850954,16117.183582944497,25777.32397943933,True,2,10
904,image0904 26-03-03 08-23-38.fits,2026-03-03 08:23:38,1175.9934329013704,1008.2400784853047,187.1057037171735,263.1196894915788,440.600261652822,619.599519057089,158642.15303761937,143539.0409679189,16108.915980700564,25756.56445487376,True,2,11
905,image0905 26-03-03 08-24-40.fits,2026-03-03 08:24:40,1179.0370959840209,1013.474119543075,181.15421328506318,254.78333140728637,426.58557268547867,599.9688959376414,154355.88990260122,139415.38130732335,16231.205415056487,25925.271498487848,True,2,9
906,image0906 26-03-03 08-25-40.fits,2026-03-03 08:25:40,1177.971990100819,1011.0056876070372,183.5905023418417,258.24343231316203,432.3225949918703,608.1168109086271,156212.77908138096,141131.40427393178,16180.441454450525,25846.545674762092,True,2,9
907,image0907 26-03-03 08-26-40.fits,2026-03-03 08:26:40,1176.76817815702,1009.6445422283756,185.74084902741347,260.8351359056674,437.3862744708206,614.2198064790375,157517.58773186198,142581.23939134978,16143.975262255071,25835.29787148099,True,2,10
908,image0908 26-03-03 08-27-40.fits,2026-03-03 08:27:40,1175.8829785887458,1008.6418358228515,187.0895746531309,262.83648749018414,440.5622806095069,618.932629307412,158452.93317246082,143523.06012122254,16111.888318120167,25770.942539936226,True,2,9
909,image0909 26-03-03 08-28-40.fits,2026-03-03 08:28:40,1178.5006842301755,1012.8666061450415,182.56178620385396,256.3819360469245,429.9001536094899,603.7333221871407,155119.0490103003,140401.73867116077,16208.647971173094,25909.423801007342,True,2,9
910,image0910 26-03-03 08-29-40.fits,2026-03-03 08:29:40,1178.2441336839258,1012.4165165358432,182.53398399556767,256.58889577551395,429.83468441212125,604.2206751045373,155270.8930379965,140378.96388451627,16208.270468110166,25895.36399270738,True,2,9
911,image0911 26-03-03 08-30-40.fits,2026-03-03 08:30:40,1177.4940581442768,1010.4072005803508,185.46920127955502,260.16349267597656,436.74659290897597,612.6382075386522,157130.5917440812,142430.1095004884,16148.061365353387,25843.97973116029,True,2,9
912,image0912 26-03-03 08-31-40.fits,2026-03-03 08:31:40,1178.689448834655,1012.772478551553,182.78848892911242,256.66527372846866,430.4339977311917,604.4005314391535,155251.92239906263,140545.56453594117,16209.627380301685,25920.392637787143,True,2,9
913,image0913 26-03-03 08-32-40.fits,2026-03-03 08:32:40,1178.0892283232802,1012.2002875929284,183.55586238120802,257.7094993643509,432.241024118211,606.8594948980642,155790.0114007649,141106.33025660002,16190.430828354354,25889.21194989979,True,2,9
914,image0914 26-03-03 08-33-40.fits,2026-03-03 08:33:40,1177.1297888124066,1010.8678616272992,184.94446423497124,259.5849228352529,435.51093159801974,611.2757796802657,156790.26208927546,142062.55731820944,16160.30227335023,25851.69197607227,True,2,9
915,image0915 26-03-03 08-34-42.fits,2026-03-03 08:34:42,1177.561152461183,1011.6213480442514,184.36658492866954,258.7195257407945,434.15012982393193,609.2379252553236,156297.9063241634,141659.34952439085,16175.328724437053,25875.238293697275,True,2,9
916,image0916 26-03-03 08-35-42.fits,2026-03-03 08:35:42,1177.8079890136178,1012.042707324664,183.75563284623735,257.94297761656213,432.71144761366725,607.40929416645,155897.51308291458,141237.94559000232,16185.764741118142,25880.733364298707,True,2,9
917,image0917 26-03-03 08-36-42.fits,2026-03-03 08:36:42,1178.9410235604055,1013.7885067954269,181.63665112228836,255.13985836101085,427.7216269750579,600.8084527548656,154460.9920150698,139735.0069102475,16234.069671183835,25960.163774115423,True,2,9
918,image0918 26-03-03 08-37-42.fits,2026-03-03 08:37:42,1178.2500249447787,1014.5065723863336,181.48245246386682,254.81098267043828,427.35851688329,600.0340096863819,154170.49024826882,139654.49415090334,16231.399990300952,25944.212577707884,True,2,9
919,image0919 26-03-03 08-38-42.fits,2026-03-03 08:38:42,1176.1939780623547,1009.9577154970852,186.98507306331445,262.2249281486425,440.31619817106946,617.4925171112238,157964.3776119769,143423.4496888745,16125.72601876823,25826.717660719245,True,2,9
920,image0920 26-03-03 08-39-42.fits,2026-03-03 08:39:42,1176.3826512363853,1010.1641995792952,186.71533650771454,261.8310988429942,439.6810171230652,616.5651199679626,157783.9782849175,143257.68333304633,16127.739875315328,25825.01739019453,True,2,9
921,image0921 26-03-03 08-40-42.fits,2026-03-03 08:40:42,1179.013328753034,1014.3470563910909,181.842117253257,255.10966008110768,428.2054627388378,600.7373412400242,154336.67700642036,139908.00011425442,16228.138683812213,25949.921040747617,True,2,10
922,image0922 26-03-03 08-41-42.fits,2026-03-03 08:41:42,1176.0809397753221,1011.0713225958367,186.1337963175931,260.7907763086322,438.3115946263761,614.1153476107495,157236.74958270488,142862.40419648174,16145.05483983967,25868.31713728693,True,2,10
923,image0923 26-03-03 08-42-42.fits,2026-03-03 08:42:42,1177.6118159935074,1011.9501410039383,184.48915063540218,258.65659288879016,434.4387500069794,609.0897297139328,156222.68724638782,141735.6751012611,16177.437093478282,25895.786599773735,True,2,9
924,image0924 26-03-03 08-43-42.fits,2026-03-03 08:43:42,1178.7995757835386,1013.7452797283943,182.00297555332457,255.60204063700235,428.58425508824655,601.8968088428284,154653.36484123356,140037.50418754425,16219.94593692283,25923.962601954994,True,2,9
925,image0925 26-03-03 08-44-44.fits,2026-03-03 08:44:44,1177.775109685041,1013.2790847548159,183.34117634362258,257.18691004166664,431.73547713351655,605.6288910856881,155375.85196194184,140986.0155341601,16195.767083470186,25898.156768898978,True,2,9
926,image0926 26-03-03 08-45-44.fits,2026-03-03 08:45:44,1177.314843322477,1011.7470465792193,184.97121135808587,259.30933051491894,435.573916259677,610.6268093600868,156502.2875868566,142057.5846942155,16168.885631237921,25886.22755939274,True,2,9
927,image0927 26-03-03 08-46-44.fits,2026-03-03 08:46:44,1176.1714640943476,1011.11285240718,186.4512827344238,261.3573198255848,439.05921800475414,615.4494556408519,157424.33436367163,143091.46897518003,16137.93602624291,25846.755408984347,True,2,9
928,image0928 26-03-03 08-47-44.fits,2026-03-03 08:47:44,1176.655118259623,1010.8801265068956,185.92439822794614,260.7638087176336,437.8184998074843,614.0518437868998,157241.526480625,142715.01151276624,16144.151637504066,25850.820226822507,True,2,9
929,image0929 26-03-03 08-48-44.fits,2026-03-03 08:48:44,1176.780490578289,1011.8991941849725,185.57191272803888,259.8775843305872,436.9884598867199,611.9649448358876,156707.0323115113,142469.63597410725,16160.907928265584,25893.75684491074,True,2,9
930,image0930 26-03-03 08-49-44.fits,2026-03-03 08:49:44,1177.2880229418988,1012.6010638882998,184.42257410250147,258.35331825833686,434.2819742527761,608.375572534992,155973.45646189994,141688.8866556054,16182.874107490024,25912.47903833545,True,2,9
931,image0931 26-03-03 08-50-44.fits,2026-03-03 08:50:44,1177.084059913837,1012.1650544623174,185.07434403231863,259.5377126381515,435.816775148258,611.1646081618015,156492.67421963133,142144.38022838737,16166.439891062133,25874.463581075106,True,2,9
932,image0932 26-03-03 08-51-44.fits,2026-03-03 08:51:44,1178.1833913084868,1013.6681709554001,183.3551900629814,257.01698759644756,431.76847692076814,605.2287543055857,155206.54201754602,140973.97388393307,16198.655831424265,25908.664856217743,True,2,9
933,image0933 26-03-03 08-52-44.fits,2026-03-03 08:52:44,1176.184635773503,1011.2104332732068,186.52890117032146,261.21878075228346,439.2419954534699,615.1232210540219,157352.8012263576,143117.6533013106,16137.658303660888,25863.964076953693,True,2,9
934,image0934 26-03-03 08-53-46.fits,2026-03-03 08:53:46,1175.9510882703312,1011.0711884888773,186.7649688698436,261.7959314331194,439.797892404289,616.4823070462576,157583.3734561663,143279.80717675484,16135.244747177376,25850.8875631914,True,2,10
935,image0935 26-03-03 08-54-46.fits,2026-03-03 08:54:46,1177.1244929204995,1012.5241985595993,184.86918903988234,259.04533330537583,435.3336720597308,610.0051434392224,156267.01912133952,141997.4536415905,16175.631573760096,25908.992274015243,True,2,9
936,image0936 26-03-03 08-55-46.fits,2026-03-03 08:55:46,1178.1295859850595,1014.1114556893561,183.28666481822813,256.5892326075645,431.6071123008325,604.2214682834018,154986.11311124335,140917.08800231142,16202.836463024605,25940.183272717157,True,2,9
937,image0937 26-03-03 08-56-46.fits,2026-03-03 08:56:46,1179.5052921378347,1015.9371284610324,181.3649378533664,254.09358972576746,427.0817911228996,598.3446784001073,153617.6325135767,139578.07210092392,16243.992695724328,25986.35991394036,True,2,9
938,image0938 26-03-03 08-57-46.fits,2026-03-03 08:57:46,1178.613122220402,1014.4169044631911,182.9214107648235,256.17149618213506,430.74700473434643,603.2377741752609,154748.00890428596,140638.96122749665,16213.787831368767,25959.376508616264,True,2,9
939,image0939 26-03-03 08-58-46.fits,2026-03-03 08:58:46,1177.997860714481,1014.1690535383748,183.6014545195973,257.0672209069817,432.3483853995859,605.3470447121596,155136.72357331784,141134.34133477695,16201.044586397842,25932.856852813093,True,2,9
940,image0940 26-03-03 08-59-46.fits,2026-03-03 08:59:46,1178.1057264601936,1013.9643566396471,183.92254121391298,257.37077863168975,433.10448678355317,606.0618685271262,155312.4194931486,141347.89629018144,16198.747611895167,25943.44455122061,True,2,9
941,image0941 26-03-03 09-00-46.fits,2026-03-03 09:00:46,1175.791647623045,1011.7204895052648,186.88659554353893,261.3171391173406,440.08430133351715,615.3548373036549,157295.31749894193,143380.5318690055,16132.024040361754,25866.273283385977,True,2,10
942,image0942 26-03-03 09-01-46.fits,2026-03-03 09:01:46,1178.0897715393437,1014.5060108119889,183.73122621409317,257.0182963504282,432.6539743870624,605.2318361856933,155069.7660132463,141251.1661496769,16196.753200708905,25930.334400611988,True,2,9
943,image0943 26-03-03 09-02-46.fits,2026-03-03 09:02:46,1176.3674761998438,1011.4721417850935,187.04636366706362,261.75032541893046,440.4605265133501,616.3749130898715,157508.30936533818,143487.33085481764,16128.26615302129,25856.868658097195,True,2,9
944,image0944 26-03-03 09-03-48.fits,2026-03-03 09:03:48,1175.9897095746076,1011.5018529105583,187.12113533619237,261.82958918034245,440.63660033861487,616.5615649840889,157536.05192477326,143529.71992964175,16131.613480908249,25868.93863561329,True,2,10
945,image0945 26-03-03 09-04-48.fits,2026-03-03 09:04:48,1176.654753449287,1012.6042243984516,185.7955161658691,259.9724666475667,437.5150057442603,612.18837561783,156596.2145591422,142634.72872526082,16155.462362632643,25891.04418815595,True,2,9
946,image0946 26-03-03 09-05-48.fits,2026-03-03 09:05:48,1176.003918864061,1011.8041363752216,187.2090855800671,261.64243515277417,440.84370733585644,616.1208509284629,157399.2092456701,143570.33684894672,16133.05356376252,25886.714267508487,True,2,9
947,image0947 26-03-03 09-06-48.fits,2026-03-03 09:06:48,1178.2387589946072,1014.0493107168567,184.04034723286824,257.534448629231,433.38189875841437,606.4472819181065,155351.08116556905,141440.4950472176,16192.441671258484,25928.20126669113,True,2,9
948,image0948 26-03-03 09-07-48.fits,2026-03-03 09:07:48,1177.7279305781312,1014.6650962926616,183.61791745634164,256.83526862639593,432.3871526530316,604.8008388323457,154988.88057031724,141145.49244439282,16208.50440311262,25969.072260452216,True,2,10
949,image0949 26-03-03 09-08-48.fits,2026-03-03 09:08:48,1176.0618867252003,1012.1639494942455,187.1463354848555,261.4044380117687,440.6959421538246,615.5604104901632,157258.6503865218,143537.12721126867,16133.681682598768,25897.332089103482,True,2,9
950,image0950 26-03-03 09-09-48.fits,2026-03-03 09:09:48,1177.740698727066,1014.3362022458984,184.27657312874805,257.64833797524625,433.9381682331875,606.7154708330186,155366.23586583295,141627.7157340606,16189.17624260371,25932.821151443623,True,2,9
951,image0951 26-03-03 09-10-48.fits,2026-03-03 09:10:48,1177.129120320387,1013.0367647328636,186.16236103522093,260.1103837233322,438.37885939602677,612.5131455123945,156561.6030249808,142879.17461433538,16151.392684828385,25902.2151983214,True,2,9
952,image0952 26-03-03 09-11-48.fits,2026-03-03 09:11:48,1177.722864110142,1014.4787657715149,184.5309805811109,257.8035967656683,434.5372520016168,607.0810773448718,155402.00405997335,141750.4874409042,16190.382518321801,25965.977747954686,True,2,9
953,image0953 26-03-03 09-12-50.fits,2026-03-03 09:12:50,1179.4993142685885,1017.1719148200186,181.55487878314008,254.01411897524244,427.5290678317025,598.1575390837774,153339.32916922227,139694.04572594317,16252.858348816873,26025.831708680573,True,2,9
954,image0954 26-03-03 09-13-50.fits,2026-03-03 09:13:50,1177.5336270266391,1014.2768110575403,184.56315102874083,258.08147095497577,434.6130076165534,607.7354210558497,155503.56820463532,141776.08329283146,16189.43578697869,25940.587834103575,True,2,9
955,image0955 26-03-03 09-14-50.fits,2026-03-03 09:14:50,1177.340240331729,1014.0026484044574,185.07833994913204,258.71738924080444,435.82618481326847,609.2328941823207,155833.9643305122,142161.56920205802,16177.901783888161,25926.464556133764,True,2,9
956,image0956 26-03-03 09-15-50.fits,2026-03-03 09:15:50,1176.4811800393031,1013.3688314501599,186.5362709646324,260.43068678016357,439.259349992841,613.2674015711058,156618.89133273918,143096.64259795623,16155.144665965756,25936.471357029233,True,2,9
957,image0957 26-03-03 09-16-50.fits,2026-03-03 09:16:50,1175.7365670585189,1012.5262102904913,187.31302793034845,261.62911545885925,441.0884728658266,616.0894854462384,157218.5974447217,143625.0949593735,16136.760350004828,25898.69078378193,True,2,9
958,image0958 26-03-03 09-17-50.fits,2026-03-03 09:17:50,1178.8917077131,1016.1763190252199,182.64361339071138,255.3850916676538,430.0928419093303,601.3859330610576,154090.6886842201,140474.96168647375,16229.625027422095,25991.781236214723,True,2,9
959,image0959 26-03-03 09-18-50.fits,2026-03-03 09:18:50,1178.8179539066964,1016.7941311240967,182.40861272738903,255.02929388087867,429.53945763674324,600.5480933007819,153795.5300545843,140305.5536486738,16233.646355653775,25991.74648503476,True,2,9
960,image0960 26-03-03 09-19-52.fits,2026-03-03 09:19:52,1178.5414965645755,1016.2871966705986,182.74379072643063,255.48167879328105,430.32874150753975,601.6133783605766,154093.72972786418,140530.05836422378,16226.212974739245,25990.616545687095,True,2,10
961,image0961 26-03-03 09-20-52.fits,2026-03-03 09:20:52,1176.1331234441427,1013.4020899928702,186.95162008596222,261.27397986502456,440.2374224294345,615.2532050311725,156897.40309269892,143356.55160075414,16152.740012827568,25930.631295665335,True,2,9
962,image0962 26-03-03 09-21-52.fits,2026-03-03 09:21:52,1177.098828274672,1014.1354033486275,185.557868104213,259.00862394645003,436.9553873250098,609.9186995049837,155935.4357373699,142446.78418457138,16175.699187481736,25961.126035779776,True,2,9
963,image0963 26-03-03 09-22-52.fits,2026-03-03 09:22:52,1179.3834636659058,1017.302794818863,182.11397288331327,254.44675396126706,428.84563382584884,599.1763166210498,153494.42859371926,140094.52564047006,16241.958403283727,26021.417644641428,True,2,9
964,image0964 26-03-03 09-23-52.fits,2026-03-03 09:23:52,1178.5827519928623,1016.2296828086648,183.25487834831802,256.03738675655427,431.53226088432734,602.9219706116758,154315.74807807303,140850.43568828044,16226.916067226819,26011.944905081782,True,2,9
965,image0965 26-03-03 09-24-52.fits,2026-03-03 09:24:52,1176.2448466190287,1013.4946257425567,186.8105780194873,260.72224378613845,439.90529374410676,613.9539658530447,156700.74877933066,143277.7891547015,16150.904495920671,25937.31953603246,True,2,9
966,image0966 26-03-03 09-25-52.fits,2026-03-03 09:25:52,1177.3453044816633,1014.5526094845784,185.3908414792118,258.9315048407234,436.5620696804031,609.7370978889637,155808.4371886565,142362.33906196913,16174.579525166433,25940.951702897855,True,2,9
967,image0967 26-03-03 09-26-52.fits,2026-03-03 09:26:52,1179.0705391688,1017.2634768032169,182.52371965928214,255.07025995473077,429.81051374728713,600.644561032655,153731.5749176297,140371.82189357147,16238.767216912483,26018.53368834087,True,2,9
968,image0968 26-03-03 09-27-52.fits,2026-03-03 09:27:52,1176.0242541392283,1013.4717589864741,187.1799585840657,261.1014559391634,440.7751185018208,614.8469422323071,156850.21040735228,143510.7143126608,16148.945641804821,25949.61054804142,True,2,9
969,image0969 26-03-03 09-28-54.fits,2026-03-03 09:28:54,1176.3073881370608,1013.9216410816107,186.55745952006842,260.2250448970261,439.309245227907,612.7831519425959,156427.88800115098,143122.9671377132,16154.98156779115,25940.138985992304,True,2,9
970,image0970 26-03-03 09-29-54.fits,2026-03-03 09:29:54,1176.160321935604,1013.5980621315791,187.08041700206874,261.0488185280477,440.5407159892203,614.7229906014934,156785.6843345716,143459.21176731892,16148.093008760306,25932.440485742645,True,2,10
971,image0971 26-03-03 09-30-54.fits,2026-03-03 09:30:54,1179.4583656541606,1018.3696137766009,181.1396007932035,253.264546162885,426.55116289673964,596.3924300000278,152803.04535834354,139397.24552266853,16265.369696234948,26056.092630315998,True,2,10
972,image0972 26-03-03 09-31-54.fits,2026-03-03 09:31:54,1176.5791164579705,1014.0295379756943,186.83979629408663,260.41803018655065,439.9740975228145,613.2375975707644,156476.39565637358,143294.04654309162,16154.595322695093,25955.569599444087,True,3,9
973,image0973 26-03-03 09-32-54.fits,2026-03-03 09:32:54,1178.6473627927974,1016.731846852659,183.2174674316622,255.760635272114,431.44416490788325,602.2702706686237,154097.0755321015,140826.75752358115,16226.275285621776,26013.491685473586,True,2,9
974,image0974 26-03-03 09-33-54.fits,2026-03-03 09:33:54,1176.6188834158015,1015.0148577501083,185.87346428656627,259.1351643955862,437.69855954135056,610.2166794911167,155777.4083181226,142640.94743521043,16177.840730997188,25980.20266431948,True,2,9
975,image0975 26-03-03 09-34-54.fits,2026-03-03 09:34:54,1178.416355615439,1017.2067272344289,182.88987965888683,255.46847435453532,430.67275465404475,601.5822842835348,153891.53558927687,140609.04766163952,16235.872022096368,26024.257962653584,True,2,9
976,image0976 26-03-03 09-35-54.fits,2026-03-03 09:35:54,1176.2327166219336,1014.4198104239392,186.70750448679155,260.31488663610963,439.66257412320266,612.9947130706702,156345.5785547437,143197.6037085866,16160.238621411263,25962.799374096863,True,2,9
977,image0977 26-03-03 09-36-54.fits,2026-03-03 09:36:54,1177.6769558032768,1015.8351164258568,184.7831559688425,257.7501839121781,435.1310796595106,606.9552996868107,155079.75176134796,141908.23890404092,16200.826391857205,26000.614907092346,True,3,9
978,image0978 26-03-03 09-37-54.fits,2026-03-03 09:37:54,1177.5905936065626,1016.703935150465,183.8962071739269,256.6458487618996,433.04247485832735,604.3547891385026,154485.14038191948,141329.92342562028,16212.137531837836,26001.748357816636,True,3,9
979,image0979 26-03-03 09-38-56.fits,2026-03-03 09:38:56,1176.3707765862819,1014.5701675950581,186.80486783757095,260.1214198669923,439.8918472932694,612.5391336447053,156268.9298641774,143255.80400776592,16161.052983184312,25986.171914478757,True,2,9
980,image0980 26-03-03 09-39-56.fits,2026-03-03 09:39:56,1177.2510850374144,1016.3347065020854,185.0722902200174,258.02359101636654,435.81193878988233,607.5991242162075,155067.8668547266,142089.69672056768,16198.969816259021,26009.418332028687,True,2,9
981,image0981 26-03-03 09-40-56.fits,2026-03-03 09:40:56,1177.5887207865576,1016.7340274124402,184.84178630771063,257.4652841689821,435.26914355672426,606.2844120607086,154794.29437898906,141944.73920917863,16205.64906176816,26026.815040443264,True,2,9
982,image0982 26-03-03 09-41-56.fits,2026-03-03 09:41:56,1177.8188301265072,1016.2657261967837,184.66917313928792,257.39939856126574,434.86267060768614,606.129263310979,154872.5840660774,141848.25885034094,16199.484221891425,26001.788015522812,True,3,9
983,image0983 26-03-03 09-42-56.fits,2026-03-03 09:42:56,1177.9274686953868,1016.7301912003788,184.54587870297274,257.1782496995136,434.5723343976104,605.6084975383893,154663.03936598147,141755.3426020817,16203.24824496272,26002.923401751334,True,2,9
984,image0984 26-03-03 09-43-56.fits,2026-03-03 09:43:56,1179.2673095098519,1018.9859851227787,181.6061080117731,253.64411467885256,427.649703446179,597.2862455498909,152806.82477848005,139726.4114097925,16260.583827425704,26054.502558075616,True,2,10
985,image0985 26-03-03 09-44-56.fits,2026-03-03 09:44:56,1178.2781746734092,1017.0877209208231,183.85579048314924,256.3534722071246,432.9473008247303,603.6662949666213,154296.5146267913,141300.92503959464,16214.95569145241,26013.80097981968,True,2,9
986,image0986 26-03-03 09-45-56.fits,2026-03-03 09:45:56,1176.5196326575197,1015.338121811105,186.56049313033,259.7354059653719,439.3163888341598,611.630140371509,155962.20286447738,143093.6124604344,16169.48729162021,26000.52864560005,True,2,9
987,image0987 26-03-03 09-46-56.fits,2026-03-03 09:46:56,1176.656515732867,1015.6117073660492,186.53316152668089,259.70152515826743,439.252027826024,611.5503571677975,155852.5034498443,143054.4478978494,16174.037841072155,26002.558423822542,True,2,9
988,image0988 26-03-03 09-47-58.fits,2026-03-03 09:47:58,1176.6303502061114,1015.3249259660996,186.55562666697654,259.77400404750756,439.30492918870664,611.7210319090218,155964.7395936453,143084.04456014943,16168.808079161756,25995.43042201365,True,2,9
989,image0989 26-03-03 09-48-58.fits,2026-03-03 09:48:58,1177.459466005801,1016.5041958839399,184.9151064972533,257.6200509420156,435.44179940876484,606.6488599601527,154921.59129654092,142003.45687215228,16201.0791424608,26022.290538405516,True,2,9
990,image0990 26-03-03 09-49-58.fits,2026-03-03 09:49:58,1179.6246207908594,1019.7245184428564,181.2330177610037,252.88768471726868,426.7711430450616,595.5049891136912,152358.3953774544,139445.1592307638,16273.932311387793,26088.12806743872,True,2,9
991,image0991 26-03-03 09-50-58.fits,2026-03-03 09:50:58,1179.1914952593168,1019.1941942507208,182.45380700894756,254.16659199743955,429.64588203687805,598.5165856127735,153009.08353760507,140270.0706302784,16256.725316084498,26103.986639404196,True,2,9
992,image0992 26-03-03 09-51-58.fits,2026-03-03 09:51:58,1176.577669069467,1016.2410525450924,185.74251231141463,258.5388975399419,437.390191205327,608.812578347258,155300.5267150783,142535.6887463806,16189.067565436526,26020.41283675316,True,2,9
993,image0993 26-03-03 09-52-58.fits,2026-03-03 09:52:58,1179.3659859246975,1020.1699737306543,181.32533123552483,252.8498308651643,426.98852466529036,595.4158501039741,152249.7108413215,139500.33817521768,16278.279163374313,26104.84139594403,True,2,9
994,image0994 26-03-03 09-53-58.fits,2026-03-03 09:53:58,1178.8938589534246,1019.3312587160029,182.1659735808829,253.9244756497163,428.9680861108414,597.9464451839251,152852.21935165572,140064.54638235082,16261.089922305804,26095.4940902805,True,2,9
995,image0995 26-03-03 09-54-58.fits,2026-03-03 09:54:58,1179.2730838280258,1020.2003431473223,181.48569420616602,253.10511975767113,427.36615060303694,596.0170095053229,152318.44113388794,139608.77340107545,16273.665000749428,26091.55271379253,True,2,9
996,image0996 26-03-03 09-55-58.fits,2026-03-03 09:55:58,1176.3367203994362,1016.131442717391,186.88851136713743,259.80653167806406,440.08881275332965,611.7976286254735,155798.51266068773,143283.21022765804,16173.430928027577,26027.985955078293,True,3,9
997,image0997 26-03-03 09-56-58.fits,2026-03-03 09:56:58,1179.0959335839773,1019.3298357438288,182.3648590768704,254.307140694467,429.4364256634587,598.8475525018367,153012.28818975616,140216.6264253071,16259.675865756013,26092.91904226598,True,2,9
998,image0998 26-03-03 09-58-00.fits,2026-03-03 09:58:00,1178.6551614227694,1019.7333640294935,182.3834069964224,254.27992673788287,429.48010267621333,598.7834685313678,152902.63567192186,140242.88638818316,16258.414293237636,26083.710253894886,True,2,9
999,image0999 26-03-03 09-59-00.fits,2026-03-03 09:59:00,1180.0477468367405,1021.2462602195186,181.0161403886776,252.12846133952817,426.26043586139446,593.7171546851317,151782.27066761427,139295.1714877321,16286.274886614876,26135.14798854131,True,2,9
1000,image1000 26-03-03 10-00-00.fits,2026-03-03 10:00:00,1178.5256197555773,1019.453398898829,182.81367044505723,254.54693510999923,430.4932956697028,599.4122251982185,153084.85806285945,140538.9443172837,16250.300015186795,26087.478847803824,True,2,9
1001,image1001 26-03-03 10-01-00.fits,2026-03-03 10:01:00,1176.5676646057575,1016.584190112559,186.31355220429927,259.0451454364743,438.73488739160416,610.0047010417672,155410.23825776862,142914.34952266465,16179.581855365706,26020.803497978766,True,2,10
1002,image1002 26-03-03 10-02-00.fits,2026-03-03 10:02:00,1176.481135844486,1016.3361636917257,186.8732944186113,259.8701570854686,440.0529795779161,611.947455010203,155777.3257689233,143285.63734059004,16172.059511405505,26019.3762378112,True,2,9
1003,image1003 26-03-03 10-03-00.fits,2026-03-03 10:03:00,1179.5615282359681,1020.1812358973959,181.9396285265632,253.37014334582182,428.43508423983576,596.6410923631062,152478.133772705,139923.8569714473,16269.41102370312,26115.22791698936,True,2,9
1004,image1004 26-03-03 10-04-00.fits,2026-03-03 10:04:00,1177.5789944209428,1018.367699629117,184.51020416531023,256.54843846508254,434.4883272812255,604.1254054189654,154101.13976335118,141686.53382418316,16222.48375879554,26079.89452664158,True,2,9
1005,image1005 26-03-03 10-05-00.fits,2026-03-03 10:05:00,1179.5176838048358,1020.9437240158039,181.5518299930793,252.81903859318493,427.5218884797543,595.343339844685,152047.06050736704,139631.56250313192,16279.244307145773,26119.102244527654,True,2,9
1006,image1006 26-03-03 10-06-00.fits,2026-03-03 10:06:00,1176.4039776988363,1016.0366323388796,187.11944512995834,260.1530019406536,440.63262020709476,612.6135037448266,155945.05580307913,143432.82538985583,16166.73330069416,26020.96041914566,True,2,10
1007,image1007 26-03-03 10-07-02.fits,2026-03-03 10:07:02,1179.2846491530124,1021.1350705236633,181.6131706146684,252.78193619980254,427.6663346050469,595.2559703850296,152038.30725633603,139701.56280175567,16273.411193685139,26119.564991305255,True,2,9
1008,image1008 26-03-03 10-08-02.fits,2026-03-03 10:08:02,1177.3548997212715,1018.2790185616993,184.98014300892544,257.24293261301256,435.5949486901092,605.7608141596677,154387.9903980505,141982.20329750393,16219.375508197936,26092.289789959843,True,2,10
1009,image1009 26-03-03 10-09-02.fits,2026-03-03 10:09:02,1177.1220406330594,1017.9704385448641,185.4993199363108,257.73391012260265,436.81751692563387,606.9169778409098,154647.27184878776,142352.06854794142,16207.431205715617,26078.823352282714,True,2,10
1010,image1010 26-03-03 10-10-02.fits,2026-03-03 10:10:02,1177.9602985670886,1019.0241682322277,183.74748648981245,255.68044555732266,432.6922644102639,602.0814383208277,153634.02945604996,141163.39889320816,16238.174363140017,26096.85126816545,True,2,9
1011,image1011 26-03-03 10-11-02.fits,2026-03-03 10:11:02,1176.8387706185138,1017.2377941159541,186.03170548329234,258.5790188972292,438.07118908335076,608.907056923632,155123.4043346099,142719.53825932258,16190.918655015108,26052.108939760426,True,2,9
1012,image1012 26-03-03 10-12-02.fits,2026-03-03 10:12:02,1177.8832542311538,1019.2043016961545,184.15990682502493,255.94797370461077,433.66344008260063,602.7114189646718,153688.289084245,141445.8743378583,16231.800560924106,26094.61145096112,True,2,9
1013,image1013 26-03-03 10-13-02.fits,2026-03-03 10:13:02,1178.5747059599644,1020.3733636644405,182.42554304269242,254.0189825364868,429.5793254825884,598.1689918952858,152682.28537446738,140261.2819284854,16261.770790859959,26108.37454953869,True,2,9
1014,image1014 26-03-03 10-14-02.fits,2026-03-03 10:14:02,1177.4806370361857,1018.9498930336656,184.5460953823854,256.4035668908666,434.57284463863465,603.7842589320466,153921.64363328976,141722.78606367914,16222.477662750056,26081.862751971716,True,2,9
1015,image1015 26-03-03 10-15-02.fits,2026-03-03 10:15:02,1176.122630855183,1017.1438188406787,187.033080828537,259.57201586967517,440.4292478189327,611.2453860990028,155506.555595304,143381.81598544304,16176.102215090235,26052.047932807385,True,2,10
1016,image1016 26-03-03 10-16-02.fits,2026-03-03 10:16:02,1179.125252556605,1021.0852559522306,181.9859314839485,253.1209331034642,428.5441193720308,596.0542470889756,152194.40783309296,139937.9854302117,16276.18681137068,26145.297832669985,True,2,10
1017,image1017 26-03-03 10-17-04.fits,2026-03-03 10:17:04,1179.6988891447284,1022.0775429362774,180.96402689249217,251.7838855916091,426.13771795596034,592.9057408069003,151449.2581625504,139221.2891296578,16295.91083810818,26165.10023176274,True,2,10
1018,image1018 26-03-03 10-18-04.fits,2026-03-03 10:18:04,1177.7351018598144,1018.5629356352026,185.01978865948885,257.02752885623244,435.6883070627543,605.2535770754268,154241.88739485803,142027.69464873194,16216.427264151485,26085.074712951922,True,2,10
1019,image1019 26-03-03 10-19-04.fits,2026-03-03 10:19:04,1178.3291655892847,1021.8652239000662,181.52630834436732,252.6201733963097,427.46178958978504,594.8750480928243,151826.9405669207,139631.27135310342,16287.564910132663,26152.377820720925,True,2,9
1020,image1020 26-03-03 10-20-04.fits,2026-03-03 10:20:04,1178.5763351126513,1021.0268587474632,182.9515695163381,254.2313914138433,430.81802316694615,598.6691765774274,152628.24660588457,140591.83022373263,16266.53132631474,26148.73626450333,True,2,10
1021,image1021 26-03-03 10-21-04.fits,2026-03-03 10:21:04,1177.7915894779303,1019.2181610294197,184.28659503886846,256.19694108174735,433.96176802802853,603.2976923349117,153751.15750387788,141499.52722901778,16234.191552987339,26101.667634201534,True,2,9
1022,image1022 26-03-03 10-22-04.fits,2026-03-03 10:22:04,1176.670699952364,1017.4815956628921,186.81185108700657,259.3454301460955,439.9082915890198,610.7118174951995,155339.47319474776,143209.2928118022,16186.378433820055,26071.373657877422,True,2,9
1023,image1023 26-03-03 10-23-04.fits,2026-03-03 10:23:04,1175.7792388542287,1017.5877821583332,186.77096576130177,259.3357589495773,439.81201400450254,610.6890435677791,155282.17032783723,143158.08185301448,16186.153546554337,26068.083500190733,True,2,10
1024,image1024 26-03-03 10-24-04.fits,2026-03-03 10:24:04,1176.45000949611,1018.013827816463,187.0100206586616,259.23613977928454,440.3749452686683,610.4544583487043,155222.70890154142,143343.3412440868,16186.54295086863,26098.956096965663,True,2,10
1025,image1025 26-03-03 10-25-04.fits,2026-03-03 10:25:04,1179.4198610914675,1022.1080089352398,181.7300961567524,252.56911287050647,427.94167321532245,594.7548097431529,151756.66563696277,139789.50128271952,16280.636163015102,26143.52398550106,True,2,9
1026,image1026 26-03-03 10-26-06.fits,2026-03-03 10:26:06,1177.2262353201604,1019.178567189406,185.47093302075845,257.434886668061,436.75067084787463,606.2128314162208,154281.28519959448,142320.9009277291,16219.43802733725,26115.55818541191,True,3,10
1027,image1027 26-03-03 10-27-06.fits,2026-03-03 10:27:06,1177.0162528734181,1018.8779135093824,185.8741638805134,258.0422948871455,437.7002069592006,607.6431684660374,154574.06601754006,142592.21355937872,16208.494350496529,26102.257668670307,True,2,10
1028,image1028 26-03-03 10-28-06.fits,2026-03-03 10:28:06,1179.3063131981603,1021.8462782089284,182.22012568520566,253.3108209364113,429.09560457158125,596.5013987643068,152103.1007399042,140084.43739694866,16278.826568509943,26164.333625452902,True,2,9
1029,image1029 26-03-03 10-29-06.fits,2026-03-03 10:29:06,1178.4946356703329,1021.782359817496,182.59271176661437,253.8027182466429,429.972977744582,597.659728410537,152287.75776422222,140316.3542529961,16277.706671082844,26171.00295671422,True,2,9
1030,image1030 26-03-03 10-30-06.fits,2026-03-03 10:30:06,1178.7841329019996,1021.4951468635142,182.7516144578299,254.03542803155148,430.3471649870657,598.2077180767145,152436.14409111245,140457.6823613071,16268.91945672892,26143.507136376684,True,2,9
1031,image1031 26-03-03 10-31-06.fits,2026-03-03 10:31:06,1178.107597401864,1021.1384502100753,183.42519908654597,254.79487665636262,431.933335572791,599.996082921591,152804.90485280612,140902.9270936772,16261.57881116813,26149.552379748035,True,2,9
1032,image1032 26-03-03 10-32-06.fits,2026-03-03 10:32:06,1178.6127710837966,1021.4555077698977,183.08178530871535,254.09058201526366,431.1246579250157,598.3375957831233,152488.01840462536,140682.92856550973,16264.077556130349,26155.18035323827,True,2,9
1033,image1033 26-03-03 10-33-06.fits,2026-03-03 10:33:06,1178.9575039236993,1022.4840832254398,181.79022275518588,252.535750258289,428.0832605345531,594.6762467951487,151649.40199250018,139762.16943559368,16292.77602693236,26190.072033087414,True,2,10
1034,image1034 26-03-03 10-34-06.fits,2026-03-03 10:34:06,1178.6424078933035,1021.8881421427011,182.81011927526728,253.82492567703986,430.4849333038981,597.7120229127844,152270.90037181298,140456.58448816073,16276.537855947692,26179.581745499017,True,2,9
1035,image1035 26-03-03 10-35-06.fits,2026-03-03 10:35:06,1177.5657318402054,1020.6854863076837,184.17827622304077,255.71081537944167,433.7066967092635,602.1529537867176,153275.01115675995,141426.56670509413,16246.066809276139,26140.72851982739,True,2,9
1036,image1036 26-03-03 10-36-08.fits,2026-03-03 10:36:08,1178.7280930576935,1022.1949756136868,182.53400180919886,253.527902057801,429.83472636001704,597.0125857403531,152094.75512642713,140281.3240590246,16280.130475449321,26177.273190941105,True,2,9
1037,image1037 26-03-03 10-37-08.fits,2026-03-03 10:37:08,1177.8766735164554,1020.9085314726586,184.04042400181072,255.5286023407344,433.3820795354589,601.7238748707038,153152.54651046285,141304.8982896362,16256.30157818906,26165.360238002762,True,2,9
1038,image1038 26-03-03 10-38-08.fits,2026-03-03 10:38:08,1178.1621162083857,1022.4203729309827,182.95567065008396,253.59899271012014,430.82768059889827,597.1799914334485,152105.43951205205,140571.25073644254,16274.243868128808,26194.53424353311,True,2,9
1039,image1039 26-03-03 10-39-08.fits,2026-03-03 10:39:08,1179.9709897590851,1023.807085010828,181.1405568060532,250.88000072971857,426.5534141349615,590.7772546157205,150764.55294289385,139333.31781763316,16303.425693467014,26221.681397397384,True,2,9
1040,image1040 26-03-03 10-40-08.fits,2026-03-03 10:40:08,1177.4387065413264,1020.3125993712107,184.88760660284171,256.4306173280016,435.3770421061682,603.8479578436388,153633.05993793643,141872.43619649674,16239.21276190522,26159.635244828765,True,3,10
1041,image1041 26-03-03 10-41-08.fits,2026-03-03 10:41:08,1176.9708342305248,1020.1859307611303,185.77004661236387,257.4134363252548,437.45502952912824,606.1623197190079,154026.38823217145,142462.4101824449,16222.765878769043,26151.767674544582,True,2,10
1042,image1042 26-03-03 10-42-08.fits,2026-03-03 10:42:08,1176.3732410070586,1019.2594558917148,186.50371991403122,258.42360443542657,439.1826981263986,608.5410838336915,154620.27783423936,142977.61651906517,16205.622510904757,26128.625116762196,True,2,10
1043,image1043 26-03-03 10-43-08.fits,2026-03-03 10:43:08,1178.3822182324923,1022.3260528264531,182.6800699894757,253.7046567712961,430.1786906388741,597.4288112827451,152125.1292310813,140368.7382596998,16280.081433650215,26182.15478674428,True,2,9
1044,image1044 26-03-03 10-44-08.fits,2026-03-03 10:44:08,1176.9302855726155,1019.7711095048131,186.03049950554845,257.863589240054,438.06834922278557,607.2223488261062,154278.86712908282,142639.24910482072,16220.170540345529,26145.25388857542,True,2,10
1045,image1045 26-03-03 10-45-10.fits,2026-03-03 10:45:10,1177.8200722583267,1021.8473415551204,183.6962304498805,254.94689357282007,432.5715656600032,600.3540554036488,152708.5625704707,141068.6728345375,16262.729307573416,26169.858521963186,True,2,9
1046,image1046 26-03-03 10-46-10.fits,2026-03-03 10:46:10,1176.7376283127223,1019.617651799604,186.48421659493744,258.30378903489395,439.13677131965187,608.2589401268139,154484.34838588783,142933.59058557163,16213.17833123748,26151.291006663792,True,2,9
1047,image1047 26-03-03 10-47-10.fits,2026-03-03 10:47:10,1178.1478448609973,1022.4565857617998,182.85455550900224,253.89739740166786,430.58957263782287,597.8826807826364,152165.2475536837,140479.6792034321,16280.141568956824,26187.658479321628,True,2,9
1048,image1048 26-03-03 10-48-10.fits,2026-03-03 10:48:10,1176.4298510741792,1019.5248633114225,186.64334583158399,258.5887382088528,439.51149203585766,608.9299441534672,154588.1427605603,143043.2669088007,16209.354956161938,26136.24567430065,True,2,10
1049,image1049 26-03-03 10-49-10.fits,2026-03-03 10:49:10,1179.617140104662,1023.4414577619814,181.8965474851308,252.06953407937604,428.33363613990997,593.5783915917267,151262.8779115167,139804.85844737876,16297.476780567033,26224.601146305395,True,2,9
1050,image1050 26-03-03 10-50-10.fits,2026-03-03 10:50:10,1177.5332910144034,1021.8094405578979,184.10307787538935,255.20282282557685,433.5296181328607,600.9567227381502,152809.07171682606,141300.72988826397,16263.313514415047,26198.108856775016,True,2,9
1051,image1051 26-03-03 10-51-10.fits,2026-03-03 10:51:10,1178.9801575153367,1023.1985027556079,182.43342206462216,252.85860476667628,429.5978791613637,595.4365110631277,151605.7209074645,140175.27226912053,16288.180699334613,26210.43324228161,True,2,9
1052,image1052 26-03-03 10-52-10.fits,2026-03-03 10:52:10,1176.9968475768187,1021.0740003458236,185.33326154060734,256.81394752106377,436.4264792867857,604.7506314661273,153594.77422286783,142151.83645004773,16239.872626913368,26177.53089733325,True,3,10
1053,image1053 26-03-03 10-53-10.fits,2026-03-03 10:53:10,1177.189533710351,1020.9099823480523,184.86654709760512,256.47272884150675,435.3274507610986,603.9471228797673,153470.22069634582,141825.26520540105,16247.314688866289,26168.607715605147,True,2,10
1054,image1054 26-03-03 10-54-10.fits,2026-03-03 10:54:10,1176.2259508097602,1020.1412017779066,186.29045211352994,258.1783227116563,438.6804908348185,607.9634895138774,154279.4261482686,142760.21156945126,16226.383365646752,26169.93300852344,True,3,10
1055,image1055 26-03-03 10-55-12.fits,2026-03-03 10:55:12,1178.0051787444424,1022.7034823979055,183.2797628322893,254.24002899343913,431.5908593659932,598.6895165230002,152240.78040340554,140732.64611912103,16279.378765569843,26212.394769751372,True,2,9
1056,image1056 26-03-03 10-56-12.fits,2026-03-03 10:56:12,1179.297726473417,1025.0206281511082,180.96631849572088,250.7209126018474,426.14311426917857,590.402630703283,150392.47282690922,139133.68958875615,16327.120754246633,26275.65881697626,True,2,9
1057,image1057 26-03-03 10-57-12.fits,2026-03-03 10:57:12,1178.3253956175681,1022.6932751786994,183.48508930642137,254.31658870745173,432.0743662630549,598.8698008721989,152265.76849550926,140846.2378194016,16283.744577599626,26233.939452449085,True,2,9
1058,image1058 26-03-03 10-58-12.fits,2026-03-03 10:58:12,1179.8411802995947,1024.753403012902,180.99151467854227,251.02501826439598,426.20244674554465,591.1187448132598,150563.03973460846,139143.50897548912,16326.085249620886,26270.73220909796,True,2,10
1059,image1059 26-03-03 10-59-12.fits,2026-03-03 10:59:12,1176.4624235333126,1021.0883515075677,186.23724437038948,257.84165052282583,438.55519617472044,607.1706870950151,153948.15382864862,142704.8184711211,16232.405218656022,26196.054087586013,True,2,10
1060,image1060 26-03-03 11-00-12.fits,2026-03-03 11:00:12,1178.0718084326736,1023.1106109303448,183.44088323121704,254.3479822272791,431.9702689110516,598.9437269619724,152178.21933048108,140840.37915110186,16277.934044223359,26211.377428680255,True,2,9
1061,image1061 26-03-03 11-01-12.fits,2026-03-03 11:01:12,1178.6177548498079,1023.9474330455678,182.53761292076356,252.9977371630287,429.84322987791444,595.7641428189715,151490.61373848762,140213.7415517596,16296.903838189392,26240.66908380243,True,2,9
1062,image1062 26-03-03 11-02-12.fits,2026-03-03 11:02:12,1176.7816487860762,1021.2519417250304,185.55872517680461,257.19734874305556,436.9574055767286,605.6534723489629,153657.81734618376,142251.93409082244,16247.420153713249,26197.961004360222,True,2,10
1063,image1063 26-03-03 11-03-12.fits,2026-03-03 11:03:12,1179.2451258823185,1019.3941368949666,183.28877007664482,249.44996363581856,431.6120698055521,587.409774601867,149895.5263320748,134849.48213857703,20487.37601158665,34882.06320113229,True,2,9
1064,image1064 26-03-03 11-04-14.fits,2026-03-03 11:04:14,1176.620575971399,1017.3536988892059,187.19843924720755,256.3454220184698,440.8186371378327,603.6473382210107,153350.75625712334,139163.81398904868,19039.171453257906,32113.358453585173,True,2,10
1065,image1065 26-03-03 11-05-14.fits,2026-03-03 11:05:14,1176.8557972540088,1016.9523813445342,187.46094339147294,256.4546290988532,441.4367871586525,603.9045012429569,153381.30426435664,139036.0995073023,19315.301200615068,32649.13005810837,True,2,10
1066,image1066 26-03-03 11-06-14.fits,2026-03-03 11:06:14,1180.2775318627514,1022.6591281786789,181.6704360886941,248.48142372279185,427.80118449117083,585.1290374002591,149447.20495271767,135462.8303205154,18939.501995003604,31920.043347366536,True,2,10
1067,image1067 26-03-03 11-07-14.fits,2026-03-03 11:07:14,1179.9002246340224,1021.0144602832845,182.26818018354783,248.58654455126978,429.20876426753125,585.3765780343092,149233.29169288633,134565.21848409457,20172.75276233523,34195.959370387514,True,2,10
1068,image1068 26-03-03 11-08-14.fits,2026-03-03 11:08:14,1179.0765189342296,1020.4095475973882,183.58067116313885,250.79089580585202,432.2994443351945,590.5674285548886,150531.8739652092,136174.07336730484,19511.71807380061,33001.320109677115,True,2,9
1069,image1069 26-03-03 11-09-14.fits,2026-03-03 11:09:14,1180.1740440450105,1021.8435046306437,182.01962319840743,248.38548717297056,428.62345729659023,584.9031240896888,149314.41617371075,135125.62366545113,19517.319382756697,32980.422171492064,True,2,10
1070,image1070 26-03-03 11-10-14.fits,2026-03-03 11:10:14,1177.3674566746852,1017.2205727420562,186.44734319271288,254.38350147492008,439.049941092965,599.0273683983019,152210.7282954055,137417.7732605719,20163.25885095615,34242.72874719297,True,2,10
1071,image1071 26-03-03 11-11-14.fits,2026-03-03 11:11:14,1179.30793771046,1021.2907312754621,182.91349649588312,250.11011922135447,430.7283680552039,588.964322207526,150114.20198852837,135942.61528800236,19386.222869150617,32708.690831985416,True,2,9
1072,image1072 26-03-03 11-12-16.fits,2026-03-03 11:12:16,1179.7466953352075,1020.5843733922286,183.1884788951949,249.7143669380339,431.37590212113395,588.032396797896,149807.23117436646,135264.9830047246,20113.55919715371,34111.67199621357,True,2,9
1073,image1073 26-03-03 11-13-16.fits,2026-03-03 11:13:16,1179.3184890401587,1022.3153762028657,182.4634570347264,249.4609484836149,429.6686061110171,587.4356419416494,149882.20987914276,135996.52215734197,18954.705450537127,31958.670215935377,True,2,8
1074,image1074 26-03-03 11-14-16.fits,2026-03-03 11:14:16,1177.0664605526279,1016.5240886999844,187.84613965775708,255.76067610050606,442.3438550477695,602.2703668121397,152851.60125768022,138085.49977908103,20353.094480639673,34683.231016384816,True,3,10
1075,image1075 26-03-03 11-15-16.fits,2026-03-03 11:15:16,1176.934117709737,1019.9554378131306,186.26790124658027,255.8975177161536,438.6273876012926,602.5926041916609,153018.03930045248,139714.7781390745,18054.18694349686,30189.5700860897,True,2,10
1076,image1076 26-03-03 11-16-16.fits,2026-03-03 11:16:16,1179.307743482779,1021.3935479518276,183.17638561827184,249.69825341857924,431.3474246302254,587.9944523592882,149863.30592241875,135545.53992762414,19772.227480365465,33541.74644025477,True,2,9
1077,image1077 26-03-03 11-17-16.fits,2026-03-03 11:17:16,1179.6564308224615,1021.5441287695813,182.9054348596871,249.27452406744416,430.70938435269375,586.9966459895674,149612.9448630397,135255.30966600458,19871.366371473207,33715.83854171912,True,2,10
1078,image1078 26-03-03 11-18-16.fits,2026-03-03 11:18:16,1177.0019289538036,1019.9679971608733,186.71045486925843,256.1290839509262,439.66952174297614,603.1379010030558,153138.19144593438,140039.72642375776,18052.07794189806,30203.062155482625,True,3,10
1079,image1079 26-03-03 11-19-18.fits,2026-03-03 11:19:18,1177.0895442466397,1019.5579941074014,186.73726592429517,255.30093302592974,439.73265695280514,601.1877546045632,152850.99175037353,139195.5525700519,18675.80663784273,31536.079172481248,True,3,10
1080,image1080 26-03-03 11-20-18.fits,2026-03-03 11:20:18,1177.2800404995794,1018.488655665039,186.9619300876831,255.0345574317313,440.2617006281511,600.5604880158377,152569.2072370407,138533.1972258534,19455.958653932357,32963.04736152693,True,2,10
1081,image1081 26-03-03 11-21-18.fits,2026-03-03 11:21:18,1176.2174419029097,1017.310099872749,188.30172999770107,256.3553037739381,443.4166883125921,603.6706079768676,153082.64879955346,138859.08249936192,19925.53196125065,33889.46614694255,True,2,10
1082,image1082 26-03-03 11-22-18.fits,2026-03-03 11:22:18,1176.3291198532718,1019.0122931509005,187.88781244667172,256.7320231315476,442.44198696643804,604.5577142715176,153554.39621502743,140274.09921372554,18475.448797609923,31135.569529642056,True,2,10
1083,image1083 26-03-03 11-23-18.fits,2026-03-03 11:23:18,1179.5868030382994,1026.9138004165486,181.26274129654328,250.6251775016213,426.8411366223594,590.1771917702575,149963.12404727362,139346.8694708589,16333.046194874052,26309.039516083554,True,2,9
1084,image1084 26-03-03 11-24-18.fits,2026-03-03 11:24:18,1178.7333015082318,1026.0609563198827,182.6304143574071,252.33630641465126,430.0617605611303,594.2065924342925,150843.88834380178,140293.6434118423,16310.462229649125,26303.66730834237,True,2,9
1085,image1085 26-03-03 11-25-18.fits,2026-03-03 11:25:18,1178.4326980236015,1025.5618912647085,182.99817325193962,253.20784739190051,430.9277665777139,596.2589145975849,151242.3834866624,140581.2922266104,16293.091200127237,26243.19823083801,True,2,9
1086,image1086 26-03-03 11-26-18.fits,2026-03-03 11:26:18,1177.7559088846356,1023.9260126987174,184.81318881156673,255.22745073871098,435.2018015995669,601.0147170416658,152415.51777728528,141820.49431979976,16262.432655595221,26239.81981191142,True,2,9
1087,image1087 26-03-03 11-27-18.fits,2026-03-03 11:27:18,1179.1090862729657,1025.8146621270894,182.54061792429198,252.4633605818006,429.8503061204585,594.5057821339005,150893.681726426,140215.78083506407,16310.211971203993,26283.90330590856,True,2,9
1088,image1088 26-03-03 11-28-20.fits,2026-03-03 11:28:20,1178.0960914653758,1024.560805706689,183.9478790731521,254.21054367496885,433.16415288238767,598.6200839040323,151871.26685625722,141212.1932397564,16277.744979669807,26251.161462546144,True,2,9
1089,image1089 26-03-03 11-29-20.fits,2026-03-03 11:29:20,1178.525892543402,1026.0219254411907,183.1138449778137,252.8356849389612,431.20015267644555,595.3825389933955,151044.4825055343,140609.2530708522,16306.573050736506,26313.878419279852,True,2,9
1090,image1090 26-03-03 11-30-20.fits,2026-03-03 11:30:20,1176.6503671934775,1022.8441722362152,186.4985695958163,257.2914804421595,439.17057005382776,605.8751355608857,153416.86584137855,142914.43892263924,16239.315165354446,26243.607980900993,True,2,10
1091,image1091 26-03-03 11-31-20.fits,2026-03-03 11:31:20,1176.9221865009717,1023.2771498271001,186.25208400257713,257.05752748907156,438.59014083805687,605.32421845736,153234.85839924804,142778.14421338946,16239.169390202036,26227.492751182617,True,3,10
1092,image1092 26-03-03 11-32-20.fits,2026-03-03 11:32:20,1177.8311745306205,1024.714797452651,184.45101686791838,254.76921078291218,434.34895184691595,599.9356444083166,152035.91194821094,141536.29527071977,16276.999150551674,26263.002821569757,True,3,9
1093,image1093 26-03-03 11-33-20.fits,2026-03-03 11:33:20,1180.0633815765314,1027.9302265809056,180.63642712915774,249.31150445638767,425.36627946651305,587.0837281507245,149254.37493209055,138897.13138887804,16350.803254348291,26353.106045487668,True,2,10
1094,image1094 26-03-03 11-34-20.fits,2026-03-03 11:34:20,1177.5115551089461,1025.1717930528773,184.19297452995923,254.40216066932507,433.7413085770231,599.0713074433108,151824.09063081714,141372.87299452786,16285.074185657208,26279.563080813357,True,2,9
1095,image1095 26-03-03 11-35-20.fits,2026-03-03 11:35:20,1177.2656718215628,1023.941012663627,185.3555789374953,255.89227588209928,436.47903274033035,602.5802606157572,152647.67487909543,142131.6491822114,16266.208012971349,26273.056378009518,True,3,10
1096,image1096 26-03-03 11-36-20.fits,2026-03-03 11:36:20,1179.1990620735394,1026.5693426512948,182.224145591702,251.67740907331847,429.105070727978,592.6550077673045,150457.33993292268,140001.4645090314,16321.138252023196,26314.936092937885,True,3,9
1097,image1097 26-03-03 11-37-22.fits,2026-03-03 11:37:22,1176.6228950894742,1023.3924385211062,186.2575612851878,257.1100747076206,438.6030388529407,605.4479577009098,153219.98572769616,142744.9511657593,16247.746951134375,26252.5483398153,True,2,10
1098,image1098 26-03-03 11-38-22.fits,2026-03-03 11:38:22,1177.0699057607442,1023.86889165897,185.9256678928343,256.31659822030537,437.82148963981336,603.5794633633192,152846.9733641613,142535.2053676065,16254.350619089317,26270.808499832554,True,2,10
1099,image1099 26-03-03 11-39-22.fits,2026-03-03 11:39:22,1178.3208315778973,1025.6545364329218,183.59092781659024,253.59411456122817,432.3235969083368,597.168504270655,151381.2132746029,140951.47811458656,16292.534233515044,26276.880149169385,True,2,9
1100,image1100 26-03-03 11-40-22.fits,2026-03-03 11:40:22,1178.768619745284,1026.764092706187,182.5093903802212,251.83401890315008,429.7767708737236,593.0237957338409,150482.39376317186,140185.63848670095,16320.410868088717,26329.920947798964,True,2,9
1101,image1101 26-03-03 11-41-22.fits,2026-03-03 11:41:22,1179.2498112619783,1027.8651842012475,181.53884920639754,250.61465526558297,427.49132106307576,590.152413797916,149773.11412760545,139519.86739799238,16338.110545810148,26346.140737477257,True,2,9
1102,image1102 26-03-03 11-42-22.fits,2026-03-03 11:42:22,1177.7898798421525,1025.443115796233,184.49456654306044,254.3878981167879,434.45150349489506,599.0377216987031,151739.86861015556,141523.95426920263,16288.464717704092,26312.193172593987,True,2,10
1103,image1103 26-03-03 11-43-22.fits,2026-03-03 11:43:22,1179.5074896352846,1027.2380532840307,181.80223686881786,250.94204628119257,428.111551610157,590.9233607240365,150017.26687289844,139688.18186625134,16333.935408391399,26339.111245259894,True,2,9
1104,image1104 26-03-03 11-44-22.fits,2026-03-03 11:44:22,1178.0339102817793,1025.3657625824185,184.14663730498748,254.29268546992472,433.6321927508285,598.8135130493291,151696.93790019723,141284.42662286706,16291.456184864537,26297.253177667175,True,2,9
1105,image1105 26-03-03 11-45-22.fits,2026-03-03 11:45:22,1178.4447346395464,1026.5566649800492,183.23826004840424,252.85059253960748,431.4931277785761,595.4176437102207,150908.5093498272,140656.36555933382,16312.551537627089,26336.147966270335,True,2,9
1106,image1106 26-03-03 11-46-22.fits,2026-03-03 11:46:22,1178.7485536977654,1027.2574914719053,182.33157280578914,251.5773644592711,429.3580424850922,592.4194207047483,150267.7930403901,140056.82493047146,16324.129957614305,26335.192490409576,True,2,10
1107,image1107 26-03-03 11-47-24.fits,2026-03-03 11:47:24,1177.6665536143114,1025.845424559351,184.2721734731656,254.19279915612464,433.9278078360307,598.5782987553685,151573.68685685535,141374.4750944891,16292.436850447128,26312.862444190076,True,2,10
1108,image1108 26-03-03 11-48-24.fits,2026-03-03 11:48:24,1176.530649306433,1024.3013098594686,186.12097743799,256.5018743338368,438.28140847173194,604.0157552693285,152791.330219274,142635.15459322272,16258.199917887001,26284.92114178969,True,2,10
1109,image1109 26-03-03 11-49-24.fits,2026-03-03 11:49:24,1180.05954976617,1029.3196128610894,180.21916652891332,248.53631191928818,424.3837058410558,585.2582892256042,148626.42553996865,138585.1705140622,16364.76406031948,26378.4440211787,True,2,9
1110,image1110 26-03-03 11-50-24.fits,2026-03-03 11:50:24,1178.7382354445463,1027.3042397742513,182.74876769627858,252.18420822084497,430.3404613759012,593.8484285587044,150479.1998718739,140333.16384070754,16321.473267028961,26337.155697726506,True,2,9
1111,image1111 26-03-03 11-51-24.fits,2026-03-03 11:51:24,1177.6323510834825,1025.9121497058202,184.83220292380867,254.78221949290244,435.2465764122127,599.9662775793618,151783.8573713432,141740.94673810052,16288.372281083834,26324.93114532839,True,2,9
1112,image1112 26-03-03 11-52-24.fits,2026-03-03 11:52:24,1177.698041883461,1026.747936187753,183.67644421955572,253.46924067830778,432.52497264821886,596.8744487480533,151082.31944527192,140937.3585260156,16314.379555475924,26346.58068361745,True,2,10
1113,image1113 26-03-03 11-53-24.fits,2026-03-03 11:53:24,1177.2187955061415,1024.885397618747,185.53322584093704,256.0732946311063,436.8973592294926,603.0065271944453,152452.79260005007,142200.4104548512,16272.657930724343,26291.191709364877,True,2,10
1114,image1114 26-03-03 11-54-24.fits,2026-03-03 11:54:24,1176.6926129219098,1024.5773738589583,186.0943560729815,256.7158310103762,438.2187199477838,604.5195847400116,152781.69793402788,142572.35005204997,16265.547332628015,26300.35922383853,True,3,10
1115,image1115 26-03-03 11-55-24.fits,2026-03-03 11:55:24,1177.1010338377705,1024.9722596008,185.49097368020324,255.82055828987154,436.79786299445084,602.4113785919978,152351.26555120735,142159.99787718337,16276.17973707739,26309.30606003028,True,2,10
1116,image1116 26-03-03 11-56-26.fits,2026-03-03 11:56:26,1178.5107297104198,1027.550739220389,182.52722311389567,251.90924678249397,429.8187637524379,593.2009438520649,150304.64494949343,140138.22448453875,16331.322617638252,26361.625064591008,True,2,9
1117,image1117 26-03-03 11-57-26.fits,2026-03-03 11:57:26,1179.0386529141813,1029.2600272929235,181.13425156873163,249.34750770159349,426.53856643572794,587.1685093142214,148960.28763587188,139149.1985361291,16364.925455193883,26427.868045527586,True,2,9
1118,image1118 26-03-03 11-58-26.fits,2026-03-03 11:58:26,1180.6131415143739,1029.6214903417092,180.04518389881508,248.19187300782954,423.9740080562133,584.4471975726128,148394.306110367,138413.70323107956,16379.319390082264,26409.794164502622,True,2,9
1119,image1119 26-03-03 11-59-26.fits,2026-03-03 11:59:26,1177.6091770229516,1025.9961601650102,184.70521931482656,255.00954807684838,434.94755286439124,600.5015954856461,151805.52736478503,141631.31860159663,16295.037452348799,26319.687865450207,True,3,10
1120,image1120 26-03-03 12-00-26.fits,2026-03-03 12:00:26,1179.5526336420455,1028.6193694063948,181.4551302308133,250.1835507840732,427.29417794122054,589.137240323354,149407.69657312092,139408.20823344975,16353.446770062705,26385.710446000532,True,2,9
1121,image1121 26-03-03 12-01-26.fits,2026-03-03 12:01:26,1178.0294465891302,1026.7463942826312,184.11873152090448,253.84327466727322,433.56647965109755,597.7552314827919,151249.07364672807,141233.90884550114,16308.116293593626,26358.407071752205,True,2,10
1122,image1122 26-03-03 12-02-26.fits,2026-03-03 12:02:26,1176.8596109917582,1025.7434099093173,185.3686568462527,255.67309977743122,436.50982886201933,602.064140331093,152115.85108525972,142071.94984420814,16282.993816917899,26319.530595806016,True,2,10
1123,image1123 26-03-03 12-03-26.fits,2026-03-03 12:03:26,1177.434289195818,1025.8128727225437,185.43774040066205,255.66326011446668,436.6725082007245,602.0409696955078,152077.69878761654,142100.74943306544,16285.725865644887,26326.965075745615,True,3,10
1124,image1124 26-03-03 12-04-26.fits,2026-03-03 12:04:26,1180.1435079703383,1030.376655077691,179.97541575794457,247.7885931727309,423.8097166395869,583.4975461331658,148104.48064075573,138370.19459623686,16385.99543566496,26436.631753388043,True,2,10
1125,image1125 26-03-03 12-05-26.fits,2026-03-03 12:05:26,1176.7039210061223,1025.7531979356847,185.6690728752901,255.80082582784723,437.21725454904526,602.3649121948853,152165.53469082163,142242.94068338015,16286.118387329265,26348.642337660913,True,2,10
1126,image1126 26-03-03 12-06-28.fits,2026-03-03 12:06:28,1179.2896656780713,1028.5730440905172,182.06772723711586,250.89700150274268,428.73673365118776,590.8172883768187,149698.28909018813,139800.03734513733,16350.444940762516,26406.13309565272,True,2,9
1127,image1127 26-03-03 12-07-28.fits,2026-03-03 12:07:28,1177.6215473154853,1026.7774144062546,184.24643726343672,254.13746982501,433.867203693478,598.4480081373815,151318.68661908113,141288.04077613578,16309.39573100331,26360.805439278578,True,2,10
1128,image1128 26-03-03 12-08-28.fits,2026-03-03 12:08:28,1179.8092765641481,1029.9057713415302,180.77053490910856,248.91094432144882,425.6820791549358,586.1404811157303,148633.38408332726,138899.1950150566,16375.161795105178,26434.078158840424,True,2,10
1129,image1129 26-03-03 12-09-28.fits,2026-03-03 12:09:28,1176.8218447284746,1025.8427218636775,185.69641433255129,255.8998740009572,437.28163876066424,602.5981528183482,152166.85780985293,142249.70457193686,16285.73104304528,26346.459570099567,True,2,10
1130,image1130 26-03-03 12-10-28.fits,2026-03-03 12:10:28,1177.0250961568145,1026.5910875421005,185.10032760936713,254.9385646800232,435.87796179633335,600.3344423599378,151669.21319241964,141863.82624342007,16296.038022274552,26362.62084628195,True,2,10
1131,image1131 26-03-03 12-11-28.fits,2026-03-03 12:11:28,1178.7646828579136,1028.7608983140258,182.44657457478675,251.26034896592438,429.6288509559418,591.6729062664301,149777.47415605717,140049.84295178784,16345.224504007962,26403.87109437999,True,2,10
1132,image1132 26-03-03 12-12-28.fits,2026-03-03 12:12:28,1177.942927839916,1027.7249831066852,183.80186406461638,253.28504237668201,432.8203138134124,596.4406948951242,150777.9703297931,140953.67157973096,16324.419756100218,26394.83946804737,True,2,10
1133,image1133 26-03-03 12-13-28.fits,2026-03-03 12:13:28,1178.7748654461998,1028.740708167656,182.76998800311551,251.64305190697652,430.3904313798025,592.5741028233119,149929.88660945228,140255.88373714066,16342.758089191055,26412.706897846478,True,2,10
1134,image1134 26-03-03 12-14-28.fits,2026-03-03 12:14:28,1177.413554721151,1026.808999696952,185.27525462522706,255.1028201587857,436.2898834396978,600.721234453834,151654.40889239722,141951.38111659294,16299.602272747145,26374.961053201016,True,2,10
1135,image1135 26-03-03 12-15-30.fits,2026-03-03 12:15:30,1178.2367072588502,1028.1237207324568,183.99335684919188,253.16038400850292,433.27124486100956,596.1471468709552,150632.63303376467,141065.30942690372,16323.207038915789,26407.271046298403,True,2,10
1136,image1136 26-03-03 12-16-30.fits,2026-03-03 12:16:30,1180.6652650421604,1031.31915477742,180.03275636012833,247.7447689391751,423.94474343900333,583.3943479495305,147842.65312110752,138367.0144112792,16394.839765966168,26460.344827036442,True,2,10
1137,image1137 26-03-03 12-17-30.fits,2026-03-03 12:17:30,1179.3568038093604,1031.2433450853591,180.55431899968596,248.38129135709588,425.1729295973729,584.8932436983619,148129.70415537053,138754.87621901438,16383.408450803981,26449.155338219163,True,2,10
1138,image1138 26-03-03 12-18-30.fits,2026-03-03 12:18:30,1178.2983709765824,1028.1142669181932,183.89446439872214,253.10500156991546,433.03837093634115,596.0167311944268,150626.2276390931,141016.77175141574,16326.068546308514,26406.162105811927,True,2,10
1139,image1139 26-03-03 12-19-30.fits,2026-03-03 12:19:30,1177.422650453767,1028.1654967653478,184.8325808266644,254.2141450357599,435.24746630543245,598.6285644606124,151045.25028407408,141654.67074349627,16312.901565052825,26407.609401348047,True,2,10
1140,image1140 26-03-03 12-20-30.fits,2026-03-03 12:20:30,1176.9821770238786,1026.7939969481317,185.578158379886,255.6149095552418,437.0031672728838,601.9271128294565,151866.19324763335,142159.96134120642,16296.61891048286,26378.270359097303,True,2,10
1141,image1141 26-03-03 12-21-30.fits,2026-03-03 12:21:30,1177.1403414568306,1027.2833179666477,185.1960541864709,255.00603760334928,436.1033806589395,600.4933289522829,151513.74148165615,141899.09815645675,16303.313481455425,26381.148210753814,True,2,10
1142,image1142 26-03-03 12-22-30.fits,2026-03-03 12:22:30,1179.9644091082992,1031.326011541764,180.48906203668125,248.12432525687262,425.01926119281154,584.2881347746627,147995.9882852359,138669.77535261575,16391.36219871341,26472.979511893107,True,2,9
1143,image1143 26-03-03 12-23-30.fits,2026-03-03 12:23:30,1176.9700332012321,1027.0100396418761,185.509742336135,255.38275597648297,436.84205980165723,601.3804329286696,151714.88133845394,142109.1984883041,16298.482753118727,26378.841761910528,True,2,10
1144,image1144 26-03-03 12-24-30.fits,2026-03-03 12:24:30,1180.5445793776646,1031.8785263129728,179.9001620537043,247.29967482756868,423.632507708379,582.3462314135944,147549.85119374207,138275.88221625617,16400.46993590483,26473.76279903413,True,2,9
1145,image1145 26-03-03 12-25-32.fits,2026-03-03 12:25:32,1176.9294395858133,1026.998226787013,185.71107116152356,255.73735667712185,437.31615295532475,602.215453766516,151846.72902497952,142236.3229990697,16295.779113944342,26378.729331838535,True,2,10
1146,image1146 26-03-03 12-26-32.fits,2026-03-03 12:26:32,1177.980597721076,1028.719696983446,183.9381772631483,252.92265470814309,433.14130686571764,595.5873371491767,150463.8258911904,141064.70481624856,16330.831896736527,26428.809820025595,True,2,10
1147,image1147 26-03-03 12-27-32.fits,2026-03-03 12:27:32,1178.2486870959622,1029.1861228824396,183.43352025193636,252.2682527123924,431.9529304198503,594.0463382120748,150074.02316497004,140694.39623709058,16340.187717196446,26433.014441915027,True,3,10
1148,image1148 26-03-03 12-28-32.fits,2026-03-03 12:28:32,1179.8641089456605,1031.9053319126567,180.33278511373155,248.18681002198485,424.6512571620738,584.435275152058,147871.26910150214,138589.7065332195,16395.359537906035,26457.31834310179,True,2,10
1149,image1149 26-03-03 12-29-32.fits,2026-03-03 12:29:32,1179.763068789092,1031.1086151312572,180.9010757370153,248.68776269611115,425.98947931318554,585.6149285507025,148266.64384108168,138976.26747250944,16381.431818890595,26455.921261274656,True,2,10
1150,image1150 26-03-03 12-30-32.fits,2026-03-03 12:30:32,1177.8585413045596,1028.9086548221915,184.15996008813207,253.24010688152742,433.663565507633,596.3348798904009,150500.32926725034,141179.85563717305,16330.265404341817,26430.667514446992,True,2,10
1151,image1151 26-03-03 12-31-32.fits,2026-03-03 12:31:32,1179.959897208176,1031.7442517483769,180.61498837728513,248.03989162953107,425.31579506386294,584.0893087765241,147870.36799335768,138743.03301676773,16394.043870161368,26489.416469698645,True,2,9
1152,image1152 26-03-03 12-32-32.fits,2026-03-03 12:32:32,1177.0735441206346,1027.4754804274967,185.54839619853473,255.18214026753196,436.93308269165396,600.9080190358836,151547.95640126246,142110.57116850963,16304.599984881494,26409.7123637875,True,2,10
1153,image1153 26-03-03 12-33-32.fits,2026-03-03 12:33:32,1180.5642069522296,1032.8355116023051,179.57458250243766,246.87322995393285,422.86582645480416,581.342030477056,147170.10538606488,138064.34461547615,16407.71738106003,26477.66102121234,True,2,10
1154,image1154 26-03-03 12-34-34.fits,2026-03-03 12:34:34,1177.921423599076,1029.1129380177163,183.8794429353938,252.70681004726848,433.0029980933899,595.0790618151364,150253.0287732688,140985.97973548702,16332.908090389865,26434.510501565448,True,2,10
1155,image1155 26-03-03 12-35-34.fits,2026-03-03 12:35:34,1177.3359499932194,1028.2380192778155,185.04833502206392,254.37387586380797,435.7555286095588,599.0047018163094,151091.15113679835,141785.29770701774,16312.861585068174,26420.552891588613,True,2,10
1156,image1156 26-03-03 12-36-34.fits,2026-03-03 12:36:34,1176.631279292765,1027.7129781119227,185.70243218178646,255.35750836995493,437.2958097126712,601.3209793587283,151573.25860634458,142213.99804854635,16303.663999293201,26417.33769089119,True,2,10
1157,image1157 26-03-03 12-37-34.fits,2026-03-03 12:37:34,1179.6743007742791,1031.9069395974425,180.95522266273994,248.49051153430372,426.1169855792587,585.1504375609727,148015.3715681238,138983.59557611393,16391.247931784023,26491.669636612212,True,2,9
1158,image1158 26-03-03 12-38-34.fits,2026-03-03 12:38:34,1179.2844823897383,1031.2065045843142,181.77320982600645,249.51455002786915,428.0431981478967,587.5618639325039,148572.86482379382,139530.95940004822,16377.302060313748,26490.208322293875,True,2,10
1159,image1159 26-03-03 12-39-34.fits,2026-03-03 12:39:34,1178.09565728923,1029.8810384095393,183.53274568672774,251.96005226274323,432.18658846267397,593.3205816153534,149816.76813061917,140732.5992799908,16347.66717911291,26472.973969040082,True,2,10
1160,image1160 26-03-03 12-40-34.fits,2026-03-03 12:40:34,1180.4339262730077,1032.7855731920904,179.95366027105152,247.29902569539703,423.7584863829617,582.3447028241447,147329.78623391065,138309.53737367224,16403.052697735882,26477.78592346623,True,2,9
1161,image1161 26-03-03 12-41-34.fits,2026-03-03 12:41:34,1178.99610736211,1031.2075098045034,182.0980027572726,250.07203492788446,428.8080270529266,588.874640549862,148769.3313203103,139742.26172761418,16374.91282692907,26488.469532833624,True,2,9
1162,image1162 26-03-03 12-42-34.fits,2026-03-03 12:42:34,1180.9075568408598,1033.247387797051,179.60572616600706,246.72402516987458,422.9391641780531,580.9906800607412,146992.00710851126,138053.84505431243,16410.97917504008,26489.204916062663,True,2,10
1163,image1163 26-03-03 12-43-34.fits,2026-03-03 12:43:34,1179.0839620524314,1031.6362380653102,181.82226900124684,249.56815876508946,428.1587236771455,587.688102861499,148477.18168167557,139551.792798179,16379.815920364888,26494.277377281454,True,2,9
1164,image1164 26-03-03 12-44-36.fits,2026-03-03 12:44:36,1177.9671234898456,1029.876410575601,184.14381994266583,252.6747321564142,433.62555836955937,595.0035241547504,150075.9522307948,141133.82481165222,16339.905514373397,26473.663915008547,True,2,10
1165,image1165 26-03-03 12-45-36.fits,2026-03-03 12:45:36,1176.6873520080433,1028.5152980467724,185.63287630238113,254.8384010902166,437.1320181335978,600.098575130879,151193.40956367788,142146.53501748634,16313.743513371894,26448.01328828994,True,3,10
1166,image1166 26-03-03 12-46-36.fits,2026-03-03 12:46:36,1177.7447241301873,1029.7268470098338,184.14864641404682,252.84907038693285,433.6369238411141,595.4140593145909,150179.7335027551,141155.6820580756,16337.342686286902,26460.85103842231,True,2,10
1167,image1167 26-03-03 12-47-36.fits,2026-03-03 12:47:36,1179.9492831429914,1031.6600651926085,182.12230764586675,249.9904817838093,428.86526069178035,588.6825975714585,148638.5920474413,139775.28756639245,16370.001269556447,26478.364278417594,True,2,9
1168,image1168 26-03-03 12-48-36.fits,2026-03-03 12:48:36,1179.3804481037268,1032.765986266692,181.18847040287378,248.433761912658,426.66624203318406,585.0168024143735,147804.97774775958,139111.98060138666,16396.097625250684,26525.07268488469,True,2,10
1169,image1169 26-03-03 12-49-36.fits,2026-03-03 12:49:36,1176.6896420881728,1029.2534714842193,185.23629276644502,254.28096683771443,436.1981352736462,598.7859177793,150835.55073695822,141892.09212456553,16322.868804682526,26459.60395057742,True,2,10
1170,image1170 26-03-03 12-50-36.fits,2026-03-03 12:50:36,1179.491378448814,1031.5887029729884,181.91245863276964,249.57604491181658,428.3711040293093,587.7066733178901,148494.10120325233,139616.48152870423,16377.096672890564,26492.880088320573,True,2,9
1171,image1171 26-03-03 12-51-36.fits,2026-03-03 12:51:36,1177.9770083572637,1030.0153134884654,184.58582580539064,253.14146885028086,434.66640263512494,596.102605077219,150222.702739091,141438.33196541775,16333.333892973118,26472.070224094197,True,2,10
1172,image1172 26-03-03 12-52-36.fits,2026-03-03 12:52:36,1178.0888713474435,1030.9483016390918,183.61057523560942,252.06955351826912,432.3698630444763,593.5784373668217,149594.24713607738,140781.17709917945,16351.830468949871,26477.020716380062,True,2,10
1173,image1173 26-03-03 12-53-38.fits,2026-03-03 12:53:38,1176.478242151667,1029.2850829717268,185.63805690259744,254.455529037419,437.14421751483246,599.1969803462691,150887.36475124984,142134.6021614007,16322.847088565679,26481.64276180328,True,2,10
1174,image1174 26-03-03 12-54-38.fits,2026-03-03 12:54:38,1178.53338912144,1031.4879860332544,182.83181111848018,250.80394071433128,430.53601369110953,590.5981469668611,148989.25120019945,140209.05434486712,16372.963669711573,26517.528396767888,True,2,10
1175,image1175 26-03-03 12-55-38.fits,2026-03-03 12:55:38,1177.4140924677322,1029.7379752528575,185.51234444652897,254.36006218022084,436.84818730337236,598.9721730773027,150718.2375943662,142034.48260068987,16322.823753052067,26473.82489447181,True,2,10
1176,image1176 26-03-03 12-56-38.fits,2026-03-03 12:56:38,1180.7192218060525,1033.9258805916961,179.55939088146138,246.38611446976614,422.8300529212127,580.1949611706954,146742.32299653513,138012.86662834423,16420.5724935869,26525.134511724445,True,2,10
1177,image1177 26-03-03 12-57-38.fits,2026-03-03 12:57:38,1179.7468900310703,1033.054383560633,181.0602773857769,248.3737822250341,426.3643705468914,584.875561043662,147699.7907512313,139036.16853950967,16396.631824752814,26511.992618301538,True,2,10
1178,image1178 26-03-03 12-58-38.fits,2026-03-03 12:58:38,1179.2496220324915,1031.6032882373693,182.48935884797453,250.4238262806308,429.72960022005645,589.7030458789777,148815.29988227034,140009.03134445206,16371.265571634203,26493.566847554634,True,2,10
1179,image1179 26-03-03 12-59-38.fits,2026-03-03 12:59:38,1180.0803446734699,1031.853332702503,182.04953967714522,249.17716690211842,428.6939052203987,586.7673873851309,148284.5452669885,139709.7134109123,16374.239152857173,26500.49753531443,True,2,10
1180,image1180 26-03-03 13-00-38.fits,2026-03-03 13:00:38,1178.061357074419,1030.6244927357568,184.0839417272731,252.38220190534946,433.4845559476919,594.3146680557652,149794.17915606673,141083.15887232628,16346.3589804807,26491.39329753693,True,2,10
1181,image1181 26-03-03 13-01-38.fits,2026-03-03 13:01:38,1180.2097893287312,1034.5593342231227,179.5289374505848,246.205965022151,422.7583405717446,579.7707416403499,146522.13910290602,137993.26688550913,16422.450156762145,26527.84366605189,True,2,9
1182,image1182 26-03-03 13-02-38.fits,2026-03-03 13:02:38,1180.571972816957,1034.31327895928,179.75054079822644,246.48983880564458,423.2801765768171,580.4392133159794,146693.2491070484,138137.14140834246,16423.885196667346,26538.93552707969,True,2,10
1183,image1183 26-03-03 13-03-40.fits,2026-03-03 13:03:40,1179.4987992920644,1032.4354079096802,182.2067251727137,249.7968507490243,429.0640487761515,588.2266313294067,148400.906816657,139796.2052137327,16382.945587564876,26525.727584568012,True,2,9
1184,image1184 26-03-03 13-04-40.fits,2026-03-03 13:04:40,1178.741432156173,1032.0160375145613,182.78565112598457,250.2767876460013,430.4273152155024,589.3567963547581,148696.771638426,140191.07054881222,16373.873798318727,26531.18668406127,True,2,9
1185,image1185 26-03-03 13-05-40.fits,2026-03-03 13:05:40,1178.724299845579,1031.4456338684,183.5357792663092,251.43444369509973,432.1937319966806,592.0828680244265,149243.2590391087,140677.05058111716,16362.911859140357,26524.566803331603,True,2,10
1186,image1186 26-03-03 13-06-40.fits,2026-03-03 13:06:40,1177.2424109134208,1030.2482478411348,185.48851179961713,254.22048650024624,436.7920657086982,598.6434974682996,150586.66103544278,142027.78384161415,16329.38022415508,26497.128459593896,True,2,10
1187,image1187 26-03-03 13-07-40.fits,2026-03-03 13:07:40,1179.3001425502573,1032.882559238355,181.94815010772405,249.13668692006786,428.45515102996865,586.6720643119758,148058.72620660707,139585.51279760385,16407.116370543677,26582.769253598744,True,2,10
1188,image1188 26-03-03 13-08-40.fits,2026-03-03 13:08:40,1178.203178610801,1031.6741355867043,183.6412752112596,251.3515899447705,432.4421559625193,591.8877623523451,149198.60123829945,140738.6295876448,16377.464467326878,26572.087701588724,True,2,10
1189,image1189 26-03-03 13-09-40.fits,2026-03-03 13:09:40,1179.2757596731108,1032.297570057126,182.89875130265045,250.31971983533697,430.69364577861177,589.4578939347829,148669.61568521635,140237.61071234936,16394.556389914684,26588.141727956205,True,2,9
1190,image1190 26-03-03 13-10-40.fits,2026-03-03 13:10:40,1177.660518563185,1030.245655637195,185.4260683754647,254.03358412334475,436.64502268182366,598.2033760047082,150518.77766593566,141963.1132532272,16346.312935823784,26534.241116143712,True,2,10
1191,image1191 26-03-03 13-11-40.fits,2026-03-03 13:11:40,1179.881647336468,1033.8021651932236,181.04293412493584,247.8898025002818,426.3235302886166,583.7358758864267,147364.62229144978,138984.10326851986,16419.62819780014,26579.516595164754,True,2,9
1192,image1192 26-03-03 13-12-42.fits,2026-03-03 13:12:42,1181.008794330294,1035.0078981575807,179.57233180318653,245.97665260559475,422.8605264630923,579.2307521652688,146369.2862695388,137991.0120215949,16446.30903962338,26597.610405789223,True,2,9
1193,image1193 26-03-03 13-13-42.fits,2026-03-03 13:13:42,1179.936434956865,1034.2258259678104,180.87050570954017,247.5486209713322,425.91749239970994,582.9324547830619,147174.60349243073,138873.716231497,16422.645032193115,26594.59408667906,True,2,10
1194,image1194 26-03-03 13-14-42.fits,2026-03-03 13:14:42,1180.0284517344153,1034.1526536217693,181.3027564196221,247.77484901167236,426.9353650362898,583.465181107203,147279.86518213604,139153.23900818723,16421.128909411473,26611.35087774774,True,2,9
1195,image1195 26-03-03 13-15-42.fits,2026-03-03 13:15:42,1179.0930052929184,1033.3201068046433,182.1629748228109,249.11845433504553,428.96102457522323,586.6291298552924,147968.4898529168,139730.84265892868,16406.762342661714,26597.84206231965,True,2,9
1196,image1196 26-03-03 13-16-42.fits,2026-03-03 13:16:42,1179.5569801274676,1033.442045587703,182.11979537833432,249.01423061457322,428.85934475383647,586.3837017491566,147902.97530534002,139697.9639229437,16410.582558409056,26606.164134519564,True,2,9
1197,image1197 26-03-03 13-17-42.fits,2026-03-03 13:17:42,1178.5772861777543,1032.7017156750312,183.29136535332484,251.22726630258327,431.61818121510055,591.5950025476515,148935.87338401368,140550.28357367936,16382.914948970092,26559.4147349655,True,2,10
1198,image1198 26-03-03 13-18-42.fits,2026-03-03 13:18:42,1180.56545492015,1036.03152435244,179.38486055437448,245.58864972422913,422.41906540852267,578.3170752026992,145978.71824216383,137847.1309275172,16450.46349261063,26608.069039825077,True,3,9
1199,image1199 26-03-03 13-19-42.fits,2026-03-03 13:19:42,1179.2498723470587,1033.4307409650241,182.21859965545187,249.18075574507898,429.0920110461277,586.7758384644728,147985.49411934704,139776.7023789766,16403.004481590517,26597.09204093967,True,2,9
1200,image1200 26-03-03 13-20-42.fits,2026-03-03 13:20:42,1178.428824866565,1032.3109828373722,183.93483652036807,251.48535887396855,433.1334400176534,592.202764108223,149122.17468283948,140941.76568266022,16368.632711223892,26573.89954623741,True,1,10
1201,image1201 26-03-03 13-21-42.fits,2026-03-03 13:21:42,1180.9490188954655,1036.3713110382107,179.40204455471215,245.4903537125666,422.45953063697164,578.0856057840897,145846.35658445134,137848.21474835378,16451.623225086576,26610.40240105363,True,2,10
1202,image1202 26-03-03 13-22-44.fits,2026-03-03 13:22:44,1178.6501344666283,1033.3085357084574,182.8935457663454,250.18493092631468,430.6813876773755,589.1404903099693,148383.3465629983,140236.58965144976,16395.673693352823,26591.30458670519,True,2,10
1203,image1203 26-03-03 13-23-44.fits,2026-03-03 13:23:44,1180.2246036502959,1035.320306420333,180.2787455385198,246.73270465366065,424.52400368714024,581.011118683141,146583.9230289571,138432.00730085603,16446.790787286798,26629.185205175163,True,2,10
1204,image1204 26-03-03 13-24-44.fits,2026-03-03 13:24:44,1180.198303182787,1035.4735999489515,180.25284544860583,246.50878276422824,424.4630136362427,580.4838229293845,146464.15047164712,138413.5683124259,16447.08578631797,26632.642018994604,True,2,9
1205,image1205 26-03-03 13-25-44.fits,2026-03-03 13:25:44,1178.3267143648375,1032.4786201628092,183.94049979904108,251.5233735951399,433.1467760197932,592.2922819356436,149077.04670721496,140934.10380401192,16377.052413874435,26583.881468070842,True,2,10
1206,image1206 26-03-03 13-26-44.fits,2026-03-03 13:26:44,1180.5019733984907,1036.2357121305859,179.93150947067863,245.90094211576735,423.7063252342301,579.0524675862041,146075.63484373683,138202.45055569688,16449.7831497911,26638.70717950701,True,2,10
1207,image1207 26-03-03 13-27-44.fits,2026-03-03 13:27:44,1180.6509668221327,1036.66707370098,179.51923748454522,245.4013565294246,422.73549889727843,577.8760334332757,145786.36160779014,137915.6038412414,16460.858076882865,26651.439113409895,True,2,10
1208,image1208 26-03-03 13-28-44.fits,2026-03-03 13:28:44,1177.681405021712,1031.6746888793557,185.17192715301485,253.1135091722367,436.0465658369301,596.0367650669081,149877.43354143156,141797.49330900304,16354.627165204583,26564.3453271798,True,3,10
1209,image1209 26-03-03 13-29-44.fits,2026-03-03 13:29:44,1177.9620643094615,1032.6695945466859,184.27482066268504,251.79007450504417,433.9340414909741,592.9203145843142,149128.34436770508,141142.6077251903,16378.305408543767,26600.057743213772,True,2,10
1210,image1210 26-03-03 13-30-44.fits,2026-03-03 13:30:44,1179.7694284366203,1034.9032807310305,181.41313360870777,247.8271209049285,427.19528345366285,583.5882720092343,147129.01023017638,139229.67263747036,16424.780856432684,26621.933624618807,True,2,9
1211,image1211 26-03-03 13-31-44.fits,2026-03-03 13:31:44,1177.8260174733425,1032.7336772550332,183.8206600599622,251.38104485282622,432.864575000019,591.9571233602593,148986.93563954148,140869.78966461075,16380.955815804218,26589.844247240937,True,2,10
1212,image1212 26-03-03 13-32-46.fits,2026-03-03 13:32:46,1176.6380761156845,1031.9232773018016,185.34381581367325,253.3529160254099,436.45133270056203,596.600525123678,149865.52413636353,141839.96644335354,16360.446448260269,26589.465559783876,True,3,10
1213,image1213 26-03-03 13-33-46.fits,2026-03-03 13:33:46,1179.2212846477457,1033.9065884285087,182.64989439941115,249.48766864278068,430.1076325545195,587.4985631080593,147985.6398653875,140064.1265224156,16401.923760478843,26607.460198521796,True,2,9
1214,image1214 26-03-03 13-34-46.fits,2026-03-03 13:34:46,1177.2444941909246,1031.878334680447,185.39223495069777,253.47014951249045,436.56535105499046,596.8765888890042,149942.76602281808,141917.38376033245,16358.556970319472,26577.3033417582,True,2,10
1215,image1215 26-03-03 13-35-46.fits,2026-03-03 13:35:46,1180.4509863574303,1036.5385942242233,180.08041295321772,246.12890870549379,424.0569661396881,579.5892878812892,146095.64228750425,138322.91628210718,16441.886572533247,26622.643524374955,True,2,10
1216,image1216 26-03-03 13-36-46.fits,2026-03-03 13:36:46,1179.664315968033,1035.3774490256649,180.93222048857425,247.2883782603411,426.06281959845404,582.3196300306469,146817.28532423367,138911.45517686746,16427.90627582309,26614.914298643365,True,3,9
1217,image1217 26-03-03 13-37-46.fits,2026-03-03 13:37:46,1178.966346573124,1034.1411544831296,182.8264871626941,249.60147326192273,430.5234767333056,587.7665525064322,147989.18029446024,140182.68875529437,16398.634440503836,26613.55215916017,True,2,9
1218,image1218 26-03-03 13-38-46.fits,2026-03-03 13:38:46,1179.7243779722053,1035.2429537111552,181.38638429442977,247.6339387765045,427.1322936322102,583.1333628608796,146974.4527227069,139210.3468269411,16422.701943356806,26620.255606983595,True,2,10
1219,image1219 26-03-03 13-39-46.fits,2026-03-03 13:39:46,1178.3819458781495,1033.6578985832725,183.81972521104612,250.84973361586486,432.8623735990524,590.7059810093125,148571.86273284766,140820.80257604577,16395.301130405795,26640.549418635306,True,2,10
1220,image1220 26-03-03 13-40-46.fits,2026-03-03 13:40:46,1181.2526379356627,1037.4173405404588,179.28077139120032,244.98459699574195,422.17395416060964,576.894639729402,145430.12453095184,137731.11028055626,16467.72325275928,26660.154065444207,True,2,9
1221,image1221 26-03-03 13-41-48.fits,2026-03-03 13:41:48,1180.3722075969933,1036.5120431180683,180.3126794797782,246.32430498941508,424.60391201222245,580.0494109673917,146156.9441629211,138470.12972437456,16442.885928549735,26627.076972849987,True,2,9
1222,image1222 26-03-03 13-42-48.fits,2026-03-03 13:42:48,1177.4693743555092,1033.7075585526204,184.34521422579365,251.58884699012538,434.0998056644234,592.4464599985716,148839.39676391974,141188.15066934982,16385.17255249055,26629.203813834698,True,2,10
1223,image1223 26-03-03 13-43-48.fits,2026-03-03 13:43:48,1178.94843476984,1034.5995913179063,182.832443761968,249.4775804918521,430.537503452676,587.4748073280355,147832.79421677403,140167.22228515148,16411.00746361709,26642.268048199337,True,2,9
1224,image1224 26-03-03 13-44-48.fits,2026-03-03 13:44:48,1178.5146056882413,1034.9792633749755,182.54363233278065,249.23016028356068,429.85740450999157,586.892177262005,147645.5818758776,139989.1289405897,16408.43172831482,26622.263123162156,True,3,9
1225,image1225 26-03-03 13-45-48.fits,2026-03-03 13:45:48,1177.9690287896642,1032.9839628844827,184.98051485415908,252.40443877180138,435.59582431871905,594.3670318746248,149304.17240108078,141633.7858121784,16368.099315228643,26603.16638266611,True,2,10
1226,image1226 26-03-03 13-46-48.fits,2026-03-03 13:46:48,1179.7319191569131,1034.7000253557778,181.41710055807096,248.00195220125033,427.2046249055409,583.9999682503117,147210.76114793654,139232.01569197953,16418.302161421543,26597.35304010421,True,1,9
1227,image1227 26-03-03 13-47-48.fits,2026-03-03 13:47:48,1178.6454191612354,1034.6443957944691,182.91257662247875,249.6070581033238,430.7262019188724,587.7797038029117,147861.06538170896,140224.3780414808,16406.13302115631,26630.72448848598,True,2,9
1228,image1228 26-03-03 13-48-48.fits,2026-03-03 13:48:48,1178.9851157723358,1034.9762940935098,182.88089806427894,249.43113687267765,430.6516046150258,587.3654409626397,147769.7543118903,140233.95398554916,16403.401804329456,26635.572501592127,True,2,9
1229,image1229 26-03-03 13-49-48.fits,2026-03-03 13:49:48,1179.9688453137103,1036.9459908418132,180.78811904584822,246.49504166259496,425.72348663260493,580.4514651078176,146160.44356350624,138788.4665711786,16442.3543576628,26658.41214856353,True,1,9
1230,image1230 26-03-03 13-50-48.fits,2026-03-03 13:50:48,1178.8154383746758,1034.5152312651132,183.36635770925147,250.09128512110757,431.7947747180607,588.9199712907346,148088.35102104823,140513.01903030355,16406.141524348666,26653.57245636535,True,3,10
1231,image1231 26-03-03 13-51-50.fits,2026-03-03 13:51:50,1177.7877552469843,1033.180671868097,185.30711370373632,252.69066001797646,436.3649058363876,595.0410314024316,149377.69491171435,141822.63257385723,16373.346049309177,26637.173014541597,True,2,10
1232,image1232 26-03-03 13-52-50.fits,2026-03-03 13:52:50,1181.1628623349554,1037.5417043481511,179.6311885058425,245.17350264691584,422.99912340629095,577.3394785434059,145503.47801581456,138005.79601367985,16451.90766681133,26642.491924154943,True,2,10
1233,image1233 26-03-03 13-53-50.fits,2026-03-03 13:53:50,1177.3381355294641,1033.1603593156296,185.31835598267443,252.9829587608869,436.3913793801829,595.7293423413745,149485.20416893947,141857.1997075572,16365.701949432034,26607.59171093937,True,1,10
1234,image1234 26-03-03 13-54-50.fits,2026-03-03 13:54:50,1177.5262748069426,1033.401033464289,185.40291410151792,252.72508279953186,436.59049853340565,595.122090858444,149343.67558229197,141910.20862910035,16366.537673872617,26622.306875776143,True,2,10
1235,image1235 26-03-03 13-55-50.fits,2026-03-03 13:55:50,1179.7870086385417,1036.8481542279771,181.39630992513176,247.36120010870405,427.15566670634684,582.4911123788881,146511.34884630935,139223.26293765425,16428.44979866026,26637.978414287692,True,2,9
1236,image1236 26-03-03 13-56-50.fits,2026-03-03 13:56:50,1178.6232004983533,1035.143625967398,183.88394196070635,250.47769023820197,433.013592488379,589.829885805971,148092.75673080253,140854.31971777146,16404.680371811595,26671.410672480364,True,2,10
1237,image1237 26-03-03 13-57-50.fits,2026-03-03 13:57:50,1178.8040008299,1034.6102004914205,183.72431894514398,250.33655733082963,432.6377090116844,589.497543206677,148175.1187482093,140763.5001537406,16398.044025807983,26653.780087410465,True,2,10
1238,image1238 26-03-03 13-58-50.fits,2026-03-03 13:58:50,1179.8249158680453,1036.3957405482915,182.0746772187267,248.02064149211444,428.75309960719756,584.0439781670658,146899.5313332723,139684.91582085317,16420.217183833276,26652.243909953682,True,2,9
1239,image1239 26-03-03 13-59-50.fits,2026-03-03 13:59:50,1180.7288784628072,1038.5694346936043,179.45148737182168,244.82586180359687,422.57595957378396,576.5208469170869,145132.8606351544,137891.41604173303,16467.061655440502,26663.229089877113,True,2,9
1240,image1240 26-03-03 14-00-50.fits,2026-03-03 14:00:50,1177.5874717770635,1033.5501647969008,185.50562896134971,252.7213924177348,436.8323735442601,595.1134006734145,149324.35805008598,141974.40014541856,16368.52520535537,26638.144305227663,True,2,10
1241,image1241 26-03-03 14-01-52.fits,2026-03-03 14:01:52,1178.999071585798,1035.1701249908792,183.58026388479936,249.80131918911897,432.2984852679968,588.2371537017117,147879.30189007265,140695.75232137958,16397.08773112789,26657.20102929505,True,2,9
1242,image1242 26-03-03 14-02-52.fits,2026-03-03 14:02:52,1179.5138876452138,1036.2199479809835,182.5891583815445,248.39265132438348,429.9646101621918,584.9199943770416,147084.40940229807,139990.50842118677,16427.172895905253,26695.305684819752,True,2,9
1243,image1243 26-03-03 14-03-52.fits,2026-03-03 14:03:52,1177.5855394904693,1034.2457904081334,184.9630508135054,251.99689754038195,435.5546996457205,593.4073456137018,148899.51490809993,141621.33306855158,16381.33385245666,26647.353271240467,True,2,10
1244,image1244 26-03-03 14-04-52.fits,2026-03-03 14:04:52,1180.4410326287687,1038.017198385485,180.7933414160162,245.98676561201464,425.7357843745591,579.2545664755019,145753.86269198527,138803.24843285928,16453.0426839796,26692.799880741324,True,1,9
1245,image1245 26-03-03 14-05-52.fits,2026-03-03 14:05:52,1177.5709504034837,1034.1935766135161,185.14679824708995,252.1846626454333,435.9873917855484,593.849498646834,149000.59622884428,141765.61350098992,16368.339170688192,26629.91673838355,True,1,10
1246,image1246 26-03-03 14-06-52.fits,2026-03-03 14:06:52,1177.2615702305327,1034.552658782468,185.3929989114955,252.22451568170632,436.5671500451906,593.943345375505,148932.5236059725,141919.1217104023,16371.583653468228,26649.761413846823,True,2,10
1247,image1247 26-03-03 14-07-52.fits,2026-03-03 14:07:52,1177.9318748929238,1034.9534863122128,184.46372671262085,251.2851182676182,434.3788812439906,591.7312335145601,148475.4743145834,141276.63720356073,16396.476181101618,26669.64790020358,True,1,10
1248,image1248 26-03-03 14-08-52.fits,2026-03-03 14:08:52,1179.8032865928121,1037.5397928749749,181.5018376832728,246.9529884264047,427.4041655865245,581.5298473267937,146258.4651658702,139281.33371242744,16446.068888571932,26705.2738007341,True,2,9
1249,image1249 26-03-03 14-09-52.fits,2026-03-03 14:09:52,1180.2348091580147,1037.270378840073,181.54608811379504,247.03390739036925,427.50836738731954,581.7203969251607,146316.1184062775,139319.49647383144,16431.323670371545,26665.447114727413,True,2,9
1250,image1250 26-03-03 14-10-54.fits,2026-03-03 14:10:54,1181.3063103883894,1039.4190261319172,179.33093064315335,244.29145279563517,422.2920701725524,575.2624098728936,144762.93778453392,137788.448025756,16477.6003339405,26703.501919591177,True,2,10
1251,image1251 26-03-03 14-11-54.fits,2026-03-03 14:11:54,1177.8388690709983,1034.9280206088451,185.16833353852107,251.91780400075868,436.03810352148605,593.2210945611644,148738.75254450066,141770.74644494738,16376.221838637977,26655.506413948242,True,3,10
1252,image1252 26-03-03 14-12-54.fits,2026-03-03 14:12:54,1180.166262572634,1037.8438642889787,181.30174485080707,246.7009039426087,426.9329829737672,580.9362337313097,146067.7404514602,139156.10594560788,16437.178391576403,26674.31558095217,True,1,9
1253,image1253 26-03-03 14-13-54.fits,2026-03-03 14:13:54,1180.3370319115738,1037.6904263756312,181.63998071984108,247.0181839951756,427.72946757811695,581.6833711589827,146243.20143806905,139380.44539790982,16441.566473907842,26698.607294502974,True,2,9
1254,image1254 26-03-03 14-14-54.fits,2026-03-03 14:14:54,1181.0228037322897,1039.245927191811,179.7641320128483,244.74936417640117,423.312181441445,576.3407087711693,144973.72225599206,138100.65854963928,16468.34036010111,26690.044427003388,True,2,9
1255,image1255 26-03-03 14-15-54.fits,2026-03-03 14:15:54,1178.1414362884962,1034.9783007017431,184.94528750529108,251.66809193592414,435.5128702514714,592.633067585406,148629.19477434162,141614.7416598153,16384.83540868929,26664.93377154705,True,2,10
1256,image1256 26-03-03 14-16-54.fits,2026-03-03 14:16:54,1179.6833812013397,1037.8564706169861,181.77039298245532,247.07850643220505,428.0365649882388,581.8254196428647,146222.05842078797,139467.10642472657,16436.299910709346,26693.19127545074,True,1,9
1257,image1257 26-03-03 14-17-54.fits,2026-03-03 14:17:54,1180.9785912147108,1039.6543752736027,179.6771511269939,244.52815617488096,423.10735710790044,575.8198037350681,144834.30824825203,138055.77588562373,16475.94534348513,26711.764569012506,True,2,9
1258,image1258 26-03-03 14-18-54.fits,2026-03-03 14:18:54,1179.7623635145667,1037.9161265497523,181.68242116198246,247.0161792185255,427.8294071819914,581.6786502707413,146213.10890790747,139415.0921845848,16441.00317415623,26706.047415296718,True,2,9
1259,image1259 26-03-03 14-19-54.fits,2026-03-03 14:19:54,1180.3972482244103,1038.6446864405348,180.91184622500114,245.80707125523625,426.01484187418936,578.8314186021812,145565.39480825458,138890.00249112575,16456.25018066528,26712.762542804907,True,2,9
1260,image1260 26-03-03 14-20-56.fits,2026-03-03 14:20:56,1180.2052006912577,1038.993754426856,181.01973282381152,245.83513679656895,426.2688953996583,578.897507901486,145496.58593377666,138980.27520851378,16450.249468646292,26701.40141993553,True,1,9
1261,image1261 26-03-03 14-21-56.fits,2026-03-03 14:21:56,1178.1634882654735,1035.9457909608889,184.45349949626961,250.76247167730955,434.3547979899218,590.5004948472342,148080.79215701055,141305.3840762877,16389.84778677605,26666.137498373402,True,2,10
1262,image1262 26-03-03 14-22-56.fits,2026-03-03 14:22:56,1178.7662280375948,1036.545200400152,183.76462809709568,249.69414649392093,432.7326298106985,587.9847812907793,147537.8746686228,140800.8193231177,16412.15070721721,26706.421603315903,True,3,9
1263,image1263 26-03-03 14-23-56.fits,2026-03-03 14:23:56,1178.6123743615042,1036.5760662262287,183.82117962059897,249.62000649971438,432.8657984718211,587.8101949462833,147527.9491338633,140856.432573233,16406.576434993844,26703.563137165223,True,1,10
1264,image1264 26-03-03 14-24-56.fits,2026-03-03 14:24:56,1178.2936763930065,1036.1957235071336,184.33103922894102,250.35780413102165,434.0664260976966,589.547575597662,147887.20686889262,141195.83729997452,16402.880064090627,26705.411320612086,True,2,10
1265,image1265 26-03-03 14-25-56.fits,2026-03-03 14:25:56,1180.7080734157412,1039.566816378402,180.27086410648235,244.92309851434402,424.5054443329949,576.7498218726672,145036.94879829398,138462.0561170108,16467.786527725093,26726.02406928967,True,2,9
1266,image1266 26-03-03 14-26-56.fits,2026-03-03 14:26:56,1180.2192721293643,1038.7078247428421,181.26099061651,246.1115724582596,426.8370140859246,579.5484641387966,145687.50019128274,139124.52083462322,16457.159000090796,26732.008384686455,True,2,9
1267,image1267 26-03-03 14-27-56.fits,2026-03-03 14:27:56,1179.7022046628279,1037.616311453634,182.43154599269866,247.69235631423214,429.59346134959236,583.2709256497021,146567.0910509237,139925.09497988387,16433.187328380445,26721.68987162565,True,2,9
1268,image1268 26-03-03 14-28-56.fits,2026-03-03 14:28:56,1180.8832628687792,1040.2209819582113,179.74335888943205,244.23598346742173,423.26326447402647,575.1317895869322,144597.52425878283,138105.01243467102,16475.725920537254,26719.287108482073,True,2,8
1269,image1269 26-03-03 14-29-56.fits,2026-03-03 14:29:56,1180.3007602277316,1039.4278897680608,180.56066558861693,245.46109357820976,425.1878746722051,578.016703433186,145255.11733822487,138661.32467960435,16457.177013814548,26704.53640106294,True,2,9
1270,image1270 26-03-03 14-30-58.fits,2026-03-03 14:30:58,1178.6443274910878,1032.1905113298424,185.929928429189,248.7690790902071,437.831522436224,585.8064140255093,147162.26652801852,136971.49716311728,19979.93728350193,34170.65213119227,True,2,10
1271,image1271 26-03-03 14-31-58.fits,2026-03-03 14:31:58,1178.4203409555296,1031.0497425991216,186.62004739417586,249.94969911779995,439.4566284084311,588.58656173205,147737.69227867384,137355.06497130974,20088.739788804276,34342.79905450175,True,3,10
1272,image1272 26-03-03 14-32-58.fits,2026-03-03 14:32:58,1178.5090364098803,1032.8184520175691,185.48756790939157,248.5037320150414,436.78984301707476,585.1815694140188,147069.64168049893,137188.4177896348,19592.8060828122,33394.075909261526,True,2,9
1273,image1273 26-03-03 14-33-58.fits,2026-03-03 14:33:58,1178.990082652057,1034.5904541347136,184.71734452747344,248.8247560616133,434.9761055581824,585.9375232738232,147207.71185359563,138334.40900370126,18271.995710425697,30763.47455517108,True,2,9
1274,image1274 26-03-03 14-34-58.fits,2026-03-03 14:34:58,1179.1471389189028,1035.0849883618282,184.60032298392647,248.26206042192393,434.70054088173754,584.6124763022311,147001.34410585059,138341.07188101968,18165.32948373003,30607.389208051434,True,1,9
1275,image1275 26-03-03 14-35-58.fits,2026-03-03 14:35:58,1180.5036309307488,1036.7714659635212,181.82619045373454,243.8772397611681,428.16795799206915,574.2870127164175,144860.8109158073,135650.74763808274,18817.03032223212,31868.357450818366,True,2,9
1276,image1276 26-03-03 14-36-58.fits,2026-03-03 14:36:58,1180.7647364757856,1037.7178802034637,181.36940861377627,243.39038745621028,427.0923189591293,573.1405631497333,144433.10723613185,135823.67419184765,18563.732019238618,31257.09682915261,True,2,9
1277,image1277 26-03-03 14-38-00.fits,2026-03-03 14:38:00,1178.7645503965846,1035.1454516767621,184.38449436869033,248.13183373898764,434.1923033322882,584.3058158988549,146882.60667101675,138156.8335570978,18223.735498594626,30687.559124265925,True,2,9
1278,image1278 26-03-03 14-39-00.fits,2026-03-03 14:39:00,1180.4335370538295,1034.1189749941857,183.05276827980208,244.32273795450112,431.0563280436835,575.3360807921032,144868.56270730734,134575.87560175767,20503.725663720383,35046.936756757976,True,1,9
1279,image1279 26-03-03 14-40-00.fits,2026-03-03 14:40:00,1179.5706804344363,1036.2659967086847,183.51896046773402,246.64348842678635,432.1541267526624,580.8010305237555,146144.175112082,137640.2161836979,18183.218491855292,30611.06265587343,True,2,10
1280,image1280 26-03-03 14-41-00.fits,2026-03-03 14:41:00,1178.4332715715,1033.9546425286946,185.8727160209733,249.69257267168945,437.69679751053314,587.9810752226414,147702.1983925405,138788.0247989536,18544.266214024752,31367.95732018825,True,2,10
1281,image1281 26-03-03 14-42-00.fits,2026-03-03 14:42:00,1178.5602743299453,1032.1069249603113,186.22110464457515,248.61100672542176,438.5171900248516,585.4341820523473,146947.5619083828,136780.04353328777,20419.992733946172,34969.81126192299,True,1,9
1282,image1282 26-03-03 14-43-00.fits,2026-03-03 14:43:00,1177.719216296786,1032.1707292549993,187.4059958099235,251.1650640611451,441.30739549219396,591.448527462667,148231.5333432102,138767.66454167114,19413.619300920735,33046.161302986664,True,3,10
1283,image1283 26-03-03 14-44-00.fits,2026-03-03 14:44:00,1178.3338351083853,1032.2869312560745,186.34281116385884,249.00036730584702,438.80378697607176,586.3510561518776,147058.9855515193,137027.56630540505,20305.263230688197,34724.70082970829,True,2,10
1284,image1284 26-03-03 14-45-00.fits,2026-03-03 14:45:00,1179.7736476285336,1034.1462687052795,183.8449365875484,245.4738978958864,432.92174185380276,578.0468552971139,145398.76828783238,135374.17053964036,20357.854284654746,34769.11945073643,True,1,9
1285,image1285 26-03-03 14-46-02.fits,2026-03-03 14:46:02,1180.4781017922198,1037.2058234711992,182.08311643790492,244.50630262465893,428.77297244968287,575.7683425569503,144986.74741799972,136488.26466759012,18438.620590178252,31007.434474349135,True,3,9
1286,image1286 26-03-03 14-47-02.fits,2026-03-03 14:47:02,1179.4179931993797,1035.2623588554,184.40043075181163,246.9574020392736,434.2298306467075,581.5402405908485,146083.50798803227,136990.2362737308,19230.52970420644,32639.210965560178,True,2,9
1287,image1287 26-03-03 14-48-02.fits,2026-03-03 14:48:02,1181.1194459591304,1035.7801908982526,182.20042850003728,242.94067066204778,429.04922124511603,572.0815610282524,143999.87270804564,134153.91153866556,20433.223082700493,34865.68135301792,True,1,9
1288,image1288 26-03-03 14-49-02.fits,2026-03-03 14:49:02,1179.6678699050285,1034.327029985254,184.29995220136863,245.39221571244028,433.99322174202865,577.854508454213,145289.78851601674,135437.40726907263,20499.20534149941,35092.215542412894,True,2,9
1289,image1289 26-03-03 14-50-02.fits,2026-03-03 14:50:02,1178.2382632902245,1032.103617243527,187.1798311852257,249.60261479578287,440.7748185004787,587.7692406132481,147350.673159401,137436.02922050288,20429.971313733786,35019.42852476407,True,2,10
1290,image1290 26-03-03 14-51-02.fits,2026-03-03 14:51:02,1177.451502819466,1034.7628855290109,186.86653451433418,251.1160871738844,440.03706121982185,591.3331957068023,148204.98785121244,139977.48493906812,18088.720955659857,30518.281053343715,True,2,10
1291,image1291 26-03-03 14-52-02.fits,2026-03-03 14:52:02,1177.6427796853939,1037.119714423171,185.9525177015509,251.75056585154448,437.8847161075845,592.827278815101,148295.8481806102,142447.59742128718,16355.684226609774,26650.797358293137,True,3,10
1292,image1292 26-03-03 14-53-02.fits,2026-03-03 14:53:02,1178.7382790550298,1038.4678009413522,184.14343697512143,249.09578260287,433.6246565499092,586.5757420059099,146996.6326437862,141216.18262802967,16391.093637947135,26686.767859352884,True,2,10
1293,image1293 26-03-03 14-54-04.fits,2026-03-03 14:54:04,1179.7839324430377,1040.3767658976517,182.1342822317824,246.27051095707841,428.89345868672547,579.9227357017423,145481.7948471125,139860.13679871272,16425.869437794892,26705.986258726465,True,2,9
1294,image1294 26-03-03 14-55-04.fits,2026-03-03 14:55:04,1177.2331093850778,1036.8659633094535,186.08354611908445,252.08282312150953,438.19326445166115,593.6096848945219,148471.90608595003,142521.33403220715,16355.861064753946,26653.66814901413,True,1,10
1295,image1295 26-03-03 14-56-04.fits,2026-03-03 14:56:04,1179.5113657083455,1040.00276108437,182.3373812273751,246.54285129843572,429.3717202726728,580.564048196641,145682.71527385063,140003.12121370187,16419.857569426404,26701.606334928016,True,2,9
1296,image1296 26-03-03 14-57-04.fits,2026-03-03 14:57:04,1178.9308094578635,1039.1668557182563,183.60319211404232,248.2553654322977,432.3524771218152,584.5967108064581,146525.44775299946,140844.25018394843,16401.516237014606,26701.63778919197,True,1,9
1297,image1297 26-03-03 14-58-04.fits,2026-03-03 14:58:04,1178.6466999456086,1038.9405165183693,183.9240546990039,248.9037940631095,433.10805076858315,586.1236435440657,146793.15257934234,141053.11397367803,16397.801175993907,26690.3942533477,True,1,9
1298,image1298 26-03-03 14-59-04.fits,2026-03-03 14:59:04,1178.50220838705,1038.3423687666086,184.537983461136,249.65742495949354,434.55374252387287,587.8983086854254,147227.1379449287,141484.2475798718,16381.729606098945,26674.34720773676,True,2,10
1299,image1299 26-03-03 15-00-04.fits,2026-03-03 15:00:04,1178.9877015672964,1039.4412547044537,183.60330798816457,248.4285401429153,432.352749984521,585.0045060863127,146515.22271582985,140844.57140057336,16404.8478087706,26700.503196531285,True,2,9
1300,image1300 26-03-03 15-01-04.fits,2026-03-03 15:01:04,1180.0330671382249,1040.7277916153555,181.90049810927994,245.79374226641224,428.3429391488467,578.8000312321184,145207.34970665647,139689.49653237476,16431.651177947642,26713.73214365077,True,2,9
1301,image1301 26-03-03 15-02-04.fits,2026-03-03 15:02:04,1180.4216886533911,1040.9837687912402,181.57529434259143,245.4796067846373,427.57714280032906,578.0602987027794,145019.90977616137,139484.43994189677,16439.287320878688,26709.186561811166,True,2,9
1302,image1302 26-03-03 15-03-06.fits,2026-03-03 15:03:06,1178.664626608075,1038.8346122873018,184.52088335392523,249.42118751018558,434.5134748486407,587.342012004408,147021.3304233391,141435.42839313205,16393.93045921061,26711.170376701557,True,1,10
1303,image1303 26-03-03 15-04-06.fits,2026-03-03 15:04:06,1179.2837196512758,1040.2774818472355,182.884275731689,247.23920199396602,430.65955841394845,582.203828772847,145860.43825384093,140354.62152628292,16420.013115295245,26712.650093662607,True,1,10
1304,image1304 26-03-03 15-05-06.fits,2026-03-03 15:05:06,1179.4387139119203,1040.023604104989,182.9447617246501,247.35107634879535,430.80199204261686,582.4672727461241,145991.19497192648,140398.38976190388,16416.37912627637,26717.084852445067,True,2,9
1305,image1305 26-03-03 15-06-06.fits,2026-03-03 15:06:06,1178.1652407857086,1038.2279571502136,185.46974240314123,250.7248099274621,436.7478671576436,590.4118082037626,147656.2074269247,142097.87879086984,16375.58486194245,26691.58708119701,True,2,10
1306,image1306 26-03-03 15-07-06.fits,2026-03-03 15:07:06,1177.694653179019,1037.8058241448575,185.79776646564423,251.2654052910565,437.52030479527815,591.6848130022054,147950.05761706704,142313.29581438605,16364.679055050103,26677.801662597907,True,3,10
1307,image1307 26-03-03 15-08-06.fits,2026-03-03 15:08:06,1179.3508034781685,1040.4921532493167,182.66534532342592,246.82337122284716,430.14401670010375,581.2246221376756,145673.38851252676,140223.25468101763,16423.354400969576,26716.893370247737,True,2,9
1308,image1308 26-03-03 15-09-06.fits,2026-03-03 15:09:06,1177.717679640639,1038.1256276199153,185.718670897851,251.18376483305272,437.3340489667656,591.4925644152125,147829.79234435593,142253.36158128167,16371.126962390837,26683.583577718193,True,1,10
1309,image1309 26-03-03 15-10-06.fits,2026-03-03 15:10:06,1177.9358603690312,1038.2909301754087,185.86552569963823,251.2306167423651,437.67986559772316,591.6028922304093,147865.4758378843,142373.18566218027,16370.226452310597,26701.057113670195,True,1,10
1310,image1310 26-03-03 15-11-06.fits,2026-03-03 15:11:06,1178.9169725222334,1039.698567873787,184.14571095180474,248.75443730516386,433.63001135578503,585.7719352565945,146587.96190764883,141193.4377695854,16400.371785324638,26720.83735640174,True,1,9
1311,image1311 26-03-03 15-12-08.fits,2026-03-03 15:12:08,1180.6581865672335,1042.2745225876415,180.32679817539156,243.86386794918278,424.63715899966246,574.2555245055161,144077.99460071934,138623.47836967136,16462.359462061602,26718.430613463162,True,2,9
1312,image1312 26-03-03 15-13-08.fits,2026-03-03 15:13:08,1179.452822269184,1040.060998526211,183.43213672670882,247.65570893161757,431.9496724669117,583.1846276585234,146090.67324888715,140708.33211688997,16416.12282789082,26736.25407517724,True,1,9
1313,image1313 26-03-03 15-14-08.fits,2026-03-03 15:14:08,1179.9670918932,1040.9494612560973,182.1161227797402,245.87154648481976,428.8506964450497,578.9832461652124,145176.37777085448,139818.35929851112,16433.23811890502,26727.108933974174,True,2,9
1314,image1314 26-03-03 15-15-08.fits,2026-03-03 15:15:08,1177.9527691935707,1039.3302436072224,184.80882626435752,249.74960276514236,435.1915285859513,588.1153708298742,147032.24815796962,141637.60228477596,16390.705782926678,26711.543166260286,True,2,10
1315,image1315 26-03-03 15-16-08.fits,2026-03-03 15:16:08,1180.7166775054413,1042.480140789941,180.6454217146871,243.88245421384124,425.3874600968143,574.299291814096,144074.52854733774,138826.22849523698,16463.668543012183,26751.607246538246,True,1,9
1316,image1316 26-03-03 15-17-08.fits,2026-03-03 15:17:08,1177.2274075527225,1038.3935636480937,185.9891774535439,251.2932088447662,437.9710432264235,591.7502853678042,147806.36186643448,142401.64379056744,16373.17768445771,26709.042905821465,True,2,10
1317,image1317 26-03-03 15-18-08.fits,2026-03-03 15:18:08,1178.4059038505336,1039.914190787233,184.3317583361237,249.031176507372,434.06811946570485,586.4236062772001,146619.22255707489,141309.78714020524,16400.75360827614,26720.17449913297,True,2,9
1318,image1318 26-03-03 15-19-08.fits,2026-03-03 15:19:08,1178.6465854151904,1040.258333761773,183.78294913887956,248.08562185395473,432.77577256713704,584.1969952256608,146202.33084637564,140934.60712804736,16409.240525099987,26735.67819446574,True,2,10
1319,image1319 26-03-03 15-20-08.fits,2026-03-03 15:20:08,1178.5637115505458,1040.0320922528444,184.22398859701906,248.61714290613492,433.8143411238135,585.4486316536905,146462.84458791008,141218.88354410636,16406.357271523524,26748.355279174066,True,2,10
1320,image1320 26-03-03 15-21-08.fits,2026-03-03 15:21:08,1181.0261065558675,1043.5335636844466,179.89911544665244,243.08361364227545,423.63004313711406,572.418166023389,143483.00751533758,138295.80980596342,16479.041672012176,26754.365618147145,True,1,9
1321,image1321 26-03-03 15-22-10.fits,2026-03-03 15:22:10,1180.5270190745673,1042.924119824896,180.72074175605232,244.11351668602202,425.5648252400137,574.8434023552418,144047.39604273203,138850.7544449952,16466.706709839495,26763.019226951794,True,2,9
1322,image1322 26-03-03 15-23-10.fits,2026-03-03 15:23:10,1179.3160519672326,1041.748005628202,182.31435243988466,246.08655722500998,429.31749162227754,579.4895577661093,145073.24179442774,139928.2805299758,16437.380123232913,26749.847984191525,True,2,8
1323,image1323 26-03-03 15-24-10.fits,2026-03-03 15:24:10,1178.429310848932,1040.1233333547088,184.4119889881501,248.9400362767974,434.2570482133226,586.2089874353342,146538.05014708528,141310.91759630718,16410.384685384473,26761.739261346673,True,1,10
1324,image1324 26-03-03 15-25-10.fits,2026-03-03 15:25:10,1177.3843999974767,1040.1470737492573,185.1107810513275,249.5884389541759,435.90257777100123,587.7358590572768,146774.295568891,141774.05176232787,16398.781782294798,26763.844137353775,True,2,10
1325,image1325 26-03-03 15-26-10.fits,2026-03-03 15:26:10,1180.15942695897,1042.5294202953323,181.4945628449595,244.86682793866774,427.38703465144,576.6173147931192,144429.5369076697,139371.75078631428,16453.313078793544,26762.90893459906,True,3,9
1326,image1326 26-03-03 15-27-10.fits,2026-03-03 15:27:10,1180.1903307272632,1043.0651095841383,181.1150838437963,244.3882212046823,426.4934298928326,575.4902820622436,144119.1365278637,139112.67125767676,16468.132290442587,26778.95771455098,True,2,8
1327,image1327 26-03-03 15-28-10.fits,2026-03-03 15:28:10,1178.1028844288896,1040.1115821036617,184.44551271482564,248.9272837631034,434.3359905568822,586.178957560463,146532.0731599122,141339.62129228166,16408.30716221082,26756.044708626418,True,2,10
1328,image1328 26-03-03 15-29-10.fits,2026-03-03 15:29:10,1178.157688547905,1040.3134386589713,184.45719247348086,248.82174058915808,434.36349428668467,585.9304223788404,146459.0585421056,141346.09273053423,16409.625902339052,26766.292150599245,True,2,10
1329,image1329 26-03-03 15-30-10.fits,2026-03-03 15:30:10,1178.150493108561,1040.3210405695904,184.76083621599594,249.06031845598864,435.0785206581074,586.4922303219537,146568.73331560625,141545.77237732545,16404.071119053107,26776.208053534192,True,2,9
1330,image1330 26-03-03 15-31-12.fits,2026-03-03 15:31:12,1177.5294355627939,1040.1847086644248,185.23864835914813,249.85618474306114,436.2036822705614,588.3663522079164,146864.84647353497,141859.788735111,16399.74607450989,26766.341527527497,True,1,10
1331,image1331 26-03-03 15-32-12.fits,2026-03-03 15:32:12,1178.5347575972573,1040.5934651881748,184.41707639316706,248.6387514879718,434.26902813663366,585.4995159753448,146314.98274050758,141310.04655839255,16410.294698178444,26768.678014398414,True,1,10
1332,image1332 26-03-03 15-33-12.fits,2026-03-03 15:33:12,1178.6143516361972,1040.5667206392811,184.5443726737375,248.9895621086177,434.56878796977884,586.3256118568514,146439.7271112774,141382.26099971574,16412.67940980676,26772.607461734526,True,1,9
1333,image1333 26-03-03 15-34-12.fits,2026-03-03 15:34:12,1178.8623006527694,1041.7412390518277,183.5890616682586,247.1859143654221,432.3192024648385,582.0783459969996,145506.79720624833,140739.63450220504,16431.270101034017,26799.69927577258,True,2,9
1334,image1334 26-03-03 15-35-12.fits,2026-03-03 15:35:12,1181.0296770310247,1045.1017943764805,179.3389663699716,242.01348254490782,422.3109928631404,569.8981998644967,142734.14755147757,137898.86639913256,16497.3573678985,26795.228334298936,True,1,8
1335,image1335 26-03-03 15-36-12.fits,2026-03-03 15:36:12,1177.575422749588,1040.4935530201606,185.3455631470315,249.71940240814322,436.4554473561794,588.0442544238456,146746.1639177328,141911.11115429283,16401.61742710784,26786.041665870136,True,3,10
1336,image1336 26-03-03 15-37-12.fits,2026-03-03 15:37:12,1178.6135407432494,1040.9928060467191,184.46799763191353,248.43073376606316,434.3889384903517,585.0096716740726,146167.5379525896,141339.6221190225,16415.86225212376,26794.27405541969,True,2,9
1337,image1337 26-03-03 15-38-12.fits,2026-03-03 15:38:12,1177.6882761839115,1040.2275135489042,185.56890837286394,250.01598339074263,436.98138517093156,588.7426492666457,146910.30601608852,142065.22390217116,16397.555008376778,26778.590056848505,True,2,10
1338,image1338 26-03-03 15-39-12.fits,2026-03-03 15:39:12,1180.705523307467,1043.7881275048524,180.85797711960393,243.76073101077878,425.88798982499213,574.0126555755792,143731.15236930212,138914.46663579042,16474.95383927414,26806.116466953055,True,1,8
1339,image1339 26-03-03 15-40-12.fits,2026-03-03 15:40:12,1179.909991956008,1043.1441786628893,181.65469097841662,244.84647456041958,427.7641075898782,576.5693862500365,144252.27672352025,139442.86510953106,16464.15428474217,26792.306554743915,True,2,9
1340,image1340 26-03-03 15-41-14.fits,2026-03-03 15:41:14,1179.08031591271,1042.635810650836,182.69763479483873,246.16178713535317,430.2200525946301,579.6667106669713,144895.65752747242,140151.10015018028,16447.2638602015,26795.51036814085,True,2,8
1341,image1341 26-03-03 15-42-14.fits,2026-03-03 15:42:14,1178.042599913498,1041.1309272847245,184.65862234394476,248.82441958121456,434.83782538332105,585.9367309230355,146259.92231294067,141448.26727780726,16414.211270887074,26792.660644004296,True,2,10
1342,image1342 26-03-03 15-43-14.fits,2026-03-03 15:43:14,1179.895465970915,1042.848454328051,181.91819279144465,245.16059400478815,428.38460694109864,577.3090810141695,144469.8890700739,139627.62129181824,16455.907610641734,26793.001176632104,True,1,8
1343,image1343 26-03-03 15-44-14.fits,2026-03-03 15:44:14,1179.9234493846523,1043.5738953704051,181.81822359603413,244.8176559185773,428.1491974758603,576.5015235345556,144192.0437669093,139565.08400209935,16467.213765414952,26819.368529008534,True,2,9
1344,image1344 26-03-03 15-45-14.fits,2026-03-03 15:45:14,1180.04093573604,1043.6928608289163,181.590334369813,244.56868756456592,427.6125593579082,575.9152478639513,144036.9196187798,139407.8752217018,16468.1357563772,26804.512233080648,True,2,9
1345,image1345 26-03-03 15-46-14.fits,2026-03-03 15:46:14,1179.419108937502,1042.7781893462768,182.9115263014536,246.2270674166355,430.72372860186863,579.8204339818802,144914.22949089107,140286.5013818676,16442.002047536287,26808.51569296806,True,2,9
1346,image1346 26-03-03 15-47-14.fits,2026-03-03 15:47:14,1178.268275027384,1040.7151419985,185.19714552033304,249.47479378255662,436.10595055379395,587.4682451291268,146594.52326422126,141792.37347507678,16412.415277091088,26805.559015273917,True,1,10
1347,image1347 26-03-03 15-48-14.fits,2026-03-03 15:48:14,1181.0881247605378,1045.6742185507687,179.42237299406526,241.90204931676777,422.5074004534445,569.63579466519,142529.60865962916,137915.44107426444,16503.2740655457,26815.054559138476,True,1,8
1348,image1348 26-03-03 15-49-14.fits,2026-03-03 15:49:14,1178.4514567837748,1041.3493245459717,185.08801957595279,248.9301586267962,435.84897859253437,586.1857273471136,146269.87967780823,141726.0248867037,16414.134024284438,26820.968132283026,True,1,10
1349,image1349 26-03-03 15-50-16.fits,2026-03-03 15:50:16,1180.5318057347918,1044.920259079985,180.70941054292413,243.15286589439322,425.53814227220494,572.5812426148394,143226.33744225273,138782.0379048365,16492.157509915523,26846.761248924973,True,2,9
1350,image1350 26-03-03 15-51-16.fits,2026-03-03 15:51:16,1180.624305494709,1044.7027991717796,180.78501700715935,243.48494095373553,425.7161818897199,573.3632196210335,143398.8714161777,138862.58973772018,16479.7089981615,26812.230115684095,True,1,9
1351,image1351 26-03-03 15-52-16.fits,2026-03-03 15:52:16,1179.5069970221414,1043.454481908847,182.54964519719883,245.6685391704067,429.87156372365155,578.5052004719446,144523.95018795403,140022.37821445285,16458.53407568299,26829.44989269597,True,2,9
1352,image1352 26-03-03 15-53-16.fits,2026-03-03 15:53:16,1180.8586603926565,1045.7311989011089,179.57713903480905,242.18240301927366,422.8718466284781,570.2959771835496,142643.29303491613,138034.25047117154,16502.562320508023,26818.537892099233,True,2,8
1353,image1353 26-03-03 15-54-16.fits,2026-03-03 15:54:16,1180.0750375811244,1044.0738599034128,181.79002433564776,244.56458325812395,428.0827932922474,575.9055829608708,143970.64370854155,139531.22072722047,16473.292703676016,26834.78232333281,True,1,8
1354,image1354 26-03-03 15-55-16.fits,2026-03-03 15:55:16,1180.1360087226726,1044.3211703701597,181.5792613901364,244.50073173362753,427.5864844834075,575.7552241110808,143874.38640714996,139370.56931588918,16474.008285759497,26830.84665530957,True,1,8
1355,image1355 26-03-03 15-56-16.fits,2026-03-03 15:56:16,1178.4330515710433,1041.8014925408454,185.0686426153976,248.89859366573015,435.80334933740727,586.1113975440746,146154.66570425546,141715.06996443856,16420.005111340313,26831.02789402858,True,2,9
1356,image1356 26-03-03 15-57-16.fits,2026-03-03 15:57:16,1178.2562186095804,1042.2178317315784,185.07758740934818,248.62027313129622,435.82441271750076,585.4560027706459,145972.26707261414,141706.57326040318,16423.92712150079,26855.52685732208,True,3,9
1357,image1357 26-03-03 15-58-16.fits,2026-03-03 15:58:16,1178.1427976496427,1041.9423714492814,184.92798905239263,248.92125862447597,435.4721355078381,586.164769443249,146115.98036382292,141607.626967175,16424.762404948364,26832.549647651795,True,3,9
1358,image1358 26-03-03 15-59-16.fits,2026-03-03 15:59:16,1177.8174767688913,1041.8937411976503,185.1044935631887,248.90743262258272,435.88777186789906,586.1322116968482,146135.53207089513,141727.68909325454,16422.50811911187,26840.658777320547,True,2,10
1359,image1359 26-03-03 16-00-18.fits,2026-03-03 16:00:18,1179.9184968418085,1044.457698176597,181.83074896282866,244.3535720014264,428.1786924606594,575.4086894238721,143809.00797862816,139553.37491172174,16474.273229501152,26846.57775915088,True,2,8
1360,image1360 26-03-03 16-01-18.fits,2026-03-03 16:01:18,1178.4814658328098,1042.4671784919942,184.38157509770195,247.92054305153957,434.18542897444786,583.8082643527238,145630.4170119812,141249.21444466012,16433.909418838368,26842.07369038067,True,1,9
1361,image1361 26-03-03 16-02-18.fits,2026-03-03 16:02:18,1179.365515410384,1044.187271943588,182.18552766831152,245.0135958791485,429.0141324678806,576.9629268813313,144115.84457227075,139806.13826853325,16472.1800422376,26840.215494816322,True,3,9
1362,image1362 26-03-03 16-03-18.fits,2026-03-03 16:03:18,1180.5097230474064,1045.6699821987606,180.47526853149935,242.65735580826873,424.98677997031797,571.4144055315185,142874.45911165723,138633.53504198388,16500.125084087624,26859.131033852747,True,2,9
1363,image1363 26-03-03 16-04-18.fits,2026-03-03 16:04:18,1179.7796670453345,1044.7622286711692,181.85851954142774,244.31471218567867,428.24408717580667,575.3171815508033,143747.3004833867,139586.31394718905,16477.624922192714,26857.835485905,True,1,9
1364,image1364 26-03-03 16-05-18.fits,2026-03-03 16:05:18,1179.91998824577,1044.6508750128608,181.90263521533336,244.4858377996743,428.34797164901966,575.7201515768584,143827.70573381998,139618.98651477823,16474.578290941085,26847.167135673557,True,2,8
1365,image1365 26-03-03 16-06-18.fits,2026-03-03 16:06:18,1179.5024593796225,1044.7788424197013,182.17116755072703,244.48259006781154,428.98031697514364,575.7125037527671,143808.46628711853,139801.9311715174,16470.435652849923,26855.120198957648,True,2,8
1366,image1366 26-03-03 16-07-18.fits,2026-03-03 16:07:18,1179.881539830294,1042.054888335718,183.1523062139011,243.91389814444486,431.29072196614084,574.373336612176,143738.49924300043,137054.12745028542,18525.265284878507,31287.22181578039,True,1,9
1367,image1367 26-03-03 16-08-18.fits,2026-03-03 16:08:18,1181.2304307025438,1041.897873414991,181.9011678247074,240.88238410102431,428.34451620815975,567.2346665759366,142149.31834020515,134235.2817322081,20055.5820880006,34277.435609831184,True,1,8
1368,image1368 26-03-03 16-09-20.fits,2026-03-03 16:09:20,1181.5714594766212,1043.669005469711,180.84869742089774,240.5058029018492,425.8661378044669,566.3478856195371,142122.78876653928,135025.30770526387,18826.808118032037,31911.84414992865,True,1,9
1369,image1369 26-03-03 16-10-20.fits,2026-03-03 16:10:20,1179.3191281722802,1040.504600425152,184.40369485828157,244.98526444241543,434.23751703005206,576.8962114462078,144183.4276311467,136818.7159881063,19403.548240924734,33016.633152982315,True,2,9
1370,image1370 26-03-03 16-11-20.fits,2026-03-03 16:11:20,1179.1011092857389,1039.682455377708,185.34306926111998,245.98200749986438,436.4495747036449,579.243361977634,144733.19623850056,137445.39605648132,19361.98182026907,32973.382450886085,True,2,9
1371,image1371 26-03-03 16-12-20.fits,2026-03-03 16:12:20,1179.8462129776337,1040.1909453751875,184.1764209483568,243.41414954269086,433.7023278712486,573.1965185872896,143345.99387280323,135581.1426821892,20278.684959214937,34711.93796078768,True,2,8
1372,image1372 26-03-03 16-13-20.fits,2026-03-03 16:13:20,1181.4160213634188,1041.9853358802025,181.52833238058523,240.02579435654263,427.4665558308428,565.2175518752631,141578.42668438714,133551.700527988,20505.291186026454,35065.44042068134,True,2,8
1373,image1373 26-03-03 16-14-20.fits,2026-03-03 16:14:20,1179.198332073767,1042.0063082533577,184.23567307320255,245.33347903838015,433.8418559625461,577.7161941567578,144429.1168016261,138056.452176483,18242.64268044424,30813.961202762704,True,2,9
1374,image1374 26-03-03 16-15-20.fits,2026-03-03 16:15:20,1180.138967485045,1042.8724309126524,182.80176322970573,243.24882593184822,430.46525632031256,572.8072112345603,143457.08315081213,137128.63212232973,18225.68369127087,30745.162176911446,True,2,8
1375,image1375 26-03-03 16-16-22.fits,2026-03-03 16:16:22,1180.036193316022,1042.3676130480135,183.47027705289602,243.4203934410603,432.0394860715414,573.211221844329,143580.5705432398,137000.02923431763,18716.650853904837,31749.84529819206,True,1,9
1376,image1376 26-03-03 16-17-22.fits,2026-03-03 16:17:22,1178.2416763551446,1038.8065196322373,186.994098655276,248.00183519796093,440.3374518159388,583.9996927286204,145669.07282042492,138472.73669239855,19421.85972570855,33135.1745913571,True,2,10
1377,image1377 26-03-03 16-18-22.fits,2026-03-03 16:18:22,1179.531957687318,1039.924071120506,184.5935570747847,243.66995535479984,434.68460838326763,573.7988952412792,143479.14771920696,135448.62688674242,20595.818656784126,35379.8799360316,True,3,9
1378,image1378 26-03-03 16-19-22.fits,2026-03-03 16:19:22,1179.7176963297852,1041.2427146252141,183.41885965229662,242.90616895938933,431.9184073459465,572.0003157272446,143197.76952152714,135537.56559715123,19831.103084692862,33903.72865461576,True,2,8
1379,image1379 26-03-03 16-20-22.fits,2026-03-03 16:20:22,1179.006796789275,1039.9929673808576,186.07814746309774,246.09570336159098,438.18055158832743,579.5110952718649,144718.8346944376,137659.02056852265,19559.549790101668,33428.80701287015,True,1,9
1380,image1380 26-03-03 16-21-22.fits,2026-03-03 16:21:22,1179.244543198261,1039.796343792182,185.42272675311014,245.2800611936553,436.63715376252026,577.5904047452374,144417.7205586448,136859.51018951286,19816.64722497116,33944.17019333199,True,2,9
1381,image1381 26-03-03 16-22-22.fits,2026-03-03 16:22:22,1181.5660707059897,1045.0581836644092,180.60670607669013,240.34744368832077,425.2962917364029,565.9749781692051,141744.45181065044,135512.56623911634,18436.971214311634,31039.34697551904,True,1,8
1382,image1382 26-03-03 16-23-22.fits,2026-03-03 16:23:22,1178.7281141802862,1039.7913431948464,186.84231076426974,247.68185270212314,439.9800186476043,583.2461915333625,145587.4082135683,138703.98690393975,19096.326212592256,32586.51053551425,True,2,10
1383,image1383 26-03-03 16-24-24.fits,2026-03-03 16:24:24,1179.9316529856806,1043.016137900434,183.52806409545582,243.80260960090325,432.17556415770423,574.1112721190619,143528.69698136818,137462.10108982646,18437.883799374587,31125.362470648957,True,1,8
1384,image1384 26-03-03 16-25-24.fits,2026-03-03 16:25:24,1180.406283552083,1041.2440565038598,183.57610598601198,242.45804200411055,432.28869416458707,570.9450573902354,142732.2040172743,135024.19555854474,20441.91896034749,35010.39097747204,True,2,9
1385,image1385 26-03-03 16-26-24.fits,2026-03-03 16:26:24,1179.959913014945,1042.4393983546152,184.17044308318313,243.7157327621559,433.6882510745112,573.9066927977308,143522.6461968066,136899.3212738355,19112.61026627995,32565.09594497261,True,1,8
1386,image1386 26-03-03 16-27-24.fits,2026-03-03 16:27:24,1178.8465816420312,1041.612628389474,185.44856444025424,245.5787383245511,436.6979968661244,578.2937356400631,144562.0228050972,138012.60284944443,18873.30481066702,32174.189750238318,True,2,9
1387,image1387 26-03-03 16-28-24.fits,2026-03-03 16:28:24,1180.702268003223,1047.3003132898134,180.67937707326206,242.11583919647714,425.4674188558228,570.1392313593544,142354.97972049087,138847.27742857143,16501.943094716593,26877.089033334258,True,1,8
1388,image1388 26-03-03 16-29-24.fits,2026-03-03 16:29:24,1180.2161948281178,1047.5970757141802,180.89382322337696,242.1551954111405,425.9724009486931,570.2319081625402,142312.3674080417,138991.0291340776,16508.354418729494,26900.646986389074,True,1,8
1389,image1389 26-03-03 16-30-24.fits,2026-03-03 16:30:24,1180.6210531787406,1041.6406514710281,183.19026800962527,241.33496049495795,431.3801151636575,568.3004025402793,142205.99800478236,134571.18318593715,20586.34103241064,35303.91653187888,True,2,9
1390,image1390 26-03-03 16-31-26.fits,2026-03-03 16:31:26,1179.7512459467964,1040.3291246655078,185.27516423838966,244.24629154728459,436.2896705949613,575.1560632600191,143618.6454668547,136020.48507043577,20536.57028842979,35268.13463567009,True,2,9
1391,image1391 26-03-03 16-32-26.fits,2026-03-03 16:32:26,1180.6569760910847,1043.2709274811916,182.74137929222198,241.7861626143288,430.32306301392794,569.3629023353342,142384.3218332465,135750.3328912833,19440.005008124746,33038.46604019299,True,1,9
1392,image1392 26-03-03 16-33-26.fits,2026-03-03 16:33:26,1181.3198037217094,1043.197297568863,182.36801368571093,240.56999962334783,429.4438541995906,566.4990573461474,141698.84982144917,134488.25432826584,20220.98252588631,34570.12076901665,True,2,8
1393,image1393 26-03-03 16-34-26.fits,2026-03-03 16:34:26,1181.2484325130697,1043.7076607717527,182.05970146391812,240.17499765194935,428.71783439958483,565.5688987860715,141612.98780003886,134566.14049821565,19920.981474949793,34043.839308255265,True,2,9
1394,image1394 26-03-03 16-35-26.fits,2026-03-03 16:35:26,1179.4619577884816,1042.3195537085714,185.13576902990957,244.9309762777215,435.9614199638511,576.7683725877786,144160.94097768114,137747.55573486353,18952.94197963189,32318.507032670444,True,3,9
1395,image1395 26-03-03 16-36-26.fits,2026-03-03 16:36:26,1179.01550684018,1039.2357399144557,187.0526633943687,247.5152126694361,440.4753612374863,582.8537842440865,145305.1195507043,137818.77378591892,19929.46155076754,34187.814794042555,True,2,9
1396,image1396 26-03-03 16-37-26.fits,2026-03-03 16:37:26,1180.6169225597694,1042.259220433876,183.35406973055336,241.80175630736895,431.7658387395095,569.3996226762812,142457.56901223384,135232.82402262677,20116.487024515962,34429.93824505724,True,1,8
1397,image1397 26-03-03 16-38-26.fits,2026-03-03 16:38:26,1178.5127634421701,1041.8999207384402,186.2797117281231,246.8288202445065,438.65519915997106,581.2374536031049,144980.56075772597,138968.1200621315,18630.78550363443,31660.66252582502,True,3,10
1398,image1398 26-03-03 16-39-28.fits,2026-03-03 16:39:28,1178.2115583298873,1039.4601021595865,187.66676147107697,247.44561114752727,441.92145169813386,582.689885185131,145003.3772936881,137778.58008652457,20386.57733830384,35028.788789614235,True,2,9
1399,image1399 26-03-03 16-40-28.fits,2026-03-03 16:40:28,1179.9399380017246,1043.397452248615,184.2120761236297,243.97460444409901,433.7862893926904,574.5162890234612,143612.81819400168,137671.1128285081,18649.1609503818,31623.373651491893,True,2,9
1400,image1400 26-03-03 16-41-28.fits,2026-03-03 16:41:28,1178.8862476817505,1040.420810734585,186.66227318708806,246.36576765819476,439.5560625519981,580.1470480909546,144664.27292759618,137584.1249971002,19950.154273108034,34228.95717952705,True,2,9
1401,image1401 26-03-03 16-42-28.fits,2026-03-03 16:42:28,1179.40843843534,1043.5297947707732,185.0537147972498,245.57804611239433,435.76819701200424,578.292105605001,144236.1114375942,138722.25014519322,18233.02775898075,30810.39684998022,True,1,9
1402,image1402 26-03-03 16-43-28.fits,2026-03-03 16:43:28,1179.6843038510797,1042.1183967049506,184.9833117760062,244.16065869118248,435.602410566349,574.9544132939566,143579.31942361145,136807.1423440686,19733.81985775589,33755.466682667146,True,1,8
1403,image1403 26-03-03 16-44-28.fits,2026-03-03 16:44:28,1180.6260940615305,1044.766549304043,182.8317994065384,241.60267870619967,430.5359861115943,568.9308307505311,142411.67808199962,136358.89799695442,18914.713190070728,32166.173720806128,True,1,8
1404,image1404 26-03-03 16-45-28.fits,2026-03-03 16:45:28,1179.1108174297854,1041.904071969909,185.31180077426168,244.41409990054314,436.3759430440132,575.5512217339959,143712.7364692349,136877.48706779577,19819.143183674354,33955.103884280405,True,3,8
1405,image1405 26-03-03 16-46-30.fits,2026-03-03 16:46:30,1179.6832646538205,1044.7724962001084,183.876598126762,243.78455747859914,432.99629908099945,574.0687626196049,143369.60425491608,137998.25395898716,18208.52906996081,30756.447292079964,True,1,8
1406,image1406 26-03-03 16-47-30.fits,2026-03-03 16:47:30,1180.8307883602781,1044.197003862376,183.15387881373587,240.78596247191516,431.29442515575454,567.0076109909357,141843.53143181436,135421.4688041616,19884.67806800031,34019.295730916834,True,1,8
1407,image1407 26-03-03 16-48-30.fits,2026-03-03 16:48:30,1179.0755388937762,1041.8773897825783,186.05498449792404,245.1807651555175,438.12600697363405,577.3565804442383,144043.31342288703,137494.2176233017,19753.9052343978,33841.731863329056,True,2,9
1408,image1408 26-03-03 16-49-30.fits,2026-03-03 16:49:30,1178.8672031986957,1040.4781938289318,186.58051600059025,245.5867851748886,439.3635390904077,578.3126845245373,144137.7818331162,136936.81171133823,20532.693933417813,35303.82779750206,True,1,8
1409,image1409 26-03-03 16-50-30.fits,2026-03-03 16:50:30,1179.9678457436382,1044.6123391948029,184.05073335525407,243.2294055744449,433.4063562075986,572.7614797876654,143134.62196243939,137575.11206389798,18691.95148917539,31720.374824340866,True,1,8
1410,image1410 26-03-03 16-51-30.fits,2026-03-03 16:51:30,1178.470491051368,1043.3572564963818,185.94873359597372,245.99690405530333,437.87580521991885,579.2784406849835,144399.6627753045,139036.87255364034,18528.56335772838,31408.718027169234,True,2,9
1411,image1411 26-03-03 16-52-30.fits,2026-03-03 16:52:30,1180.686511296999,1046.0357190772725,182.38032929044442,241.70108882142878,429.4728552324837,569.1625688625064,142267.2372784067,136981.28677656053,18268.63002460737,30811.720142674763,True,1,9
1412,image1412 26-03-03 16-53-30.fits,2026-03-03 16:53:30,1180.8572563599753,1045.449069752744,182.69721951556014,240.99210129434724,430.2190746866606,567.4930308220579,142058.7770475149,136319.59593318574,18918.873747581798,32167.591143896796,True,1,8
1413,image1413 26-03-03 16-54-32.fits,2026-03-03 16:54:32,1177.6076543648535,1042.225163871812,187.18591386931695,248.26715160507908,440.7891421269043,584.6244651223778,145532.07085319067,140147.64101665452,18282.474845298937,30939.323752397562,True,2,10
1414,image1414 26-03-03 16-55-32.fits,2026-03-03 16:55:32,1178.5258717655795,1040.5238176571252,186.82820986949008,246.16417261988335,439.9468135779243,579.6723280537601,144337.822812246,137329.27510626274,20381.47220389608,34977.852267229115,True,1,9
1415,image1415 26-03-03 16-56-32.fits,2026-03-03 16:56:32,1179.802557090545,1045.1695016895535,183.39786522615984,243.0425491588963,431.8689692504457,572.3214665547889,142864.30973139292,137544.44624378372,18421.024337932336,31083.7991461848,True,1,9
1416,image1416 26-03-03 16-57-32.fits,2026-03-03 16:57:32,1178.5207435603065,1043.4510478320371,185.97269321788994,246.68959694020901,437.93222581787853,580.9096077754098,144756.19904584895,139402.44673036473,18169.768215823056,30741.903815500766,True,1,9
1417,image1417 26-03-03 16-58-32.fits,2026-03-03 16:58:32,1178.2853769647168,1041.5738832595678,186.83974793427242,246.53335245487705,439.9739836441546,580.5416801294244,144611.1244632005,138243.59971242133,19591.138400111406,33511.02733493939,True,1,10
1418,image1418 26-03-03 16-59-32.fits,2026-03-03 16:59:32,1178.896631525094,1041.2980759594045,186.4681791582759,245.44677898079885,439.09900604233036,577.9829951322662,143921.3004758026,137023.20592840615,20447.471895247174,35111.371347464614,True,3,9
1419,image1419 26-03-03 17-00-32.fits,2026-03-03 17:00:32,1178.2188990732468,1040.4472846390693,187.35887138896166,246.55826879255892,441.19642596110253,580.6003536208465,144516.617634446,137504.99573618546,20502.20254818678,35261.91641717683,True,2,10
1420,image1420 26-03-03 17-01-34.fits,2026-03-03 17:01:34,1180.2305870196844,1043.4760307266922,183.6229678672608,241.44617879324238,432.3990454618996,568.5623016184537,141969.25231660358,135301.04757942428,20371.82140577735,34863.20666754622,True,2,8
1421,image1421 26-03-03 17-02-34.fits,2026-03-03 17:02:34,1178.474355237373,1044.4120518518494,185.4020636689663,245.53650964428144,436.58849591778613,578.1942946972889,144071.32694550217,139002.7483820606,18237.280704541678,30835.521584520593,True,1,8
1422,image1422 26-03-03 17-03-34.fits,2026-03-03 17:03:34,1178.4640681196684,1043.1681694858753,186.40876814546084,246.74092846670737,438.9591037984579,581.03048428295,144702.6477886512,139375.0561365226,18508.318134648478,31367.590628141057,True,2,8
1423,image1423 26-03-03 17-04-34.fits,2026-03-03 17:04:34,1180.1382411644252,1045.6512849107353,183.4199192703338,241.6804323591398,431.9209025557405,569.1139266110489,142296.01126243282,136776.89817049121,18925.69900894835,32220.081752651957,True,1,8
1424,image1424 26-03-03 17-05-34.fits,2026-03-03 17:05:34,1178.144581552536,1041.9427810241857,186.7073030540271,245.83680629180523,439.6620997852912,578.9014392623336,144102.8762617749,137596.43553335962,20043.928185985173,34385.96176758512,True,3,10
1425,image1425 26-03-03 17-06-34.fits,2026-03-03 17:06:34,1177.931168496216,1043.0322413823185,187.14446660560702,247.48726014303404,440.6915412795085,582.7879610746057,144980.09111244284,139979.58724400017,18409.250510138907,31175.01883485615,True,1,10
1426,image1426 26-03-03 17-07-34.fits,2026-03-03 17:07:34,1178.1736295594078,1045.8381240917872,185.78431917332932,247.95940278400585,437.4886388417836,583.89977202968,145006.58936512584,142393.07002942686,16421.17084388954,26865.77978852571,True,2,9
1427,image1427 26-03-03 17-08-34.fits,2026-03-03 17:08:34,1178.8544390975833,1046.6065781671389,184.85485201733337,246.69976308221925,435.29991095164644,580.9335472103961,144381.3567928166,141777.6673156313,16439.78278106152,26884.84177394124,True,1,8
1428,image1428 26-03-03 17-09-36.fits,2026-03-03 17:09:36,1180.9801883109585,1049.7933623845856,181.11527341890869,241.3738920436807,426.49387630810725,568.3920793315957,141640.37044464485,139311.21643984344,16502.62970322966,26903.722572598323,True,1,8
1429,image1429 26-03-03 17-10-36.fits,2026-03-03 17:10:36,1178.0865227827417,1046.3293810395674,185.4611212517744,247.63991798750413,436.7275658975937,583.1474428267951,144791.61453712493,142155.1416655952,16431.405304415734,26890.614840292936,True,2,10
1430,image1430 26-03-03 17-11-36.fits,2026-03-03 17:11:36,1178.4937453784505,1046.7861693172235,185.09319483447314,246.9294072034263,435.8611653950363,581.4743177902379,144408.40418591793,141921.243856213,16434.807105578344,26883.684835107073,True,2,8
1431,image1431 26-03-03 17-12-36.fits,2026-03-03 17:12:36,1178.9094625121252,1047.6407089562845,183.82538885935267,245.28521867789064,432.87571047161265,577.6025496924967,143614.96420945582,141073.2984153539,16461.609981067864,26908.472871666407,True,3,8
1432,image1432 26-03-03 17-13-36.fits,2026-03-03 17:13:36,1181.5291111966176,1050.7799608965115,179.83222345384672,239.9265327522671,423.4725245316031,564.9838086598131,140784.82849890186,138428.96533167837,16524.143974012204,26887.840092092232,True,1,9
1433,image1433 26-03-03 17-14-36.fits,2026-03-03 17:14:36,1180.1601289598661,1049.436738980872,181.94289680144544,242.45440454312552,428.44278043904114,570.9364918241948,142120.29899721587,139830.92365896254,16493.73074266613,26916.501569756394,True,1,8
1434,image1434 26-03-03 17-15-36.fits,2026-03-03 17:15:36,1179.9796963103186,1048.9942696578028,182.12679564959691,243.00205543916266,428.8758291329263,572.2261111318622,142418.46665306605,139961.06698732806,16486.596997621094,26896.820079958296,True,1,9
1435,image1435 26-03-03 17-16-36.fits,2026-03-03 17:16:36,1181.2680420494646,1051.009410239334,179.78751913223897,239.50007064095522,423.36725389898163,563.9795671316497,140586.20027331988,138363.67732698258,16532.2259357107,26924.450751210785,True,1,8
1436,image1436 26-03-03 17-17-36.fits,2026-03-03 17:17:36,1179.1299325625585,1048.0398280533302,183.44705336175085,244.4994698727039,431.9847984581131,575.7522526556838,143235.15661684072,140816.80743871705,16467.841658522102,26919.50165165657,True,1,8
1437,image1437 26-03-03 17-18-36.fits,2026-03-03 17:18:36,1179.7332204748336,1049.0617176322844,182.7201007959866,243.36999720020054,430.2729559844648,573.0925477661583,142544.98791319135,140326.11642974374,16487.44223612232,26931.191580066905,True,2,9
1438,image1438 26-03-03 17-19-38.fits,2026-03-03 17:19:38,1178.5312148430514,1047.4849452982019,184.56079701841375,246.27080918022108,434.607464345849,579.9234379635765,143981.35856407956,141523.79264840888,16452.202629187086,26910.30123894409,True,2,8
1439,image1439 26-03-03 17-20-38.fits,2026-03-03 17:20:38,1178.8209670142858,1048.8872646515038,183.1519000289375,244.10251447956563,431.2897654736465,574.8174941389387,142853.49146584864,140598.19374016876,16481.36092042879,26932.134555484783,True,1,8
1440,image1440 26-03-03 17-21-38.fits,2026-03-03 17:21:38,1179.4905300305848,1048.717949106833,183.1002698862117,244.1397585955633,431.168185778628,574.9051973298494,142911.05058655379,140560.57427727428,16481.506671515952,26931.83109508666,True,1,8
1441,image1441 26-03-03 17-22-38.fits,2026-03-03 17:22:38,1179.9047009202234,1048.8485714746453,182.80477187372185,243.48071333589488,430.4723411355501,573.3532643417997,142645.4754760413,140370.1228529347,16487.553513923627,26940.809843261235,True,3,8
1442,image1442 26-03-03 17-23-38.fits,2026-03-03 17:23:38,1180.9493352324064,1050.7439097853892,180.7022833426571,240.90815344861787,425.52135899815113,567.2953487521971,141185.47974467077,138941.9885056414,16524.415558279394,26944.425017682475,True,1,9
1443,image1443 26-03-03 17-24-38.fits,2026-03-03 17:24:38,1180.2350926989793,1049.6210909000245,181.77936783880799,242.2895990101581,428.05769915987935,570.5484044516312,142005.60068131573,139694.00817187788,16507.0093280624,26940.552560212996,True,1,8
1444,image1444 26-03-03 17-25-38.fits,2026-03-03 17:25:38,1181.231259181506,1051.7256633506424,179.7869521118878,239.6447697829072,423.3659186680928,564.320307571617,140464.3380129499,138341.54526554648,16537.923585864723,26938.706156264143,True,1,9
1445,image1445 26-03-03 17-26-38.fits,2026-03-03 17:26:38,1180.540603065526,1050.478323060865,181.12872929155995,241.38966501559216,426.5255624667498,568.4292218420225,141447.08963747454,139226.66427867417,16515.490688621772,26947.26651340846,True,1,8
1446,image1446 26-03-03 17-27-38.fits,2026-03-03 17:27:38,1177.7862372807642,1047.1081831109013,185.53379483486933,247.41993845102363,436.8986991078099,582.6294306047942,144486.12633014616,142105.18612348716,16448.000342027906,26947.783761202078,True,1,8
1447,image1447 26-03-03 17-28-40.fits,2026-03-03 17:28:40,1180.058544405627,1050.1850580267705,181.64733158250183,241.78474312335052,427.74677753685876,569.3595596895248,141653.7452428925,139572.05689154865,16511.292978083045,26952.075498770166,True,2,8
1448,image1448 26-03-03 17-29-40.fits,2026-03-03 17:29:40,1180.333971726668,1050.394325712239,181.4326254671379,241.572262499074,427.2411832726091,568.8592060562977,141517.41927065505,139409.9334037357,16520.287647173394,26965.340690095094,True,1,8
1449,image1449 26-03-03 17-30-40.fits,2026-03-03 17:30:40,1178.4598920188046,1048.7952488956162,183.48915406821405,244.39966626639497,432.0839380456026,575.5172331229812,142994.75444428835,140772.75655198112,16485.20560113483,26970.158573575867,True,2,8
1450,image1450 26-03-03 17-31-40.fits,2026-03-03 17:31:40,1180.6004251141587,1050.4094367773255,181.4308973547849,241.5337513579511,427.2371138790001,568.7685192492245,141498.08601284897,139412.1932467748,16520.54118351322,26964.469944914934,True,1,8
1451,image1451 26-03-03 17-32-40.fits,2026-03-03 17:32:40,1178.6882491876345,1048.6974395096581,183.87013722392854,244.751636145661,432.98108481749824,576.3460588499239,143148.7173805552,141007.50429501085,16480.847322731483,26980.965249542598,True,1,8
1452,image1452 26-03-03 17-33-40.fits,2026-03-03 17:33:40,1180.1606194424253,1050.3788730269375,182.37585761150942,242.25106324380758,429.46232523329263,570.4576596565784,141803.81479001135,140023.47852114076,16508.70502294183,26993.06819657498,True,2,8
1453,image1453 26-03-03 17-34-40.fits,2026-03-03 17:34:40,1179.1550728275308,1048.6493100663085,184.57739562258698,245.45662339448768,434.6465510716756,578.0061769549523,143422.52427241253,141478.32020753008,16469.763334262443,26982.703664843702,True,2,8
1454,image1454 26-03-03 17-35-40.fits,2026-03-03 17:35:40,1178.1942224566178,1047.6253360402168,185.49762792242234,246.97892753322805,436.81353253741287,581.5909292554917,144217.78691656215,142077.63684649853,16450.10904240625,26965.525105619105,True,2,9
1455,image1455 26-03-03 17-36-40.fits,2026-03-03 17:36:40,1181.530872346107,1053.0207657116994,179.39398285941184,238.6069685226942,422.44054679528153,561.8764723613091,139748.74671945279,138022.9766078316,16552.77735622424,26977.38683900276,True,2,9
1456,image1456 26-03-03 17-37-40.fits,2026-03-03 17:37:40,1178.0377819958385,1048.3844604450733,184.82520350652695,246.02934989169705,435.23009404409413,579.3548447909012,143671.02081201432,141604.5786861614,16469.171382431196,26987.559833418592,True,2,9
1457,image1457 26-03-03 17-38-42.fits,2026-03-03 17:38:42,1180.5985846356853,1051.5870551942558,180.60517537743198,240.30871752700867,425.29268721510687,565.8837850282803,140753.05428150788,138845.26190805892,16537.12539397159,26979.923510494253,True,1,8
1458,image1458 26-03-03 17-39-42.fits,2026-03-03 17:39:42,1180.3599064209584,1050.7600124040353,181.6108916047527,241.55232236180393,427.66096794681465,568.8122506213535,141419.26551009732,139516.27924128814,16520.100342533027,26976.725451028826,True,2,8
1459,image1459 26-03-03 17-40-42.fits,2026-03-03 17:40:42,1178.6709793786363,1049.1561870613198,184.2157171435872,244.97474390932447,433.7948633394706,576.8714374840007,143102.26143702032,141217.8436259272,16482.067360057314,26994.810988143716,True,2,9
1460,image1460 26-03-03 17-41-42.fits,2026-03-03 17:41:42,1179.4651187314014,1049.6902842782745,182.99620321330005,243.5173369310576,430.92312749123596,573.4395063178099,142419.6734153363,140424.82855363007,16500.230907697307,26982.716973082788,True,1,8
1461,image1461 26-03-03 17-42-42.fits,2026-03-03 17:42:42,1181.3471028258264,1052.8282668272402,179.5144624769767,238.93451202535192,422.7242546137409,562.6477783669872,139924.463738826,138081.82088628793,16551.867774857343,26986.543593026236,True,2,8
1462,image1462 26-03-03 17-43-42.fits,2026-03-03 17:43:42,1180.4663267459086,1051.418049566581,181.36597234119043,241.3146401285317,427.08422715556395,568.2525517340963,141159.3984785227,139327.40774596078,16530.76742801427,26992.34312641729,True,1,8
1463,image1463 26-03-03 17-44-42.fits,2026-03-03 17:44:42,1180.4028467072885,1051.2733882358668,181.25050481904643,241.14951707437447,426.8123219198692,567.8637166562702,141119.04750875174,139235.1561474551,16530.82213384138,26990.545162243012,True,1,8
1464,image1464 26-03-03 17-45-42.fits,2026-03-03 17:45:42,1178.180214385908,1049.069638908544,184.64484812263152,245.51954907605375,434.80538957086793,578.1543556112513,143312.44038143466,141461.97118514904,16478.102290245766,27009.252641400915,True,1,9
1465,image1465 26-03-03 17-46-42.fits,2026-03-03 17:46:42,1181.0490901789715,1052.6186882719057,180.0046128046241,239.54825044235523,423.8784704303635,564.093021893752,140194.8277932257,138374.96121659316,16556.604721189113,27014.348764751936,True,1,8
1466,image1466 26-03-03 17-47-42.fits,2026-03-03 17:47:42,1180.5687418883729,1052.1615130509922,180.77493106184264,240.41998405153333,425.69243130351504,566.1457976705718,140643.68547204512,138896.28510345842,16547.068067071385,27020.17302332414,True,1,8
1467,image1467 26-03-03 17-48-44.fits,2026-03-03 17:48:44,1180.3147337471073,1051.8500753813312,181.14771437178908,240.76019457587142,426.5702689142299,566.9469322328137,140852.73864117404,139171.39821456285,16538.13177089572,27008.955268786907,True,2,8
1468,image1468 26-03-03 17-49-44.fits,2026-03-03 17:49:44,1179.1319503814161,1050.1892811407092,183.29112379509982,243.3597558157012,431.61761238895025,573.0684311486503,142235.10693744902,140561.041695756,16508.986297398093,27032.31652774285,True,2,8
1469,image1469 26-03-03 17-50-44.fits,2026-03-03 17:50:44,1180.7151312577219,1052.2071626434476,180.83174783574353,240.51372342580615,425.82622458159085,566.3665370281182,140650.96668959683,138932.44136543103,16543.81061231328,27010.444544253933,True,2,8
1470,image1470 26-03-03 17-51-44.fits,2026-03-03 17:51:44,1180.4386174343133,1051.542049714265,181.6617229690385,241.40753641014348,427.78066666235105,568.4713057601446,141167.99579033194,139505.87419390443,16533.408450013638,27016.029944361115,True,1,9
1471,image1471 26-03-03 17-52-44.fits,2026-03-03 17:52:44,1181.7325673173577,1053.7254438792004,179.17771407170326,238.4819088009845,421.93127271887084,561.5819792218011,139527.28562826148,137809.43229654655,16568.382307091364,27019.576312111643,True,2,8
1472,image1472 26-03-03 17-53-44.fits,2026-03-03 17:53:44,1179.3268258449723,1050.3743609208775,182.95787726516312,243.1944432219747,430.8328767803183,572.6791497392471,142133.54663792148,140370.10785298716,16511.033171320596,27014.186919335745,True,2,8
1473,image1473 26-03-03 17-54-44.fits,2026-03-03 17:54:44,1179.6546157558853,1052.0261969348526,181.7762593881851,241.19608768703196,428.0503793180436,567.9733820684654,140977.604468105,139558.61549096348,16540.95550214065,27047.06660191669,True,2,8
1474,image1474 26-03-03 17-55-44.fits,2026-03-03 17:55:44,1181.4572036897418,1053.7272502520289,179.49097275935534,238.52602223148247,422.66894055583407,561.6858584121928,139547.56356454612,138021.33316076986,16560.902659296047,27020.429905998142,True,1,9
1475,image1475 26-03-03 17-56-44.fits,2026-03-03 17:56:44,1181.0753002650122,1054.0903094956652,178.9835021369286,238.01878999386494,421.4739385618792,560.4914177715651,139261.7423852382,137663.34951415326,16572.605771804825,27029.715838915643,True,2,8
1476,image1476 26-03-03 17-57-46.fits,2026-03-03 17:57:46,1182.2040157872277,1052.9313858737407,180.31944026339147,239.8214598707872,424.6198324409951,564.7363809323151,140210.8812044048,138562.28236573417,16555.997776204455,27027.205494013917,True,2,8
1477,image1477 26-03-03 17-58-46.fits,2026-03-03 17:58:46,1179.8804605744922,1051.4721680394705,182.66317827241028,242.26468084940382,430.13891368493347,570.4897266672017,141517.66922436035,140131.3295713946,16523.44165355927,27050.14839560514,True,2,8
1478,image1478 26-03-03 17-59-46.fits,2026-03-03 17:59:46,1179.014586036485,1050.6273021248328,183.66435150972535,243.70470355943775,432.4964964927116,573.8807210100894,142276.0387388112,140797.73681332992,16512.07813785183,27059.53475228778,True,1,8
1479,image1479 26-03-03 18-00-46.fits,2026-03-03 18:00:46,1181.1950085193362,1053.4663087370293,180.1085209059708,239.15146096206308,424.12315531025587,563.1586540719027,139863.07361899575,138436.33719553318,16557.890637872864,27037.81138701225,True,1,8
1480,image1480 26-03-03 18-01-46.fits,2026-03-03 18:01:46,1181.6101213023014,1054.8260347888333,179.04166327068978,237.75238568761273,421.6108975655018,559.8640835711199,138999.68581298075,137712.27776304606,16573.349032589373,27039.617041262925,True,2,8
1481,image1481 26-03-03 18-02-46.fits,2026-03-03 18:02:46,1180.6022638021468,1052.4452318753326,181.81073228985767,241.2529464234444,428.1315567979125,568.1072741607045,140914.380593077,139581.55198078117,16540.155618037978,27053.012584923446,True,1,8
1482,image1482 26-03-03 18-03-46.fits,2026-03-03 18:03:46,1178.531924554873,1050.0978977366326,184.483521187049,244.79946389828524,434.42549366915483,576.4586846005124,142800.08485540966,141297.21262321217,16501.084821137018,27073.373992582234,True,2,9
1483,image1483 26-03-03 18-04-46.fits,2026-03-03 18:04:46,1179.4147196214026,1052.0474116625358,182.31741300276767,241.6003590813602,429.32469869710354,568.9253684514622,141144.29618766694,139900.25114748304,16535.5902684201,27070.279315402877,True,1,9
1484,image1484 26-03-03 18-05-46.fits,2026-03-03 18:05:46,1181.4779767736406,1054.6853636588835,179.03183314584518,237.91929068558292,421.58774939047254,560.2571148059559,139073.22193654292,137678.46308173987,16573.61364865442,27038.746524745355,True,1,8
1485,image1485 26-03-03 18-06-46.fits,2026-03-03 18:06:46,1179.6901723252554,1049.8182399231455,184.78160951987735,244.8926802774003,435.1274380504889,576.6781923985776,142915.34772278607,141516.18771293107,16493.97607644269,27070.26471144669,True,2,9
1486,image1486 26-03-03 18-07-48.fits,2026-03-03 18:07:48,1181.3286505425847,1054.954808338008,179.18441920962962,237.93197856763558,421.94706211206454,560.2869924849425,139026.40424853598,137795.96025473668,16574.009732779807,27044.94981746566,True,1,8
1487,image1487 26-03-03 18-08-48.fits,2026-03-03 18:08:48,1179.3823342892522,1050.89738814678,183.5780458429755,243.38944204579295,432.2932621786493,573.1383368783318,142087.19964137045,140729.77718097297,16513.02919505667,27063.767899305578,True,2,8
1488,image1488 26-03-03 18-09-48.fits,2026-03-03 18:09:48,1179.2891660260202,1050.900264169533,183.5382360754575,243.5735610514239,432.1995173401098,573.5719040034627,142136.9371527547,140724.47261562056,16506.774031722773,27034.621925062555,True,1,8
1489,image1489 26-03-03 18-10-48.fits,2026-03-03 18:10:48,1178.382598026652,1050.6137744979667,184.51368061325934,244.49898075488542,434.4965136905416,575.7511008712405,142564.42667613554,141321.5053765241,16506.6412892731,27086.88344323619,True,1,8
1490,image1490 26-03-03 18-11-48.fits,2026-03-03 18:11:48,1178.4913389684941,1050.5443217427533,184.23994954097896,244.4617459663018,433.85192627458787,575.6634196447113,142568.13538114677,141135.67977490302,16507.2881096686,27078.525442472506,True,2,9
1491,image1491 26-03-03 18-12-48.fits,2026-03-03 18:12:48,1181.6851793505555,1054.480832576371,179.6547993912311,238.68566819496496,423.054722792485,562.0617959271096,139442.23710347828,138114.93564649776,16570.976996538076,27053.73253075804,True,2,8
1492,image1492 26-03-03 18-13-48.fits,2026-03-03 18:13:48,1179.0533160418418,1051.4972409643353,183.64846153401805,243.2179080447377,432.459078459401,572.7344051742425,141895.21195559076,140783.87126116856,16513.195307915907,27073.554689984085,True,2,8
1493,image1493 26-03-03 18-14-48.fits,2026-03-03 18:14:48,1181.8098230434643,1055.0302647424162,179.27300071074114,237.91955002710617,422.1556556065009,560.2577255085733,139005.70560062886,137841.06421268705,16577.492845566547,27060.3282992407,True,1,8
1494,image1494 26-03-03 18-15-48.fits,2026-03-03 18:15:48,1180.1353794671693,1052.931969581683,181.60536199846632,240.9866149100461,427.6479467190903,567.4801113743308,140681.91181445544,139434.21568773352,16546.667918007814,27057.14895640577,True,1,8
1495,image1495 26-03-03 18-16-48.fits,2026-03-03 18:16:48,1180.5455297161668,1053.993965087453,180.56508945474397,239.64065665309485,425.1982920808376,564.3106218910871,139912.4871067348,138716.6197060454,16560.052493711904,27060.452979596357,True,1,8
1496,image1496 26-03-03 18-17-50.fits,2026-03-03 18:17:50,1179.4325293680547,1052.312243992164,182.55446305189614,242.08823745741554,429.88290890446683,570.0742342309344,141256.06424018877,140071.48432309477,16532.48417407644,27061.15406311189,True,2,8
1497,image1497 26-03-03 18-18-50.fits,2026-03-03 18:18:50,1181.4137241585809,1054.7583057729778,179.7940975384406,238.69068424075826,423.3827448617696,562.0736078122904,139354.34097029603,138194.37986001465,16570.904487911423,27056.117336614578,True,1,8
1498,image1498 26-03-03 18-19-50.fits,2026-03-03 18:19:50,1178.2967167294473,1051.4572479582791,183.89383478551218,243.7398375138233,433.03688831053375,573.9634551501376,142081.89461905786,140907.9397209421,16519.137401799482,27094.0375567583,True,1,8
1499,image1499 26-03-03 18-20-50.fits,2026-03-03 18:20:50,1178.7947229550855,1051.3188588331477,183.7823459089351,243.534221599213,432.77435206917204,573.4792666728359,142039.63976397354,140868.69900639166,16514.693694305428,27072.2683933039,True,1,8
1500,image1500 26-03-03 18-21-50.fits,2026-03-03 18:21:50,1181.7529908234462,1055.5041494218724,178.98904806206085,237.59056522219706,421.4869982175489,559.4830254954628,138757.89536598313,137665.96525076803,16580.06513349436,27048.795099738352,True,2,8
1501,image1501 26-03-03 18-22-50.fits,2026-03-03 18:22:50,1178.57064816342,1051.1310731978033,184.69468472640204,244.4436688414996,434.92274580440306,575.6208512688705,142443.1756667741,141431.79024724485,16510.707096137674,27115.26398314197,True,2,9
1502,image1502 26-03-03 18-23-50.fits,2026-03-03 18:23:50,1179.013594892995,1051.0618306589163,184.51847617981622,244.20978063017807,434.507806386797,575.0700866205542,142353.19350476324,141315.56481485875,16511.20039711056,27104.030164989028,True,1,8
1503,image1503 26-03-03 18-24-50.fits,2026-03-03 18:24:50,1181.4701332112058,1056.1236691347115,179.00433136475493,237.24905255641266,421.5229876450872,558.6788246244417,138507.93335231952,137684.79628635067,16585.167352076296,27069.974380134496,True,1,8
1504,image1504 26-03-03 18-25-50.fits,2026-03-03 18:25:50,1179.194165049813,1052.3884631754,183.00274912998688,242.41073621944034,430.93854194706324,570.8336607802481,141377.19511262883,140350.4642804819,16532.9340985012,27090.721531286115,True,1,9
1505,image1505 26-03-03 18-26-52.fits,2026-03-03 18:26:52,1178.7497785422065,1051.1933866788586,184.4253089192714,244.09040726988053,434.2884142541254,574.7889838388828,142290.9325545128,141269.229517666,16510.04906886106,27099.483360084563,True,1,9
1506,image1506 26-03-03 18-27-52.fits,2026-03-03 18:27:52,1179.3854763729278,1051.8350660893843,183.8065076740541,243.26402971738577,432.8312486779976,572.8430134135045,141826.10474615422,140856.12686802153,16524.32040466049,27108.136823781126,True,2,9
1507,image1507 26-03-03 18-28-52.fits,2026-03-03 18:28:52,1179.6924516389874,1052.8509243279123,182.6026830630958,241.80711033154188,429.99645835341147,569.4122304397251,141011.19555938587,140075.60793076616,16540.404446653534,27086.99980247698,True,2,8
1508,image1508 26-03-03 18-29-52.fits,2026-03-03 18:29:52,1180.9273611662393,1055.0214438776363,180.497599527481,239.03678578332728,425.03936544728106,562.8886146623481,139448.8556460621,138663.49384041093,16570.555990532033,27090.71695310929,True,1,8
1509,image1509 26-03-03 18-30-52.fits,2026-03-03 18:30:52,1180.2100623759209,1053.1003650063374,182.26017966805938,241.46341020618374,429.1899244932885,568.6028784950522,140828.07563945334,139851.02681314756,16546.32161433673,27087.890309769708,True,2,8
1510,image1510 26-03-03 18-31-52.fits,2026-03-03 18:31:52,1181.4577329591725,1055.5602929318256,179.66657840697692,238.28052700110942,423.082460254874,561.1077613227508,139026.90225272544,138088.1922106785,16582.95155157268,27091.71046987279,True,1,8
1511,image1511 26-03-03 18-32-52.fits,2026-03-03 18:32:52,1181.9437868475557,1056.4776914151707,178.95761969915236,237.15170467068876,421.4129900785895,558.4495878717977,138375.47537860766,137611.94018687416,16593.392669107998,27094.316777375818,True,2,8
1512,image1512 26-03-03 18-33-52.fits,2026-03-03 18:33:52,1178.5723098559163,1052.1099761312585,184.18714073038308,243.59891765902202,433.7275710288425,573.6316142513087,141876.18903221065,141095.77170971394,16523.42968174053,27120.262484675084,True,2,9
1513,image1513 26-03-03 18-34-52.fits,2026-03-03 18:34:52,1181.6954692159084,1056.9611930161577,178.98442881460372,236.91179023199558,421.47612072104386,557.8846325424706,138171.96454830765,137634.01813510963,16594.84729331799,27101.249936198063,True,2,8
1514,image1514 26-03-03 18-35-52.fits,2026-03-03 18:35:52,1178.8016462573448,1052.7088434475334,183.53320467149388,242.6401123604148,432.18766928920166,571.3738003148666,141404.23406907302,140678.13085786856,16532.76626885395,27126.491377105333,True,1,9
1515,image1515 26-03-03 18-36-54.fits,2026-03-03 18:36:54,1182.0695608245567,1057.0584348128664,178.58360522253042,236.46055415884402,420.5322532919084,556.8220527923723,137971.18151223793,137335.30886499042,16604.31347309552,27114.532403454286,True,2,8
1516,image1516 26-03-03 18-37-54.fits,2026-03-03 18:37:54,1179.2535569868817,1052.6700336453398,183.7480356389386,242.8873913899987,432.6935575576339,571.9560979304465,141492.90321435579,140796.50583650876,16531.041581011028,27133.59743134567,True,1,8
1517,image1517 26-03-03 18-38-54.fits,2026-03-03 18:38:54,1178.6496428439152,1052.0800156521384,184.4211919057223,243.85842975505048,434.27871942809435,574.2427185369646,141994.17924330386,141236.8339679001,16521.067064298717,27133.54292979387,True,3,9
1518,image1518 26-03-03 18-39-54.fits,2026-03-03 18:39:54,1180.1554935556776,1054.1402849025158,181.9378695236751,240.7760119036971,428.43094210457554,566.9841791934364,140329.55455862547,139618.57227469757,16560.67484419875,27118.10987122667,True,1,8
1519,image1519 26-03-03 18-40-54.fits,2026-03-03 18:40:54,1180.4613933880541,1054.9607194112084,181.0978800582254,239.8187071587296,426.4529180737198,564.7298987907837,139757.53129469472,139054.20255158265,16569.044770184875,27106.409581937103,True,2,8
1520,image1520 26-03-03 18-41-54.fits,2026-03-03 18:41:54,1181.7616509602374,1056.5346132530135,179.6822239182721,237.73811499775906,423.1193026184866,559.830478664596,138593.75893785,138078.2536862482,16590.803879499468,27122.888768654117,True,2,8
1521,image1521 26-03-03 18-42-54.fits,2026-03-03 18:42:54,1179.4648096072758,1053.166624270764,183.0307252202858,242.0654844261734,431.0044206052807,570.0206549368802,141058.0752990936,140330.61345951149,16544.473423434923,27129.373173347663,True,1,9
1522,image1522 26-03-03 18-43-54.fits,2026-03-03 18:43:54,1181.360035671911,1056.339642590817,179.37758649025997,237.61598475803302,422.401936296537,559.5428839279847,138594.8392369824,137879.8194105566,16595.8309350336,27117.935862447186,True,2,8
1523,image1523 26-03-03 18-44-54.fits,2026-03-03 18:44:54,1178.7454803605654,1052.4633220681399,184.2579271878614,243.590223201828,433.8942603978292,573.6111403692277,141786.29219969784,141124.96108123232,16523.95875716934,27130.78772314968,True,1,9
1524,image1524 26-03-03 18-45-56.fits,2026-03-03 18:45:56,1178.5627917098188,1052.3692120192727,184.4100996619312,243.73853127480564,434.2525991900707,573.9603791923153,141866.3778136124,141224.29171704187,16522.531686370403,27134.273986228694,True,1,9
1525,image1525 26-03-03 18-46-56.fits,2026-03-03 18:46:56,1181.2763054946176,1056.2853996136355,179.9447857842546,238.07742295064992,423.73758856356295,560.6294878335018,138786.9914281383,138264.356780087,16585.076156445095,27117.842124739916,True,2,8
1526,image1526 26-03-03 18-47-56.fits,2026-03-03 18:47:56,1181.1668275124448,1057.2572848392012,179.04709989916807,237.09261277331225,421.6236998472198,558.3104370873566,138168.69410437142,137647.47994292487,16598.978459735645,27118.928658023822,True,2,8
1527,image1527 26-03-03 18-48-56.fits,2026-03-03 18:48:56,1179.834283646208,1054.4424234921726,182.57141972824428,241.09721941333507,429.92283882582853,567.7405650757463,140400.2572948071,140001.2474023713,16561.035964662136,27164.556972323415,True,1,8
1528,image1528 26-03-03 18-49-56.fits,2026-03-03 18:49:56,1179.5544534173011,1054.9116925942703,182.28718379143274,240.72815652486278,429.25351434430655,566.8714883880948,140137.6380209003,139826.8314002273,16563.9141443903,27153.104297819722,True,1,8
1529,image1529 26-03-03 18-50-56.fits,2026-03-03 18:50:56,1180.9192506374443,1056.4044034499152,180.16459928634654,238.37681160025122,424.25520980445754,561.3344942268377,138864.82146260978,138393.74822511608,16589.600389817915,27134.4866239658,True,1,8
1530,image1530 26-03-03 18-51-56.fits,2026-03-03 18:51:56,1181.4801044795188,1056.7673365897708,179.80800326272603,237.78667013191088,423.4154903400576,559.9448172677859,138552.51366791967,138163.60329032756,16594.26677220995,27131.5100050186,True,3,9
1531,image1531 26-03-03 18-52-56.fits,2026-03-03 18:52:56,1179.6206299670957,1054.0044034533867,182.83468438077614,241.69641214591778,430.54277970675867,569.151556133269,140716.36214583294,140180.93911834367,16551.375127467043,27144.73129220463,True,2,9
1532,image1532 26-03-03 18-53-56.fits,2026-03-03 18:53:56,1179.0238670118763,1053.6317012419863,183.71168704995387,242.61097863986896,432.60796317168405,571.3051956457389,141149.09868083504,140758.14719378663,16542.259697516263,27156.93365236526,True,2,9
1533,image1533 26-03-03 18-54-56.fits,2026-03-03 18:54:56,1181.169824471824,1056.4453149365359,180.37078591093825,238.48149280321925,424.7407422010633,561.5809996219248,138897.57786117066,138526.82406649797,16585.259802073746,27137.612355026762,True,2,8
1534,image1534 26-03-03 18-55-58.fits,2026-03-03 18:55:58,1179.819722305091,1053.3970732201224,183.61649367333337,242.53026396235762,432.3837999002639,571.115127105207,141158.02956309426,140690.39983888294,16541.304242140908,27147.212214799314,True,2,8
1535,image1535 26-03-03 18-56-58.fits,2026-03-03 18:56:58,1180.4656164661703,1055.747033300802,181.25263409876655,239.4521871188553,426.81733599043565,563.8668100539821,139449.7655808226,139137.31095887924,16576.57871123214,27145.404128960523,True,1,8
1536,image1536 26-03-03 18-57-58.fits,2026-03-03 18:57:58,1181.2968162656543,1056.4493692461215,180.28676688086122,238.4791961187434,424.54289250487386,561.5755913432839,138887.67296400736,138454.55150634117,16591.875173735214,27147.692893496973,True,1,8
1537,image1537 26-03-03 18-58-58.fits,2026-03-03 18:58:58,1181.9018980954756,1058.145536469697,178.3914766148328,236.10712132843042,420.07982499527816,555.9897820787423,137573.527067835,137183.1393090759,16621.837013856766,27148.63401353839,True,1,8
1538,image1538 26-03-03 18-59-58.fits,2026-03-03 18:59:58,1179.692316148099,1054.456915776858,182.67537137284384,241.39330253864668,430.16762624224555,568.4377875542256,140477.4484509306,140063.0875834239,16560.74643554151,27155.894129814722,True,1,9
1539,image1539 26-03-03 19-00-58.fits,2026-03-03 19:00:58,1179.7085626377263,1054.410800788096,182.7504673260361,241.4710657561107,430.3444636981234,568.620905937476,140512.5867909478,140132.91816431697,16556.366305309595,27141.656729247876,True,2,8
1540,image1540 26-03-03 19-01-58.fits,2026-03-03 19:01:58,1180.9720409224863,1055.9907956443933,180.92606802976124,239.14059831035587,426.048331665115,563.1330744819204,139252.5366541849,138903.0007276423,16584.535057760648,27147.104764762105,True,2,9
1541,image1541 26-03-03 19-02-58.fits,2026-03-03 19:02:58,1181.8479971166526,1058.1437616809128,178.9349945315939,236.4104746016244,421.35971188050064,556.7041244471852,137691.57219749186,137539.99757491457,16611.858345611836,27154.44883920753,True,1,8
1542,image1542 26-03-03 19-03-58.fits,2026-03-03 19:03:58,1179.6853059612063,1054.6711251901133,183.0571357198345,241.56550498677376,431.06661257901726,568.8432933308786,140514.35507051705,140310.55553346692,16557.580717764547,27176.403879026075,True,2,9
1543,image1543 26-03-03 19-04-58.fits,2026-03-03 19:04:58,1179.1260549728374,1053.981344979024,183.74631735590316,242.2983686413754,432.689511310299,570.5690553550091,140967.4863092505,140785.34776057108,16545.051507444194,27173.381400327442,True,2,8
1544,image1544 26-03-03 19-06-00.fits,2026-03-03 19:06:00,1180.4233266922363,1056.137861608908,181.22108955750434,239.43709323130977,426.7430542723601,563.8312666650324,139363.5446400068,139111.35814697007,16581.69314447057,27159.971359230243,True,1,8
1545,image1545 26-03-03 19-07-00.fits,2026-03-03 19:07:00,1181.1262324204822,1056.7663926416167,180.7832124238319,238.70861894726212,425.7119324207275,562.1158408186675,138932.7272446031,138826.0221397157,16587.841793912274,27157.547927276548,True,2,8
1546,image1546 26-03-03 19-08-00.fits,2026-03-03 19:08:00,1180.4165809930912,1057.1962658604225,180.3613954548227,238.2313036025121,424.7186293667705,560.9918490770493,138652.15545698022,138550.34668100972,16594.19407231136,27156.00357283246,True,1,8
1547,image1547 26-03-03 19-09-00.fits,2026-03-03 19:09:00,1179.1681716650141,1054.0716813149502,183.8557360451286,242.53336248905012,432.94717263298804,571.1224235779725,141031.72509017517,140868.35729643318,16544.272416482338,27169.199642874064,True,1,9
1548,image1548 26-03-03 19-10-00.fits,2026-03-03 19:10:00,1181.791759204361,1058.7380633594312,178.56977562572274,235.74493458114534,420.49968708013097,555.1368974661909,137321.52182661736,137340.36982687554,16615.02618581145,27146.792712512328,True,2,8
1549,image1549 26-03-03 19-11-00.fits,2026-03-03 19:11:00,1179.7063345982938,1054.0905740840797,183.7951979555555,242.36985942009815,432.80461632617346,570.7374032737804,140962.78850625327,140811.42308512316,16546.43936108453,27177.302051122813,True,2,8
1550,image1550 26-03-03 19-12-00.fits,2026-03-03 19:12:00,1181.3765826290658,1058.5949510782475,178.87004222598537,236.32914844886938,421.2067608892827,556.5126159924924,137544.7388840178,137519.14137051583,16618.83857203666,27153.81606928346,True,2,8
1551,image1551 26-03-03 19-13-00.fits,2026-03-03 19:13:00,1181.6166956414033,1058.6367311480235,178.988485234758,236.1475654102545,421.48567286053424,556.0850206133246,137503.54514587094,137598.4746014786,16615.022107472967,27168.55578951452,True,3,8
1552,image1552 26-03-03 19-14-00.fits,2026-03-03 19:14:00,1182.3109408097496,1059.091189345693,178.41529099245452,235.46150205265684,420.13590356906167,554.4694648666923,137138.2214352036,137233.63112720445,16621.063603696093,27158.792783769248,True,2,8
1553,image1553 26-03-03 19-15-02.fits,2026-03-03 19:15:02,1179.8476712502443,1055.3291721441008,182.63821575352617,240.77399055158162,430.08013144509073,566.9794192729568,140085.65777083277,140073.22196349318,16562.834971775766,27173.216202595566,True,1,9
1554,image1554 26-03-03 19-16-02.fits,2026-03-03 19:16:02,1179.4574851702623,1054.8458051509583,183.74024205889555,241.87556084633607,432.67520507912593,569.5734190840552,140614.7949367081,140779.5822233566,16550.90490606636,27195.24550400712,True,2,9
1555,image1555 26-03-03 19-17-02.fits,2026-03-03 19:17:02,1180.4137508319964,1056.6687759627403,181.40855682274605,239.31492880688907,427.1845059463384,563.543591429617,139211.1251640214,139256.6809832338,16581.011207349366,27169.617284686756,True,2,9
1556,image1556 26-03-03 19-18-02.fits,2026-03-03 19:18:02,1178.9149072701268,1054.209179355681,184.3814793954153,242.73064039875234,434.18520361278496,571.5869775541812,141069.05421403525,141200.8396673026,16539.30387437986,27186.198137308762,True,2,8
1557,image1557 26-03-03 19-19-02.fits,2026-03-03 19:19:02,1180.8102214647943,1056.601306387066,181.15911829261287,238.99289614439937,426.59712309557773,562.7852624608315,139104.02053276356,139095.85458179962,16582.02064698612,27162.019050139796,True,3,8
1558,image1558 26-03-03 19-20-02.fits,2026-03-03 19:20:02,1180.5616341731213,1056.4916194460372,181.783753649193,239.60014272998407,428.06802695408766,564.2152188928429,139380.25541648385,139522.71594558915,16579.69019952418,27180.433182477354,True,2,8
1559,image1559 26-03-03 19-21-02.fits,2026-03-03 19:21:02,1181.6585216353558,1059.4056144209544,178.63764389268124,235.43770614331075,420.6595046355863,554.4134297823745,137054.52404718113,137387.39026958082,16616.444674619488,27159.842822858613,True,2,8
1560,image1560 26-03-03 19-22-02.fits,2026-03-03 19:22:02,1181.1248558155926,1058.0974426802047,179.97752611031407,237.3257016099953,423.81468613964864,558.8593193522507,138108.2386382572,138277.15130221884,16604.86907964296,27181.766040423638,True,2,8
1561,image1561 26-03-03 19-23-02.fits,2026-03-03 19:23:02,1181.040561978768,1057.6369871495006,180.55666534888792,238.00135237129626,425.1784548275063,560.4503553084027,138482.42651558798,138683.23473122687,16595.46170206088,27177.32557171933,True,2,8
1562,image1562 26-03-03 19-24-02.fits,2026-03-03 19:24:02,1180.3250283909856,1055.9644066537865,182.16350829117584,239.91412484267588,428.96228079722243,564.9545902655908,139615.0324533474,139769.71280828683,16571.524547210025,27176.686018742905,True,1,8
1563,image1563 26-03-03 19-25-04.fits,2026-03-03 19:25:04,1180.8341143475518,1057.0860548956605,181.25997220041546,238.85440206622624,426.83461589929095,562.4591338294314,138935.2487097963,139159.00972365824,16584.16564490702,27173.757645183043,True,2,8
1564,image1564 26-03-03 19-26-04.fits,2026-03-03 19:26:04,1179.1144614963457,1054.9065737685512,183.81134249592486,242.05732033168755,432.842633813453,570.0014299635354,140670.11702925074,140829.1611152782,16552.118946552782,27197.759817549828,True,2,8
1565,image1565 26-03-03 19-27-04.fits,2026-03-03 19:27:04,1180.3610039787259,1056.8625061941268,181.73512048900565,239.42452407672528,427.9535046136253,563.8016685678679,139204.8799877914,139484.00705024193,16577.80253312113,27173.142528711553,True,2,9
1566,image1566 26-03-03 19-28-04.fits,2026-03-03 19:28:04,1178.8176259591407,1054.7206998004392,184.24029327932416,242.4342379851683,433.85273571653346,570.8890032092779,140856.27242303017,141102.04595083697,16548.80217515653,27210.038920676954,True,2,9
1567,image1567 26-03-03 19-29-04.fits,2026-03-03 19:29:04,1180.2722547324627,1056.6350426674517,181.9408483807635,239.54189550302544,428.43795677695863,564.0780571552333,139306.10488928139,139609.55472332618,16577.076273754934,27183.73422513881,True,2,9
1568,image1568 26-03-03 19-30-04.fits,2026-03-03 19:30:04,1180.9863097951043,1058.5733788591476,180.10646864173245,237.19492985352994,424.11832259728965,558.5513753988023,137941.05829868617,138354.91627737173,16603.913629961135,27189.874401811656,True,3,8
1569,image1569 26-03-03 19-31-04.fits,2026-03-03 19:31:04,1179.30451879338,1055.4857409117983,183.3007186402422,241.3697818616303,431.6402065226205,568.3824005925146,140273.30871270897,140496.37307590133,16565.74541026689,27205.473549218677,True,2,8
1570,image1570 26-03-03 19-32-04.fits,2026-03-03 19:32:04,1181.4707257610044,1058.8406892699415,179.59060498492335,236.70571700872145,422.9035565177326,557.3993671855605,137670.20692436118,138020.30225699247,16611.60821379569,27175.900281168604,True,3,8
1571,image1571 26-03-03 19-33-04.fits,2026-03-03 19:33:04,1178.9078520701157,1054.9854677208152,184.21366544940253,242.28912748196348,433.7900319688783,570.5472940875867,140744.09485271742,141084.47175621014,16549.106670647434,27213.93976315425,True,1,8
1572,image1572 26-03-03 19-34-04.fits,2026-03-03 19:34:04,1179.3005174002801,1056.3447379641339,182.82518397676031,240.61445075866186,430.52040796494634,566.6037317706092,139795.18810589833,140191.88630498364,16571.828856337575,27206.625688830078,True,2,8
1573,image1573 26-03-03 19-35-06.fits,2026-03-03 19:35:06,1179.9884851426175,1056.585483308109,182.08118824747447,239.77735837865413,428.7684319082066,564.6325298546244,139403.90792559882,139709.69681548863,16575.775563398267,27180.981194536234,True,2,8
1574,image1574 26-03-03 19-36-06.fits,2026-03-03 19:36:06,1179.5842502622945,1056.3857299308563,183.0483697117816,240.5790260827715,431.04597020753937,566.5203130337339,139773.26625214133,140333.36616534143,16570.14611422613,27216.89424002676,True,2,8
1575,image1575 26-03-03 19-37-06.fits,2026-03-03 19:37:06,1179.2149693438753,1056.0568673092007,183.3849192186607,241.0886009436981,431.8384837324836,567.7202701306877,140039.29925240215,140555.34131846612,16563.145661123224,27211.82043144051,True,2,8
1576,image1576 26-03-03 19-38-06.fits,2026-03-03 19:38:06,1179.720792104852,1056.4520580509823,183.06131475906346,240.66432157985466,431.0764534643626,566.7211685800162,139786.27054305366,140323.2025485729,16571.50182969182,27224.42931589138,True,2,8
1577,image1577 26-03-03 19-39-06.fits,2026-03-03 19:39:06,1180.7302103937675,1058.9965438011473,180.29340729462595,237.06958465197349,424.55852948431436,558.2562100056286,137799.09974670561,138496.6870482875,16604.95810236865,27198.05691238864,True,2,8
1578,image1578 26-03-03 19-40-06.fits,2026-03-03 19:40:06,1180.0424533248422,1057.073954194741,181.92433646354644,239.37644228227637,428.399074183314,563.6884445944985,139125.33766260193,139586.6812468845,16581.84937596266,27193.106844865728,True,1,9
1579,image1579 26-03-03 19-41-06.fits,2026-03-03 19:41:06,1181.5777044943113,1059.5309838717521,179.52261556908968,236.41349249731562,422.7434536784776,556.7112310484528,137395.61711510993,137943.0946902415,16616.41409042541,27198.035481574676,True,1,8
1580,image1580 26-03-03 19-42-06.fits,2026-03-03 19:42:06,1180.3914996400415,1057.1055258014762,182.36592673064962,239.7996931965015,429.43893979597914,564.6851243313935,139313.23294795855,139881.34438300235,16578.83614768554,27214.865183743103,True,2,9
1581,image1581 26-03-03 19-43-08.fits,2026-03-03 19:43:08,1180.178601155903,1058.0044621007426,181.44867999504586,238.59958741367348,427.27898879674024,561.8590911778325,138643.32094965817,139277.12846535936,16595.756864730087,27217.209020127084,True,2,9
1582,image1582 26-03-03 19-44-08.fits,2026-03-03 19:44:08,1182.1242974018642,1060.5040294131525,178.8551436773619,235.25391334805153,421.17167748834225,553.9806308239657,136741.88719049806,137516.34562639764,16628.427576167924,27206.019200740713,True,3,8
1583,image1583 26-03-03 19-45-08.fits,2026-03-03 19:45:08,1181.8283040937595,1059.6964206744658,179.42426210579143,236.08175797773396,422.51184897160465,555.9300559521132,137245.7109255727,137895.98116552047,16615.86683082581,27196.376912629676,True,2,8
1584,image1584 26-03-03 19-46-08.fits,2026-03-03 19:46:08,1181.5341570027167,1059.957774782284,179.3492928110714,235.8960226883478,422.335309773636,555.4926827695971,137116.1094196172,137847.56775366404,16617.599677074882,27199.57222542003,True,2,8
1585,image1585 26-03-03 19-47-08.fits,2026-03-03 19:47:08,1182.0576040996207,1060.2357359817602,178.8783964033502,235.31051860905745,421.2264334736011,554.1139260272367,136822.2240946308,137521.85293661137,16627.88909918645,27206.375287587613,True,3,9
1586,image1586 26-03-03 19-48-08.fits,2026-03-03 19:48:08,1179.5995011736845,1057.029484044415,182.6875989885,239.9446518618776,430.19642007669563,565.0264759023221,139389.98802754932,140100.01547885896,16581.55393581709,27230.492132107767,True,2,8
1587,image1587 26-03-03 19-49-08.fits,2026-03-03 19:49:08,1179.5815499789846,1056.9134055906015,183.17095596328772,240.41063856976044,431.33463876983126,566.1237907427626,139584.23029114306,140404.32107722954,16570.691615811167,27230.437526402704,True,2,8
1588,image1588 26-03-03 19-50-08.fits,2026-03-03 19:50:08,1180.3047442966208,1057.5356772001574,182.18797735807945,239.52338242654477,429.01990104645023,564.0344621916414,139109.5486813001,139771.78158572744,16581.726663879184,27214.501920975188,True,2,9
1589,image1589 26-03-03 19-51-08.fits,2026-03-03 19:51:08,1179.3147898996904,1056.1581667812623,183.77074493465307,241.40418540764972,432.7470338623908,568.4634147523013,140142.92420311397,140793.51573494033,16563.394133802674,27235.085264783873,True,2,9
1590,image1590 26-03-03 19-52-10.fits,2026-03-03 19:52:10,1181.0619276492425,1059.0365648234203,180.73375186763306,237.50584309345578,425.5954617115521,559.2835201284452,137961.73859835544,138769.64962276287,16605.701301280074,27222.54236618921,True,1,8
1591,image1591 26-03-03 19-53-10.fits,2026-03-03 19:53:10,1181.2464307475302,1059.4446296460571,180.48203227194725,237.21306483509542,425.0027073619041,558.594080016909,137758.2525669811,138599.11474669416,16611.253288372925,27228.362899726548,True,2,8
1592,image1592 26-03-03 19-54-10.fits,2026-03-03 19:54:10,1179.7973336462499,1056.3454759092165,183.663060666509,241.19764057765593,432.4934567892307,567.9770388464344,140001.26268306834,140731.13361577995,16565.121633741088,27225.63310340654,True,2,9
1593,image1593 26-03-03 19-55-10.fits,2026-03-03 19:55:10,1181.2831180724984,1059.7290940454254,180.15974069540627,236.7465766080414,424.24376869712074,557.4955841890711,137504.7725349786,138371.5051341624,16615.667600533787,27229.660571236436,True,3,8
1594,image1594 26-03-03 19-56-10.fits,2026-03-03 19:56:10,1179.018545270106,1056.6570014588738,184.06454238514235,241.34544805126603,433.438873987982,568.3250988480969,140004.19673413562,140994.57774535503,16562.058499033705,27246.243046042833,True,2,9
1595,image1595 26-03-03 19-57-10.fits,2026-03-03 19:57:10,1181.5817808756956,1060.7458414661692,179.3534029199567,235.39393860269632,422.3449883404264,554.3103651004138,136764.73961648447,137843.04340032357,16624.366118713457,27231.24644791465,True,3,8
1596,image1596 26-03-03 19-58-10.fits,2026-03-03 19:58:10,1180.3141088479979,1058.8856005966286,181.49392006910878,238.31813609193267,427.38552102998227,561.1963239636968,138324.6087527027,139292.73966267012,16599.251135160546,27235.082782945316,True,1,9
1597,image1597 26-03-03 19-59-10.fits,2026-03-03 19:59:10,1182.6412792896367,1061.7186068436172,178.18570966670774,234.05265243676052,419.5952808612284,551.1518775507456,135977.8792394076,137043.8798425637,16647.41751082605,27228.86408789168,True,2,8
1598,image1598 26-03-03 20-00-10.fits,2026-03-03 20:00:10,1179.4500738690915,1058.0460118784777,182.3997149230712,239.5911396414461,429.5185049087788,564.1940182394866,139019.49826186796,139909.4911320707,16589.63210723822,27240.13019156511,True,2,8
1599,image1599 26-03-03 20-01-10.fits,2026-03-03 20:01:10,1180.0782926912095,1058.6354203566405,181.52627280200235,238.39687531098605,427.4617058939116,561.3817406550538,138416.24344161944,139299.57579982848,16597.036880997315,27237.43210394855,True,2,8
1600,image1600 26-03-03 20-02-12.fits,2026-03-03 20:02:12,1181.3692635252805,1060.369464282086,179.79155868627961,236.12657964741527,423.37676632180955,556.0356029183305,137116.93495718343,138144.31780225757,16619.408624499578,27222.853575331595,True,1,8
1601,image1601 26-03-03 20-03-12.fits,2026-03-03 20:03:12,1179.373711377859,1056.559877956837,183.9908124223451,241.30488531144525,433.26525319366766,568.2295808952856,140021.79679840794,140926.61865803727,16568.70761730881,27264.62760776469,True,2,9
1602,image1602 26-03-03 20-04-12.fits,2026-03-03 20:04:12,1181.9134292059239,1061.379596279184,178.65625625520556,234.64532920853057,420.703333399944,552.5475246931339,136287.63562164555,137357.89970660003,16636.79519290912,27224.794148624183,True,2,8
1603,image1603 26-03-03 20-05-12.fits,2026-03-03 20:05:12,1179.502125883106,1057.4353957310211,183.51758555015675,240.53433368593952,432.15088906919124,566.4150704818135,139539.7641795636,140646.32124497552,16576.233008184237,27262.2475781946,True,2,9
1604,image1604 26-03-03 20-06-12.fits,2026-03-03 20:06:12,1180.9846647706565,1059.8266396295303,180.64263943563486,237.14572094614041,425.38090833033124,558.4354972772874,137644.75039931398,138720.68861171123,16608.67705229464,27228.70714206367,True,2,8
1605,image1605 26-03-03 20-07-12.fits,2026-03-03 20:07:12,1180.6378597485445,1058.88681478722,181.6846770438024,238.3543709713562,427.83471937772026,561.2816505840926,138351.09285465057,139423.9813108416,16597.881511604384,27243.751827050768,True,1,9
1606,image1606 26-03-03 20-08-12.fits,2026-03-03 20:08:12,1179.6265151581968,1057.7517877680275,182.83719124334115,240.00112142991588,430.54868291697693,565.1594515730728,139226.99949522605,140183.97887690912,16580.862813246193,27238.28506489378,True,2,9
1607,image1607 26-03-03 20-09-12.fits,2026-03-03 20:09:12,1179.551898215267,1057.4682087892709,183.28477239444754,240.32938983463904,431.60265598338026,565.9324645926653,139442.06182767035,140488.41944718832,16577.353815931987,27253.1546770421,True,2,9
1608,image1608 26-03-03 20-10-12.fits,2026-03-03 20:10:12,1182.4580824260365,1062.176601707185,178.1070071973898,233.84080877244162,419.40995070888505,550.6530238435946,135791.01731601334,137003.354993746,16646.62673813626,27224.992940555105,True,2,8
1609,image1609 26-03-03 20-11-12.fits,2026-03-03 20:11:12,1180.2993305614325,1059.0147665163545,181.9271971008863,238.51065881084295,428.40581046946346,561.6496803213106,138392.1796719936,139561.58171328926,16604.175942138627,27275.873148086266,True,1,9
1610,image1610 26-03-03 20-12-14.fits,2026-03-03 20:12:14,1182.0022517034176,1061.973477057824,178.9408199247463,234.60138052403929,421.3734296330661,552.4440334499411,136150.86651808192,137540.11255640088,16644.049232498764,27261.036116320123,True,2,8
1611,image1611 26-03-03 20-13-14.fits,2026-03-03 20:13:14,1182.0134700336741,1062.1807346551732,178.47666877256998,234.1571485857279,420.2804371959971,551.3979471769625,135903.58856288338,137225.4456774154,16646.442925426392,27242.617556557005,True,2,8
1612,image1612 26-03-03 20-14-14.fits,2026-03-03 20:14:14,1179.5726971194263,1057.912862099288,182.95676217715828,239.92973262241256,430.83025094873256,564.9913437781731,139177.58259528375,140249.04542993975,16586.53224889546,27264.987185986683,True,2,9
1613,image1613 26-03-03 20-15-14.fits,2026-03-03 20:15:14,1179.388532533795,1057.2495843770819,183.9477233648649,241.1058007437581,433.1637862173918,567.7607725646395,139776.9922231759,140897.67735804702,16575.36451649786,27275.89566353062,True,2,9
1614,image1614 26-03-03 20-16-14.fits,2026-03-03 20:16:14,1181.742496658966,1061.5537169064073,178.90542141605823,234.8220951339387,421.2900725152432,552.9637766375633,136305.49483649852,137518.40604155735,16635.61776187819,27230.871507529606,True,3,8
1615,image1615 26-03-03 20-17-14.fits,2026-03-03 20:17:14,1180.021802955735,1059.1092043585843,182.16101708734035,238.7710212261788,428.95641446049433,562.2627869559161,138436.50252767844,139707.94615216268,16597.341333104912,27263.570432299093,True,2,9
1616,image1616 26-03-03 20-18-14.fits,2026-03-03 20:18:14,1181.5997553365744,1061.2245796608304,179.53858424375642,235.39433514646888,422.7810570336754,554.3112988896382,136617.66705039176,137956.27079905587,16629.880269608937,27240.606389927343,True,1,8
1617,image1617 26-03-03 20-19-14.fits,2026-03-03 20:19:14,1180.4749388611453,1059.9155583050658,181.1935707588171,237.4259277647424,426.67825245359614,559.0953339104856,137738.47913754458,139069.46851091736,16613.17523970019,27265.660533069244,True,2,9
1618,image1618 26-03-03 20-20-14.fits,2026-03-03 20:20:14,1181.4860395748938,1061.5553385349654,179.53660174846456,235.34634512972573,422.77638861402295,554.1982910362501,136565.1948919991,137929.5354130289,16638.72594786134,27281.912199101826,True,1,8
1619,image1619 26-03-03 20-21-16.fits,2026-03-03 20:21:16,1181.7635031538432,1061.7791716641107,179.49546192697431,235.08750257126277,422.6795117377287,553.5887633910744,136419.69640109313,137934.91427466137,16633.09465433584,27265.29517694512,True,3,8
1620,image1620 26-03-03 20-22-16.fits,2026-03-03 20:22:16,1180.2873604393058,1059.6237909531483,181.69437115702513,238.08762955204372,427.85754726985596,560.6535225430556,138075.67341601627,139408.08320788955,16603.049683321857,27266.39843544044,True,1,9
1621,image1621 26-03-03 20-23-16.fits,2026-03-03 20:23:16,1181.8376384146502,1061.874920945136,179.14636660902102,234.8758303492078,421.8574550853858,553.0903133996031,136282.7604848858,137671.44761934926,16643.895180937932,27269.44515807209,True,1,8
1622,image1622 26-03-03 20-24-16.fits,2026-03-03 20:24:16,1180.9625548415988,1060.8258830298514,180.64804824683577,236.70277560708692,425.3936451073669,557.3924407140311,137244.5170628074,138699.99502019017,16619.178006270537,27264.898476632134,True,1,8
1623,image1623 26-03-03 20-25-16.fits,2026-03-03 20:25:16,1181.2911783001157,1061.7283359144865,179.48529206535318,235.37162026800206,422.6555635437281,554.2578094385041,136502.4121912823,137902.88679888684,16637.018606843794,27263.15681014454,True,2,8
1624,image1624 26-03-03 20-26-16.fits,2026-03-03 20:26:16,1181.5353730225575,1061.9227835088975,179.63424835482786,235.29216390922346,423.0063288000165,554.0707040121471,136424.80642793167,137990.17720192228,16637.02519434937,27274.716919206112,True,3,8
1625,image1625 26-03-03 20-27-16.fits,2026-03-03 20:27:16,1180.4700078131232,1059.8864635245063,181.99360433525007,238.16998567546682,428.56218755607836,560.8474563933233,138052.00841932275,139595.6295681898,16607.311403707627,27292.716338079474,True,1,9
1626,image1626 26-03-03 20-28-16.fits,2026-03-03 20:28:16,1179.6638071049135,1059.6517075872912,182.096433882765,238.3750128819406,428.804332635788,561.3302585689045,138181.05042937823,139667.80367007412,16602.900934996447,27283.84934306425,True,1,9
1627,image1627 26-03-03 20-29-16.fits,2026-03-03 20:29:16,1178.9166148917175,1058.4549633855818,183.6255619107915,240.36482808600465,432.40515396760344,566.0159152973418,139216.4462633625,140665.62248389298,16587.69417320658,27303.38931032945,True,2,9
1628,image1628 26-03-03 20-30-16.fits,2026-03-03 20:30:16,1180.6538073458767,1060.8081627011397,181.01028495120542,236.9870926587845,426.2466473598625,558.0619562065126,137356.82271302424,138911.2312181894,16620.60468530075,27289.930003430305,True,2,9
1629,image1629 26-03-03 20-31-18.fits,2026-03-03 20:31:18,1181.8610171223681,1062.5196668866238,179.22134028432814,234.52228629462482,422.0340045988487,552.2577807730696,136008.27615632853,137717.92203893414,16645.46718288872,27287.315593684896,True,2,8
1630,image1630 26-03-03 20-32-18.fits,2026-03-03 20:32:18,1180.5691400382273,1060.6398073904165,181.4914747656955,237.3914046136616,427.3797627804885,559.014038102303,137580.4849878662,139247.9946664605,16616.155993219272,27303.110442779045,True,1,9
1631,image1631 26-03-03 20-33-18.fits,2026-03-03 20:33:18,1182.5277628428198,1063.2620983234394,177.89839592965438,233.10679794922024,418.9187087140024,548.9245604438032,135249.04374937256,136807.5498494819,16667.139224729635,27279.60750072227,True,1,9
1632,image1632 26-03-03 20-34-18.fits,2026-03-03 20:34:18,1182.5135515870363,1062.9750810339779,178.40211527815694,233.6224843542691,420.10487713292616,550.1389091273622,135524.12985525743,137171.046134794,16655.84924549517,27269.578636274404,True,2,9
1633,image1633 26-03-03 20-35-18.fits,2026-03-03 20:35:18,1179.3299272898942,1059.0406322118092,183.2079770277058,239.7037116282226,431.4218167144113,564.4591050104568,138827.35120174283,140374.37563628508,16595.564449877114,27312.922935931925,True,1,9
1634,image1634 26-03-03 20-36-18.fits,2026-03-03 20:36:18,1182.2211535838928,1062.899470501995,178.52901909266728,233.88523372356886,420.403712779126,550.7576366090085,135636.52816250283,137245.31461278867,16653.63572159887,27269.807319015523,True,2,8
1635,image1635 26-03-03 20-37-18.fits,2026-03-03 20:37:18,1182.210208585894,1062.7292300973095,178.79862462880712,234.163858937691,421.0385852998794,551.4137488482744,135782.8805252222,137435.51985839292,16649.465882057786,27266.75724677445,True,1,8
1636,image1636 26-03-03 20-38-18.fits,2026-03-03 20:38:18,1180.8361713546096,1061.052821181305,180.75979530151935,236.61735526978475,425.65678931170896,557.1912911914986,137153.05368900066,138763.60731802764,16624.842276684223,27282.30958781084,True,2,9
1637,image1637 26-03-03 20-39-18.fits,2026-03-03 20:39:18,1179.3726732537384,1059.2130874167276,183.24489213823585,239.59135357071617,431.508745156652,564.1945220044199,138742.8152898526,140413.60339325725,16593.656685522856,27307.52167999517,True,2,9
1638,image1638 26-03-03 20-40-18.fits,2026-03-03 20:40:18,1182.1990731021738,1063.3333917291632,178.17958553153,233.31236615625352,419.58085962495335,549.4086365783462,135306.37936364635,137001.08089209467,16662.165219815997,27277.595476803916,True,2,8
1639,image1639 26-03-03 20-41-20.fits,2026-03-03 20:41:20,1179.6674737286958,1059.8581501086524,182.6163707617175,238.80572852884512,430.0286904204961,562.3445164079437,138297.10321247525,140000.72683380728,16604.72029908108,27309.889230813984,True,1,9
1640,image1640 26-03-03 20-42-20.fits,2026-03-03 20:42:20,1181.879206867069,1062.24803824245,179.6259965534832,235.14693808564147,422.98689729280244,553.7287233317201,136307.8649731143,137995.719001426,16636.80406252519,27278.575819363563,True,2,8
1641,image1641 26-03-03 20-43-20.fits,2026-03-03 20:43:20,1181.951528692541,1063.0008195755358,178.96330760120296,234.16623400285314,421.42638406435236,551.4193416993264,135747.14697680398,137534.78036661408,16651.92332736293,27292.458025529286,True,2,8
1642,image1642 26-03-03 20-44-20.fits,2026-03-03 20:44:20,1179.8184551725992,1060.1663157169148,182.56731062205586,238.4913479037674,429.9131626202089,561.6042066102414,138115.2263949474,139966.13050303643,16609.294795157897,27324.361855678573,True,2,9
1643,image1643 26-03-03 20-45-20.fits,2026-03-03 20:45:20,1182.3902640440344,1063.696609755404,178.26104923910802,233.21266403513826,419.7726919965006,549.1738560250119,135196.80985608508,137072.02898743565,16659.23143358084,27278.137400869677,True,2,8
1644,image1644 26-03-03 20-46-20.fits,2026-03-03 20:46:20,1179.427278352992,1059.166870353152,183.4814284611798,239.94039073819786,432.06574563129834,565.0164417228667,138895.58592219642,140559.6957862638,16595.027995524084,27323.347742338865,True,2,9
1645,image1645 26-03-03 20-47-20.fits,2026-03-03 20:47:20,1181.7906894724022,1064.3779265025428,178.20412472392078,232.78575921949158,419.63864500708405,548.1685720078069,134878.9247348275,137025.58122965076,16670.830965817793,27306.880964593995,True,2,8
1646,image1646 26-03-03 20-48-20.fits,2026-03-03 20:48:20,1181.9323070963399,1063.7910622081795,178.7003552509207,233.60771068619366,420.8071785990197,550.1041197976396,135343.4125289346,137350.3871409283,16663.306321471828,27310.79455582481,True,2,9
1647,image1647 26-03-03 20-49-20.fits,2026-03-03 20:49:20,1180.7853137672516,1060.7804850698137,181.5122588307647,237.50471173823863,427.42870551353064,559.2808559905018,137559.44437933777,139254.51838491624,16622.406326850418,27304.415159679964,True,2,9
1648,image1648 26-03-03 20-50-22.fits,2026-03-03 20:50:22,1180.2761831341425,1061.0860161811352,181.5510646496643,237.46959104612398,427.52008623373933,559.1981530807147,137477.46269406597,139275.42618208853,16620.633053983867,27308.00021100998,True,2,9
1649,image1649 26-03-03 20-51-22.fits,2026-03-03 20:51:22,1180.6250711028972,1061.1710356315164,181.59143871139534,237.26260165678335,427.61515988360287,558.7107303175867,137394.82969776326,139296.82998595564,16619.17497643991,27317.915025601433,True,2,9
1650,image1650 26-03-03 20-52-22.fits,2026-03-03 20:52:22,1180.3990209263459,1061.1251200062409,181.61492431671246,237.2274168627805,427.6704642577733,558.6278764593885,137392.15191833122,139336.89947261772,16618.901990746625,27309.70602849311,True,2,9
1651,image1651 26-03-03 20-53-22.fits,2026-03-03 20:53:22,1182.17277070295,1063.17331921868,179.02294503261996,234.1967680225566,421.5668194832873,551.4912438209795,135723.77831991515,137555.16997894135,16659.15328164577,27315.896992625894,True,2,8
1652,image1652 26-03-03 20-54-22.fits,2026-03-03 20:54:22,1179.3375424533451,1059.787324457411,183.4944533897382,239.55527168994985,432.0964169941527,564.109555668329,138587.72579403903,140546.24141397895,16600.26692989405,27341.320992024303,True,2,9
1653,image1653 26-03-03 20-55-22.fits,2026-03-03 20:55:22,1182.7914066128276,1064.3465758610569,177.90253039973595,232.5933075183176,418.928444647026,547.7153828841821,134799.65639194648,136807.8954564487,16673.74134266746,27302.11583690093,True,2,8
1654,image1654 26-03-03 20-56-22.fits,2026-03-03 20:56:22,1180.037655494831,1060.09022708321,183.3144817452492,239.3381650259261,431.67261615817284,563.598308543976,138447.07897665986,140432.19788118452,16601.911971679834,27342.940397031467,True,2,9
1655,image1655 26-03-03 20-57-22.fits,2026-03-03 20:57:22,1180.572188531802,1061.6107808211955,181.70967671989897,237.5470291912051,427.89358911611174,559.3805059770018,137377.04404921515,139364.43150088275,16626.143027432623,27328.632849632304,True,2,9
1656,image1656 26-03-03 20-58-22.fits,2026-03-03 20:58:22,1182.6977801795563,1064.1096042656964,178.29172799357346,233.0232027962001,419.84493494247243,548.727708901804,135017.7904507797,137072.30256466474,16665.271725151873,27296.57781828776,True,2,8
1657,image1657 26-03-03 20-59-22.fits,2026-03-03 20:59:22,1181.7288489815976,1063.741617057346,178.8707367119263,233.95011160160442,421.20839627869736,550.9104123366858,135482.37640434396,137477.94448731196,16657.977838692175,27299.346805699308,True,1,8
1658,image1658 26-03-03 21-00-24.fits,2026-03-03 21:00:24,1181.5586806570589,1063.742161477506,179.61368870396197,234.48864635321738,422.95791452203866,552.1785647647297,135679.90511158423,137941.6533974491,16652.048831096687,27323.215195790322,True,1,8
1659,image1659 26-03-03 21-01-24.fits,2026-03-03 21:01:24,1182.4179715594194,1064.07090516568,178.735392106164,233.48643939708487,420.8896840880615,549.8185477351594,135208.4570413173,137362.35194682033,16662.05117700476,27308.44080603894,True,2,8
1660,image1660 26-03-03 21-02-24.fits,2026-03-03 21:02:24,1180.5848312782136,1062.6030673749528,180.94890872072688,236.36969453041021,426.1021173820432,556.6080947180524,136689.90967728998,138824.52294247257,16640.60229775651,27347.0341001038,True,2,9
1661,image1661 26-03-03 21-03-24.fits,2026-03-03 21:03:24,1180.1355146022356,1061.7321441987146,181.9121766795447,237.4721691942207,428.3704400802035,559.204224155532,137359.27511152747,139490.64336566726,16626.022180887852,27356.024636259368,True,2,9
1662,image1662 26-03-03 21-04-24.fits,2026-03-03 21:04:24,1181.7233493019937,1063.2382646190151,179.7516782173936,235.0053542551251,423.2828549942715,553.3953188895679,135997.1508986442,138033.34273047774,16650.78493944665,27319.91218269518,True,2,8
1663,image1663 26-03-03 21-05-24.fits,2026-03-03 21:05:24,1180.571600657683,1062.2994306059602,181.13521317776645,236.47804682857904,426.54083085195856,556.8632448817054,136828.67597436043,139001.78835787682,16634.561746343094,27333.03972483527,True,2,9
1664,image1664 26-03-03 21-06-24.fits,2026-03-03 21:06:24,1179.3629877648143,1059.9776238602649,183.72506450820032,239.79805978133837,432.63946467851434,564.6812779326254,138625.9076146946,140686.86933615044,16598.673139462622,27347.93442858816,True,2,9
1665,image1665 26-03-03 21-07-24.fits,2026-03-03 21:07:24,1179.6140842990255,1060.9839054871284,182.4980021922817,238.26413351384585,429.74995374048706,561.0691576103346,137823.5701552763,139898.69405897145,16614.85512588338,27339.4100543857,True,1,9
1666,image1666 26-03-03 21-08-24.fits,2026-03-03 21:08:24,1179.4252421701167,1060.8482089851768,183.30641772348554,238.86856206843657,431.65362683808024,562.492478086474,138100.4720115252,140412.95603861846,16614.55529296986,27380.08523365877,True,2,9
1667,image1667 26-03-03 21-09-26.fits,2026-03-03 21:09:26,1180.148921999599,1061.1673616688201,182.4884378412407,238.3161427987972,429.72743141493805,561.1916301170658,137792.4795601034,139868.51519901876,16619.11470743563,27351.89032967111,True,1,9
1668,image1668 26-03-03 21-10-26.fits,2026-03-03 21:10:26,1180.2825339401445,1062.1132262636786,181.75265155866933,237.10129173393494,427.99478712788016,558.330874477801,137103.16854831684,139390.09996741216,16626.26389477592,27343.881974993954,True,2,9
1669,image1669 26-03-03 21-11-26.fits,2026-03-03 21:11:26,1180.133485160463,1061.7495624876258,182.25957232915886,237.5815134682539,429.18849431947143,559.4617102438347,137404.91972758452,139753.0330017708,16618.148290777477,27348.62047106949,True,1,9
1670,image1670 26-03-03 21-12-26.fits,2026-03-03 21:12:26,1179.8414925666202,1061.2917381898005,182.65294430940156,238.22916985344386,430.11481454370045,560.9868244819723,137740.3948717089,139999.50135739867,16615.075143685677,27349.81925530938,True,2,9
1671,image1671 26-03-03 21-13-26.fits,2026-03-03 21:13:26,1179.8953791317276,1061.2144921519084,182.67787232428446,238.27249477328695,430.1735155328296,561.0888468716682,137796.38622198885,140045.47417310515,16611.954946262726,27342.409609822364,True,2,9
1672,image1672 26-03-03 21-14-26.fits,2026-03-03 21:14:26,1179.810379856128,1061.1804256424075,182.8108984650688,238.3473446355926,430.4867681556616,561.2651048277934,137815.3835856609,140120.0152060114,16613.63696165938,27348.199130327994,True,1,9
1673,image1673 26-03-03 21-15-26.fits,2026-03-03 21:15:26,1182.5743624249633,1064.9304508225823,178.14570519019466,232.6262748801657,419.50107751804444,547.7930150886938,134679.23403740927,136997.35955580193,16669.95141041027,27300.355207252902,True,2,9
1674,image1674 26-03-03 21-16-26.fits,2026-03-03 21:16:26,1181.9689981183726,1064.6540435328823,179.16417989337708,233.67072431803868,421.89940216445535,550.2525055610184,135170.56496526333,137665.1431193024,16662.599335525218,27332.454503472487,True,2,8
1675,image1675 26-03-03 21-17-26.fits,2026-03-03 21:17:26,1181.2235572710053,1063.8266290200847,180.19142567131456,234.75403091208284,424.3183811135159,552.8034976435878,135778.81296030703,138331.6411230878,16655.764657060285,27355.2462117478,True,2,8
1676,image1676 26-03-03 21-18-26.fits,2026-03-03 21:18:26,1182.6588171968322,1065.123360932784,178.47158114235424,232.80203738976627,420.26845674238336,548.2069041694662,134699.33137309362,137171.6205552322,16676.71402631463,27338.251596213933,True,2,8
1677,image1677 26-03-03 21-19-28.fits,2026-03-03 21:19:28,1181.8915707078986,1064.7834782880939,178.7651277239503,233.29223415587703,420.959706116876,549.3612293403131,134970.98272966777,137386.25645177756,16669.67258183362,27327.364482849964,True,2,8
1678,image1678 26-03-03 21-20-28.fits,2026-03-03 21:20:28,1181.4094638128402,1064.1494509158842,180.07334550804867,234.6729267164108,424.04032357813685,552.6125118578832,135692.127071109,138249.10354799026,16652.061951663203,27355.80622669713,True,1,8
1679,image1679 26-03-03 21-21-28.fits,2026-03-03 21:21:28,1179.8556260883713,1062.3767402018768,181.9161840670507,237.2112679878514,428.3798767566308,558.5898487650007,137091.08136685737,139501.19734572293,16629.066063143946,27357.49828122458,True,1,9
1680,image1680 26-03-03 21-22-28.fits,2026-03-03 21:22:28,1179.1353820960624,1060.963647668024,183.71219337954224,239.3386735704418,432.60915548674814,563.5995060747955,138236.7092680003,140684.24621446346,16608.783196138644,27377.29347490062,True,2,9
1681,image1681 26-03-03 21-23-28.fits,2026-03-03 21:23:28,1183.000583904577,1065.2672400369734,177.94228044621082,232.17777291248387,419.02204885325597,546.7368736649609,134422.99063030755,136847.32242778313,16677.725186119096,27313.62576201074,True,2,9
1682,image1682 26-03-03 21-24-28.fits,2026-03-03 21:24:28,1182.0629173861134,1065.0699793776541,178.85782447882474,233.14891539669142,421.1779902933637,549.0237394533539,134861.51329815647,137444.81268245852,16675.886555790454,27349.691571854288,True,2,8
1683,image1683 26-03-03 21-25-28.fits,2026-03-03 21:25:28,1180.8863807829982,1063.053008376127,181.13560740379884,236.01907267819283,426.541759183322,555.782443352225,136471.54976314373,138963.0230073984,16636.947169871073,27357.374096319974,True,3,9
1684,image1684 26-03-03 21-26-28.fits,2026-03-03 21:26:28,1179.1984822177462,1061.1026628609338,183.65069781551134,239.1830078755952,432.46434449988766,563.232941376247,138153.85844929118,140655.96238996537,16608.331790052696,27375.072446694263,True,2,9
1685,image1685 26-03-03 21-27-28.fits,2026-03-03 21:27:28,1179.809573116944,1061.1310560827042,183.5894330492109,239.16677479737137,432.32007700014924,563.1947153982529,138134.71556120188,140592.74777215597,16613.607629968814,27387.02401730304,True,1,9
1686,image1686 26-03-03 21-28-28.fits,2026-03-03 21:28:28,1179.4286747350725,1061.4982050429437,183.64739358210298,238.9214524689545,432.4565636248242,562.6170254618032,137985.83457662645,140660.6350096033,16612.139851965596,27392.33885992282,True,2,9
1687,image1687 26-03-03 21-29-30.fits,2026-03-03 21:29:30,1182.1691832304216,1064.9640470667687,178.99428177701495,233.28838955987442,421.4993226744328,549.3521760085811,134944.74513510722,137549.1614167534,16672.379432426795,27344.84986011599,True,3,9
1688,image1688 26-03-03 21-30-30.fits,2026-03-03 21:30:30,1179.7486314850894,1061.5679986750308,183.25108115190451,238.55011823589155,431.5233191700979,561.7426001663804,137807.92176036577,140389.63793625496,16614.124143821395,27378.07145418808,True,2,9
1689,image1689 26-03-03 21-31-30.fits,2026-03-03 21:31:30,1181.8795682539198,1064.6180835345358,179.6528296737958,234.05154749258222,423.05008446238526,551.1492756060459,135337.57832320352,137995.91258747372,16657.772848716664,27343.836063991574,True,2,8
1690,image1690 26-03-03 21-32-30.fits,2026-03-03 21:32:30,1180.779458085311,1063.7872703241433,180.9348756169621,235.5894273998253,426.0690719480039,554.7707060384722,136145.98987881155,138834.17825958508,16647.005116329085,27375.389313098345,True,1,8
1691,image1691 26-03-03 21-33-30.fits,2026-03-03 21:33:30,1181.240444361347,1064.5034936843786,180.0831938194035,234.41498302322682,424.06351457912496,552.0051008786842,135524.48161020348,138276.34007018304,16654.9426534022,27362.939554652265,True,1,9
1692,image1692 26-03-03 21-34-30.fits,2026-03-03 21:34:30,1179.1408128987775,1061.8095312861126,183.4847461205978,238.68224634745332,432.07355812219845,562.0537380919982,137813.78863428242,140557.51703154406,16616.034008026116,27390.895695385163,True,2,9
1693,image1693 26-03-03 21-35-30.fits,2026-03-03 21:35:30,1180.8104345947968,1063.9276481402208,180.87863492423273,235.2821023001892,425.93663523741833,554.0470107335079,136007.653383555,138819.4713775544,16645.094796179845,27370.027618248558,True,1,8
1694,image1694 26-03-03 21-36-30.fits,2026-03-03 21:36:30,1181.3621147907947,1064.420236928305,180.30662575566583,234.57965823754768,424.58965658133553,552.3928813742867,135623.11286083996,138440.65051268818,16652.71471021664,27367.002910470408,True,1,9
1695,image1695 26-03-03 21-37-30.fits,2026-03-03 21:37:30,1179.0622367960084,1061.3598187365153,183.72529017797433,239.01421129689868,432.63999609022176,562.8354558091997,138055.3249521862,140733.91146755742,16607.25679470236,27379.009482958947,True,2,9
1696,image1696 26-03-03 21-38-32.fits,2026-03-03 21:38:32,1179.3654118924094,1061.9575173999579,183.169003887322,238.20879641968696,431.3300419822177,560.9388487117754,137605.268566572,140364.21467422813,16616.877534047522,27380.901524503664,True,3,9
1697,image1697 26-03-03 21-39-32.fits,2026-03-03 21:39:32,1181.2630713705828,1065.2696516193846,179.51032201546295,233.5672457024591,422.71450457197267,550.0088320428196,135038.85632994346,137918.5305695548,16662.992949246614,27362.737228349717,True,2,8
1698,image1698 26-03-03 21-40-32.fits,2026-03-03 21:40:32,1180.6287023940226,1063.7563844529386,181.41540263387844,235.89244978682495,427.20062659961746,555.4842692294721,136294.4056916217,139193.9596744034,16638.65935644173,27374.027201654077,True,1,8
1699,image1699 26-03-03 21-41-32.fits,2026-03-03 21:41:32,1180.7616675471502,1063.8865223596065,181.29540179941495,235.85037340072446,426.91804622920233,555.3851869120602,136238.116447591,139107.83252405937,16642.643061088915,27375.1325150962,True,1,8
1700,image1700 26-03-03 21-42-32.fits,2026-03-03 21:42:32,1180.952432693307,1064.411890007452,180.68879607460917,234.903412963924,425.4895989089992,553.1552654936312,135767.71185245452,138712.968842965,16645.97131249684,27369.51298220118,True,2,8
1701,image1701 26-03-03 21-43-32.fits,2026-03-03 21:43:32,1182.4763983659384,1066.0411517183813,178.39161670984544,231.97536074244215,420.0801548938221,546.2602294295883,134207.41189525128,137160.28450594042,16681.308653592572,27354.812921301946,True,2,8
1702,image1702 26-03-03 21-44-32.fits,2026-03-03 21:44:32,1181.993882876867,1065.3632894921302,179.4384573899827,233.24100702945367,422.5452763113631,549.2405986761621,134880.82266174673,137881.66315070496,16664.75390521996,27358.104492369843,True,1,8
1703,image1703 26-03-03 21-45-32.fits,2026-03-03 21:45:32,1181.4396033282144,1065.187593089849,179.82465480341486,233.76197487336444,423.4547017218523,550.4673841978197,135132.6118460979,138113.09820698132,16662.763333563656,27378.250861143304,True,2,8
1704,image1704 26-03-03 21-46-32.fits,2026-03-03 21:46:32,1182.3656503336774,1065.8064018111681,178.7725811623576,232.63163190873266,420.97725762304196,547.805629926945,134524.75621918874,137408.53042131558,16673.984392012324,27357.25707801913,True,2,8
1705,image1705 26-03-03 21-47-32.fits,2026-03-03 21:47:32,1181.734664273139,1065.6032681506454,179.52808070158662,233.34216521053557,422.7563230820301,549.4788079886926,134861.4696519306,137915.26953345624,16668.564003985466,27376.822484970144,True,2,8
1706,image1706 26-03-03 21-48-34.fits,2026-03-03 21:48:34,1182.7068252057966,1066.8300945380931,178.0345868810125,231.29226243238602,419.23941389621234,544.6516558363414,133751.3567282677,136899.33352051998,16693.95394070691,27375.826685190998,True,2,9
1707,image1707 26-03-03 21-49-34.fits,2026-03-03 21:49:34,1182.6654626145717,1067.2321272181373,177.8121265274851,231.01093110246615,418.71555979650134,543.9891711813509,133554.44213544016,136765.11025444363,16697.944981816658,27374.9440789939,True,2,9
1708,image1708 26-03-03 21-50-34.fits,2026-03-03 21:50:34,1182.2332351405923,1066.093059612414,179.0668224189865,232.60361021146247,421.6701428322268,547.7396438725174,134469.5047569271,137595.43722266593,16677.212535615454,27387.850847300742,True,2,8
1709,image1709 26-03-03 21-51-34.fits,2026-03-03 21:51:34,1180.5789378536094,1064.2443818476481,181.46682752583501,235.68472696679524,427.3217229660103,554.9951193690557,136099.76553187406,139210.52730908926,16642.448060874514,27392.84058014811,True,1,8
1710,image1710 26-03-03 21-52-34.fits,2026-03-03 21:52:34,1179.8000481181932,1063.2730919157395,182.71293910207245,237.1904778841053,430.2560914840794,558.5408918119612,136921.95683485936,140049.08569417303,16629.778857677335,27408.688364863792,True,1,9
1711,image1711 26-03-03 21-53-34.fits,2026-03-03 21:53:34,1180.6296127375272,1064.3267226936043,181.18492491990156,235.61739419207566,426.6578930588118,554.8365628014585,136051.06560018763,139026.14410751368,16646.057061429154,27385.48424968896,True,2,8
1712,image1712 26-03-03 21-54-34.fits,2026-03-03 21:54:34,1180.6006419972405,1064.3346054579474,181.38757059611453,235.7777722559739,427.1350871591969,555.2142242811094,136112.4854222305,139146.18987380428,16647.700511068953,27401.076498308103,True,2,8
1713,image1713 26-03-03 21-55-34.fits,2026-03-03 21:55:34,1180.1983184503329,1064.056306839387,181.66277496780683,236.09242594667802,427.78314393013807,555.9551770992224,136299.1864465645,139336.01680057883,16650.611615834066,27410.671084336936,True,2,9
1714,image1714 26-03-03 21-56-34.fits,2026-03-03 21:56:34,1180.5130176473638,1064.8328639957076,181.00150834373588,235.34694404694596,426.22598002866584,554.1997013785256,135825.66548275817,138902.18806971575,16652.431889848416,27392.824234451375,True,1,9
1715,image1715 26-03-03 21-57-34.fits,2026-03-03 21:57:34,1181.0510041291172,1065.0834847174926,180.61976771277304,234.69326982452742,425.3270495388718,552.6604162166544,135490.38342595068,138636.486428772,16661.16435626007,27392.73455042128,True,1,8
1716,image1716 26-03-03 21-58-36.fits,2026-03-03 21:58:36,1179.3543187831228,1062.6456026427418,183.50811542626948,238.26659432891003,432.12858863163257,561.0749523869748,137462.93515741662,140547.46689944548,16620.679129876884,27418.424101612218,True,2,9
1717,image1717 26-03-03 21-59-36.fits,2026-03-03 21:59:36,1182.5054918356216,1066.9954802147354,178.1040548326669,231.51483740944113,419.4029984212553,545.1757798538331,133783.13556701352,136942.9609384063,16693.418057604362,27372.188613432278,True,2,8
1718,image1718 26-03-03 22-00-36.fits,2026-03-03 22:00:36,1182.5196382300173,1066.85377379647,178.1643139818075,231.65361424460767,419.54489787354817,545.5025743270692,133862.78450914263,136976.23722381672,16695.0659365048,27375.134400801257,True,2,8
1719,image1719 26-03-03 22-01-36.fits,2026-03-03 22:01:36,1180.7565479242962,1064.3772529348018,181.4705303966662,235.6531066484638,427.33044256046776,554.9206592096186,136051.8251744848,139202.1981467065,16651.542097997797,27410.612476722155,True,1,9
1720,image1720 26-03-03 22-02-36.fits,2026-03-03 22:02:36,1181.2820056405894,1066.2510452772174,179.74423611921895,233.42014217585424,423.2653301923128,549.6624297096756,134729.31528949656,138038.30579426672,16673.176600462764,27399.608031748237,True,3,8
1721,image1721 26-03-03 22-03-36.fits,2026-03-03 22:03:36,1179.8527409332578,1063.413906712789,182.8629696171515,237.369579180445,430.6093863483538,558.9626431346729,136942.81524134154,140128.1656191179,16630.655851418942,27417.42626837205,True,1,9
1722,image1722 26-03-03 22-04-36.fits,2026-03-03 22:04:36,1179.7165221022406,1063.471914132388,183.0103540451011,237.53862919382402,430.956450153615,559.3607254947907,136985.47649125615,140233.46101378798,16627.67589464825,27411.795824967056,True,1,9
1723,image1723 26-03-03 22-05-36.fits,2026-03-03 22:05:36,1179.5997009479145,1064.2861047476792,182.32016076761352,236.62090761903798,429.33116918884156,557.1996563347271,136460.89762193884,139766.5409190415,16642.19334613217,27428.47011639875,True,2,9
1724,image1724 26-03-03 22-06-36.fits,2026-03-03 22:06:36,1182.4632502270479,1067.0975783291065,178.36472333731217,231.81531208829443,420.0168258411023,545.8833436506211,133879.3669733023,137108.1321472139,16692.954789175772,27384.706183831473,True,2,8
1725,image1725 26-03-03 22-07-38.fits,2026-03-03 22:07:38,1179.8161157101918,1063.2237805879577,183.33013388967575,237.81861445997978,431.7094741416162,560.0200404118476,137165.16556115585,140420.09022401535,16632.660852290926,27444.0149700929,True,1,9
1726,image1726 26-03-03 22-08-38.fits,2026-03-03 22:08:38,1181.8776435628424,1066.7028802960508,179.09364229330916,232.39498777539043,421.733298809887,547.2483755782118,134214.02199743144,137603.74909898482,16684.03617744858,27396.489383922428,True,2,8
1727,image1727 26-03-03 22-09-38.fits,2026-03-03 22:09:38,1179.2677622004987,1063.001951454672,183.50905137734412,238.21844913744877,432.1307926279843,560.96157912505,137371.9503050398,140541.1194530955,16631.283730347586,27444.406119753618,True,2,9
1728,image1728 26-03-03 22-10-38.fits,2026-03-03 22:10:38,1182.0588107541384,1066.5682039098044,179.2652160163467,232.61279365698402,422.1373240520964,547.761269234114,134351.36990667754,137728.66317403427,16684.357426765473,27405.732546194784,True,2,9
1729,image1729 26-03-03 22-11-38.fits,2026-03-03 22:11:38,1180.2027882369027,1064.2403283606102,182.07715019926275,236.27837055129459,428.7589230313348,556.3930431814389,136322.50620225674,139619.1256498754,16645.027743233793,27413.841432119316,True,1,9
1730,image1730 26-03-03 22-12-38.fits,2026-03-03 22:12:38,1181.9078482793861,1066.6444138938657,179.48020874045974,232.8466731609203,422.6435932283736,548.312013378105,134422.78736186624,137873.2974611641,16678.679449764266,27403.152300144986,True,2,8
1731,image1731 26-03-03 22-13-38.fits,2026-03-03 22:13:38,1179.867334316803,1064.8327424152517,181.96184539335937,236.01669748967998,428.48740096310513,555.7768502107042,136101.14641934764,139536.94829242092,16649.738019403347,27430.862662611442,True,1,8
1732,image1732 26-03-03 22-14-38.fits,2026-03-03 22:14:38,1182.3396921090334,1067.4587815447762,178.49576925234132,231.54161714618957,420.32541538863234,545.2388413147289,133730.97687263245,137217.89900492385,16693.578974805998,27402.806056622718,True,1,8
1733,image1733 26-03-03 22-15-38.fits,2026-03-03 22:15:38,1179.4438766133128,1063.6316792245714,183.10919105392398,237.41689354750233,431.189193523182,559.0740599546375,136926.07362045895,140314.4791987165,16633.314919751196,27430.65541715378,True,2,9
1734,image1734 26-03-03 22-16-38.fits,2026-03-03 22:16:38,1179.0548625477738,1063.5600049816821,183.46638930119562,237.87146184878358,432.03033111590713,560.1444865023303,137130.2066517285,140549.96475512045,16631.88878006094,27444.590020536743,True,1,9
1735,image1735 26-03-03 22-17-40.fits,2026-03-03 22:17:40,1182.4186607158892,1067.449376970532,178.76285491989898,231.64777579886814,420.9543540723376,545.4888258380099,133782.04080475954,137420.17915032431,16682.13085585671,27388.857890345324,True,2,8
1736,image1736 26-03-03 22-18-40.fits,2026-03-03 22:18:40,1181.4522289586484,1066.2024198420447,180.72174975298205,234.0301494949024,425.5671988913891,551.0988871721859,135016.72505215995,138698.3791270511,16662.945130624856,27430.10088621452,True,1,8
1737,image1737 26-03-03 22-19-40.fits,2026-03-03 22:19:40,1179.3906409366352,1063.2004214585183,183.56069534129972,237.9552276658625,432.2524048695118,560.3417399274762,137237.82647286457,140628.857165726,16627.842789801856,27430.159267050465,True,2,9
1738,image1738 26-03-03 22-20-40.fits,2026-03-03 22:20:40,1183.1008542155248,1068.369371676315,177.502345086032,230.23538669936576,417.98608024858896,542.1629036751185,132991.02778317654,136568.059844252,16705.789298218588,27385.350194294635,True,2,9
1739,image1739 26-03-03 22-21-40.fits,2026-03-03 22:21:40,1182.3742828756422,1068.0115987773254,178.20982955692335,231.11417427619128,419.65207886219207,544.2322902763514,133430.97706673614,137025.7332736393,16699.284447990452,27405.498609467817,True,2,8
1740,image1740 26-03-03 22-22-40.fits,2026-03-03 22:22:40,1182.3886278403095,1067.922604025839,178.41248535132218,231.0913467190722,420.1292967890841,544.1785354872683,133451.11713542737,137177.11393154215,16695.734772836877,27404.97102415526,True,2,9
1741,image1741 26-03-03 22-23-40.fits,2026-03-03 22:23:40,1180.5161070613476,1064.309576169386,182.69287138492174,236.74248280292906,430.20883562147486,557.4859440147321,136523.86144999755,140057.2023382953,16637.64562760841,27428.593010523622,True,2,9
1742,image1742 26-03-03 22-24-40.fits,2026-03-03 22:24:40,1179.5934287958091,1063.7447421413362,183.62480107669532,237.8704270601541,432.40336234022277,560.1420497613233,137077.62402784402,140662.91700280283,16624.96960265555,27435.108097177465,True,2,9
1743,image1743 26-03-03 22-25-40.fits,2026-03-03 22:25:40,1179.527442370974,1063.8738713673424,183.38022570852448,237.49722349930562,431.82743136073327,559.2632225353603,136915.52643578054,140490.87287637772,16634.107074553976,27451.089984307895,True,3,9
1744,image1744 26-03-03 22-26-42.fits,2026-03-03 22:26:42,1180.1136620364257,1064.5075745639133,182.65676780194278,236.60505229513777,430.12381818057855,557.1623199001864,136415.07919891915,140018.52865929704,16639.808094053977,27434.508009398367,True,1,9
1745,image1745 26-03-03 22-27-42.fits,2026-03-03 22:27:42,1179.1087719855302,1063.9487893590915,183.60765246811005,237.56917984598567,432.3629804529818,559.4326667828897,136932.98255703837,140649.3380027129,16631.36125464435,27456.214545506336,True,1,9
1746,image1746 26-03-03 22-28-42.fits,2026-03-03 22:28:42,1182.3780646629943,1068.356240979232,178.06913018878558,230.71345845694267,419.32075716977806,543.2886766328238,133210.01980724552,136964.3172204715,16697.176784067044,27395.645532066086,True,3,9
1747,image1747 26-03-03 22-29-42.fits,2026-03-03 22:29:42,1181.934620098209,1067.5781831653921,179.10101923856323,231.98999735141052,421.75067018844237,546.2946960097784,133900.76435080776,137635.92526198213,16684.884309329173,27414.591962612525,True,2,8
1748,image1748 26-03-03 22-30-42.fits,2026-03-03 22:30:42,1180.3454081270756,1064.7961292575771,182.4630426236184,236.31863491254114,429.6676302474331,556.4878585064026,136261.14274955553,139899.2698274837,16645.2683137195,27444.689991596246,True,1,9
1749,image1749 26-03-03 22-31-42.fits,2026-03-03 22:31:42,1179.3719023022584,1064.274439630451,183.18142716008077,237.21466044983154,431.359296553935,558.5978374024737,136707.0350956434,140357.50866626482,16638.876372680228,27453.176453629596,True,1,9
1750,image1750 26-03-03 22-32-42.fits,2026-03-03 22:32:42,1181.7252244418917,1067.1054678861494,180.01516832428482,232.97472570700793,423.9033267796463,548.6135540804495,134377.86700714717,138218.37280036046,16684.843393077066,27445.540833020405,True,2,9
1751,image1751 26-03-03 22-33-42.fits,2026-03-03 22:33:42,1180.1495934504271,1065.1761424429758,182.33314533267423,235.97069705335048,429.3617455029226,555.6685274611552,136038.1502941188,139796.30530626135,16646.13427868616,27451.654001152958,True,1,8
1752,image1752 26-03-03 22-34-42.fits,2026-03-03 22:34:42,1180.0904727464879,1065.5019721376016,181.85639885726633,235.54040274265617,428.2390933462342,554.6552617930696,135769.1843167127,139456.53075328423,16654.84241740158,27449.12263906054,True,1,9
1753,image1753 26-03-03 22-35-42.fits,2026-03-03 22:35:42,1181.6984260752238,1067.699775080471,179.47389101605498,232.13164350849223,422.62871612430627,546.628247219776,133920.24644562096,137869.03761704234,16682.055128558008,27427.805164045832,True,2,8
1754,image1754 26-03-03 22-36-44.fits,2026-03-03 22:36:44,1181.3935597691648,1067.4589897364797,179.73459032713663,232.7036173682433,423.2426160877671,547.9751427299515,134203.941429277,138049.10413169203,16678.897851072634,27427.618365975904,True,2,8
1755,image1755 26-03-03 22-37-44.fits,2026-03-03 22:37:44,1180.058101522225,1065.7292729076141,182.23812195014833,235.68031268969438,429.1379825370039,554.9847245408544,135796.8105494197,139746.7051651277,16656.931685491363,27465.629926730922,True,2,9
1756,image1756 26-03-03 22-38-44.fits,2026-03-03 22:38:44,1180.4818113440185,1066.539636592776,181.1272422621493,234.43966757012535,426.5220607800861,552.0632285445233,135105.4408046485,138982.8346539919,16660.912021005228,27440.76576762901,True,2,9
1757,image1757 26-03-03 22-39-44.fits,2026-03-03 22:39:44,1181.2718921123455,1066.691573678192,180.94602439406066,234.1077809550938,426.09532531179315,551.2816952907696,134914.05029717876,138837.61184325413,16669.51341081017,27448.893912891795,True,1,9
1758,image1758 26-03-03 22-40-44.fits,2026-03-03 22:40:44,1180.0958643254214,1065.5862360257863,182.3189738673319,236.00445162832614,429.32837425226694,555.7480134109195,135928.91992216537,139769.54587373824,16652.342196890175,27459.464205892964,True,2,9
1759,image1759 26-03-03 22-41-44.fits,2026-03-03 22:41:44,1181.7672161700168,1068.5226457735605,178.76929789160516,231.50546977037635,420.96952611126085,545.1537207495887,133452.7430868225,137415.79141086029,16701.550829893276,27422.15611686956,True,2,9
1760,image1760 26-03-03 22-42-44.fits,2026-03-03 22:42:44,1182.5107805106638,1069.6211060168948,177.4586783280442,229.78437383281675,417.88325289157774,541.100849536402,132494.15362397977,136524.31042883138,16717.87004422845,27408.25791840799,True,2,9
1761,image1761 26-03-03 22-43-44.fits,2026-03-03 22:43:44,1180.2435827761587,1066.3279533957525,181.97359130944437,235.2826914900166,428.51506048174934,554.0483981695238,135476.25299863366,139521.03553609122,16661.045161760416,27475.53344197826,True,1,8
1762,image1762 26-03-03 22-44-44.fits,2026-03-03 22:44:44,1179.8018986381037,1064.7523813004375,183.40931216563536,237.3445566350334,431.8959247329769,558.90371954316,136638.41037535906,140495.9947754472,16639.293817744852,27467.248225031548,True,2,9
1763,image1763 26-03-03 22-45-44.fits,2026-03-03 22:45:44,1180.2888912936303,1065.8973965740904,181.83444429565893,235.30887745062066,428.1873943044812,554.1100613944527,135598.2541241648,139465.19465494138,16660.04396463719,27456.42275572442,True,2,9
1764,image1764 26-03-03 22-46-46.fits,2026-03-03 22:46:46,1179.5968370829198,1065.0773569998955,183.08698817248325,236.7840914068029,431.1369097329079,557.5839247891801,136382.00473226325,140314.74109595027,16642.426246595158,27466.693722837324,True,1,9
1765,image1765 26-03-03 22-47-46.fits,2026-03-03 22:47:46,1182.1360864117607,1068.5936010610142,178.8429050399431,231.21976827319278,421.14285769962464,544.4809451371254,133357.33711726638,137461.40686127957,16695.50970988443,27431.032980035816,True,1,8
1766,image1766 26-03-03 22-48-46.fits,2026-03-03 22:48:46,1182.0790834187192,1068.5597768559717,179.11973135567726,231.4922045496717,421.7947338569075,545.1224835419716,133473.56267874656,137646.4437288618,16689.32287031543,27431.030803316844,True,2,9
1767,image1767 26-03-03 22-49-46.fits,2026-03-03 22:49:46,1179.312361930086,1064.5470644605516,183.53525901645278,237.38233656690488,432.1925069018903,558.992684484031,136721.16320201126,140607.53984461125,16636.34052419825,27463.883612061014,True,2,8
1768,image1768 26-03-03 22-50-46.fits,2026-03-03 22:50:46,1180.6957932395503,1066.4954826708106,181.32988382053932,234.53537806380442,426.9992451837392,552.2886095335587,135160.41504661873,139123.50925711927,16662.342811693765,27451.194552602574,True,2,8
1769,image1769 26-03-03 22-51-46.fits,2026-03-03 22:51:46,1179.3499616052527,1065.3622196634713,183.08581483595637,236.7476036802762,431.13414673653483,557.4980027593573,136270.53548312475,140296.20213198347,16648.147725587838,27472.544750921377,True,2,8
1770,image1770 26-03-03 22-52-46.fits,2026-03-03 22:52:46,1179.993783541167,1066.6329645295505,181.89023743616443,234.9266429498573,428.3187771101188,553.2099679301527,135281.9748956477,139506.5748065785,16663.578661771873,27471.518025715388,True,2,9
1771,image1771 26-03-03 22-53-46.fits,2026-03-03 22:53:46,1180.5413732105121,1067.0739437499676,181.04488266080082,234.06588902975977,426.32811873992995,551.183047345268,134849.77267136954,138917.8606959155,16672.257785057023,27470.280857402748,True,2,9
1772,image1772 26-03-03 22-54-46.fits,2026-03-03 22:54:46,1180.7331987194425,1067.2248140991817,181.17455246107357,234.11271716884636,426.63346778484737,551.2933191858607,134819.57800711718,139011.26760754583,16670.571212238425,27466.131750821503,True,1,9
1773,image1773 26-03-03 22-55-48.fits,2026-03-03 22:55:48,1181.947285504736,1069.5611093332452,178.28447315371244,230.40680264169873,419.8278511001442,542.566557372162,132786.63679115413,137086.45440829374,16711.549233749054,27436.113201145406,True,2,9
1774,image1774 26-03-03 22-56-48.fits,2026-03-03 22:56:48,1179.3959843469304,1065.2068181415018,183.4777831587175,237.0999015366683,432.0571615999899,558.327600813411,136454.9022695294,140543.69883362105,16644.265537413805,27488.354123390098,True,1,9
1775,image1775 26-03-03 22-57-48.fits,2026-03-03 22:57:48,1182.3560102241402,1068.8702214985076,179.231633466824,231.50531480385763,422.0582431913171,545.1533558313241,133410.28505815534,137701.67078587323,16699.19649658111,27461.500257339583,True,2,8
1776,image1776 26-03-03 22-58-48.fits,2026-03-03 22:58:48,1181.2704704917223,1068.5320710102394,179.7441488999685,232.22555896065506,423.2651248066735,546.8494012090671,133762.97637279137,138056.86987717697,16695.678130190838,27462.580724375275,True,2,8
1777,image1777 26-03-03 22-59-48.fits,2026-03-03 22:59:48,1181.266045080058,1068.6036734322254,179.67907377847231,232.12660310557706,423.1118846061414,546.6163779779563,133720.4956908475,137998.26944729287,16692.755179110063,27466.484112732764,True,2,8
1778,image1778 26-03-03 23-00-48.fits,2026-03-03 23:00:48,1179.3859462874002,1066.0087728303813,182.8517971057217,236.37707515423108,430.58307709448553,556.6254747589705,135963.58131395606,140099.79260135753,16655.48840814225,27491.123235299518,True,1,8
1779,image1779 26-03-03 23-01-48.fits,2026-03-03 23:01:48,1179.8765892368406,1065.4315803276363,183.26380446592884,236.9167005346909,431.5532802850017,557.8961954216848,136285.98750055573,140356.31871059394,16652.919816768477,27494.94588106964,True,2,8
1780,image1780 26-03-03 23-02-48.fits,2026-03-03 23:02:48,1180.4105545731475,1067.6743139580522,180.75208572531574,233.6919999891708,425.638634647126,550.3026059378718,134512.63749235688,138693.2653074041,16683.24873077105,27473.344813512325,True,1,9
1781,image1781 26-03-03 23-03-48.fits,2026-03-03 23:03:48,1180.8371837353702,1069.1219011326525,179.36465876219134,231.8042328293087,422.3714938233443,545.8572539894774,133426.15447268522,137766.01328772015,16700.797368320495,27462.260317545777,True,2,8
1782,image1782 26-03-03 23-04-48.fits,2026-03-03 23:04:48,1181.376090534166,1068.8300217665887,178.93539283415217,231.35443923530607,421.3606498113488,544.7980710181935,133326.0138764654,137468.19731747682,16704.35267024654,27458.22257108839,True,2,8
1783,image1783 26-03-03 23-05-50.fits,2026-03-03 23:05:50,1181.3885584255386,1068.7992072187765,179.33672546661825,231.93746692415198,422.305715939005,546.1709963066959,133546.4735926639,137756.53793072788,16696.22823302263,27445.126374208827,True,2,8
1784,image1784 26-03-03 23-06-50.fits,2026-03-03 23:06:50,1181.377254773109,1068.4712382256794,179.80307218779697,232.41739741605826,423.4038785459711,547.3011462492584,133806.97387425083,138025.53380665256,16699.056994759554,27476.98417804322,True,1,8
1785,image1785 26-03-03 23-07-50.fits,2026-03-03 23:07:50,1182.6404311625658,1071.0542511907413,177.06096750787407,228.6938562375551,416.9467154801155,538.532876843621,131712.25353882197,136205.1625792837,16738.72784603325,27452.554074820633,True,2,9
1786,image1786 26-03-03 23-08-50.fits,2026-03-03 23:08:50,1179.973777450187,1067.1414904743388,181.4636188850308,234.74400224031993,427.31416719432724,552.7798819262955,135031.298428355,139147.82440637003,16677.47923998302,27484.351744662858,True,2,9
1787,image1787 26-03-03 23-09-50.fits,2026-03-03 23:09:50,1180.5541371429838,1067.7051359007417,181.01177830061906,233.86429024822417,426.25016392899596,550.7083184934543,134554.14376249968,138822.60394941168,16682.029143964453,27489.747102249716,True,2,9
1788,image1788 26-03-03 23-10-50.fits,2026-03-03 23:10:50,1179.3180460893027,1066.7914910351624,182.30466144863098,235.69988822382194,429.29467108181717,555.0308214010101,135514.75129381462,139703.91255675923,16666.578699690035,27505.836178292513,True,1,9
1789,image1789 26-03-03 23-11-50.fits,2026-03-03 23:11:50,1182.599492988018,1070.884995709239,176.91562106464954,228.93472839542264,416.6044507621364,539.1000874292573,131823.66002699643,136123.00279680509,16738.18753467917,27430.057353149565,True,2,7
1790,image1790 26-03-03 23-12-50.fits,2026-03-03 23:12:50,1181.3911969720987,1069.00604760883,179.36187024335098,231.90577479236,422.364927363283,546.0963670394824,133463.1582014994,137726.2746996442,16706.389063095947,27472.027068351515,True,2,8
1791,image1791 26-03-03 23-13-50.fits,2026-03-03 23:13:50,1181.0773222188363,1068.4783286826882,179.99337658873569,232.56717740831957,423.85201116395916,547.6538511773798,133879.0756383149,138163.80922211104,16694.406166028424,27478.07997135366,True,2,8
1792,image1792 26-03-03 23-14-52.fits,2026-03-03 23:14:52,1181.1465372165414,1068.530359500129,180.18791425487197,232.99334068035202,424.31011235969044,548.6573889928179,134003.4096405571,138291.6064821307,16693.870458497975,27472.461434426295,True,2,9
1793,image1793 26-03-03 23-15-52.fits,2026-03-03 23:15:52,1182.4427970699624,1070.4661863657411,177.46021644982997,229.4579562613445,417.88687489159065,540.3321948960488,132154.4184433832,136470.10333823538,16733.951053382927,27455.197842736736,True,2,9
1794,image1794 26-03-03 23-16-52.fits,2026-03-03 23:16:52,1181.9232816794602,1070.2945834081868,178.24273496984858,230.3588556307171,419.7295651881384,542.4536507896032,132540.95829804224,136977.21938597204,16724.056235083575,27467.402462186732,True,2,8
1795,image1795 26-03-03 23-17-52.fits,2026-03-03 23:17:52,1179.0374656438319,1066.4681142477943,183.0258786751919,236.6721375631528,430.9930078637445,557.3202936340346,135909.5776962275,140126.79371483292,16664.91370870574,27523.080938911604,True,1,8
1796,image1796 26-03-03 23-18-52.fits,2026-03-03 23:18:52,1182.241287684809,1070.8769100871193,177.49430087810345,229.20903875108365,417.9671375865124,539.7460389533275,131945.34043345213,136484.07582321702,16734.64144987226,27459.081617625565,True,2,7
1797,image1797 26-03-03 23-19-52.fits,2026-03-03 23:19:52,1182.1120587924945,1070.11681535531,178.008553058404,230.04689400339885,419.178108928885,541.7190372963137,132457.83970117485,136809.11277229746,16732.03302736785,27474.577383695905,True,2,8
1798,image1798 26-03-03 23-20-52.fits,2026-03-03 23:20:52,1180.941934532877,1068.2273771853766,180.63517832121278,233.6021619901626,425.3633387485318,550.0910536170019,134294.7895937571,138552.54752582937,16690.338194919917,27486.238702865176,True,1,8
1799,image1799 26-03-03 23-21-52.fits,2026-03-03 23:21:52,1180.5575050547488,1068.8270393581342,180.54086719909077,233.02555530325733,425.1412530276896,548.7332486325785,133951.08413934533,138465.56873728876,16700.443401735378,27522.276541844298,True,1,9
1800,image1800 26-03-03 23-22-52.fits,2026-03-03 23:22:52,1179.8677310185587,1068.1264023110189,181.1183415328683,234.2580243946854,426.5011011643598,551.6354915539544,134577.62427783103,138857.25449594142,16689.791899390333,27507.882650621847,True,1,9
1801,image1801 26-03-03 23-23-52.fits,2026-03-03 23:23:52,1182.7680098463306,1071.373108193956,176.75576235487554,228.43177323871745,416.2280122679878,537.9157185444963,131508.32048481354,135970.41624941825,16749.660820832272,27462.3978760904,True,2,8
1802,image1802 26-03-03 23-24-54.fits,2026-03-03 23:24:54,1179.7073482824853,1067.0679751302284,182.44648703884593,235.90743122566232,429.6286448245537,555.5195478219497,135469.3704638815,139720.5449877351,16674.145790238344,27528.863947541904,True,1,9
1803,image1803 26-03-03 23-25-54.fits,2026-03-03 23:25:54,1180.5257189318945,1068.128884546377,181.45069574313234,234.35020158959026,427.28373552074,551.8525522602109,134637.80829207186,139098.34549520654,16686.92384458564,27518.61740984238,True,2,9
1804,image1804 26-03-03 23-26-54.fits,2026-03-03 23:26:54,1179.9587925871192,1068.289606860794,181.45891668114388,234.40752944463821,427.3030943503585,551.9875490424165,134605.07774429448,139083.98393023983,16691.266598668208,27527.070583632296,True,1,9
1805,image1805 26-03-03 23-27-54.fits,2026-03-03 23:27:54,1182.6482778054376,1071.160223313602,177.02494712416222,228.88362242168222,416.86189395852114,538.9797420578725,131721.2837501483,136139.7972382347,16748.961706541108,27466.564168760895,True,2,8
1806,image1806 26-03-03 23-28-54.fits,2026-03-03 23:28:54,1181.2839851332799,1069.784096682711,179.29013106439055,231.32382643794367,422.19599450665294,544.72598338933,133052.92314138258,137624.8393525291,16726.109883747282,27527.38675852993,True,2,8
1807,image1807 26-03-03 23-29-54.fits,2026-03-03 23:29:54,1178.8840634690616,1067.1735528989896,182.7228970723886,236.47972341777938,430.27954071218767,556.8671929475616,135634.63283443014,139915.3213681671,16672.92166159488,27519.300345116535,True,1,9
1808,image1808 26-03-03 23-30-54.fits,2026-03-03 23:30:54,1181.349344914477,1069.5721859355249,179.27055765376832,231.5861234676599,422.14990264697013,545.3436456926579,133179.3566819421,137622.9745404684,16717.158255940634,27496.074982271417,True,2,8
1809,image1809 26-03-03 23-31-54.fits,2026-03-03 23:31:54,1179.093035132148,1067.1198548163113,182.75706332623196,236.4175483467511,430.3599960916016,556.720781844003,135614.95753871647,139901.23033014569,16676.45851329454,27536.5253540636,True,1,8
1810,image1810 26-03-03 23-32-54.fits,2026-03-03 23:32:54,1179.3920708438184,1067.2432644252374,182.44964939015938,236.0575511994453,429.636091592816,555.8730533453734,135457.15050355784,139695.07230314575,16681.911761897867,27540.275729613648,True,1,9
1811,image1811 26-03-03 23-33-54.fits,2026-03-03 23:33:54,1179.8512855469544,1068.1722542602697,181.5284142838002,234.70238726880865,427.4667486981752,552.6818861572073,134711.48975683565,139077.14347007417,16696.411447328966,27541.032391666624,True,1,9
1812,image1812 26-03-03 23-34-56.fits,2026-03-03 23:34:56,1181.495623411538,1069.9754846297242,179.079221098875,231.4828542916446,421.69933949216016,545.1004653669432,133026.55361805708,137477.7447272948,16723.598759389424,27501.307738192023,True,2,9
1813,image1813 26-03-03 23-35-56.fits,2026-03-03 23:35:56,1180.7239072109048,1069.7026854519593,179.7194000401203,232.20551790066375,423.2068456954113,546.802208119276,133371.40353998568,137881.92012459118,16721.11525654258,27524.72184348787,True,2,8
1814,image1814 26-03-03 23-36-56.fits,2026-03-03 23:36:56,1182.5253671440928,1071.0486874913577,177.60242178116826,229.38516440644472,418.2217428563363,540.1607831770159,131936.5315767943,136506.0104297207,16742.630761376626,27479.909694023787,True,2,7
1815,image1815 26-03-03 23-37-56.fits,2026-03-03 23:37:56,1182.8561070392655,1071.9854395532645,176.73594320025276,228.25341718422163,416.1813417254065,537.4957221322169,131259.34531494518,135918.77010803626,16759.453121378567,27482.396608190524,True,2,8
1816,image1816 26-03-03 23-38-56.fits,2026-03-03 23:38:56,1180.804321108066,1069.5223394911159,179.79177490727895,232.20407980888467,423.37727548335295,546.798821671928,133436.57226432796,137946.95174036673,16718.866264263288,27525.72922980063,True,2,8
1817,image1817 26-03-03 23-39-56.fits,2026-03-03 23:39:56,1179.454394257312,1068.5412581376866,181.7055260126336,234.70302297879448,427.8838149474422,552.6833831398247,134626.37373145524,139194.66061801615,16698.233889758052,27554.050020276416,True,2,9
1818,image1818 26-03-03 23-40-56.fits,2026-03-03 23:40:56,1179.5944951104386,1068.4720260067609,181.79273909876156,234.89956661942657,428.0891860708453,553.1462080445085,134726.01314051577,139258.1468012479,16698.127415559,27556.491879541347,True,1,9
1819,image1819 26-03-03 23-41-56.fits,2026-03-03 23:41:56,1180.5833628937792,1069.1846875445099,180.68416854465812,233.2821361598458,425.47870190871146,549.3374503768441,133932.4207632703,138521.73996106716,16710.14550804616,27545.149005858435,True,1,9
1820,image1820 26-03-03 23-42-56.fits,2026-03-03 23:42:56,1179.7989732663975,1068.2126330055069,181.86468151998935,235.0427280779004,428.25859752644055,553.4833275165986,134813.3871962613,139298.22572475817,16695.14944352092,27544.05575857809,True,2,9
1821,image1821 26-03-03 23-43-58.fits,2026-03-03 23:43:58,1181.100659263532,1070.2863094874904,179.50234479245157,231.68646307061564,422.69571964732177,545.5799274010085,133029.47175529168,137741.3165820881,16726.539152481364,27528.92272858582,True,2,8
1822,image1822 26-03-03 23-44-58.fits,2026-03-03 23:44:58,1183.019285361574,1072.44481331898,176.41695979708024,227.7535850729445,415.43019321358366,536.3187074574313,130951.05916018538,135687.2238297851,16769.01404591418,27495.391681874982,True,2,8
1823,image1823 26-03-03 23-45-58.fits,2026-03-03 23:45:58,1182.8754890971659,1072.22044488466,176.86893938728016,228.3753959241909,416.4945238125313,537.7829601141641,131258.83528761799,135998.92967142322,16764.8148828148,27502.473037104006,True,2,8
1824,image1824 26-03-03 23-46-58.fits,2026-03-03 23:46:58,1179.513135702613,1068.5484634201862,181.987602173868,235.01235439506428,428.54805354614234,553.4118029594147,134733.66368143546,139363.63852120898,16698.068393314825,27565.92579903828,True,2,9
1825,image1825 26-03-03 23-47-58.fits,2026-03-03 23:47:58,1180.8073247604223,1070.329795639784,180.03120934246667,232.10089105715136,423.94110049080365,546.5558307309246,133190.38948755816,138070.13851799394,16731.274795297442,27567.471800304138,True,2,9
1826,image1826 26-03-03 23-48-58.fits,2026-03-03 23:48:58,1179.4865132529878,1068.6448378839607,182.10700643169713,235.02256685581077,428.8292290859404,553.4358514666897,134710.56244702826,139457.6284186017,16694.784283345343,27559.29030975598,True,2,9
1827,image1827 26-03-03 23-49-58.fits,2026-03-03 23:49:58,1182.9735180252455,1072.445755237238,176.4597862721845,227.750790883954,415.53104185561716,536.3121276451869,130959.85948217956,135718.1986562846,16764.93451958817,27493.467475041904,True,2,8
1828,image1828 26-03-03 23-50-58.fits,2026-03-03 23:50:58,1180.3046990438042,1069.1320207796757,181.20029033264723,233.87533565106727,426.6940758407454,550.7343284294747,134170.88195053925,138859.29321100572,16706.506810402876,27556.84260602153,True,1,9
1829,image1829 26-03-03 23-51-58.fits,2026-03-03 23:51:58,1181.8553988477672,1071.3390948056347,178.12033522915226,229.76964453530204,419.4413358252401,541.0661646913652,132023.91209663387,136833.89983263682,16740.841556447245,27505.349840442315,True,2,7
1830,image1830 26-03-03 23-52-58.fits,2026-03-03 23:52:58,1182.862600205158,1072.7376775752384,176.5028290552898,227.6827061485491,415.63239986406745,536.1518003454948,130860.28658807608,135747.04206052882,16767.50164343301,27499.837350800306,True,2,8
1831,image1831 26-03-03 23-54-00.fits,2026-03-03 23:54:00,1179.305120699833,1068.3767892394458,182.53477101810242,235.67741022349045,429.83653770856193,554.9778897552574,135017.04399883086,139727.768428494,16690.677718867475,27565.68368171857,True,1,9
1832,image1832 26-03-03 23-55-00.fits,2026-03-03 23:55:00,1179.8558687556147,1069.5645682297184,181.09648278661993,233.55937410947882,426.4496277505349,549.9902958578832,133949.50643245768,138787.68894440692,16712.798567746817,27569.28364390132,True,1,9
1833,image1833 26-03-03 23-56-00.fits,2026-03-03 23:56:00,1181.6891441229493,1070.6298925851308,179.1451412409288,231.14318456333916,421.85456956403976,544.3006042820393,132731.71110913684,137490.22795173174,16740.145016053048,27544.16816034956,True,1,8
1834,image1834 26-03-03 23-57-00.fits,2026-03-03 23:57:00,1180.868835283086,1069.8371805197899,180.22764485189296,232.43358113962682,424.4036707659565,547.3392560059209,133432.07048214413,138202.64108964772,16721.522348712046,27552.945691113022,True,2,7
1835,image1835 26-03-03 23-58-00.fits,2026-03-03 23:58:00,1182.367645346237,1072.6340630274067,176.99411740230116,228.30466711605075,416.7892955114999,537.6164064989945,131127.89500749743,136051.55818573726,16770.135787664083,27527.358846113377,True,2,8
1836,image1836 26-03-03 23-59-00.fits,2026-03-03 23:59:00,1180.4004417798185,1069.983264189763,180.61483070931948,232.86970202243825,425.31542378417697,548.3662422028218,133564.71954532788,138447.7088351698,16723.09275880542,27572.891283036704,True,1,9
1837,image1837 26-03-04 00-00-00.fits,2026-03-04 00:00:00,1182.7097776986357,1072.756994661323,176.8036057701651,228.08558963422195,416.34067490133435,537.1005184533692,131005.57398102123,135920.2487323148,16771.406979839572,27522.455210574793,True,2,7
1838,image1838 26-03-04 00-01-00.fits,2026-03-04 00:01:00,1179.541538911507,1068.598674503236,182.25426602194128,235.33421108215876,429.17599892087037,554.1697175378121,134820.95898025497,139513.98152964257,16698.871574525212,27576.361012732745,True,1,9
1839,image1839 26-03-04 00-02-00.fits,2026-03-04 00:02:00,1182.0379015004185,1071.7187282935893,177.8273595824822,229.5175375703926,418.7514308997555,540.4724981569045,131807.6115540428,136605.13630203175,16758.92476392239,27527.35338982953,True,2,7
1840,image1840 26-03-04 00-03-00.fits,2026-03-04 00:03:00,1180.7436690468944,1070.2055232216876,180.10983171772,232.43671491981195,424.1262420360381,547.3466354943175,133348.16900342304,138110.55329337728,16724.788556834796,27560.93349133892,True,1,8
1841,image1841 26-03-04 00-04-02.fits,2026-03-04 00:04:02,1182.5034831988007,1071.9337287230553,177.81118603145717,229.33093950453426,418.7133450976025,540.0330932910573,131680.76743656973,136594.3209538939,16758.81822765009,27527.69652587088,True,2,7
1842,image1842 26-03-04 00-05-02.fits,2026-03-04 00:05:02,1182.7602504814608,1073.3516495558376,176.41961092666335,227.32183766874027,415.436436146668,535.3020200156211,130565.562354859,135660.7124437066,16775.764633428582,27522.827395990407,True,2,7
1843,image1843 26-03-04 00-06-02.fits,2026-03-04 00:06:02,1180.8725844560909,1070.7902543952289,179.90504435516783,231.6248482644743,423.64400464973124,545.4348356204362,132889.07151434926,137984.96942017463,16732.783801092493,27568.00603495072,True,2,9
1844,image1844 26-03-04 00-07-02.fits,2026-03-04 00:07:02,1180.217911817814,1069.5407922062466,181.44780117134877,234.02200080161327,427.27691932508225,551.0796984658879,134100.6210072903,138997.0874853151,16713.3371935055,27577.3115208477,True,2,8
1845,image1845 26-03-04 00-08-02.fits,2026-03-04 00:08:02,1179.4319688807393,1068.827318604018,182.31218912063437,235.36649852551542,429.3123973947432,554.2457486566311,134795.14282402833,139552.7011057932,16701.86290670654,27590.42473589465,True,2,9
1846,image1846 26-03-04 00-09-02.fits,2026-03-04 00:09:02,1179.832879862994,1069.4136143793594,181.82328983502566,234.60755551266567,428.1611275569905,552.4585744369363,134344.51019154073,139236.7847715742,16703.871200657508,27571.76163075804,True,1,9
1847,image1847 26-03-04 00-10-02.fits,2026-03-04 00:10:02,1182.21080932696,1072.265371513448,177.40626452799526,228.7483755990045,417.7598278245863,538.6612601288043,131381.79150369397,136332.5347179086,16764.6661876686,27525.842306498995,True,2,8
1848,image1848 26-03-04 00-11-02.fits,2026-03-04 00:11:02,1182.7871430719879,1072.7989631573487,177.14214880882955,228.22150960653718,417.13788283488714,537.4205855286971,131063.31292037449,136132.3299837011,16769.078786778417,27541.70515492379,True,3,8
1849,image1849 26-03-04 00-12-02.fits,2026-03-04 00:12:02,1180.9956763258651,1070.4487961406135,180.31530626761375,232.18672856382514,424.6100976248716,546.7579626122555,133201.3801996788,138258.13468410217,16729.508330236426,27578.87529407365,True,2,9
1850,image1850 26-03-04 00-13-04.fits,2026-03-04 00:13:04,1180.941414100749,1071.1599322511777,179.57729628495005,231.2702053460261,422.8722169242622,544.5997153672461,132687.3931801529,137798.9653412196,16732.461865239067,27556.001337661237,True,2,8
1851,image1851 26-03-04 00-14-04.fits,2026-03-04 00:14:04,1182.3930494374374,1073.00241370655,177.03281399600087,228.2356648551384,416.88041902601844,537.4539185918456,131008.86916494704,136089.51660199385,16770.599480610563,27526.147904702157,True,2,7
1852,image1852 26-03-04 00-15-04.fits,2026-03-04 00:15:04,1181.1707622934744,1071.0776585586582,179.24404227267894,230.91474333703465,422.0874636960792,543.7626663032261,132528.1990011869,137550.7599808225,16737.190394141024,27546.04387013261,True,2,8
1853,image1853 26-03-04 00-16-04.fits,2026-03-04 00:16:04,1179.0992971622609,1069.1007060293625,182.17082483922752,234.86988300778836,428.97950995123495,553.076308480814,134551.33565502072,139463.01125921725,16703.849463209397,27595.979173457497,True,2,9
1854,image1854 26-03-04 00-17-04.fits,2026-03-04 00:17:04,1180.3121609394198,1070.2589527342425,180.59598518103422,232.82001229451654,425.2710459564117,548.2492318354796,133452.20078265006,138385.4123111845,16735.80801437105,27601.324059080656,True,1,9
1855,image1855 26-03-04 00-18-04.fits,2026-03-04 00:18:04,1182.9332771230384,1073.714298873884,176.5773371163752,227.1610065196293,415.80785293982774,534.9232916018292,130423.6885766136,135758.4791915399,16777.487865426116,27539.85047361986,True,2,8
1856,image1856 26-03-04 00-19-04.fits,2026-03-04 00:19:04,1181.1715664228057,1071.7857085905719,179.1456248673534,230.719264829564,421.8557084172387,543.3023495954615,132299.37009682728,137468.4322889983,16750.131265940563,27579.201163995014,True,1,8
1857,image1857 26-03-04 00-20-04.fits,2026-03-04 00:20:04,1183.3459981103802,1074.0866659799801,176.10883486134588,226.43593336236478,414.70461443854254,533.2158747969888,130054.2467511186,135442.40973309823,16786.11366398879,27543.30711605197,True,2,8
1858,image1858 26-03-04 00-21-04.fits,2026-03-04 00:21:04,1182.201747997568,1073.0447765600543,177.37502911274348,228.45749878068304,417.68627404263657,537.976297566386,131063.1386440489,136296.00253241695,16774.28083107256,27543.919598813463,True,2,8
1859,image1859 26-03-04 00-22-04.fits,2026-03-04 00:22:04,1179.8367662416345,1069.5852712752749,181.99853826308905,234.60835378444128,428.5738060682543,552.4604542233149,134321.739693688,139334.87679702154,16711.791704009192,27605.64668496218,True,2,9
1860,image1860 26-03-04 00-23-06.fits,2026-03-04 00:23:06,1179.179916688418,1069.6869409717228,182.14142956302686,234.77883938452285,428.9102893656084,552.8619171317762,134363.19499871292,139434.91262067197,16712.86350734474,27610.737881704088,True,1,9
1861,image1861 26-03-04 00-24-06.fits,2026-03-04 00:24:06,1180.225118839822,1070.3736422225434,180.79833588479892,232.74184073903348,425.74754544976287,548.0651518896768,133421.9576270635,138546.53610835125,16728.480450756375,27599.868542686298,True,2,9
1862,image1862 26-03-04 00-25-06.fits,2026-03-04 00:25:06,1181.0313205989894,1071.2489731740957,179.86385310350238,231.4724139445247,423.5470066646295,545.0758802282683,132719.5926152081,137935.83583498342,16747.480746855083,27600.24892566251,True,1,7
1863,image1863 26-03-04 00-26-06.fits,2026-03-04 00:26:06,1181.0459869995525,1071.4676814404854,179.85675691637024,231.4562703191938,423.53029642092747,545.0378648957395,132658.98138154016,137940.72566134887,16743.341636849498,27590.39798681443,True,1,8
1864,image1864 26-03-04 00-27-06.fits,2026-03-04 00:27:06,1180.492180417418,1070.3067756684839,181.01371835632435,233.21691729480455,426.25473241105925,549.1838716861308,133603.82308494562,138689.39595649557,16725.61316793304,27594.024895536997,True,2,8
1865,image1865 26-03-04 00-28-06.fits,2026-03-04 00:28:06,1179.4980513574985,1069.5669812738324,182.13532189115787,234.68324617150512,428.89590689746285,552.636812317593,134355.14264067358,139420.93809665553,16713.032072270453,27614.419690174087,True,2,9
1866,image1866 26-03-04 00-29-06.fits,2026-03-04 00:29:06,1180.5446792456648,1070.6852904950167,180.80349424391974,232.7361313031392,425.75969245722007,548.0517071955871,133328.46932851739,138560.0241836736,16732.853535623497,27598.764385282506,True,1,9
1867,image1867 26-03-04 00-30-06.fits,2026-03-04 00:30:06,1181.807608575556,1072.880577592518,178.16483874944095,229.14969675050375,419.54613360689035,539.6062992208497,131393.83142220453,136809.55798099135,16766.28323043544,27570.16235092574,True,1,8
1868,image1868 26-03-04 00-31-06.fits,2026-03-04 00:31:06,1181.2963607309398,1071.7168079407268,179.41385540293385,230.84717615447562,422.4873430591129,543.6035577473498,132333.8891809238,137650.453533917,16745.626140270146,27568.833223698657,True,2,8
1869,image1869 26-03-04 00-32-08.fits,2026-03-04 00:32:08,1180.1909368751,1070.3261416022458,181.13609117645635,233.30649379592288,426.54289838087305,549.394808226528,133636.9987497995,138745.23170006328,16728.01934557878,27612.53936754631,True,2,9
1870,image1870 26-03-04 00-33-08.fits,2026-03-04 00:33:08,1181.169209233313,1071.0369074934865,180.0714679685315,231.78599562158865,424.0359023104465,545.8143086471728,132871.79824568448,138072.70977106132,16739.372252921363,27585.709146199377,True,1,9
1871,image1871 26-03-04 00-34-08.fits,2026-03-04 00:34:08,1179.968002724128,1070.8339562628394,181.13248655097678,233.07140800853972,426.53441013653895,548.8412235020962,133442.5482740414,138761.9705881775,16730.478841689866,27620.26486112442,True,2,9
1872,image1872 26-03-04 00-35-08.fits,2026-03-04 00:35:08,1179.8452700891712,1070.7046422978901,181.48956291422672,233.5253519395596,427.37526071432666,549.910179770182,133640.78728152436,138992.6784824202,16728.329119261016,27627.096823527976,True,2,9
1873,image1873 26-03-04 00-36-08.fits,2026-03-04 00:36:08,1181.9796630985284,1073.0120246761016,178.10686886291833,228.93453564349286,419.40962495609875,539.0996335331494,131313.0057459313,136784.5575034298,16763.070087257354,27572.578225264642,True,1,8
1874,image1874 26-03-04 00-37-08.fits,2026-03-04 00:37:08,1181.9021370884523,1072.9330609332183,178.76932065680396,229.55480997866374,420.96957971920733,540.560267971028,131579.61995606814,137228.84823752492,16757.37535534087,27587.243314725718,True,1,7
1875,image1875 26-03-04 00-38-08.fits,2026-03-04 00:38:08,1180.415957131619,1071.3452389832107,180.80461218546216,232.37567034290058,425.76232500837335,547.2028865009662,133057.48586073288,138548.0832762933,16737.366049077893,27625.85249381794,True,1,9
1876,image1876 26-03-04 00-39-08.fits,2026-03-04 00:39:08,1182.5920396329952,1073.8918849525437,177.09990959428023,227.68380035001545,417.03841708578005,536.1543769930411,130598.31918611425,136098.4347333729,16785.940424702017,27579.560108201687,True,2,7
1877,image1877 26-03-04 00-40-08.fits,2026-03-04 00:40:08,1179.7051461152175,1070.4154877813805,181.7020561263232,233.80188899770823,427.8756439896045,550.5613747779043,133831.91915985264,139142.62716052702,16719.74505916173,27621.48033588393,True,2,9
1878,image1878 26-03-04 00-41-08.fits,2026-03-04 00:41:08,1182.4781410723358,1073.8574411907844,177.28296926126123,227.84825375252143,417.46948965902357,536.5416351617357,130659.16700568204,136252.1511638948,16774.65112021725,27552.621036961966,True,2,7
1879,image1879 26-03-04 00-42-10.fits,2026-03-04 00:42:10,1182.8326432203623,1073.2202277009364,177.82026355348793,228.53185097580993,418.7347210284397,538.151383605863,131103.1299707111,136602.53826653253,16766.30377312122,27565.403368654566,True,2,7
1880,image1880 26-03-04 00-43-10.fits,2026-03-04 00:43:10,1182.0722844654954,1073.4027073293603,177.7336214461399,228.58878754080328,418.53069445731285,538.2854589704045,131053.44335542039,136538.29159672488,16771.442492302496,27562.58807246328,True,1,8
1881,image1881 26-03-04 00-44-10.fits,2026-03-04 00:44:10,1183.450152314864,1074.7857252919425,176.0614738202467,226.00450130215725,414.59308770960865,532.1999299335432,129734.15581155526,135398.36866839658,16794.939753694052,27571.329212568337,True,2,8
1882,image1882 26-03-04 00-45-10.fits,2026-03-04 00:45:10,1180.9013184330981,1070.9874604834479,181.0717240567546,232.8420052386532,426.3913253971585,548.3010212611819,133317.81982911972,138753.80882562645,16724.13084611581,27598.861005580722,True,1,9
1883,image1883 26-03-04 00-46-10.fits,2026-03-04 00:46:10,1182.9680845199457,1074.2214146427286,177.14006205005444,227.38943068880542,417.13296889349436,535.4611894141747,130412.85970340346,136136.74305655912,16780.759590968366,27575.279692365402,True,2,7
1884,image1884 26-03-04 00-47-10.fits,2026-03-04 00:47:10,1179.9456405915569,1070.2118063576331,181.95300517301328,233.99946186231628,428.4665838350317,551.0266233198375,133962.73160633285,139323.29873610553,16715.02745337833,27619.226268552273,True,1,9
1885,image1885 26-03-04 00-48-10.fits,2026-03-04 00:48:10,1179.3910598969085,1070.3800711434553,182.20095532200804,234.37285711396072,429.050461816053,551.9059019431293,134058.14072045006,139485.1813443694,16715.740672049888,27626.658753002746,True,2,9
1886,image1886 26-03-04 00-49-10.fits,2026-03-04 00:49:10,1181.6891793725501,1072.9596845373442,178.86276351376782,229.775826484156,421.1896208318508,541.0807220684438,131649.58583483507,137300.82157469878,16761.563328799017,27589.524859506808,True,2,8
1887,image1887 26-03-04 00-50-10.fits,2026-03-04 00:50:10,1180.5683655830808,1071.839617578627,180.82962892179714,232.0295533826253,425.8212349205562,546.3878433449847,132832.68233854984,138582.6888951756,16736.133446633266,27633.53145617794,True,2,9
1888,image1888 26-03-04 00-51-10.fits,2026-03-04 00:51:10,1179.828726974379,1071.3818667646574,180.9986388432726,232.7216737742077,426.2192228714557,548.0176623166576,133181.68646616844,138696.57953924066,16732.134877665874,27616.168535980563,True,1,9
1889,image1889 26-03-04 00-52-12.fits,2026-03-04 00:52:12,1182.9883771345933,1074.5767722264504,176.75361926803168,226.89542611927854,416.22296568412963,534.2978975515159,130144.1434065769,135894.65913218076,16784.117346437935,27567.873000215106,True,2,8
1890,image1890 26-03-04 00-53-12.fits,2026-03-04 00:53:12,1182.8683317723487,1074.4672868949172,177.41525632934204,227.70025691418658,417.78100189863864,536.1931292402236,130479.38872155288,136328.48988415865,16781.264249615528,27585.110340866057,True,2,7
1891,image1891 26-03-04 00-54-12.fits,2026-03-04 00:54:12,1179.3374193666525,1070.5852508742528,182.2024202111561,234.28985733293345,429.0539113663825,551.710452395033,133980.57896318208,139485.32657328245,16718.45794587999,27634.244621823535,True,2,9
1892,image1892 26-03-04 00-55-12.fits,2026-03-04 00:55:12,1182.2503120245192,1073.3321409841178,178.42120014705185,229.0196234973294,420.14981856475663,539.3000001169523,131268.4196795532,136989.4630570693,16771.81344480899,27601.295746714604,True,2,8
1893,image1893 26-03-04 00-56-12.fits,2026-03-04 00:56:12,1181.6309168527341,1073.0871142317667,178.96651062326134,229.93160174762124,421.43392660490014,541.4475447813718,131688.1092610736,137350.93651909495,16758.43561606028,27598.098866443943,True,1,9
1894,image1894 26-03-04 00-57-12.fits,2026-03-04 00:57:12,1182.7757664828496,1074.095036612585,177.20225189945532,227.56188936209907,417.279414797461,535.8672985549861,130507.53367479048,136174.0127843124,16779.688787169052,27574.823939227463,True,2,8
1895,image1895 26-03-04 00-58-12.fits,2026-03-04 00:58:12,1180.701326870786,1071.957613037134,180.35491031974902,231.67255110670956,424.70335804070425,545.5471672295367,132650.5971310909,138273.10014734173,16744.55128155036,27622.510711443316,True,1,8
1896,image1896 26-03-04 00-59-12.fits,2026-03-04 00:59:12,1182.90596789445,1075.1771284648592,176.40808774303147,226.40743318094016,415.409301122869,533.1487619984831,129796.77094387444,135668.2877220404,16788.40453042996,27560.63550417665,True,2,7
1897,image1897 26-03-04 01-00-12.fits,2026-03-04 01:00:12,1180.6003486834863,1072.1831961761109,180.2962266546024,231.36804677048306,424.5651685697011,544.8301143147917,132495.02953089317,138225.72544767818,16747.96538911689,27637.646117520468,True,2,9
1898,image1898 26-03-04 01-01-14.fits,2026-03-04 01:01:14,1180.2592747652707,1071.5702764708763,180.96257519189547,232.60814122798155,426.1342994622958,547.750313601041,133086.48425500406,138668.54505371588,16735.67927506779,27621.11686816674,True,2,9
1899,image1899 26-03-04 01-02-14.fits,2026-03-04 01:02:14,1179.6382882688613,1070.659881461127,182.2250686925605,234.22173597414056,429.1072444643832,551.5500388538528,133933.09454506243,139492.59287940126,16718.607615776844,27637.738694467633,True,1,9
1900,image1900 26-03-04 01-03-14.fits,2026-03-04 01:03:14,1182.383475293018,1074.282248265561,177.71734541817784,227.93959502019217,418.4923673404143,536.7567274097853,130647.57705394279,136531.91745278513,16779.34401170848,27602.270445157228,True,2,8
1901,image1901 26-03-04 01-04-14.fits,2026-03-04 01:04:14,1182.1467573599678,1074.2181287810338,178.11762416419188,228.6147554234621,419.43495175512805,538.3466086610165,130889.61702344441,136803.46196775313,16776.130349083036,27593.87336184605,True,1,7
1902,image1902 26-03-04 01-05-14.fits,2026-03-04 01:05:14,1182.4050261661,1074.4173233215436,177.27827070858126,227.619853908508,417.45842541299015,536.0037946307709,130460.35369863354,136240.77277983865,16781.968436926934,27579.896861672365,True,1,7
1903,image1903 26-03-04 01-06-14.fits,2026-03-04 01:06:14,1181.2673158315235,1073.4628129058754,179.22417277602386,229.75266649189405,422.04067460707114,541.0261844544226,131536.2871327553,137526.70506389785,16764.183617019546,27621.971418615864,True,1,8
1904,image1904 26-03-04 01-07-14.fits,2026-03-04 01:07:14,1183.061470439638,1075.0570582557036,176.54921881962423,226.59954645901797,415.7416394110065,533.6011541966174,129906.75707679654,135732.92977003843,16793.280094491656,27584.630183951092,True,2,8
1905,image1905 26-03-04 01-08-14.fits,2026-03-04 01:08:14,1180.3220770442588,1072.207318627759,180.9351482897301,232.16357476781278,426.06971404330375,546.7034395892871,132778.45276482662,138628.6518621175,16743.31036541784,27651.93256171666,True,2,9
1906,image1906 26-03-04 01-09-14.fits,2026-03-04 01:09:14,1180.820905794295,1072.769279519168,179.84740549256762,230.79506389941523,423.5082755007075,543.4808427645418,132089.29644504265,137921.95340168607,16757.113193642686,27626.235237003402,True,2,8
1907,image1907 26-03-04 01-10-16.fits,2026-03-04 01:10:16,1181.8514224437367,1073.632591002083,178.76911971035972,229.22874029977828,420.96910652649245,539.7924325551116,131296.760373407,137240.40675077002,16765.868324929903,27606.34163440563,True,1,8
1908,image1908 26-03-04 01-11-16.fits,2026-03-04 01:11:16,1183.4650147471573,1075.6780836254536,176.07083384164932,225.75974147354063,414.61512887562947,531.6235645828984,129437.67642226302,135429.63368104256,16796.917124191037,27576.753786859488,True,2,8
1909,image1909 26-03-04 01-12-16.fits,2026-03-04 01:12:16,1181.2899076203066,1073.6445948190749,178.84581784404426,229.5093445748003,421.14971682910925,540.4532051266549,131383.27451892456,137268.80918431949,16771.747862041615,27617.72635753999,True,1,7
1910,image1910 26-03-04 01-13-16.fits,2026-03-04 01:13:16,1182.3403466406685,1074.654422068367,177.73620872319043,227.91202838063145,418.5367870291735,536.6918129343736,130518.5462408954,136525.9809122552,16789.099318024906,27616.252071766885,True,2,8
1911,image1911 26-03-04 01-14-16.fits,2026-03-04 01:14:16,1180.5160477848501,1072.622373370051,180.44417064058067,231.57040649826618,424.9135500334245,545.3066350580824,132450.3776954815,138329.1090176994,16750.57769524727,27640.29255307421,True,2,8
1912,image1912 26-03-04 01-15-16.fits,2026-03-04 01:15:16,1180.7277145520743,1072.0115049279102,180.89224565120423,231.8959971356234,425.9686860501183,546.0733424174056,132726.2999885196,138604.23139209126,16745.371882728028,27654.494950004817,True,2,9
1913,image1913 26-03-04 01-16-16.fits,2026-03-04 01:16:16,1183.3549075048345,1076.0790318142979,176.07657268001404,225.39127448090855,414.62864280724585,530.7558911227161,129208.58090138403,135430.1845565429,16799.648035540737,27590.49047673307,True,2,8
1914,image1914 26-03-04 01-17-16.fits,2026-03-04 01:17:16,1181.9070773151097,1074.1991071348848,178.75018695234368,229.06058931809034,420.9245232884086,539.3964672528413,131069.49436470955,137188.83181131716,16779.68597476852,27635.22976184389,True,1,7
1915,image1915 26-03-04 01-18-16.fits,2026-03-04 01:18:16,1180.6241556851746,1072.8993413095006,180.36510307970647,231.15843430030023,424.7273601561662,544.3365146683167,132234.0120756725,138273.51400469648,16749.12927130295,27643.388334660438,True,2,8
1916,image1916 26-03-04 01-19-16.fits,2026-03-04 01:19:16,1180.9480598591683,1073.0567065951993,179.7225800766435,230.45042612580895,423.21433410916006,542.6692828269789,131886.99630471785,137848.3930159134,16759.5154164061,27625.3685496735,True,1,8
1917,image1917 26-03-04 01-20-18.fits,2026-03-04 01:20:18,1180.37003402408,1072.5456765848526,180.78098662970962,231.81972874386125,425.70669107611224,545.8937440796818,132567.98599688095,138532.6576919619,16751.184467216004,27661.153969781244,True,2,9
1918,image1918 26-03-04 01-21-18.fits,2026-03-04 01:21:18,1180.1155507623055,1072.121291683737,181.49268486662075,232.79767409827818,427.38261235040375,548.1966294032077,133040.48851661925,138993.4677419394,16743.472759390304,27671.05672128995,True,2,9
1919,image1919 26-03-04 01-22-18.fits,2026-03-04 01:22:18,1181.3505216424546,1073.689370007882,179.1810620565961,229.85136125901127,421.93915662080695,541.25859287037,131541.73859559197,137494.70850710265,16764.86572695185,27630.873535084585,True,1,8
1920,image1920 26-03-04 01-23-18.fits,2026-03-04 01:23:18,1181.7383586221817,1074.0985409344466,178.75559684243012,229.08009298562527,420.9372626060255,539.4423948801042,131106.27419162617,137196.45070114694,16776.59622829101,27630.404845651447,True,1,8
1921,image1921 26-03-04 01-24-18.fits,2026-03-04 01:24:18,1179.6574590899593,1071.8583941504571,181.7910658538968,233.34441386753866,428.0852458802976,549.4841031712779,133294.14280800582,139185.03738107017,16738.17508700719,27664.61381581984,True,2,9
1922,image1922 26-03-04 01-25-18.fits,2026-03-04 01:25:18,1181.321685788872,1073.5289298503594,179.86855884582062,230.5837098974346,423.55808784096723,542.9831421240804,131850.38101051236,137934.3516652707,16759.770649800572,27646.268092219874,True,2,8
1923,image1923 26-03-04 01-26-18.fits,2026-03-04 01:26:18,1183.2870390534101,1076.195611912934,176.2001162662694,225.63532397305082,414.919565720595,531.3305837587924,129282.75582736681,135503.891788223,16804.110124512506,27607.11064370524,True,2,8
1924,image1924 26-03-04 01-27-18.fits,2026-03-04 01:27:18,1181.874984098707,1074.9015119435965,178.4588107293748,228.51913514979668,420.238384717916,538.1214401238778,130726.71989719555,137010.77748833713,16778.334876762685,27635.930989091652,True,1,8
1925,image1925 26-03-04 01-28-18.fits,2026-03-04 01:28:18,1182.018909106018,1075.0536383386875,177.9477981352586,227.95924783766202,419.035042018028,536.8030062583047,130435.98544892916,136690.81730027692,16783.07308927224,27606.700371902163,True,1,7
1926,image1926 26-03-04 01-29-18.fits,2026-03-04 01:29:18,1182.0799022482092,1074.1747170302717,178.819740811599,229.0341244551871,421.08831011039223,539.3341472631878,131077.73061012817,137246.66922867755,16776.261268793958,27633.302147400096,True,2,7
1927,image1927 26-03-04 01-30-20.fits,2026-03-04 01:30:20,1181.2028476530013,1073.9652032901397,179.24116306585333,229.70754174903092,422.0806836821325,540.9199238054017,131380.56996943158,137520.86081736872,16770.416880793062,27634.708902873415,True,1,7
1928,image1928 26-03-04 01-31-20.fits,2026-03-04 01:31:20,1182.960260224276,1075.6510322519791,177.02410636313846,226.73316003508035,416.85991411760926,533.9157901238174,129820.17966729471,136063.87478039585,16791.96442096022,27599.991874016843,True,2,7
1929,image1929 26-03-04 01-32-20.fits,2026-03-04 01:32:20,1180.545137236037,1072.7269911429596,181.2373799536355,232.08119698192456,426.78141522371124,546.5094547278122,132632.86342648475,138832.34462794755,16750.444979387426,27681.804139199925,True,2,9
1930,image1930 26-03-04 01-33-20.fits,2026-03-04 01:33:20,1180.0907263240586,1072.6361130752846,181.0937551231699,231.99733539065437,426.44320459396664,546.311975771681,132615.9801644068,138724.46672995665,16749.61031118491,27676.71602400142,True,2,9
1931,image1931 26-03-04 01-34-20.fits,2026-03-04 01:34:20,1183.1765286916043,1076.6394878183423,176.07525398468923,225.16913977060534,414.62553751706173,530.232803854197,128980.82444793695,135404.16984334632,16809.11453581907,27615.698885416998,True,2,8
1932,image1932 26-03-04 01-35-20.fits,2026-03-04 01:35:20,1182.0013042072735,1074.8014683280119,178.45787166806565,228.23202076350427,420.2361733975217,537.4453374118197,130625.66241695611,136991.6775108506,16780.45008456258,27641.90749018976,True,2,7
1933,image1933 26-03-04 01-36-20.fits,2026-03-04 01:36:20,1182.0179738114823,1075.4282217063449,178.07005592369495,227.65790559710936,419.322937108899,536.0933995098367,130249.31371586159,136742.98965407902,16789.427610089188,27642.912162908287,True,1,8
1934,image1934 26-03-04 01-37-20.fits,2026-03-04 01:37:20,1183.2893742740096,1075.802614636039,176.92912043008545,226.4930505915448,416.6362393384601,533.3503755931786,129697.68377087318,135972.93101583814,16799.980904605716,27623.28421948712,True,2,7
1935,image1935 26-03-04 01-38-20.fits,2026-03-04 01:38:20,1182.0115416900867,1075.1263657006714,178.04650450737594,228.04296083638468,419.2674777616621,537.0001353057264,130457.99827754362,136731.58529089147,16789.18083558029,27631.345498756127,True,2,8
1936,image1936 26-03-04 01-39-22.fits,2026-03-04 01:39:22,1180.1840895752903,1072.3906222688936,181.71722908788,232.82380839215963,427.91137358362096,548.2581709623024,132990.68039399263,139142.78159923753,16739.734625909965,27677.176649377332,True,2,9
1937,image1937 26-03-04 01-40-22.fits,2026-03-04 01:40:22,1183.711118847611,1076.7001338100322,176.07384637927447,225.0763053541339,414.6222228596156,530.0141955094213,128955.70320818675,135434.07028484312,16802.747089225715,27605.17918898881,True,1,8
1938,image1938 26-03-04 01-41-22.fits,2026-03-04 01:41:22,1183.0310977286242,1076.188564558864,176.84730282911033,226.23211296820344,416.44357361164754,532.7359144472316,129510.96889918935,135938.56163171967,16798.4770817747,27616.967215607812,True,2,8
1939,image1939 26-03-04 01-42-22.fits,2026-03-04 01:42:22,1182.5794510600758,1076.0463069750638,177.0006209157164,226.6205651479924,416.8046101152533,533.6506494267346,129702.25545594504,136061.12769217335,16795.274037176725,27610.144513418272,True,2,7
1940,image1940 26-03-04 01-43-22.fits,2026-03-04 01:43:22,1179.8778843756659,1072.3987712431951,181.91923627668868,232.94983760600235,428.38706416106794,548.5549470813188,133055.86874408278,139280.57182677602,16740.440415477806,27691.481934852567,True,1,9
1941,image1941 26-03-04 01-44-22.fits,2026-03-04 01:44:22,1180.4249164452206,1072.8305152100493,181.35466222056036,232.1632406945628,427.05759385679255,546.7026529069014,132653.80871308953,138915.8733715589,16745.938142643492,27682.709027019988,True,2,9
1942,image1942 26-03-04 01-45-22.fits,2026-03-04 01:45:22,1181.9830672270155,1075.0434138607716,178.29009955104848,228.1721354582932,419.8411002533724,537.3043182947059,130541.82961725061,136895.572650555,16785.58302510962,27638.614629754942,True,1,8
1943,image1943 26-03-04 01-46-22.fits,2026-03-04 01:46:22,1182.5469441486332,1076.0769462485307,177.39048204923895,226.92071646138456,417.72266292725067,534.3574517560529,129797.7845511972,136290.0115792693,16798.82422612072,27635.149132478327,True,2,7
1944,image1944 26-03-04 01-47-22.fits,2026-03-04 01:47:22,1183.4196570778633,1077.1210261755134,175.7944309740264,224.5911017518183,413.96424986244693,528.8716283407673,128652.01311402305,135226.4751594525,16812.910840986715,27617.580766767573,True,2,8
1945,image1945 26-03-04 01-48-22.fits,2026-03-04 01:48:22,1180.0174256619853,1073.0607520493077,181.50512675992027,232.17790696010252,427.4119107701436,546.7371893229802,132575.95997260133,138984.36443050808,16747.72079381601,27693.19091869657,True,2,9
1946,image1946 26-03-04 01-49-24.fits,2026-03-04 01:49:24,1179.9892922082204,1073.0267812132863,181.09633156009247,231.79616903083922,426.4492716392767,545.8382651952023,132456.87248130178,138733.14898027346,16754.859253260423,27690.588464308,True,2,9
1947,image1947 26-03-04 01-50-24.fits,2026-03-04 01:50:24,1181.1240951054,1074.675763901031,179.0797373180356,229.1401026460555,421.7005550953872,539.5837068313808,131006.2170286492,137410.55812256486,16782.014559253646,27660.716286326973,True,2,8
1948,image1948 26-03-04 01-51-24.fits,2026-03-04 01:51:24,1183.7559433298452,1077.1582710296336,175.86964862936654,224.5909876390769,414.1413739049821,528.8713596257965,128654.45855770282,135274.54971006047,16810.688135692795,27622.04059644677,True,2,8
1949,image1949 26-03-04 01-52-24.fits,2026-03-04 01:52:24,1182.8808457088026,1076.7268911008916,176.41878666672199,225.60597823907892,415.43449516283573,531.2614798361992,129125.18948728462,135636.55169204148,16807.514434047393,27621.704422811472,True,2,7
1950,image1950 26-03-04 01-53-24.fits,2026-03-04 01:53:24,1180.9503388098246,1074.6038612110985,179.36154496971176,229.35687944675377,422.36416140239726,540.0941771869627,131097.08474379694,137590.67338504884,16777.67980968467,27662.17095651735,True,2,8
1951,image1951 26-03-04 01-54-24.fits,2026-03-04 01:54:24,1180.9037293431174,1074.489581037909,179.69856505370618,229.77093744344697,423.15778305176536,541.0692092573812,131309.98951372397,137822.12974139585,16773.04803058782,27671.99802775491,True,1,8
1952,image1952 26-03-04 01-55-24.fits,2026-03-04 01:55:24,1180.1342406264434,1073.7840558545163,181.07167078436487,231.3942472075844,426.3911999502673,544.8918116292665,132122.25060000707,138709.53279124605,16759.61669830873,27706.948473929213,True,2,9
1953,image1953 26-03-04 01-56-24.fits,2026-03-04 01:56:24,1183.0554785621878,1077.1147259255329,176.24348432496046,225.0710240584469,415.0216896945148,530.0017590084739,128848.82368670365,135521.35172159574,16806.46073952587,27626.745894303276,True,2,7
1954,image1954 26-03-04 01-57-24.fits,2026-03-04 01:57:24,1182.0004710684293,1075.6267489703866,178.04188243552375,227.5946554674871,419.25659361421503,535.9444568367513,130194.5222139245,136736.5577513473,16790.339406835992,27646.782731961703,True,1,7
1955,image1955 26-03-04 01-58-26.fits,2026-03-04 01:58:26,1182.5743264722319,1076.606520630276,177.1227603504088,226.12772891972924,417.0922265043557,532.4901087975031,129376.37488789574,136118.61959101516,16797.3707221754,27632.389967430023,True,1,7
1956,image1956 26-03-04 01-59-26.fits,2026-03-04 01:59:26,1180.7024470389842,1074.3703964593838,180.03187226322368,230.16305884336,423.9426615498905,541.992584589982,131485.39692930598,138024.4469807706,16774.05382781723,27688.861786849746,True,2,7
1957,image1957 26-03-04 02-00-26.fits,2026-03-04 02:00:26,1182.4809924660406,1075.9687990468992,177.81535263358688,227.0690944676034,418.7231566958172,534.7068552593388,129914.41308988255,136582.49267893351,16791.88013710049,27648.45484407041,True,2,8
1958,image1958 26-03-04 02-01-26.fits,2026-03-04 02:01:26,1183.1750034697354,1077.5505605310088,176.2504439022495,224.79534544656673,415.03807824661993,529.3525854872321,128647.70026497071,135516.25574609352,16812.705346628696,27648.03717715494,True,2,7
1959,image1959 26-03-04 02-02-26.fits,2026-03-04 02:02:26,1182.0061377099878,1075.5436751523678,178.73610279953496,228.07905165787602,420.8913576430573,537.0851226956158,130421.5127604352,137168.60443885624,16788.018742082328,27684.891977084284,True,1,8
1960,image1960 26-03-04 02-03-26.fits,2026-03-04 02:03:26,1183.528144285331,1077.9340754173857,175.82354730139636,224.19644533350197,414.0328135737754,527.9422834960159,128282.63701804033,135216.95050583078,16820.742627513944,27639.9938116915,True,2,7
1961,image1961 26-03-04 02-04-26.fits,2026-03-04 02:04:26,1179.7953595551407,1073.3861000743148,181.59130289125133,232.0819608265438,427.6148400516052,546.5112534444329,132464.77359100003,139042.7522047938,16752.89120889932,27708.27759904603,True,1,8
1962,image1962 26-03-04 02-05-26.fits,2026-03-04 02:05:26,1181.7119483032493,1075.5766246782173,178.5890433399171,228.00349388440452,420.54505907973777,536.9071977360873,130366.26218527775,137088.4317335401,16790.64453788154,27671.07594639284,True,1,8
1963,image1963 26-03-04 02-06-26.fits,2026-03-04 02:06:26,1180.284561212738,1073.8550902953684,181.0614841269898,231.3171642810311,426.36721220528864,544.7102952086891,132061.2123987309,138701.9103317482,16762.99675244909,27707.76408072695,True,2,9
1964,image1964 26-03-04 02-07-26.fits,2026-03-04 02:07:26,1182.1998763733593,1076.1279749963408,178.05327015180688,227.36053062965547,419.2834096367857,535.3931349755858,129967.27338846098,136729.62642299462,16794.351695710564,27656.680964905718,True,1,8
1965,image1965 26-03-04 02-08-28.fits,2026-03-04 02:08:28,1180.4610736801014,1073.8450085178022,181.0979181135614,231.2344673055533,426.45300768718784,544.5155587131705,132046.856058553,138726.28820773985,16762.85457748941,27715.123053388208,True,2,9
1966,image1966 26-03-04 02-09-28.fits,2026-03-04 02:09:28,1182.1146360259665,1076.1825585232093,178.28022363780997,227.30663290015653,419.81784425491537,535.26621552178,129965.48546830974,136864.3227238181,16792.87284131148,27681.48237262248,True,1,8
1967,image1967 26-03-04 02-10-28.fits,2026-03-04 02:10:28,1179.2523319972486,1073.548615357358,181.62896024645113,232.26129308640392,427.70351634647255,546.9335486446722,132495.91086836366,139077.63465586258,16755.676601147286,27710.79030148807,True,2,9
1968,image1968 26-03-04 02-11-28.fits,2026-03-04 02:11:28,1180.44313446957,1074.5379486531033,180.183758465227,230.28741204804848,424.3003262229315,542.2854140090463,131482.28439123242,138139.01087471913,16772.639426426515,27684.033080821016,True,1,7
1969,image1969 26-03-04 02-12-28.fits,2026-03-04 02:12:28,1180.3751863769098,1074.0090553187279,180.5544566316043,230.68475647402664,425.17325369577304,543.221088628121,131765.5947367057,138355.87839469442,16769.907991751053,27700.809275127256,True,2,9
1970,image1970 26-03-04 02-13-28.fits,2026-03-04 02:13:28,1181.5750487555858,1076.5176370163106,178.09982763766166,226.96299161011888,419.39304413772277,534.4570021236991,129739.1735169572,136757.87550659178,16799.18017512884,27678.86202084675,True,1,8
1971,image1971 26-03-04 02-14-28.fits,2026-03-04 02:14:28,1180.0695489836794,1074.069763245051,180.99409778725473,231.16417978291906,426.2085295017192,544.3500442459559,131942.87372546262,138635.69008196943,16769.2232161422,27721.580811873584,True,2,9
1972,image1972 26-03-04 02-15-28.fits,2026-03-04 02:15:28,1181.2657667172589,1075.9019554077927,178.9905217306718,228.14513732844853,421.4904684419337,537.2407425573692,130336.58850651346,137318.99169946907,16789.796548545837,27696.817437030204,True,1,8
1973,image1973 26-03-04 02-16-28.fits,2026-03-04 02:16:28,1179.9234075827549,1073.7779152706469,181.39045806781817,231.78305974402818,427.1418866354441,545.8073951838437,132246.7434811645,138890.3389347606,16764.6480446812,27726.090343279808,True,2,9
1974,image1974 26-03-04 02-17-28.fits,2026-03-04 02:17:28,1183.3940545462679,1077.7753729734652,176.478883995519,224.75432412046524,415.5760135573397,529.2559876462545,128577.94253586857,135656.57013918168,16815.676746605368,27667.304730376392,True,1,8
1975,image1975 26-03-04 02-18-30.fits,2026-03-04 02:18:30,1180.1459369200936,1075.317553217178,179.75600947010997,229.42594358207253,423.2930543149881,540.2568107972041,130966.6529088635,137828.1982417111,16783.085669718363,27703.701669450522,True,2,8
1976,image1976 26-03-04 02-19-30.fits,2026-03-04 02:19:30,1180.1662794411368,1074.4224939061587,181.04671566405503,231.06305432995276,426.33243513273555,544.111912002248,131799.0797496358,138664.60112297453,16767.682350137296,27718.323480246057,True,2,9
1977,image1977 26-03-04 02-20-30.fits,2026-03-04 02:20:30,1180.9329813908523,1075.2786538411594,179.60508594183423,229.29524456894288,422.9376565653376,539.9490381412206,130909.33547276618,137722.51247953923,16787.079142451235,27700.454755478226,True,1,8
1978,image1978 26-03-04 02-21-30.fits,2026-03-04 02:21:30,1182.1884859883319,1076.66724687951,177.87351964672905,226.82902901462083,418.86012954432397,534.1415443185359,129622.36628037665,136564.09265817344,16804.276207405346,27683.61333216981,True,1,7
1979,image1979 26-03-04 02-22-30.fits,2026-03-04 02:22:30,1182.2256916212664,1077.1244097331758,177.52497408609938,226.2695492833511,418.03936747154665,532.8240702325535,129309.68997101804,136331.60715478542,16812.58779755617,27694.043663350993,True,1,7
1980,image1980 26-03-04 02-23-30.fits,2026-03-04 02:23:30,1181.545857702432,1076.4955980411607,178.78216186413812,227.71597767530534,420.9998184516402,536.2301488036292,130031.51172060733,137165.63395998848,16801.105999326435,27718.57017562748,True,1,8
1981,image1981 26-03-04 02-24-30.fits,2026-03-04 02:24:30,1182.5287781836234,1076.9941767214511,177.83558355181586,226.36253558685502,418.7707968675922,533.0430362439578,129391.33936123092,136524.29502988077,16808.669859287173,27709.015039874896,True,1,7
1982,image1982 26-03-04 02-25-30.fits,2026-03-04 02:25:30,1180.2528909872085,1074.2088495540825,180.999005630089,231.0954597054256,426.2200865884032,544.1882208299783,131852.2862825458,138622.4808952752,16770.451471315988,27719.16511752528,True,2,9
1983,image1983 26-03-04 02-26-30.fits,2026-03-04 02:26:30,1183.489363336815,1078.5819588383627,175.48445041917822,223.3489393660507,413.23430143832064,525.9465594555783,127816.27212010405,134957.06671346983,16833.148508915703,27673.028088957086,True,2,7
1984,image1984 26-03-04 02-27-32.fits,2026-03-04 02:27:32,1181.3821574446656,1075.6945080153475,179.32411833396213,228.63898361952005,422.276028410316,538.4036617027486,130571.36775385594,137513.49700141384,16791.290363559197,27715.578050025688,True,3,7
1985,image1985 26-03-04 02-28-32.fits,2026-03-04 02:28:32,1180.7243591861004,1075.23235250532,180.17176984941113,229.81347959533863,424.27209519009614,541.1693883694145,131106.38594005036,138068.01232617407,16787.09913246983,27725.302963015012,True,2,8
1986,image1986 26-03-04 02-29-32.fits,2026-03-04 02:29:32,1181.864756361427,1076.6292039586835,178.32132959822277,227.30220427827305,419.9146413944657,535.255786914197,129823.99493147839,136855.99829826725,16804.101623336013,27703.554589587493,True,1,7
1987,image1987 26-03-04 02-30-32.fits,2026-03-04 02:30:32,1182.1720547636148,1077.2824509911213,178.06886427006566,226.66680572899878,419.32013097904604,533.7595376737823,129417.90973352928,136682.82899896876,16810.7382737516,27711.994379788586,True,1,7
1988,image1988 26-03-04 02-31-32.fits,2026-03-04 02:31:32,1182.8313805259902,1078.1139017651108,176.56182985559096,224.77813444390972,415.7713361312895,529.3120566731802,128492.72650959305,135671.6103833553,16825.22897277827,27696.206761859867,True,1,7
1989,image1989 26-03-04 02-32-32.fits,2026-03-04 02:32:32,1180.31215839647,1074.3724864507117,181.30347581252215,231.2764334947714,426.93705907711103,544.614381536755,131892.7250392536,138797.3813227643,16775.185308950997,27751.967386674343,True,2,8
1990,image1990 26-03-04 02-33-32.fits,2026-03-04 02:33:32,1184.1114368629294,1078.9673194373097,175.35601497870448,223.09738058304652,412.93185908860073,525.3541837908564,127623.08694870974,134878.03927037085,16836.54724594524,27673.646109332716,True,2,8
1991,image1991 26-03-04 02-34-32.fits,2026-03-04 02:34:32,1181.815918528717,1077.1829306246539,178.14631504930594,226.97906975408128,419.5025136265043,534.4948632593887,129553.80270511875,136742.84853597914,16807.30371750628,27700.971448764703,True,1,7
1992,image1992 26-03-04 02-35-32.fits,2026-03-04 02:35:32,1182.3754547064916,1077.856516992607,176.86118850812548,225.0827432207552,416.4762718869313,530.0293555267883,128689.45143082332,135895.01960971125,16819.033875926394,27692.987763117686,True,2,7
1993,image1993 26-03-04 02-36-32.fits,2026-03-04 02:36:32,1182.3524332180295,1078.110587045044,176.85637539547866,225.20194967175374,416.46493787279155,530.3100652670968,128659.65528148746,135892.1217511257,16820.58185575889,27690.254138495173,True,2,7
1994,image1994 26-03-04 02-37-34.fits,2026-03-04 02:37:34,1182.4495835882506,1078.6057686813451,176.9908457498426,224.90996687966194,416.78159135871016,529.6224983354748,128452.82089421792,135987.50876178546,16820.24336504918,27706.745347024167,True,2,7
1995,image1995 26-03-04 02-38-34.fits,2026-03-04 02:38:34,1182.9717292196738,1078.5274958597504,176.42803588309408,224.4011478197563,415.45627540294953,528.4243210139152,128254.57379507147,135595.30789124285,16828.816104259404,27699.477341320257,True,2,7
1996,image1996 26-03-04 02-39-34.fits,2026-03-04 02:39:34,1181.4342155861273,1076.8863031782735,178.5158064252981,227.46473870510664,420.3725993251567,535.6385262405123,129811.87982024167,136997.51068490543,16802.51165390034,27700.096017135602,True,2,8
1997,image1997 26-03-04 02-40-34.fits,2026-03-04 02:40:34,1180.5141399038328,1074.8006258924695,180.99777145739975,230.7232897284228,426.2171803338156,543.3118275079734,131584.25114155814,138613.7487280895,16779.770502241474,27748.725510405846,True,2,9
1998,image1998 26-03-04 02-41-34.fits,2026-03-04 02:41:34,1181.7190496686735,1076.7744060605417,178.59680379696965,227.63342853307475,420.5633335595637,536.0357604288045,129911.59286987869,137033.42832831162,16806.489986849505,27716.94755449133,True,1,7
1999,image1999 26-03-04 02-42-34.fits,2026-03-04 02:42:34,1183.4987579140131,1079.297779954662,175.42738315691037,222.96852275430504,413.0999183052173,525.0507467927769,127500.77728236091,134914.9482913205,16839.336609128342,27689.55583591005,True,2,7
2000,image2000 26-03-04 02-43-34.fits,2026-03-04 02:43:34,1182.9803593788965,1077.9990438946795,177.11150207149743,225.23918485700582,417.06571528350264,530.3977474277087,128689.28477315333,136027.66199695048,16822.317925473395,27709.741277029003,True,1,7
2001,image2001 26-03-04 02-44-34.fits,2026-03-04 02:44:34,1183.9215762012489,1079.3521754131177,175.36411658609654,222.90325931264093,412.9509369160845,524.8970631321384,127465.73465214865,134881.3791369038,16837.600645578284,27683.31993916787,True,2,7
2002,image2002 26-03-04 02-45-34.fits,2026-03-04 02:45:34,1183.3458630062817,1079.1045953740625,175.6827358637855,223.6876766502148,413.70122797791976,526.7442248023273,127799.89645659771,135076.13134955085,16840.99923186816,27690.246614816286,True,2,8
2003,image2003 26-03-04 02-46-36.fits,2026-03-04 02:46:36,1181.1463557604268,1076.5729656207775,179.2845548721375,228.1489505156802,422.18286357736054,537.2497219270979,130167.2013765407,137476.02943072136,16801.7650636749,27740.759543461096,True,1,7
2004,image2004 26-03-04 02-47-36.fits,2026-03-04 02:47:36,1183.0530463109412,1079.0961396110342,176.06582037165057,223.6803152572281,414.60332305598126,526.7268900465629,127830.60963581101,135306.9201938277,16841.54419742194,27725.889633169147,True,2,7
2005,image2005 26-03-04 02-48-36.fits,2026-03-04 02:48:36,1182.5459489393681,1077.6869825171607,177.67822966324476,226.1490402951997,418.4002567766214,532.5402932516481,129114.26723223276,136385.89540513526,16819.6116399876,27726.242368336847,True,1,8
2006,image2006 26-03-04 02-49-36.fits,2026-03-04 02:49:36,1180.3341217119264,1075.2279471975696,181.11416515858278,230.66043644274666,426.4912665544767,543.1638193309672,131425.18431830668,138633.2437620598,16789.796205695387,27780.04264683427,True,2,9
2007,image2007 26-03-04 02-50-36.fits,2026-03-04 02:50:36,1183.758368321992,1079.8152743790026,175.25220069769233,222.39442552554115,412.6873951387128,523.6988511306869,127145.57374394027,134785.73733642485,16845.880350556858,27700.613577689466,True,2,7
2008,image2008 26-03-04 02-51-36.fits,2026-03-04 02:51:36,1183.0280768597802,1078.7501430439038,176.33755102026467,224.14502097519386,415.24319983418695,527.8211883862691,128082.67543410264,135505.21045736384,16832.527458259035,27707.67589140332,True,2,7
2009,image2009 26-03-04 02-52-36.fits,2026-03-04 02:52:36,1182.3198318644684,1078.2187446497635,177.521579017661,225.53381448900265,418.0313726963337,531.091547190995,128759.11662110854,136271.69420319409,16825.43302126293,27743.23248535347,True,1,8
2010,image2010 26-03-04 02-53-36.fits,2026-03-04 02:53:36,1181.136199646384,1076.6934216341022,179.2748158138516,228.45179597158415,422.15992984768917,537.962868477207,130207.79407969554,137445.31103324608,16804.495293236894,27734.137624817467,True,2,8
2011,image2011 26-03-04 02-54-36.fits,2026-03-04 02:54:36,1181.6035419570853,1077.5005102561574,178.73807712465032,227.51852057340653,420.8960068234144,535.7651728620441,129717.93059811673,137107.75732175208,16816.25040190941,27758.69834259462,True,1,8
2012,image2012 26-03-04 02-55-36.fits,2026-03-04 02:55:36,1181.629254079214,1077.6654884434467,178.28672037658512,226.66574345506348,419.83314290561043,533.7570362098262,129331.07193283684,136782.0071931657,16818.546252878325,27752.79491689114,True,1,8
2013,image2013 26-03-04 02-56-38.fits,2026-03-04 02:56:38,1180.9695692214952,1076.3331598269378,179.71462111402838,228.80082491482761,423.1955921844563,538.7847688290527,130451.34563585982,137743.54205372295,16797.279766505293,27742.486621435368,True,2,8
2014,image2014 26-03-04 02-57-38.fits,2026-03-04 02:57:38,1180.3246979561548,1075.0770822037664,181.12645160321927,230.7610734238081,426.5201989205889,543.400801311242,131509.79814504104,138655.59977078633,16786.290050059677,27772.18774497675,True,2,9
2015,image2015 26-03-04 02-58-38.fits,2026-03-04 02:58:38,1179.876169540004,1075.7414448237812,180.8899474187475,230.25089837927993,425.96327412626107,542.1994308899125,131162.28038604677,138492.67575911758,16792.237260158094,27784.072251401623,True,2,9
2016,image2016 26-03-04 02-59-38.fits,2026-03-04 02:59:38,1181.614050191986,1077.2222386522226,178.6465483633124,227.24315571607485,420.68047306151897,535.1167381763024,129658.89479506208,137056.59230964203,16807.079402822146,27730.252924795233,True,1,7
2017,image2017 26-03-04 03-00-38.fits,2026-03-04 03:00:38,1179.9361211852747,1076.0462575469235,180.2909349255557,229.738700169528,424.552707500069,540.9932962785597,130880.89404055229,138101.29193135124,16802.43238815241,27774.64487681241,True,1,9
2018,image2018 26-03-04 03-01-38.fits,2026-03-04 03:01:38,1181.572805522619,1077.6652999872579,178.253507567633,226.7252629375908,419.7549327173382,533.8971938803514,129340.51662817533,136759.65569819108,16815.1721091156,27740.792820198712,True,1,7
2019,image2019 26-03-04 03-02-38.fits,2026-03-04 03:02:38,1180.7772519473642,1076.7559288247623,179.66166524345493,228.58205508469902,423.0708906389279,538.2696052478179,130263.39206734396,137697.1785404,16807.142318026,27762.787348350994,True,1,8
2020,image2020 26-03-04 03-03-38.fits,2026-03-04 03:03:38,1180.0987390435869,1076.0464678637052,180.3672406056537,229.72540526206274,424.7323936451135,540.9619891639636,130866.29074614107,138151.4695023382,16796.99017484875,27765.841768044244,True,2,9
2021,image2021 26-03-04 03-04-38.fits,2026-03-04 03:04:38,1183.1941319479636,1079.1218477728462,176.42624192361598,224.08182112144908,415.45205095121054,527.6723641038278,127960.41961727128,135547.47201726254,16838.453366804075,27725.540127072753,True,2,7
2022,image2022 26-03-04 03-05-40.fits,2026-03-04 03:05:40,1182.8716206088086,1079.0291106544526,176.7680303709358,224.43574530389836,416.25690123811927,528.5057918630806,128124.21412124127,135780.1095337683,16835.31503513286,27731.280420400846,True,2,7
2023,image2023 26-03-04 03-06-40.fits,2026-03-04 03:06:40,1181.9322589945198,1078.2296182374635,178.0606811788235,225.97884740875043,419.30086127175866,532.1395196311157,128933.85190149021,136626.06955826862,16827.587419916363,27768.80688990837,True,1,8
2024,image2024 26-03-04 03-07-40.fits,2026-03-04 03:07:40,1182.4467155327072,1077.83773310637,178.23091054306568,226.58461292005046,419.701720790929,533.5659883997134,129251.48273977051,136740.7574265373,16816.634116637113,27747.810346223494,True,1,7
2025,image2025 26-03-04 03-08-40.fits,2026-03-04 03:08:40,1183.291446862837,1079.8909799274627,175.701132586161,223.07365646174202,413.74454894853244,525.2983177544579,127377.5161732985,135046.59449245952,16854.46305227911,27736.09550740409,True,2,8
2026,image2026 26-03-04 03-09-40.fits,2026-03-04 03:09:40,1180.9585456817497,1077.298333248791,179.62355048682207,228.1884498683657,422.98113724599733,537.3427357945674,129990.61810161965,137665.9327089004,16810.262783989776,27777.15030099165,True,2,7
2027,image2027 26-03-04 03-10-40.fits,2026-03-04 03:10:40,1182.517342914311,1078.9149036290228,177.42108622626736,225.10233898354596,417.79473025677885,530.0755000218057,128421.65736839276,136218.102151968,16826.618652231005,27741.837660011384,True,1,8
2028,image2028 26-03-04 03-11-40.fits,2026-03-04 03:11:40,1183.8672120436117,1080.2465827479953,175.04002348319077,222.0903159811594,412.1877559809057,522.9827278796915,126924.11980165879,134617.98800295978,16857.842504983215,27724.344700783044,True,1,7
2029,image2029 26-03-04 03-12-40.fits,2026-03-04 03:12:40,1182.4835809123292,1078.7502192291693,177.5612580148475,225.41797506146116,418.12480959427523,530.8187661850154,128591.11819576606,136310.3827183998,16824.485718244126,27744.33212495617,True,1,7
2030,image2030 26-03-04 03-13-40.fits,2026-03-04 03:13:40,1179.7336997272682,1075.8368327191588,180.8843451759683,230.33775983138227,425.95008185266744,542.4039739784636,131156.70729427694,138499.02345173122,16793.040068345523,27775.546544366003,True,2,9
2031,image2031 26-03-04 03-14-40.fits,2026-03-04 03:14:40,1180.3594436935641,1076.7241617460268,180.2261669620538,229.003281745203,424.4001906013389,539.261518231474,130438.41625695737,138051.46742348376,16806.12102690722,27790.068729698978,True,2,7
2032,image2032 26-03-04 03-15-42.fits,2026-03-04 03:15:42,1182.115443318652,1079.047607382963,177.4319297404933,225.17323808257524,417.82026478143666,530.2424546413745,128425.33525212867,136245.86480654436,16827.176558767136,27739.454332390887,True,2,7
2033,image2033 26-03-04 03-16-42.fits,2026-03-04 03:16:42,1180.6510745037647,1077.2388273130919,179.53504108848998,228.30069760884538,422.7727135406313,537.6070590238585,130047.34630133232,137611.96320050236,16811.588480427843,27772.65179547736,True,2,7
2034,image2034 26-03-04 03-17-42.fits,2026-03-04 03:17:42,1183.6247629850313,1080.7742708140192,175.0685993135281,221.9180453277357,412.25504691898743,522.5770614918389,126727.7854045785,134667.73523643817,16854.388590692073,27712.640902059637,True,2,7
2035,image2035 26-03-04 03-18-42.fits,2026-03-04 03:18:42,1180.1484762441596,1076.2519216362257,180.88526100060457,230.10185049907165,425.9522384548787,541.8484499539287,130995.15782102816,138496.33184135944,16800.77206449433,27803.600216879237,True,1,8
2036,image2036 26-03-04 03-19-42.fits,2026-03-04 03:19:42,1183.9494044440885,1080.7163195802937,174.9619788731194,221.85504022234622,412.003974968703,522.4286958067283,126716.25521634294,134585.5792187443,16859.050147406728,27719.289536558183,True,2,7
2037,image2037 26-03-04 03-20-42.fits,2026-03-04 03:20:42,1180.1678254504654,1076.666007743092,180.35598153517986,229.2590033119043,424.70588056027333,539.8636965026891,130547.13676295067,138154.48039554886,16803.802913579715,27782.466237682893,True,2,7
2038,image2038 26-03-04 03-21-42.fits,2026-03-04 03:21:42,1180.9118923752428,1076.7284724934734,179.89078897891423,228.86278236001087,423.6104358039798,538.9306674629091,130368.9319814456,137840.32637468586,16806.113999312518,27768.091067522353,True,2,7
2039,image2039 26-03-04 03-22-42.fits,2026-03-04 03:22:42,1181.0823078471183,1076.7195896452688,180.17162451849117,228.89260035530774,424.2717529619327,539.0008834759368,130395.89925969082,137999.50205295556,16808.261234573107,27797.010158550274,True,2,8
2040,image2040 26-03-04 03-23-42.fits,2026-03-04 03:23:42,1180.5347065139697,1076.8763891995752,179.97347619041443,228.84130230063616,423.8051493070882,538.8800857885251,130355.18084584145,137899.04292112507,16809.917687054225,27788.27937761033,True,1,8
2041,image2041 26-03-04 03-24-44.fits,2026-03-04 03:24:44,1180.818490170838,1077.434021949867,179.8309255578372,228.2935274590443,423.46946822006345,537.5901746113809,130003.12725638207,137790.10262108425,16811.220231355914,27793.459816527236,True,2,8
2042,image2042 26-03-04 03-25-44.fits,2026-03-04 03:25:44,1181.0226949578637,1077.4406187189331,179.60096135440398,228.0782503626167,422.92794390417936,537.0832357894772,129923.67728859151,137648.67618684212,16812.85352647612,27786.215831146324,True,2,8
2043,image2043 26-03-04 03-26-44.fits,2026-03-04 03:26:44,1180.3996292377863,1077.4706054819496,179.77558764999145,228.35126700622382,423.33915740541823,537.7261408544703,130021.60094383794,137750.19707786493,16816.424546359212,27802.253586000996,True,2,8
2044,image2044 26-03-04 03-27-44.fits,2026-03-04 03:27:44,1183.7534457757004,1080.651128270788,175.47805740665123,222.27969275069427,413.21924704427397,523.4286760926555,126902.11922337531,134916.40985366507,16857.34810073516,27740.196149727926,True,2,7
2045,image2045 26-03-04 03-28-44.fits,2026-03-04 03:28:44,1183.3316400159465,1080.3909925498053,175.7873532006633,222.73692394847978,413.9475829798573,524.5053732824143,127149.46057292171,135123.90688300977,16848.401398092577,27736.151413368603,True,2,7
2046,image2046 26-03-04 03-29-44.fits,2026-03-04 03:29:44,1183.5302819370743,1079.9317108110401,176.30041508881123,223.39566034690145,415.1557513984095,526.0565789578092,127520.6016470236,135467.94710767592,16844.746670873647,27745.235301000208,True,2,7
2047,image2047 26-03-04 03-30-44.fits,2026-03-04 03:30:44,1181.6743922737558,1078.547225925609,178.79461631120097,226.4708547220967,421.02914643323356,533.2981083148853,129064.44173209507,137123.5732154146,16824.83215179302,27795.38812316824,True,1,7
2048,image2048 26-03-04 03-31-44.fits,2026-03-04 03:31:44,1181.0592956402847,1077.7366760535226,179.19188959921524,227.57155169368627,421.96465353520495,535.8900516070893,129661.55300957429,137385.42530052928,16819.453951555493,27783.805163475638,True,2,8
2049,image2049 26-03-04 03-32-44.fits,2026-03-04 03:32:44,1181.6360614820412,1078.878180153098,178.11138252189258,225.99222968844518,419.42025381072773,532.1710324915891,128782.00050312703,136658.1695718141,16832.814334907613,27782.63932341004,True,1,7
2050,image2050 26-03-04 03-33-44.fits,2026-03-04 03:33:44,1184.2656707715241,1081.36856488094,174.87289844556605,221.19267516682547,411.7942065922805,520.8689452968601,126312.00015892608,134506.1776214367,16866.564947677474,27745.435031128636,True,2,7
2051,image2051 26-03-04 03-34-46.fits,2026-03-04 03:34:46,1182.4726600257743,1079.7042668628862,177.1926792184939,224.54020557847286,417.2568728564484,528.751777011558,128029.07919063023,136069.50650167733,16834.509686661746,27757.28916974005,True,2,7
2052,image2052 26-03-04 03-35-46.fits,2026-03-04 03:35:46,1183.215688067095,1080.5905319835342,175.9335214500072,222.68289544725027,414.29178290335943,524.3781458847161,127082.79844402311,135225.31194546813,16855.084108016603,27753.422979190866,True,2,8
2053,image2053 26-03-04 03-36-46.fits,2026-03-04 03:36:46,1181.8319771203555,1079.0440739038436,178.19210463757884,225.84187067282747,419.61033986682304,531.8169640676614,128711.48692006984,136722.3316988341,16829.2801432266,27788.637515664588,True,1,8
2054,image2054 26-03-04 03-37-46.fits,2026-03-04 03:37:46,1182.5493024052294,1079.5020847640765,177.62671735933847,225.11550556664494,418.2789545708171,530.1065049556117,128306.64053909868,136350.49253067008,16836.192700653566,27777.5339302267,True,1,8
2055,image2055 26-03-04 03-38-46.fits,2026-03-04 03:38:46,1184.1211060427852,1081.5710813934859,174.99985271432448,221.27919224272685,412.09316104915507,521.0726774414302,126318.52540055686,134616.44782448417,16865.865697641875,27749.150434695403,True,2,7
2056,image2056 26-03-04 03-39-46.fits,2026-03-04 03:39:46,1183.3394829774127,1081.516166015712,175.36729358442452,221.5288629769033,412.95841817543027,521.6606070909264,126419.36008798811,134845.1464865336,16866.906697116538,27765.433099342907,True,2,8
2057,image2057 26-03-04 03-40-46.fits,2026-03-04 03:40:46,1182.9542500408152,1080.4475756933614,176.36286909807725,223.38184811320073,415.3028193513217,526.024053633024,127400.06053606031,135522.0488097713,16845.855341749233,27751.34853176964,True,2,7
2058,image2058 26-03-04 03-41-46.fits,2026-03-04 03:41:46,1184.0101964976616,1081.570021600581,174.99789716605616,221.28796546652222,412.0885560848938,521.0933368046831,126305.48229994235,134610.8742283717,16865.043366133163,27743.098517851497,True,2,7
2059,image2059 26-03-04 03-42-46.fits,2026-03-04 03:42:46,1183.5933391026788,1081.2416832145611,175.21291345034246,221.67530614625358,412.59488074113926,522.0054544015703,126539.11120213597,134743.89449174018,16864.26147287305,27751.13925770829,True,2,7
2060,image2060 26-03-04 03-43-46.fits,2026-03-04 03:43:46,1183.3497975745283,1080.8397655443246,175.94437808604744,222.55308117794874,414.3173483275286,524.0724566412338,126981.13886973476,135254.75932610943,16852.411243621642,27747.436460369478,True,1,8
2061,image2061 26-03-04 03-44-48.fits,2026-03-04 03:44:48,1182.3155291703843,1079.942393536851,177.32792688519928,224.33615591027768,417.57535677304986,528.2712767627102,127898.93711061563,136157.2921895717,16842.883084814745,27781.538150053068,True,2,8
2062,image2062 26-03-04 03-45-48.fits,2026-03-04 03:45:48,1180.376258865039,1077.2095686211846,180.907985971079,229.3351752587912,426.0057516708746,540.0430677300874,130482.43451259023,138511.73500473,16806.37267497087,27828.223253586453,True,1,7
2063,image2063 26-03-04 03-46-48.fits,2026-03-04 03:46:48,1180.5215339549854,1077.2312410411516,180.58119292177668,229.07769145348027,425.2362128478007,539.4367397040703,130387.98433777047,138313.89931284127,16807.80005175261,27816.114485921356,True,2,8
2064,image2064 26-03-04 03-47-48.fits,2026-03-04 03:47:48,1181.964044028711,1078.617285392058,178.9799387789154,226.83976594924692,421.4655474950021,534.1668278674157,129178.84729261907,137262.36735173056,16821.178955953634,27785.597197303603,True,2,8
2065,image2065 26-03-04 03-48-48.fits,2026-03-04 03:48:48,1181.7040294313022,1079.516166389028,178.37872724731574,225.72953883175768,420.04980252908746,531.5524427966151,128546.74133222224,136882.504306827,16829.490460802146,27784.65670973192,True,1,7
2066,image2066 26-03-04 03-49-48.fits,2026-03-04 03:49:48,1180.2417087344884,1077.1024641104332,180.91903359903395,229.436805352929,426.031766846633,540.2823883129414,130545.84396188227,138525.6710656901,16803.234381985832,27819.61794579822,True,2,7
2067,image2067 26-03-04 03-50-48.fits,2026-03-04 03:50:48,1183.8999367462459,1081.5268737247998,175.29688347835418,221.47115438014262,412.79261504628306,521.5247137305038,126414.23572172206,134852.16150110582,16856.811552426327,27736.260733451007,True,2,7
2068,image2068 26-03-04 03-51-48.fits,2026-03-04 03:51:48,1180.4962159067331,1077.3048758386858,181.11690201828532,229.50711900472808,426.49771136656466,540.4479643096372,130555.6165564576,138698.88525814854,16795.46292212427,27813.25452740878,True,1,7
2069,image2069 26-03-04 03-52-48.fits,2026-03-04 03:52:48,1180.634902437343,1077.682048237642,180.5224767201975,228.7267743971332,425.09794675935393,538.610393185641,130149.56715465795,138289.99394867982,16805.5847899645,27811.671628769796,True,2,8
2070,image2070 26-03-04 03-53-50.fits,2026-03-04 03:53:50,1180.4848135831046,1077.570419624112,180.60115851977793,228.9449676654612,425.2832282381851,539.1241990675906,130271.29869205313,138363.14393498856,16800.57043175072,27801.719800779883,True,2,8
2071,image2071 26-03-04 03-54-50.fits,2026-03-04 03:54:50,1180.8236230001692,1078.5526406033177,179.5405143811589,227.5199308315852,422.7856021599204,535.768493766272,129475.10185104545,137657.01888522142,16821.304827797634,27802.908477525893,True,2,8
2072,image2072 26-03-04 03-55-50.fits,2026-03-04 03:55:50,1183.3784352915582,1080.752399921353,176.74959055294727,223.38978105364208,416.2134787850931,526.0427342801913,127373.76739584826,135827.492382153,16842.92094873454,27763.546221112567,True,2,7
2073,image2073 26-03-04 03-56-50.fits,2026-03-04 03:56:50,1182.6557389735074,1080.609922403885,177.50360767691765,224.12501904814107,417.98905342291516,527.774087447506,127704.00153541786,136353.4456440263,16834.081448207173,27770.17270384788,True,2,7
2074,image2074 26-03-04 03-57-50.fits,2026-03-04 03:57:50,1180.8144088873698,1078.1235045451463,180.04891352989904,228.1567694859385,423.98279066625037,537.2681341949936,129834.39060601144,137997.28548065035,16811.95767583323,27805.185907306866,True,1,7
2075,image2075 26-03-04 03-58-50.fits,2026-03-04 03:58:50,1180.7183930661233,1077.888515239234,180.37840074090627,228.59429959517277,424.7586737553115,538.298438866523,130055.5157118814,138228.68719374627,16803.014782683953,27794.40192098303,True,2,8
2076,image2076 26-03-04 03-59-50.fits,2026-03-04 03:59:50,1180.228354535775,1077.6423664803185,180.921550254398,229.22663120138958,426.0376931171307,539.787466007949,130336.8176206131,138535.4111796497,16802.575844219686,27820.82310814112,True,2,7
2077,image2077 26-03-04 04-00-50.fits,2026-03-04 04:00:50,1182.7833402488473,1080.3537155221716,177.1345612171984,224.09824289863468,417.12001542202063,527.7110344339195,127727.14348817534,136088.0091266522,16839.73081963327,27759.600365280563,True,2,7
2078,image2078 26-03-04 04-01-50.fits,2026-03-04 04:01:50,1182.113755811201,1079.3919973863972,178.53229588025604,225.99863922003397,420.4114290242233,532.1861257850536,128684.47299627378,137012.5592343255,16825.764262691373,27774.46861013566,True,1,7
2079,image2079 26-03-04 04-02-50.fits,2026-03-04 04:02:50,1182.889124674132,1080.7579568440028,176.86861424423032,223.51383967175403,416.49375815916005,526.3348700008802,127411.73778237605,135880.06946508467,16849.501063528412,27783.754432219408,True,2,7
2080,image2080 26-03-04 04-03-52.fits,2026-03-04 04:03:52,1181.0339259773668,1078.2188221055576,180.12033324479864,228.14015648636465,424.15097124250633,537.229013570589,129793.95982129307,138040.15320584067,16812.25904372241,27806.62769313487,True,2,7
2081,image2081 26-03-04 04-04-52.fits,2026-03-04 04:04:52,1180.839298536627,1078.0464783695102,180.38892375766537,228.40844886253385,424.78345356611004,537.8607938359212,129951.59141053708,138209.82915644586,16809.933946282486,27818.8787674225,True,2,7
2082,image2082 26-03-04 04-05-52.fits,2026-03-04 04:05:52,1181.5470984755937,1078.7859199653772,179.21305098480033,226.95720295912056,422.01448479016136,534.4433708922946,129197.09129719982,137435.49335408566,16823.11867914923,27797.032704189918,True,2,8
2083,image2083 26-03-04 04-06-52.fits,2026-03-04 04:06:52,1181.4963843822472,1079.0201995044106,178.81385471838306,226.7480667268111,421.0744494201004,533.95089270031,129043.56673007888,137170.21267226228,16829.935459866214,27788.332738587134,True,2,9
2084,image2084 26-03-04 04-07-52.fits,2026-03-04 04:07:52,1182.5237592455078,1080.8617736222425,176.94239089672016,223.8134865463316,416.6674888992984,527.0404844675663,127490.36493595819,135955.9414062431,16846.03523760672,27766.39392866099,True,2,7
2085,image2085 26-03-04 04-08-52.fits,2026-03-04 04:08:52,1181.474628373792,1078.5851455446536,179.6399010430388,227.32795467242536,423.01963986352393,535.3164244585143,129407.02962145503,137730.9641059186,16818.2992032672,27805.97647091922,True,1,7
2086,image2086 26-03-04 04-09-52.fits,2026-03-04 04:09:52,1182.0446721332748,1080.04414960876,177.98727251769375,224.91226349947024,419.12799708505145,529.6279064618352,128126.57674903575,136641.97365082498,16834.27451404106,27786.31437348981,True,2,7
2087,image2087 26-03-04 04-10-52.fits,2026-03-04 04:10:52,1183.7936414611422,1082.0136646183255,175.42830332910378,221.4596320556195,413.10208514514323,521.4975807297513,126292.99301787601,134943.02746670094,16858.067579561633,27745.187540182098,True,2,7
2088,image2088 26-03-04 04-11-52.fits,2026-03-04 04:11:52,1182.5190961496014,1080.0919218374356,177.99031204763085,225.0296181436175,419.1351546310748,529.9042555302507,128146.30215009139,136660.4040469947,16833.081041566064,27773.32828498989,True,1,8
2089,image2089 26-03-04 04-12-52.fits,2026-03-04 04:12:52,1184.0203418652964,1082.4710748918767,174.94959595709798,220.69797255512273,411.97481542983985,519.7040096704933,125897.00849270714,134612.71948916416,16873.044703262978,27764.618071040175,True,1,7
2090,image2090 26-03-04 04-13-54.fits,2026-03-04 04:13:54,1183.530658667112,1082.4862704441712,174.95664321290872,220.8700634960457,411.99141044908544,520.1092528677469,125954.56518002058,134633.66090886403,16867.934685152228,27748.427092245518,True,2,7
2091,image2091 26-03-04 04-14-54.fits,2026-03-04 04:14:54,1180.5659357233512,1078.4101637308252,180.2405318968522,228.14428411371992,424.43401743774774,537.2387333902236,129766.7137477115,138125.94637101452,16810.66544531563,27814.342524976033,True,1,8
2092,image2092 26-03-04 04-15-54.fits,2026-03-04 04:15:54,1180.310053379919,1078.375580225503,180.75398383571076,228.5676090370182,425.6431043555319,538.2355874051676,129961.31710964194,138439.56990906227,16811.325601565048,27851.316115921003,True,2,8
2093,image2093 26-03-04 04-16-54.fits,2026-03-04 04:16:54,1181.8090538505967,1079.2813674406316,178.95913204161695,226.4975337218785,421.41655137294003,533.3609325583529,128914.80348308788,137286.61146719,16823.27456876156,27791.23534686632,True,1,8
2094,image2094 26-03-04 04-17-54.fits,2026-03-04 04:17:54,1180.6973470173048,1078.1812646657625,180.74272458436533,228.6383898482597,425.6165908447716,538.4022634782826,130004.40585995956,138436.06407427532,16810.462314735243,27835.076641322205,True,2,7
2095,image2095 26-03-04 04-18-54.fits,2026-03-04 04:18:54,1182.3499024367836,1080.7856758074217,177.3296898424093,224.1943563024218,417.5795082200265,527.9373642037536,127676.35674995111,136218.267594399,16846.688516564594,27785.924638606575,True,1,8
2096,image2096 26-03-04 04-19-54.fits,2026-03-04 04:19:54,1184.4171599171436,1082.591136276418,175.01604136402298,220.71673782803754,412.1312824059671,519.7481985113036,125887.14506837865,134667.79883049664,16869.742569786045,27763.179396164254,True,2,7
2097,image2097 26-03-04 04-20-54.fits,2026-03-04 04:20:54,1182.4646829685637,1080.4715579355675,177.89397340367054,224.76044407952836,418.90829446116595,529.2703990485311,127969.14295052203,136597.87863649242,16838.33584110456,27787.81100614736,True,2,8
2098,image2098 26-03-04 04-21-54.fits,2026-03-04 04:21:54,1182.1930702973423,1080.2811204691973,178.08780780408674,225.23651284520167,419.36473959268255,530.3914553207518,128188.11267886036,136735.16247121495,16834.758625721763,27779.002631548945,True,2,7
2099,image2099 26-03-04 04-22-56.fits,2026-03-04 04:22:56,1180.5305734658937,1078.1662162422472,180.94391674030794,228.91772747960178,426.0903621664883,539.0600533318984,130120.95066841673,138573.62691364143,16804.290401788337,27832.16956910202,True,2,7
2100,image2100 26-03-04 04-23-56.fits,2026-03-04 04:23:56,1181.0972062100197,1079.4291123529708,179.4110621640754,226.73842708718965,422.4807654842585,533.9281930837026,128981.14904912512,137563.87977939507,16832.426973149788,27834.43883321059,True,2,9
2101,image2101 26-03-04 04-24-56.fits,2026-03-04 04:24:56,1182.6579442470056,1081.027750399522,177.57523892737038,224.05199158208072,418.1577321273319,527.6021209065892,127564.07871338268,136350.4986770827,16846.038870188702,27807.737462329635,True,1,7
2102,image2102 26-03-04 04-25-56.fits,2026-03-04 04:25:56,1180.3139709960344,1078.6488888664815,180.5476023349383,228.19686578407584,425.1571130605893,537.362553761579,129735.89609563551,138305.36915406297,16814.457435984474,27844.5607845581,True,1,8
2103,image2103 26-03-04 04-26-56.fits,2026-03-04 04:26:56,1180.362273298211,1078.4855444731638,181.0970104099039,228.705462806496,426.4508702084202,538.5602082248171,129961.28219525676,138662.61337819573,16805.006573619525,27846.606675073304,True,2,8
2104,image2104 26-03-04 04-27-56.fits,2026-03-04 04:27:56,1181.1976211699387,1078.9457497438525,180.10443553094754,227.5841284366699,424.1135349872596,535.9196675735684,129447.47178547375,138044.66084754103,16817.90140140815,27833.280613300525,True,1,8
2105,image2105 26-03-04 04-28-56.fits,2026-03-04 04:28:56,1182.700528054455,1081.9579108614394,176.65586862748086,222.60343829685795,415.99278051634593,524.1910385942512,126796.24937596478,135788.8132429423,16852.786437883227,27785.40910570474,True,2,8
2106,image2106 26-03-04 04-29-56.fits,2026-03-04 04:29:56,1180.279281542392,1078.4238797020391,180.8932906043607,228.68235644581353,425.97114672675724,538.5057969035142,130008.93379616116,138558.81029568586,16806.58208848819,27845.423904137504,True,1,8
2107,image2107 26-03-04 04-30-56.fits,2026-03-04 04:30:56,1180.664416282942,1078.7806505680603,181.0168607994014,228.3779436724932,426.2621322990075,537.7889596029361,129809.56954950783,138652.84983154156,16806.853790567126,27852.13662688885,True,2,7
2108,image2108 26-03-04 04-31-56.fits,2026-03-04 04:31:56,1180.3152087985095,1078.2317912816281,181.14491461592715,228.96279017820882,426.56367599300506,539.1661678778615,130146.29806178443,138719.53948512618,16803.37976713532,27843.591544494648,True,2,7
2109,image2109 26-03-04 04-32-58.fits,2026-03-04 04:32:58,1182.6563168892264,1080.7881708548823,177.80428529481114,224.66527107922875,418.6970951046229,529.0462837596799,127832.65575286518,136552.6060878785,16837.980497481785,27772.572985432227,True,2,7
2110,image2110 26-03-04 04-33-58.fits,2026-03-04 04:33:58,1180.530903577089,1078.4582841052734,181.10073737629867,228.63649614859884,426.45964654359375,538.397804156362,129977.30439700348,138685.22613548147,16808.036389547382,27858.439816495862,True,1,7
2111,image2111 26-03-04 04-34-58.fits,2026-03-04 04:34:58,1183.3969428645416,1081.9838220251336,176.20141820663775,222.19559132266158,414.9226315558719,523.2306323641084,126621.84119963681,135490.08649352562,16851.34884369229,27762.795384826783,True,2,7
2112,image2112 26-03-04 04-35-58.fits,2026-03-04 04:35:58,1183.0722431695312,1082.1982325727363,176.35910574357413,222.07766145357843,415.2939573287012,522.9529287444835,126533.34819309048,135582.38096257966,16854.714412063146,27783.738876588668,True,2,7
2113,image2113 26-03-04 04-36-58.fits,2026-03-04 04:36:58,1180.7906092744536,1079.2700150929222,179.80763745616397,227.3185246270248,423.4146289314327,535.2942183985795,129246.454934278,137850.44458010283,16821.518880365296,27821.881057033585,True,1,7
2114,image2114 26-03-04 04-37-58.fits,2026-03-04 04:37:58,1181.9796965701296,1080.500384125123,178.48978581435497,225.24492218735517,420.3113254689239,530.4112578082204,128172.29627913228,137010.12064523448,16837.484014772785,27810.444108551143,True,1,8
2115,image2115 26-03-04 04-38-58.fits,2026-03-04 04:38:58,1181.8863698772523,1080.6152292963332,178.96166400938304,225.58821576219137,421.422513701389,531.219652399575,128279.32625262333,137298.72783194014,16836.93612463552,27836.24730834078,True,2,7
2116,image2116 26-03-04 04-39-58.fits,2026-03-04 04:39:58,1183.572738993911,1082.3505952099263,176.36148260559798,222.12527572760635,415.29955441103925,523.065051791394,126529.67381467056,135583.51305149798,16859.54642158974,27797.528178601915,True,2,7
2117,image2117 26-03-04 04-40-58.fits,2026-03-04 04:40:58,1183.842061486766,1082.5595508596298,175.78839953714402,221.32608297746268,413.950046913976,521.1830966835123,126166.00959492248,135196.18374369465,16867.97904963097,27794.9215248658,True,2,7
2118,image2118 26-03-04 04-41-58.fits,2026-03-04 04:41:58,1182.7118373165915,1081.7375780627042,177.0313518535432,223.25192914776534,416.87697594365045,525.718117848987,127103.48307946882,136030.5704341398,16852.70623394878,27798.816505016028,True,2,7
2119,image2119 26-03-04 04-43-00.fits,2026-03-04 04:43:00,1183.9927201946239,1082.4151945536664,175.71836460674498,221.24820335088964,413.78512725602,520.9997041777585,126168.97580570908,135165.27232134988,16859.527104566125,27772.583558525374,True,2,7
2120,image2120 26-03-04 04-44-00.fits,2026-03-04 04:44:00,1181.9598227909344,1080.4655509032125,178.63850263704867,225.25228532872748,420.66152682403634,530.4285966811183,128203.89258419213,137106.34940693938,16831.480090734978,27815.010936529132,True,2,7
2121,image2121 26-03-04 04-45-00.fits,2026-03-04 04:45:00,1180.9254218435976,1079.2822065712942,180.5914473218191,227.70011907804954,425.26036011457035,536.1928046609252,129431.86349748014,138374.73013843907,16817.0010428658,27858.182485634577,True,1,8
2122,image2122 26-03-04 04-46-00.fits,2026-03-04 04:46:00,1181.2088986860895,1079.51120812119,179.95698766197665,227.2116196244101,423.76632178980987,535.0424763555084,129180.11094882812,137978.53799066553,16816.568496585733,27824.472785442624,True,2,8
2123,image2123 26-03-04 04-47-00.fits,2026-03-04 04:47:00,1184.0554242377111,1083.262179923045,175.13634530007704,220.2823986411247,412.4145765260833,518.7254078876188,125591.48551278135,134781.50707889494,16873.893397210697,27782.23096957298,True,2,7
2124,image2124 26-03-04 04-48-00.fits,2026-03-04 04:48:00,1182.8885763414432,1082.0861086102823,176.83297004812346,222.7058090247801,416.4098224916786,524.4321032363868,126803.26985038222,135901.51174830398,16855.753544571322,27798.334049885998,True,2,7
2125,image2125 26-03-04 04-49-00.fits,2026-03-04 04:49:00,1180.8035178787402,1079.340786234114,180.20444733680628,227.4879440601685,424.3490447924355,535.6931706757641,129319.4016964676,138117.30449595265,16820.988043701207,27844.464448578718,True,1,8
2126,image2126 26-03-04 04-50-00.fits,2026-03-04 04:50:00,1182.9461029880467,1081.6831991922882,177.26853219546192,223.43000399254046,417.4354929670879,526.1374520629794,127191.36148347853,136202.12719676952,16849.61681517184,27799.487189426804,True,2,7
2127,image2127 26-03-04 04-51-00.fits,2026-03-04 04:51:00,1181.6987198501315,1080.8020996002992,178.46029724166755,225.16342235464572,420.2418851868602,530.2193403684895,128069.13922538942,136987.51687009633,16834.996497349133,27808.87270414501,True,2,8
2128,image2128 26-03-04 04-52-02.fits,2026-03-04 04:52:02,1183.4241884857915,1082.981085162733,176.0187592077262,221.4732708039137,414.49250248382964,521.5296975276236,126098.1427458389,135342.88318691106,16865.806191033415,27795.764112681594,True,2,7
2129,image2129 26-03-04 04-53-02.fits,2026-03-04 04:53:02,1180.628261784209,1079.0406571987648,180.7465175467653,228.14968569316997,425.6255225886611,537.2514531377874,129635.78011659089,138457.6511055259,16812.10674930587,27849.074474462926,True,2,8
2130,image2130 26-03-04 04-54-02.fits,2026-03-04 04:54:02,1181.7097601951846,1081.7548012919608,177.9547386859258,224.292698081478,419.0513857658626,528.1689413963392,127473.39503489624,136645.9723440614,16843.629387094443,27804.048785779516,True,2,7
2131,image2131 26-03-04 04-55-02.fits,2026-03-04 04:55:02,1182.8665763470933,1081.9361448641089,177.25013245318152,223.3449359456055,417.3921648851426,525.9371321208653,127094.96733641384,136182.0689981542,16851.42316576364,27805.25719288024,True,3,7
2132,image2132 26-03-04 04-56-02.fits,2026-03-04 04:56:02,1182.2512487120246,1081.2646768263605,178.37405744261207,224.81126481132992,420.0388059793649,529.3900727264806,127808.92387729866,136905.9687506231,16843.15510568696,27826.6500464116,True,2,7
2133,image2133 26-03-04 04-57-02.fits,2026-03-04 04:57:02,1181.0865071325227,1079.9116991004037,180.0473109303735,226.89896420013537,423.9790168327635,534.3062290952386,128958.60314040467,137999.96612389313,16826.46103800644,27859.531728069192,True,2,8
2134,image2134 26-03-04 04-58-02.fits,2026-03-04 04:58:02,1183.3183566655157,1083.1129477216987,175.83376837771144,221.20668373889555,414.056882369164,520.901932963173,125971.78894911028,135220.8114303871,16874.004733407844,27806.676477649427,True,2,7
2135,image2135 26-03-04 04-59-02.fits,2026-03-04 04:59:02,1183.7278081795127,1083.5698778802048,175.30895975435058,220.3311590269597,412.8210525030687,518.8402298215865,125528.19788564034,134871.09314773607,16878.481919790855,27803.208521975288,True,2,7
2136,image2136 26-03-04 05-00-02.fits,2026-03-04 05:00:02,1184.013005802502,1083.5532560579318,175.30861629431016,220.4112647781426,412.82024371648083,519.0288644501942,125557.18460852491,134883.59520542444,16870.09244704261,27782.867226139664,True,1,7
2137,image2137 26-03-04 05-01-02.fits,2026-03-04 05:01:02,1184.0369480610202,1083.219093531845,175.87167343851578,221.00640606419387,414.1461419661542,520.4303150802133,125881.90648638865,135239.12275561065,16874.5671340818,27817.9802078225,True,2,7
2138,image2138 26-03-04 05-02-04.fits,2026-03-04 05:02:04,1182.1759988743609,1081.5869713933644,177.81765803085474,223.9454781103695,418.72858549151533,527.3513008483378,127406.32586818602,136561.14999741298,16844.1085878479,27808.212371666094,True,1,7
2139,image2139 26-03-04 05-03-04.fits,2026-03-04 05:03:04,1183.8664494902796,1083.5768145651532,175.01840148234132,220.12948920836106,412.13684005989177,518.3653336902727,125433.80769141478,134671.91478004254,16879.275453389575,27790.93524657355,True,2,7
2140,image2140 26-03-04 05-04-04.fits,2026-03-04 05:04:04,1180.8405933687698,1079.5968023941716,180.67228406849154,227.79387662135454,425.4507161060097,536.4135868032727,129370.14594190441,138414.04173653762,16815.713006179805,27857.22845590557,True,2,8
2141,image2141 26-03-04 05-05-04.fits,2026-03-04 05:05:04,1180.647819050146,1079.4244530397607,180.5671664636577,227.81788777056548,425.2031830630614,536.4701287387387,129412.4371393331,138320.15158985567,16823.535265936356,27869.346490773463,True,2,8
2142,image2142 26-03-04 05-06-04.fits,2026-03-04 05:06:04,1182.4380724582272,1081.6520084971582,178.0605775357225,224.17510633304144,419.3006172109069,527.8920339899905,127479.07724083381,136702.256491622,16848.102531920198,27829.93583021157,True,1,7
2143,image2143 26-03-04 05-07-04.fits,2026-03-04 05:07:04,1180.4768074251072,1079.7468056948715,180.505995796303,227.60126987770627,425.0591371494066,535.9600325825215,129265.4044054935,138287.085109855,16823.170429670157,27872.122821386034,True,2,8
2144,image2144 26-03-04 05-08-04.fits,2026-03-04 05:08:04,1182.6768008570505,1082.6434767432272,177.06138408033596,222.68199559140453,416.9476964332989,524.3760268861329,126662.38079762903,136030.86572323024,16858.493572554973,27823.54655351287,True,2,7
2145,image2145 26-03-04 05-09-04.fits,2026-03-04 05:09:04,1183.1390339596226,1082.8706794274478,176.5781283050918,221.94845953780487,415.80971604687704,522.6486814833635,126339.98863841115,135713.58948080995,16865.662846715855,27826.035282961504,True,2,7
2146,image2146 26-03-04 05-10-04.fits,2026-03-04 05:10:04,1182.5027483119154,1081.5329054194601,177.99873167983154,224.25159803997633,419.15498134975275,528.0721581947594,127533.92920322432,136660.6546752154,16849.594532529765,27827.599872409177,True,1,8
2147,image2147 26-03-04 05-11-06.fits,2026-03-04 05:11:06,1183.8610317151954,1083.2101734254495,175.9169874184787,221.2832362027301,414.25284823449095,521.0822002395071,125969.50542441821,135267.6495807302,16873.440000034236,27808.88444805256,True,2,7
2148,image2148 26-03-04 05-12-06.fits,2026-03-04 05:12:06,1183.094304970968,1083.119522166818,176.18778980939985,221.68638320383246,414.8905391328744,522.031538878797,126184.6921024222,135477.42545875887,16866.353987664563,27809.080306500717,True,2,7
2149,image2149 26-03-04 05-13-06.fits,2026-03-04 05:13:06,1183.6234583506675,1083.3758325178576,176.01893371724293,221.228545023651,414.49291342233766,520.9534123547253,125931.35326354613,135351.00218623274,16873.146474998754,27816.92113500084,True,2,7
2150,image2150 26-03-04 05-14-06.fits,2026-03-04 05:14:06,1182.9122066418374,1083.0264296695727,176.5697041117147,221.92894211554585,415.78987858744944,522.6027214662006,126291.07430505128,135720.2672606064,16867.14997625076,27823.606957250235,True,2,7
2151,image2151 26-03-04 05-15-06.fits,2026-03-04 05:15:06,1181.21148627438,1080.948690003256,179.59418490469264,225.94588406285285,422.91198658456494,532.0618968834448,128351.42428121313,137703.24492361693,16836.01094810003,27870.563286920486,True,2,8
2152,image2152 26-03-04 05-16-06.fits,2026-03-04 05:16:06,1182.429416585437,1082.1920495820043,177.59222883638367,223.46753168390688,418.1977403056396,526.2258230228528,127078.8342184255,136408.06304318894,16849.4896935736,27816.34431338881,True,2,7
2153,image2153 26-03-04 05-17-06.fits,2026-03-04 05:17:06,1181.0995755051397,1080.3621191706115,180.1007135306788,226.85613853627666,424.1047703464192,534.2053823635423,128840.334662731,138056.96079199368,16831.495376638082,27867.70934311159,True,2,8
2154,image2154 26-03-04 05-18-06.fits,2026-03-04 05:18:06,1184.663840721754,1084.2396618575026,174.82533773809217,219.37953831002798,411.68220968496513,516.599334282089,124990.31943228513,134527.0661390952,16889.622026938236,27815.968307230854,True,2,8
2155,image2155 26-03-04 05-19-06.fits,2026-03-04 05:19:06,1182.014690658634,1081.4551071784995,178.53481017997098,224.78993691861317,420.41734974759123,529.3398493771929,127769.09983826174,137031.76999706237,16839.639580911728,27827.613532699626,True,1,7
2156,image2156 26-03-04 05-20-06.fits,2026-03-04 05:20:06,1183.7513374149132,1083.5006541045616,175.901605696662,220.99560782262927,414.21662704762986,520.4048871645259,125808.00835035673,135263.7635588732,16875.508213256515,27820.086044678348,True,2,7
2157,image2157 26-03-04 05-21-08.fits,2026-03-04 05:21:08,1183.7741244028023,1083.7053600693757,176.13081592846714,221.12956600362565,414.75637589601087,520.720334574332,125820.79302151948,135432.19625696263,16870.26748360067,27819.629949807328,True,2,7
2158,image2158 26-03-04 05-22-08.fits,2026-03-04 05:22:08,1184.3232207365606,1084.2958432913929,174.94781537823494,219.49379652799354,411.9706224870414,516.8683918240638,125027.5643056108,134647.90936506048,16882.23209552796,27798.09324974952,True,2,7
2159,image2159 26-03-04 05-23-08.fits,2026-03-04 05:23:08,1180.4738689896158,1080.1442234035615,180.71127741120173,227.61153759117033,425.54253841104645,535.9842112000033,129189.88688530771,138429.94108874403,16828.200590446933,27894.472605983337,True,2,8
2160,image2160 26-03-04 05-24-08.fits,2026-03-04 05:24:08,1181.2046558738077,1080.9751218821073,179.72070563931436,226.22144876208387,423.20992014656423,532.710802160897,128448.29787190969,137811.76101447214,16835.72057731498,27864.245534806552,True,2,8
2161,image2161 26-03-04 05-25-08.fits,2026-03-04 05:25:08,1180.4801978925288,1079.8840224835965,180.87849325516274,227.69947694578852,425.9363016322526,536.1912925550054,129279.16960135022,138525.810289599,16824.773980488564,27896.240235364978,True,1,8
2162,image2162 26-03-04 05-26-08.fits,2026-03-04 05:26:08,1182.773507443627,1082.932235161519,177.03594828569993,222.59383321759339,416.8877997142287,524.1684203610649,126570.90706484315,136015.11251717823,16863.081260501163,27836.09448091081,True,2,7
2163,image2163 26-03-04 05-27-08.fits,2026-03-04 05:27:08,1180.9236918909755,1080.9979975762772,179.86955311208285,226.28432461010436,423.56042915909165,532.8588634681639,128469.56111921983,137911.80404867916,16831.628561361027,27864.03264061818,True,1,8
2164,image2164 26-03-04 05-28-08.fits,2026-03-04 05:28:08,1180.751661902565,1080.3489615502249,180.55173478672987,227.43032619452723,425.16684424090323,535.5574909708001,129070.31104409753,138339.92669861478,16827.15943076919,27883.063397351725,True,2,8
2165,image2165 26-03-04 05-29-08.fits,2026-03-04 05:29:08,1182.5920673297458,1082.7224092527142,177.70804558257248,223.2249692074769,418.47046790111534,525.654632041183,126878.85777696666,136476.60058569425,16858.74789279571,27850.974772883186,True,2,7
2166,image2166 26-03-04 05-30-10.fits,2026-03-04 05:30:10,1184.2767574849217,1084.4498678272728,174.9987860377715,219.49660307854597,412.0906492178266,516.875000745562,125010.08538951723,134685.9866764128,16884.909977530857,27810.557933156673,True,1,7
2167,image2167 26-03-04 05-31-10.fits,2026-03-04 05:31:10,1180.165524876303,1080.362067749861,180.6574745465845,227.32901274337235,425.4158423469657,535.3189160251893,129026.36350545424,138439.7918988409,16818.269604740377,27863.22356869773,True,2,8
2168,image2168 26-03-04 05-32-10.fits,2026-03-04 05:32:10,1183.6060035155751,1083.9534354040359,175.99537673990278,220.70023640382834,414.43744097989673,519.7093406268042,125614.42563774165,135355.13408479025,16878.468958996007,27834.195961053294,True,2,7
2169,image2169 26-03-04 05-33-10.fits,2026-03-04 05:33:10,1180.4953752154747,1080.280840443606,180.74839063160337,227.3508517842539,425.62993336638385,535.3703430364214,129064.09305609501,138484.26596567404,16820.740259105605,27879.270897935246,True,2,8
2170,image2170 26-03-04 05-34-10.fits,2026-03-04 05:34:10,1181.7086650634076,1082.3276428999998,178.61344835857534,224.32967179467204,420.6025285068735,528.2560078373077,127399.60647551934,137073.78733113318,16852.705618657896,27869.682789752664,True,2,8
2171,image2171 26-03-04 05-35-10.fits,2026-03-04 05:35:10,1182.4425474923062,1082.7973252956347,177.36429690189493,223.07556231251047,417.6610016174029,525.3028056900503,126786.71972646037,136252.88531822266,16860.089564030324,27833.14427809662,True,1,7
2172,image2172 26-03-04 05-36-10.fits,2026-03-04 05:36:10,1181.8788036554001,1081.644523270889,178.83295558156428,224.9455291683249,421.11942851559695,529.7062411256655,127792.35117273856,137226.52321523134,16848.43513832972,27858.09473227449,True,2,8
2173,image2173 26-03-04 05-37-10.fits,2026-03-04 05:37:10,1182.63949561748,1083.0478585381904,177.24487260324696,222.50587413041706,417.3797788850829,523.9612925394395,126521.43081811826,136176.08979108735,16863.632409537066,27843.712070991824,True,1,7
2174,image2174 26-03-04 05-38-10.fits,2026-03-04 05:38:10,1182.2027026088792,1082.273631726814,177.99310674480589,223.8874731400896,419.14173564000237,527.2147095816113,127222.34285149741,136668.78671271855,16851.363337077208,27835.4794288094,True,1,7
2175,image2175 26-03-04 05-39-10.fits,2026-03-04 05:39:10,1182.740315144488,1082.8236734660943,177.80176682278113,223.4855707266179,418.69116455620383,526.2683017222218,126949.7731930817,136542.29243859815,16859.83763253655,27852.33361029981,True,2,7
2176,image2176 26-03-04 05-40-12.fits,2026-03-04 05:40:12,1183.4726713094358,1083.9025621865,176.1726608456067,221.08245755779603,414.8549131456738,520.6094026618022,125757.42065249674,135448.47157285467,16876.03243504616,27836.579145778993,True,2,7
2177,image2177 26-03-04 05-41-12.fits,2026-03-04 05:41:12,1181.5805348835192,1081.427752736459,179.34677083125985,225.52136504576782,422.32937096502263,531.0622309925161,128062.05883963607,137559.4059061805,16840.79132448753,27862.8905674364,True,2,8
2178,image2178 26-03-04 05-42-12.fits,2026-03-04 05:42:12,1180.7714555856412,1081.1588125827009,180.00910175465663,226.35734186469523,423.88904109988124,533.0308059629076,128456.98561293459,137983.30337405574,16835.548024532167,27882.804894974855,True,2,8
2179,image2179 26-03-04 05-43-12.fits,2026-03-04 05:43:12,1180.8150039046145,1080.609596133079,180.6330358110213,227.16039165535292,425.3582935225863,534.9218437071063,128909.53007685182,138384.68681872153,16830.81784177733,27900.75168847108,True,1,8
2180,image2180 26-03-04 05-44-12.fits,2026-03-04 05:44:12,1184.034974797204,1084.4750452974217,175.38031380478003,219.7815807250051,412.9890784513141,517.5460718198298,125116.25561080502,134930.70752805172,16882.636837118323,27824.064924916016,True,1,7
2181,image2181 26-03-04 05-45-12.fits,2026-03-04 05:45:12,1182.3976915895253,1082.6788536909266,178.1749907914471,223.54155431163187,419.57003983890445,526.4001329904054,127020.45251573579,136796.60116861033,16855.442813306392,27862.22208346108,True,1,7
2182,image2182 26-03-04 05-46-12.fits,2026-03-04 05:46:12,1183.4443405652505,1083.9526951470104,176.43142308677358,221.27513353762834,415.4642516580706,521.0631199213072,125812.59391477388,135594.2775738991,16881.236496378002,27860.27728472113,True,1,7
2183,image2183 26-03-04 05-47-12.fits,2026-03-04 05:47:12,1182.1662964215927,1082.4788069639878,178.2316739314715,223.96379809497344,419.7035184332492,527.3944411153078,127206.83100771351,136820.23652153535,16855.1289273129,27855.756211323176,True,1,7
2184,image2184 26-03-04 05-48-12.fits,2026-03-04 05:48:12,1183.302200448762,1084.1989529322625,176.06929788791714,220.71882076757728,414.6115119809927,519.7531034590844,125538.77203683251,135364.78930402364,16879.125179455117,27843.90839516143,True,2,7
2185,image2185 26-03-04 05-49-14.fits,2026-03-04 05:49:14,1183.9874181732266,1084.9424679385902,174.9631828327366,219.16715706134678,412.00681007694305,516.0992146605058,124752.71823932281,134637.13767796033,16889.92020243345,27826.253119281715,True,2,7
2186,image2186 26-03-04 05-50-14.fits,2026-03-04 05:50:14,1180.4680945674472,1081.0593848958076,180.4996542262038,226.92154332243385,425.04420389302004,534.3593988650262,128681.69944392478,138274.71296832824,16840.71992725891,27912.223425949906,True,1,8
2187,image2187 26-03-04 05-51-14.fits,2026-03-04 05:51:14,1181.5603819856449,1082.0920835064037,179.0330361863283,224.9848370675218,421.5905823343172,529.7988041546224,127701.30790504727,137355.83218579262,16849.40244437578,27871.85078102315,True,1,8
2188,image2188 26-03-04 05-52-14.fits,2026-03-04 05:52:14,1184.3508138597938,1085.008458907991,174.98203163313227,219.08386768188248,412.0511956099395,515.903083160205,124708.80198375815,134642.7426139252,16891.570216676686,27834.310093252505,True,1,7
2189,image2189 26-03-04 05-53-14.fits,2026-03-04 05:53:14,1184.1492014049873,1084.8965725187404,175.21212151867078,219.40309935783995,412.5930158845645,516.6548163097585,124865.58546989485,134795.87226403184,16889.284819863176,27839.370067524673,True,2,7
2190,image2190 26-03-04 05-54-14.fits,2026-03-04 05:54:14,1183.781401001591,1084.8116057336838,175.99614517449436,220.1353456307049,414.4392505050763,518.3791245110001,125161.28149536652,135308.97740809724,16882.774780545245,27854.819654362025,True,2,8
2191,image2191 26-03-04 05-55-14.fits,2026-03-04 05:55:14,1182.5487810204183,1083.2829248086855,177.47009258460758,222.5415940016722,417.9101314117324,524.0454064082769,126482.12245553709,136325.55459575338,16862.641960184963,27853.647595719063,True,1,7
2192,image2192 26-03-04 05-56-14.fits,2026-03-04 05:56:14,1184.195893267089,1085.431362380731,175.24962935523425,219.0363071207819,412.6813400899499,515.7910865975725,124584.35311061973,134798.36505320648,16895.87321942502,27860.302573738933,True,1,7
2193,image2193 26-03-04 05-57-14.fits,2026-03-04 05:57:14,1180.2337294089073,1081.0692017817844,180.5755119659464,226.99115136665864,425.2228352191366,534.5233132828621,128716.43702083477,138336.0601439764,16834.40860997244,27904.990361626064,True,2,8
2194,image2194 26-03-04 05-58-14.fits,2026-03-04 05:58:14,1183.8332101972496,1084.4305536001186,175.93703486622246,220.42600961544974,414.30005636628965,519.0635858886459,125390.35898707384,135275.12083466517,16884.4730294006,27858.37948021596,True,2,7
2195,image2195 26-03-04 05-59-16.fits,2026-03-04 05:59:16,1181.7446024961337,1082.4996563510051,178.75612410057718,224.36077515251856,420.93850420407915,528.3292506478324,127369.18200862507,137152.55975249768,16858.630460950313,27890.65978826251,True,2,8
2196,image2196 26-03-04 06-00-16.fits,2026-03-04 06:00:16,1181.995301595171,1083.2568401638146,178.24728272233173,223.5617549829385,419.74027432684557,526.4477019361213,126882.06131696177,136819.12860064374,16861.34302666473,27883.743778754975,True,1,7
2197,image2197 26-03-04 06-01-16.fits,2026-03-04 06:01:16,1180.9304149503162,1081.4228060227254,179.96237763960258,226.1399629788221,423.77901421716564,532.5189178050871,128317.55918263012,137944.37534185874,16841.488137953034,27898.877841236204,True,2,8
2198,image2198 26-03-04 06-02-16.fits,2026-03-04 06:02:16,1181.1730889366534,1081.6375873433806,179.84814055358686,225.90643268733584,423.5100064371299,531.9689959935733,128162.71071966631,137881.03132324948,16843.314182141174,27890.797918592252,True,2,8
2199,image2199 26-03-04 06-03-16.fits,2026-03-04 06:03:16,1184.3850426007823,1085.4895040826987,174.65803078163964,218.45233987677446,411.2882319102376,514.4159488257422,124348.50188836416,134427.61001880272,16898.329394810175,27838.90461605646,True,2,7
2200,image2200 26-03-04 06-04-16.fits,2026-03-04 06:04:16,1181.4777874611434,1082.6391854253432,178.81412968849827,224.59861842356912,421.0750969252395,528.889328750078,127401.0939366327,137187.80712049876,16857.602157080568,27882.13032496263,True,2,8
2201,image2201 26-03-04 06-05-16.fits,2026-03-04 06:05:16,1183.8238167974953,1085.13077898974,175.32628549951812,219.37983853680086,412.86185151508437,516.6000412621117,124800.06389770177,134877.69578968934,16888.069411612563,27841.502279658027,True,2,7
2202,image2202 26-03-04 06-06-16.fits,2026-03-04 06:06:16,1182.2928013561689,1083.039346958927,178.0906164009046,223.30926530636978,419.3713533327677,525.853134184574,126839.2705396811,136717.31014873149,16862.991990625083,27880.44221759982,True,1,7
2203,image2203 26-03-04 06-07-16.fits,2026-03-04 06:07:16,1182.0105524091366,1083.51458994492,177.93901232545596,223.21250401612713,419.01435301699286,525.6252787587274,126691.40352997197,136634.89753680277,16866.179522096056,27878.214954980278,True,2,7
2204,image2204 26-03-04 06-08-18.fits,2026-03-04 06:08:18,1183.9522424828033,1085.6440258112161,174.62557949005648,218.5438337459277,411.2118149583304,514.6314004228218,124344.65231331324,134426.29502558275,16897.64966507511,27829.55192523117,True,2,7
2205,image2205 26-03-04 06-09-18.fits,2026-03-04 06:09:18,1180.2294073191067,1081.5586836163454,180.51497687425095,226.64282738243796,425.0802859717844,533.7030729826542,128497.99934031935,138315.02560090585,16840.883825894663,27923.934956878646,True,2,8
2206,image2206 26-03-04 06-10-18.fits,2026-03-04 06:10:18,1181.2330945199697,1082.3431320325074,179.72889415197218,225.45156362405083,423.2292026203099,530.8978612054854,127832.92551198805,137784.56188316608,16853.7400181519,27921.12288786141,True,2,8
2207,image2207 26-03-04 06-11-18.fits,2026-03-04 06:11:18,1181.3234924609903,1083.1606126295217,178.7485593717868,224.06161758182103,420.9206906290883,527.6247884037311,127115.3561975175,137134.430298997,16862.188859225695,27913.835085560644,True,2,7
2208,image2208 26-03-04 06-12-18.fits,2026-03-04 06:12:18,1182.1553603529942,1083.4914955712195,177.7913845573209,223.06438634003177,418.6667161893852,525.2764882860347,126629.08740779018,136526.1959297224,16863.34064415728,27868.16255613814,True,2,7
2209,image2209 26-03-04 06-13-18.fits,2026-03-04 06:13:18,1183.931767172794,1085.2717555660386,175.62539510839284,219.46314632363388,413.5662008177239,516.7962161084533,124825.07238384751,135078.82823224444,16890.740785322083,27866.853862253036,True,2,7
2210,image2210 26-03-04 06-14-18.fits,2026-03-04 06:14:18,1181.6174435294276,1083.5264088452982,178.38830253843116,223.59246723750397,420.0723506165431,526.5200237688001,126830.82365368078,136913.79761839486,16864.61068171827,27896.38779225851,True,1,7
2211,image2211 26-03-04 06-15-18.fits,2026-03-04 06:15:18,1180.4475405407384,1081.9828894598984,180.3282574796032,226.19427589301992,424.6405953984718,532.6468149441441,128211.71839200663,138175.00853180932,16843.608035586065,27927.206401412765,True,2,8
2212,image2212 26-03-04 06-16-18.fits,2026-03-04 06:16:18,1180.7076833545914,1082.0614658363256,179.82442498378734,225.5532076305602,423.4541605379867,531.1372145494709,127960.59617700797,137866.38444709804,16845.749822116813,27911.450389641293,True,2,8
2213,image2213 26-03-04 06-17-18.fits,2026-03-04 06:17:18,1180.641393964581,1082.310711135966,180.24713193634395,225.89410342650632,424.4495593430409,531.9399628030316,128000.94942682826,138117.96100104193,16849.201845570515,27931.70242893682,True,1,8
2214,image2214 26-03-04 06-18-20.fits,2026-03-04 06:18:20,1180.12009836155,1081.666736771743,180.33202006726273,226.5491814753643,424.6494556153137,533.4825537235421,128407.43519683633,138163.17931236417,16845.163816915654,27924.214182883537,True,2,8
2215,image2215 26-03-04 06-19-20.fits,2026-03-04 06:19:20,1184.002047743985,1085.8813290838648,175.0707784258272,218.7888849454228,412.26017833630976,515.2084518994517,124387.99195513678,134687.75449686148,16900.444567159597,27864.802570004435,True,1,7
2216,image2216 26-03-04 06-20-20.fits,2026-03-04 06:20:20,1183.7428197844733,1085.7494547495933,175.20449324791517,218.89262649070056,412.57505267968025,515.4527445697743,124459.99225781903,134770.13318114416,16899.76506144612,27869.745919691795,True,1,7
2217,image2217 26-03-04 06-21-20.fits,2026-03-04 06:21:20,1183.812653539056,1085.020071448663,175.97977070815125,220.00445451884994,414.40069158350485,518.0708994970877,125069.90590993359,135268.25002971193,16889.005882034355,27879.35064990701,True,2,7
2218,image2218 26-03-04 06-22-20.fits,2026-03-04 06:22:20,1183.8468993988856,1085.4992012506113,175.3881276634178,219.3036465270224,413.0074786822634,516.4206227902143,124675.49768247058,134898.3105426389,16896.473772329206,27864.400543147698,True,2,7
2219,image2219 26-03-04 06-23-20.fits,2026-03-04 06:23:20,1180.6096109524196,1081.897758582817,180.47539166952774,226.39001112680873,424.98706993821554,533.1077361961889,128275.23826002136,138254.49472022735,16848.707507957883,27933.654221311364,True,1,8
2220,image2220 26-03-04 06-24-20.fits,2026-03-04 06:24:20,1183.625365876922,1085.6083719140522,175.68640300505587,219.50725097076915,413.70986343569115,516.9000746156065,124743.47022545426,135079.16551922724,16898.55979922276,27890.263351879672,True,1,7
2221,image2221 26-03-04 06-25-20.fits,2026-03-04 06:25:20,1184.5585499845777,1085.9528660188491,175.00900828046852,218.4497362549478,412.11472075983465,514.4098177648751,124221.92195067336,134613.9599892555,16906.945784530042,27879.51696166813,True,2,7
2222,image2222 26-03-04 06-26-20.fits,2026-03-04 06:26:20,1180.3178588551243,1082.0111458476933,180.39619209771857,226.35159863760626,424.8005691989614,533.0172816966353,128221.1277054243,138170.39390713617,16857.057415620206,27950.815137712583,True,2,8
2223,image2223 26-03-04 06-27-20.fits,2026-03-04 06:27:20,1180.6645573142152,1081.9510432281654,180.30939011716015,226.31747546402252,424.59616615519406,532.9369277634803,128221.51925278001,138123.73734457864,16849.201945466724,27930.596571606726,True,1,8
2224,image2224 26-03-04 06-28-22.fits,2026-03-04 06:28:22,1181.740207936123,1083.4825330718622,178.73537933537563,223.96314804533733,420.88965401515304,527.3929103653944,126965.64829026621,137104.4227933357,16872.38644935053,27926.566832907767,True,2,8
2225,image2225 26-03-04 06-29-22.fits,2026-03-04 06:29:22,1181.482063621866,1083.3132497844406,179.06977385269585,224.18393877150174,421.67709292748714,527.9128327931234,127103.3412413668,137315.07273583979,16868.02409192565,27938.861821887047,True,2,7
2226,image2226 26-03-04 06-30-22.fits,2026-03-04 06:30:22,1181.4610150931521,1083.1424894483503,179.07991314277263,224.42953974464476,421.70096913100235,528.4911788877596,127228.53237317987,137344.32453372917,16863.39189539389,27917.90851482306,True,2,8
2227,image2227 26-03-04 06-31-22.fits,2026-03-04 06:31:22,1183.9757337001874,1085.6319066864464,175.76116893275307,219.54726458647545,413.88592374091786,516.9942994799459,124745.74402286237,135143.83678023654,16891.191027533714,27873.76228780116,True,2,7
2228,image2228 26-03-04 06-32-22.fits,2026-03-04 06:32:22,1180.8482882673661,1083.150013892991,179.75850946952698,224.99662954451045,423.29894136372786,529.826573315816,127442.1330693869,137786.4053150298,16860.834226405717,27939.427796606633,True,2,8
2229,image2229 26-03-04 06-33-22.fits,2026-03-04 06:33:22,1184.3634734277475,1086.6112046361177,174.43306812259632,217.78954935561336,410.75848533133893,512.8551964208556,123819.12942789392,134264.3643360541,16910.711064716514,27864.013360550533,True,1,7
2230,image2230 26-03-04 06-34-22.fits,2026-03-04 06:34:22,1183.9325309516994,1085.994048573686,175.50308543782617,219.11432284284837,413.27818355377235,515.9747995837222,124499.90080837016,134992.6917296028,16897.724151625323,27875.297791187884,True,2,7
2231,image2231 26-03-04 06-35-22.fits,2026-03-04 06:35:22,1180.8264493427218,1082.5827442712405,180.00402566399845,225.6374926122487,423.877087819849,531.335690513846,127839.47028322982,137965.97964331708,16851.679753561853,27926.939328374247,True,2,8
2232,image2232 26-03-04 06-36-22.fits,2026-03-04 06:36:22,1181.0609982647975,1083.012232971565,179.6262333010909,224.97409486488567,422.9874547908147,529.7735082005271,127492.34009488541,137715.44746965403,16860.851235538914,27937.288833671475,True,1,8
2233,image2233 26-03-04 06-37-24.fits,2026-03-04 06:37:24,1182.9359155258949,1085.382445448206,176.4174175425229,220.51752258679718,415.4312711217276,519.2790824679552,125195.89521294138,135583.30110083913,16896.517058436115,27905.246264893125,True,1,7
2234,image2234 26-03-04 06-38-24.fits,2026-03-04 06:38:24,1181.3881543803107,1083.5024361489625,178.86240404464874,224.38027936409628,421.1887743467636,528.3751795562182,127146.41886157492,137235.74554574344,16871.27097024253,27920.893826973344,True,1,8
2235,image2235 26-03-04 06-39-24.fits,2026-03-04 06:39:24,1180.5468727087061,1082.413631156319,180.55762335311815,226.1548883510778,425.18071075507083,532.5540643708543,128090.48881921849,138327.10783658872,16846.901838669088,27943.769595001282,True,2,8
2236,image2236 26-03-04 06-40-24.fits,2026-03-04 06:40:24,1182.6612971465322,1084.8688845100535,177.24480814688485,221.5925227623546,417.3796271019494,521.8105144297696,125741.7276584963,136148.53679303615,16882.852343104936,27904.196486600445,True,2,7
2237,image2237 26-03-04 06-41-24.fits,2026-03-04 06:41:24,1183.7717999680797,1085.7160306310277,176.0065786855644,219.71895735995335,414.4638195460841,517.3986050645186,124817.97098126248,135323.49350462967,16894.507040572003,27892.29357105623,True,2,7
2238,image2238 26-03-04 06-42-24.fits,2026-03-04 06:42:24,1184.1834047060488,1086.2050946082475,175.03797180976593,218.478181202114,412.18292465919905,514.476800496642,124198.44107839315,134685.2577197768,16899.87019805563,27863.26806251865,True,1,7
2239,image2239 26-03-04 06-43-24.fits,2026-03-04 06:43:24,1182.096986771307,1084.1905626842827,178.46843140587353,223.24180095016158,420.261039679782,525.6942677662497,126548.40182729956,136978.8788814639,16873.501560506968,27920.737921237538,True,2,8
2240,image2240 26-03-04 06-44-24.fits,2026-03-04 06:44:24,1184.162918151566,1086.80846974257,174.7184546225876,217.7444722027195,411.4305191820996,512.7490478376482,123778.04927660087,134466.02781778824,16909.817368243726,27880.03852235061,True,2,7
2241,image2241 26-03-04 06-45-24.fits,2026-03-04 06:45:24,1183.0747455596404,1085.241471652478,176.91024763202248,220.96651193708172,416.59179729527557,520.3363715900106,125436.03120141514,135950.0234940221,16886.016202000723,27903.57801753586,True,1,7
2242,image2242 26-03-04 06-46-26.fits,2026-03-04 06:46:26,1182.3675394844972,1084.894664475054,177.55356481803219,221.96243115076885,418.10669350020413,522.6815821176325,125890.84856877434,136386.86101569387,16879.554953743387,27902.80080623301,True,2,7
2243,image2243 26-03-04 06-47-26.fits,2026-03-04 06:47:26,1184.1692026594365,1086.364634884413,175.29624905059782,218.67237308921685,412.7911210830853,514.9340874449741,124256.80846358406,134869.50924942465,16898.505595353385,27874.830251565196,True,1,7
2244,image2244 26-03-04 06-48-26.fits,2026-03-04 06:48:26,1180.5791741130472,1082.7711363570074,180.3128953476909,225.88882771440308,424.60442034231033,531.927539450419,127893.87504981419,138162.66577872462,16853.43209265311,27945.733134578255,True,1,8
2245,image2245 26-03-04 06-49-26.fits,2026-03-04 06:49:26,1181.2614885521025,1083.0650991211355,179.91047232838787,225.17083006747833,423.6567865498737,530.2367841991555,127552.51142449178,137903.05736213425,16856.66316454548,27940.505183544406,True,2,8
2246,image2246 26-03-04 06-50-26.fits,2026-03-04 06:50:26,1182.7974612043624,1085.2520474635846,177.05739717388957,220.95184638919343,416.9383079860813,520.3018368638719,125432.31953083944,136051.4155519508,16885.655630470777,27909.4898649031,True,2,7
2247,image2247 26-03-04 06-51-26.fits,2026-03-04 06:51:26,1183.8825202501373,1086.490032894805,175.3987258709624,218.71319456570853,413.03243555383085,515.0302146760846,124240.83671324738,134932.77300401972,16899.109074550062,27881.39022492394,True,1,7
2248,image2248 26-03-04 06-52-26.fits,2026-03-04 06:52:26,1180.6442406066406,1083.1840019424985,179.97995055230967,225.1756597388418,423.8203952642579,530.2481572060932,127548.85310815272,137963.94524808935,16854.58893485409,27944.348911438577,True,1,8
2249,image2249 26-03-04 06-53-26.fits,2026-03-04 06:53:26,1180.6223282852309,1082.834043027483,180.6186065954902,225.97412421268606,425.32431531661956,532.1283973543467,127925.55753327906,138370.2856497302,16851.657199777586,27958.78397095544,True,1,8
2250,image2250 26-03-04 06-54-26.fits,2026-03-04 06:54:26,1184.3506447170003,1086.8514287983378,174.6343376842048,217.83601668180032,411.2324389294692,512.9646186119996,123792.22437012667,134427.4306816548,16908.61764978812,27864.969492641572,True,1,7
2251,image2251 26-03-04 06-55-26.fits,2026-03-04 06:55:26,1180.452754839741,1082.830114627334,180.52134317020545,225.8948258611375,425.09527745311067,531.9416640065822,127901.25670964461,138309.08948998703,16850.492081216275,27954.29003343274,True,2,8
2252,image2252 26-03-04 06-56-28.fits,2026-03-04 06:56:28,1180.3852065911437,1083.0822706755491,180.34619543570184,225.77856702379492,424.68283605705983,531.667895365996,127790.24017351396,138189.681682035,16855.79641851308,27956.900855503518,True,2,8
2253,image2253 26-03-04 06-57-28.fits,2026-03-04 06:57:28,1183.184683867863,1085.8919829136876,176.11705321599382,219.75203665495835,414.7239671848047,517.4765008514719,124801.09429781022,135425.4493270005,16892.57911830261,27889.77139630855,True,2,7
2254,image2254 26-03-04 06-58-28.fits,2026-03-04 06:58:28,1182.421916121906,1084.7351877176566,177.9004121226556,222.11722712286723,418.9234564856963,523.0460987756198,126011.42375011079,136623.9003140789,16876.63978516498,27916.141179942257,True,2,8
2255,image2255 26-03-04 06-59-28.fits,2026-03-04 06:59:28,1181.511466975083,1083.488835299435,179.5104596773499,224.65956226977752,422.7148287409435,529.0328405407508,127269.15098667332,137671.32555400746,16864.28220931581,27936.70808962013,True,2,8
2256,image2256 26-03-04 07-00-28.fits,2026-03-04 07:00:28,1181.5472359180699,1083.8162701875196,179.39997795441704,224.24104872884027,422.45466416517166,528.047316465435,127035.84995042582,137606.04247426326,16865.38737894512,27938.454695309483,True,2,7
2257,image2257 26-03-04 07-01-28.fits,2026-03-04 07:01:28,1182.6437730790217,1085.3885511844608,177.24992954504177,221.41441542876507,417.39168707298785,521.3911037104659,125551.17978625851,136167.15168352515,16886.15106408223,27910.16916569484,True,2,7
2258,image2258 26-03-04 07-02-28.fits,2026-03-04 07:02:28,1183.2781644144666,1086.3518305228106,175.9682568490065,219.5113532697048,414.37357851719514,516.909734791371,124600.03015298599,135307.34565771802,16898.874607649945,27905.46247943626,True,2,7
2259,image2259 26-03-04 07-03-28.fits,2026-03-04 07:03:28,1182.2814764684165,1085.3486358865696,177.26689125839738,221.43728341586856,417.4316288555957,521.4449537048866,125578.67333523733,136208.76039658848,16881.259115116714,27895.987728117176,True,2,7
2260,image2260 26-03-04 07-04-28.fits,2026-03-04 07:04:28,1182.2379284570115,1084.8824120647635,178.00884389255194,222.44445671558188,419.1787937909664,523.8166655798716,126080.16698620933,136687.72967437614,16877.89604440693,27916.001495520723,True,1,7
2261,image2261 26-03-04 07-05-28.fits,2026-03-04 07:05:28,1180.952552428697,1083.8416778526407,179.42041242558534,224.3330720488525,422.50278366748836,528.26401482401,127057.20780886465,137625.87539502364,16860.46867106834,27926.00060326733,True,2,8
2262,image2262 26-03-04 07-06-30.fits,2026-03-04 07:06:30,1183.6806487595516,1086.7707465945045,175.36833650482953,218.61046537633308,412.96087406530535,514.7883059217335,124143.02188156157,134924.4426889799,16901.905643775262,27886.58534698198,True,2,7
2263,image2263 26-03-04 07-07-30.fits,2026-03-04 07:07:30,1182.4865441315876,1085.785886936333,177.10302135881147,221.05152277956006,417.0457447312736,520.5365568259235,125324.2325286246,136082.85183719973,16889.74879457935,27913.594509979725,True,1,7
2264,image2264 26-03-04 07-08-30.fits,2026-03-04 07:08:30,1181.855212183805,1084.3117015824557,178.65585338768267,223.52124861916298,420.7023847194256,526.3523167387514,126620.35077896876,137136.83645702442,16871.980990114153,27911.304854521048,True,1,7
2265,image2265 26-03-04 07-09-30.fits,2026-03-04 07:09:30,1181.3735258579222,1083.9595945696444,179.34065144213588,223.9972333721793,422.3149609048502,527.4731751762833,126934.3682844298,137573.4568762627,16859.62386072347,27936.999064878393,True,2,8
2266,image2266 26-03-04 07-10-30.fits,2026-03-04 07:10:30,1183.3433418170814,1086.1441099587748,176.37030896423502,219.9652579028811,415.32033889728234,517.9785985201069,124820.19679795361,135610.46954011553,16888.838907908106,27887.737522045685,True,1,7
2267,image2267 26-03-04 07-11-30.fits,2026-03-04 07:11:30,1184.1826930789807,1087.0673287631103,175.56375861533726,218.44829145885544,413.4210579683712,514.406415530076,124028.20827574351,135043.00406291103,16906.396430852485,27914.979973394875,True,2,7
2268,image2268 26-03-04 07-12-30.fits,2026-03-04 07:12:30,1180.7911867882533,1083.7575135962688,180.13813250920342,224.96927355940446,424.1928853071135,529.7621548937368,127343.76159045298,138095.55916849186,16854.79946912869,27951.654791187084,True,2,8
2269,image2269 26-03-04 07-13-30.fits,2026-03-04 07:13:30,1180.886273066698,1083.4276114870586,180.25911081187257,225.20201271910264,424.47776743925266,530.3102137322577,127526.21334663418,138178.93772911068,16849.720620595897,27948.91440825971,True,1,8
2270,image2270 26-03-04 07-14-30.fits,2026-03-04 07:14:30,1184.641303887045,1087.6675681410109,174.57340462880964,217.22609393736954,411.08895254921964,511.52836030749376,123393.68733647022,134412.84946810376,16911.173646237155,27879.276121646923,True,1,7
2271,image2271 26-03-04 07-15-32.fits,2026-03-04 07:15:32,1180.458556539383,1083.4094355577338,180.40098468650652,225.38870943865936,424.8118548831069,530.7498509098114,127591.82854326649,138261.89772272712,16849.156010429568,27952.300543648198,True,2,8
2272,image2272 26-03-04 07-16-32.fits,2026-03-04 07:16:32,1180.9843445484773,1083.4117884669247,180.18290175888617,225.2438704751978,424.2983088336675,530.4087812153506,127540.23011157119,138111.49891382208,16856.455026710766,27959.631378811126,True,2,8
2273,image2273 26-03-04 07-17-32.fits,2026-03-04 07:17:32,1183.033100546162,1086.730752770328,176.1550113041311,219.39175304786667,414.8133516516214,516.6280977915964,124484.08795987003,135483.79030699213,16895.703166579868,27901.678527202792,True,2,7
2274,image2274 26-03-04 07-18-32.fits,2026-03-04 07:18:32,1181.0878295056682,1084.3777561622078,179.70059725568782,223.9738530038444,423.1625685217273,527.4181186162681,126832.54136652568,137856.11897906908,16857.5755164759,27939.418169659308,True,2,8
2275,image2275 26-03-04 07-19-32.fits,2026-03-04 07:19:32,1183.7193725162042,1087.081005236685,175.50206340335328,218.51913497147135,413.2757768465089,514.5732392536443,124055.08860592477,135041.89168351376,16904.61436956828,27897.400082242115,True,1,7
2276,image2276 26-03-04 07-20-32.fits,2026-03-04 07:20:32,1180.6828381778873,1083.779213347238,180.38978124498365,225.26821329553482,424.7854727944355,530.4661041766328,127464.96593891783,138256.81614110447,16851.61951751782,27961.222034202052,True,2,8
2277,image2277 26-03-04 07-21-32.fits,2026-03-04 07:21:32,1182.4300539241156,1085.645229098091,177.6927009240431,221.65485894369974,418.43433399162615,521.9573049191317,125602.37089303082,136515.29095696556,16879.104025167784,27906.396274863302,True,2,7
2278,image2278 26-03-04 07-22-32.fits,2026-03-04 07:22:32,1181.3845296872942,1084.2529588023626,179.3778741814539,224.0164233144389,422.40261375752726,527.5183640369792,126867.38554208426,137628.25298180964,16861.48706194614,27931.78183063718,True,1,7
2279,image2279 26-03-04 07-23-32.fits,2026-03-04 07:23:32,1180.9920328553255,1083.8758478297173,180.05334799985636,224.90512818204763,423.99323304499495,529.6111040733408,127304.51952064117,138034.87760622817,16858.35727313764,27961.67122144006,True,2,8
2280,image2280 26-03-04 07-24-34.fits,2026-03-04 07:24:34,1184.1591255068017,1087.2876814545823,175.20044257752622,218.06016475225837,412.56551407985256,513.4924469813693,123821.59940158886,134850.14994811924,16903.178920555976,27882.17819089683,True,1,7
2281,image2281 26-03-04 07-25-34.fits,2026-03-04 07:25:34,1181.7697690842876,1084.4026279271736,179.36098623490895,223.7575807749537,422.3628456824838,526.9088364364927,126753.34275953585,137600.29417770894,16867.926205350304,27957.503818234825,True,1,7
2282,image2282 26-03-04 07-26-34.fits,2026-03-04 07:26:34,1183.3362201646112,1086.8995467752493,176.32360896384395,219.5890444965017,415.2103688002585,517.0926836495553,124502.06871479886,135593.10697831368,16893.204811663327,27898.767621327104,True,2,7
2283,image2283 26-03-04 07-27-34.fits,2026-03-04 07:27:34,1180.9283624281834,1083.826327752471,180.4908469456487,225.27599552712238,425.0234643322267,530.4844299315703,127465.21906845344,138309.93516878822,16855.613885494473,27979.798475417752,True,2,8
2284,image2284 26-03-04 07-28-34.fits,2026-03-04 07:28:34,1180.6495005766849,1084.0930726056185,180.72333277588842,225.18309957524113,425.5709266254608,530.2656766819781,127370.09531906316,138473.83986519556,16854.629579627042,27988.529681054442,True,1,8
2285,image2285 26-03-04 07-29-34.fits,2026-03-04 07:29:34,1184.1166018208398,1087.5040363014916,175.06433576290806,217.70103267372386,412.2450070245244,512.6467555640226,123630.06390903912,134744.8553459907,16909.020399697132,27894.26189718177,True,1,7
2286,image2286 26-03-04 07-30-34.fits,2026-03-04 07:30:34,1180.9622347352158,1083.759671888106,180.57160517928514,225.46407963079153,425.21363543959507,530.927334149042,127542.12325785082,138369.78143399916,16852.586421707914,27970.28800606129,True,1,8
2287,image2287 26-03-04 07-31-34.fits,2026-03-04 07:31:34,1180.6901313087137,1083.9690377883076,180.4976441544834,225.1703148811609,425.03947053584085,530.2355710280883,127389.66144430237,138318.63343932168,16854.284285700567,27977.921224549587,True,2,8
2288,image2288 26-03-04 07-32-34.fits,2026-03-04 07:32:34,1183.3968327245614,1086.8055379324019,176.33646499916495,219.27853955750373,415.240642449932,516.3615003951218,124427.88548453974,135596.80911466092,16894.948088075613,27913.33491042782,True,1,7
2289,image2289 26-03-04 07-33-34.fits,2026-03-04 07:33:34,1182.6248113707484,1085.8902588792814,177.52863493343477,221.43762940558307,418.0479881082338,521.4457684484017,125458.1220674324,136410.87370559762,16880.631196025064,27903.137697543563,True,2,7
2290,image2290 26-03-04 07-34-36.fits,2026-03-04 07:34:36,1180.5126454003725,1083.7115574296658,180.6286655122193,225.56122622947416,425.3480022553645,531.1560969069265,127614.98741406691,138415.29001076033,16849.870860738687,27973.720351971944,True,1,8
2291,image2291 26-03-04 07-35-36.fits,2026-03-04 07:35:36,1180.8955028579578,1083.9450650330882,180.17048039120894,224.79210394258052,424.26905874807443,529.3449523286694,127269.99455197649,138140.7593535326,16851.610668030724,27956.948139585173,True,2,8
2292,image2292 26-03-04 07-36-36.fits,2026-03-04 07:36:36,1183.5478620897159,1087.1363888778837,175.92434220177643,219.03844421986398,414.2701674256273,515.7961190813292,124235.08509302669,135321.95060399798,16897.60320778175,27897.689554599594,True,1,7
2293,image2293 26-03-04 07-37-36.fits,2026-03-04 07:37:36,1183.1877779437093,1086.9756664703746,176.62144155895194,219.76751723481473,415.9117109652824,517.5129548312264,124560.68947391189,135768.14680213886,16896.870394201313,27926.232214380685,True,1,7
2294,image2294 26-03-04 07-38-36.fits,2026-03-04 07:38:36,1183.059602921078,1087.1447857765315,176.45935788167697,219.57386607007112,415.53003307306295,517.0569411867446,124457.52210627226,135683.45123502222,16901.937627579147,27927.10403043492,True,1,7
2295,image2295 26-03-04 07-39-36.fits,2026-03-04 07:39:36,1181.763783932787,1085.2966189023678,178.5449363745204,222.59228548433586,420.4411951134961,524.1647757277657,126078.80067920421,137088.1553357214,16873.98535172001,27933.53755822541,True,1,8
2296,image2296 26-03-04 07-40-36.fits,2026-03-04 07:40:36,1180.5089192326107,1084.5387155402054,180.66392947691207,224.864804972861,425.43104254629037,529.5161501720683,127171.66344969877,138453.6030176294,16853.597718329678,27994.55872442786,True,1,8
2297,image2297 26-03-04 07-41-36.fits,2026-03-04 07:41:36,1180.8873591923955,1084.3096836950078,180.35678098407777,224.80552125614994,424.7077631185631,529.3765476876131,127192.30607442373,138257.14400533796,16852.408404543377,27972.269821327503,True,2,7
2298,image2298 26-03-04 07-42-36.fits,2026-03-04 07:42:36,1184.7280250850097,1088.2618138760351,174.68830989818017,216.94425615736642,411.359533780813,510.8646830536954,123170.74129012339,134521.3294082563,16911.288973620976,27889.630255079413,True,2,7
2299,image2299 26-03-04 07-43-36.fits,2026-03-04 07:43:36,1181.888291397799,1085.7324407222,178.30003952696373,222.08898914156282,419.8645071079048,522.979603411213,125819.92739734624,136928.70897315207,16879.04859300724,27951.35195622922,True,1,8
2300,image2300 26-03-04 07-44-38.fits,2026-03-04 07:44:38,1180.9644127591696,1084.5877970242907,179.7143181873396,224.0087634439208,423.19487884661737,527.5003264203408,126807.45089542402,137871.55197479972,16855.34419377631,27939.893471087205,True,2,7
2301,image2301 26-03-04 07-45-38.fits,2026-03-04 07:45:38,1182.1889197572427,1086.1580800040233,177.69945862154802,221.30611454022755,418.450247153169,521.1360746072431,125373.62511454614,136540.24023721035,16883.73489879139,27923.477433604414,True,1,7
2302,image2302 26-03-04 07-46-38.fits,2026-03-04 07:46:38,1183.6800187410531,1087.569586933422,175.80310274448846,218.4801917601662,413.98467032135693,514.481534999045,123933.01289411983,135262.76645635618,16900.190760734793,27902.739329849723,True,2,7
2303,image2303 26-03-04 07-47-38.fits,2026-03-04 07:47:38,1181.5032262201546,1085.2151740711863,179.14563771999087,223.1753889549185,421.855738682887,525.5378794686209,126345.32909736193,137477.67556923846,16866.785627562203,27953.42632787557,True,2,8
2304,image2304 26-03-04 07-48-38.fits,2026-03-04 07:48:38,1182.3322546714599,1085.947816872863,177.87433907970828,221.6256322790121,418.862059161529,521.8884813832759,125551.77424741013,136672.48238952772,16876.67565843997,27912.184782462667,True,2,8
2305,image2305 26-03-04 07-49-38.fits,2026-03-04 07:49:38,1182.5023064646514,1086.5382440492806,177.3484960553061,220.95952110834946,417.62379346712703,520.3199094463805,125144.24777749575,136306.40986252864,16888.796166680004,27920.809252639276,True,1,8
2306,image2306 26-03-04 07-50-38.fits,2026-03-04 07:50:38,1180.7735625764167,1084.5053603660776,180.48761413373126,224.8211261991014,425.01585164192164,529.4132945200766,127157.34851451546,138346.49375086898,16854.720823231317,27983.869534784975,True,2,8
2307,image2307 26-03-04 07-51-38.fits,2026-03-04 07:51:38,1183.3687725671589,1087.4111179034176,176.08612141234872,218.9171375364992,414.6511283535522,515.5104636717456,124139.86726309358,135441.46606064134,16901.840061036397,27915.91582984895,True,2,7
2308,image2308 26-03-04 07-52-38.fits,2026-03-04 07:52:38,1180.9113458057093,1084.7034032233062,179.8933908073343,224.19940206069654,423.6165626416971,527.9492460564813,126866.27789776001,137960.5278611333,16863.750686643816,27974.94233426356,True,1,7
2309,image2309 26-03-04 07-53-40.fits,2026-03-04 07:53:40,1180.7519644389674,1084.5292979489495,180.64162665316275,225.02046737399198,425.3785234098646,529.882707114509,127225.39849914434,138438.28234388962,16855.888295238798,27993.30832647673,True,2,7
2310,image2310 26-03-04 07-54-40.fits,2026-03-04 07:54:40,1181.2373093751526,1085.1621496081084,179.90099984579308,223.88684226110246,423.6344805579833,527.2132239751263,126649.1459410987,137976.73171262676,16861.09077789069,27977.26378563074,True,2,8
2311,image2311 26-03-04 07-55-40.fits,2026-03-04 07:55:40,1182.5658244569513,1086.4978007994705,177.54115550019944,220.99803808157168,418.0774717898264,520.4106099869981,125172.87351660796,136433.62811875276,16887.730437545535,27928.03896601247,True,1,7
2312,image2312 26-03-04 07-56-40.fits,2026-03-04 07:56:40,1181.4267204023479,1085.5869194447394,179.21116589259046,223.08189180072534,422.0100457372388,525.3177104957734,126203.6897139343,137535.39738138195,16870.112443812017,27953.692880156777,True,2,8
2313,image2313 26-03-04 07-57-40.fits,2026-03-04 07:57:40,1183.0693770506612,1087.491209265639,176.5079484292761,219.40698504913252,415.64445506854844,516.6639664135031,124319.22116736775,135757.7474383983,16893.43698655359,27908.561519531486,True,2,7
2314,image2314 26-03-04 07-58-40.fits,2026-03-04 07:58:40,1184.3162069952998,1088.586063330387,174.67606562171906,216.75079510305358,411.3307007131655,510.40911708506667,123007.14763360447,134483.68736856358,16921.128487056674,27913.7412889347,True,2,7
2315,image2315 26-03-04 07-59-40.fits,2026-03-04 07:59:40,1184.4799208763266,1088.9280764295331,174.59318916431928,216.46725796889677,411.13554157001937,509.74143815804365,122832.29574192043,134457.9803407502,16916.57349768974,27903.880223320517,True,2,7
2316,image2316 26-03-04 08-00-40.fits,2026-03-04 08:00:40,1182.0512172707383,1085.6389615270534,178.43525468782855,222.32581829133437,420.1829144791013,523.5372934403426,125896.87520417123,137045.9138653952,16872.37919161767,27921.498815379142,True,1,8
2317,image2317 26-03-04 08-01-40.fits,2026-03-04 08:01:40,1184.0400975757893,1088.346654861317,175.1784703274583,217.52954349439528,412.5137733849582,512.2429294070338,123369.23547624858,134836.89093617303,16913.281973517198,27909.801975997,True,2,7
2318,image2318 26-03-04 08-02-40.fits,2026-03-04 08:02:40,1181.548169950759,1085.107305811609,179.7891377820626,223.7522496474425,423.3710655280322,526.8962825905668,126605.7523374522,137907.0001174506,16862.428600247094,27972.064406674253,True,2,8
2319,image2319 26-03-04 08-03-42.fits,2026-03-04 08:03:42,1182.570790924458,1087.3881675792413,176.44026916436962,219.09409207439157,415.4850825789137,515.9271597646338,124252.21575382867,135728.09615525923,16894.076068015052,27913.701550884736,True,1,7
2320,image2320 26-03-04 08-04-42.fits,2026-03-04 08:04:42,1181.309063471981,1085.5166230559744,179.93620801809342,223.7568178227063,423.717389467865,526.9070398212472,126522.08999397885,137993.41207945664,16866.8231015319,27996.24640407075,True,1,7
2321,image2321 26-03-04 08-05-42.fits,2026-03-04 08:05:42,1183.105803901032,1087.544520065314,176.37047337230638,219.31075877444283,415.32072604870433,516.4373708530052,124263.8304796175,135643.89531286375,16899.835102753383,27919.582561083113,True,1,7
2322,image2322 26-03-04 08-06-42.fits,2026-03-04 08:06:42,1183.2954257507247,1086.8488751259083,177.142229234385,220.41509820579284,417.13807222259726,519.0378914824662,124842.76174776953,136157.37723581734,16890.940978698607,27919.205640094577,True,2,7
2323,image2323 26-03-04 08-07-42.fits,2026-03-04 08:07:42,1184.5181608389853,1088.5594754715203,174.92701191199475,216.99746918102056,411.9216340677329,510.9899901484529,123124.54590292845,134694.41482352192,16913.480281673477,27901.263004951,True,1,7
2324,image2324 26-03-04 08-08-42.fits,2026-03-04 08:08:42,1180.9940162814985,1084.9849874952804,180.2799929794031,224.40900692522973,424.52694118593723,528.4428277930201,126899.6065856675,138205.05548369154,16862.465590728825,28000.702482321205,True,2,8
2325,image2325 26-03-04 08-09-42.fits,2026-03-04 08:09:42,1184.0094123342683,1088.5109640922471,175.14787879622344,217.34166144066558,412.4417358339981,511.80050098080943,123278.11512437479,134834.60577746693,16914.5879248184,27914.664652687323,True,2,8
2326,image2326 26-03-04 08-10-42.fits,2026-03-04 08:10:42,1180.7987480873128,1085.3120429219498,179.8456110095231,223.81009763856252,423.5040498160638,527.0325041996209,126575.12350224314,137945.66372072132,16860.084603073003,27969.874410434815,True,2,8
2327,image2327 26-03-04 08-11-42.fits,2026-03-04 08:11:42,1182.7354385599451,1087.4692616494444,177.26296275199803,219.8234204316408,417.4223779299795,517.6445967996938,124519.09501170904,136237.30598725044,16892.408431200933,27953.867429958373,True,2,7
2328,image2328 26-03-04 08-12-44.fits,2026-03-04 08:12:44,1182.7760064098209,1087.0393277458024,177.43964089829328,220.55867957975403,417.83842317039444,519.3759997799631,124867.68405596395,136345.74246687524,16894.02792032791,27944.996764136726,True,1,7
2329,image2329 26-03-04 08-13-44.fits,2026-03-04 08:13:44,1181.9862788071064,1086.8693638919613,177.95587029214403,221.21952137094448,419.05405049486836,520.9321632764526,125181.29891853378,136717.79923642369,16885.40978337039,27943.74066952125,True,3,8
2330,image2330 26-03-04 08-14-44.fits,2026-03-04 08:14:44,1182.6906851388555,1086.7263804719921,177.74253837511435,220.9812905349964,418.551692220402,520.3711725286175,125128.38689448597,136601.0119738755,16880.669969526884,27921.654637793603,True,1,8
2331,image2331 26-03-04 08-15-44.fits,2026-03-04 08:15:44,1183.857590635986,1088.5241657417948,175.36770128112926,217.6471922769311,412.95937822780286,512.5199711184225,123395.57236985433,134973.7905685022,16912.557971085258,27921.517336992376,True,2,7
2332,image2332 26-03-04 08-16-44.fits,2026-03-04 08:16:44,1180.781428979544,1085.1855216190852,180.35181775110541,224.36632498468848,424.6960755980716,528.3423195038728,126834.8053758853,138272.6870619919,16859.851933296755,27994.353501955244,True,2,8
2333,image2333 26-03-04 08-17-44.fits,2026-03-04 08:17:44,1182.7734017191071,1087.3815521405154,176.93539547966498,219.91209402498086,416.6510159509935,517.8534071547558,124541.94287580744,136035.1619233589,16899.284962643076,27933.720241897823,True,2,7
2334,image2334 26-03-04 08-18-44.fits,2026-03-04 08:18:44,1183.481099568396,1088.529250967309,175.7467156498661,218.13704544013217,413.85188886065913,513.6734871662503,123582.73808396373,135237.15174077553,16907.479818139367,27921.486489796618,True,2,7
2335,image2335 26-03-04 08-19-44.fits,2026-03-04 08:19:44,1182.3860597249022,1087.0745493320335,177.76035230302787,220.7301701189435,418.5936408149335,519.7798291391797,124968.10781911698,136572.70620404425,16887.872103927453,27958.30380053209,True,2,8
2336,image2336 26-03-04 08-20-44.fits,2026-03-04 08:20:44,1183.1416917676545,1087.7116901130753,176.54905110574805,219.346877156894,415.741244475009,516.5224231439953,124242.3780003209,135768.78197640952,16900.97372453423,27929.112690417332,True,2,7
2337,image2337 26-03-04 08-21-44.fits,2026-03-04 08:21:44,1182.6101280504645,1087.053432463175,177.33355617223938,220.5236638348697,417.58861273101115,519.2935440020178,124858.01116753039,136307.0764770381,16892.831686533173,27931.400564651834,True,1,8
2338,image2338 26-03-04 08-22-46.fits,2026-03-04 08:22:46,1181.6152568708262,1086.0814136717631,179.26507484078968,222.7567250417864,422.13699160906486,524.5520012938463,126006.46697225086,137577.20942067367,16872.751423293088,27980.721281900616,True,2,8
2339,image2339 26-03-04 08-23-46.fits,2026-03-04 08:23:46,1180.6527867001437,1085.6115015440957,180.2062866283521,224.00550975333886,424.35337599303625,527.4926645645381,126599.85197587393,138178.30066956094,16864.490070078267,28002.529619934885,True,2,7
2340,image2340 26-03-04 08-24-46.fits,2026-03-04 08:24:46,1182.2410540939009,1086.6678667872955,178.13564942648213,221.30956921789,419.47739800408607,521.1442097514517,125318.9212332455,136840.52652183053,16878.69957814126,27957.25396294486,True,2,8
2341,image2341 26-03-04 08-25-46.fits,2026-03-04 08:25:46,1183.906015820829,1088.8408186648492,175.14621643584323,217.0507069008248,412.43782127445274,511.1153553981996,123096.11218936204,134842.5403181276,16912.350665127007,27915.625863458063,True,1,7
2342,image2342 26-03-04 08-26-46.fits,2026-03-04 08:26:46,1181.0760855503465,1085.7919658612052,179.76165647721876,223.46169027612365,423.30635200052234,526.2120675587136,126358.73156248478,137909.39425890378,16869.282444990287,27992.304486160185,True,2,8
2343,image2343 26-03-04 08-27-46.fits,2026-03-04 08:27:46,1183.2074862945756,1088.3309625184195,176.09435875580354,218.38854766640964,414.6705258150374,514.2657296500583,123729.19040226201,135500.13735628896,16900.86039648025,27912.10270319364,True,1,7
2344,image2344 26-03-04 08-28-46.fits,2026-03-04 08:28:46,1181.1028265994637,1085.2106038058512,180.29863342393247,224.36944216973902,424.5708360783633,528.3496599137138,126876.85985949599,138272.74236828755,16855.327950800012,27990.799963575846,True,2,7
2345,image2345 26-03-04 08-29-46.fits,2026-03-04 08:29:46,1183.8654702932254,1089.0110186519787,175.1348809418873,216.99008430412738,412.411128226065,510.97260009231474,123024.30646631621,134853.24302594672,16912.64761546357,27908.601844258046,True,2,7
2346,image2346 26-03-04 08-30-46.fits,2026-03-04 08:30:46,1181.6559554913824,1086.2472331331621,178.9548373325401,222.50813904624525,421.4064381059183,523.9666260086319,125862.20477037547,137405.21835960445,16874.7190343357,27959.57966030004,True,2,8
2347,image2347 26-03-04 08-31-46.fits,2026-03-04 08:31:46,1180.6001362114055,1085.1369069161592,180.74960531524928,224.7404407793987,425.63279372778163,529.2232948764191,127010.32559778454,138509.01986265992,16858.74767675284,28022.745299978706,True,2,8
2348,image2348 26-03-04 08-32-48.fits,2026-03-04 08:32:48,1182.392294520644,1087.3275714018075,177.390778534868,220.41357905817284,417.723361097553,519.0343141631993,124766.713822488,136353.20719630976,16893.344884516184,27940.619995833575,True,2,7
2349,image2349 26-03-04 08-33-48.fits,2026-03-04 08:33:48,1184.0463849570076,1089.0325508168721,174.8074034940432,216.73719048201153,411.6399777675861,510.37708065073184,122905.18772747212,134613.420217437,16918.412659509668,27907.832355862018,True,1,7
2350,image2350 26-03-04 08-34-48.fits,2026-03-04 08:34:48,1183.7644038471285,1088.9576837256823,175.24682929293752,217.2033650619144,412.6747464471262,511.474837895971,123123.28191534171,134913.09320454154,16915.511395635247,27921.964511957845,True,2,7
2351,image2351 26-03-04 08-35-48.fits,2026-03-04 08:35:48,1181.922948573991,1086.490843392999,178.7410690052855,222.00731657353126,420.90305216390647,522.7872792108831,125598.38706758566,137257.4701282477,16876.146545560805,27955.364839682563,True,2,8
2352,image2352 26-03-04 08-36-48.fits,2026-03-04 08:36:48,1183.275007871649,1087.2368280292776,177.58478829858865,220.55955795862516,418.18021917809415,519.378068204136,124842.53067842826,136480.66838825293,16892.44780931673,27945.043671801082,True,1,8
2353,image2353 26-03-04 08-37-48.fits,2026-03-04 08:37:48,1182.3187726894726,1085.1749929357347,178.39242664004163,219.10705465399744,420.08206213368317,515.9576843069249,124586.01498886381,133068.93272118628,19097.525698636193,32704.541531773615,True,2,7
2354,image2354 26-03-04 08-38-48.fits,2026-03-04 08:38:48,1182.206024902285,1083.9210194231387,179.8230798606084,220.47523044638558,423.45099301496185,519.1794920879667,125131.538141882,133119.34600142346,19774.18955549033,34022.74568128204,True,2,8
2355,image2355 26-03-04 08-39-48.fits,2026-03-04 08:39:48,1184.4197647717679,1087.1757095554185,175.9128391059706,215.35665193199657,414.2430797050438,507.12616080021866,122627.21955146664,131587.56269273232,18999.883445592925,32402.19750487265,True,2,7
2356,image2356 26-03-04 08-40-50.fits,2026-03-04 08:40:50,1182.6596709196815,1082.834427639109,180.1372499390211,219.65029392052895,424.19080701315704,517.2369150210012,124781.38336155425,131669.89617553298,20983.67036655275,36396.221511893404,True,2,8
2357,image2357 26-03-04 08-41-50.fits,2026-03-04 08:41:50,1184.0469646108459,1085.3993506035174,177.3763654426008,216.18396556404952,417.6894208589713,509.0743355245043,123063.23299313316,130573.75644306141,20384.582265248533,35185.601544021294,True,2,7
2358,image2358 26-03-04 08-42-50.fits,2026-03-04 08:42:50,1180.928801669417,1083.034605127638,181.73535594812435,223.57329966119994,427.9540590774778,526.4748875759047,126815.16065698351,135565.3486977716,18891.440817893388,32398.100944900518,True,1,8
2359,image2359 26-03-04 08-43-50.fits,2026-03-04 08:43:50,1181.1075293668825,1081.6654694770057,182.28959158974985,223.15005556835342,429.2591842760481,525.4782239021289,126417.19042643982,133496.5900744356,20697.810131403105,35894.22483827292,True,2,8
2360,image2360 26-03-04 08-44-50.fits,2026-03-04 08:44:50,1183.2173754982043,1084.9041430388252,178.3663625760246,218.68004216170647,420.0206859532809,514.9521467305996,124172.39129947616,132125.1755754812,19833.796301385435,34063.049677868636,True,2,7
2361,image2361 26-03-04 08-45-50.fits,2026-03-04 08:45:50,1181.7467527138363,1081.8240772744437,181.8238894113925,221.82528583765296,428.1625394514377,522.3586295852251,125877.47823186661,132811.93894316457,20981.407524607792,36455.875259702516,True,2,8
2362,image2362 26-03-04 08-46-50.fits,2026-03-04 08:46:50,1183.8508461246145,1086.5191339964806,176.92208055975874,216.61765418059377,416.6196617107003,510.09559417204446,123344.35411980172,132090.74777347746,19140.776260934737,32741.22478675956,True,2,7
2363,image2363 26-03-04 08-47-50.fits,2026-03-04 08:47:50,1181.493551994652,1083.7596895219922,180.5371089246463,221.2085133436139,425.132402967693,520.9062413530382,125466.12741635893,133551.60147392648,19845.477666962324,34181.64891677214,True,2,8
2364,image2364 26-03-04 08-48-52.fits,2026-03-04 08:48:52,1183.6238073717652,1084.9054379306638,177.92411479985245,217.12562965384532,418.9792720250803,511.29178499884125,123408.95202724585,130733.67305004485,20641.55521661211,35630.89657484962,True,2,7
2365,image2365 26-03-04 08-49-52.fits,2026-03-04 08:49:52,1181.9085979548345,1084.588140775885,179.95199244838307,221.25407594973157,423.7545589607105,521.0135330912279,125700.37629656211,134745.89938077054,18658.361074636778,31903.132825559987,True,1,8
2366,image2366 26-03-04 08-50-52.fits,2026-03-04 08:50:52,1183.3035227565156,1085.1254282802936,178.42828154963235,218.10810693877406,420.1664939935001,513.605342203179,123947.26276274498,131992.1339195145,19973.928475505316,34364.53401078098,True,2,7
2367,image2367 26-03-04 08-51-52.fits,2026-03-04 08:51:52,1181.729627061455,1083.308886559354,181.0338711602161,221.72422870155452,426.3021886376272,522.1206582154472,125774.58681137918,133613.06352867043,20006.561200272416,34545.26649472901,True,2,8
2368,image2368 26-03-04 08-52-52.fits,2026-03-04 08:52:52,1184.319694602092,1084.8515758999984,177.5038189941816,216.08608739964228,417.9895510370442,508.8438500609873,122932.55187839642,130026.61864955514,20969.081370094787,36242.76662965326,True,2,7
2369,image2369 26-03-04 08-53-52.fits,2026-03-04 08:53:52,1180.0094842913327,1082.870850461791,182.705331526766,224.1740741062306,430.2381770132536,527.8896032816053,127147.95490044016,135571.86556065953,19279.615882024085,33289.338019725554,True,2,8
2370,image2370 26-03-04 08-54-52.fits,2026-03-04 08:54:52,1180.9548654689597,1082.0711977966082,182.50348607113878,223.15286935841297,429.76286728834424,525.4848498713636,126456.02319330019,133837.65633628063,20540.03922951343,35636.438493850714,True,2,8
2371,image2371 26-03-04 08-55-54.fits,2026-03-04 08:55:54,1182.260755996105,1083.6887282230684,180.20768643951968,219.81832899989092,424.3566722964329,517.6326073941511,124912.73152060917,132523.0359998653,20407.761403556786,35318.902774033886,True,1,8
2372,image2372 26-03-04 08-56-54.fits,2026-03-04 08:56:54,1182.2030851085647,1085.7121702224956,179.19812210830796,220.0331075653839,421.9793299725473,518.138372265417,124981.3713012789,134246.45170058947,18697.668761329187,31951.026274796768,True,2,8
2373,image2373 26-03-04 08-57-54.fits,2026-03-04 08:57:54,1180.6161106426046,1081.2576293727427,183.44904137575875,224.05374543464757,431.9894798733487,527.6062509137696,126870.4878480646,133997.8296569525,20901.00409262144,36355.09802872887,True,2,8
2374,image2374 26-03-04 08-58-54.fits,2026-03-04 08:58:54,1180.4647241136,1084.0704103123126,182.33995303278098,224.1451570698391,429.3777764115945,527.8215088646676,126906.77755312315,136274.1893221361,18664.534395863237,32006.321552550686,True,2,8
2375,image2375 26-03-04 08-59-54.fits,2026-03-04 08:59:54,1181.2410195840775,1086.4788099783966,180.45619366045202,223.61665399831608,424.9418620816193,526.5769792379849,126329.05184344768,138467.0438942562,16847.936123320054,27986.396671619437,True,1,8
2376,image2376 26-03-04 09-00-54.fits,2026-03-04 09:00:54,1183.9739012846844,1089.7003363322412,175.14198558815232,216.69150092001826,412.4278583895027,510.2694899543014,122809.42913037394,134976.5414960321,16905.30642182606,27889.535174697237,True,2,8
2377,image2377 26-03-04 09-01-54.fits,2026-03-04 09:01:54,1181.8423799858122,1087.11566639301,179.31180117107647,221.91206544946917,422.2470237082549,522.56297995463,125543.60268021781,137742.15998043586,16861.728888316768,27974.29671311399,True,2,8
2378,image2378 26-03-04 09-02-54.fits,2026-03-04 09:02:54,1182.789953667008,1088.3281364300308,177.41108832912042,219.42431895197166,417.7711870081691,516.7047846353673,124254.85731986398,136474.17903857052,16881.716145931085,27941.164357897378,True,1,7
2379,image2379 26-03-04 09-03-54.fits,2026-03-04 09:03:54,1183.0218794534403,1087.953963656679,177.82253422419927,219.9950589774595,418.74006804934646,518.0487746878875,124569.37250756969,136750.29367237902,16883.671913917024,27955.355569964482,True,2,8
2380,image2380 26-03-04 09-04-56.fits,2026-03-04 09:04:56,1181.7335085959578,1087.7534599970015,178.51185180285188,220.7856160382647,420.3632869009498,519.9103943014123,124941.13549119043,137217.7258436734,16868.818253450776,27956.918425899497,True,2,8
2381,image2381 26-03-04 09-05-56.fits,2026-03-04 09:05:56,1180.307526901296,1085.8962576315914,181.26705541640618,224.70033315231356,426.8512955982892,529.1288486322003,126877.03515721807,138975.67653959256,16838.87094979454,28000.71186819192,True,2,7
2382,image2382 26-03-04 09-06-56.fits,2026-03-04 09:06:56,1182.800311678481,1088.5572715666485,177.03898576882816,219.0123538817518,416.8949524403855,515.734681030161,124023.52379173141,136249.33751168678,16888.88939336005,27928.252159126434,True,2,7
2383,image2383 26-03-04 09-07-56.fits,2026-03-04 09:07:56,1180.9665263818351,1086.4635072373483,180.4692250364934,223.54646481260718,424.97254862713595,526.4116963365332,126315.83411924198,138478.90403514935,16848.66610086601,27991.11969946581,True,1,8
2384,image2384 26-03-04 09-08-56.fits,2026-03-04 09:08:56,1181.2298172763806,1086.6890989562519,180.23163896962794,223.13390462734682,424.41307619446104,525.4401913425004,126094.06900102361,138325.8484523379,16849.935069647956,27982.813416315294,True,2,8
2385,image2385 26-03-04 09-09-56.fits,2026-03-04 09:09:56,1180.9314208003275,1086.656093814353,180.56229400049332,223.45212283059624,425.1917092891332,526.1895379462059,126222.97864353286,138513.94504178397,16853.000110875062,28008.756312740566,True,2,8
2386,image2386 26-03-04 09-10-56.fits,2026-03-04 09:10:56,1182.9713916213188,1088.2734284532546,177.81313377355426,219.93197950784403,418.7179316797353,517.9002338884071,124454.20897487654,136731.89613716846,16881.835567761973,27953.48732110848,True,2,8
2387,image2387 26-03-04 09-11-56.fits,2026-03-04 09:11:56,1181.7089601487833,1087.1508880045262,179.0885780846154,221.7162884626294,421.7213735097427,522.1019603816638,125430.0063409742,137576.7707490375,16864.838258168773,27966.348660951506,True,2,8
2388,image2388 26-03-04 09-12-56.fits,2026-03-04 09:12:56,1181.8826209496788,1087.451554747202,179.1495413119265,221.748315435366,421.86493093942465,522.1773781390457,125362.4264556807,137600.47678169943,16866.3841216555,27975.855445128273,True,1,8
2389,image2389 26-03-04 09-13-56.fits,2026-03-04 09:13:56,1182.8436724575417,1088.231715378571,177.92092208367276,219.97280225997656,418.9717537530223,517.9963641234222,124489.8740804527,136812.15177009994,16883.99636789276,27961.517675853367,True,2,7
2390,image2390 26-03-04 09-14-58.fits,2026-03-04 09:14:58,1183.6731500859785,1089.4813961781174,175.80655567034992,217.3799157851897,413.9928013403895,511.8905830781044,123140.28087323379,135390.33962849702,16909.13172911513,27929.61977636988,True,2,8
2391,image2391 26-03-04 09-15-58.fits,2026-03-04 09:15:58,1181.4741273768595,1087.141841003941,179.57223813268655,222.4808823966039,422.8603058859213,523.9024415036962,125717.47887057149,137871.2000259798,16862.39262204102,27982.61722274558,True,1,8
2392,image2392 26-03-04 09-16-58.fits,2026-03-04 09:16:58,1180.7363672453869,1086.503281969205,180.54023670918284,223.55711670752166,425.13976833741617,526.4367796321953,126309.0519107517,138473.94060806916,16856.17529651249,28022.926326417444,True,2,8
2393,image2393 26-03-04 09-17-58.fits,2026-03-04 09:17:58,1182.6778714107734,1087.8999938759348,178.29885737744326,220.66485270610684,419.86172335851774,519.6260183861423,124835.28422844983,137038.69927638257,16877.950579247612,27968.066963040736,True,2,8
2394,image2394 26-03-04 09-18-58.fits,2026-03-04 09:18:58,1181.3446338244248,1086.9969847559487,179.92087353267476,222.8610988683224,423.68127951422093,524.7977828727497,125887.33123278577,138079.9293858353,16863.194266924744,27997.94308806459,True,2,8
2395,image2395 26-03-04 09-19-58.fits,2026-03-04 09:19:58,1182.293983683991,1088.3016130601281,178.19136466485642,220.29257237917338,419.6085973642235,518.7493652099088,124568.13912713151,136952.97939840544,16890.94815263476,27984.266203747564,True,2,8
2396,image2396 26-03-04 09-20-58.fits,2026-03-04 09:20:58,1183.6585471208261,1089.137665985301,176.36525477362915,218.13136280955996,415.3084371879322,513.6601055938703,123488.10543798111,135744.98762305223,16900.747146275888,27927.76128884213,True,1,7
2397,image2397 26-03-04 09-21-58.fits,2026-03-04 09:21:58,1181.8607514585842,1087.6504745168475,178.70302305177125,221.04033876061183,420.81346078993874,520.5102204739203,125033.87241958771,137296.27908682072,16877.424243230515,27980.75283799907,True,1,8
2398,image2398 26-03-04 09-22-58.fits,2026-03-04 09:22:58,1183.7267488136636,1090.1246597048241,175.2863015809419,216.69683480678836,412.7676965821422,510.28205029778553,122681.80960718215,135011.91291901778,16916.39671702861,27925.298095127488,True,2,7
2399,image2399 26-03-04 09-24-00.fits,2026-03-04 09:24:00,1182.4571843037104,1088.288969463147,177.79025918554234,219.93296664201708,418.664066141363,517.902558411745,124438.4887815871,136714.68433543405,16888.7203081633,27959.76631005113,True,1,8
2400,image2400 26-03-04 09-25-00.fits,2026-03-04 09:25:00,1183.71785889767,1089.6508991208166,175.84509192324543,217.20404490287697,414.08354728116825,511.4764387990971,123026.98846936542,135394.78830889417,16908.996051434668,27938.33180945894,True,1,8
2401,image2401 26-03-04 09-26-00.fits,2026-03-04 09:26:00,1180.7765767233943,1086.3779939443868,180.7769999902592,223.95237748529752,425.69730325762214,527.3675476347165,126445.41965681789,138614.39665232474,16855.864704063464,28017.22765305202,True,2,8
2402,image2402 26-03-04 09-27-00.fits,2026-03-04 09:27:00,1182.4615207127079,1088.3818455349233,177.70938037980486,219.78700768337237,418.47361110839415,517.5588513301765,124369.71618404474,136633.7364221186,16887.129235415206,27968.00726021824,True,1,8
2403,image2403 26-03-04 09-28-00.fits,2026-03-04 09:28:00,1182.6335000785575,1088.5962912673958,177.6902975164221,219.57263329103532,418.4286743991839,517.0540382139599,124220.6561467556,136606.77005006722,16889.98648683902,27973.813754254013,True,2,8
2404,image2404 26-03-04 09-29-00.fits,2026-03-04 09:29:00,1184.2999949009788,1090.7567753730523,174.72083228721613,215.57165222719397,411.4361181544272,507.63244780503703,122099.71711810403,134617.1998640135,16924.33364845823,27934.586021066265,True,2,8
2405,image2405 26-03-04 09-30-00.fits,2026-03-04 09:30:00,1181.4953303737968,1087.89657001411,178.84971652152788,221.11845972902864,421.1588975129968,520.6941812962854,124996.22235729828,137382.13167621818,16878.607559118565,27990.40899193529,True,2,8
2406,image2406 26-03-04 09-31-00.fits,2026-03-04 09:31:00,1183.1339885040745,1089.1852040429326,177.0580325129022,218.6670212236698,416.93980409512363,514.9214847647056,123735.12953699195,136208.046073925,16896.724300798916,27963.96984664902,True,1,7
2407,image2407 26-03-04 09-32-00.fits,2026-03-04 09:32:00,1184.1892498293798,1090.5081297596898,174.81315717327013,215.8450462659319,411.6535266467624,508.2762415676491,122253.96907637575,134694.97364840558,16918.366929867374,27916.050648752665,True,1,8
2408,image2408 26-03-04 09-33-00.fits,2026-03-04 09:33:00,1181.6702010311685,1088.0386536653082,178.93114654702714,221.16877539630076,421.35065056930983,520.8126656381569,124967.50868813631,137438.62900841326,16882.020295706825,27993.876334928696,True,1,8
2409,image2409 26-03-04 09-34-02.fits,2026-03-04 09:34:02,1181.90348757522,1087.776786392522,178.96018605579937,221.2892843152057,421.4190333866645,521.0964424559992,125084.33515676865,137454.37856431195,16876.401328166536,27987.422031805658,True,1,8
2410,image2410 26-03-04 09-35-02.fits,2026-03-04 09:35:02,1180.1705481622914,1086.5802741350526,180.98610122801657,224.07942234299813,426.1896990437339,527.666715412248,126463.20240813775,138741.10592450714,16856.539490181654,28037.989482480716,True,2,8
2411,image2411 26-03-04 09-36-02.fits,2026-03-04 09:36:02,1180.706538207281,1086.4175734644214,180.8759035180175,224.20917389673085,425.93020326731164,527.9722569718517,126549.72115935135,138682.11843186436,16855.86709043151,28024.876530226717,True,2,8
2412,image2412 26-03-04 09-37-02.fits,2026-03-04 09:37:02,1181.410529487636,1087.737962814663,179.48346995532364,221.9439630803913,422.65127280250624,522.6380931353144,125347.57503634802,137790.93442840298,16874.153258654398,28004.90040759153,True,1,8
2413,image2413 26-03-04 09-38-02.fits,2026-03-04 09:38:02,1183.8800738744899,1090.6638694688777,175.0326927029999,216.06013012020537,412.17049331276655,508.78272533905476,122295.59043352053,134820.3789204349,16922.95616623628,27936.916712733244,True,1,7
2414,image2414 26-03-04 09-39-02.fits,2026-03-04 09:39:02,1182.308954432097,1088.1854890640159,178.1287319682699,220.50296334416598,419.4611086348272,519.2447980715667,124629.71288503613,136878.66587006813,16889.675955823048,27970.883906657167,True,1,8
2415,image2415 26-03-04 09-40-02.fits,2026-03-04 09:40:02,1182.5155424606994,1088.5906720577646,177.64558125350393,219.6901836906482,418.3233756469253,517.3308482512698,124233.16725762982,136583.23264083473,16895.607027598537,27965.69988762735,True,2,7
2416,image2416 26-03-04 09-41-02.fits,2026-03-04 09:41:02,1182.661584461641,1088.6689276466802,177.77691454581037,219.88915130184398,418.6326419162284,517.7993811704255,124312.92418713977,136658.92138068815,16897.474644924245,27985.027237884475,True,2,8
2417,image2417 26-03-04 09-42-02.fits,2026-03-04 09:42:02,1183.8929110183535,1089.9470138342242,175.9678196479496,217.3131207630154,414.37254898738263,511.73329282098007,122976.8483729332,135439.17505421664,16915.147612259043,27958.73072333315,True,1,7
2418,image2418 26-03-04 09-43-04.fits,2026-03-04 09:43:04,1181.2311640432224,1087.284859794247,180.09135044206215,222.86120052582385,424.08272195766125,524.7980222578719,125808.59545954393,138155.92135738296,16867.468743375153,28022.37861242758,True,2,8
2419,image2419 26-03-04 09-44-04.fits,2026-03-04 09:44:04,1184.450350741741,1090.6491955916633,174.87108932906912,215.7429238681735,411.78994644848973,508.035761698361,122198.40882339442,134705.99890727518,16925.502868785166,27946.50934208393,True,1,7
2420,image2420 26-03-04 09-45-04.fits,2026-03-04 09:45:04,1182.9503730313534,1089.126865232849,177.3073721685509,219.1810477337576,417.52695411426635,516.1319246943377,123900.0697248182,136327.84172765975,16905.905820587686,27982.567130082552,True,1,7
2421,image2421 26-03-04 09-46-04.fits,2026-03-04 09:46:04,1180.5173508909522,1086.794700354481,180.70887787282695,223.73911418405717,425.5368879299827,526.8653509380862,126265.82856101546,138547.59431125462,16863.419489430962,28038.827221020212,True,2,8
2422,image2422 26-03-04 09-47-04.fits,2026-03-04 09:47:04,1181.5566730054898,1087.9706730308826,179.03682060934003,221.5538577815072,421.59949396948406,521.7194653578293,125112.37855871113,137477.95761149153,16884.645503978645,28002.28078690769,True,2,8
2423,image2423 26-03-04 09-48-04.fits,2026-03-04 09:48:04,1183.3205508107128,1090.2376405615196,176.1343607519799,217.38284404844794,414.76472331747476,511.897478611122,122918.78481250166,135548.0336626257,16916.077844628817,27963.556715727485,True,1,7
2424,image2424 26-03-04 09-49-04.fits,2026-03-04 09:49:04,1183.4645893865597,1089.8822945514432,176.31815717309132,217.7264244841997,415.1975308141129,512.7065487083107,123154.21584288469,135683.43560427878,16914.772714756095,27966.211621135913,True,1,7
2425,image2425 26-03-04 09-50-04.fits,2026-03-04 09:50:04,1181.4671315511628,1087.893924235631,179.16343713606722,221.6463206142012,421.89765310465344,521.9371986896774,125185.04474495164,137563.6583376383,16881.427221142454,28007.487512726537,True,2,8
2426,image2426 26-03-04 09-51-04.fits,2026-03-04 09:51:04,1183.3534788792792,1090.0042280782109,176.41793079061057,217.853076888221,415.43247972861246,513.0047923280515,123174.86802467279,135742.06439046524,16915.618745069678,27974.49077038176,True,1,7
2427,image2427 26-03-04 09-52-04.fits,2026-03-04 09:52:04,1181.1214300112197,1087.1635130100542,180.39684401155498,223.42588423815192,424.80210433873106,526.1277507827646,126049.39717715656,138347.3581601402,16869.70241468985,28035.67921853985,True,2,8
2428,image2428 26-03-04 09-53-06.fits,2026-03-04 09:53:06,1180.5189167316437,1087.2439259345044,180.6107035163027,223.45764053969768,425.30570498733135,526.2025311582006,126026.29267102934,138464.17741979525,16870.869720419116,28048.939693600958,True,1,8
2429,image2429 26-03-04 09-54-06.fits,2026-03-04 09:54:06,1182.3005747024108,1088.6711402282895,177.9265981511119,219.8884883761187,418.98511987040496,517.7978200996392,124308.86505927825,136762.05029481524,16894.46630718271,27983.849079883974,True,1,8
2430,image2430 26-03-04 09-55-06.fits,2026-03-04 09:55:06,1183.5355425562818,1090.3892959569343,175.75496520008844,216.9909364973858,413.8713150668852,510.9746068540819,122743.80747078179,135292.4712202272,16921.059479411775,27965.638700034862,True,2,8
2431,image2431 26-03-04 09-56-06.fits,2026-03-04 09:56:06,1180.7510945014872,1087.4334111909332,180.79059796107393,223.4950983702522,425.7293240318684,526.2907376084338,126015.20654465283,138601.4662760484,16865.928083234197,28051.043258605754,True,1,8
2432,image2432 26-03-04 09-57-06.fits,2026-03-04 09:57:06,1182.0856773332448,1088.1878613291556,178.62661488712547,220.9197014082072,420.63353331222686,520.2261412182984,124829.97408523427,137217.5130539545,16889.408633878866,28000.033477413246,True,2,8
2433,image2433 26-03-04 09-58-06.fits,2026-03-04 09:58:06,1182.8362667900403,1089.6095814967723,176.8848148256656,218.22849149984347,416.53190761306496,513.8888261806975,123444.38494117008,136045.32160396315,16904.998767208854,27984.177150171683,True,2,7
2434,image2434 26-03-04 09-59-06.fits,2026-03-04 09:59:06,1182.4718762962118,1088.8060357790232,178.2816036710316,220.2655237356547,419.8210939848085,518.6856705219601,124426.6578042259,136995.36081237986,16895.25603350752,28000.601298997673,True,1,8
2435,image2435 26-03-04 10-00-06.fits,2026-03-04 10:00:06,1182.157933730466,1088.2787667717635,178.91090357633595,221.06581987985476,421.3029820161553,520.5702239242834,124871.47564633955,137391.6254372133,16884.436475994924,28010.701801962514,True,2,8
2436,image2436 26-03-04 10-01-06.fits,2026-03-04 10:01:06,1180.9150929999137,1087.393679446235,180.46142223119364,223.2309344278212,424.95417442480857,525.6686790616228,125909.51971462516,138377.26131346074,16872.424591277475,28046.16602766309,True,2,8
2437,image2437 26-03-04 10-02-08.fits,2026-03-04 10:02:08,1183.1936218158849,1090.0649555090706,176.31903643092102,217.6707401757353,415.19960130807505,512.575422182545,123080.52961689814,135664.81565662348,16917.599341699886,27975.560346348164,True,2,7
2438,image2438 26-03-04 10-03-08.fits,2026-03-04 10:03:08,1184.2761107886388,1090.8138829120305,175.00613245579794,215.66822492477058,412.1079487102544,507.8598591290932,122124.63828704022,134783.20645174885,16926.74604643889,27957.517060489186,True,1,8
2439,image2439 26-03-04 10-04-08.fits,2026-03-04 10:04:08,1183.0901144915013,1089.794245541462,176.86209821130083,218.39703128346324,416.4784140742036,514.2857070415505,123428.62812305991,136036.30612616337,16909.727944536648,27975.86973876033,True,1,7
2440,image2440 26-03-04 10-05-08.fits,2026-03-04 10:05:08,1183.532741428204,1090.5998945620381,176.14456362066846,217.0193872065218,414.78874923717945,511.0416031542507,122712.6914885033,135516.54947455277,16924.400750331853,28001.989048194668,True,2,8
2441,image2441 26-03-04 10-06-08.fits,2026-03-04 10:06:08,1183.4111433571095,1090.458229458324,176.0720923973516,217.18756925891768,414.618092547825,511.43764162244696,122797.62790647807,135490.26742218432,16919.34427681711,27976.934877323165,True,1,8
2442,image2442 26-03-04 10-07-08.fits,2026-03-04 10:07:08,1183.2970843065884,1090.2441104957034,176.495922347552,217.44959223749072,415.61613581024136,512.0546585846495,122983.49419113233,135760.2499483541,16917.28382470631,28003.199352698026,True,2,8
2443,image2443 26-03-04 10-08-08.fits,2026-03-04 10:08:08,1180.456399396796,1087.907728409774,180.16029300740615,222.8446982454849,424.2450692924892,524.7591623573411,125618.49451698801,138157.6863464241,16882.374166191967,28055.29484404022,True,2,8
2444,image2444 26-03-04 10-09-08.fits,2026-03-04 10:09:08,1181.6806523032444,1088.6047289444557,178.76964852586738,220.91213878145123,420.97035179185,520.2083325932203,124703.58952613435,137279.36628446684,16894.49321954733,28019.14094597311,True,2,8
2445,image2445 26-03-04 10-10-08.fits,2026-03-04 10:10:08,1181.3438909930076,1088.2985950498844,179.3502604376444,221.63424072739107,422.3375883600863,521.9087527300753,125073.82245255484,137655.2801926713,16887.52741418642,28034.86651927534,True,1,8
2446,image2446 26-03-04 10-11-08.fits,2026-03-04 10:11:08,1184.05802396734,1091.085839856768,174.7847934376784,215.30328292832084,411.586735153639,507.0004864005797,121911.93600704742,134614.3297329596,16931.80514146041,27965.627506295852,True,2,7
2447,image2447 26-03-04 10-12-10.fits,2026-03-04 10:12:10,1180.7219394316683,1087.9548402382627,180.12462312884222,222.68537394423367,424.161073147443,524.3839822990941,125543.98479836002,138155.72871099226,16878.26352681871,28040.7484102883,True,1,8
2448,image2448 26-03-04 10-13-10.fits,2026-03-04 10:13:10,1181.9768152115857,1089.120749411862,178.56708950148018,220.27851809042525,420.4933617409211,518.716269889046,124364.42192841705,137138.71609625497,16898.719808707374,28037.89767136479,True,1,8
2449,image2449 26-03-04 10-14-10.fits,2026-03-04 10:14:10,1182.781754271094,1089.8116168814859,177.01413896874675,218.66030818857408,416.83644269749897,514.9056767750993,123524.24482513143,136113.70269816482,16916.036397794775,27997.499203412397,True,1,8
2450,image2450 26-03-04 10-15-10.fits,2026-03-04 10:15:10,1180.6204967385984,1087.9225321341673,180.29610917665025,222.89079110207396,424.5648919302645,524.8677027399697,125631.61751797433,138227.88833674247,16888.386356391133,28076.35859312068,True,2,8
2451,image2451 26-03-04 10-16-10.fits,2026-03-04 10:16:10,1181.0954772626046,1087.8281133657376,180.1045328669309,222.74648901455126,424.1137641959843,524.5278972917315,125599.95149454752,138126.5112926104,16878.97725012333,28045.75883633659,True,1,8
2452,image2452 26-03-04 10-17-10.fits,2026-03-04 10:17:10,1183.8965138560256,1090.8304105663349,175.62618669070824,216.36321182480958,413.56806485162747,509.4964282123389,122382.10967421666,135174.0365056416,16925.288012904664,27979.896241741633,True,1,7
2453,image2453 26-03-04 10-18-10.fits,2026-03-04 10:18:10,1183.3261991843838,1090.633748059822,176.14100602836146,217.0878543801883,414.78037174750284,511.2028310272272,122725.06952824519,135499.43100248362,16926.658004626057,28007.870770502337,True,2,7
2454,image2454 26-03-04 10-19-10.fits,2026-03-04 10:19:10,1181.4363596421642,1088.7262836829477,179.13548117170365,221.15646597707618,421.831821839392,520.7836791710241,124775.49689056342,137491.50624548737,16891.665296552987,28041.388722511903,True,2,8
2455,image2455 26-03-04 10-20-10.fits,2026-03-04 10:20:10,1183.9905104801392,1091.2060202440073,175.05843752795738,215.56569467583537,412.23111774263225,507.6184188436785,121992.50368913953,134809.10999408815,16931.255688541507,27973.61539436689,True,2,7
2456,image2456 26-03-04 10-21-10.fits,2026-03-04 10:21:10,1183.7289556456162,1090.3393306011405,176.25743354118785,217.1692661584986,415.05453758849956,511.3945411146939,122832.66147385113,135592.56402860922,16922.481182682775,28000.14000143841,True,2,8
2457,image2457 26-03-04 10-22-12.fits,2026-03-04 10:22:12,1183.8005882644777,1091.2048891344493,175.1131533676702,215.61978466734976,412.3599636987687,507.74579103993216,122022.61182352438,134838.4290601607,16931.64751440528,27981.54292075499,True,1,7
2458,image2458 26-03-04 10-23-12.fits,2026-03-04 10:23:12,1183.7352980565704,1090.9576130841704,175.70483714096744,216.5438440512322,413.75327250844856,509.92178459989753,122440.11926650767,135248.10493508456,16928.361526342615,27987.578750761786,True,1,7
2459,image2459 26-03-04 10-24-12.fits,2026-03-04 10:24:12,1181.4941969077533,1088.513435155395,179.31078033627884,221.41342576556778,422.2446198260108,521.3887732317311,124948.68060559552,137620.9623197093,16888.850895438576,28045.153424517586,True,2,8
2460,image2460 26-03-04 10-25-12.fits,2026-03-04 10:25:12,1184.368545336026,1091.4621351809647,174.90835685560975,215.21852987334378,411.8777047670163,506.8009082078421,121803.45681279835,134712.6059464477,16933.11867654275,27975.924641589583,True,2,7
2461,image2461 26-03-04 10-26-12.fits,2026-03-04 10:26:12,1180.072908042818,1088.2292350647333,180.40848338850665,222.92786192631903,424.8295129768885,524.9549978599878,125580.06217706343,138315.16163447517,16885.549527701925,28077.147372229247,True,2,8
2462,image2462 26-03-04 10-27-12.fits,2026-03-04 10:27:12,1182.9224664216301,1089.9510359725684,176.65567397300052,218.0070959225482,415.9923221400738,513.3674794374015,123246.15164230298,135866.945205412,16915.323215288838,27992.490217670256,True,2,7
2463,image2463 26-03-04 10-28-12.fits,2026-03-04 10:28:12,1182.7311621211202,1089.540191483378,177.6332384146196,219.39121520003175,418.29431048250785,516.6268312567335,123867.9977970992,136526.03567140514,16910.0676941666,28004.77350347757,True,2,8
2464,image2464 26-03-04 10-29-12.fits,2026-03-04 10:29:12,1183.2261765672715,1090.732884635393,176.31182596808748,217.31546485822133,415.18262196566064,511.73881274335844,122769.99124468914,135631.60535901747,16926.70064329231,28001.138880183385,True,2,7
2465,image2465 26-03-04 10-30-12.fits,2026-03-04 10:30:12,1182.3906980445317,1089.2967464716949,178.27912654100587,220.08680863978597,419.81526078936974,518.2648286318587,124220.27328052792,136962.57112975203,16904.55040739385,28022.848049658158,True,2,8
2466,image2466 26-03-04 10-31-14.fits,2026-03-04 10:31:14,1181.50415250254,1088.5829312575843,179.24678150500324,221.27718030866802,422.0939140952645,521.0679396987791,124859.7765353337,137590.62010299464,16892.253343666314,28038.039848783454,True,1,8
2467,image2467 26-03-04 10-32-14.fits,2026-03-04 10:32:14,1183.1612369992763,1090.57330827441,176.37069722545206,217.44957444266134,415.32125318257897,512.0546166810285,122875.08241774494,135677.26049806774,16923.69803585788,28000.088499942733,True,2,8
2468,image2468 26-03-04 10-33-14.fits,2026-03-04 10:33:14,1184.5443762381635,1091.8704116914953,174.45238642879204,214.42331882401595,410.80397646600466,504.92832928885485,121391.10125979137,134388.73276269488,16941.77475479385,27983.53327924613,True,1,8
2469,image2469 26-03-04 10-34-14.fits,2026-03-04 10:34:14,1182.1990869488886,1088.9811118019115,178.6639761494177,220.38886688164771,420.7215123615802,518.9761214345616,124444.47577868194,137199.2452138554,16902.18409761282,28048.342301828106,True,2,8
2470,image2470 26-03-04 10-35-14.fits,2026-03-04 10:35:14,1181.1715647056096,1088.754918149137,179.23103424699895,221.26994443781996,422.05683213646165,521.0509005250628,124818.09404389901,137585.41552425112,16893.321288872372,28039.57928647502,True,2,8
2471,image2471 26-03-04 10-36-14.fits,2026-03-04 10:36:14,1181.2404883032953,1088.1348482649264,180.12828447161073,222.65006215498306,424.16969495078604,524.3008293899409,125477.1590592719,138130.89281502983,16884.751943593506,28057.98715603287,True,2,8
2472,image2472 26-03-04 10-37-14.fits,2026-03-04 10:37:14,1180.8321721025554,1088.62064423969,179.5057301662873,221.77681589309853,422.7036915934901,522.2444915882069,125031.67964420392,137747.3072322454,16889.565370139222,28042.250494010903,True,2,8
2473,image2473 26-03-04 10-38-14.fits,2026-03-04 10:38:14,1183.65683833212,1091.5711680407512,175.2335439621314,215.64180913007974,412.6434618838391,507.79765468624976,121935.74210644237,134915.0244959843,16935.13065731418,27992.78065875771,True,2,8
2474,image2474 26-03-04 10-39-14.fits,2026-03-04 10:39:14,1181.9283181519577,1089.9494512247554,177.70635777455132,219.0088126868273,418.46649341695496,515.7263421533694,123658.96857010374,136564.8552396989,16912.27045078618,28033.061055696657,True,1,8
2475,image2475 26-03-04 10-40-14.fits,2026-03-04 10:40:14,1183.7036874497908,1091.3194673575076,175.49151527515806,215.6692344216745,413.25093790279726,507.86223631263795,122019.29776555282,135072.37167964928,16932.306528948215,28005.48499894328,True,2,8
2476,image2476 26-03-04 10-41-16.fits,2026-03-04 10:41:16,1184.2247479178498,1092.0817478755098,174.2107030700133,213.96619705687974,410.23485564820203,503.8518897885825,121145.80644615975,134206.91678759054,16946.486939640086,27986.07990359676,True,2,8
2477,image2477 26-03-04 10-42-16.fits,2026-03-04 10:42:16,1181.8690694702025,1089.629751410215,178.10494793438534,219.8682175980538,419.40510151508414,517.7500860651236,124029.28942486741,136809.2125592827,16909.235277232026,28029.494759744008,True,2,8
2478,image2478 26-03-04 10-43-16.fits,2026-03-04 10:43:16,1183.4610290726175,1091.1251017727784,176.1413458214127,216.49288549129943,414.7811718989911,509.8017863615019,122382.61603313878,135488.4615921144,16929.74701285553,28025.35194575332,True,2,7
2479,image2479 26-03-04 10-44-16.fits,2026-03-04 10:44:16,1182.5652505335372,1091.1973711493397,176.2476370177444,217.14924786066732,415.0314685387233,511.3474016256934,122590.10862617225,135566.1808324051,16931.837923469328,28016.96305979992,True,1,7
2480,image2480 26-03-04 10-45-16.fits,2026-03-04 10:45:16,1184.4471337055597,1092.2169486474195,174.17879478206075,213.8652703223383,410.1597173721288,503.6142254910048,121069.48462798467,134174.48057207654,16951.612125403302,27996.374427853963,True,2,7
2481,image2481 26-03-04 10-46-16.fits,2026-03-04 10:46:16,1183.9602978996659,1091.8713184655912,174.64159948778408,214.59525279157523,411.2495391701007,505.33320284208514,121444.39696060828,134492.79902327454,16943.12095136292,27994.338699382628,True,1,7
2482,image2482 26-03-04 10-47-16.fits,2026-03-04 10:47:16,1181.4074983822675,1089.4914374096543,178.48514330385325,220.31414955583693,420.3003931921352,518.8001755780313,124226.6367008807,137037.63079540053,16909.748104413888,28046.866511818196,True,1,8
2483,image2483 26-03-04 10-48-16.fits,2026-03-04 10:48:16,1181.3316846049752,1089.0907867565375,179.25180241415552,221.00846046230131,422.10573743278053,520.4351528180572,124608.8915983515,137541.1511548218,16900.631591416855,28064.72039953385,True,2,8
2484,image2484 26-03-04 10-49-16.fits,2026-03-04 10:49:16,1183.7565324967366,1091.3151433670964,175.81641360818364,216.45617430243294,414.016015010003,509.7153381180822,122302.0269941639,135277.03772810995,16933.244409268304,28010.70298370986,True,1,7
2485,image2485 26-03-04 10-50-16.fits,2026-03-04 10:50:16,1182.4041888642953,1088.9078040436166,178.89247793420796,220.6409398294177,421.2595929447297,519.5697078647804,124508.48729465272,137329.69600850705,16897.809049632426,28036.758888556167,True,2,8
2486,image2486 26-03-04 10-51-18.fits,2026-03-04 10:51:18,1182.297807334347,1090.6601643938375,176.95906646867942,218.1087460845141,416.70675687041046,513.6068472763794,123101.55582285598,136034.35222703632,16923.01671073792,28027.44727186336,True,1,7
2487,image2487 26-03-04 10-52-18.fits,2026-03-04 10:52:18,1183.853246909664,1091.6613435424053,175.10897526406683,215.26425534453185,412.35012501665324,506.90858346396425,121754.1449584323,134794.04768830352,16939.889362105077,28005.40126037069,True,1,8
2488,image2488 26-03-04 10-53-18.fits,2026-03-04 10:53:18,1181.2555397458857,1088.6234668030181,179.81558966555733,222.11363607546244,423.4333549535144,523.0376425052084,125134.1380638,137903.92736393146,16893.300013930937,28064.955819489358,True,2,8
2489,image2489 26-03-04 10-54-18.fits,2026-03-04 10:54:18,1183.83102137217,1091.9355167312071,174.85655171042026,214.80335327857935,411.75571297268834,505.82324204026315,121519.65325278422,134631.59741726785,16942.277726373974,28005.6757752475,True,2,7
2490,image2490 26-03-04 10-55-18.fits,2026-03-04 10:55:18,1180.856250779386,1088.479123081769,180.23499730817196,222.4313495004353,424.4209844773825,523.7858004469099,125305.09959221276,138187.71864660017,16892.09139435809,28080.44658992964,True,2,8
2491,image2491 26-03-04 10-56-18.fits,2026-03-04 10:56:18,1182.4877264603408,1091.176432517884,176.54588785706906,217.257349427939,415.7337955936123,511.601961363204,122660.96920773381,135794.3081167836,16924.722852468225,28015.81452575001,True,2,7
2492,image2492 26-03-04 10-57-18.fits,2026-03-04 10:57:18,1182.3828735086763,1090.1108348783757,177.91006585515544,219.15207957107037,418.94618928849627,516.0637098841742,123659.91019495799,136690.04537648903,16914.874634804703,28043.249705819286,True,2,7
2493,image2493 26-03-04 10-58-18.fits,2026-03-04 10:58:18,1183.0316826438466,1090.6569768903469,176.94458890060383,217.8459692724361,416.6726648029027,512.9880551719287,123015.14197625808,136047.8367470453,16921.719763184257,28024.05199684007,True,1,7
2494,image2494 26-03-04 10-59-18.fits,2026-03-04 10:59:18,1184.257563354314,1088.4233730629342,176.74419509320722,213.64930922951615,416.2007734483451,503.1056759806804,121436.18096849683,130135.92249208699,20351.898828265763,35150.136779258006,True,1,7
2495,image2495 26-03-04 11-00-20.fits,2026-03-04 11:00:20,1182.2758700115296,1088.1271565157658,179.0180413051436,218.23817185859107,421.5552720875306,513.9116216835195,123626.7599560787,133934.00286443732,18767.76230309655,32102.45530648152,True,1,8
2496,image2496 26-03-04 11-01-20.fits,2026-03-04 11:01:20,1180.6077031144248,1085.4841043450865,181.78118141909763,221.81942101541938,428.0619698150987,522.344818984269,125277.80817468527,134347.67637724962,19778.45661607108,34134.375074041294,True,2,8
2497,image2497 26-03-04 11-02-20.fits,2026-03-04 11:02:20,1183.4595637910227,1089.658737146681,176.78785097798334,215.0435894061796,416.3035752008995,506.3889548890768,122087.26512666537,132520.0742305181,18725.98370052551,31962.80676913421,True,2,7
2498,image2498 26-03-04 11-03-20.fits,2026-03-04 11:03:20,1182.4753942502198,1086.4970911235464,179.1971979031055,217.57920284417696,421.9771536356108,512.3598682393229,123143.94460727008,131360.84001823867,20766.043410433755,35930.465349784645,True,2,8
2499,image2499 26-03-04 11-04-20.fits,2026-03-04 11:04:20,1182.283335267061,1087.1882490153914,179.29214735773397,217.34970940457262,422.2007425146347,511.8194524875395,123131.20989775284,131899.4348696905,20310.52048591211,35145.55452200739,True,2,8
2500,image2500 26-03-04 11-05-20.fits,2026-03-04 11:05:20,1182.703542423189,1087.2731626238526,178.84939752785618,216.47882942401728,421.1581463403044,509.76868685251156,122616.26045964441,131226.81838294037,20668.00196042443,35761.55827307759,True,1,7
2501,image2501 26-03-04 11-06-20.fits,2026-03-04 11:06:20,1181.4419885679165,1085.2949899999303,180.75281754692273,219.34263616674602,425.64035795531555,516.512436375384,124074.27742319788,132132.954286379,20934.182166774404,36327.37265756715,True,2,8
2502,image2502 26-03-04 11-07-22.fits,2026-03-04 11:07:22,1181.8190561128579,1085.413120079669,180.3982683087339,219.09081153077324,424.805458302278,515.9194346747627,123961.52947286275,131990.43753028775,20891.21648493895,36219.733263124406,True,2,8
2503,image2503 26-03-04 11-08-22.fits,2026-03-04 11:08:22,1183.4579109602992,1087.6949980797929,177.38017913354392,214.5036398688419,417.69840141484974,505.1174708952488,121702.70125765263,130121.27323682477,20814.83276604551,35962.82792658213,True,2,7
2504,image2504 26-03-04 11-09-22.fits,2026-03-04 11:09:22,1180.636310865916,1086.5690682526051,181.02219023702546,220.68539241331493,426.2746821655534,519.674385700395,124908.1139072629,134455.10080192337,19305.06475991648,33277.1718119772,True,1,8
2505,image2505 26-03-04 11-10-22.fits,2026-03-04 11:10:22,1180.9644555464954,1085.4925133890408,181.63036861818804,220.640499464139,427.70683280846947,519.568670883795,124695.75131090985,133236.31788110145,20483.473430897076,35536.971600125,True,2,8
2506,image2506 26-03-04 11-11-22.fits,2026-03-04 11:11:22,1180.4853749313465,1084.964286068187,182.26851370677306,221.61322411860377,429.20954965470753,521.8592623984243,125175.99505691919,133645.74159112046,20485.188711924962,35560.286576198734,True,2,8
2507,image2507 26-03-04 11-12-22.fits,2026-03-04 11:12:22,1180.630025244271,1084.3493629959587,182.1579728604665,221.18232705519785,428.94924585403015,520.8445773561712,124993.91003393113,132978.77063420453,20977.693589981183,36473.03751891113,True,2,8
2508,image2508 26-03-04 11-13-22.fits,2026-03-04 11:13:22,1181.8210159048185,1085.1947076579095,180.61566879509868,219.1068788472537,425.3173973253693,515.9572703136807,124024.62966661341,131873.03805413874,21047.232645144082,36563.379724984035,True,2,8
2509,image2509 26-03-04 11-14-22.fits,2026-03-04 11:14:22,1182.3665065351972,1089.0402068738174,178.1224378712794,217.01904469592733,419.4462871690686,511.04079660343723,123033.64247748605,133487.75716289756,18686.832791557095,31932.528873042684,True,2,8
2510,image2510 26-03-04 11-15-24.fits,2026-03-04 11:15:24,1183.871611842943,1088.7439043750385,176.82225184110175,213.8035300199172,416.3845830429371,503.46883818927734,121426.08711613234,130323.08024894081,20293.368472477676,35020.179245375504,True,1,7
2511,image2511 26-03-04 11-16-24.fits,2026-03-04 11:16:24,1183.2344088760963,1089.075993913741,177.25262267376462,215.31614024134197,417.39802890648826,507.0307630590071,122242.50342715674,132400.6880539932,19073.850301584735,32636.032774133007,True,2,7
2512,image2512 26-03-04 11-17-24.fits,2026-03-04 11:17:24,1182.4740993869104,1088.3926803899533,178.6499945039038,217.00160109753458,420.6885881024616,510.9997200682845,123026.56947560895,132625.0259886906,19504.953526243262,33587.04504142995,True,2,8
2513,image2513 26-03-04 11-18-24.fits,2026-03-04 11:18:24,1183.3833243813538,1089.4436396827139,176.6767643596033,214.07878210739625,416.0419862052035,504.11700732230963,121369.15518998662,130899.8578588491,19879.13058543941,34143.9394906602,True,2,8
2514,image2514 26-03-04 11-19-24.fits,2026-03-04 11:19:24,1184.0790869078915,1088.2572831069183,176.546030043967,213.077560050621,415.7341304181697,501.75930955348815,120984.57159660642,129361.6900704022,20946.59266281532,36195.17973445267,True,1,7
2515,image2515 26-03-04 11-20-24.fits,2026-03-04 11:20:24,1180.961572760341,1085.8738849132108,181.30831766896563,220.69609515619794,426.94846077771933,519.6995887338727,124724.20816001823,133743.23379378067,20020.884796134644,34589.10833394975,True,2,8
2516,image2516 26-03-04 11-21-24.fits,2026-03-04 11:21:24,1181.023933252277,1084.8231951058583,182.2426788515869,221.67057876890206,429.1487132198547,521.9943222786226,125181.49792537332,133519.33781776237,20626.392001265285,35800.882831930365,True,2,8
2517,image2517 26-03-04 11-22-26.fits,2026-03-04 11:22:26,1181.8449878249237,1088.6640932410917,179.18203844566165,217.45229208322542,421.94145584135026,512.061016235504,123209.23362424634,133314.68985710852,19302.470636601607,33204.80567533278,True,2,8
2518,image2518 26-03-04 11-23-26.fits,2026-03-04 11:23:26,1181.1919770966285,1085.9557619361697,180.7277388868616,219.28106067979283,425.5813022239011,516.367437184424,123908.88643583366,132288.88194691925,20839.813923116766,36127.22599817293,True,1,8
2519,image2519 26-03-04 11-24-26.fits,2026-03-04 11:24:26,1181.6316209166664,1086.735115971651,179.57962291228282,217.81164903959717,422.87769571294274,512.9072371996896,123167.30934710633,131597.11491045976,20799.60007700145,36001.46953823248,True,2,8
2520,image2520 26-03-04 11-25-26.fits,2026-03-04 11:25:26,1181.3267486038128,1087.9331277655817,179.83642466774347,218.88920176239225,423.4824176343006,515.4446799509051,123906.87656840007,133864.19510892162,19212.522049058814,33033.4120229881,True,2,8
2521,image2521 26-03-04 11-26-26.fits,2026-03-04 11:26:26,1184.0839298300286,1093.2823787902255,174.0954310048625,213.22557654667833,409.9634106785528,502.1078617653992,120576.20320523759,134136.73893909962,16955.564263220032,28008.905204343955,True,1,7
2522,image2522 26-03-04 11-27-26.fits,2026-03-04 11:27:26,1180.8991890575026,1089.7112115713214,179.63264775416158,221.13520708693085,423.00255967348346,520.7336183103748,124527.1425116269,137814.22868914797,16901.338856945815,28085.21416944534,True,2,8
2523,image2523 26-03-04 11-28-28.fits,2026-03-04 11:28:28,1184.1883681612035,1092.8571840299744,174.34724575749226,213.5872062128197,410.5563891056799,502.95943455210676,120828.43072477893,134279.07134032858,16971.61166272358,28050.684643775694,True,2,7
2524,image2524 26-03-04 11-29-28.fits,2026-03-04 11:29:28,1180.778392774291,1089.874694386389,179.11273451205935,220.77529793806232,421.77825754930404,519.8860970322291,124337.03524867787,137448.68044243823,16919.876704953604,28099.271825555574,True,1,8
2525,image2525 26-03-04 11-30-28.fits,2026-03-04 11:30:28,1181.7529809601147,1091.3307149800482,177.46975685372783,218.13725178583897,417.909340825927,513.6739730732569,122964.13833697264,136362.88638841265,16936.91515780218,28082.751069752732,True,2,7
2526,image2526 26-03-04 11-31-28.fits,2026-03-04 11:31:28,1181.554190706785,1090.6646512097198,178.11825318358595,219.28109745771368,419.4364329826059,516.3675237898093,123562.69836543061,136761.2923020059,16943.189252849814,28116.56983220498,True,2,8
2527,image2527 26-03-04 11-32-28.fits,2026-03-04 11:32:28,1180.1545333439879,1089.729824084349,179.78370592530862,221.57319752052376,423.3582744828662,521.7650069629312,124645.65470110031,137830.39294249367,16929.46274436852,28144.2349076251,True,2,8
2528,image2528 26-03-04 11-33-28.fits,2026-03-04 11:33:28,1184.0672489633262,1093.223485348695,173.91452731372183,213.03100290587827,409.5374150404347,501.64967585580854,120486.98481539726,133937.6034038252,16984.814630352575,28063.847769750042,True,2,7
2529,image2529 26-03-04 11-34-28.fits,2026-03-04 11:34:28,1180.2988019796824,1089.6331338878874,179.87228039196307,221.53466570312153,423.566851412422,521.6742714669409,124667.42708932259,137877.83800024405,16925.924110487234,28150.320232273214,True,2,8
2530,image2530 26-03-04 11-35-28.fits,2026-03-04 11:35:28,1183.4866516428206,1092.8145597223834,174.9603438485128,214.22933749990943,412.0001247799853,504.47153817848715,121087.47944746511,134655.72726693915,16968.317794336857,28075.458922484017,True,1,7
2531,image2531 26-03-04 11-36-28.fits,2026-03-04 11:36:28,1181.784797956164,1091.0206891282846,177.6241069824972,218.3626578924474,418.27280760310623,514.2047638913708,123136.22627451789,136434.93944327603,16938.871268550985,28102.124461755822,True,1,7
2532,image2532 26-03-04 11-37-28.fits,2026-03-04 11:37:28,1183.7603772729135,1093.2744634067108,174.41011857079548,213.63897739991296,410.7044432667338,503.081346381229,120716.9238458926,134275.5379129308,16973.477558609004,28061.950638833652,True,2,7
2533,image2533 26-03-04 11-38-30.fits,2026-03-04 11:38:30,1184.0135779275809,1092.9716820443437,174.46324053863597,213.70902679532705,410.8295359414361,503.2463001016924,120825.18194015684,134314.27727505413,16968.671679937506,28055.703031794143,True,1,7
2534,image2534 26-03-04 11-39-30.fits,2026-03-04 11:39:30,1181.432129207439,1091.435142254648,177.67635660137785,218.37226150703583,418.3958460529916,514.2273786755084,123028.06252495834,136421.05394561036,16953.61359636215,28141.852450981987,True,2,7
2535,image2535 26-03-04 11-40-30.fits,2026-03-04 11:40:30,1182.375562593984,1092.1140207622518,176.48658134049845,216.4779235452383,415.5941394195909,509.76655367100443,122141.0780378025,135656.16053492538,16951.410816330535,28101.234842129586,True,1,7
2536,image2536 26-03-04 11-41-30.fits,2026-03-04 11:41:30,1182.9104358301738,1091.7622084437494,176.33216480466442,216.6442373532893,415.23051626572465,510.15819275996836,122245.80503317753,135527.05234147166,16965.049084255686,28105.775210905733,True,2,7
2537,image2537 26-03-04 11-42-30.fits,2026-03-04 11:42:30,1182.2757132794484,1091.987679383747,176.44688759474093,216.51317620895622,415.50066779141866,509.8495673501682,122184.10542388278,135604.86829285033,16960.368856448713,28120.4134280264,True,1,7
2538,image2538 26-03-04 11-43-30.fits,2026-03-04 11:43:30,1181.397982664995,1090.9321870915146,178.53511626680825,219.4721425544097,420.41807052701114,516.817400613014,123564.3164679431,136991.54294611883,16941.3551301244,28143.413932615553,True,2,8
2539,image2539 26-03-04 11-44-30.fits,2026-03-04 11:44:30,1183.9642711664249,1093.5810053930343,173.75581080042025,212.90110773746716,409.16366621343474,501.3437961094814,120313.71362456438,133810.81263408926,16981.98685724945,28049.902239820534,True,1,8
2540,image2540 26-03-04 11-45-30.fits,2026-03-04 11:45:30,1182.0182405933167,1090.9631539273105,177.5405438679789,218.24904232218108,418.0760315060133,513.93721966908,123095.77130696553,136327.00528831768,16947.337512004593,28125.556660554677,True,2,7
2541,image2541 26-03-04 11-46-30.fits,2026-03-04 11:46:30,1183.165808206778,1092.4044500237442,176.03383068739578,215.68649849880805,414.5279931062638,507.90289010753094,121737.05468963116,135328.41840890504,16962.504661512095,28105.779285757453,True,1,7
2542,image2542 26-03-04 11-47-30.fits,2026-03-04 11:47:30,1183.7614694676765,1093.1138056583586,174.5537658387831,213.83529708031537,411.042706732805,503.54364389987467,120820.55980654243,134359.95588383556,16971.77669909911,28062.15296473782,True,1,8
2543,image2543 26-03-04 11-48-32.fits,2026-03-04 11:48:32,1182.5642477875326,1092.049866499062,176.44358414401117,216.42720585837037,415.4928887594225,509.6471226453303,122126.89385201855,135591.13741200024,16961.519523252005,28123.43431542929,True,1,7
2544,image2544 26-03-04 11-49-32.fits,2026-03-04 11:49:32,1183.9167996789242,1093.2217163180278,174.4783594338016,213.873244659315,410.8651382188308,503.6330036195634,120792.16929852575,134280.86727083125,16978.834197289878,28074.005198206916,True,1,7
2545,image2545 26-03-04 11-50-32.fits,2026-03-04 11:50:32,1183.375575018177,1092.3765737217532,176.29790854245852,215.87130391879847,415.14984893281434,508.3380736149548,121848.23903515234,135532.20449270017,16958.09825763117,28110.94524678388,True,1,7
2546,image2546 26-03-04 11-51-32.fits,2026-03-04 11:51:32,1184.6269321304762,1093.6631692927183,173.64845484100465,212.72252161693746,408.9108622482493,500.92325793309374,120214.61609794552,133726.4833850457,16983.396243254705,28049.965387326054,True,1,7
2547,image2547 26-03-04 11-52-32.fits,2026-03-04 11:52:32,1180.466062571282,1090.4431945776382,179.5613625010391,220.96681967526823,422.83469573051553,520.3370962580608,124225.27781583472,137616.88311782997,16931.357605450088,28162.79277286037,True,2,8
2548,image2548 26-03-04 11-53-32.fits,2026-03-04 11:53:32,1182.7355457894419,1092.0550906846809,176.63677162335074,216.5437974378448,415.9478105082203,509.92167483375846,122173.5045059214,135720.9795560823,16959.93742826578,28128.5018354073,True,2,7
2549,image2549 26-03-04 11-54-32.fits,2026-03-04 11:54:32,1182.775628055152,1092.1325229066535,176.67338812729608,216.62001433479577,416.03403578568975,510.1011519104687,122180.76648087165,135732.3843197783,16966.700480579995,28143.69929072863,True,1,7
2550,image2550 26-03-04 11-55-32.fits,2026-03-04 11:55:32,1182.5871571563143,1092.758042568967,176.1724396893284,215.76640891548567,414.8543923624365,508.0910647585302,121683.29959934003,135407.94272068507,16964.91691578516,28121.392671410485,True,2,7
