frame_num,filename,timestamp,mu_x,mu_y,sigma_x,sigma_y,fwhm_x,fwhm_y,amp_x,amp_y,offset_x,offset_y,fit_ok,n_peaks_x,n_peaks_y
1,overnight0001 25-11-05 16-15-39.fits,2025-11-05 16:15:39,1334.7386781773207,1050.9201973152606,5.670410794286632,3.3565339796989404,13.352797001946028,7.904033497222571,1116.788674196624,1735.6246841659804,29091.48570270661,38789.30946755203,True,2,1
2,overnight0002 25-11-05 16-16-38.fits,2025-11-05 16:16:38,1337.0056718105175,1050.240299908214,4.627443046897869,3.2645747973991712,10.896795644074194,7.687486171418419,1240.9321276594517,1653.3550611823152,29090.276203634046,38787.48514093078,True,1,1
3,overnight0003 25-11-05 16-17-39.fits,2025-11-05 16:17:39,1336.4502469353597,1052.0153716762118,4.907776159517262,4.515846334470756,11.556929676956258,10.634005468691273,1229.4177550286001,1331.6096625228245,29092.023335532187,38789.39103142003,True,2,1
4,overnight0004 25-11-05 16-18-39.fits,2025-11-05 16:18:39,1337.4300519674143,1050.8014050276445,4.2890467057977775,3.4853303994705045,10.099933156886568,8.20732588822887,1370.0478772664796,1620.0109435279642,29079.708418977716,38773.24473514318,True,1,1
5,overnight0005 25-11-05 16-19-39.fits,2025-11-05 16:19:39,1336.1226090310508,1052.89938258408,4.253720528232973,3.6773721417437395,10.016746365842645,8.659549632416551,1372.507592480372,1559.6482238168292,29087.85962619737,38783.94711806593,True,1,1
6,overnight0006 25-11-05 16-20-39.fits,2025-11-05 16:20:39,1336.9637140573946,1051.0806192525433,4.858539400798378,3.902885622918844,11.440985970572678,9.190593298312397,1264.0403995500544,1517.3964737592678,29080.10071013831,38773.75374149093,True,1,1
7,overnight0007 25-11-05 16-21-39.fits,2025-11-05 16:21:39,1336.4231361091522,1052.2387883997192,4.120186070270133,4.190465908420279,9.702296747529406,9.8677931191669,1381.1865403528882,1426.933659236388,29087.82985009869,38783.3961322409,True,1,1
8,overnight0008 25-11-05 16-22-40.fits,2025-11-05 16:22:40,1335.6243979737267,1052.6292040789613,3.8604320680101063,4.059905746465239,9.090622816230479,9.560347432712684,1427.5691254892445,1455.2518218017021,29093.201127830496,38790.416341453,True,1,1
9,overnight0009 25-11-05 16-23-40.fits,2025-11-05 16:23:40,1336.3119393466582,1053.4109880802387,4.584281915990929,3.2795899152338075,10.795158947848327,7.722844071873922,1274.4732598539103,1550.8604366388363,29092.065200079724,38790.40771965287,True,2,2
10,overnight0010 25-11-05 16-24-40.fits,2025-11-05 16:24:40,1337.628842762795,1051.3107335246111,4.782445390098661,3.60976510965186,11.261798268870185,8.500347238061542,1267.5685544096525,1561.6453920062156,29088.821728675855,38785.65036594603,True,2,1
11,overnight0011 25-11-05 16-25-40.fits,2025-11-05 16:25:40,1336.626728018035,1052.3253890364576,4.704571943789052,3.580178311921834,11.078420316524676,8.4306756536986,1242.7673159191418,1548.7598656859698,29092.604502310987,38790.53341462755,True,2,1
12,overnight0012 25-11-05 16-26-40.fits,2025-11-05 16:26:40,1337.0614802089062,1051.6660313699026,4.927037961470549,4.802859681254096,11.602287754299274,11.3098702508881,1263.516692537168,1322.846985459516,29084.31025374958,38778.913159611206,True,1,1
13,overnight0013 25-11-05 16-27-40.fits,2025-11-05 16:27:40,1337.0179462712279,1054.9103128096347,5.542848019460948,3.03044564645148,13.052409622786737,7.136154153640719,1145.5200466199506,1865.064954226233,29093.166134884374,38791.79874591072,True,2,1
14,overnight0014 25-11-05 16-28-39.fits,2025-11-05 16:28:39,1336.1256512023367,1054.981543554174,5.1223735542603945,3.3133547982583726,12.062267923708806,7.802354295238293,1240.1757338469115,1664.032504455961,29089.78526737508,38787.47584874404,True,1,1
15,overnight0015 25-11-05 16-29-40.fits,2025-11-05 16:29:40,1336.407473923098,1054.293003165236,4.365980039571547,3.3484559826021503,10.281097313388097,7.885011267735347,1366.7098508170461,1642.429498079717,29096.412843389855,38795.82736454381,True,2,1
16,overnight0016 25-11-05 16-30-40.fits,2025-11-05 16:30:40,1334.5811859330981,1054.6987978055422,4.310955112809113,3.6970776774593483,10.151523512871556,8.70595262291774,1314.465139835795,1602.853162649882,29086.327710809972,38781.431791642775,True,1,1
17,overnight0017 25-11-05 16-31-40.fits,2025-11-05 16:31:40,1336.0765072354968,1054.8165150727536,4.236958303198537,3.924381290590639,9.977274342332233,9.241211727427263,1382.5412930201546,1429.8271575899298,29089.657323655236,38786.53168757439,True,1,1
18,overnight0018 25-11-05 16-32-40.fits,2025-11-05 16:32:40,1335.0962401594236,1054.7754183125166,4.5363814518870935,3.5154731701187263,10.682361974810329,8.278306688764074,1297.0538569750806,1684.339270473013,29087.653192189824,38783.48886903067,True,1,1
19,overnight0019 25-11-05 16-33-40.fits,2025-11-05 16:33:40,1334.505053155015,1055.1001632375235,4.819239367341832,3.5179608533422324,11.348441464018817,8.284164735084472,1264.743461001342,1557.1260436073972,29090.619471210433,38788.298395684214,True,1,1
20,overnight0020 25-11-05 16-34-40.fits,2025-11-05 16:34:40,1336.0876085288648,1055.929064748266,4.4788728021538615,3.37760103074915,10.54693945365585,7.953642611325295,1307.9255116286279,1767.8303228859186,29091.293004401796,38788.24315546152,True,1,1
21,overnight0021 25-11-05 16-35-40.fits,2025-11-05 16:35:40,1334.2168231291514,1055.1044865564895,4.929248410190829,3.502943906785944,11.607492963254304,8.248802528318565,1235.849852762263,1617.6522133610051,29058.86370878726,38745.70681148729,True,2,1
22,overnight0022 25-11-05 16-36-39.fits,2025-11-05 16:36:39,1333.0413507526048,1058.160382088192,4.359279618642567,3.2614698013991252,10.26531902787439,7.680174464597769,1331.2987608951912,1663.238196624279,29059.782333548526,38746.87111529602,True,1,1
23,overnight0023 25-11-05 16-37-40.fits,2025-11-05 16:37:40,1334.6602964330195,1057.7195091820404,4.652525243488396,3.047221337010757,10.955859703378975,7.17565788603894,1343.6133914994095,1855.0953522565885,29056.1279598837,38742.285060256785,True,1,1
24,overnight0024 25-11-05 16-38-40.fits,2025-11-05 16:38:40,1333.02463680733,1059.081813538011,4.642151029491872,4.3928451800415695,10.931430296308518,10.344359884679477,1315.4744195359528,1356.7287805230665,29064.120682122062,38752.35247261577,True,1,1
25,overnight0025 25-11-05 16-39-40.fits,2025-11-05 16:39:40,1332.7229146893262,1058.694992105572,4.763279613169871,3.3639552044031387,11.21666631317968,7.921509145914695,1282.9811969659634,1658.9069483182175,29060.69160072105,38748.281661081164,True,1,1
26,overnight0026 25-11-05 16-40-40.fits,2025-11-05 16:40:40,1330.7372751391115,1057.831242654273,4.91251360177359,3.201405897986343,11.568085500943635,7.5387347808585465,1219.9637694569076,1785.0922175814076,29060.819357216293,38748.12245250996,True,1,1
27,overnight0027 25-11-05 16-41-40.fits,2025-11-05 16:41:40,1330.1237360140117,1059.589894303717,4.159224716762719,3.8816989541659828,9.794225734821024,9.140702506045729,1498.7832234076116,1512.6070709170926,29051.41454697148,38735.692379667336,True,1,1
28,overnight0028 25-11-05 16-42-40.fits,2025-11-05 16:42:40,1330.0611799475041,1060.0977583851407,4.263658424946735,3.423375075534267,10.040148324229657,8.061432249527432,1393.0953814250297,1609.620509972708,29060.142352734256,38747.41699949106,True,1,1
29,overnight0029 25-11-05 16-43-40.fits,2025-11-05 16:43:40,1330.602757244628,1060.8674593559938,4.4140991636620885,3.078152442522193,10.394409191345835,7.248495073312237,1368.46234106464,1815.90380443565,29058.825250206646,38745.68899924866,True,1,1
30,overnight0030 25-11-05 16-44-40.fits,2025-11-05 16:44:40,1330.2186420242554,1061.4626594252484,4.933773873171226,3.4050866978907233,11.61814961419359,8.018366411261319,1239.1429228321858,1674.8982111250943,29059.215761520085,38746.156908193705,True,1,1
31,overnight0031 25-11-05 16-45-40.fits,2025-11-05 16:45:40,1330.0998111014383,1060.0230490700108,4.370158759552166,3.3116140308624034,10.29093744696103,7.798255101280528,1399.5619277552328,1714.3918208762552,29060.488160111046,38747.890551320284,True,1,1
32,overnight0032 25-11-05 16-46-40.fits,2025-11-05 16:46:40,1329.2189594447823,1059.7933880632913,5.139774946996969,3.8760658974881994,12.103245072136348,9.127437671266089,1233.0483548939849,1494.6062258388083,29058.685943366803,38745.62532319645,True,1,1
33,overnight0033 25-11-05 16-47-39.fits,2025-11-05 16:47:39,1329.6630192912396,1059.9595959032465,4.432932117176827,3.316137167369563,10.438757407789476,7.808906273793999,1339.0030392945612,1754.653924792035,29061.02358689519,38748.184244503034,True,1,1
34,overnight0034 25-11-05 16-48-40.fits,2025-11-05 16:48:40,1327.783332095782,1060.0149824808586,4.793871071688925,3.449854098761425,11.288703692907081,8.123785584195584,1292.1972245094391,1726.1439949426324,29064.866551981988,38753.46831594621,True,1,1
35,overnight0035 25-11-05 16-49-40.fits,2025-11-05 16:49:40,1328.2902124915163,1059.8934867048993,4.423675056034394,3.48365711374212,10.4169586946532,8.203385601454606,1390.8786245359297,1700.3834539427091,29058.85985541804,38745.44575769172,True,1,1
36,overnight0036 25-11-05 16-50-40.fits,2025-11-05 16:50:40,1327.519628404109,1061.071200623412,4.984321648203421,3.2858586250786748,11.737180528071116,7.737605755473099,1268.6797380672194,1853.251987701451,29059.25715481968,38745.9816806714,True,2,1
37,overnight0037 25-11-05 16-51-40.fits,2025-11-05 16:51:40,1327.3603107697754,1062.270584998867,4.164897865103943,3.3651781470275854,9.807584978253372,7.924388955720666,1396.999570064345,1707.0100916772003,29059.96114567845,38746.71142809456,True,1,1
38,overnight0038 25-11-05 16-52-40.fits,2025-11-05 16:52:40,1327.5266642146682,1063.1976479641153,4.424503825621908,3.463484171624148,10.418910297890589,8.155881952987956,1363.8206309912705,1683.5514988227746,29059.22985524267,38745.90519054763,True,1,1
39,overnight0039 25-11-05 16-53-40.fits,2025-11-05 16:53:40,1327.1606890437795,1061.6358341176297,4.719669765475371,3.7849805384142376,11.113972969667923,8.912948041909882,1325.8670566067497,1683.2683123481331,29057.765775740194,38743.53954469951,True,1,1
40,overnight0040 25-11-05 16-54-39.fits,2025-11-05 16:54:39,1326.7008661899888,1062.4468990751363,4.7095618011558855,3.6532347407722514,11.090170532673941,8.602710396773942,1310.1559666981595,1614.9503684104843,29057.48494161223,38743.66636066398,True,1,1
41,overnight0041 25-11-05 16-55-40.fits,2025-11-05 16:55:40,1325.795242333736,1060.8698900369202,4.917493729212588,3.2765966596974123,11.5798128048638,7.715795493736919,1265.7121110190515,1759.56019713631,29060.400162627146,38747.79914725608,True,1,1
42,overnight0042 25-11-05 16-56-40.fits,2025-11-05 16:56:40,1325.4898204501885,1060.4085224263138,4.693407970730371,3.403125606014102,11.052131168983909,8.013748392800105,1299.9883398610934,1659.0947420773002,29059.703562232844,38746.86578464456,True,1,1
43,overnight0043 25-11-05 16-57-40.fits,2025-11-05 16:57:40,1325.9134388901502,1058.585985914053,4.054890585842896,3.4653614810247735,9.548537631950142,8.160302678795274,1460.6989509622313,1657.1233416789576,29055.98840028156,38741.55344188957,True,1,1
44,overnight0044 25-11-05 16-58-40.fits,2025-11-05 16:58:40,1325.011763613224,1059.9697910756158,4.54907691049014,2.9660999751769204,10.712257495209643,6.9846316771124135,1314.8234170041032,1770.5459783596084,29061.539559618595,38749.67195305719,True,2,1
45,overnight0045 25-11-05 16-59-40.fits,2025-11-05 16:59:40,1324.262541455552,1059.9325329814012,4.668811935076872,3.559265342387976,10.994211931198754,8.38142937383915,1295.0139196027658,1774.0311135863371,29053.9552668438,38738.257046242965,True,1,1
46,overnight0046 25-11-05 17-00-40.fits,2025-11-05 17:00:40,1325.0340669110694,1060.8614587848433,4.310496086599037,4.045951344534662,10.150442588750876,9.527487327330142,1443.5415721199142,1511.0847820158078,29058.4089084415,38744.686998672805,True,1,1
47,overnight0047 25-11-05 17-01-40.fits,2025-11-05 17:01:40,1323.8757734717879,1061.5898558803192,4.7340744668476855,3.8949821668406854,11.147893449202135,9.171982081514528,1302.5918476596082,1579.6877585316793,29054.751448932664,38739.686498898576,True,1,1
48,overnight0048 25-11-05 17-02-40.fits,2025-11-05 17:02:40,1323.6716721701373,1061.4963694421622,4.433482743210672,3.768204106368407,10.440054033011291,8.87344256344426,1378.5899172243867,1735.964461410205,29061.05492253463,38747.51248453879,True,1,1
49,overnight0049 25-11-05 17-03-40.fits,2025-11-05 17:03:40,1322.9389721865873,1060.7140875476687,5.849880506672798,3.5630634418860074,13.77541587814891,8.390373214670138,1108.1084494662382,1713.787558857292,29062.534483778276,38750.53681823401,True,2,1
50,overnight0050 25-11-05 17-04-40.fits,2025-11-05 17:04:40,1322.3558786699243,1058.9953126397209,4.754885496906734,3.368659686802124,11.196899679942923,7.932587355369321,1282.026956346058,1699.4814563095356,29057.081197772084,38743.25917531737,True,1,1
51,overnight0051 25-11-05 17-05-40.fits,2025-11-05 17:05:40,1320.8330567356008,1059.100866974928,4.4888313538314035,3.3993878771969923,10.570390050765603,8.004946714058685,1371.4815709833622,1681.1340329549705,29055.410281375614,38741.12346558855,True,1,1
52,overnight0052 25-11-05 17-06-40.fits,2025-11-05 17:06:40,1321.9800095281744,1057.6623493630748,4.541830442999128,3.565031481670233,10.695193368306143,8.39500759420345,1307.9487358723331,1656.3510034838898,29056.21266460254,38741.66328213879,True,1,1
53,overnight0053 25-11-05 17-07-40.fits,2025-11-05 17:07:40,1322.1318702352296,1058.6333168214621,5.332976417688277,3.4806916789771014,12.5581997680497,8.196402536227708,1211.8501358101191,1723.670340846081,29056.80673529483,38743.013708631544,True,2,1
54,overnight0054 25-11-05 17-08-39.fits,2025-11-05 17:08:39,1321.5540629060927,1057.2942320339168,4.787577506828195,3.361130091452867,11.27388348021833,7.9148565133099185,1274.6358629585673,1706.1980174077223,29059.186135363132,38746.06151282526,True,1,1
55,overnight0055 25-11-05 17-09-40.fits,2025-11-05 17:09:40,1321.2839858261698,1056.448974295158,4.715155577158855,3.3813699740676326,11.103342868533147,7.962517794600243,1326.2192074926872,1809.3148002791033,29054.081729092966,38738.952365341924,True,1,1
56,overnight0056 25-11-05 17-10-40.fits,2025-11-05 17:10:40,1319.9203941109024,1056.507200963828,4.767852479653126,3.601198337623381,11.227434590837698,8.48017403156767,1301.5493660590926,1581.0157052743766,29060.92534342191,38748.568949868684,True,1,1
57,overnight0057 25-11-05 17-11-40.fits,2025-11-05 17:11:40,1320.2098573653996,1055.1162632214132,5.330941252274221,2.9031632069488533,12.553407319737728,6.836426913719494,1196.356029820357,1964.7177998874467,29061.23299512456,38749.19033953727,True,1,1
58,overnight0058 25-11-05 17-12-40.fits,2025-11-05 17:12:40,1319.6505861753326,1056.4393482191933,4.008190673065375,3.6141155763642,9.438567741240437,8.510591804281,1481.785531161435,1654.7309790244583,29057.684935709225,38743.526243643784,True,1,1
59,overnight0059 25-11-05 17-13-40.fits,2025-11-05 17:13:40,1318.6931868266681,1056.070396702901,3.9132583559106537,3.6738317984509097,9.215019217883265,8.651212761064304,1506.126340881668,1518.489396390322,29058.344640667852,38744.871008559036,True,1,1
60,overnight0060 25-11-05 17-14-40.fits,2025-11-05 17:14:40,1317.4332200975555,1055.054533551048,4.148692198873117,3.1126577431023845,9.769423550569941,7.3297488467782905,1381.907063349489,1845.6083288491848,29059.26063740028,38745.665653421616,True,1,1
61,overnight0061 25-11-05 17-15-40.fits,2025-11-05 17:15:40,1318.0809696894078,1054.6547740230733,4.563519268344544,2.8924344070551764,10.746266648982704,6.811162520670738,1327.131490017571,1923.0319117570414,29052.810109869955,38737.725272257114,True,1,1
62,overnight0062 25-11-05 17-16-40.fits,2025-11-05 17:16:40,1316.4965202260812,1053.6376304789524,3.816878019033694,3.1656560617269527,8.988060868658565,7.45455034982836,1518.4196558698984,1668.0734938007477,29061.236143945975,38748.98730815354,True,1,1
63,overnight0063 25-11-05 17-17-40.fits,2025-11-05 17:17:40,1316.3872706371285,1054.1520983471746,4.9626719129023895,3.1008787820918178,11.686199297414632,7.30201151328097,1265.004003654249,1795.0588581262627,29059.003081804964,38746.266383029346,True,1,1
64,overnight0064 25-11-05 17-18-40.fits,2025-11-05 17:18:40,1315.6801268897007,1054.0066791537329,4.534604454889781,3.458818466236729,10.678177466661097,8.144895056417454,1334.845738716878,1752.7674124961852,29057.965775578305,38743.94195588945,True,1,1
65,overnight0065 25-11-05 17-19-40.fits,2025-11-05 17:19:40,1314.7476890242651,1054.5063120378798,4.476788873625341,3.57073974653577,10.542032176984478,8.408449530731163,1393.3447950308796,1676.497788068649,29053.388429119143,38738.17941545882,True,1,1
66,overnight0066 25-11-05 17-20-40.fits,2025-11-05 17:20:40,1314.6305594304622,1055.101102739315,4.0241435769709195,3.2639061407826304,9.476133959133666,7.685911605414546,1467.4457776112556,1771.6201030681868,29057.108135682305,38742.971181378656,True,1,1
67,overnight0067 25-11-05 17-21-39.fits,2025-11-05 17:21:39,1313.5898416362527,1054.5922792797278,4.2445245152469,3.2705729940991164,9.995091410128675,7.701610845241488,1407.3625521612062,1733.8061859752502,29060.111891912467,38747.21149207038,True,1,1
68,overnight0068 25-11-05 17-22-40.fits,2025-11-05 17:22:40,1314.1184872804843,1054.4714915128336,4.4370537085329715,2.859353276849531,10.448463013732352,6.7332624121502045,1361.0578594327674,1966.513079772127,29059.5399430535,38746.59653148575,True,1,1
69,overnight0069 25-11-05 17-23-40.fits,2025-11-05 17:23:40,1313.4242184735187,1053.5499393147138,4.527135010220448,2.950708930352852,10.660588268628503,6.9483885362467275,1358.9652674433598,1849.84702573861,29056.68893482918,38743.15777089222,True,1,1
70,overnight0070 25-11-05 17-24-40.fits,2025-11-05 17:24:40,1313.1729212200653,1054.8758221093572,3.7058206948966004,3.530756213050583,8.726540855633036,8.314295504609078,1584.270833934942,1608.8930339542271,29058.177939874626,38744.485846107666,True,1,1
71,overnight0071 25-11-05 17-25-40.fits,2025-11-05 17:25:40,1310.8076787526206,1054.8087753996926,4.54972968123842,3.8662438035921114,10.713794652852503,9.104308407675404,1329.4100476256806,1583.5990161158284,29058.683893859885,38744.815087573406,True,1,1
72,overnight0072 25-11-05 17-26-40.fits,2025-11-05 17:26:40,1310.782918853595,1053.8979308202743,4.504168049574705,3.108360733185106,10.606505209326471,7.319630161691387,1366.0286871803266,1722.0008512710706,29061.77740641401,38750.08126140933,True,1,1
73,overnight0073 25-11-05 17-27-40.fits,2025-11-05 17:27:40,1310.5579744579968,1054.0692840901409,3.672677077063661,3.7372070136955293,8.648493599995186,8.800449988280485,1605.7633188674831,1583.3199733266158,29059.90557996601,38746.51499627365,True,1,1
74,overnight0074 25-11-05 17-28-39.fits,2025-11-05 17:28:39,1310.9590974713951,1053.8524069904456,3.8504240004192303,3.1820582218849323,9.06705561805546,7.4931744853501785,1469.7690445237129,1738.0284970395817,29059.59937657214,38746.30055859592,True,1,1
75,overnight0075 25-11-05 17-29-40.fits,2025-11-05 17:29:40,1309.7882635402843,1053.1510763838294,3.831261568162469,3.5976640427441007,9.02193153846569,8.47185140314089,1543.4841223276264,1645.452141302957,29056.55940439664,38742.070990614986,True,1,1
76,overnight0076 25-11-05 17-30-40.fits,2025-11-05 17:30:40,1311.0370547218574,1052.0617803507564,3.855713423217887,3.579171197386286,9.079511256888381,8.42830408020265,1547.7843323833154,1543.7098374327952,29065.326137345048,38754.34602759146,True,1,1
77,overnight0077 25-11-05 17-31-40.fits,2025-11-05 17:31:40,1310.3856018188358,1054.3169078691787,4.134296592557629,3.2263300607481327,9.735524488257855,7.597426698935624,1467.1064478716346,1818.9374704086858,29062.28717325666,38749.97336992232,True,1,1
78,overnight0078 25-11-05 17-32-40.fits,2025-11-05 17:32:40,1309.527526764215,1054.189897539069,4.317267873674564,3.2193812311249523,10.166388928697007,7.581063455649454,1387.0858396031847,1629.1870656228984,29059.08173994709,38746.41291622792,True,1,1
79,overnight0079 25-11-05 17-33-40.fits,2025-11-05 17:33:40,1308.4658183077906,1054.2467495652709,4.054562395445547,3.74903298230567,9.547764802623878,8.828298016215552,1489.9028744276516,1671.8338926457131,29058.21511672266,38743.99065340842,True,1,1
80,overnight0080 25-11-05 17-34-40.fits,2025-11-05 17:34:40,1308.4065959607742,1054.0231947254808,4.060318332305139,3.538488199034897,9.561318998118775,8.332502940192839,1489.0179264257256,1649.9692263783943,29058.72586298535,38745.23870301126,True,1,1
81,overnight0081 25-11-05 17-35-39.fits,2025-11-05 17:35:39,1308.35585158024,1053.7639092605027,3.912901034098876,3.659690193256034,9.214177789318363,8.617911825682498,1541.7374955826508,1542.2846997587783,29052.858339151902,38737.65149877928,True,1,1
82,overnight0082 25-11-05 17-36-40.fits,2025-11-05 17:36:40,1306.6117500320534,1051.9805308454497,4.312908122840911,3.3865625277567513,10.156122500042581,7.974745324112279,1434.2414560846682,1675.6867166365703,29050.120164075484,38734.16059432438,True,1,1
83,overnight0083 25-11-05 17-37-40.fits,2025-11-05 17:37:40,1306.8993166405908,1053.1211719004386,3.597634453466405,3.982195325160608,8.471781725716655,9.377353374916739,1627.0675873516143,1449.8376790587383,29059.864146383043,38746.59004652247,True,1,1
84,overnight0084 25-11-05 17-38-40.fits,2025-11-05 17:38:40,1306.3418929181496,1052.8575129962903,3.939350719068435,3.346351796345483,9.276462037669434,7.880056287759669,1504.2112534694236,1819.700432697896,29063.435423509545,38751.03346017463,True,1,1
85,overnight0085 25-11-05 17-39-40.fits,2025-11-05 17:39:40,1306.034599023165,1053.5124177324415,4.226490036365077,3.025575304266149,9.95262345775607,7.124685374236542,1382.566154296566,1849.5717826974628,29058.321391847046,38744.75149023827,True,1,1
86,overnight0086 25-11-05 17-40-40.fits,2025-11-05 17:40:40,1305.8045345274115,1052.778286723333,4.279075217480518,3.8078306645106674,10.076452096318292,8.96675597687324,1436.6076970046454,1620.9804374614364,29059.544481507826,38746.02658327076,True,1,1
87,overnight0087 25-11-05 17-41-40.fits,2025-11-05 17:41:40,1306.9891035586397,1051.9319973963613,4.06201797799985,3.284511549915373,9.565321357870133,7.734433635876392,1475.6793573785571,1696.3297854699824,29058.43268684476,38745.128662931944,True,1,1
88,overnight0088 25-11-05 17-42-40.fits,2025-11-05 17:42:40,1305.1255251454436,1052.7179071615437,3.9659301742721307,3.50377029424556,9.339051871569099,8.250748522073433,1492.6789118733486,1706.230111121957,29058.981293240777,38745.23217637823,True,1,1
89,overnight0089 25-11-05 17-43-40.fits,2025-11-05 17:43:40,1304.7486882436874,1051.5298332690993,3.7168472210483947,4.171019284757233,8.75250634044234,9.821999819956986,1559.8195003060705,1430.6790061676832,29061.495915977262,38748.43956884682,True,1,1
90,overnight0090 25-11-05 17-44-40.fits,2025-11-05 17:44:40,1304.0911188351329,1050.3725924177656,4.389010625924246,3.9575768324992766,10.335330199780246,9.319381254919389,1437.9102655547426,1605.632420513625,29058.636976694335,38744.79262865715,True,1,1
91,overnight0091 25-11-05 17-45-40.fits,2025-11-05 17:45:40,1304.1482891802852,1050.3648913128197,4.032390894072076,4.101642264294929,9.495554906761196,9.658629421507829,1466.6844492593634,1423.4031371599222,29055.692650841243,38741.02269585453,True,1,1
92,overnight0092 25-11-05 17-46-40.fits,2025-11-05 17:46:40,1302.8866143299626,1051.0172519801272,4.225408014094899,3.250645265415689,9.950075490025085,7.654684630285815,1410.865157802076,1746.1117044914238,29057.758899728746,38744.051251883226,True,1,1
93,overnight0093 25-11-05 17-47-40.fits,2025-11-05 17:47:40,1301.761328655198,1050.1488662761947,4.236440791838682,3.261998365151907,9.976055696208515,7.681419137117897,1402.0935140572717,1693.6205651840455,29051.060903676156,38735.29005870554,True,1,1
94,overnight0094 25-11-05 17-48-40.fits,2025-11-05 17:48:40,1303.1636507149954,1049.0267389405058,4.530785455759082,3.2708970454309902,10.669184410956172,7.702373927813404,1363.8511905460732,1675.6317714904371,29059.342870681296,38746.702408384575,True,1,1
95,overnight0095 25-11-05 17-49-40.fits,2025-11-05 17:49:40,1301.9612911240417,1050.082690973616,4.2376259008386095,3.011612781872003,9.978846414637092,7.091806146623613,1375.7171467147336,1785.599998391173,29048.0280945776,38731.29453997452,True,1,1
96,overnight0096 25-11-05 17-50-40.fits,2025-11-05 17:50:40,1303.461051708178,1050.1074425052752,4.193985993779912,3.6985744510454084,9.876082286731984,8.709477255361067,1498.4950509674402,1530.8514523797767,29058.56706067624,38745.569036830915,True,1,1
97,overnight0097 25-11-05 17-51-39.fits,2025-11-05 17:51:39,1302.283741008545,1049.5058385419788,4.201389758845066,3.6609076897196298,9.893516821116107,8.620778810759727,1401.9857485669395,1636.8350426941226,29050.629779724444,38734.03985748932,True,1,1
98,overnight0098 25-11-05 17-52-39.fits,2025-11-05 17:52:39,1301.1092841293018,1049.4500359464496,4.088630697713337,3.4594325481630923,9.627989523704242,8.146341108846945,1431.5363116944732,1639.8064665239617,29057.41079930203,38743.449687214525,True,1,1
99,overnight0099 25-11-05 17-53-40.fits,2025-11-05 17:53:40,1301.3374919232208,1049.646782865633,4.130054611255727,3.7567795875010934,9.725535385657492,8.846539877410676,1434.2904225145242,1529.649098614779,29060.866988876383,38748.05391874111,True,1,1
100,overnight0100 25-11-05 17-54-40.fits,2025-11-05 17:54:40,1300.7701072889024,1050.1553187333159,3.7753392241731354,3.3900789138988756,8.890244481874491,7.983025780685822,1484.2036405616418,1647.9496798325167,29056.630245599168,38742.195453789944,True,1,1
101,overnight0101 25-11-05 17-55-40.fits,2025-11-05 17:55:40,1300.7253721019704,1049.4973536120056,3.737984264026702,3.47229198042755,8.802280272940338,8.176622757711007,1532.9470076857215,1583.751786649176,29057.983472474123,38744.27938948494,True,1,1
102,overnight0102 25-11-05 17-56-40.fits,2025-11-05 17:56:40,1301.4875460876412,1049.6001833572163,4.008032599668695,4.065858604850505,9.43819550683735,9.574365342963539,1491.617929853546,1514.2538630969418,29059.54618745309,38745.828820924195,True,1,1
103,overnight0103 25-11-05 17-57-40.fits,2025-11-05 17:57:40,1300.1456891031337,1049.5881856947763,4.137496537932056,3.5526856087262026,9.74305978376856,8.365935285121441,1448.9192041038825,1696.5498095708213,29062.45781980087,38749.90144745421,True,1,1
104,overnight0104 25-11-05 17-58-40.fits,2025-11-05 17:58:40,1299.2613017175593,1048.0578059584266,4.017783194261777,3.716711643395884,9.461156402436108,8.752187079468548,1478.0285211913913,1570.695362220712,29052.674470028644,38737.03059942572,True,1,1
105,overnight0105 25-11-05 17-59-40.fits,2025-11-05 17:59:40,1297.9990724578665,1050.0215280796442,3.742901874478813,4.050572895401103,8.813860360606624,9.538370247949569,1543.5481615710994,1502.0079831761523,29059.690364374757,38745.85348514975,True,1,1
106,overnight0106 25-11-05 18-00-40.fits,2025-11-05 18:00:40,1298.193766492159,1049.4419854244943,3.7094628264041978,3.3649299601867835,8.735117419913765,7.923804520373032,1493.6792099312763,1711.3688332101062,29059.184924067828,38745.29543724208,True,1,1
107,overnight0107 25-11-05 18-01-40.fits,2025-11-05 18:01:40,1298.2635840779064,1047.3922287808896,4.50794664056503,3.5788980149338196,10.61540311113246,8.427660784687632,1361.9199078682254,1738.3040916541956,29059.05767588772,38745.30350590578,True,1,1
108,overnight0108 25-11-05 18-02-40.fits,2025-11-05 18:02:40,1297.615402728488,1048.6319575707048,4.113405519323268,3.236862811608824,9.686329770243374,7.6222294317916965,1400.1690713641183,1722.6756581312047,29055.654361972258,38741.111915798254,True,1,1
109,overnight0109 25-11-05 18-03-40.fits,2025-11-05 18:03:40,1297.7900615763103,1048.5133635818531,3.8321379594996716,3.60646757853558,9.023995282353827,8.492582145689815,1508.8515555629415,1559.3434386518702,29057.80560787815,38743.94761486499,True,1,1
110,overnight0110 25-11-05 18-04-40.fits,2025-11-05 18:04:40,1297.5780973328363,1048.8052270760684,4.267912801397756,3.1992495311111804,10.050166615175629,7.533656924916473,1402.1151187364594,1855.236972177979,29054.610966034037,38739.54491860751,True,1,1
111,overnight0111 25-11-05 18-05-40.fits,2025-11-05 18:05:40,1296.6518954788871,1050.1446488534089,4.3580540629207185,3.2188953828018874,10.262433064694278,7.579919370279455,1353.1985843553707,1944.0800421138788,29060.433058404502,38746.77346139282,True,1,1
112,overnight0112 25-11-05 18-06-40.fits,2025-11-05 18:06:40,1295.9767460843548,1051.025423262321,4.467973211725784,3.4184680129159606,10.521272879633186,8.049877000111621,1354.8359056035827,1737.6431576516877,29056.190800883338,38741.73564252796,True,1,1
113,overnight0113 25-11-05 18-07-39.fits,2025-11-05 18:07:39,1294.4904365111106,1051.6133845208496,4.381840813434806,3.5735752018878073,10.318446581611003,8.415126517830931,1327.4290826501835,1710.7796228767631,29057.952339357493,38743.54868659114,True,1,1
114,overnight0114 25-11-05 18-08-39.fits,2025-11-05 18:08:39,1293.1393521446098,1053.609623386613,4.730461150911316,3.398610332237223,11.139384740406143,8.003115735601508,1255.9446433789371,1687.3275315502622,29061.098291701233,38748.40081647716,True,1,1
115,overnight0115 25-11-05 18-09-40.fits,2025-11-05 18:09:40,1292.2859109651035,1054.6513416293403,4.786003476293567,3.2089457006318804,11.270176921563898,7.5564896592638355,1239.515921229051,1775.0918508075379,29061.247210989244,38748.637922285874,True,2,1
116,overnight0116 25-11-05 18-10-40.fits,2025-11-05 18:10:40,1291.826734971851,1054.2086363682545,4.634645761451639,3.4028453373718324,10.913756740684049,8.013088410583295,1278.7846576853824,1848.581273900384,29058.310520069837,38743.93917437255,True,1,1
117,overnight0117 25-11-05 18-11-40.fits,2025-11-05 18:11:40,1291.6346874382355,1054.8102617842283,4.634214080865224,3.5221078150724097,10.912740210586106,8.29393008369267,1272.1399311069256,1731.2150464706513,29058.02832105131,38743.77383792197,True,1,1
118,overnight0118 25-11-05 18-12-40.fits,2025-11-05 18:12:40,1291.912512525207,1054.364944632628,4.771390301716807,3.5184985130368713,11.235765525149008,8.285430826910813,1272.07029469378,1770.7695510483045,29057.574183487424,38743.22217592385,True,1,1
119,overnight0119 25-11-05 18-13-40.fits,2025-11-05 18:13:40,1291.6848139284873,1054.8743700868333,5.134924532859382,3.2213798835384058,12.091823219698457,7.585769922415703,1184.33478657285,1785.698148627133,29059.646490613664,38746.62491724952,True,1,1
120,overnight0120 25-11-05 18-14-40.fits,2025-11-05 18:14:40,1291.0872449630533,1055.0626960020331,4.984337905915087,3.5633505431360986,11.737218812056433,8.391049286448805,1217.8433127255391,1706.1568474208314,29061.350550296887,38748.45500790275,True,1,1
121,overnight0121 25-11-05 18-15-40.fits,2025-11-05 18:15:40,1291.247919083884,1054.1119026599595,4.8768748917366445,3.351333082717602,11.484162752169592,7.891786320758774,1261.6943367734762,1737.5801592550458,29058.79039133319,38745.48457156747,True,1,1
122,overnight0122 25-11-05 18-16-39.fits,2025-11-05 18:16:39,1290.627196705963,1054.699478947048,4.831184367595461,3.5734123018407034,11.376569790053962,8.414742917534673,1237.5546229114989,1616.075552300527,29053.92196645731,38738.828886263305,True,1,1
123,overnight0123 25-11-05 18-17-40.fits,2025-11-05 18:17:40,1290.8400246064862,1054.9183329246055,5.396807987000361,3.7876929102215713,12.708511626971578,8.919335189411369,1144.144546171624,1626.8266155160868,29062.166504349418,38749.57206145342,True,1,1
124,overnight0124 25-11-05 18-18-40.fits,2025-11-05 18:18:40,1289.426243522403,1054.1084830434274,4.565911891293033,4.265421346860358,10.751900845462007,10.044299688089682,1245.001642269485,1390.9766335272925,29059.023789673374,38745.040583401256,True,1,1
125,overnight0125 25-11-05 18-19-40.fits,2025-11-05 18:19:40,1289.6362010714136,1053.9954577581143,4.923441434762304,4.113194852028616,11.59381858111421,9.685833686675094,1228.7941435926373,1598.6712159712433,29057.623890454153,38742.812135037355,True,1,1
126,overnight0126 25-11-05 18-20-40.fits,2025-11-05 18:20:40,1289.4879689602692,1053.270780847897,5.461868072567214,4.171480644193429,12.861716420595831,9.823086238405304,1131.112223223896,1421.0812654151218,29060.257064944006,38747.335768239805,True,1,1
127,overnight0127 25-11-05 18-21-40.fits,2025-11-05 18:21:40,1289.0639964906552,1052.964444616104,5.852635661428291,4.04668708158649,13.781903771794308,9.529219855687659,1050.477942978968,1478.7956735760556,29059.58987781971,38746.33373778742,True,2,1
128,overnight0128 25-11-05 18-22-40.fits,2025-11-05 18:22:40,1288.3581495746912,1053.0656254744897,5.329376674932702,3.978558783150683,12.549723021651916,9.36878997289717,1162.1125045688175,1513.7533009034635,29056.563910410983,38742.308171661985,True,2,1
129,overnight0129 25-11-05 18-23-39.fits,2025-11-05 18:23:39,1288.1084831714638,1052.400073424386,5.739509155543508,4.207758420545741,13.515511208112509,9.908513873348877,1052.9299805089854,1402.6398580597224,29062.59128521706,38750.30622699313,True,1,1
130,overnight0130 25-11-05 18-24-40.fits,2025-11-05 18:24:40,1287.238647917149,1052.463348046099,5.893824825793806,4.460103699214737,13.878896841680298,10.502741593827551,1042.5362820584767,1411.452738656398,29053.357405013714,38737.61312998001,True,1,1
131,overnight0131 25-11-05 18-25-40.fits,2025-11-05 18:25:40,1286.683968369767,1052.497763728968,5.358699323037994,4.478292032711755,12.618772581183647,10.545571846132036,1096.0832767544955,1432.6490218412796,29057.366842374395,38742.447876225786,True,2,1
132,overnight0132 25-11-05 18-26-40.fits,2025-11-05 18:26:40,1285.9508030749607,1053.395573019227,6.006057661985529,3.8323993209768448,14.143184974055242,9.024610741599274,1013.1497945379632,1501.566470867174,29063.608233002,38751.90903702731,True,2,1
133,overnight0133 25-11-05 18-27-40.fits,2025-11-05 18:27:40,1285.5408483032224,1053.2697927503764,4.94605285535077,4.169288484106678,11.647064407562555,9.817924095891106,1145.7154320420852,1471.305473806263,29050.10801420431,38732.86697799952,True,1,1
134,overnight0134 25-11-05 18-28-40.fits,2025-11-05 18:28:40,1285.5097026778592,1053.2190274792156,5.746969496216936,4.70815874810856,13.533078967873058,11.086866595233857,1023.8027373509609,1323.0191987375104,29052.73929415207,38736.535026844016,True,2,1
135,overnight0135 25-11-05 18-29-40.fits,2025-11-05 18:29:40,1285.3137554801674,1052.6201217864286,5.607440378129737,4.831418334007587,13.20451300373583,11.3771207388511,1087.4366899712527,1353.872920852683,29056.986813090967,38742.07022263778,True,2,1
136,overnight0136 25-11-05 18-30-39.fits,2025-11-05 18:30:39,1284.4250482157365,1053.4868179320497,5.747129964469085,4.436582869639625,13.533456841729809,10.447354272868319,1073.0713685488436,1392.9557064094647,29058.04039896476,38744.0370463209,True,2,1
137,overnight0137 25-11-05 18-31-40.fits,2025-11-05 18:31:40,1283.4493921615299,1052.6101314464595,5.064117471322832,4.48481593137836,11.925085331862448,10.56093445348391,1137.6487829826676,1436.3589220337087,29060.100720905462,38745.912389759294,True,2,1
138,overnight0138 25-11-05 18-32-40.fits,2025-11-05 18:32:40,1283.4299929175163,1052.3193806569827,6.294489244498973,4.744977563746056,14.822389446177898,11.173568280331331,967.3911067787917,1316.0940252737898,29062.457639253626,38749.7403728881,True,2,1
139,overnight0139 25-11-05 18-33-40.fits,2025-11-05 18:33:40,1282.8444316103337,1052.4994221014613,6.623279478392918,4.667787267788065,15.596631279561775,10.991799024127584,910.2900761223681,1301.4340002397983,29060.577450562487,38747.376922775344,True,2,1
140,overnight0140 25-11-05 18-34-40.fits,2025-11-05 18:34:40,1281.326965991896,1052.8036741579983,5.735253760305468,4.626289538225809,13.505490518106443,10.894079338731109,1010.761557867362,1277.8154664312187,29060.808258198093,38747.594768667484,True,2,1
141,overnight0141 25-11-05 18-35-40.fits,2025-11-05 18:35:40,1281.7224293838588,1052.7974397935805,5.587750230755168,4.460199849092985,13.158146250008581,10.502968009488175,1064.0752820911364,1274.1173848691042,29061.595750938657,38749.13764963014,True,2,1
142,overnight0142 25-11-05 18-36-40.fits,2025-11-05 18:36:40,1280.093253726168,1053.7280517858508,5.8244270755659,4.378201302389374,13.715477628363574,10.309876188047106,971.6346201007158,1333.1258583740216,29059.09822325933,38745.23259340815,True,2,1
143,overnight0143 25-11-05 18-37-40.fits,2025-11-05 18:37:40,1278.2938124074617,1054.0829695079335,4.793711777824323,4.948130035157882,11.288328584521665,11.651955792209476,1151.4815263779706,1394.8896389054144,29060.32177202103,38745.29115244208,True,1,1
144,overnight0144 25-11-05 18-38-40.fits,2025-11-05 18:38:40,1278.7036142762636,1055.3860308809003,5.823283804311876,4.776426268810509,13.71278543029769,11.247624321407372,1019.7750420894433,1262.5285876504086,29060.243179558976,38746.870881365976,True,2,1
145,overnight0145 25-11-05 18-39-40.fits,2025-11-05 18:39:40,1277.2605345610743,1054.5102038366767,4.361261857153056,3.7248461946662434,10.269986842852921,8.771342483857323,1232.3440409302993,1599.2915474338183,29053.807788332688,38737.6498578188,True,1,1
146,overnight0146 25-11-05 18-40-39.fits,2025-11-05 18:40:39,1276.7865725727645,1054.488494326786,5.307563574273757,4.63124135671966,12.498357094975955,10.905739980179785,1101.1682176686325,1389.3819991534401,29057.581625036324,38742.67184453147,True,1,1
147,overnight0147 25-11-05 18-41-39.fits,2025-11-05 18:41:39,1276.333669151337,1053.4694270805728,5.430698211465613,4.476268668502118,12.78831700687295,10.540807187532785,1030.5872646286894,1279.9004819385034,29059.712844434973,38746.110978823366,True,2,1
148,overnight0148 25-11-05 18-42-40.fits,2025-11-05 18:42:40,1276.5126574089263,1055.902831889881,4.789484536272773,3.997363714620053,11.278374191380886,9.413072202466676,1197.5357528059046,1571.3295638713796,29060.341029455692,38746.40907663388,True,1,1
149,overnight0149 25-11-05 18-43-40.fits,2025-11-05 18:43:40,1274.9526834413784,1055.669689148131,4.6699289174540395,4.809457667866922,10.996842223690454,11.32540732202083,1191.948341213086,1263.3252071596128,29057.95910928765,38743.280184591415,True,1,1
150,overnight0150 25-11-05 18-44-40.fits,2025-11-05 18:44:40,1273.8331848935875,1056.1106227228343,5.339057891965226,4.126178938665895,12.572520545580398,9.716408874154977,1071.7100601113782,1501.2312023728452,29061.063386081776,38747.46774512101,True,2,1
151,overnight0151 25-11-05 18-45-40.fits,2025-11-05 18:45:40,1275.529587743007,1055.7353178591213,5.380434203811994,4.146230663856221,12.66995431410662,9.76362707857061,1090.6288240735544,1479.8576188836498,29055.204282550432,38739.922787704665,True,1,1
152,overnight0152 25-11-05 18-46-40.fits,2025-11-05 18:46:40,1273.6302691458895,1056.2516338322744,5.02110128970824,5.156595589525149,11.823789965135717,12.142854658332006,1156.0411732525617,1264.356730418487,29055.537119479686,38739.78247095174,True,1,1
153,overnight0153 25-11-05 18-47-40.fits,2025-11-05 18:47:40,1274.5075341874715,1053.9142682372283,4.758564811295496,4.118298790023172,11.20556380321755,9.697852542173269,1221.4140228246458,1524.6508338009419,29065.22735574144,38753.027063561094,True,1,1
154,overnight0154 25-11-05 18-48-40.fits,2025-11-05 18:48:40,1273.8817436614743,1054.539397840496,5.694447968040512,5.096208405102014,13.409400220527557,12.000653705989427,1031.5063982127826,1276.0365052330558,29064.036491274383,38751.22735759121,True,2,1
155,overnight0155 25-11-05 18-49-39.fits,2025-11-05 18:49:39,1272.3307957576403,1055.4493245292615,5.437140953344795,3.5438019526235562,12.803488504595009,8.345015873657768,1120.7545597620917,1740.285561127007,29054.741936713177,38739.55992366374,True,1,1
156,overnight0156 25-11-05 18-50-40.fits,2025-11-05 18:50:40,1269.3942738893777,1056.1661968514045,5.341798955958323,3.623830153875233,12.578975258016056,8.533467886132987,1111.348792528764,1563.766769305981,29055.384041406458,38740.86425821961,True,2,1
157,overnight0157 25-11-05 18-51-40.fits,2025-11-05 18:51:40,1270.2878793727757,1055.8145278576394,4.562334090552687,3.762645944148319,10.743475768561513,8.860354091634864,1250.896995358834,1628.7886769467295,29060.47095599493,38746.74426587407,True,1,1
158,overnight0158 25-11-05 18-52-40.fits,2025-11-05 18:52:40,1268.2321580383334,1053.9542809994875,5.656281209291562,4.171935174944557,13.319524371971667,9.824156576529143,1024.8923115834746,1501.050635039808,29063.165186545953,38750.27957125558,True,2,1
159,overnight0159 25-11-05 18-53-40.fits,2025-11-05 18:53:40,1268.2840319788768,1055.3130292198591,5.216298131077214,4.1481301321703015,12.283443399918102,9.768099984631506,1100.9515448247205,1361.0467440836092,29057.143635053475,38742.98493779558,True,1,1
160,overnight0160 25-11-05 18-54-40.fits,2025-11-05 18:54:40,1268.0121116930534,1054.5133348415563,5.393733321533913,4.332759350140293,12.701271343099421,10.202868568005632,1132.07218679162,1425.2695658403877,29060.403237655122,38747.11390259516,True,2,1
161,overnight0161 25-11-05 18-55-39.fits,2025-11-05 18:55:39,1266.9692944337055,1055.071010996636,5.36933763323833,3.589427778529466,12.643823887288654,8.452456483072098,1089.7983695306186,1614.0171905218872,29059.27362350846,38745.774012632755,True,1,1
162,overnight0162 25-11-05 18-56-40.fits,2025-11-05 18:56:40,1266.7268679951667,1056.4381814177896,5.229488402465097,3.687036737583389,12.314504115381686,8.68230801642688,1159.449842423029,1627.490329313289,29054.12440891624,38738.914419085304,True,2,1
163,overnight0163 25-11-05 18-57-40.fits,2025-11-05 18:57:40,1265.8471726352486,1055.6743691285644,5.42931806555162,3.59331276130597,12.785067011609614,8.461604918388808,1093.5748544802464,1669.4018160076018,29062.85048094459,38750.387256212554,True,2,1
164,overnight0164 25-11-05 18-58-40.fits,2025-11-05 18:58:40,1265.1921393621803,1057.4373327553583,4.648470350842514,3.5059556782704964,10.946311160896002,8.255894708181442,1235.5330522440781,1708.6420711067065,29056.332650258424,38741.454289270885,True,1,1
165,overnight0165 25-11-05 18-59-40.fits,2025-11-05 18:59:40,1264.9725173443794,1057.5674260074509,5.098170048549837,4.249742650529125,12.005273023301564,10.007379179688941,1199.1278902207582,1405.3612917128676,29057.01175165767,38742.866329962424,True,1,1
166,overnight0166 25-11-05 19-00-40.fits,2025-11-05 19:00:40,1262.810058352838,1057.3903802598882,4.66173445965892,3.68160336593171,10.977545750216345,8.669513403949404,1242.7746054437666,1537.7272185941877,29055.83276800863,38741.28292761863,True,1,1
167,overnight0167 25-11-05 19-01-40.fits,2025-11-05 19:01:40,1262.0954397988469,1057.055794024438,4.184512520116842,3.755347338270343,9.853773961054113,8.843167188212625,1341.3344157228248,1552.7950810371574,29059.777234328016,38746.08444607083,True,1,1
168,overnight0168 25-11-05 19-02-39.fits,2025-11-05 19:02:39,1261.9690229555254,1056.869298752012,4.91566096805948,3.551185473048781,11.575496982162704,8.362402735557984,1179.2492662546163,1662.5499382923215,29058.86586064188,38745.01448360863,True,1,1
169,overnight0169 25-11-05 19-03-40.fits,2025-11-05 19:03:40,1262.9280575952869,1056.7348038444652,5.138707129909793,3.642389422940326,12.10073055505504,8.577171624948592,1179.4700907549238,1644.3467079808552,29056.85408120153,38742.56558501828,True,1,1
170,overnight0170 25-11-05 19-04-40.fits,2025-11-05 19:04:40,1261.321948713861,1058.3882116614882,4.326416004765932,3.3779423921497194,10.18793113116553,7.9544464559939545,1321.8509424579104,1757.1958086267878,29058.949961336963,38744.983536947126,True,1,1
171,overnight0171 25-11-05 19-05-40.fits,2025-11-05 19:05:40,1259.7978835879949,1059.0798106945801,5.358337271800596,3.6546267216896613,12.617920015672494,8.605988261340558,1142.852454254685,1701.7217542526237,29057.07770998815,38742.64577249897,True,2,1
172,overnight0172 25-11-05 19-06-39.fits,2025-11-05 19:06:39,1260.3624993407552,1058.5008986357454,4.5948264306868305,3.391990333883743,10.819989382419358,7.987526830780661,1247.1715913149305,1725.924920398684,29056.749482004616,38742.171038710854,True,1,1
173,overnight0173 25-11-05 19-07-39.fits,2025-11-05 19:07:39,1259.3510010140683,1062.0933126503169,4.682108344482659,3.48426122750438,11.025522582594439,8.204808180651455,1283.6269397543645,1537.3340844434294,29053.62771973508,38739.02359996492,True,1,1
174,overnight0174 25-11-05 19-08-40.fits,2025-11-05 19:08:40,1258.8194787291798,1060.7833213658598,4.580152883076887,3.4002958749595757,10.785435818375747,8.00708488539086,1269.6642009025422,1712.3766801782697,29058.871607221845,38745.152571813764,True,1,1
175,overnight0175 25-11-05 19-09-40.fits,2025-11-05 19:09:40,1258.2269159556015,1060.3883036062882,4.142965322505819,3.338842049733973,9.755937787304813,7.862372185905781,1352.2742689350212,1655.556765570583,29057.23351643676,38743.07565358297,True,1,1
176,overnight0176 25-11-05 19-10-40.fits,2025-11-05 19:10:40,1256.6669447347922,1060.9034497942052,4.663509265420754,3.4047661230800688,10.98172509840035,8.017611515271259,1231.0046576971447,1732.5018556899172,29059.794509489486,38746.18645427589,True,1,1
177,overnight0177 25-11-05 19-11-40.fits,2025-11-05 19:11:40,1255.6329929903234,1062.5237500247329,4.244838049765867,4.18965678273021,9.995829727498744,9.865887773772975,1357.2492555171127,1526.4791806540622,29060.470529016908,38746.46617171215,True,1,1
178,overnight0178 25-11-05 19-12-40.fits,2025-11-05 19:12:40,1254.9714095813936,1064.5815802251218,4.530391503057448,3.592388044192312,10.66825672323757,8.459427375993585,1276.3428775846894,1763.342528966945,29057.252281548637,38742.28202391055,True,1,1
179,overnight0179 25-11-05 19-13-41.fits,2025-11-05 19:13:41,1253.4190522772737,1066.531440286367,3.6511922741523,4.223637064801394,8.597900755435973,9.945905223130005,1496.4752435614912,1475.7368193506554,29054.08280720589,38737.77304390426,True,1,1
180,overnight0180 25-11-05 19-14-41.fits,2025-11-05 19:14:41,1255.1863761892114,1066.725684350908,5.578937737393779,3.199407156957679,13.13739441399448,7.534028105419424,1121.7965438971933,1807.9112476329797,29061.969310404904,38749.911484341384,True,2,1
181,overnight0181 25-11-05 19-15-41.fits,2025-11-05 19:15:41,1253.5099129634982,1066.6858105495419,5.400964178788078,3.6847133791192874,12.718298710704286,8.676836925343823,1155.637947132195,1664.7185346550996,29049.372551302535,38732.637143424836,True,1,1
182,overnight0182 25-11-05 19-16-41.fits,2025-11-05 19:16:41,1252.2788346209295,1066.7188637966447,4.376719989200086,3.666900544755256,10.306387962056002,8.634890905924586,1336.5104816132666,1703.2513499830864,29052.201327085164,38735.751285852544,True,1,1
183,overnight0183 25-11-05 19-17-41.fits,2025-11-05 19:17:41,1251.021780541673,1066.099371168526,5.161261864878767,3.4868864309049075,12.15384289707034,8.2109900622413,1168.9885525624563,1673.664176715826,29058.023190787357,38744.28886766696,True,1,1
184,overnight0184 25-11-05 19-18-40.fits,2025-11-05 19:18:40,1250.9528875140993,1067.2507104265148,5.302213268861397,3.2859057552430726,12.485758088543893,7.737716738528948,1152.4247998000992,1836.642604617942,29059.225583330735,38745.732506177825,True,2,1
185,overnight0185 25-11-05 19-19-41.fits,2025-11-05 19:19:41,1250.172734253678,1067.7869776909836,4.616539912952648,3.532483920460219,10.87112072570633,8.318363944649239,1259.5326174116178,1730.0450083380213,29060.55771567592,38747.02296969464,True,1,1
186,overnight0186 25-11-05 19-20-41.fits,2025-11-05 19:20:41,1251.6130967467986,1069.7767452468156,4.770402935178151,3.295682225584548,11.233440454631985,7.760738566858705,1264.9253999176567,1808.5940410810285,29061.51972422771,38748.78912168664,True,1,1
187,overnight0187 25-11-05 19-21-41.fits,2025-11-05 19:21:41,1249.3278866600613,1073.0870391968797,4.705805401059519,3.5467622829769283,11.08132488642986,8.351986918913802,1269.6559559246691,1727.3992947051363,29059.545903536313,38745.86286668575,True,1,1
188,overnight0188 25-11-05 19-22-41.fits,2025-11-05 19:22:41,1248.9438495394093,1073.0924828018033,4.317415642462797,3.557521553263483,10.166736897601568,8.377323064254488,1355.11837882587,1713.0087165176528,29048.68503802227,38731.26221004415,True,1,1
189,overnight0189 25-11-05 19-23-41.fits,2025-11-05 19:23:41,1248.9260007545483,1072.752898042104,4.961366336662588,3.5723791864507803,11.683124900314832,8.412310116705653,1227.8849604027243,1649.592667725127,29057.130723769227,38743.1007882732,True,1,1
190,overnight0190 25-11-05 19-24-41.fits,2025-11-05 19:24:41,1246.9946159728086,1073.5574118687107,4.688462267502411,3.4510161748306083,11.040484927885934,8.126522064217147,1250.3766440915372,1679.3861005416695,29063.70792322659,38751.697715492206,True,1,1
191,overnight0191 25-11-05 19-25-40.fits,2025-11-05 19:25:40,1246.3038462278012,1074.7609193097194,4.69656895929097,3.3066752617681536,11.05957472820852,7.78662518881961,1265.4499118918986,1819.664307473429,29054.08610327225,38738.68516662539,True,1,1
192,overnight0192 25-11-05 19-26-41.fits,2025-11-05 19:26:41,1246.9569523027374,1075.3580578340186,4.2241158936547825,3.218615666688075,9.947032778912103,7.579260689167732,1389.0441451733445,1741.8101383285523,29059.42085936186,38746.235571309706,True,1,1
193,overnight0193 25-11-05 19-27-41.fits,2025-11-05 19:27:41,1245.5835271395142,1078.7174770355261,4.402727378164161,3.514930550736945,10.367630682907523,8.277028917767032,1293.8220587283702,1653.6783085354393,29061.64233536105,38748.704719638794,True,1,1
194,overnight0194 25-11-05 19-28-41.fits,2025-11-05 19:28:41,1245.7931273366491,1077.6982424736323,4.248283965778337,3.6080717056572293,10.003944239598404,8.49635957639065,1390.4863977055827,1609.9989561155785,29061.88277066789,38749.30521722624,True,1,1
195,overnight0195 25-11-05 19-29-41.fits,2025-11-05 19:29:41,1245.0730332116814,1079.527139411909,3.874963277814308,3.5128432090691706,9.124841200355965,8.272113603766929,1440.7506097683845,1688.8651516487505,29065.35150626104,38753.34525005857,True,1,1
196,overnight0196 25-11-05 19-30-41.fits,2025-11-05 19:30:41,1245.5213888646256,1079.943521216793,4.379705181519567,3.499966534226408,10.313417552768188,8.241791351733847,1353.1785551598925,1612.1299115354336,29057.658363096016,38743.91541601632,True,1,1
197,overnight0197 25-11-05 19-31-41.fits,2025-11-05 19:31:41,1244.201032050335,1081.1850228802323,4.232530892862652,3.8441004378402894,9.966848587725714,9.052164766138562,1405.012664111662,1607.3905520307464,29059.25612674907,38745.37167566319,True,1,1
198,overnight0198 25-11-05 19-32-42.fits,2025-11-05 19:32:42,1244.5138033402968,1082.211920041512,4.153735502125313,3.1690391850659725,9.781299622161383,7.462516996481896,1412.8567806100032,1714.1431519772761,29060.350202212074,38747.70339944103,True,1,1
199,overnight0199 25-11-05 19-33-42.fits,2025-11-05 19:33:42,1244.1937006022297,1083.3596383331749,4.948700630019905,3.5329688950853377,11.65329944042816,8.3195059726178,1247.2183099874405,1707.9559773151948,29053.82766190046,38738.61698728097,True,1,1
200,overnight0200 25-11-05 19-34-42.fits,2025-11-05 19:34:42,1241.4488690388034,1087.1671311979396,4.046098127106399,3.69784235466741,9.52783297387233,8.707753300135263,1446.1758259710177,1488.2989505842952,29058.749918847192,38745.454054209586,True,1,1
201,overnight0201 25-11-05 19-35-42.fits,2025-11-05 19:35:42,1241.5965489952955,1087.6973353762278,3.8146748426070185,3.5863497499524435,8.98287278464629,8.445208279679747,1509.9314894237414,1629.5960809157384,29055.287920956784,38740.27370234583,True,1,1
202,overnight0202 25-11-05 19-36-42.fits,2025-11-05 19:36:42,1241.844098750598,1089.6273762188064,4.303768593633947,3.4843643984133807,10.134600553463876,8.205051129576034,1396.0586696445725,1651.407630346226,29057.985309219916,38744.312289225825,True,1,1
203,overnight0203 25-11-05 19-37-42.fits,2025-11-05 19:37:42,1240.5047376232772,1091.4038936189315,4.317681771377228,3.342830070651129,10.167363583303834,7.871763257501503,1383.4048211026923,1710.735545399382,29060.508458663506,38747.676744443794,True,1,1
204,overnight0204 25-11-05 19-38-42.fits,2025-11-05 19:38:42,1240.675227772278,1092.3897918041791,4.357993752804058,3.5069712679028577,10.262291045222646,8.258286239005253,1393.117469812553,1668.673211589306,29057.7874083438,38744.00272857616,True,1,1
205,overnight0205 25-11-05 19-39-41.fits,2025-11-05 19:39:41,1239.0083775970131,1095.3421303862378,4.500084326050103,3.7729609519338507,10.596888775312372,8.884644078732883,1390.0241357707087,1566.9351793191483,29059.68338831188,38746.6926305303,True,1,1
206,overnight0206 25-11-05 19-40-42.fits,2025-11-05 19:40:42,1238.978650082837,1096.6833371291234,4.88775829031559,3.283962862836816,11.509791197301354,7.733141576545356,1244.9593118163543,1780.2287006959127,29057.446099998422,38743.57330072578,True,1,1
207,overnight0207 25-11-05 19-41-42.fits,2025-11-05 19:41:42,1238.9069694351742,1098.7167811456027,4.543590628862352,3.7824763163530095,10.699338289259844,8.907051049602893,1338.2457480221406,1630.5584722130784,29058.298669946358,38744.28450405305,True,1,1
208,overnight0208 25-11-05 19-42-42.fits,2025-11-05 19:42:42,1238.9496713850597,1100.6901999432137,4.553736001960834,3.4256707741643204,10.723228817196466,8.066838206678833,1380.0545290375633,1740.6487356948207,29059.03020906944,38745.79336071501,True,1,1
209,overnight0209 25-11-05 19-43-42.fits,2025-11-05 19:43:42,1237.1041692982592,1102.8062780126359,4.057912642837377,3.824493013335582,9.555654032337971,9.005992809883447,1461.2556286815575,1554.5224438416994,29059.79436613963,38746.372105529954,True,1,1
210,overnight0210 25-11-05 19-44-42.fits,2025-11-05 19:44:42,1236.9774199829217,1105.974086464858,4.116545773029218,3.3107396721950684,9.693724502616627,7.796196143964141,1442.588179696439,1684.3962446847752,29058.00759272727,38744.48257447235,True,1,1
211,overnight0211 25-11-05 19-45-42.fits,2025-11-05 19:45:42,1235.5104299116924,1107.396405500055,4.066439135459595,3.3076524429245535,9.575732388078578,7.788926274594327,1422.212488389883,1736.15725474353,29060.050123096276,38746.78667940133,True,1,1
212,overnight0212 25-11-05 19-46-42.fits,2025-11-05 19:46:42,1234.5136992125547,1109.3513362988347,4.40236763744337,3.8833341556060708,10.36678355824719,9.144553111174512,1342.1152716555005,1555.2533369717014,29058.972509696447,38745.12554532151,True,1,1
213,overnight0213 25-11-05 19-47-41.fits,2025-11-05 19:47:41,1234.8245582371426,1111.5840430417165,4.868547439376292,3.263092655369905,11.464553100427393,7.6839959936583195,1286.7485209231024,1835.0111639729432,29059.90116639792,38746.89624088713,True,1,1
214,overnight0214 25-11-05 19-48-41.fits,2025-11-05 19:48:41,1235.1607158183767,1111.9498850438122,3.988183305783921,3.5822913439101085,9.391453991717773,8.435651463780381,1439.6828114192,1617.2164836840043,29056.359236277032,38741.74492113759,True,1,1
215,overnight0215 25-11-05 19-49-42.fits,2025-11-05 19:49:42,1233.3415576764733,1114.3559914051025,4.396338218589607,3.972375302454354,10.352585361870462,9.354228988605392,1345.160602337695,1490.6258890632491,29059.75990210094,38746.33668654226,True,1,1
216,overnight0216 25-11-05 19-50-42.fits,2025-11-05 19:50:42,1234.3878623154772,1116.917856195964,4.136267525164643,3.526421641024444,9.740165679868257,8.304088367515297,1432.1806188935684,1631.6560758556552,29055.95469897606,38741.49484019274,True,1,1
217,overnight0217 25-11-05 19-51-42.fits,2025-11-05 19:51:42,1233.0197191700715,1119.7960093250592,4.114850550489978,3.397015708293791,9.689732558600436,7.999360683175227,1414.077173948848,1694.794202784245,29059.854156779515,38746.55246514966,True,1,1
218,overnight0218 25-11-05 19-52-42.fits,2025-11-05 19:52:42,1232.7893150519496,1121.894074822682,4.171119585664072,3.5818967969879956,9.822236010542944,8.434722376779485,1392.311727224481,1668.8312436036845,29060.743265435372,38747.43563836366,True,1,1
219,overnight0219 25-11-05 19-53-42.fits,2025-11-05 19:53:42,1232.4303932335092,1122.865299655307,4.129165107104669,3.4685202261142325,9.723440763452441,8.167740955049075,1406.6906411539271,1739.6347880792505,29063.779826222686,38751.41203599447,True,1,1
220,overnight0220 25-11-05 19-54-42.fits,2025-11-05 19:54:42,1232.9216250062752,1124.0984535020286,4.025685925259574,2.95001253781837,9.479765911800209,6.946748657147319,1446.0345927483208,1836.5867267752872,29055.96102038141,38741.80791856089,True,1,1
221,overnight0221 25-11-05 19-55-41.fits,2025-11-05 19:55:41,1231.9493840882587,1126.0540954776056,4.177292610728813,3.531825611442127,9.836772373703875,8.31681374537761,1402.0034047879606,1675.060017386951,29062.167865120005,38749.47955068374,True,1,1
222,overnight0222 25-11-05 19-56-41.fits,2025-11-05 19:56:41,1231.7083449815404,1129.6812202394374,3.7003388154385912,3.8275573479094165,8.713632016000872,9.013208766362593,1574.8557408458041,1505.9304701890962,29051.983056312623,38736.06026369696,True,1,1
223,overnight0223 25-11-05 19-57-42.fits,2025-11-05 19:57:42,1231.714287857379,1131.3755065272765,4.33071218321941,3.690833116767597,10.198047858304813,8.691247806228391,1358.065279270183,1503.0332287368412,29063.313883555846,38751.521155192546,True,1,1
224,overnight0224 25-11-05 19-58-42.fits,2025-11-05 19:58:42,1229.3111824447792,1132.8908203483502,4.568735879393836,3.5943429778460634,10.758550829248707,8.464030892948143,1294.4442540975556,1717.01480853825,29057.57768192657,38743.10064732098,True,1,1
225,overnight0225 25-11-05 19-59-42.fits,2025-11-05 19:59:42,1229.7646225663243,1133.0226291956417,4.106056498702323,3.509911160462268,9.669024149173826,8.26520915693439,1454.223236468523,1637.0319078753027,29060.995552638546,38748.288189378756,True,1,1
226,overnight0226 25-11-05 20-00-42.fits,2025-11-05 20:00:42,1229.3919945256907,1135.6741419708135,4.355515088964304,3.6905654394778664,10.256454237927901,8.690617474380934,1382.561108538247,1661.4571560440313,29064.295965491627,38752.251076219894,True,1,1
227,overnight0227 25-11-05 20-01-41.fits,2025-11-05 20:01:41,1228.866697403891,1137.1516827150742,4.122884485451,2.8672744454219217,9.708651029687127,6.751915338684539,1369.6302046278602,1971.6173666153009,29057.067384169437,38742.74823386467,True,1,1
228,overnight0228 25-11-05 20-02-41.fits,2025-11-05 20:02:41,1227.7346328647034,1137.6884708270136,4.2990374887711855,3.332613103764847,10.123459652897903,7.847704139078269,1357.6889173446812,1720.5169125315385,29056.46500917579,38742.08773518394,True,1,1
229,overnight0229 25-11-05 20-03-41.fits,2025-11-05 20:03:41,1228.4488907051789,1140.5470902687935,4.504410608035234,3.1022905309594297,10.607076390851415,7.305335927812972,1312.9541746392354,1798.946597609402,29056.13069843653,38741.94264118073,True,1,1
230,overnight0230 25-11-05 20-04-42.fits,2025-11-05 20:04:42,1228.3400020533988,1143.1383782359053,4.469612563026215,3.1972755233477237,10.525133256936288,7.529008491866039,1326.9424836841206,1778.4143062216756,29057.79468408182,38744.04589047994,True,1,1
231,overnight0231 25-11-05 20-05-42.fits,2025-11-05 20:05:42,1228.0677537428837,1144.565716996398,4.417463577902225,3.474329086434045,10.402331781438297,8.181419775768955,1386.8054101624932,1609.9308199664922,29059.698042242533,38746.95955807825,True,1,1
232,overnight0232 25-11-05 20-06-42.fits,2025-11-05 20:06:42,1228.3304646603208,1145.9779949471172,4.835376319195159,3.1058049498753424,11.386441081708732,7.313611751922799,1276.4772271920071,1987.8106794468438,29057.675573927798,38743.5654677116,True,1,1
233,overnight0233 25-11-05 20-07-42.fits,2025-11-05 20:07:42,1226.8880360214957,1147.4658800845366,4.3554467802669965,3.382692242662976,10.256293383238232,7.9656314991934725,1332.7750860596923,1751.2175929603297,29052.041971325183,38735.900604037815,True,1,1
234,overnight0234 25-11-05 20-08-42.fits,2025-11-05 20:08:42,1227.3936883942724,1147.7789148730728,4.065507112872863,3.2742575706510264,9.57353764260892,7.7102873599633766,1407.0740420614966,1750.02037173207,29060.800355201653,38747.72134179325,True,1,1
235,overnight0235 25-11-05 20-09-42.fits,2025-11-05 20:09:42,1226.6149826429557,1149.5008118799667,3.881304180577304,3.480232521389961,9.139772885285858,8.195321302737682,1451.3863100877572,1670.7067427550417,29060.14589130581,38746.6246563536,True,1,1
236,overnight0236 25-11-05 20-10-42.fits,2025-11-05 20:10:42,1226.861553001912,1150.6474020797357,4.31040157680821,3.4240706878198703,10.150220035200984,8.063070291281141,1368.614296175963,1756.6789623487746,29059.15144722535,38745.384191944584,True,1,1
237,overnight0237 25-11-05 20-11-42.fits,2025-11-05 20:11:42,1226.766971161539,1151.5809080420486,3.9415245441234275,4.017232183713903,9.281581004483321,9.459858871752951,1471.855257945034,1448.8197586912152,29058.88834490417,38745.15979603182,True,1,1
238,overnight0238 25-11-05 20-12-42.fits,2025-11-05 20:12:42,1226.3965111793368,1152.7824428991146,4.445546850377065,3.6999731309103763,10.468462834392115,8.712770894743675,1345.7332387310455,1594.864625231956,29059.046111645333,38745.50130009471,True,1,1
239,overnight0239 25-11-05 20-13-42.fits,2025-11-05 20:13:42,1225.9732407496845,1155.1198955733387,4.084828268141502,3.86088822964035,9.619035486328666,9.09169699478115,1404.4567670913516,1568.8992548042856,29059.713500806003,38745.866400305764,True,1,1
240,overnight0240 25-11-05 20-14-41.fits,2025-11-05 20:14:41,1226.505001094429,1155.7182047170559,3.943211021846296,3.972268062756783,9.28555235603063,9.35397645841593,1523.3178115151236,1590.746594952259,29059.518076781624,38745.616633875725,True,1,1
241,overnight0241 25-11-05 20-15-41.fits,2025-11-05 20:15:41,1225.362911609429,1158.4629720702208,4.680700137770743,3.469007101405766,11.022206509201672,8.168887458745008,1286.2081631004633,1689.1624422132652,29058.153987716752,38744.41503589215,True,1,1
242,overnight0242 25-11-05 20-16-42.fits,2025-11-05 20:16:42,1225.8839305934225,1159.5033747206342,4.040771170475118,3.3656975952837414,9.515288949617979,7.925612162886618,1434.7191297690451,1744.5637376015363,29058.459040697253,38744.51504998649,True,1,1
243,overnight0243 25-11-05 20-17-42.fits,2025-11-05 20:17:42,1224.6317963807064,1161.266335753336,4.063317453187969,3.36250873614069,9.568381388091137,7.918102973455779,1428.8890240415155,1721.0053741427694,29057.22478193982,38742.99135614872,True,1,1
244,overnight0244 25-11-05 20-18-42.fits,2025-11-05 20:18:42,1225.8992584289986,1161.1482238173992,3.727354639314639,4.33799924800363,8.777249419597217,10.215207584528132,1497.570464831069,1373.6113017246173,29057.940258038532,38743.42848538967,True,1,1
245,overnight0245 25-11-05 20-19-42.fits,2025-11-05 20:19:42,1225.9672547790776,1160.8602957949558,4.247897621168518,3.8623056768530817,10.003034467566913,9.095034827890466,1408.6784858001226,1528.9582077101,29059.325989024688,38745.870624010764,True,1,1
246,overnight0246 25-11-05 20-20-41.fits,2025-11-05 20:20:41,1226.0120130808575,1163.808337762197,4.354101880182233,3.2896233298410933,10.253126385560067,7.7464709577112645,1379.573102175046,1766.476381304773,29062.21842993386,38749.880144757386,True,1,1
247,overnight0247 25-11-05 20-21-42.fits,2025-11-05 20:21:42,1225.0199851482755,1164.4038852506435,3.994917777081534,3.27997166108256,9.407312459722078,7.723743014650672,1417.3821218343035,1704.9522044059845,29053.0111937348,38737.4398156776,True,1,1
248,overnight0248 25-11-05 20-22-42.fits,2025-11-05 20:22:42,1225.745670594647,1165.1471782086326,3.8614592735111644,3.839995079404237,9.093041700334737,9.04249738580131,1514.0623918959525,1466.5231785610338,29058.14961804267,38744.48024415777,True,1,1
249,overnight0249 25-11-05 20-23-42.fits,2025-11-05 20:23:42,1225.7680806781073,1167.0549105393955,3.5798212026593634,3.626118334042765,8.42983472564907,8.538856138658135,1569.4315453387026,1598.5177323239552,29057.463300598673,38743.051845604845,True,1,1
250,overnight0250 25-11-05 20-24-42.fits,2025-11-05 20:24:42,1224.847452810677,1168.3654208712614,3.967033120303371,3.345618946599582,9.341649110992051,7.878330558488025,1414.0658467809205,1701.388037101536,29055.721368203886,38740.854052307164,True,1,1
251,overnight0251 25-11-05 20-25-42.fits,2025-11-05 20:25:42,1225.9629784989158,1167.7887820444003,3.953490201713667,3.6292392247415823,9.309757974828795,8.54620527463406,1490.815163655947,1643.902105038294,29060.797705304514,38747.636025972424,True,1,1
252,overnight0252 25-11-05 20-26-42.fits,2025-11-05 20:26:42,1227.208181720599,1167.3598100559705,4.313961067717325,3.338306713141959,10.158601995743874,7.861111564568068,1379.2671216603835,1698.365353346952,29057.463398207063,38743.650655592006,True,1,1
253,overnight0253 25-11-05 20-27-41.fits,2025-11-05 20:27:41,1225.425703701414,1171.577744520029,4.156645544622827,3.8248903487554964,9.788152248566421,9.006928463294862,1376.757393903985,1626.7254681297482,29052.430600454696,38735.92220948041,True,1,1
254,overnight0254 25-11-05 20-28-42.fits,2025-11-05 20:28:42,1226.8004126502824,1171.3251675201084,4.107846321725555,3.7785795736136802,9.673238860305991,8.897874921689992,1433.660621253688,1542.5219389132992,29057.339773675696,38743.19896462475,True,1,1
255,overnight0255 25-11-05 20-29-42.fits,2025-11-05 20:29:42,1225.9480208370946,1172.987223439846,4.5857928024074255,3.3294813599000506,10.798716813467657,7.840329445849544,1340.7731306891992,1751.9698436855585,29058.157022097566,38744.62107235827,True,1,1
256,overnight0256 25-11-05 20-30-42.fits,2025-11-05 20:30:42,1226.2336190044439,1172.9282201454907,3.7361756954053256,3.4621047098963547,8.798021419297907,8.152633568859995,1471.8150809691954,1561.5474483869793,29056.73716876862,38742.43727284309,True,1,1
257,overnight0257 25-11-05 20-31-42.fits,2025-11-05 20:31:42,1225.9257814448313,1174.6093641481418,4.016323657912609,3.398633862316739,9.457719456984636,8.003171144704412,1436.9776004660212,1768.3706461152246,29058.260284358865,38744.03544420703,True,1,1
258,overnight0258 25-11-05 20-32-42.fits,2025-11-05 20:32:42,1225.8563116330124,1174.3852559862069,3.748403554394727,3.8779804265174516,8.826815826753961,9.131946042600966,1532.2312423918358,1453.2006027048922,29057.180225951117,38743.04788419838,True,1,1
259,overnight0259 25-11-05 20-33-41.fits,2025-11-05 20:33:41,1226.6448244844653,1174.9713815734685,3.658004603366207,3.3483283728631164,8.613942564822231,7.884710769763929,1480.2809918521598,1599.8424285317421,29056.5784851514,38742.18046831457,True,1,1
260,overnight0260 25-11-05 20-34-41.fits,2025-11-05 20:34:41,1227.1302170513527,1176.254219812021,4.067724994883909,3.76609869930194,9.578760355626043,8.868484708681194,1396.7820395957133,1604.3748996057861,29059.405479267294,38745.403315022704,True,1,1
261,overnight0261 25-11-05 20-35-42.fits,2025-11-05 20:35:42,1226.4594403263195,1175.9401450509915,3.9132207302704773,4.062403963924367,9.21493061627157,9.566230285262284,1519.2121435622043,1529.662783061567,29052.935571744416,38736.89611498983,True,1,1
262,overnight0262 25-11-05 20-36-42.fits,2025-11-05 20:36:42,1226.8702798255977,1175.7109454408874,3.985018894567502,3.340177454069843,9.38400237275463,7.865516822804109,1433.5576196325928,1614.2877277155944,29061.19658156008,38748.68085495464,True,1,1
263,overnight0263 25-11-05 20-37-42.fits,2025-11-05 20:37:42,1226.6318790300666,1177.747526549797,4.288125106652847,3.64772245618001,10.097762956746603,8.589729958522216,1366.143071290833,1596.7238336809567,29061.2490973739,38748.37623998585,True,1,1
264,overnight0264 25-11-05 20-38-42.fits,2025-11-05 20:38:42,1226.3538662188153,1178.5056159291469,4.2047279468330325,3.7017936666125952,9.901377653104253,8.717057928707954,1393.529763970152,1515.8296329838342,29051.70454231849,38735.929992443416,True,1,1
265,overnight0265 25-11-05 20-39-42.fits,2025-11-05 20:39:42,1226.355290701271,1179.1207354744552,4.31547585898696,3.2326331472782313,10.162169056589647,7.6122693334422635,1358.7054904316894,1755.022839685482,29061.314641997393,38748.667725513056,True,1,1
266,overnight0266 25-11-05 20-40-41.fits,2025-11-05 20:40:41,1226.282866849307,1178.7315585584397,4.301607738380156,3.3099693922073157,10.129512128197838,7.794382273208695,1352.3591925763865,1663.6734552473229,29056.913337584712,38742.95662991937,True,1,1
267,overnight0267 25-11-05 20-41-41.fits,2025-11-05 20:41:41,1225.3673737064864,1178.1853710983282,4.067095689751125,3.8019687318115634,9.577278455284924,8.952952180250767,1442.4501781760632,1609.2677029075423,29053.976428679973,38738.30650099364,True,1,1
268,overnight0268 25-11-05 20-42-42.fits,2025-11-05 20:42:42,1226.0087615863995,1178.1242481366655,4.08605240390373,3.6467803364428906,9.621918105759399,8.587511436080428,1427.7548905777587,1672.1833982922785,29057.53891719074,38743.04029497755,True,1,1
269,overnight0269 25-11-05 20-43-42.fits,2025-11-05 20:43:42,1226.0267195223284,1179.5583518719288,4.489353179743996,3.3956216493250886,10.571618856884593,7.996077925171772,1313.5399562640441,1724.0258309756653,29055.659981020042,38740.93585862582,True,1,1
270,overnight0270 25-11-05 20-44-42.fits,2025-11-05 20:44:42,1226.753588719574,1178.7820017040724,4.4300655515348435,3.2311105856326843,10.432007161555337,7.6086839747595345,1371.7888142502713,1754.4995265875457,29056.419505191407,38742.42550491699,True,1,1
271,overnight0271 25-11-05 20-45-42.fits,2025-11-05 20:45:42,1226.7736780739276,1178.9140886330815,4.4462258213683965,3.5758815397724684,10.470061688892498,8.420557528512344,1316.76093393967,1773.6910464339528,29058.330723726136,38743.804003869904,True,1,1
272,overnight0272 25-11-05 20-46-42.fits,2025-11-05 20:46:42,1226.628782563834,1179.8141304316202,4.67973936224426,3.50660496344926,11.019944055733134,8.257423657935338,1265.5979799219886,1750.1838718712672,29055.552762182524,38740.45693348702,True,1,1
273,overnight0273 25-11-05 20-47-42.fits,2025-11-05 20:47:42,1226.5187612992133,1180.323553356522,4.831310874269173,3.374963943970689,11.37686769050505,7.947432746518888,1272.7781142402976,1730.8150180917476,29056.57041978163,38742.49566957666,True,1,1
274,overnight0274 25-11-05 20-48-41.fits,2025-11-05 20:48:41,1225.6534347232114,1180.646276184036,5.030355104857392,3.6487311608191577,11.84558103454195,8.592105276425997,1228.1524776046874,1761.4039077920766,29061.662868171126,38748.55894656285,True,1,1
275,overnight0275 25-11-05 20-49-42.fits,2025-11-05 20:49:42,1224.472016613187,1181.2164659179994,4.845689897502802,3.347664171083844,11.410727702643564,7.883146694100153,1245.6527011340104,1764.3944535242963,29057.79877916023,38743.900702704756,True,2,1
276,overnight0276 25-11-05 20-50-42.fits,2025-11-05 20:50:42,1223.45704132522,1181.8939262465888,4.70977503502182,3.7370338566408954,11.090672660055722,8.800042234577296,1217.116508499371,1669.0351186137132,29058.218024242167,38743.631539571936,True,1,1
277,overnight0277 25-11-05 20-51-42.fits,2025-11-05 20:51:42,1223.4184483866138,1181.4480783198155,4.812334856629122,3.420879816361366,11.332182583791397,8.055556363209536,1257.9329805317489,1715.194313965233,29060.41167511179,38747.45855455422,True,1,1
278,overnight0278 25-11-05 20-52-42.fits,2025-11-05 20:52:42,1223.2713193022155,1181.6736261820129,5.049356060499505,3.6184737957461537,11.890324865762743,8.520854626642267,1197.0346576971365,1590.3314623953045,29060.271992736165,38747.407513163096,True,2,1
279,overnight0279 25-11-05 20-53-41.fits,2025-11-05 20:53:41,1222.8129068880387,1181.9160585045586,5.366083383011928,3.696916182148,12.636160713623976,8.705572330521399,1111.7850318665712,1565.0882168112487,29057.2455578927,38743.22898380001,True,1,1
280,overnight0280 25-11-05 20-54-41.fits,2025-11-05 20:54:41,1222.6360219810406,1180.4716754345038,5.209058606679603,3.8839938205280453,12.266395622750117,9.14610650335578,1105.7125751883125,1566.2793723606167,29057.355671450157,38742.7182962765,True,2,1
281,overnight0281 25-11-05 20-55-42.fits,2025-11-05 20:55:42,1222.856961200068,1180.1380724756823,5.2863537321209,4.064467075269454,12.448411733522464,9.571088541212827,1133.4262120608266,1433.3574640858876,29058.978928001343,38745.521770418534,True,2,1
282,overnight0282 25-11-05 20-56-42.fits,2025-11-05 20:56:42,1223.2947271725818,1179.790882037216,5.240202687025725,4.527403380161056,12.33973432743322,10.66122023154413,1139.0844524058377,1374.7573060987113,29063.519082844876,38751.025803559416,True,1,1
283,overnight0283 25-11-05 20-57-42.fits,2025-11-05 20:57:42,1223.7483120534876,1178.324888466799,5.9261908484831824,4.258688581900231,13.955113000687167,10.028445238203092,1026.4883784865567,1452.054675538031,29052.10342343313,38736.00645315999,True,1,1
284,overnight0284 25-11-05 20-58-42.fits,2025-11-05 20:58:42,1223.8955848494068,1177.3221114157511,5.374127662265531,4.309617227775427,12.655103543658187,10.148373034376286,1103.3170261231842,1370.0798309929744,29056.63292270046,38742.209668792806,True,2,1
285,overnight0285 25-11-05 20-59-42.fits,2025-11-05 20:59:42,1224.2050692134717,1176.670493217418,6.206587332336332,4.890723960336841,14.61539626142076,11.516774816514342,986.7838907737423,1280.8801062363343,29059.305470206345,38745.55802085621,True,2,1
286,overnight0286 25-11-05 21-00-41.fits,2025-11-05 21:00:41,1224.409311016506,1174.7811266538201,5.582600476752184,5.675652673668687,13.146019506055376,13.365140684588527,1051.684890670521,1187.9977810145972,29055.598532430402,38739.66023480173,True,2,1
287,overnight0287 25-11-05 21-01-42.fits,2025-11-05 21:01:42,1225.0919279131615,1173.8582876415142,5.4187503124441445,4.3872282473643,12.760181854761191,10.331133019019454,1064.4003525937696,1302.9681735449747,29057.928308821403,38743.97138700585,True,2,1
288,overnight0288 25-11-05 21-02-42.fits,2025-11-05 21:02:42,1226.0223028472064,1172.2164640052488,5.454755062661607,5.569951658994323,12.844966562289605,13.116233816453223,1063.1431445504588,1182.5739734775661,29057.363514747358,38742.12298992055,True,2,1
289,overnight0289 25-11-05 21-03-42.fits,2025-11-05 21:03:42,1226.084317191106,1169.5284913480505,5.2260354365532855,5.287745443399796,12.306373002037745,12.451688963138904,1064.7035525032572,1081.7782057131474,29058.886200318684,38744.97795082977,True,2,1
290,overnight0290 25-11-05 21-04-41.fits,2025-11-05 21:04:41,1227.0264165220815,1168.30033801844,6.169129878606761,5.5822208524802805,14.52719069854255,13.145125559210319,964.7328335128004,1104.924283489806,29060.84204919723,38747.50692124352,True,2,1
291,overnight0291 25-11-05 21-05-42.fits,2025-11-05 21:05:42,1228.3085700333718,1167.576907974893,6.14138187795157,5.790910137509312,14.461849150390172,13.636551270779858,967.1372607912647,1108.4261523798064,29056.774114356373,38741.73982491763,True,2,1
292,overnight0292 25-11-05 21-06-42.fits,2025-11-05 21:06:42,1229.644224158903,1164.0412530563685,6.8167674098783415,5.654436805750582,16.052260539095222,13.315181133542243,911.2288931706872,1074.2546733133006,29056.406929295925,38742.0551952696,True,2,1
293,overnight0293 25-11-05 21-07-42.fits,2025-11-05 21:07:42,1230.1651053140317,1163.393606851377,7.006582459432441,5.8232198580765315,16.499240822633762,13.712634848420896,860.9916979264366,1039.0451541614586,29054.61776987272,38739.46688749304,True,2,1
294,overnight0294 25-11-05 21-08-42.fits,2025-11-05 21:08:42,1230.0813932400565,1161.9975132235604,5.686064547404819,6.105968053762543,13.389658773568701,14.378455967318649,955.4808866813433,1002.9017563440202,29059.48541955117,38745.07874755036,True,2,1
295,overnight0295 25-11-05 21-09-42.fits,2025-11-05 21:09:42,1231.2292700690057,1161.4564429084683,5.761279479954755,8.318088344190297,13.56677640442294,19.58760116923761,957.1456506196893,817.7161015642271,29054.64159767531,38737.841316851176,True,1,3
296,overnight0296 25-11-05 21-10-42.fits,2025-11-05 21:10:42,1232.6341729786934,1159.8829547825214,6.083009425634472,6.300192155465936,14.324392529596256,14.835818775237929,939.6940443782275,915.3988271111486,29058.306520430935,38744.34208440481,True,2,4
297,overnight0297 25-11-05 21-11-41.fits,2025-11-05 21:11:41,1233.8493256265933,1159.1197902477847,6.0982460496392115,6.3904839165388525,14.360272037221216,15.048439624113579,921.8374883351091,878.9425873802196,29057.455374581186,38743.27999923318,True,2,3
298,overnight0298 25-11-05 21-12-41.fits,2025-11-05 21:12:41,1234.9382737508597,1158.186848687294,6.412916361696669,8.084435288487173,15.101263995630262,19.03739027008516,891.0841966863993,716.6302515790115,29062.509375733578,38749.90922976496,True,2,18
299,overnight0299 25-11-05 21-13-41.fits,2025-11-05 21:13:41,1234.8949656837215,1158.551546066668,5.452008571752816,7.061636157089225,12.838499070444088,16.62888237342903,1019.452549258667,932.0358422911212,29059.361718557844,38744.479234151906,True,2,1
300,overnight0300 25-11-05 21-14-42.fits,2025-11-05 21:14:42,1235.9983226549027,1156.20242943113,6.949555765154269,6.0367707227930865,16.36495321984567,14.215508705289132,824.5418255366548,964.6264952426062,29060.730671878537,38747.51944241516,True,2,1
301,overnight0301 25-11-05 21-15-42.fits,2025-11-05 21:15:42,1236.219266494082,1157.0083213113496,6.020776790622436,8.221580906993555,14.17784587321482,19.360343521632156,905.6010368448765,817.4023061109879,29059.044064670317,38743.73677477437,True,2,2
302,overnight0302 25-11-05 21-16-42.fits,2025-11-05 21:16:42,1237.727209774507,1155.8848772696444,7.668475550007401,7.57036301396151,18.057879939987163,17.826842573437474,746.0822228839238,800.1049607896829,29054.059685228498,38738.30788513043,True,2,3
303,overnight0303 25-11-05 21-17-42.fits,2025-11-05 21:17:42,1238.5029787044236,1155.1143964263847,6.1814469087122585,7.316263385924789,14.556195087930224,17.228483675901696,895.2132213932756,869.821234622138,29058.703921250853,38743.85479972147,True,2,2
304,overnight0304 25-11-05 21-18-41.fits,2025-11-05 21:18:41,1238.9724299173058,1154.8282445484049,6.665654580173119,8.883667302689227,15.696417018644018,20.91943783775862,844.9114783881884,779.0356126873917,29060.439433606232,38745.56999718341,True,2,2
305,overnight0305 25-11-05 21-19-42.fits,2025-11-05 21:19:42,1238.9066807957765,1154.2363257589877,6.133391071406787,8.88859357069745,14.443032238962552,20.931038312411577,905.3964418062999,738.7757341693122,29057.698560935554,38742.274886012114,True,2,3
306,overnight0306 25-11-05 21-20-42.fits,2025-11-05 21:20:42,1239.6452508849757,1153.7539021760394,7.195103216351511,9.34340943872349,16.943173279931194,22.00204783523745,779.6228057334864,734.7518242712121,29060.327012692018,38745.46342628443,True,2,3
307,overnight0307 25-11-05 21-21-42.fits,2025-11-05 21:21:42,1243.1188565669063,1150.30479550015,7.679132146254133,8.90268621329208,18.082974306440768,20.964223949680868,749.7707113056204,615.4433195033353,29061.726510231267,38749.33225832769,True,2,2
308,overnight0308 25-11-05 21-22-42.fits,2025-11-05 21:22:42,1243.4366705206069,1150.0225932757776,6.663990240817855,9.47120249167175,15.692497798968507,22.30297747793571,811.9562950966704,672.5383534787907,29058.986704356033,38744.063756321164,True,2,11
309,overnight0309 25-11-05 21-23-42.fits,2025-11-05 21:23:42,1244.937687881086,1147.8803751540652,7.308157171009163,10.484240808294963,17.209394998529053,24.68850041230446,759.9665041700098,636.6899319305455,29053.07511724875,38735.96965016023,True,2,14
310,overnight0310 25-11-05 21-24-41.fits,2025-11-05 21:24:41,1246.696539662496,1145.8998393634,7.931585764935862,9.020627496206965,18.677457148153103,21.241954446825503,708.1131846415516,736.8171210153475,29053.619383347424,38736.81435559336,True,2,2
311,overnight0311 25-11-05 21-25-41.fits,2025-11-05 21:25:41,1247.8835120937413,1145.801831825126,6.907441147048585,10.193233807306235,16.265780872941583,24.003231293131865,801.0834002815336,668.5253581275688,29056.41786394632,38740.21809568485,True,2,5
312,overnight0312 25-11-05 21-26-42.fits,2025-11-05 21:26:42,1249.8093686082316,1144.6911423604197,8.03478975727965,9.832048845237601,18.920483978051475,23.152705704488902,722.0777387771922,663.8098168744972,29056.574682574887,38741.153236124825,True,2,8
313,overnight0313 25-11-05 21-27-42.fits,2025-11-05 21:27:42,1250.9933591031117,1144.3869250950058,7.2879557795148315,8.706133469706247,17.161824356900684,20.50137760917912,763.0341908648737,739.9701822523909,29057.84950849401,38742.64875043995,True,2,8
314,overnight0314 25-11-05 21-28-42.fits,2025-11-05 21:28:42,1252.2480186250145,1142.3420139934965,7.659611650635545,7.712840880269821,18.03700705206918,18.162352308993526,752.872081824997,826.1008414285319,29056.163284077345,38740.76135756834,True,2,1
315,overnight0315 25-11-05 21-29-42.fits,2025-11-05 21:29:42,1253.901161555978,1142.271155930478,7.669093260921906,9.023043129406227,18.059334538030672,21.24764282830457,743.6692717175309,708.9075230827702,29056.629697127217,38741.26788761753,True,2,2
316,overnight0316 25-11-05 21-30-42.fits,2025-11-05 21:30:42,1254.7010677041053,1142.3898420407158,7.873360331480194,7.646921080405689,18.54034673032108,18.00712304290904,708.4954009240844,788.94739612864,29057.88922926412,38743.25857564936,True,2,3
317,overnight0317 25-11-05 21-31-42.fits,2025-11-05 21:31:42,1254.943784165607,1140.9003812020474,7.068792331500897,7.253795308180649,16.64573387637937,17.081382594255246,773.1045824618409,815.1423025350869,29056.676752999076,38741.650843325064,True,2,5
318,overnight0318 25-11-05 21-32-42.fits,2025-11-05 21:32:42,1256.835623973657,1138.9482116653191,7.619803053637264,8.175126232562791,17.943264969893065,19.250951123097206,736.9380533300845,718.7877668242755,29056.03182539797,38741.03520788736,True,2,2
319,overnight0319 25-11-05 21-33-42.fits,2025-11-05 21:33:42,1257.041852782782,1139.1093518220357,7.882772623328591,9.29940222776755,18.562510983835367,21.898418772752493,731.7046430789967,712.6499386941839,29058.741451320617,38743.866680433886,True,2,13
320,overnight0320 25-11-05 21-34-42.fits,2025-11-05 21:34:42,1257.2333333297265,1138.354912488164,7.653238024129474,8.491454900897923,18.021998308613142,19.995848212110722,718.9109899874625,691.6444079674951,29060.13888239093,38746.36739757072,True,2,3
321,overnight0321 25-11-05 21-35-43.fits,2025-11-05 21:35:43,1257.274174974693,1138.0233223173418,7.863975201176512,8.400395837743154,18.518246437356744,19.781420504912134,701.323989165726,692.4809049602861,29057.058772426237,38742.350863564476,True,2,14
322,overnight0322 25-11-05 21-36-43.fits,2025-11-05 21:36:43,1256.3010251639116,1138.5840773989514,6.581813415332999,8.765336059677905,15.498986163079758,20.640789054762127,774.9465185363828,791.3889528260452,29056.560862691465,38739.6838779644,True,2,3
323,overnight0323 25-11-05 21-37-43.fits,2025-11-05 21:37:43,1258.2316709353038,1138.8473192596052,7.773917776354384,10.268880948956458,18.30617740818173,24.181366698639103,701.0716692542256,661.5812943716609,29054.302613894273,38737.316000296225,True,2,3
324,overnight0324 25-11-05 21-38-43.fits,2025-11-05 21:38:43,1258.1472778642317,1140.742271015665,6.627410010895983,9.280696222565773,15.606357940296643,21.854369496740894,793.8022358535545,729.7226007887031,29058.814842704553,38743.11316488055,True,2,17
325,overnight0325 25-11-05 21-39-43.fits,2025-11-05 21:39:43,1260.50424225162,1139.571549035193,8.091366735587945,9.308689470665897,19.05371258065913,21.92028855849259,703.0560318836763,712.416392707111,29055.52366529443,38739.4671281612,True,2,12
326,overnight0326 25-11-05 21-40-43.fits,2025-11-05 21:40:43,1260.7699006937073,1139.175122620927,7.590296480434526,9.927898687424086,17.873782299855087,23.37841483418269,747.1096037649517,588.8032920011736,29053.196661702303,38737.367346322826,True,2,11
327,overnight0327 25-11-05 21-41-43.fits,2025-11-05 21:41:43,1261.5770056847932,1140.0618251394894,7.813073562671932,10.701267105601717,18.39838223868124,25.19955828750125,682.9616670229454,637.9041153910456,29058.111936296355,38742.20353993073,True,2,14
328,overnight0328 25-11-05 21-42-43.fits,2025-11-05 21:42:43,1262.4384671274831,1139.342274186804,7.513925495082378,10.156887548037814,17.693942372689083,23.91764239324469,711.4019801792776,636.640532671875,29059.369146598256,38744.36219982873,True,2,6
329,overnight0329 25-11-05 21-43-42.fits,2025-11-05 21:43:42,1263.5662062942272,1139.2772816484514,7.686411982157279,10.479609682475548,18.100117009950033,24.677594944393842,710.161168766575,621.9298744253696,29060.3356799307,38745.73168946375,True,2,14
330,overnight0330 25-11-05 21-44-43.fits,2025-11-05 21:44:43,1264.8053873338915,1137.85604396912,8.246896901412008,9.428173146598544,19.419958132748622,22.20165111363277,666.2220796609386,644.604057753546,29053.695672034177,38737.49954176336,True,2,14
331,overnight0331 25-11-05 21-45-43.fits,2025-11-05 21:45:43,1265.3382430879883,1138.2593586047926,8.067897221726788,10.273199743338507,18.998446098971748,24.19153668222032,649.3578942014075,675.2065280456835,29061.402301900416,38746.32015304145,True,2,12
332,overnight0332 25-11-05 21-46-43.fits,2025-11-05 21:46:43,1265.184014540279,1136.4841857311808,8.177994694904669,9.982387866084414,19.257705835718276,23.506727044329303,651.3957762026462,568.5411376244451,29062.390981353336,38749.399940830815,True,2,12
333,overnight0333 25-11-05 21-47-43.fits,2025-11-05 21:47:43,1267.3166456319757,1138.8435959460635,8.200583604362805,10.37833771132614,19.310898652505685,24.43911767673142,649.7649316840719,642.710552682939,29058.969356336,38743.54068725546,True,3,6
334,overnight0334 25-11-05 21-48-42.fits,2025-11-05 21:48:42,1268.7513930013558,1135.2724432794919,8.250715454337728,9.372799340079364,19.428950137721117,22.07125576407174,650.1253909684912,650.7202502177042,29063.937674539688,38750.95723840695,True,2,13
335,overnight0335 25-11-05 21-49-42.fits,2025-11-05 21:49:42,1268.988890029862,1135.8421586950333,8.216267655997248,9.893324117957137,19.347831771681772,23.296997944953603,662.8440776298164,675.866434364935,29057.164703364415,38741.26680480657,True,2,4
336,overnight0336 25-11-05 21-50-43.fits,2025-11-05 21:50:43,1270.7778830269785,1137.28512861573,8.260116143670187,12.386792760235476,19.4510870693983,29.16866788544674,645.274987985659,641.2350257180879,29059.218576190557,38742.21366624903,True,3,4
337,overnight0337 25-11-05 21-51-43.fits,2025-11-05 21:51:43,1271.355707781148,1136.3085957900319,8.226849852143982,10.404746647989354,19.37275093928855,24.50130597015391,662.1097940381619,617.7530348890465,29054.33328146756,38737.83098262045,True,3,6
338,overnight0338 25-11-05 21-52-43.fits,2025-11-05 21:52:43,1272.6388638349956,1137.6140701002985,8.194351198537351,11.274430693758429,19.296222458339138,26.54925539397454,678.5537700399649,636.8250296056841,29059.721630850298,38744.181151482626,True,2,13
339,overnight0339 25-11-05 21-53-43.fits,2025-11-05 21:53:43,1272.865919877963,1135.371834161248,7.65296643241144,10.588591837280024,18.02135875899145,24.93422830707809,670.8253433911971,592.0419214224257,29056.919321138714,38741.07719914003,True,2,20
340,overnight0340 25-11-05 21-54-43.fits,2025-11-05 21:54:43,1275.0330085612673,1133.529832181842,8.513451031128627,8.703169443418927,20.047645140491095,20.494397860663742,653.1333605877576,741.1754670107721,29056.85589715519,38741.31239810431,True,3,5
341,overnight0341 25-11-05 21-55-43.fits,2025-11-05 21:55:43,1277.1639645315274,1133.6349424667906,7.697034340995438,9.450394918172309,18.12513075346764,22.253979386770773,697.2620349399771,666.8606940881856,29056.74855563428,38741.11040909846,True,2,7
342,overnight0342 25-11-05 21-56-42.fits,2025-11-05 21:56:42,1278.995190551519,1133.2884127184618,8.179605570836317,9.858767011839095,19.26149915865218,23.215622178768577,657.2534294842626,640.1993590555288,29058.74069581843,38743.76626261568,True,2,7
343,overnight0343 25-11-05 21-57-42.fits,2025-11-05 21:57:42,1279.363593062241,1132.2190547982086,8.464199004041308,8.832437156252045,19.93166547984747,20.79880006201847,640.8669415345738,672.5587283683449,29057.273821061026,38742.358226061726,True,2,12
344,overnight0344 25-11-05 21-58-42.fits,2025-11-05 21:58:42,1281.03820279439,1132.4678293564166,8.223795742442043,8.636513453527279,19.3655590605427,20.337434999545508,675.9701699657148,662.9806966821603,29057.093965445358,38742.574189190804,True,2,13
345,overnight0345 25-11-05 21-59-43.fits,2025-11-05 21:59:43,1281.9291958284336,1133.058822810053,7.873587820663674,9.362697797108247,18.540882426410366,22.047468448197613,695.8731032142018,688.4368196674548,29061.821538504086,38747.83344367277,True,2,14
346,overnight0346 25-11-05 22-00-43.fits,2025-11-05 22:00:43,1282.2647999379237,1132.8218122758965,7.871087948095177,8.72921639663522,18.534995676376045,20.555733748209448,691.2764828601441,732.22537186736,29056.28913665478,38740.477733981614,True,2,5
347,overnight0347 25-11-05 22-01-43.fits,2025-11-05 22:01:43,1282.3381717823438,1131.5245493553994,7.852286074211499,8.716261266120886,18.490720646870617,20.525226747188306,689.1684183322212,699.4597421487608,29059.923539769068,38745.67026281678,True,2,8
348,overnight0348 25-11-05 22-02-43.fits,2025-11-05 22:02:43,1284.150718477419,1133.425631790678,7.728973159817653,8.861043923904429,18.200340924244806,20.866163851909846,722.2221856757667,714.4786962895917,29062.088246488216,38748.47316064178,True,2,7
349,overnight0349 25-11-05 22-03-43.fits,2025-11-05 22:03:43,1284.6769520277685,1133.3125350609696,7.980889528573076,8.890834008194219,18.793558639061484,20.936314139538606,710.3768339391036,670.262710819374,29059.274149919816,38745.320580429834,True,2,8
350,overnight0350 25-11-05 22-04-43.fits,2025-11-05 22:04:43,1284.564245327331,1131.7893194364767,8.9428406004615,7.858176205206635,21.05878030548335,18.504590845405822,627.418108315987,731.1677769077887,29061.046312134516,38747.88583496051,True,2,9
351,overnight0351 25-11-05 22-05-42.fits,2025-11-05 22:05:42,1285.0895877494393,1131.840565025355,7.400642982353117,8.380183901912737,17.427182440962746,19.733825033269788,729.6447285009841,648.6115516458407,29056.899065616486,38742.485553077,True,2,7
352,overnight0352 25-11-05 22-06-43.fits,2025-11-05 22:06:43,1286.1508163279004,1134.256319285094,7.581835482985364,9.233738757523884,17.853858173460843,21.743793116796414,731.5054659790667,687.4911374821747,29057.803848919735,38742.69147854803,True,2,6
353,overnight0353 25-11-05 22-07-43.fits,2025-11-05 22:07:43,1287.5203856633452,1132.9185748491607,7.553680585070187,7.3899863793805,17.787558455484387,17.40208805867089,724.9295363540981,741.9618601223405,29060.4734331478,38747.288508538055,True,2,4
354,overnight0354 25-11-05 22-08-43.fits,2025-11-05 22:08:43,1289.1909937163848,1133.4803947311,7.735788472733943,9.139345315040888,18.21638975971324,21.52151354631798,746.1070276495354,703.27703997409,29059.160323427164,38744.69097255125,True,2,10
355,overnight0355 25-11-05 22-09-43.fits,2025-11-05 22:09:43,1291.0031418919737,1131.1336210188826,6.863488940807096,6.588220089217753,16.162281336660786,15.514072727165553,806.4822193926989,877.1726925764918,29058.241838290083,38744.00425948964,True,2,1
356,overnight0356 25-11-05 22-10-43.fits,2025-11-05 22:10:43,1292.0425559064322,1130.4738473232574,9.120939332064747,6.3997217335948875,21.478170768657264,15.070193020889459,640.1662263872217,837.6269780226869,29056.1449237213,38742.15105186264,True,2,1
357,overnight0357 25-11-05 22-11-43.fits,2025-11-05 22:11:43,1292.1650159893147,1128.4994817588583,7.373546404479425,7.622399846893079,17.363374876234033,17.94937995070466,749.9412849266415,842.1202152632517,29061.955089921852,38748.1125055865,True,2,4
358,overnight0358 25-11-05 22-12-42.fits,2025-11-05 22:12:42,1293.8007509499994,1126.2022707943634,7.404124733262449,4.705113775591692,17.435381337795846,11.079696232914568,777.943795239955,965.6957264157668,29057.793296421107,38745.3122980243,True,2,2
359,overnight0359 25-11-05 22-13-42.fits,2025-11-05 22:13:42,1293.0790733098952,1127.822441327272,6.909769535037837,7.5338892769109815,16.27126380765128,17.740953486313703,808.4530274528114,787.5696330312957,29059.21422367562,38745.1656329515,True,2,5
360,overnight0360 25-11-05 22-14-43.fits,2025-11-05 22:14:43,1292.3584703041017,1128.1450667812517,6.362760391782603,7.517126276600039,14.98315571229865,17.701479637166635,847.2915652528538,890.3387877288403,29056.418938704086,38740.192534147005,True,2,2
361,overnight0361 25-11-05 22-15-43.fits,2025-11-05 22:15:43,1290.060717946164,1129.0125712098654,7.040321522947769,7.41032710200305,16.578690245700226,17.449986800032885,811.0366848386112,860.0823958780285,29059.40713094347,38745.0099088491,True,2,2
362,overnight0362 25-11-05 22-16-43.fits,2025-11-05 22:16:43,1290.429051126957,1131.522710178258,8.037495587164859,8.815421583901177,18.92685572050361,20.758731451168973,730.6008689431402,779.2454799891055,29056.74045867488,38741.01876263708,True,2,4
363,overnight0363 25-11-05 22-17-43.fits,2025-11-05 22:17:43,1289.4484084267406,1130.6417918861773,7.46833538012385,6.270727543622898,17.586585856129478,14.766434916650887,762.2295825626627,955.0515030915136,29054.87257909058,38739.44329924677,True,2,2
364,overnight0364 25-11-05 22-18-43.fits,2025-11-05 22:18:43,1289.0356282851826,1132.2692285162561,7.270954660053442,7.300115699359088,17.121789780005038,17.19045877989591,787.2466912597863,809.3853161758911,29051.67381718974,38735.32412496708,True,2,3
365,overnight0365 25-11-05 22-19-43.fits,2025-11-05 22:19:43,1287.2606923210894,1134.6982060548712,7.422451448954433,8.174441330790769,17.478537455266913,19.24933830267557,729.6146827955034,704.5221109935223,29057.495031425402,38742.8781981914,True,2,5
366,overnight0366 25-11-05 22-20-43.fits,2025-11-05 22:20:43,1287.380276786206,1136.5075701083688,7.879886386792637,7.7504780311099895,18.5557144161858,18.25098102622981,745.6865252057572,751.1855305065924,29049.33798430025,38732.52098562931,True,2,1
367,overnight0367 25-11-05 22-21-43.fits,2025-11-05 22:21:43,1286.939020110139,1138.7998172938528,7.007062340156017,8.815140880537678,16.50037085538086,20.758070445261897,777.4990201796649,733.6190880946903,29062.925753513216,38749.23736773081,True,2,5
368,overnight0368 25-11-05 22-22-42.fits,2025-11-05 22:22:42,1287.6735451503157,1139.8895144175135,7.913394688492657,9.85554492353003,18.634620436703955,23.20803474063153,743.0865746609616,699.1123130452697,29060.510617200354,38746.02916574265,True,2,12
369,overnight0369 25-11-05 22-23-43.fits,2025-11-05 22:23:43,1287.476406360304,1140.2046422218557,8.15121154644778,8.141441150505017,19.194636340862953,19.171628816649047,731.2130486180947,699.6822728658502,29057.326489453673,38743.44645171245,True,2,5
370,overnight0370 25-11-05 22-24-43.fits,2025-11-05 22:24:43,1288.1897415724109,1140.4922760291615,8.207164542627972,8.230037901875601,19.32639557784761,19.380258222701123,716.9484171282656,738.2881554168613,29057.5053571874,38743.08977954994,True,2,2
371,overnight0371 25-11-05 22-25-43.fits,2025-11-05 22:25:43,1288.6789594660936,1140.6384325615197,7.023815160159969,8.92166623149728,16.539820731736963,21.008918477005526,808.0961534773827,815.8537139186059,29056.453743517268,38739.845738494754,True,2,1
372,overnight0372 25-11-05 22-26-43.fits,2025-11-05 22:26:43,1289.9237769906038,1141.0944533445813,8.017531241764555,8.16339535324791,18.87984327976905,19.223327013340686,754.4576170476955,758.9984014798205,29059.875659166908,38746.308813085234,True,2,7
373,overnight0373 25-11-05 22-27-43.fits,2025-11-05 22:27:43,1289.4118099574382,1141.2432057842168,7.212056769951234,9.829965446862246,16.983095847782327,23.147799676232832,779.8884257789724,675.5121078489444,29057.560242017684,38742.08767432032,True,2,6
374,overnight0374 25-11-05 22-28-42.fits,2025-11-05 22:28:42,1291.1265155909211,1142.1967156345033,8.16675431988941,8.607068321127562,19.23123677531868,20.268097011542064,703.7337060370261,749.1742073821521,29061.439396474576,38747.67071644915,True,2,3
375,overnight0375 25-11-05 22-29-42.fits,2025-11-05 22:29:42,1291.803454025409,1143.6797530772476,6.446615662613903,9.531866127961187,15.180619784933693,22.445829424674542,826.9044298145279,675.7596830945947,29060.36633936264,38745.705301281334,True,2,19
376,overnight0376 25-11-05 22-30-43.fits,2025-11-05 22:30:43,1292.6998004063114,1144.5881174646377,7.826163395000605,10.68799587949412,18.429206438234893,25.168306938240942,732.5272640604085,667.0469800421049,29056.088595982408,38739.62825829666,True,2,6
377,overnight0377 25-11-05 22-31-43.fits,2025-11-05 22:31:43,1292.7000948651978,1141.9816707177806,7.891415439903039,8.703544765260903,18.582863261550404,20.49528167606056,724.7350536031566,773.1936744047712,29056.88755002807,38741.1976980402,True,2,1
378,overnight0378 25-11-05 22-32-43.fits,2025-11-05 22:32:43,1293.6867936839196,1141.985008457125,8.476037243656386,8.963265943542613,19.959542403790934,21.10687831279739,672.4628134716896,669.7413121207974,29059.87760551625,38746.10757096574,True,2,11
379,overnight0379 25-11-05 22-33-43.fits,2025-11-05 22:33:43,1295.105129421578,1140.7203773118913,7.8545355940241715,8.772190791344435,18.496017861217194,20.656930714293782,760.3684915943454,710.829921435308,29051.720921939395,38735.284286358314,True,2,3
380,overnight0380 25-11-05 22-34-43.fits,2025-11-05 22:34:43,1296.4974651359182,1142.3281226949523,8.081485900955013,9.590113601556402,19.030444993203865,22.582991743068966,743.3031727158808,706.6403770280342,29062.26902286407,38748.687071860964,True,2,3
381,overnight0381 25-11-05 22-35-43.fits,2025-11-05 22:35:43,1297.320773429733,1143.3155323910426,8.20270411269124,8.583294918690491,19.31589206802314,20.21211492694466,697.0902518180002,724.0088991269641,29060.250014322864,38746.35200755886,True,2,6
382,overnight0382 25-11-05 22-36-43.fits,2025-11-05 22:36:43,1299.1929902802217,1142.344617756364,8.170637619679542,9.08028560189877,19.24038124750535,21.382438549957143,748.1786980814187,747.428711984953,29056.9612258252,38741.73533818465,True,2,8
383,overnight0383 25-11-05 22-37-42.fits,2025-11-05 22:37:42,1298.297326181669,1140.0913392204843,7.534312145734151,6.302384146514656,17.74194926629492,14.840980519697984,765.029487116991,952.605692800242,29053.484323193752,38737.66613970879,True,2,1
384,overnight0384 25-11-05 22-38-43.fits,2025-11-05 22:38:43,1301.896921569256,1140.441940582895,7.580653122146872,7.01613702721751,17.851073926457904,16.521740110375646,787.8770511963047,883.5185849546037,29062.77806843885,38750.075361063864,True,2,4
385,overnight0385 25-11-05 22-39-43.fits,2025-11-05 22:39:43,1303.2668046310948,1141.7001905700542,6.837337590552703,7.395149854090917,16.10069961287712,17.41424711242099,856.7195191371447,892.4520016420862,29059.94608290898,38745.62589263454,True,2,1
386,overnight0386 25-11-05 22-40-43.fits,2025-11-05 22:40:43,1303.7114614385057,1141.7268179796556,6.858739067012761,8.621211677574847,16.15109623863852,20.301402070808148,836.9518384825457,728.879375218985,29060.82924418343,38747.06291168568,True,2,1
387,overnight0387 25-11-05 22-41-42.fits,2025-11-05 22:41:42,1303.9327063864505,1142.2804008469607,6.910568086050808,6.874436871024415,16.273144251583606,16.18806174218813,815.941320248343,896.6331701588687,29049.544172070164,38732.03985622812,True,2,1
388,overnight0388 25-11-05 22-42-43.fits,2025-11-05 22:42:43,1305.2027544229766,1144.2565165096848,6.9275011243665485,6.950650399070406,16.313018509632787,16.36753088573336,856.3346175905443,864.8370267675406,29060.689465499054,38747.482920114075,True,2,6
389,overnight0389 25-11-05 22-43-43.fits,2025-11-05 22:43:43,1304.8642703244495,1143.5664422243285,6.587448987540633,7.496347071138752,15.512256921479514,17.65254834762658,861.0025576550458,909.9437987591069,29056.274952956337,38740.19929711583,True,2,2
390,overnight0390 25-11-05 22-44-43.fits,2025-11-05 22:44:43,1306.9788193385887,1144.7210734239263,7.947722067732042,8.147694612218187,18.715455237430238,19.186354593642054,786.0908024681603,753.4350287316142,29058.3400433107,38744.59552824516,True,2,4
391,overnight0391 25-11-05 22-45-43.fits,2025-11-05 22:45:43,1307.969574344557,1143.0227097353174,6.730533519585165,8.376659874491889,15.849195245671853,19.725526582859935,913.6517232585165,741.1553373713526,29056.767902903393,38742.280121631266,True,2,4
392,overnight0392 25-11-05 22-46-43.fits,2025-11-05 22:46:43,1308.3392510226918,1145.3820040384435,7.493167938796476,7.080718775551309,17.645062063061182,16.67381850589522,799.0002263527077,861.0080605035876,29053.638948805416,38738.042291905585,True,2,1
393,overnight0393 25-11-05 22-47-42.fits,2025-11-05 22:47:42,1309.4004990064975,1144.6759606939463,6.974967389264664,6.308647007761359,16.42479302167762,14.855728430900967,879.0915391277764,980.3857410972655,29061.766512008053,38748.95246653392,True,2,1
394,overnight0394 25-11-05 22-48-42.fits,2025-11-05 22:48:42,1310.0222184001912,1144.5609322520434,6.537449430662606,6.963524859595608,15.394516962700472,16.397847923447063,903.6534889316071,806.8540041089954,29057.091746223516,38743.16634834017,True,2,1
395,overnight0395 25-11-05 22-49-43.fits,2025-11-05 22:49:43,1309.9353549585503,1146.7983956419946,6.595350044005555,7.046341164418043,15.530862487620034,16.592865418098327,891.0038385621148,840.3368158520747,29058.73157949104,38744.916928189166,True,2,1
396,overnight0396 25-11-05 22-50-43.fits,2025-11-05 22:50:43,1309.5379125052702,1144.1509849481001,5.5926281070330885,6.787702639216161,13.169632770845011,15.983818234535695,1004.637237584797,875.3342045982521,29056.92552827182,38742.14575378515,True,2,1
397,overnight0397 25-11-05 22-51-43.fits,2025-11-05 22:51:43,1310.6689521840403,1143.9986553536032,7.751924340856112,6.058624033547193,18.254386825411302,14.266969319503191,785.0319191105962,1007.2209560589677,29059.142536477324,38745.50136408022,True,2,2
398,overnight0398 25-11-05 22-52-43.fits,2025-11-05 22:52:43,1308.6371727682908,1143.6261768404695,5.732208494919168,6.269885611513607,13.498319466132346,14.764452318043373,995.568483827633,923.11627274911,29060.77154621222,38747.589610914845,True,2,1
399,overnight0399 25-11-05 22-53-43.fits,2025-11-05 22:53:43,1309.1186815752026,1143.9930546328058,6.8403416887689055,6.767632678714581,16.107773723573874,15.936557089243594,901.5484255184987,971.8838212471956,29058.512842138363,38744.147927941936,True,2,1
400,overnight0400 25-11-05 22-54-42.fits,2025-11-05 22:54:42,1308.1620684261961,1144.743813841747,6.32607047554565,6.141527987175301,14.896757562093365,14.462193211318978,939.7270940060067,937.6355858860417,29056.63697139312,38742.42580359171,True,2,2
401,overnight0401 25-11-05 22-55-43.fits,2025-11-05 22:55:43,1307.8359740048998,1146.0716674114458,6.635619058300622,6.8255108999833425,15.625688769675698,16.07284988485801,905.0790764667912,848.0546974447753,29057.38273134675,38743.460737601294,True,2,1
402,overnight0402 25-11-05 22-56-43.fits,2025-11-05 22:56:43,1307.3831067458802,1145.7984139548998,6.638883897619118,6.167752512317565,15.633376878746695,14.5239472487954,911.7230384368868,988.3102220223301,29059.48860219234,38745.92888757667,True,2,2
403,overnight0403 25-11-05 22-57-43.fits,2025-11-05 22:57:43,1307.380407793612,1148.2084865352888,6.886019096957047,6.115601264726175,16.21533579998037,14.401140445593823,885.080380196121,988.2113548761708,29056.084727249774,38741.51311212411,True,2,1
404,overnight0404 25-11-05 22-58-43.fits,2025-11-05 22:58:43,1306.754761528124,1149.3889182370256,6.629003910463249,6.459746803290643,15.610111286947406,15.211541258213403,895.1427151001174,908.9609065985381,29058.76207306221,38745.097363401095,True,2,2
405,overnight0405 25-11-05 22-59-43.fits,2025-11-05 22:59:43,1307.5194603308446,1151.0250693646087,7.037734089033924,6.581979041285974,16.57259730445471,15.499376182393803,845.4143379988707,866.072601975132,29056.515257724594,38742.34585229227,True,2,2
406,overnight0406 25-11-05 23-00-43.fits,2025-11-05 23:00:43,1308.460131811931,1151.996983773339,7.050826407468375,7.085879821639121,16.603427358340085,16.685971840676128,884.0971976299595,868.2475587807498,29059.638532114215,38746.29087298843,True,2,1
407,overnight0407 25-11-05 23-01-43.fits,2025-11-05 23:01:43,1308.8610245546263,1151.8281909988018,6.761877079555619,6.409372802093271,15.923003688972907,15.09291955044542,877.0682103505615,963.5475614460898,29063.72582874695,38751.314440869624,True,2,1
408,overnight0408 25-11-05 23-02-42.fits,2025-11-05 23:02:42,1309.1212678620939,1153.8633285322055,6.662565921772255,7.400022953136881,15.68914378392941,17.42572238373585,919.0329265146263,893.4848218526012,29060.298679904587,38746.42690342072,True,2,2
409,overnight0409 25-11-05 23-03-43.fits,2025-11-05 23:03:43,1309.7662407812077,1153.7623560534416,7.1163221418724945,6.543872027094997,16.75765802657893,15.40964102152061,855.9558570719308,918.7894027674995,29059.322844306134,38745.86669125784,True,2,4
410,overnight0410 25-11-05 23-04-43.fits,2025-11-05 23:04:43,1310.543542187072,1153.232103374016,7.219793129895218,5.609621046008708,17.001313583253996,13.209648084168785,865.0939010340286,1016.6200624293997,29058.136759214358,38744.891180549246,True,2,1
411,overnight0411 25-11-05 23-05-43.fits,2025-11-05 23:05:43,1312.332405911409,1152.532455343905,6.312119010622767,6.15010980768448,14.863904372835416,14.48240185427685,920.4495246914154,951.2008484721349,29059.820516575117,38746.375130395834,True,2,1
412,overnight0412 25-11-05 23-06-43.fits,2025-11-05 23:06:43,1310.8188395689328,1154.2357831131537,6.167428215704279,5.231562814298003,14.523183588629896,12.319388981947462,949.1531865119199,1053.3633238873938,29056.301020991184,38742.18262096555,True,2,1
413,overnight0413 25-11-05 23-07-43.fits,2025-11-05 23:07:43,1312.8700689841564,1153.242758158539,6.658692884337939,6.592123003401654,15.680023477743928,15.52326338771984,886.6012828195245,963.5807616302858,29056.37142773763,38741.24311957861,True,2,1
414,overnight0414 25-11-05 23-08-43.fits,2025-11-05 23:08:43,1314.5406588129786,1153.7979026398343,7.344755656643725,5.47809560500071,17.295577846119098,12.899929339251617,845.3494518434136,1016.9667142559517,29056.63735659396,38743.015870499796,True,2,1
415,overnight0415 25-11-05 23-09-42.fits,2025-11-05 23:09:42,1314.7493512759652,1155.0801003804174,5.842989819879127,6.777379101491249,13.759189550763143,15.959508160965438,1023.5466020667225,901.4988136427347,29058.135518816387,38744.01198149486,True,2,1
416,overnight0416 25-11-05 23-10-42.fits,2025-11-05 23:10:42,1316.1768471807766,1154.926474117842,6.520178238791241,6.3282807580879945,15.353846413880206,14.90196237972926,948.2422962867136,1008.7455830432048,29059.688377861978,38745.988866871645,True,2,2
417,overnight0417 25-11-05 23-11-43.fits,2025-11-05 23:11:43,1316.8228481120684,1153.1382806551312,6.755681255343032,5.76640335547216,15.908413637921619,13.578842209199568,934.4776570901644,1164.2006365924005,29058.50139548179,38744.14602946348,True,2,1
418,overnight0418 25-11-05 23-12-43.fits,2025-11-05 23:12:43,1318.4356113997667,1154.4754743914837,6.877061787815595,3.9674264176108878,16.19424294886454,9.342575255375449,912.473976381598,1331.4588400902771,29055.22326434523,38741.593658223224,True,2,1
419,overnight0419 25-11-05 23-13-43.fits,2025-11-05 23:13:43,1318.919997896489,1155.6103758185259,6.603770822540535,5.2653689339099765,15.550691905708971,12.398996310054452,959.142319156099,1116.6576283298482,29055.85864320165,38741.7380168417,True,2,1
420,overnight0420 25-11-05 23-14-43.fits,2025-11-05 23:14:43,1321.5465214621831,1154.6436221235272,6.4565601019723715,5.394007005399296,15.20403715007161,12.701915819351628,944.5506928947689,1096.2462967235474,29060.112189970943,38747.0582840679,True,2,1
421,overnight0421 25-11-05 23-15-42.fits,2025-11-05 23:15:42,1322.807244251864,1157.979998430796,6.129706364103459,5.210838317921104,14.434355416344603,12.270586522455972,1028.249013790781,1261.793322784945,29063.580102159565,38751.0848523404,True,1,1
422,overnight0422 25-11-05 23-16-42.fits,2025-11-05 23:16:42,1323.374382616809,1156.9834482176466,6.905465687979549,4.178657289125372,16.261129022327676,9.839985945747113,928.5161502058548,1479.6292337421755,29059.034730290492,38745.67857268061,True,2,1
423,overnight0423 25-11-05 23-17-43.fits,2025-11-05 23:17:43,1322.8461386330032,1158.3056680198151,6.349452551076165,5.889251499627669,14.951818142247049,13.868127481551813,975.7468405955439,1099.1715408312903,29061.484487931335,38748.283254733564,True,2,1
424,overnight0424 25-11-05 23-18-43.fits,2025-11-05 23:18:43,1322.5363753274294,1157.0922520239037,6.247765080169464,5.159766209752352,14.71236244742745,12.150320898398205,1007.9812126884841,1121.5481561621527,29059.329368361065,38746.439232721845,True,2,1
425,overnight0425 25-11-05 23-19-43.fits,2025-11-05 23:19:43,1321.6099753092533,1156.9633401738122,5.086127507003334,5.012327226457919,11.97691500507474,11.803128625117491,1162.980566439656,1174.6978429528804,29061.231298651663,38748.343774935485,True,1,1
426,overnight0426 25-11-05 23-20-43.fits,2025-11-05 23:20:43,1323.2559990207806,1156.1629171020024,5.280936134623594,3.697891472698705,12.435654266339899,8.707868964259928,1149.7691912347802,1530.9281975490137,29060.606683539212,38748.01169798531,True,1,1
427,overnight0427 25-11-05 23-21-43.fits,2025-11-05 23:21:43,1326.8132070867505,1155.9804966496145,5.6379329010634285,4.494037364639495,13.276317407963653,10.582649269371144,1107.8810384189305,1376.856715723973,29060.04304739701,38746.800454563105,True,1,1
428,overnight0428 25-11-05 23-22-43.fits,2025-11-05 23:22:43,1326.8868953235387,1155.2358834601187,4.907202653364154,4.1549606459296005,11.55557917317097,9.784184615349764,1192.4865095450928,1434.8118367623717,29059.681554841354,38746.09870737601,True,1,1
429,overnight0429 25-11-05 23-23-43.fits,2025-11-05 23:23:43,1325.6996040246627,1155.2819656032475,4.515789893130037,4.132127009667555,10.633872559490781,9.730415510978954,1342.7663857067878,1520.8474486111254,29064.19323483529,38751.96953574857,True,1,1
430,overnight0430 25-11-05 23-24-43.fits,2025-11-05 23:24:43,1326.9960277771597,1155.342164225193,5.101639834494449,4.523020421405893,12.013443744795904,10.650899152410929,1217.7876768832375,1356.738610841281,29055.149232463493,38740.29840309533,True,1,1
431,overnight0431 25-11-05 23-25-43.fits,2025-11-05 23:25:43,1327.1297678539665,1154.8707533838435,4.675687426420194,4.650119498888211,11.010402476033445,10.950194607771232,1307.4915988817077,1322.985043967541,29056.28317323377,38741.66048239832,True,1,1
432,overnight0432 25-11-05 23-26-43.fits,2025-11-05 23:26:43,1328.873029281949,1155.0002512691876,4.442325086576572,3.748039516396101,10.46087616041436,8.825958582777643,1300.4855126934085,1486.3207545730502,29055.592483871824,38741.05942862936,True,1,1
433,overnight0433 25-11-05 23-27-42.fits,2025-11-05 23:27:42,1329.6199440658402,1153.5783193399961,4.507374150901558,4.437548744055949,10.614055000997345,10.449628733304863,1294.6511594124383,1398.5238155103168,29060.110010900895,38746.32959417117,True,1,1
434,overnight0434 25-11-05 23-28-42.fits,2025-11-05 23:28:42,1328.0941181353062,1153.1296143273667,4.51047515653903,3.8433793622928905,10.621357311232217,9.050466762985566,1334.0216606527672,1599.7620250338555,29061.09978057521,38747.961466262575,True,1,1
435,overnight0435 25-11-05 23-29-42.fits,2025-11-05 23:29:42,1328.6223629352562,1152.6217449080639,4.667493002879798,3.9613206182066807,10.991106083223046,9.328197196547483,1346.87558827389,1479.8772758908542,29051.847265692584,38736.35024602002,True,1,1
436,overnight0436 25-11-05 23-30-43.fits,2025-11-05 23:30:43,1329.9760969111258,1151.0452378189311,5.172673204754629,4.479645946104993,12.18071454895068,10.548760068529669,1230.497119838032,1374.2315522963993,29060.742739265792,38747.92969732508,True,1,1
437,overnight0437 25-11-05 23-31-43.fits,2025-11-05 23:31:43,1331.5009799061745,1153.8539491590655,4.948119085792936,3.804737964085035,11.65193000842542,8.959473223917685,1237.9678670483438,1594.5262160163404,29060.805221360108,38747.81713629155,True,1,1
438,overnight0438 25-11-05 23-32-43.fits,2025-11-05 23:32:43,1332.5080340069767,1152.8590082713058,4.565303485472006,3.487636268846875,10.750468159239139,8.212755795657571,1331.6322808920079,1469.5341696319224,29054.436109749746,38740.49376409762,True,1,1
439,overnight0439 25-11-05 23-33-43.fits,2025-11-05 23:33:43,1331.776130014191,1153.409478551183,4.7049953256290244,3.7263600281402334,11.079417304568146,8.774907289266714,1316.956281868005,1570.3416223538645,29057.830174422023,38744.2234728767,True,1,1
440,overnight0440 25-11-05 23-34-43.fits,2025-11-05 23:34:43,1332.855022472846,1152.4333587132553,4.039679373268395,3.8535243818266554,9.51271796367048,9.074356458340906,1444.2964681367837,1528.4118177783664,29061.512926051513,38748.61173460863,True,1,1
441,overnight0441 25-11-05 23-35-43.fits,2025-11-05 23:35:43,1329.7674272670124,1152.1225277409292,4.581923947011133,3.0301834681233935,10.789606355229141,7.1355367708583675,1311.2589541748828,1656.246023327948,29057.8695135634,38745.11766207335,True,1,1
442,overnight0442 25-11-05 23-36-42.fits,2025-11-05 23:36:42,1330.2245377688687,1152.7767278181548,3.906812369569871,4.393015031185799,9.199840080037994,10.34475985355858,1563.472067312888,1403.4690381390255,29059.41915359188,38745.81743863331,True,1,1
443,overnight0443 25-11-05 23-37-43.fits,2025-11-05 23:37:43,1332.1401663409074,1152.305010389474,3.6711618327902857,3.9673267691255014,8.644925472407124,9.342340601124604,1677.578356532262,1418.3068377663094,29061.81543929547,38749.781503479695,True,1,1
444,overnight0444 25-11-05 23-38-43.fits,2025-11-05 23:38:43,1330.8519569607354,1152.7831162470063,3.916972581401294,4.323954421100606,9.223765550520389,10.1821345446079,1549.5488614253763,1332.6215094082759,29054.85465562702,38740.20745825612,True,1,1
445,overnight0445 25-11-05 23-39-43.fits,2025-11-05 23:39:43,1331.766379032411,1153.7180162532586,4.176035433045071,3.7799040604170244,9.833811946494032,8.900993849763886,1471.7556955099144,1521.5399630303268,29055.78398519581,38741.56077668651,True,1,1
446,overnight0446 25-11-05 23-40-43.fits,2025-11-05 23:40:43,1330.9476313491728,1154.325394205108,4.037783848504215,3.693220600315073,9.508254343959935,8.69686990034317,1463.2279035301322,1574.0643802619545,29058.166931192016,38744.34638015734,True,1,1
447,overnight0447 25-11-05 23-41-43.fits,2025-11-05 23:41:43,1331.7237362830301,1154.9504336106047,4.164619761839059,3.8414578502811314,9.806930095110634,9.045941947983508,1476.2639483686305,1667.844345489152,29056.81877101908,38742.08705654067,True,1,1
448,overnight0448 25-11-05 23-42-43.fits,2025-11-05 23:42:43,1332.3493029964554,1156.2622886952813,3.99937485703535,4.247108681071764,9.41780808093963,10.001176655612747,1538.0483558647668,1513.2573402117948,29056.12857348517,38741.144780840405,True,1,1
449,overnight0449 25-11-05 23-43-43.fits,2025-11-05 23:43:43,1332.8498725400786,1155.0311356059694,3.8272006835390666,3.907301527045787,9.012368885953945,9.200991957867457,1540.2085854710995,1514.5646081441241,29060.65516016009,38747.50996004062,True,1,1
450,overnight0450 25-11-05 23-44-42.fits,2025-11-05 23:44:42,1330.5416406786455,1155.0630591773365,4.290057606106253,4.559124297870477,10.102313645196494,10.735917284413052,1419.388882018267,1359.528173463438,29058.17089394313,38744.08555801231,True,1,1
451,overnight0451 25-11-05 23-45-43.fits,2025-11-05 23:45:43,1331.4245590084292,1155.380670676429,3.343405128634412,4.010578750888924,7.873117415567593,9.444191234768425,1754.009004895734,1440.5311989039592,29056.30594634214,38741.85484191788,True,1,1
452,overnight0452 25-11-05 23-46-43.fits,2025-11-05 23:46:43,1332.846703617568,1156.6077955266824,3.7219145450793074,4.712778892475915,8.764438976645,11.09774620380104,1646.6305033387894,1385.6448996488398,29055.601106546404,38740.27714619595,True,1,1
453,overnight0453 25-11-05 23-47-43.fits,2025-11-05 23:47:43,1332.8434399346065,1155.7115385677296,4.344889234341746,4.566371594023223,10.231432262467118,10.752983362665814,1460.2143055081644,1244.618320293936,29056.844052177184,38743.32179923305,True,1,1
454,overnight0454 25-11-05 23-48-43.fits,2025-11-05 23:48:43,1332.5237033937153,1156.2176597894904,3.505830777986066,4.469018945168633,8.255600590488035,10.523735393706167,1722.6285657426718,1331.4805673298436,29057.977288911967,38744.08569233956,True,1,1
455,overnight0455 25-11-05 23-49-43.fits,2025-11-05 23:49:43,1333.746110057498,1157.0077951770675,3.926297748404677,4.92856211503272,9.245724640703216,11.60587686165918,1538.711740195085,1396.5709485030975,29052.517326004036,38735.59096891982,True,1,1
456,overnight0456 25-11-05 23-50-42.fits,2025-11-05 23:50:42,1332.4344341036633,1155.3293859868193,3.313309876420183,3.6699502977063228,7.802248512393264,8.64207252530615,1629.9961552592183,1477.2330637331306,29054.728709723306,38739.6112686311,True,1,1
457,overnight0457 25-11-05 23-51-42.fits,2025-11-05 23:51:42,1332.9558504860995,1154.9748500476007,3.3118730132761565,4.493231289051118,7.7988649582597445,10.580751106417823,1756.4954158130627,1333.9687201416978,29057.748912882023,38743.434737637115,True,1,2
458,overnight0458 25-11-05 23-52-43.fits,2025-11-05 23:52:43,1334.1100867272398,1154.9279896378112,3.4937687920681193,4.177965150305375,8.227196784265574,9.83835608337984,1704.8394608038966,1386.3474588777306,29062.42684868156,38750.11683846151,True,1,1
459,overnight0459 25-11-05 23-53-43.fits,2025-11-05 23:53:43,1333.4108506777936,1155.2066979304268,3.6270716032811694,4.001572297309762,8.541100916169041,9.422982657345573,1635.7194711000643,1412.2969446092181,29055.511521947054,38741.04948963135,True,1,1
460,overnight0460 25-11-05 23-54-43.fits,2025-11-05 23:54:43,1332.8547123198612,1154.4268226787551,3.803308528114337,4.9146503024684405,8.956107159440796,11.573117046570102,1595.517836116104,1291.6430100140226,29058.937172461174,38744.88436955559,True,1,1
461,overnight0461 25-11-05 23-55-43.fits,2025-11-05 23:55:43,1333.0076553873953,1154.6808406525008,3.1918042904397135,4.260983852359976,7.516124722943223,10.033850187090467,1753.4181473058075,1380.9323978980904,29052.559564646454,38736.37066236622,True,1,1
462,overnight0462 25-11-05 23-56-43.fits,2025-11-05 23:56:43,1331.2600607230966,1153.8009501542822,3.2254925069045646,4.480428436687259,7.595454410355996,10.550602693037836,1811.2247190309117,1411.2110652888337,29058.06017482907,38743.452612013236,True,1,1
463,overnight0463 25-11-05 23-57-43.fits,2025-11-05 23:57:43,1334.4509362860606,1153.7283412113152,3.285733650838905,5.308439955690546,7.737311463628176,12.500420815503302,1835.851071119487,1240.8479404271673,29054.644032554712,38738.801001461514,True,1,1
464,overnight0464 25-11-05 23-58-42.fits,2025-11-05 23:58:42,1336.5808590973188,1153.0433925373377,3.605252999370964,5.759287344279827,8.489722030326698,13.5620852834032,1669.6406093996547,1106.0092065773729,29056.224378597108,38741.17511295954,True,1,2
465,overnight0465 25-11-05 23-59-42.fits,2025-11-05 23:59:42,1335.2943602199193,1154.0652241020885,3.522990412457897,4.389856959377982,8.296008441707707,10.337323162761887,1670.5681342792152,1289.1093983555904,29060.17089889887,38747.19009161223,True,1,1
466,overnight0466 25-11-06 00-00-43.fits,2025-11-06 00:00:43,1334.433899271513,1153.970100317055,3.569742917046539,4.835710289684844,8.406102176668442,11.387227522112289,1671.8628533950025,1267.7188765278083,29050.871539137854,38734.28362682584,True,1,1
467,overnight0467 25-11-06 00-01-43.fits,2025-11-06 00:01:43,1334.5694255559665,1153.8673779243693,3.7360271771055955,5.749571982202139,8.797671685428648,13.539207354037925,1613.63809362809,1098.329453314616,29055.542402866737,38740.34939182136,True,1,3
468,overnight0468 25-11-06 00-02-43.fits,2025-11-06 00:02:43,1334.1901857887851,1154.7066173996304,3.5638046555197507,4.080746223349651,8.392118639392526,9.609423005428102,1612.4243475756477,1476.5776533307128,29061.01835858608,38747.66000747777,True,1,1
469,overnight0469 25-11-06 00-03-43.fits,2025-11-06 00:03:43,1334.144009964055,1154.3289029733878,3.4242926633605535,4.525517642833725,8.063593003733848,10.656779659486068,1705.397313696437,1277.6255266631977,29055.419860767062,38740.63535606622,True,1,1
470,overnight0470 25-11-06 00-04-43.fits,2025-11-06 00:04:43,1337.360832082518,1156.9100114168773,3.7679417005769746,4.37422586117275,8.872824645026663,10.300514739382358,1575.5904043656217,1373.2918773163524,29060.175319422506,38746.8085735372,True,1,1
471,overnight0471 25-11-06 00-05-43.fits,2025-11-06 00:05:43,1335.6293132545748,1157.87496341074,3.6533604435381477,4.87681272452218,8.60300640416679,11.484016359566827,1694.9859815150123,1266.1218125518383,29056.22186260189,38741.65233082456,True,1,1
472,overnight0472 25-11-06 00-06-43.fits,2025-11-06 00:06:43,1336.0235989580015,1158.111251996537,3.50942387023931,4.9241231311804325,8.26406167614962,11.595423853504245,1693.5661509874528,1114.3694481226983,29059.884766218926,38747.10854050833,True,1,1
473,overnight0473 25-11-06 00-07-43.fits,2025-11-06 00:07:43,1336.4374289409632,1157.7328709625908,3.752243939828186,4.877767637127299,8.835859243353315,11.486265006910614,1570.130106706479,1288.8247848700987,29057.374676366548,38742.65044853814,True,1,1
474,overnight0474 25-11-06 00-08-43.fits,2025-11-06 00:08:43,1334.8773572901594,1157.732714097109,3.9279246340448015,5.554589876547402,9.249555663619555,13.080059583219809,1546.4694838973496,1035.1398546240318,29057.894022715263,38744.28252362034,True,1,1
475,overnight0475 25-11-06 00-09-42.fits,2025-11-06 00:09:42,1336.7454137893965,1157.3459928323286,3.3102359340727987,5.492509089344577,7.7950099313363745,12.933870501103296,1809.3289620214514,1118.7402144236394,29060.531264400797,38747.172158494126,True,1,1
476,overnight0476 25-11-06 00-10-43.fits,2025-11-06 00:10:43,1337.2670736543623,1156.6431158113699,3.3355251816542144,6.48240460206953,7.854561558464843,15.264896296954204,1751.8199560060675,1031.6406489778742,29059.73522283499,38745.21140264577,True,1,1
477,overnight0477 25-11-06 00-11-43.fits,2025-11-06 00:11:43,1337.4396838255286,1155.1113087639178,3.6484105273997858,5.155538495822122,8.591350242422953,12.140365392890642,1620.25316000949,1162.104549590698,29054.34392431279,38739.02088605678,True,1,1
478,overnight0478 25-11-06 00-12-43.fits,2025-11-06 00:12:43,1338.013252722318,1158.1742756946378,3.810247191449635,5.515385664240248,8.972446462948477,12.987740718229272,1581.8601573348558,1130.719159548778,29052.394083589323,38736.25249118682,True,1,1
479,overnight0479 25-11-06 00-13-43.fits,2025-11-06 00:13:43,1339.881912106175,1159.3104690601992,3.3559889140477694,5.212960977862744,7.902749965701335,12.27558500463533,1739.6069745084399,1165.5467346679434,29057.3793160752,38742.86190251096,True,1,1
480,overnight0480 25-11-06 00-14-43.fits,2025-11-06 00:14:43,1339.53135341438,1160.1153030829457,3.018601999608905,5.366224095929754,7.108264496649555,12.636492067223468,1889.528955008938,1064.2022493455484,29056.555411846828,38742.06472821005,True,1,1
481,overnight0481 25-11-06 00-15-43.fits,2025-11-06 00:15:43,1339.6982361022092,1161.0833679904167,3.015276996625072,4.850757879018615,7.1004347129734375,11.422661887104848,1893.5475240496337,1189.914988929915,29058.214542827718,38744.20456654094,True,1,3
482,overnight0482 25-11-06 00-16-43.fits,2025-11-06 00:16:43,1338.9465391238618,1160.7900051596132,3.1580607900393316,7.063643838946512,7.436664851810894,16.633610102910612,1835.404229744626,903.3225569304883,29062.00382228973,38748.57543465193,True,1,1
483,overnight0483 25-11-06 00-17-43.fits,2025-11-06 00:17:43,1338.7123610834874,1160.9337073530746,3.867421891443089,5.763488577866404,9.107082592561694,13.571978432466729,1546.4588760364056,1099.0826329246895,29052.815755964293,38736.625852789446,True,1,3
484,overnight0484 25-11-06 00-18-44.fits,2025-11-06 00:18:44,1339.982856451863,1163.5146589717547,3.4023281865292794,5.648600311887477,8.011870613412945,13.301437240800702,1696.1121681953025,1084.412779439841,29053.23239235115,38737.18013706157,True,1,1
485,overnight0485 25-11-06 00-19-44.fits,2025-11-06 00:19:44,1339.9809443130714,1161.0423166021537,3.487388178700454,5.812274991621229,8.212171588007804,13.686861657501764,1667.8632081893272,1120.2160600728025,29058.54618384245,38743.82152801614,True,1,1
486,overnight0486 25-11-06 00-20-44.fits,2025-11-06 00:20:44,1340.8175593452786,1161.1686813337503,3.2080876393524824,6.360217467710477,7.554469079363245,14.977167583720616,1787.4651524952571,995.2025595909282,29052.2465347781,38735.5514495442,True,1,1
487,overnight0487 25-11-06 00-21-44.fits,2025-11-06 00:21:44,1340.4183621964244,1163.102413135706,3.9098820968933787,4.6125923601782235,9.207068735472168,10.861824949304298,1481.1472304371016,1206.6664647093187,29057.698764549445,38743.892425339,True,1,3
488,overnight0488 25-11-06 00-22-44.fits,2025-11-06 00:22:44,1339.8985986185762,1162.1469591595996,3.4252604431838294,5.503636035676615,8.065871951060874,12.960072457365962,1653.336928595439,1074.9364664185616,29061.67058177339,38748.563874437765,True,1,1
489,overnight0489 25-11-06 00-23-43.fits,2025-11-06 00:23:43,1341.1208776728286,1163.1151475448219,3.294429561825702,6.606440692268151,7.75778876912969,15.556978968461184,1730.313528159102,972.6353842539493,29057.88094769105,38742.89440833132,True,1,2
490,overnight0490 25-11-06 00-24-43.fits,2025-11-06 00:24:43,1340.8830334149147,1162.8783794973863,3.9182147904697033,4.455124700622678,9.226690729334798,10.491016948138789,1531.465445723277,1216.4854714035346,29058.98621089776,38746.07348500915,True,1,2
491,overnight0491 25-11-06 00-25-44.fits,2025-11-06 00:25:44,1340.3218494346247,1164.8336736379263,3.194061992401447,6.471428891050308,7.5214412047784185,15.239050472637672,1785.5228083174954,1053.8474542255287,29060.127157081562,38745.37815034832,True,1,1
492,overnight0492 25-11-06 00-26-44.fits,2025-11-06 00:26:44,1341.718691566657,1165.2817370772364,3.4649593568646315,5.7321095426324264,8.159355748762382,13.498086451304024,1687.25989308728,1013.9551101193186,29058.174817114043,38744.277719419595,True,1,4
493,overnight0493 25-11-06 00-27-44.fits,2025-11-06 00:27:44,1339.93580921327,1164.755240753897,3.2708708312753974,5.869139726605661,7.70231219819435,13.820767875298476,1751.562520908204,1048.2118166620758,29053.624683101192,38737.61404587296,True,1,1
494,overnight0494 25-11-06 00-28-44.fits,2025-11-06 00:28:44,1340.390740759335,1165.8166151959083,3.6747659269503576,5.416936784428971,8.65341246557944,12.755911322638836,1597.698547020109,1088.4821732142732,29059.12623587041,38745.46891681905,True,1,1
495,overnight0495 25-11-06 00-29-44.fits,2025-11-06 00:29:44,1340.0520323809135,1165.6020164865786,3.5476893349441534,5.817231899672365,8.35416995946901,13.698534283941953,1600.5746933440948,1061.9667543026421,29061.41113591773,38747.89624227541,True,1,2
496,overnight0496 25-11-06 00-30-43.fits,2025-11-06 00:30:43,1340.915850264101,1165.4727163336697,3.6910451132965947,6.212055557567399,8.691747019904353,14.628272947805621,1570.2654874745276,1021.6485632155775,29053.347180130848,38737.07739026942,True,1,4
497,overnight0497 25-11-06 00-31-44.fits,2025-11-06 00:31:44,1341.8199882644822,1166.6010327792617,3.6351779479250066,6.466449492137056,8.560189899028279,15.227324884264542,1610.7035187864635,991.3505493263483,29053.312580228783,38737.02511128557,True,1,1
498,overnight0498 25-11-06 00-32-44.fits,2025-11-06 00:32:44,1342.5562591270327,1167.5022041702148,3.737550508052445,5.872340552875477,8.801258855677506,13.828305245159301,1582.1231454045676,1030.8457003787225,29057.203375913563,38742.75478295429,True,1,1
499,overnight0499 25-11-06 00-33-44.fits,2025-11-06 00:33:44,1341.3976471467736,1166.8376871435387,3.3106899731072708,6.74770489799395,7.796079111555976,15.88963075174967,1711.5271194814807,980.0350717140602,29059.019376087726,38744.12328045599,True,1,1
500,overnight0500 25-11-06 00-34-44.fits,2025-11-06 00:34:44,1341.796646025615,1167.19237638238,3.4826286107032955,5.517320437397062,8.200963661882406,12.992296760841528,1650.7788763845801,1023.9783660628204,29058.318855217516,38744.55495356084,True,1,1
501,overnight0501 25-11-06 00-35-44.fits,2025-11-06 00:35:44,1340.4577385393059,1167.777886090853,3.3113818057745923,5.873347201830874,7.797708252988792,13.830675722297778,1748.8309667019491,1101.489199747109,29056.607811607442,38741.258097677695,True,1,1
502,overnight0502 25-11-06 00-36-44.fits,2025-11-06 00:36:44,1341.161134644588,1166.6115209597822,3.2263186797241397,5.956637575719127,7.597399898672191,14.02680956428796,1705.2057758009032,1083.6552502223321,29056.57448874092,38740.854614956916,True,1,1
503,overnight0503 25-11-06 00-37-44.fits,2025-11-06 00:37:44,1342.4202626495119,1171.073201890376,3.477915703613177,5.068850625706529,8.189865613796227,11.936231058681404,1707.4322295425206,1206.9297583845225,29055.52885774903,38740.470876682964,True,1,2
504,overnight0504 25-11-06 00-38-43.fits,2025-11-06 00:38:43,1341.546250048061,1170.471948237937,3.4396852343210758,5.817180741168966,8.099839738376247,13.698413814872675,1670.2212889620248,1096.8475400360853,29056.54973888957,38741.2366181753,True,1,1
505,overnight0505 25-11-06 00-39-44.fits,2025-11-06 00:39:44,1340.8385883779297,1169.7384891319448,3.4360231904760723,6.518200280308836,8.09121628412425,15.3491886775976,1669.7616049852275,982.5186027024522,29058.988133678045,38744.44683241133,True,1,1
506,overnight0506 25-11-06 00-40-44.fits,2025-11-06 00:40:44,1340.8931855456628,1170.0047556670181,3.539746961938204,6.462715336208196,8.335467100309486,15.21853161903199,1587.5990074408778,966.5165107564613,29057.66308753915,38742.73270567005,True,1,3
507,overnight0507 25-11-06 00-41-44.fits,2025-11-06 00:41:44,1341.588858393619,1172.5434375930242,3.963494953525457,6.019703874136293,9.333317364940758,14.175319347966605,1468.3778549311537,1036.5586618421355,29059.405724023047,38745.32614611557,True,1,3
508,overnight0508 25-11-06 00-42-44.fits,2025-11-06 00:42:44,1341.3540061247556,1171.7609320505146,3.7624348002652126,4.905603352864591,8.859856885786538,11.551813108296573,1515.2063084258793,1158.9892631014698,29057.167597935982,38742.91013574381,True,1,1
509,overnight0509 25-11-06 00-43-44.fits,2025-11-06 00:43:44,1342.4279148848334,1171.031773900171,3.755957104063218,5.926324984372993,8.84460307692446,13.955428866569251,1561.0043666825864,1035.5340528852207,29056.23299780458,38741.28648152649,True,1,1
510,overnight0510 25-11-06 00-44-44.fits,2025-11-06 00:44:44,1341.9544504155185,1171.9816953263137,3.465645870279322,6.6857362920369106,8.160972364312476,15.74370583627941,1618.5308724974527,896.5263309242997,29055.9842512593,38740.810116485576,True,1,5
511,overnight0511 25-11-06 00-45-44.fits,2025-11-06 00:45:44,1340.590615975705,1173.3437625459294,3.471720107111711,4.865258305011405,8.175276098963652,11.456807780894158,1600.2403568835284,1182.318966373827,29056.643050579485,38741.93393454952,True,1,1
512,overnight0512 25-11-06 00-46-44.fits,2025-11-06 00:46:44,1340.9926476494884,1174.2721271619705,3.2554146721258506,6.807900214887765,7.665915724809809,16.031379890588216,1739.4008761183675,897.4955658534852,29055.984097549524,38740.72778649499,True,1,1
513,overnight0513 25-11-06 00-47-43.fits,2025-11-06 00:47:43,1339.944910274911,1177.9220531840774,3.5990435474013975,6.030116623038751,8.475099888360107,14.199839497805987,1594.016411729795,1030.8489265133699,29058.279155397693,38743.74658831186,True,1,1
514,overnight0514 25-11-06 00-48-43.fits,2025-11-06 00:48:43,1339.4021125878528,1179.1475169136147,3.299662153830779,6.538611060398671,7.770110581670714,15.397252391687863,1732.6861077386952,1013.9507004474837,29059.650745061586,38745.0096262693,True,1,1
515,overnight0515 25-11-06 00-49-44.fits,2025-11-06 00:49:44,1339.9512425603937,1179.1487630285978,3.472374592268824,6.310853907972226,8.176817293730796,14.8609252837549,1661.8847384302276,974.150731963875,29058.380872820027,38744.01559573363,True,1,1
516,overnight0516 25-11-06 00-50-44.fits,2025-11-06 00:50:44,1339.7082250455808,1182.2937544774138,3.7514523214574753,5.70571935407309,8.833995124545952,13.435942306292354,1577.3824375818292,1087.6824347367503,29058.137144465698,38743.80616562247,True,1,1
517,overnight0517 25-11-06 00-51-44.fits,2025-11-06 00:51:44,1339.8995900544678,1182.7384649359876,3.6626325347645667,5.661888865405036,8.624840510446116,13.332729392993317,1612.1557026140224,1093.4264692571378,29058.70821365059,38744.57073812064,True,1,1
518,overnight0518 25-11-06 00-52-44.fits,2025-11-06 00:52:44,1338.9746577089002,1183.8181396892999,3.320741057010449,5.502177723124106,7.819747605405468,12.956638393735394,1759.5235848829234,1027.9682840351093,29060.140221087175,38747.09757785529,True,1,2
519,overnight0519 25-11-06 00-53-43.fits,2025-11-06 00:53:43,1340.4082099988566,1183.4476041095925,3.3260622007077556,4.84524505886325,7.832277941246375,11.409680187698342,1772.6155143858548,1155.7914808397052,29057.80521372646,38744.12637944469,True,1,1
520,overnight0520 25-11-06 00-54-43.fits,2025-11-06 00:54:43,1340.979636694842,1186.3936832003706,3.469062594604047,5.8405746674195615,8.169018135240684,13.753502301339553,1689.021160324633,1066.400749631793,29056.766743156433,38741.87381952431,True,1,2
521,overnight0521 25-11-06 00-55-44.fits,2025-11-06 00:55:44,1340.093627285269,1185.483530372056,3.784898361674498,6.469326424981686,8.912754530475908,15.234099543395285,1516.5848230872055,908.6140435765234,29058.413146242623,38744.37069574936,True,1,2
522,overnight0522 25-11-06 00-56-44.fits,2025-11-06 00:56:44,1340.877299936373,1186.511497855828,3.446914785201888,5.488352356322094,8.116864029706955,12.924082142860112,1695.8342163127297,1016.5830723848886,29058.218658212718,38744.638855816804,True,1,2
523,overnight0523 25-11-06 00-57-44.fits,2025-11-06 00:57:44,1340.2512531027342,1187.931124534063,3.590359930729921,5.720911679655289,8.45465153375875,13.471717499103951,1619.4075744849283,1076.5083268852925,29053.639773950377,38737.73680020649,True,1,1
524,overnight0524 25-11-06 00-58-44.fits,2025-11-06 00:58:44,1339.5354622206942,1188.9351957789547,3.23664478605049,6.406461881654756,7.621716020836603,15.086064856647312,1777.7449990384841,967.6937528091336,29053.432046351965,38737.327695365035,True,1,1
525,overnight0525 25-11-06 00-59-44.fits,2025-11-06 00:59:44,1340.997576068791,1189.2056784006043,3.288816559416504,4.913387037516034,7.744571158543704,11.57014228493799,1709.7344644209825,1100.8988568957539,29057.266492827806,38743.30119337855,True,1,1
526,overnight0526 25-11-06 01-00-44.fits,2025-11-06 01:00:44,1341.0382170734745,1188.9743735127058,3.5609853864279546,4.199601959005229,8.385479768022828,9.889306874216757,1643.9724166102296,1395.3396186658063,29063.12452837071,38750.82525084311,True,1,1
527,overnight0527 25-11-06 01-01-43.fits,2025-11-06 01:01:43,1341.872232471113,1191.2533741046739,3.403424699329994,5.048797835096737,8.014452703735701,11.889010345394658,1707.7748376574777,1202.5319882790452,29059.35225268049,38745.46479437737,True,1,1
528,overnight0528 25-11-06 01-02-43.fits,2025-11-06 01:02:43,1339.7854553079587,1190.7777718758668,3.983711711550877,5.1997766169089115,9.380924191984557,12.24453820718032,1453.7712160604199,1272.7358510209328,29060.324648158017,38746.020457899634,True,1,1
529,overnight0529 25-11-06 01-03-44.fits,2025-11-06 01:03:44,1341.361730903418,1190.628911032278,3.2794606089822596,4.975066572090082,7.722539578920829,11.715386489321137,1755.7806797593269,1168.4515156930659,29056.793281362166,38742.31909310337,True,1,1
530,overnight0530 25-11-06 01-04-44.fits,2025-11-06 01:04:44,1341.1726591325685,1191.7660590778742,3.4340466585716323,5.101003935284801,8.086561907176032,12.011946316590405,1717.005335755833,1181.2874085916765,29055.937588571796,38741.08108352029,True,1,1
531,overnight0531 25-11-06 01-05-44.fits,2025-11-06 01:05:44,1340.2556398289312,1192.6848215190705,3.4434320423372387,5.6124892352258815,8.10866279699759,13.216402153630328,1643.717652719589,1087.8064883196296,29061.94859713926,38748.68347753436,True,1,2
532,overnight0532 25-11-06 01-06-44.fits,2025-11-06 01:06:44,1340.504095594276,1193.154385718678,3.2937829962540253,5.84612137774268,7.756266223561079,13.766563805992414,1728.466500812697,1080.353212933075,29059.505578134373,38745.194503387305,True,1,1
533,overnight0533 25-11-06 01-07-44.fits,2025-11-06 01:07:44,1340.9958804353632,1192.9024348475468,3.3454196932313884,4.582537398811716,7.8778613526625625,10.791050923825816,1743.6015903893824,1239.4796670646351,29057.01040586037,38742.880441053305,True,1,1
534,overnight0534 25-11-06 01-08-43.fits,2025-11-06 01:08:43,1341.382580410716,1193.4717563298398,3.093116367320043,4.750876929913215,7.2837324233785505,11.187460226034734,1803.10514523715,1286.650280249464,29058.535155289825,38744.014422037864,True,1,1
535,overnight0535 25-11-06 01-09-43.fits,2025-11-06 01:09:43,1341.414079979505,1193.0635978531168,3.533092074918677,5.277437971885868,8.319796038958488,12.42741672260432,1623.852979467578,1173.180740742698,29062.073014396898,38748.83775534117,True,1,1
536,overnight0536 25-11-06 01-10-44.fits,2025-11-06 01:10:44,1344.243678234412,1193.5764863809673,3.369354914110192,4.965669192296461,7.934224490570212,11.693257351012349,1735.6001164801082,1227.44829911931,29057.867815174533,38743.50096064809,True,1,1
537,overnight0537 25-11-06 01-11-44.fits,2025-11-06 01:11:44,1341.6850858694781,1194.8746746798595,3.352576932372881,4.693528136115285,7.89471536286003,11.052414136841023,1722.9588949475901,1289.8926604159954,29058.28274690305,38744.01432428359,True,1,1
538,overnight0538 25-11-06 01-12-44.fits,2025-11-06 01:12:44,1343.053189355783,1196.402774192677,3.7236922487276707,4.091595037807851,8.76862514883029,9.634970011179092,1568.5702617174718,1432.2171509438592,29055.05941514655,38740.05418041473,True,1,1
539,overnight0539 25-11-06 01-13-44.fits,2025-11-06 01:13:44,1342.1932699551814,1197.877916867651,3.075640450584416,4.465030760678518,7.242579784344204,10.514343936925561,1890.5789181684527,1249.4727040982532,29054.14086163174,38739.16233646119,True,1,2
540,overnight0540 25-11-06 01-14-44.fits,2025-11-06 01:14:44,1343.0861229821926,1196.8156546861453,3.7155735927651796,4.116130225826921,8.749507175031107,9.692745963735002,1629.2322946020752,1409.3238551061775,29052.64142355222,38737.1849730964,True,1,1
541,overnight0541 25-11-06 01-15-44.fits,2025-11-06 01:15:44,1343.448406654878,1197.3288605165278,3.577150725047705,4.399751903150086,8.42354623143933,10.36062397470089,1640.4126784036098,1401.9044138161673,29058.89261592325,38744.79845701106,True,1,1
542,overnight0542 25-11-06 01-16-43.fits,2025-11-06 01:16:43,1342.910948925201,1198.1925576532346,3.1468618819469527,4.425931286393887,7.410293438552501,10.42227171112994,1853.8917719478495,1236.5162095633507,29055.38534283237,38740.98535716621,True,1,2
543,overnight0543 25-11-06 01-17-43.fits,2025-11-06 01:17:43,1343.5323578991224,1198.774629812341,4.056525301700127,4.100150822845666,9.552387093618679,9.655117345287113,1473.9080593027495,1429.7261515964592,29057.863283808652,38743.97026681605,True,1,1
544,overnight0544 25-11-06 01-18-44.fits,2025-11-06 01:18:44,1344.68102593104,1198.5102118148839,3.5998030476324185,4.447001197594023,8.47688837472832,10.471887560371043,1637.3393525800118,1283.6690766522997,29059.987376681067,38746.892170717925,True,1,1
545,overnight0545 25-11-06 01-19-44.fits,2025-11-06 01:19:44,1343.3562619529346,1199.3745257258515,3.3990543854251096,4.416216944550492,8.004161400949403,10.399396184232833,1769.0405940200048,1236.981793973267,29060.22206279754,38747.68116731781,True,1,1
546,overnight0546 25-11-06 01-20-44.fits,2025-11-06 01:20:44,1344.2555413943062,1198.3056943928068,3.795964096277673,4.04249975717466,8.938812344132456,9.519359460227635,1515.3380376463997,1548.2771973596205,29059.62048870465,38745.49908266766,True,1,1
547,overnight0547 25-11-06 01-21-44.fits,2025-11-06 01:21:44,1343.5820100372398,1198.3403952650908,3.686942232818111,3.9539330243501314,8.682085474711254,9.310800742449533,1628.8139366543642,1476.4231587626682,29059.373374100876,38746.05005756759,True,1,1
548,overnight0548 25-11-06 01-22-44.fits,2025-11-06 01:22:44,1344.0356379429772,1197.9562779872565,3.7003129590270496,3.668567437884713,8.713571128804682,8.638816139278754,1551.7439808323902,1460.09963698711,29063.34964646415,38751.63609936794,True,1,1
549,overnight0549 25-11-06 01-23-43.fits,2025-11-06 01:23:43,1344.51922224532,1198.3440703736824,3.252051771909783,4.431241509677555,7.657996699971574,10.434776331361913,1745.414152178025,1363.3877559419184,29061.28903660084,38747.908439693885,True,1,1
550,overnight0550 25-11-06 01-24-43.fits,2025-11-06 01:24:43,1345.2187498691944,1199.5386434287514,3.731174253001248,4.2092231621428144,8.786243922470717,9.911963076222458,1619.3516470039503,1346.221698798754,29057.641696637882,38744.01253733055,True,1,1
551,overnight0551 25-11-06 01-25-44.fits,2025-11-06 01:25:44,1344.2540234164421,1199.836456499104,3.7198389907738756,5.422867144365004,8.759551419762019,12.769876253090453,1615.2159370551497,1186.4737462902528,29055.116530068724,38739.59954653263,True,1,1
552,overnight0552 25-11-06 01-26-44.fits,2025-11-06 01:26:44,1343.2387334264927,1199.7062857959306,3.6177350023325734,4.030422501885805,8.519114901102832,9.490919697384482,1643.821948605998,1541.295040005646,29058.371211611633,38744.148775605914,True,1,1
553,overnight0553 25-11-06 01-27-44.fits,2025-11-06 01:27:44,1344.6666018960107,1201.7331356291588,3.8700838256957613,3.5243207025677403,9.113350968698441,8.299141035524073,1502.9626961070667,1603.8238134383057,29056.602721473315,38742.351333695566,True,1,1
554,overnight0554 25-11-06 01-28-44.fits,2025-11-06 01:28:44,1346.201292871968,1200.7906987688896,3.6700502402149686,4.106031884415846,8.642307871928859,9.668966186958636,1600.391246729845,1375.996749128634,29058.018858593074,38744.31710138637,True,1,1
555,overnight0555 25-11-06 01-29-44.fits,2025-11-06 01:29:44,1345.0872381811723,1200.8159183798816,3.633216670152525,3.2308925862368665,8.555571442815765,7.608170625412458,1537.3245723136988,1626.8881172229635,29056.125154289013,38741.92989994706,True,1,1
556,overnight0556 25-11-06 01-30-43.fits,2025-11-06 01:30:43,1345.2235227641843,1202.1346761843395,3.6248390819199687,3.494842094135349,8.535843730116726,8.22972421748786,1591.581219083038,1548.2865438309811,29054.7885529197,38740.18572490804,True,1,1
557,overnight0557 25-11-06 01-31-43.fits,2025-11-06 01:31:43,1345.8656116629224,1200.9272130587374,3.5290576791609127,3.318750147317067,8.310295762958518,7.815059371351645,1570.2143578675693,1667.6823385967386,29057.24055767066,38742.99623045694,True,1,1
558,overnight0558 25-11-06 01-32-43.fits,2025-11-06 01:32:43,1344.9277339786054,1200.9954239422002,4.110918500978772,3.56369462021157,9.680473289593396,8.391859526043161,1492.4101326640114,1620.8925107557945,29056.091559882658,38741.9238530478,True,1,1
559,overnight0559 25-11-06 01-33-44.fits,2025-11-06 01:33:44,1346.213034582434,1202.3545640424563,3.5369362030739975,4.700776026458779,8.328848268994305,11.069481614306069,1689.2247627647705,1331.9310687353118,29054.099881886534,38738.42589866625,True,1,1
560,overnight0560 25-11-06 01-34-44.fits,2025-11-06 01:34:44,1345.983498692862,1201.561680398662,3.25140791983072,4.2707294721699816,7.656480544189761,10.056799367970319,1730.3985471805213,1386.9663512987418,29060.470753492227,38746.906428722155,True,1,1
561,overnight0561 25-11-06 01-35-44.fits,2025-11-06 01:35:44,1345.5507496857956,1202.4357339796156,4.009424039381146,3.996187624756764,9.441472096963683,9.410302722481845,1484.9073823294182,1465.1920755224548,29058.55721845903,38744.871476097935,True,1,1
562,overnight0562 25-11-06 01-36-44.fits,2025-11-06 01:36:44,1345.8211431016525,1202.5987415473694,3.712698333828313,3.6950939641126324,8.742736457651919,8.701281334965298,1573.105109970327,1432.4762701275001,29056.511767960423,38742.730249785986,True,1,1
563,overnight0563 25-11-06 01-37-44.fits,2025-11-06 01:37:44,1345.9072176603945,1203.0315074262242,3.885456163455182,4.036410403125625,9.149550057793311,9.505020127251678,1507.5089235710263,1515.4672371050553,29058.76749070037,38744.684289172816,True,1,1
564,overnight0564 25-11-06 01-38-43.fits,2025-11-06 01:38:43,1346.8301116048783,1202.7047847423232,3.847640320318323,3.6200251770417777,9.06050055235489,8.52450785041469,1493.3373445518598,1543.3503384632947,29054.26498148801,38739.227369953616,True,1,1
565,overnight0565 25-11-06 01-39-43.fits,2025-11-06 01:39:43,1346.489903046072,1204.0997730281522,3.7888484666501974,3.4713663751096884,8.922056316852661,8.17444312375472,1550.1702287589455,1630.9411004479139,29056.915105278746,38742.82994174739,True,1,1
566,overnight0566 25-11-06 01-40-44.fits,2025-11-06 01:40:44,1346.6895954241934,1204.0519471913149,3.4228759997076557,4.39974012877372,8.060257015766938,10.360596248163406,1650.7610395894988,1327.123971934719,29059.226825024864,38745.38947706007,True,1,2
567,overnight0567 25-11-06 01-41-44.fits,2025-11-06 01:41:44,1346.526046710643,1204.768696071047,3.969317802904397,4.077633900660887,9.34702912737748,9.602094045573995,1501.8679736443898,1450.182994978247,29058.74531564082,38745.05651900197,True,1,1
568,overnight0568 25-11-06 01-42-44.fits,2025-11-06 01:42:44,1346.6961501621477,1205.118694584559,3.7719853991271535,4.06068921029356,8.882346827428687,9.562192349040172,1587.2597970189802,1446.5232561003893,29059.567388191306,38746.23768898231,True,1,1
569,overnight0569 25-11-06 01-43-44.fits,2025-11-06 01:43:44,1347.0775778203372,1205.8526017929064,3.4631467167001064,4.28516589196518,8.155087307368529,10.090794538682534,1700.982350153682,1363.3447071391515,29058.545732762912,38744.79108381516,True,1,1
570,overnight0570 25-11-06 01-44-44.fits,2025-11-06 01:44:44,1346.3530889502138,1206.4550058626996,3.8957195325181724,3.943576385895865,9.173718444992392,9.286412722618289,1511.3914684122253,1478.195916921356,29057.581671812084,38743.5187057108,True,1,1
571,overnight0571 25-11-06 01-45-44.fits,2025-11-06 01:45:44,1345.8423054996279,1207.1129308486672,4.1478404519334555,3.9462160117256984,9.767417839803134,9.292628566433763,1448.3665142429686,1489.5555895210168,29058.549295634737,38744.90144165871,True,1,1
572,overnight0572 25-11-06 01-46-43.fits,2025-11-06 01:46:43,1346.7464201722123,1206.6577281007228,4.052194531067741,4.576527345972512,9.542188908123105,10.776898330928363,1498.5219025491792,1333.516345015386,29059.848435726155,38746.42466843972,True,1,1
573,overnight0573 25-11-06 01-47-43.fits,2025-11-06 01:47:43,1346.5294791693468,1207.3389710159165,3.474706097804277,4.259778900975561,8.182307569700782,10.031012743417158,1654.2893725804604,1364.2613908022327,29058.35565472683,38744.391588729544,True,1,1
574,overnight0574 25-11-06 01-48-44.fits,2025-11-06 01:48:44,1345.8795142969534,1206.691844713466,3.7675419196831568,3.869750492620028,8.871883232964281,9.112566029290033,1486.6090588828501,1592.130593859316,29058.866687921647,38744.424110303524,True,1,1
575,overnight0575 25-11-06 01-49-44.fits,2025-11-06 01:49:44,1345.9722180959234,1208.446169493199,4.038994453856273,3.5698168077772907,9.511105101709584,8.40627617604236,1443.155332587263,1641.809208852875,29060.019579495645,38746.65091494147,True,1,1
576,overnight0576 25-11-06 01-50-44.fits,2025-11-06 01:50:44,1346.3848500505064,1208.8220132739443,3.918721570301748,3.5533077769226566,9.227884104641715,8.367400379261833,1445.242771550643,1598.9545946726885,29059.98230495355,38746.61947730529,True,1,1
577,overnight0577 25-11-06 01-51-44.fits,2025-11-06 01:51:44,1346.0425067953133,1207.5089529105821,4.046308960036996,3.7726466608672315,9.528329447483454,8.883903979829235,1446.2801626991522,1429.3007510414216,29058.535925681557,38745.314917678894,True,1,1
578,overnight0578 25-11-06 01-52-44.fits,2025-11-06 01:52:44,1346.4926893195272,1207.737314793249,3.3704236693940772,4.027677564561678,7.936741216935938,9.484455863951275,1676.7855229697022,1386.643646131874,29060.18353371722,38746.99822791575,True,1,1
579,overnight0579 25-11-06 01-53-44.fits,2025-11-06 01:53:44,1347.2136404674754,1206.799514332121,3.6647378463429945,3.6998897399896156,8.629798140352035,8.712574524131893,1560.1434979895498,1645.9117577008205,29053.7911368827,38737.902294670166,True,1,1
580,overnight0580 25-11-06 01-54-43.fits,2025-11-06 01:54:43,1347.424644989783,1208.1462578494754,3.823314459641931,3.6536273977782296,9.003217528021493,8.60363503336244,1531.1531663877392,1527.5123850957089,29062.50742082464,38750.366460989484,True,1,1
581,overnight0581 25-11-06 01-55-43.fits,2025-11-06 01:55:43,1347.7502143171569,1209.4107692166547,4.203806009276145,3.306589347981804,9.899206656065028,7.7864228773133695,1394.9411683995427,1666.7174846794019,29061.787100071706,38749.5102056663,True,1,1
582,overnight0582 25-11-06 01-56-43.fits,2025-11-06 01:56:43,1347.7153400472,1209.8035355419797,4.193500590199442,3.401285143094822,9.874939248650763,8.009414433825647,1424.1813852267946,1744.8848069699602,29054.53970711732,38739.435174610546,True,1,1
583,overnight0583 25-11-06 01-57-44.fits,2025-11-06 01:57:44,1347.67319689143,1208.155062855838,4.10611142701965,3.6634740353825577,9.669153495476507,8.626822092969268,1441.8937723794602,1672.5499901394842,29056.436841986477,38741.64584771904,True,1,1
584,overnight0584 25-11-06 01-58-44.fits,2025-11-06 01:58:44,1348.1220245314905,1207.6323269791717,3.805617089703283,3.5552536292977543,8.961543406545635,8.371982511439384,1508.4795016230355,1551.7457154807917,29052.150082288732,38736.49234830407,True,1,1
585,overnight0585 25-11-06 01-59-44.fits,2025-11-06 01:59:44,1348.8208524202294,1208.0405155658088,4.09918829675917,3.4917441871827046,9.652850769564768,8.222429204098132,1441.701376022575,1660.1876771365514,29059.045435415952,38745.54124975538,True,1,1
586,overnight0586 25-11-06 02-00-44.fits,2025-11-06 02:00:44,1348.3386604587777,1208.4380894373292,3.9398728055263725,4.045947446102548,9.277691457325826,9.527478147224056,1520.8361019295337,1512.0496991789691,29059.662317201044,38746.05222204658,True,1,1
587,overnight0587 25-11-06 02-01-44.fits,2025-11-06 02:01:44,1348.023186126401,1208.7870660237531,4.060948913999392,3.402862175475386,9.562803904532434,8.013128061287063,1478.9523195331672,1626.011795440491,29058.758717334174,38745.628953144485,True,1,1
588,overnight0588 25-11-06 02-02-44.fits,2025-11-06 02:02:44,1348.5883463352495,1209.6849607130787,4.038099634127258,3.4833846064817617,9.50899796227501,8.202743895895498,1481.1139803437186,1729.7474211236724,29053.32271191018,38737.705532964974,True,1,1
589,overnight0589 25-11-06 02-03-43.fits,2025-11-06 02:03:43,1348.7514768116932,1209.842945730511,3.6553126583338966,3.348590205660507,8.607603518700026,7.885327338883671,1538.933778477301,1583.5585410014837,29052.843556159532,38737.54590144163,True,1,1
590,overnight0590 25-11-06 02-04-43.fits,2025-11-06 02:04:43,1348.521366435774,1211.1947907351775,3.6868033942046163,3.7288759190479226,8.68175853476117,8.780831759607251,1565.837688013634,1604.2973860479535,29057.87124847085,38743.5550955366,True,1,1
591,overnight0591 25-11-06 02-05-44.fits,2025-11-06 02:05:44,1347.9217214405514,1210.4321690137226,3.6986512130627442,4.7585244113908,8.709658016098187,11.205468668712156,1605.1232618227539,1312.1996310872187,29056.235809184276,38741.246498551554,True,1,1
592,overnight0592 25-11-06 02-06-44.fits,2025-11-06 02:06:44,1349.2834866832488,1210.6038861266588,4.213738178782813,3.220699820562864,9.922595127909974,7.584168496489014,1401.0802093775578,1718.641546160905,29057.95406449162,38744.419916428946,True,1,1
593,overnight0593 25-11-06 02-07-44.fits,2025-11-06 02:07:44,1348.5744838578364,1211.8264937019528,4.383179887220489,4.093056956818753,10.321599859403303,9.638412567370176,1393.2254020816977,1564.9856372977833,29058.898683128755,38744.8081269184,True,1,1
594,overnight0594 25-11-06 02-08-44.fits,2025-11-06 02:08:44,1348.6204089034384,1211.0699682510815,3.9123178661577835,3.0815497107097305,9.212804533761059,7.2564950285385965,1488.2331844382918,1773.664183046837,29055.40597811039,38741.00712832053,True,1,1
595,overnight0595 25-11-06 02-09-44.fits,2025-11-06 02:09:44,1348.9284232659297,1209.4136870476275,4.262524995304438,3.6139446391698247,10.037479301388343,8.510189277949245,1421.1212801840086,1555.0673657975426,29055.50895950889,38741.24996410453,True,1,1
596,overnight0596 25-11-06 02-10-44.fits,2025-11-06 02:10:44,1349.0386074937555,1210.8472818103285,3.7072949900953227,3.412619242665679,8.73001255551928,8.036104198687479,1575.0840121772592,1643.5676729258817,29059.336344842322,38746.08262822663,True,1,1
597,overnight0597 25-11-06 02-11-43.fits,2025-11-06 02:11:43,1349.9759558825767,1210.595165601224,4.352862111349806,3.857088401671382,10.250206953062262,9.082749083712157,1413.2166510023037,1562.8460461098282,29060.002883938356,38746.83174798399,True,1,1
598,overnight0598 25-11-06 02-12-43.fits,2025-11-06 02:12:43,1350.9375223144345,1210.2096723536347,4.281905123436393,3.7654366205836,10.08311601558874,8.866925632443857,1417.0247783661844,1497.6215352898314,29057.593698578534,38744.01751265371,True,1,1
599,overnight0599 25-11-06 02-13-44.fits,2025-11-06 02:13:44,1350.5485719558565,1209.6171407576005,4.090740480774953,3.439282178036403,9.632957683148401,8.098890613357824,1443.4199554963209,1646.4460437426394,29052.889539518503,38737.50207574803,True,1,1
600,overnight0600 25-11-06 02-14-44.fits,2025-11-06 02:14:44,1351.0909927617345,1209.1960612254531,4.0671117045692755,3.167277861726412,9.577316167299722,7.458369396976118,1452.3246276342288,1727.1064934349688,29057.99841097667,38744.56780021164,True,1,1
601,overnight0601 25-11-06 02-15-44.fits,2025-11-06 02:15:44,1350.1070633039897,1211.074200456249,3.7326970054746114,3.5814959139018896,8.789829730518614,8.43377836925261,1548.076997637053,1617.6633296843756,29061.365016622924,38748.4669069951,True,1,1
602,overnight0602 25-11-06 02-16-44.fits,2025-11-06 02:16:44,1349.7236071557531,1211.4156578233478,4.229622447371729,3.450195307612274,9.95999972198381,8.124589069637105,1413.6554796981698,1649.9218015564315,29059.446599858515,38746.30306615133,True,1,1
603,overnight0603 25-11-06 02-17-43.fits,2025-11-06 02:17:43,1349.576714690079,1211.7581307777173,4.357740142901617,3.546854926344611,10.261693839540762,8.35220507737306,1350.3491402149505,1683.128398773905,29060.2643825712,38746.90776031683,True,1,1
604,overnight0604 25-11-06 02-18-43.fits,2025-11-06 02:18:43,1349.7908907660806,1211.6304498712013,4.2753940017920575,3.231132954711979,10.067783495825024,7.608736649915847,1447.7925551008411,1732.3812052161204,29050.843071381056,38735.230735855686,True,1,1
605,overnight0605 25-11-06 02-19-43.fits,2025-11-06 02:19:43,1349.674023995238,1211.0046533944162,3.7698942454645015,3.495291096685941,8.877422536866634,8.230781537694265,1510.197673213912,1596.79639699919,29063.623066193657,38751.64366417824,True,1,1
606,overnight0606 25-11-06 02-20-44.fits,2025-11-06 02:20:44,1350.2326544985463,1211.7699035278984,4.474691203242612,3.6373293301525376,10.53709254071936,8.565256017022191,1367.3510330265694,1562.9096223180434,29060.163773819368,38747.45118585191,True,1,1
607,overnight0607 25-11-06 02-21-44.fits,2025-11-06 02:21:44,1349.8275851015908,1211.2330585236011,3.5750672117016555,3.675638919361777,8.418639932447963,8.65546820560901,1612.4520190505648,1526.2871102555675,29062.026652197743,38749.570632306495,True,1,1
608,overnight0608 25-11-06 02-22-44.fits,2025-11-06 02:22:44,1349.7099649892796,1211.712341922689,4.5468814688025,3.664525901409384,10.707087625115891,8.629299048173925,1337.036036058608,1591.7118507363552,29054.116931046243,38739.14435670535,True,1,1
609,overnight0609 25-11-06 02-23-44.fits,2025-11-06 02:23:44,1350.1031285323809,1211.7510507076754,3.8090230799999656,3.4238530595116816,8.969563900769444,8.062557815778652,1527.6260586634805,1665.9571183959467,29059.160361074937,38745.69698510451,True,1,1
610,overnight0610 25-11-06 02-24-44.fits,2025-11-06 02:24:44,1349.5887574201747,1211.5345857920133,4.279019173505132,3.5901289712849316,10.07632012284165,8.454107665828099,1392.3943133462205,1635.3433696149912,29055.714180971445,38741.06580764452,True,1,1
611,overnight0611 25-11-06 02-25-44.fits,2025-11-06 02:25:44,1350.0740412874445,1210.9788411115057,4.095080716143739,3.7416798055026588,9.643178156394972,8.810982608085165,1494.269999874573,1609.0319009393681,29058.267011678654,38744.48483806988,True,1,1
612,overnight0612 25-11-06 02-26-44.fits,2025-11-06 02:26:44,1350.0869278981306,1210.2282840564671,3.8484069370481597,3.7692754195060516,9.062305796797165,8.875965313095291,1597.290512211775,1450.7011276462767,29058.182303170055,38745.12944048315,True,1,1
613,overnight0613 25-11-06 02-27-45.fits,2025-11-06 02:27:45,1349.6222214456127,1211.0747952866307,4.009290314909904,3.7802518295615326,9.44115719989829,8.901812783516418,1514.443229629356,1614.6322771273872,29060.889901400347,38747.811589222554,True,1,1
614,overnight0614 25-11-06 02-28-45.fits,2025-11-06 02:28:45,1350.1807982789355,1210.2737719813622,4.057469286868753,3.7853010826773406,9.55461000881597,8.913702865965956,1489.2554045804884,1514.9931790542255,29056.656026467994,38742.61001326527,True,1,1
615,overnight0615 25-11-06 02-29-45.fits,2025-11-06 02:29:45,1349.204569879219,1211.138432947885,4.225606248208936,3.6124229054871178,9.950542295690427,8.506605868970007,1407.5184296814623,1576.531610324489,29057.621301122115,38743.824741700366,True,1,1
616,overnight0616 25-11-06 02-30-45.fits,2025-11-06 02:30:45,1349.2803064768505,1210.48279047244,4.452250357582036,3.346190378175387,10.484248387530391,7.879676177017094,1387.0990101682344,1643.33191069746,29056.985853712158,38743.53140523787,True,1,1
617,overnight0617 25-11-06 02-31-44.fits,2025-11-06 02:31:44,1349.0446036957087,1209.6467304395724,4.046102023357394,3.994395801430351,9.527842148842273,9.406083300995654,1502.3805806713783,1470.7740682391648,29055.6342755308,38741.111940325914,True,1,1
618,overnight0618 25-11-06 02-32-44.fits,2025-11-06 02:32:44,1349.1404002864815,1210.0099944225692,4.228849801860705,3.26998273360247,9.958180280846747,7.700220887992195,1391.037828631514,1788.6546726070103,29056.468275047206,38742.001592333225,True,1,1
619,overnight0619 25-11-06 02-33-45.fits,2025-11-06 02:33:45,1348.8799795677855,1209.4973212387256,3.700347101433625,3.8586217912117715,8.713651528028072,9.086359940138706,1569.4532681928,1397.6958044442244,29060.819023983888,38748.29963738353,True,1,1
620,overnight0620 25-11-06 02-34-45.fits,2025-11-06 02:34:45,1349.672411564061,1209.3844297508822,4.274025139667266,3.472901106636157,10.06456007185468,8.178057140316989,1393.7735640496433,1737.3334798007288,29054.787483202635,38739.616687131915,True,1,1
621,overnight0621 25-11-06 02-35-45.fits,2025-11-06 02:35:45,1348.4349727558524,1209.3270926044065,3.748442376805265,3.6124602162227686,8.826907246544494,8.506693729038213,1542.7482559535413,1672.9838200800245,29061.682192168,38748.56925661872,True,1,1
622,overnight0622 25-11-06 02-36-45.fits,2025-11-06 02:36:45,1348.6446707029545,1208.2953338737607,4.048859702422636,3.661159167216715,9.534335986782867,8.621370995010738,1448.7728707149934,1561.6462311648636,29061.176728169095,38748.42943470796,True,1,1
623,overnight0623 25-11-06 02-37-45.fits,2025-11-06 02:37:45,1348.881302861869,1208.2520278265367,4.140011786843118,3.1600592198016764,9.748982742322573,7.44137079427385,1402.4388583174189,1653.4599483938673,29057.643449981966,38744.28322320498,True,1,1
624,overnight0624 25-11-06 02-38-44.fits,2025-11-06 02:38:44,1347.9873876528382,1208.4428417632803,4.240013379765644,3.1696971036021373,9.984468497871562,7.464066276238855,1391.86501263229,1777.2574403393742,29057.752760691994,38744.02043806315,True,1,1
625,overnight0625 25-11-06 02-39-44.fits,2025-11-06 02:39:44,1347.0593693981834,1208.6314063819855,4.076457879200637,4.290489100382715,9.599324726666012,10.103329736568021,1425.3228147592165,1416.7881623602777,29064.940944098544,38752.90412665599,True,1,1
626,overnight0626 25-11-06 02-40-44.fits,2025-11-06 02:40:44,1348.2414065671264,1209.0046283891647,3.8214320885199573,3.5992960357819466,8.99878488277128,8.475694453059761,1482.3618119330106,1618.1582830804005,29054.066246099334,38738.54678045256,True,1,1
627,overnight0627 25-11-06 02-41-45.fits,2025-11-06 02:41:45,1348.5472165983301,1209.4421314817764,5.021356573474421,3.793573791817549,11.82439111246549,8.93318360727603,1245.726385823329,1632.168017057718,29060.05642485142,38746.824783764336,True,1,1
628,overnight0628 25-11-06 02-42-45.fits,2025-11-06 02:42:45,1348.8177648051408,1208.1667914175484,4.3413251320938935,3.3078710476188515,10.223039443051334,7.789441049310398,1345.0756936363684,1619.0552523361682,29056.39951855305,38742.49762315221,True,1,1
629,overnight0629 25-11-06 02-43-45.fits,2025-11-06 02:43:45,1348.452036136499,1207.1929994277555,4.016364788507409,3.422382962333695,9.457816312133737,8.059096001475785,1454.6816379616437,1557.9069547379117,29056.43669677469,38742.582434425785,True,1,1
630,overnight0630 25-11-06 02-44-45.fits,2025-11-06 02:44:45,1348.6910783366036,1207.5937494794048,4.051807531294562,3.894230571601743,9.541277593299801,9.170212209980116,1426.8531958262483,1450.2910368327794,29053.468884134392,38738.13288844196,True,1,1
631,overnight0631 25-11-06 02-45-45.fits,2025-11-06 02:45:45,1348.3768545280773,1207.8816297028375,4.415455600069755,3.9341375208709866,10.39760335498842,9.264185894055364,1372.0967299050785,1517.1694552612084,29060.828813500313,38747.88883034179,True,1,1
632,overnight0632 25-11-06 02-46-45.fits,2025-11-06 02:46:45,1347.6545126468063,1207.4746529961756,4.267416398481582,4.000800408659708,10.04899767563821,9.421164998479894,1360.7603660916557,1585.7970802926525,29057.17936808679,38742.204064123565,True,1,1
633,overnight0633 25-11-06 02-47-44.fits,2025-11-06 02:47:44,1347.5810164290094,1206.8303778354718,3.8008425862773554,3.930819464387864,8.950300310173192,9.25637246813836,1490.3877582366788,1496.491886774094,29055.61977712314,38740.542141134516,True,1,1
634,overnight0634 25-11-06 02-48-44.fits,2025-11-06 02:48:44,1347.832023220015,1206.56483270167,4.1202890876840925,3.9455045310439596,9.702539335000784,9.290953157462752,1446.0713604663679,1475.7841114908117,29054.859346516077,38739.989387060494,True,1,1
635,overnight0635 25-11-06 02-49-45.fits,2025-11-06 02:49:45,1348.456762171619,1207.4113987989565,4.928158805834509,3.545840885327553,11.604927141074889,8.34981719325961,1272.545108138026,1612.2970726466951,29059.934441831116,38747.30298658934,True,1,1
636,overnight0636 25-11-06 02-50-45.fits,2025-11-06 02:50:45,1348.653120565262,1207.01707152385,4.176432563848904,3.922362410204351,9.834747118071398,9.236457627425112,1406.124132766096,1511.7656443805913,29060.28656962559,38746.974200273726,True,1,1
637,overnight0637 25-11-06 02-51-45.fits,2025-11-06 02:51:45,1348.106364100669,1207.7292900749926,4.0661209592342376,3.620131311988724,9.574983140325255,8.524757779115237,1446.157126883827,1641.477781203286,29053.651327958036,38738.1206768681,True,1,1
638,overnight0638 25-11-06 02-52-44.fits,2025-11-06 02:52:44,1348.0097569722968,1207.4102353373335,3.939385141147067,3.923116764310192,9.276543095470188,9.238233995594598,1499.454877106929,1444.8325739399004,29054.82989122371,38740.08479794128,True,1,1
639,overnight0639 25-11-06 02-53-44.fits,2025-11-06 02:53:44,1347.0574391745488,1207.6087711615935,4.539997905206386,3.6859052950737636,10.690878071578517,8.679643672925415,1356.7462723925587,1557.7763010301987,29059.412933290707,38746.42937596833,True,1,1
640,overnight0640 25-11-06 02-54-45.fits,2025-11-06 02:54:45,1348.577391167599,1206.1537902409286,4.571998432763138,3.5235512776880293,10.766233555320722,8.297329178394184,1311.7790283986208,1547.9610317215077,29056.506100815513,38742.717212025396,True,1,1
641,overnight0641 25-11-06 02-55-45.fits,2025-11-06 02:55:45,1347.0153277142033,1206.395908399242,4.525550792877226,4.216497121572533,10.656857721872997,9.9290919416943,1322.6606908087356,1447.839255727211,29055.60035324801,38740.64505754043,True,1,1
642,overnight0642 25-11-06 02-56-45.fits,2025-11-06 02:56:45,1346.4368380149278,1207.3925902600165,4.0283722662867385,3.569515254924992,9.486091761498765,8.40556607334113,1476.5555909026439,1675.3905439787065,29062.412220747832,38749.84090123071,True,1,1
643,overnight0643 25-11-06 02-57-45.fits,2025-11-06 02:57:45,1346.391746307804,1208.0002088214085,4.273065098928433,3.3662632097588694,10.062299348678831,7.926944083190409,1387.664714398761,1741.6851144911031,29057.036227716417,38742.80193349447,True,1,1
644,overnight0644 25-11-06 02-58-45.fits,2025-11-06 02:58:45,1346.992008355039,1208.462951874036,4.7801097146202824,3.5949789927924685,11.256298173435011,8.465528593692877,1286.7315346428084,1714.0495896848377,29059.269311160613,38745.677721918524,True,1,1
645,overnight0645 25-11-06 02-59-44.fits,2025-11-06 02:59:44,1347.5493501161936,1206.6008412246772,4.439285096782764,3.9497430579657054,10.453717531511211,9.300934125619483,1389.7129453085522,1548.1343006976822,29058.464366424923,38744.69043644465,True,1,1
646,overnight0646 25-11-06 03-00-44.fits,2025-11-06 03:00:44,1347.6336318523072,1206.7400953465467,4.607089167543746,3.4927451114468373,10.848865920976964,8.224786200618869,1321.5766787205487,1707.613021918871,29059.082847241654,38745.606158683564,True,1,1
647,overnight0647 25-11-06 03-01-45.fits,2025-11-06 03:01:45,1348.2107622890971,1209.6754131097407,3.910823637116102,3.8329352142803903,9.209285893261839,9.02587267389246,1484.985800730351,1577.6594411589165,29062.283481344737,38749.39856890651,True,1,1
648,overnight0648 25-11-06 03-02-45.fits,2025-11-06 03:02:45,1347.9392720377127,1208.7500861923363,4.259340633174954,3.3361164663921574,10.029980701615198,7.855953927618072,1389.87517363037,1731.7436945554182,29055.21909430828,38740.478364493916,True,1,1
649,overnight0649 25-11-06 03-03-45.fits,2025-11-06 03:03:45,1348.8179451313936,1208.4172691256106,5.589531130301072,3.8338591151406276,13.162339947957465,9.028048294157768,1124.0318547362256,1526.5666569937684,29058.70950319827,38745.50760589092,True,1,1
650,overnight0650 25-11-06 03-04-45.fits,2025-11-06 03:04:45,1348.3940813921495,1207.3367000692672,3.9787894886758224,3.514713871283207,9.369333242892267,8.276518676646024,1446.2181484624864,1627.9655018523692,29057.875142843623,38743.875776973306,True,1,1
651,overnight0651 25-11-06 03-05-44.fits,2025-11-06 03:05:44,1348.4674046767798,1209.3281214668066,4.254025568505611,3.801746784879286,10.017464680791193,8.952429535165708,1419.308395054368,1638.872515700667,29056.524822052503,38741.78138344878,True,1,1
652,overnight0652 25-11-06 03-06-44.fits,2025-11-06 03:06:44,1349.3504801379765,1209.1586278496466,4.367475877213284,3.1996507248944592,10.284619741850971,7.53460166407928,1363.42625804137,1663.6436156309142,29058.48269610651,38745.468240055314,True,1,1
653,overnight0653 25-11-06 03-07-44.fits,2025-11-06 03:07:44,1349.4476873182055,1209.3183731552745,4.152625102260849,3.486251825903098,9.778684830302543,8.209495681662363,1419.0452685136058,1568.1484311703257,29058.94454438678,38745.81529304918,True,1,1
654,overnight0654 25-11-06 03-08-45.fits,2025-11-06 03:08:45,1347.5748013508826,1210.6704990502012,4.072459925804574,3.1751978301288424,9.589910265869863,7.477019497326173,1439.638295885519,1722.6385407981536,29058.773033639638,38745.54398427337,True,1,1
655,overnight0655 25-11-06 03-09-45.fits,2025-11-06 03:09:45,1350.0333645773096,1210.401000021309,4.58335649304886,3.3662851346319753,10.79297974335421,7.926995712321084,1310.4312600205733,1785.5077890774412,29059.071388810433,38745.42283320148,True,1,1
656,overnight0656 25-11-06 03-10-45.fits,2025-11-06 03:10:45,1350.0222802450808,1210.5765265281652,4.224357029001612,3.4208523485332356,9.947600609260384,8.055491681417262,1417.7159451300631,1621.264139695356,29059.119905420885,38746.07134147615,True,1,1
657,overnight0657 25-11-06 03-11-45.fits,2025-11-06 03:11:45,1350.2399710244854,1209.6184385486256,4.389979749116786,3.131323971147288,10.337612310500145,7.373704454743548,1355.3092755058485,1813.760731456986,29056.801215826137,38742.75451757787,True,1,1
658,overnight0658 25-11-06 03-12-44.fits,2025-11-06 03:12:44,1350.4139408786243,1211.0404342869049,4.712517065598585,3.4285151674054584,11.097129648621978,8.073536240899013,1304.141535437283,1684.6400467011506,29062.09796520104,38749.946969479766,True,1,1
659,overnight0659 25-11-06 03-13-44.fits,2025-11-06 03:13:44,1351.5413833910825,1211.0836627287044,4.005010026274532,3.5388677941808524,9.431077890421198,8.333396818451531,1479.243031715905,1595.0884748030826,29056.58702092977,38742.48102424093,True,1,1
660,overnight0660 25-11-06 03-14-45.fits,2025-11-06 03:14:45,1351.1782368957474,1211.8299372251956,4.503007913498086,3.460631026033434,10.603773297638284,8.149163308559551,1358.2320753284957,1734.2131407484399,29058.114506308953,38744.30236508838,True,1,1
661,overnight0661 25-11-06 03-15-45.fits,2025-11-06 03:15:45,1350.749454839946,1213.3811711084393,4.652077547662196,3.393722500782149,10.954805460273361,7.991605772114366,1318.3036569838687,1762.1814592786006,29055.139149468283,38740.38462154422,True,1,1
662,overnight0662 25-11-06 03-16-45.fits,2025-11-06 03:16:45,1350.765418999746,1213.5642413714309,3.812878330517241,3.965234741573701,8.97864232196614,9.337414252710866,1566.6529737087908,1496.753566137764,29059.396782554748,38745.91261105237,True,1,1
663,overnight0663 25-11-06 03-17-45.fits,2025-11-06 03:17:45,1350.5344955805929,1214.1248454071615,4.35144483740119,3.256383999667034,10.246869527958763,7.668198316733988,1371.8311579361814,1764.630974875748,29058.389771029946,38744.8110008456,True,1,1
664,overnight0664 25-11-06 03-18-44.fits,2025-11-06 03:18:44,1350.9091561084715,1214.9899837915493,4.166503283542619,3.5477547376970553,9.81136544977343,8.354323971182543,1389.7390757008427,1613.1974673670823,29055.431148003016,38740.662496018245,True,1,1
665,overnight0665 25-11-06 03-19-44.fits,2025-11-06 03:19:44,1349.6199185380658,1215.784281862716,4.159551869399403,3.4607383583541957,9.79499612040767,8.14941605685996,1408.907449407278,1617.9579764690232,29052.294959556464,38736.73414740595,True,1,1
666,overnight0666 25-11-06 03-20-44.fits,2025-11-06 03:20:44,1349.5526310514263,1217.194964782536,4.159484060339649,3.5836755841282817,9.794836442274528,8.438911100393273,1412.2896918224797,1717.9227057680637,29057.098856135675,38742.43020783021,True,1,1
667,overnight0667 25-11-06 03-21-45.fits,2025-11-06 03:21:45,1349.6257632667225,1218.1031038737174,4.345791605705669,3.7335487473726245,10.233557184642946,8.791835429413249,1361.704960157939,1625.3959529306564,29063.060766008257,38750.550801450045,True,1,1
668,overnight0668 25-11-06 03-22-45.fits,2025-11-06 03:22:45,1350.268674662924,1218.5378321373234,4.002791488585557,3.2863280178073166,9.425853633400543,7.738711090879496,1462.5086809257175,1673.2674682173572,29055.901915640698,38741.666295475145,True,1,1
669,overnight0669 25-11-06 03-23-45.fits,2025-11-06 03:23:45,1350.7630543522148,1219.3447962332452,4.69482175987142,4.020018644394625,11.055460387992698,9.466420485218608,1283.8390881739238,1518.8870137086328,29057.68537482333,38743.47793893305,True,1,1
670,overnight0670 25-11-06 03-24-44.fits,2025-11-06 03:24:44,1352.0512705288063,1220.5209938607072,3.752474331841428,3.489844114020783,8.836401775084314,8.217954873729415,1566.2304899911921,1621.6138982426587,29060.22458779777,38747.25080213512,True,1,1
671,overnight0671 25-11-06 03-25-44.fits,2025-11-06 03:25:44,1352.1034438189163,1220.9800934094458,4.2774176837733044,3.649441780251587,10.072548902719232,8.59377865730987,1396.0751605416965,1659.7613940722729,29059.43727623712,38745.80460663568,True,1,1
672,overnight0672 25-11-06 03-26-44.fits,2025-11-06 03:26:44,1351.7408531826968,1223.5418120050117,4.639179869432022,3.5617569178047495,10.924433749042587,8.387296585574276,1335.991869705488,1608.762646865322,29054.026621914825,38739.313003186755,True,1,1
673,overnight0673 25-11-06 03-27-45.fits,2025-11-06 03:27:45,1352.0789060864981,1223.9426649125908,4.744640470840598,4.134104020235163,11.172774487200522,9.735071015092794,1319.3941950638684,1555.0949714681083,29056.680616767542,38742.020352279,True,1,1
674,overnight0674 25-11-06 03-28-45.fits,2025-11-06 03:28:45,1354.0451972188284,1227.1066641422663,4.042325265192295,3.7755519852711923,9.518948563009864,8.890745495972999,1512.3006712884876,1586.5134641704672,29054.957989033577,38740.10488890705,True,1,1
675,overnight0675 25-11-06 03-29-45.fits,2025-11-06 03:29:45,1354.2800277988495,1228.1113604859775,3.9793156219092234,3.835391102346672,9.370572191976638,9.031655848339293,1464.5083412984272,1607.224515639951,29055.400398370835,38740.09442946645,True,1,1
676,overnight0676 25-11-06 03-30-45.fits,2025-11-06 03:30:45,1354.8889181334528,1228.4880826827682,4.511627243604437,3.596622720966947,10.624070268947458,8.46939927774672,1320.209572080597,1768.2628142332774,29060.04952587118,38746.205942770095,True,1,1
677,overnight0677 25-11-06 03-31-44.fits,2025-11-06 03:31:44,1354.544082614568,1229.3715218622608,4.231405049024829,3.444423391498815,9.964197428088834,8.110997245874895,1416.470657714074,1794.8050117075404,29060.080124804626,38746.52752741476,True,1,1
678,overnight0678 25-11-06 03-32-44.fits,2025-11-06 03:32:44,1354.728072653054,1230.2182925499546,4.27835582703023,3.164243541342705,10.07475806126575,7.451224118513519,1366.3781437124703,1744.8827160687501,29061.418211827808,38748.981416185874,True,1,1
679,overnight0679 25-11-06 03-33-45.fits,2025-11-06 03:33:45,1355.8297246134305,1230.590320620486,4.691405434236652,3.9838648370545084,11.047415555907593,9.381284774989913,1310.1698059925598,1609.194288865019,29061.558951021492,38748.400247853584,True,1,1
680,overnight0680 25-11-06 03-34-45.fits,2025-11-06 03:34:45,1354.7732487730527,1230.6791092856156,4.385737883147715,3.501449108769564,10.327623479487842,8.245282547986323,1361.0062161123255,1550.0805280411637,29057.25659938092,38743.71573157901,True,1,1
681,overnight0681 25-11-06 03-35-45.fits,2025-11-06 03:35:45,1356.8920328318186,1232.194968999527,3.9694067240332864,3.508326754209717,9.347238520634217,8.261478165331411,1478.8126590143568,1629.2287913859434,29058.922683471646,38745.43148242837,True,1,1
682,overnight0682 25-11-06 03-36-45.fits,2025-11-06 03:36:45,1356.1657623348092,1233.7885276262036,4.422397470624605,3.7494910177681042,10.413950210920989,8.829376607303827,1344.8114023462108,1608.5666132879342,29057.381388033507,38743.06549877747,True,1,1
683,overnight0683 25-11-06 03-37-44.fits,2025-11-06 03:37:44,1357.408685748792,1233.8276422161262,3.9803638043158185,3.6664229760242133,9.373040472918536,8.633766317503845,1463.7931049126505,1577.2127828066339,29060.771995350053,38747.753045538346,True,1,1
684,overnight0684 25-11-06 03-38-45.fits,2025-11-06 03:38:45,1358.4103303945656,1235.8502289425273,4.263604482756057,3.3625793912780644,10.040021300077777,7.918269353589554,1413.0364378316208,1672.929408573453,29059.00409995375,38745.86006182316,True,1,1
685,overnight0685 25-11-06 03-39-45.fits,2025-11-06 03:39:45,1358.1827856060133,1235.870327960663,4.440403279999363,3.315792107565116,10.456350651763675,7.808093720049753,1383.9641521286508,1815.1734029322856,29054.572995870945,38739.595969767804,True,1,1
686,overnight0686 25-11-06 03-40-45.fits,2025-11-06 03:40:45,1357.5306043503672,1236.5049329535957,4.055762064849563,3.4540945703400516,9.550589808183863,8.133771131669318,1451.5928428735576,1761.6195945811028,29060.628784857865,38747.247222170015,True,1,1
687,overnight0687 25-11-06 03-41-45.fits,2025-11-06 03:41:45,1359.0629100461542,1236.502168845935,4.395455719146668,3.146786587955994,10.3505072344925,7.410116134753322,1358.1912692066069,1668.4420903337605,29058.350685980404,38745.40709480658,True,1,1
688,overnight0688 25-11-06 03-42-45.fits,2025-11-06 03:42:45,1358.0526073464462,1237.3821438875857,4.013549680408714,3.843856926114649,9.451187239153999,9.051591339845825,1491.5475923694173,1581.2842808145222,29058.706374838508,38744.82194556288,True,1,1
689,overnight0689 25-11-06 03-43-45.fits,2025-11-06 03:43:45,1358.7929415510328,1238.075416986473,4.0512194588868145,3.371298568906463,9.539892788606107,7.938801447845092,1442.922972284249,1783.3112668819033,29054.800101451503,38739.51612681971,True,1,1
690,overnight0690 25-11-06 03-44-44.fits,2025-11-06 03:44:44,1359.0424983730247,1239.4416708907042,3.924246163641383,3.9074384157021838,9.240893527778532,9.201314306019478,1466.2669512120408,1546.4331318288607,29056.520656175962,38741.65076423334,True,1,1
691,overnight0691 25-11-06 03-45-45.fits,2025-11-06 03:45:45,1359.2076296802697,1240.1653243868732,4.436959196358776,3.7610666877538605,10.448240454570058,8.856635227020949,1334.3555682853757,1548.762497159441,29059.987325912447,38746.77442327345,True,1,1
692,overnight0692 25-11-06 03-46-45.fits,2025-11-06 03:46:45,1359.1588420602957,1242.2971844536112,4.641306390978002,3.374088189347168,10.929441324605252,7.9453705019768925,1303.0951652192116,1710.079158810375,29056.963574984646,38742.98117728268,True,1,1
693,overnight0693 25-11-06 03-47-45.fits,2025-11-06 03:47:45,1358.3874113501265,1243.8165982791095,4.219402554635217,3.175104114407524,9.935933713709804,7.476798813667078,1382.4786775878238,1723.1343921487023,29051.677441618758,38736.042660464074,True,1,1
694,overnight0694 25-11-06 03-48-45.fits,2025-11-06 03:48:45,1359.075087568007,1243.6044318569611,4.135880592527993,4.25823413455521,9.739254523139397,10.027375096485626,1466.4954128373574,1342.8618186606557,29060.392059788817,38747.64247289705,True,1,1
695,overnight0695 25-11-06 03-49-45.fits,2025-11-06 03:49:45,1359.3383345047432,1242.6306751441166,4.323460466775215,3.4024996926553075,10.18097137106114,8.012274479476362,1420.1636504321473,1640.7540073172936,29061.137206543284,38748.91059064017,True,1,1
696,overnight0696 25-11-06 03-50-45.fits,2025-11-06 03:50:45,1360.3318511022876,1244.4679804311406,4.305731614780721,3.4231499678652657,10.13922311500912,8.060902161476177,1380.950323982506,1741.8211387947053,29059.880306453437,38746.48551633397,True,1,1
697,overnight0697 25-11-06 03-51-44.fits,2025-11-06 03:51:44,1359.8245033213063,1244.9700235216806,4.2661735209275,3.599759521847328,10.046070922660338,8.476785879337115,1381.825657055726,1583.1566113764707,29055.478966991283,38740.89467075907,True,1,1
698,overnight0698 25-11-06 03-52-44.fits,2025-11-06 03:52:44,1360.643729511773,1244.6897720270904,4.0712505859384125,3.365339588828326,9.587062488111771,7.924769122109155,1433.5217857698726,1582.8459810567688,29057.962011659296,38744.61440455213,True,1,1
699,overnight0699 25-11-06 03-53-44.fits,2025-11-06 03:53:44,1360.6507092603968,1245.066722917096,4.1593221172126515,3.230085793657559,9.79445509535292,7.606270774074523,1398.634930774357,1714.93317415841,29059.623049935046,38746.526994922184,True,1,1
700,overnight0700 25-11-06 03-54-45.fits,2025-11-06 03:54:45,1361.4258887403373,1245.0518674157556,4.149700092574877,3.875017955534215,9.771796958862106,9.124969956546817,1446.9193576622608,1476.2887053681593,29058.09472595842,38744.49659835412,True,1,1
701,overnight0701 25-11-06 03-55-45.fits,2025-11-06 03:55:45,1360.7153746567983,1247.0582275336672,4.228390597076693,3.871262353107647,9.957098936216582,9.116126188671569,1442.5105809909805,1483.6420858157944,29056.551494296884,38742.53333885295,True,1,1
702,overnight0702 25-11-06 03-56-45.fits,2025-11-06 03:56:45,1360.0486187980648,1245.95042920733,4.33712683684185,3.5628069988979485,10.213153213236863,8.389769337581448,1382.907202632011,1597.1046965185694,29054.19048232678,38739.32231482885,True,1,1
703,overnight0703 25-11-06 03-57-45.fits,2025-11-06 03:57:45,1360.5827541290419,1246.353516781071,4.446211226281262,3.453271209451482,10.470027320088754,8.13183226494462,1359.5057789872255,1592.4130908789298,29056.362230337425,38742.52862765646,True,1,1
704,overnight0704 25-11-06 03-58-45.fits,2025-11-06 03:58:45,1360.2329511018943,1246.3680751391707,4.250245238827695,4.092225169645305,10.00856268468881,9.636453858260941,1418.313413637671,1393.932464376767,29058.464685147042,38745.042435698095,True,1,1
705,overnight0705 25-11-06 03-59-44.fits,2025-11-06 03:59:44,1361.3626984334976,1244.9363019560049,4.128818432321005,3.7432997468659877,9.722624406722762,8.814797278479306,1434.7537255252003,1607.6249701710196,29056.789508245172,38742.26331081637,True,1,1
706,overnight0706 25-11-06 04-00-45.fits,2025-11-06 04:00:45,1361.7554050740969,1245.4237131225095,4.0313224612221985,3.8647928458665057,9.493038939669535,9.100891663338656,1473.5870772961225,1478.0637880208278,29052.17514179279,38736.53130764886,True,1,1
707,overnight0707 25-11-06 04-01-45.fits,2025-11-06 04:01:45,1362.8828288937052,1245.485748720873,4.337729793541739,3.27076101201039,10.21457306776005,7.702053593587779,1391.366638769261,1652.2686816217786,29057.31662679148,38743.91288520374,True,1,1
708,overnight0708 25-11-06 04-02-45.fits,2025-11-06 04:02:45,1362.568977561613,1244.6094806977394,3.866165752020611,3.9030878054970817,9.10412461027029,9.191069401900387,1548.9965167133012,1513.9568990760217,29059.100629763394,38745.571388562894,True,1,1
709,overnight0709 25-11-06 04-03-45.fits,2025-11-06 04:03:45,1362.8433225486983,1245.171189367891,4.346993682668671,3.8848645926899805,10.236387859571092,9.148157015097361,1361.6647804542595,1554.8414952820108,29060.110896782706,38746.65629750433,True,1,1
710,overnight0710 25-11-06 04-04-45.fits,2025-11-06 04:04:45,1362.7758244995518,1245.1458886896303,4.665206245593801,3.92525946029525,10.98572118132786,9.24327965905062,1308.423893524529,1482.199128666487,29051.78842666084,38736.09135218867,True,1,1
711,overnight0711 25-11-06 04-05-45.fits,2025-11-06 04:05:45,1363.1259115981356,1244.9516508190948,4.088891975218374,3.5917118996210537,9.628604785210419,8.457835177203846,1483.800419970715,1561.2204681345477,29055.576576758176,38741.36885256184,True,1,1
712,overnight0712 25-11-06 04-06-44.fits,2025-11-06 04:06:44,1363.6420874498358,1243.878388893923,4.614628070450954,3.434214606401068,10.866618680660398,8.086957394091307,1322.0682375999363,1618.6859264079199,29059.33454252664,38746.48690979995,True,1,1
713,overnight0713 25-11-06 04-07-44.fits,2025-11-06 04:07:44,1363.50683289818,1245.795216391198,4.039109068784583,3.9288822024752696,9.511374999240228,9.25181056495411,1506.1767841362694,1461.0877197809896,29057.42212708225,38743.67752443479,True,1,1
714,overnight0714 25-11-06 04-08-44.fits,2025-11-06 04:08:44,1363.9645920485643,1246.2165791062419,3.9135726713697845,3.433554887509156,9.215759374226888,8.085403874820546,1475.2796464749088,1661.5708684450585,29052.749881106407,38737.0892958071,True,1,1
715,overnight0715 25-11-06 04-09-45.fits,2025-11-06 04:09:45,1362.7299374793552,1244.7777562074814,4.04756629917259,3.721140600964806,9.53129025488335,8.762616477530438,1439.8745553236622,1574.2329337453994,29063.80289108551,38751.69808160652,True,1,1
716,overnight0716 25-11-06 04-10-45.fits,2025-11-06 04:10:45,1363.0488738323015,1245.1415410722145,3.9051695991778437,3.765564801527453,9.195971651389463,8.867227475499835,1491.1662467459646,1515.536971850812,29056.3790074673,38741.9906467294,True,1,1
717,overnight0717 25-11-06 04-11-45.fits,2025-11-06 04:11:45,1363.705627210294,1245.4289672655582,3.772894751064534,3.9893912197077666,8.88448818759882,9.394298411638317,1564.2424004833704,1392.148921093051,29057.83811593841,38744.238344259196,True,1,1
718,overnight0718 25-11-06 04-12-45.fits,2025-11-06 04:12:45,1363.5130589551634,1245.8707849849213,4.356007628233211,3.7054583663776084,10.257614079271288,8.725687637173628,1388.875909651348,1654.6944866460162,29058.068364879196,38743.98482054221,True,1,1
719,overnight0719 25-11-06 04-13-45.fits,2025-11-06 04:13:45,1363.565493430342,1243.7512947214132,4.5506943732314316,3.532144423888379,10.716066328894927,8.317564491316649,1312.0879918547066,1656.8720372876219,29056.676618947906,38742.39032862271,True,1,1
720,overnight0720 25-11-06 04-14-45.fits,2025-11-06 04:14:45,1364.0185394402968,1244.5087711220444,4.59946864417527,3.469420573995573,10.83092095979525,8.169861112287556,1326.0441150634194,1585.1562348897885,29060.66907331262,38748.341465194586,True,1,1
721,overnight0721 25-11-06 04-15-45.fits,2025-11-06 04:15:45,1364.5389380355512,1244.2863758691751,4.486175346083602,3.409172865727372,10.564135630481323,8.02798860119042,1329.169981280631,1743.8466125331045,29054.77041104856,38739.71713954969,True,1,1
722,overnight0722 25-11-06 04-16-44.fits,2025-11-06 04:16:44,1363.6502478505506,1243.7325178755518,4.735498238806464,3.9768766575994086,11.151246175950218,9.36482886993077,1283.3369038472108,1544.1734956322016,29055.403366899183,38740.454597384545,True,1,1
723,overnight0723 25-11-06 04-17-44.fits,2025-11-06 04:17:44,1363.6358809108795,1243.5800432459462,4.668428448208047,3.798099269435333,10.993308888633038,8.943840292683726,1301.9361686198802,1552.3324785924353,29056.92606394847,38742.80580101721,True,1,1
724,overnight0724 25-11-06 04-18-44.fits,2025-11-06 04:18:44,1364.12567902083,1244.2378101785837,3.995871378240997,3.7002917681942193,9.409558018847346,8.713521228206762,1445.4074404773412,1543.6482240012951,29056.407641315494,38741.960035189906,True,1,1
725,overnight0725 25-11-06 04-19-45.fits,2025-11-06 04:19:45,1364.702618062313,1245.612272749246,4.413834599225243,3.523882220837619,10.39378618970675,8.298108489956602,1344.5964053354514,1744.0558824130778,29059.243592576895,38745.38262750694,True,1,1
726,overnight0726 25-11-06 04-20-45.fits,2025-11-06 04:20:45,1365.3213129332735,1244.5729065409384,4.574642995118124,3.2285866739577704,10.772461023764578,7.60274061695556,1273.444551755248,1789.923516874866,29055.07011762275,38740.15436857511,True,1,1
727,overnight0727 25-11-06 04-21-45.fits,2025-11-06 04:21:45,1364.8592359289933,1244.914799613067,4.3828583484575665,3.4816622683819314,10.320842693479118,8.198688099613697,1391.3945686591612,1612.5206798265783,29055.11479121734,38740.78497717357,True,1,1
728,overnight0728 25-11-06 04-22-45.fits,2025-11-06 04:22:45,1363.226983773644,1246.5839982960968,4.2668998482576335,4.434267415815338,10.047781292816591,10.441901795789546,1399.1921861075218,1417.680399055,29059.49409978008,38745.57937347774,True,1,1
729,overnight0729 25-11-06 04-23-45.fits,2025-11-06 04:23:45,1364.4150377673745,1245.8126666130493,3.866839719172794,3.5697520371246854,9.105711681629941,8.406123652811274,1502.2223389920332,1613.8137726037046,29052.080220607128,38736.16954559832,True,1,1
730,overnight0730 25-11-06 04-24-44.fits,2025-11-06 04:24:44,1363.552978645094,1246.161570208664,4.43992409968781,3.7704747720262137,10.455222268360847,8.878789572450827,1349.5603201831123,1561.97308803378,29058.756414152685,38745.142454813526,True,1,1
731,overnight0731 25-11-06 04-25-44.fits,2025-11-06 04:25:44,1365.2908235235668,1244.9336049231401,4.377054667315187,4.133146605658086,10.307176068790076,9.73281647605529,1370.9661969188787,1388.6734441513076,29057.581734415966,38743.78332243332,True,1,1
732,overnight0732 25-11-06 04-26-45.fits,2025-11-06 04:26:45,1364.5818875552086,1244.3064541856354,4.464705589498273,3.563044975718052,10.513578217312254,8.39032973016768,1347.8387621264817,1657.6688490397282,29054.023771434575,38738.84373926559,True,1,1
733,overnight0733 25-11-06 04-27-45.fits,2025-11-06 04:27:45,1364.8212363929856,1243.729524801462,4.5008741163310475,3.582811244627999,10.598748589297312,8.436875736412297,1338.3435474699497,1631.543107857972,29056.502649835238,38742.23618584613,True,1,1
734,overnight0734 25-11-06 04-28-45.fits,2025-11-06 04:28:45,1365.1403309300126,1245.5321488359314,4.165560721154214,3.462687900181132,9.809145884967519,8.154006877032657,1406.1404079418153,1595.1248444318642,29060.53233111481,38747.81241693312,True,1,1
735,overnight0735 25-11-06 04-29-45.fits,2025-11-06 04:29:45,1365.9181029804524,1244.8234304154216,4.311884504157603,3.6292324230441135,10.153712062248658,8.54618925786052,1351.1525990373566,1584.007191251533,29057.568104957514,38743.52503654023,True,1,1
736,overnight0736 25-11-06 04-30-45.fits,2025-11-06 04:30:45,1366.4093373325904,1244.8168050639072,4.410986593461863,4.112631087868874,10.387079648646779,9.684506123531065,1394.3668219102562,1443.2036691329984,29051.3054293655,38735.354816675266,True,1,1
737,overnight0737 25-11-06 04-31-44.fits,2025-11-06 04:31:44,1364.7648054504268,1247.102569607302,4.380654952563887,3.360413660322946,10.315654092661545,7.913169446924297,1388.1688618090536,1749.6724230349832,29063.948426121828,38752.1942554452,True,1,1
738,overnight0738 25-11-06 04-32-44.fits,2025-11-06 04:32:44,1363.8726787442085,1246.4863532473273,4.716777766053468,3.9290223515594893,11.107162831459009,9.252140590826922,1293.1958184828961,1498.4319442044207,29058.19229535601,38744.53361738084,True,1,1
739,overnight0739 25-11-06 04-33-45.fits,2025-11-06 04:33:45,1364.6490242293557,1246.9316533210726,4.808513225153662,3.6444837771464256,11.323183329388263,8.58210345221451,1279.410577200796,1662.3602332589048,29062.857838178446,38750.599338840126,True,1,1
740,overnight0740 25-11-06 04-34-45.fits,2025-11-06 04:34:45,1364.1244892858724,1246.799407638321,4.837193011514495,4.0038829775122196,11.390719065197956,9.428423893403977,1277.0279905263553,1611.671637145638,29056.392960326164,38741.49732624059,True,1,1
741,overnight0741 25-11-06 04-35-45.fits,2025-11-06 04:35:45,1364.3798313994912,1247.48731361893,5.8693332095975865,3.20789873995312,13.821223492926235,7.554024255271131,1080.1301279469214,1788.7648334498008,29059.14994921307,38746.31850241359,True,2,1
742,overnight0742 25-11-06 04-36-45.fits,2025-11-06 04:36:45,1364.6845603243694,1248.5516794118114,4.434463916488619,3.7349943838549096,10.44236451951385,8.795239643179562,1350.0283724528656,1602.679958142254,29062.438159595662,38749.918396601715,True,1,1
743,overnight0743 25-11-06 04-37-45.fits,2025-11-06 04:37:45,1365.8235520875764,1248.2156415285554,4.33196575867349,3.437252569521415,10.200999802912037,8.094111250543165,1383.2372971472341,1581.7495376279212,29055.663648742804,38741.60978190204,True,1,1
744,overnight0744 25-11-06 04-38-45.fits,2025-11-06 04:38:45,1366.0265753002886,1248.3483023612496,4.333862252903913,3.859683547662866,10.205465705541123,9.088860185512685,1413.1632791841616,1563.684476062875,29059.55830778857,38746.19410312321,True,1,1
745,overnight0745 25-11-06 04-39-44.fits,2025-11-06 04:39:44,1365.8106643442861,1246.664946456711,4.451309902262835,3.9421619484238035,10.48203378449328,9.283081976906637,1355.0812526209531,1502.4514767211865,29060.059883781632,38746.88878839904,True,1,1
746,overnight0746 25-11-06 04-40-45.fits,2025-11-06 04:40:45,1366.506108480954,1247.2673972050172,4.317824970198689,3.807131859669495,10.167700790759035,8.965110417225683,1405.775700602506,1537.1405948017843,29061.112513087915,38748.43435852401,True,1,1
747,overnight0747 25-11-06 04-41-45.fits,2025-11-06 04:41:45,1366.2397259669922,1248.2376768225179,4.606070305042225,3.3465855061662064,10.846466683135251,7.880606632330228,1303.9975183080576,1642.6585970099509,29056.127901541382,38742.168395193,True,1,1
748,overnight0748 25-11-06 04-42-45.fits,2025-11-06 04:42:45,1365.9702075823961,1246.3806527007878,3.8778428614464926,4.027635307060835,9.131622101614376,9.484356355141236,1531.9604143884044,1437.8716681994704,29051.747214437863,38735.85810275903,True,1,1
749,overnight0749 25-11-06 04-43-45.fits,2025-11-06 04:43:45,1365.3385011812768,1248.2272542729986,4.31542089064975,3.469305453742265,10.162039616047343,8.169590024807478,1368.933535744996,1682.0572304286773,29061.335950137403,38748.54187205895,True,1,1
750,overnight0750 25-11-06 04-44-45.fits,2025-11-06 04:44:45,1365.8373553579986,1248.0608436833256,4.441020394503063,3.5572619011415183,10.457803845367067,8.37671163023295,1345.6256787652765,1575.3184378941182,29061.182231267692,38748.72880504439,True,1,1
751,overnight0751 25-11-06 04-45-44.fits,2025-11-06 04:45:44,1365.6293093790468,1247.7577571114853,4.456200241763912,3.6669691200175527,10.493549653977423,8.635052388326834,1355.2582588838836,1569.9461519941474,29060.06590405788,38747.12316730403,True,1,1
752,overnight0752 25-11-06 04-46-44.fits,2025-11-06 04:46:44,1366.4855902512704,1249.499831562678,4.228479415186152,3.9758252925197426,9.957308086881097,9.362353094366528,1407.6035676016386,1510.68402200085,29061.73964514167,38748.915442599355,True,1,1
753,overnight0753 25-11-06 04-47-45.fits,2025-11-06 04:47:45,1366.837154260397,1248.9079465604461,4.449923611918152,3.555860934295202,10.478769320201387,8.373412605420821,1392.8162962518747,1589.3854772836364,29060.910196533503,38748.5934661557,True,1,1
754,overnight0754 25-11-06 04-48-45.fits,2025-11-06 04:48:45,1365.3395687279856,1247.9995284840331,4.2569695851459,3.3847928416310467,10.02439731018865,7.9705780317500565,1370.681506376051,1748.3648202778406,29057.500761965624,38743.2261161564,True,1,1
755,overnight0755 25-11-06 04-49-45.fits,2025-11-06 04:49:45,1365.1817811675285,1249.248708229601,4.356834189154582,3.4878152703080008,10.259560481497372,8.21317731188632,1374.6757572608246,1712.5628147264745,29049.6407093206,38732.87533946543,True,1,1
756,overnight0756 25-11-06 04-50-44.fits,2025-11-06 04:50:44,1365.533460077151,1249.6468052157556,4.030629323262959,3.6480770226991606,9.491406724509146,8.59056489886881,1448.701039133582,1573.3718498165085,29050.876310198757,38734.63151089411,True,1,1
757,overnight0757 25-11-06 04-51-44.fits,2025-11-06 04:51:44,1366.9742397223336,1249.3810041267725,4.407858284078598,3.727382685159593,10.379713043004008,8.777315462515094,1378.6505699581649,1589.9169860662394,29052.50839055542,38736.87455556869,True,1,1
758,overnight0758 25-11-06 04-52-45.fits,2025-11-06 04:52:45,1366.2584789794512,1248.6983657946132,4.381434197277784,3.7589116254033237,10.317489073733812,8.851560442999613,1356.0630024532306,1643.1667594137393,29061.29408829146,38748.08529360064,True,1,1
759,overnight0759 25-11-06 04-53-45.fits,2025-11-06 04:53:45,1367.5698412441056,1249.092766884846,4.711728948544179,3.7968699172739955,11.095273774784431,8.940945389571807,1274.1180023647526,1599.0810343455994,29057.48514129992,38743.2244790239,True,1,1
760,overnight0760 25-11-06 04-54-45.fits,2025-11-06 04:54:45,1365.118436483771,1249.021037228899,4.564297088456811,4.1598582520373215,10.748098275374497,9.795717596384891,1290.6172376027719,1388.1252609492703,29058.237520735245,38744.46860148866,True,1,1
761,overnight0761 25-11-06 04-55-45.fits,2025-11-06 04:55:45,1365.2469347142041,1250.7142055990776,4.301039771479164,3.680761218815783,10.12817466835447,8.667530299039955,1390.6242182912415,1533.1157497912022,29062.398644627985,38750.30625725914,True,1,1
762,overnight0762 25-11-06 04-56-44.fits,2025-11-06 04:56:44,1365.6825610377698,1250.2369407726464,4.085816803167417,3.566623936012805,9.621363308422907,8.398757537610136,1429.628338336916,1609.661932807757,29057.35636099166,38743.27255192061,True,1,1
763,overnight0763 25-11-06 04-57-44.fits,2025-11-06 04:57:44,1366.7395722481515,1249.8325916122983,4.610099819428869,3.841119678318143,10.85595546438466,9.045145613866396,1297.3419144013894,1519.720125581051,29053.027018671775,38737.55663578988,True,1,1
764,overnight0764 25-11-06 04-58-45.fits,2025-11-06 04:58:45,1367.0642098642309,1249.413042032935,4.233203208330759,3.8929149011164665,9.968431769666598,9.16711404274873,1383.6166834815408,1512.826746364052,29055.366152674083,38740.44619766194,True,1,1
765,overnight0765 25-11-06 04-59-45.fits,2025-11-06 04:59:45,1367.6839083193317,1250.026010180448,4.163112633235929,3.551833669568308,9.803381078465545,8.363929121715286,1436.052759033081,1675.4604286902588,29056.18173817872,38741.611543498766,True,1,1
766,overnight0766 25-11-06 05-00-45.fits,2025-11-06 05:00:45,1366.6595588350967,1249.9928066905463,4.107932645206014,3.812969165791106,9.673442136568132,8.978856222689833,1397.2412547864544,1555.6379654648754,29052.89590733928,38736.94410658162,True,1,1
767,overnight0767 25-11-06 05-01-45.fits,2025-11-06 05:01:45,1366.910012151235,1249.2011163642278,4.405710341389154,3.441704085807239,10.374655024503328,8.104593770323806,1337.3181342845019,1637.5040596321262,29055.78412357605,38741.379756927985,True,1,1
768,overnight0768 25-11-06 05-02-45.fits,2025-11-06 05:02:45,1367.4032934874936,1249.4379122099465,4.2585609622291765,3.6447507198743074,10.028144716843553,8.582732054301001,1415.3400663221303,1619.3306096813528,29056.7413161239,38742.48528047477,True,1,1
769,overnight0769 25-11-06 05-03-44.fits,2025-11-06 05:03:44,1367.9222112946095,1250.1036159581574,5.025334828619447,3.5633448858499213,11.833759187425244,8.391035964557915,1224.2826036014512,1704.1709621185648,29056.452009759174,38742.0403006615,True,1,1
770,overnight0770 25-11-06 05-04-44.fits,2025-11-06 05:04:44,1367.103174553638,1250.2074543903593,4.574245466547537,3.5195835661438784,10.771524915518087,8.287985931717117,1275.8856412849448,1675.6589013440112,29054.651867429806,38739.45565369663,True,1,1
771,overnight0771 25-11-06 05-05-45.fits,2025-11-06 05:05:45,1367.8170308232943,1251.2927224288835,4.412193852749892,3.6973764823077646,10.389922527017779,8.706656254564344,1357.849151103654,1665.8166651418776,29054.520529371166,38739.14130054197,True,1,1
772,overnight0772 25-11-06 05-06-45.fits,2025-11-06 05:06:45,1366.4923270598852,1251.0725153263354,4.712656026787491,3.335007301970301,11.097456877215095,7.853342045004249,1296.8789973333592,1779.2146265846304,29055.318018795642,38740.6564767721,True,1,1
773,overnight0773 25-11-06 05-07-45.fits,2025-11-06 05:07:45,1366.827432377194,1251.0431172564477,4.936730360446025,3.4820970700435603,11.625111609691164,8.199711979282114,1239.4925547291639,1705.3405062031056,29064.097593748535,38752.366269413935,True,1,1
774,overnight0774 25-11-06 05-08-45.fits,2025-11-06 05:08:45,1367.3543506707838,1252.3799840565107,4.931772279027322,3.6840766560288674,11.613436220181505,8.675337557047367,1251.1592780888818,1640.5651744128086,29056.537507445846,38742.21511417522,True,1,1
775,overnight0775 25-11-06 05-09-45.fits,2025-11-06 05:09:45,1366.7345034124892,1252.3552166933728,4.54669661499721,3.541359859897013,10.706652327669795,8.339265184753481,1303.6151663702303,1579.8322138984038,29059.879631460397,38746.94012002617,True,1,1
776,overnight0776 25-11-06 05-10-44.fits,2025-11-06 05:10:44,1367.2399769325632,1251.9033152495654,4.534402910798391,3.458049009891535,10.677702866594736,8.143083125192014,1286.4130416653225,1765.7559715158561,29059.657245648857,38745.85330757833,True,1,1
777,overnight0777 25-11-06 05-11-44.fits,2025-11-06 05:11:44,1368.5717443024664,1251.5673066608392,4.912056303541794,3.9461153659997548,11.567008645900847,9.292391563860864,1240.4713908544668,1525.2883515209,29056.23533158684,38741.744112056214,True,1,1
778,overnight0778 25-11-06 05-12-44.fits,2025-11-06 05:12:44,1368.3581571496688,1252.0975293526787,4.81763208509107,3.4688075365915103,11.3446566035567,8.168417519520117,1265.4645510204657,1768.8155470607262,29061.74032568394,38748.93600482756,True,1,1
779,overnight0779 25-11-06 05-13-45.fits,2025-11-06 05:13:45,1367.7339705852778,1252.5914119254508,4.676529932116264,3.3355846507853886,11.012386425334602,7.854701597566992,1343.5978210799608,1765.5537403507872,29052.233559958386,38736.826083423955,True,1,1
780,overnight0780 25-11-06 05-14-45.fits,2025-11-06 05:14:45,1367.5000925560446,1252.610714542059,4.556850330426222,3.6534694354313464,10.730562500293573,8.60326306046164,1308.2457599062866,1707.324625013612,29056.980384906838,38742.27995268218,True,1,1
781,overnight0781 25-11-06 05-15-45.fits,2025-11-06 05:15:45,1367.1369801503477,1253.416271385827,4.606863083745598,3.457414729225843,10.848333534317227,8.141589508366266,1285.7480109340374,1750.0675635137034,29055.935771997443,38741.08131290633,True,1,1
782,overnight0782 25-11-06 05-16-45.fits,2025-11-06 05:16:45,1367.158359933346,1253.457059197285,4.426114493400993,3.506241998296785,10.422703130662663,8.25656894031864,1360.122393278414,1641.4997363530783,29059.151153832685,38745.880267006774,True,1,1
783,overnight0783 25-11-06 05-17-45.fits,2025-11-06 05:17:45,1366.643214975473,1256.1704956378412,4.673773268798068,3.625718483490321,11.005894979295514,8.537914562562223,1293.1253764126832,1612.7766765520707,29059.105665283434,38745.73049781496,True,1,1
784,overnight0784 25-11-06 05-18-44.fits,2025-11-06 05:18:44,1366.5662240338197,1255.2199766718866,4.382536215428794,3.4311787611411635,10.3200841281658,8.079808524819672,1293.6120903181295,1713.8530429045736,29060.55436238726,38747.13004259673,True,1,1
785,overnight0785 25-11-06 05-19-44.fits,2025-11-06 05:19:44,1366.784885553226,1256.810356051792,4.513175095208321,3.2910815952115327,10.627715180931016,7.74990491023655,1300.9662175791857,1643.8674303639723,29056.79975048435,38743.002023775945,True,1,1
786,overnight0786 25-11-06 05-20-45.fits,2025-11-06 05:20:45,1367.3133517049373,1257.0354665194595,4.622706195520325,3.677989241282637,10.88564121150002,8.661002790780527,1284.6569504291913,1616.5103609322077,29056.496936820484,38741.98688658939,True,1,1
787,overnight0787 25-11-06 05-21-45.fits,2025-11-06 05:21:45,1367.7287391458128,1256.6364681624345,4.643588632876957,3.404896145156058,10.934815593576522,8.017917693862096,1286.1704449365818,1667.9456984541905,29054.572772170475,38739.81323027251,True,1,1
788,overnight0788 25-11-06 05-22-45.fits,2025-11-06 05:22:45,1367.5694459183708,1256.9409450352339,5.130578801822233,3.757563606590302,12.081589805141865,8.848386101277631,1180.9060909581656,1686.1592969715948,29059.989848308105,38746.29134228103,True,1,1
789,overnight0789 25-11-06 05-23-45.fits,2025-11-06 05:23:45,1368.5713858805047,1256.650037397135,5.18333642783121,3.7274817940219727,12.20582452039605,8.777548846050866,1182.6851215192107,1625.22151229093,29054.678410077504,38739.665566157644,True,2,1
790,overnight0790 25-11-06 05-24-45.fits,2025-11-06 05:24:45,1367.5257975182694,1257.3004119205636,5.059254536736939,3.204699317417694,11.913633996021913,7.546490190952187,1199.9314117937083,1865.594895112184,29052.814400486077,38737.20609113305,True,1,1
791,overnight0791 25-11-06 05-25-45.fits,2025-11-06 05:25:45,1367.7484598744302,1258.7993949087822,5.383122871555977,3.7988513913099258,12.67628564280458,8.945611404350323,1137.2489575394306,1573.572942030568,29059.51622843264,38746.20987148798,True,1,1
792,overnight0792 25-11-06 05-26-44.fits,2025-11-06 05:26:44,1368.2312113066141,1259.8766209936525,4.7127827061377,3.650467095202201,11.097755184288259,8.596193089508047,1253.4846436347862,1644.073885195188,29054.850914926,38739.67819026582,True,1,1
793,overnight0793 25-11-06 05-27-44.fits,2025-11-06 05:27:44,1368.2442028239138,1259.896058638513,4.7911581100381575,3.4213926499184684,11.282315156430451,8.056763993949566,1274.5511565900551,1676.660724635967,29057.904329515357,38744.3555677339,True,1,1
794,overnight0794 25-11-06 05-28-44.fits,2025-11-06 05:28:44,1367.4270025728956,1259.9446551306196,5.434715572601451,3.773670410496777,12.797777169403751,8.886314725977982,1139.671730290806,1573.6164579081817,29057.394322874403,38743.52597109518,True,1,1
795,overnight0795 25-11-06 05-29-45.fits,2025-11-06 05:29:45,1368.6451980735235,1261.242071085542,4.9526040820111215,3.837558182646592,11.662491367421893,9.036758932468736,1252.6961108944029,1530.9271523189361,29057.362346778056,38743.5794289381,True,1,1
796,overnight0796 25-11-06 05-30-45.fits,2025-11-06 05:30:45,1367.6212331251218,1262.3875991871118,5.159719490903137,3.308814929514632,12.150210883915591,7.791663721318723,1165.8690049767993,1694.4045467359895,29057.457513530484,38743.810760989756,True,1,1
797,overnight0797 25-11-06 05-31-45.fits,2025-11-06 05:31:45,1368.5686762537748,1262.2100989754563,5.132866167463378,3.436346120691156,12.086976139603948,8.091976726667877,1190.136352025194,1782.031091526925,29052.413860357883,38736.53240695206,True,1,1
798,overnight0798 25-11-06 05-32-44.fits,2025-11-06 05:32:44,1368.9113850367812,1261.0328831171973,5.556835094331827,3.8343539065075665,13.085346667064034,9.029213438786744,1137.755082162123,1544.9286687693868,29056.66105489042,38742.73501417096,True,1,1
799,overnight0799 25-11-06 05-33-44.fits,2025-11-06 05:33:44,1368.0031655750813,1263.0165192638851,5.140108438735647,4.407709693333969,12.104030385167437,10.379363138540048,1169.5000654385724,1463.4283261388248,29060.256157068983,38746.43506621491,True,1,1
800,overnight0800 25-11-06 05-34-45.fits,2025-11-06 05:34:45,1369.0613231828736,1263.2374642117677,5.152847562834542,3.6826785478482136,12.134028729951654,8.672045263878442,1208.3621988175673,1585.9453664077228,29054.659556046434,38740.04998434132,True,2,1
801,overnight0801 25-11-06 05-35-45.fits,2025-11-06 05:35:45,1369.8029173411574,1262.9760677260267,5.363467918179635,3.787369426342932,12.63000176460982,8.918573443089704,1129.4168488779494,1541.3794804588124,29052.524168363718,38736.98587073673,True,1,1
802,overnight0802 25-11-06 05-36-45.fits,2025-11-06 05:36:45,1369.1210596891465,1263.1527509961725,5.218559801188111,3.997245034296859,12.28876922603049,9.412792731662668,1149.1599408307181,1502.4649287120421,29052.544472936646,38736.71452669053,True,1,1
803,overnight0803 25-11-06 05-37-44.fits,2025-11-06 05:37:44,1369.1746215588757,1264.4486590896295,5.804138915533521,3.876050826348869,13.667702662442531,9.127402181445092,1072.6581748101864,1449.595761263686,29058.572301041673,38745.55572423576,True,2,1
804,overnight0804 25-11-06 05-38-44.fits,2025-11-06 05:38:44,1370.0696951545842,1263.6915729194113,5.7301809041381375,3.9703728342614393,13.493544854718055,9.34951353636518,1119.3668062754807,1562.1473103904257,29054.303925522807,38739.34850066795,True,1,1
805,overnight0805 25-11-06 05-39-45.fits,2025-11-06 05:39:45,1369.8085464502872,1263.4625013743002,5.611532804648919,3.5843035389679527,13.214149931736015,8.440389821037105,1093.1662105495573,1643.7338071277297,29058.14316200588,38744.50773245232,True,1,1
806,overnight0806 25-11-06 05-40-45.fits,2025-11-06 05:40:45,1370.3045166534057,1264.4656274327733,5.952091111112164,3.74480051960358,14.01610345829746,8.818331328204824,1013.2810962780638,1645.6361853126489,29058.390691569697,38744.34932532135,True,1,1
807,overnight0807 25-11-06 05-41-45.fits,2025-11-06 05:41:45,1369.8624823006796,1265.443341337591,5.484430619694911,4.086481023169652,12.914847158839088,9.62292742699848,1116.4109231738273,1444.6379597127063,29056.556726644165,38742.36206043366,True,1,1
808,overnight0808 25-11-06 05-42-45.fits,2025-11-06 05:42:45,1369.5299842302065,1266.9333476202603,5.179388220533915,3.8909655482738894,12.196527202710442,9.162523667600192,1185.3949967965882,1634.215594571334,29060.876270556073,38747.549042425286,True,1,1
809,overnight0809 25-11-06 05-43-45.fits,2025-11-06 05:43:45,1370.050243911252,1266.424815983081,5.399798395600438,4.061694993713647,12.715553501085871,9.56456078799875,1119.563888652862,1487.5948571823183,29052.956008229026,38737.27893721207,True,1,1
810,overnight0810 25-11-06 05-44-44.fits,2025-11-06 05:44:44,1370.9338147602505,1267.097444083672,5.410809432885845,5.101148734327805,12.741482512402131,12.012287292279373,1098.8649741854833,1290.7818621668014,29057.421178716446,38742.39436490629,True,2,1
811,overnight0811 25-11-06 05-45-44.fits,2025-11-06 05:45:44,1370.8732266915392,1267.543853693559,5.691927246154413,4.537428839466927,13.403464374102223,10.684828384078237,1079.513563711383,1378.8679012317298,29057.984762035183,38743.83345969753,True,2,1
812,overnight0812 25-11-06 05-46-44.fits,2025-11-06 05:46:44,1370.3034270852984,1267.5985329430641,4.733141333048143,4.160959948529599,11.145696087026275,9.798311893368448,1265.59695916037,1360.0537161549132,29054.0084655235,38739.110243265495,True,1,1
813,overnight0813 25-11-06 05-47-45.fits,2025-11-06 05:47:45,1370.9745467349005,1267.0745655139663,5.5341249149290475,4.560797223452612,13.031868281380119,10.739856723107708,1096.0118364397329,1336.0983897294718,29059.31841024459,38745.72105457347,True,1,1
814,overnight0814 25-11-06 05-48-45.fits,2025-11-06 05:48:45,1372.0534552322176,1267.0056799493525,5.101747227043125,4.633584344220232,12.013696634922214,10.911257294111389,1196.5091290966648,1369.3593907165132,29057.120242686244,38742.51267590122,True,2,1
815,overnight0815 25-11-06 05-49-45.fits,2025-11-06 05:49:45,1372.5510229705253,1266.9743658726134,5.5112520074625095,4.652438202471767,12.978006700389777,10.955654737448276,1062.8129503474534,1307.1952886665556,29059.45140633625,38745.642487457124,True,2,1
816,overnight0816 25-11-06 05-50-45.fits,2025-11-06 05:50:45,1372.4653204145886,1267.377911302914,5.119112187628321,4.353566818310136,12.054587992189404,10.251866411138321,1132.3659375024608,1439.151966579194,29057.787424626913,38743.104614735385,True,1,1
817,overnight0817 25-11-06 05-51-45.fits,2025-11-06 05:51:45,1373.1342298917775,1267.1606302075015,5.2411627783391435,4.220797574449566,12.341995169703118,9.939218734331849,1141.0778351765132,1461.7294021352632,29057.694500929454,38743.3458051775,True,1,1
818,overnight0818 25-11-06 05-52-44.fits,2025-11-06 05:52:44,1373.1299837196748,1267.734222110816,5.483989256496063,4.586408042665838,12.9138078279313,10.800165593560676,1097.768792098473,1244.4535713268435,29059.281139106763,38746.11627027835,True,2,1
819,overnight0819 25-11-06 05-53-44.fits,2025-11-06 05:53:44,1373.390992673436,1268.1371604114372,5.681277447172758,4.765964959348058,13.37838601398467,11.222989820187921,1106.1865563693277,1296.0125723538142,29057.77537594093,38743.84124086788,True,2,1
820,overnight0820 25-11-06 05-54-45.fits,2025-11-06 05:54:45,1372.609090783233,1268.3440411290505,5.546853587938225,4.313903876176004,13.061842015728773,10.158467319955964,1105.8529081875092,1295.9964205529675,29059.460285767822,38746.65621492557,True,2,1
821,overnight0821 25-11-06 05-55-45.fits,2025-11-06 05:55:45,1372.4601588710566,1269.1611479254907,5.985122268624798,4.537892223585594,14.093885890118784,10.685919570289423,1024.0101744754204,1286.4510030381127,29055.822387161395,38741.47649249214,True,1,1
822,overnight0822 25-11-06 05-56-45.fits,2025-11-06 05:56:45,1372.1271334741323,1269.503039978488,5.406499566535277,4.177607085170976,12.731333552728408,9.837512904423932,1100.4512914649486,1382.3387798634794,29057.012730824008,38742.911745761856,True,2,1
823,overnight0823 25-11-06 05-57-45.fits,2025-11-06 05:57:45,1371.502108790539,1269.515707607989,5.2862830120820865,3.9530449519692854,12.448245200557482,9.30870949180568,1124.9323731159154,1399.7963623291635,29055.70343996459,38741.47743635537,True,1,1
824,overnight0824 25-11-06 05-58-45.fits,2025-11-06 05:58:45,1372.5830652383859,1269.6658151823476,5.872555345164384,4.2007991948703705,13.828811042346738,9.892126149230622,1024.5036652463418,1343.891272479091,29060.135150421742,38747.33126934347,True,2,1
825,overnight0825 25-11-06 05-59-44.fits,2025-11-06 05:59:44,1372.5159307940173,1270.4640288743124,5.5384482977846,4.7422136586360475,13.042049069990718,11.16705978117572,1075.0128817416805,1277.249056359002,29056.635069423304,38742.04551182388,True,2,1
826,overnight0826 25-11-06 06-00-45.fits,2025-11-06 06:00:45,1372.3754753569262,1270.2252178559925,5.765940496180061,3.8246952640488794,13.577752258860507,9.006469073917241,1062.7744419990595,1477.1828710014556,29059.72173716334,38746.91985196599,True,2,1
827,overnight0827 25-11-06 06-01-45.fits,2025-11-06 06:01:45,1372.1654085211203,1270.1885618959668,5.740563421307927,3.9546451428966045,13.517993814267353,9.312477653477208,1025.0980606818518,1459.448098196739,29060.718513239746,38747.77226348318,True,2,1
828,overnight0828 25-11-06 06-02-45.fits,2025-11-06 06:02:45,1372.823289590238,1270.637278548474,5.690500300354908,4.520599669511919,13.400104173530375,10.64519871732695,1072.609080042995,1370.042265173632,29059.05794427659,38745.29344626383,True,2,1
829,overnight0829 25-11-06 06-03-45.fits,2025-11-06 06:03:45,1372.5679445492713,1270.3983394652107,5.000394574714594,4.254196855477516,11.775029377601935,10.017868030786087,1161.2782086037203,1379.0626306374759,29057.678666963482,38743.49328304409,True,1,1
830,overnight0830 25-11-06 06-04-45.fits,2025-11-06 06:04:45,1373.772864745576,1270.6000373104778,5.765290629523612,4.529724742440114,13.576221939831303,10.666686621970634,1076.147898751909,1300.4786692387688,29062.954731488666,38751.01558754071,True,2,1
831,overnight0831 25-11-06 06-05-44.fits,2025-11-06 06:05:44,1373.9729957456495,1271.140465757852,5.793737295307821,4.433740361541138,13.643208718634254,10.440660677819839,1027.1829960988775,1302.430587587452,29059.54159470193,38746.286003302324,True,2,1
832,overnight0832 25-11-06 06-06-45.fits,2025-11-06 06:06:45,1372.8812399887274,1271.080565458287,5.191394707195729,4.38594858439403,12.224800318172079,10.328119643006179,1122.7465675226322,1349.4041911129511,29060.85617765948,38747.69100393434,True,1,1
833,overnight0833 25-11-06 06-07-45.fits,2025-11-06 06:07:45,1373.2087950239986,1271.305273785628,5.501775939740828,4.730339921351522,12.95569226617069,11.139099266608689,1077.1254222510345,1264.3260659056762,29061.074790349587,38748.02845216599,True,2,1
834,overnight0834 25-11-06 06-08-45.fits,2025-11-06 06:08:45,1373.2253386908742,1271.0255651102582,5.414625476040138,4.452180766029769,12.750468607314563,10.484084511948147,1101.9612854252327,1327.4228838591062,29059.717844415856,38746.364588889584,True,2,1
835,overnight0835 25-11-06 06-09-44.fits,2025-11-06 06:09:44,1374.292613181619,1270.9310019867494,5.88363839885416,4.615182218427714,13.854909639335576,10.867923599423985,1048.4881722869723,1355.8859629941921,29062.065545894002,38749.30488045273,True,2,1
836,overnight0836 25-11-06 06-10-44.fits,2025-11-06 06:10:44,1373.7852441455266,1271.1108486622888,5.4993677283659075,4.244251129329729,12.950021361752356,9.994447635490891,1107.3816594832904,1431.9261532500495,29057.502299617445,38743.35264660302,True,1,1
837,overnight0837 25-11-06 06-11-45.fits,2025-11-06 06:11:45,1374.132864456395,1270.9826720247636,5.74323343058747,4.071823697813815,13.52428120563924,9.588412063444014,1064.1958229644383,1401.9577019774724,29059.951826528362,38747.12908897453,True,2,1
838,overnight0838 25-11-06 06-12-45.fits,2025-11-06 06:12:45,1373.5811536149815,1271.2069667000997,5.396419546859718,3.804179703476939,12.707596920342096,8.958158620647389,1106.2451117543435,1473.6091891508895,29056.66914995748,38742.700602744044,True,1,1
839,overnight0839 25-11-06 06-13-45.fits,2025-11-06 06:13:45,1373.066615830852,1272.394828296846,5.344681332843788,4.462613797828713,12.585762736883282,10.508652424358745,1104.3738389727791,1384.6991414033582,29054.498265932103,38738.96958207297,True,1,1
840,overnight0840 25-11-06 06-14-45.fits,2025-11-06 06:14:45,1373.8304805603868,1272.5348057729907,5.860481957444299,4.138232704846875,13.80038038693205,9.744793324376067,1023.1285351581306,1444.4821353970196,29060.63015268153,38747.530922260645,True,2,1
841,overnight0841 25-11-06 06-15-46.fits,2025-11-06 06:15:46,1373.7194556124828,1272.6570531943205,5.615311789390028,4.900090740642285,13.223048760754248,11.538831898535003,1039.6816924488483,1327.376798614176,29063.475766034913,38750.43136507203,True,2,1
842,overnight0842 25-11-06 06-16-46.fits,2025-11-06 06:16:46,1374.1917370260555,1272.8830801868883,5.834545480800223,4.085498565141478,13.739304651833104,9.620613915140334,1027.6489850749035,1383.0692883616032,29058.187732727696,38744.70116029274,True,2,1
843,overnight0843 25-11-06 06-17-46.fits,2025-11-06 06:17:46,1374.5387375019916,1273.4277504856864,6.204880621925963,4.277264303208079,14.611377265535362,10.07218771908972,947.7494145730433,1371.7777004571178,29062.74466458308,38750.343473630885,True,2,1
844,overnight0844 25-11-06 06-18-46.fits,2025-11-06 06:18:46,1374.5056973603255,1274.0940909467024,5.641862695174127,4.831173774225066,13.285571365908371,11.376544844573012,1058.5820986319939,1244.0591770178612,29055.26737356031,38740.30702970101,True,1,1
845,overnight0845 25-11-06 06-19-46.fits,2025-11-06 06:19:46,1375.4821354125959,1273.6452891950657,6.335077017782209,4.617737520251875,14.917966348288433,10.873940875380626,956.7862807022522,1320.5644060929353,29058.091616013888,38744.074234957254,True,2,1
846,overnight0846 25-11-06 06-20-46.fits,2025-11-06 06:20:46,1374.5857276903716,1273.9179402805187,5.258616989092684,4.627622875909714,12.38309669505575,10.897219109035964,1094.4316105533246,1271.4185440830404,29057.894867697276,38743.69212900278,True,1,1
847,overnight0847 25-11-06 06-21-46.fits,2025-11-06 06:21:46,1375.9849089760392,1273.0357747563721,5.8701819675602955,4.705788446872102,13.823222165190202,11.081284962369484,1033.2380696016614,1221.4168735536227,29061.21896829875,38748.70655150803,True,2,1
848,overnight0848 25-11-06 06-22-46.fits,2025-11-06 06:22:46,1375.2174566237427,1274.8442010315207,5.393714084713398,3.9405713332422465,12.70122604384887,9.279336364393174,1081.8879646510177,1456.3671401728493,29057.681576354815,38743.7013876679,True,2,1
849,overnight0849 25-11-06 06-23-47.fits,2025-11-06 06:23:47,1375.3879531317864,1274.2335364921191,6.251173403929315,4.707697070049242,14.720388436537103,11.085779426485425,969.025799336181,1266.5232365772672,29059.674600832423,38746.35701048407,True,2,1
850,overnight0850 25-11-06 06-24-47.fits,2025-11-06 06:24:47,1376.392607812389,1275.0527347337518,5.4534217987079785,4.735023175873742,12.841826965606282,11.150127488233595,1085.7302388200806,1276.2704326263995,29055.657574941873,38740.71719740386,True,1,1
851,overnight0851 25-11-06 06-25-47.fits,2025-11-06 06:25:47,1376.7325944969373,1274.6490063566541,5.435205220635709,4.502230289018831,12.79893020240983,10.601942131927027,1101.094847028919,1314.6623128136282,29056.669781533114,38742.312232583216,True,1,1
852,overnight0852 25-11-06 06-26-47.fits,2025-11-06 06:26:47,1375.5243265358845,1274.3788475370511,4.847213101297304,4.649133220695773,11.414314573471525,10.947872100113702,1168.3824148528845,1269.3775149761605,29055.879673824762,38740.8620417779,True,1,1
853,overnight0853 25-11-06 06-27-47.fits,2025-11-06 06:27:47,1375.8110202197927,1274.8631653496213,5.97951478036523,4.252059672574615,14.080681264362878,10.012835349646437,992.0378577042405,1304.8189830163158,29058.903874652915,38745.70614829011,True,2,1
854,overnight0854 25-11-06 06-28-47.fits,2025-11-06 06:28:47,1375.8810627807325,1276.210444694327,6.443311051025352,4.570013043886773,15.172838019323933,10.761558321797477,944.9922803774436,1339.8424033309502,29059.479860578744,38745.92847460019,True,2,1
855,overnight0855 25-11-06 06-29-47.fits,2025-11-06 06:29:47,1376.364935869474,1276.7944195379362,5.454330820533106,4.8061404902238065,12.843967548421464,11.317595965613894,1126.172835822052,1305.5592493134336,29056.83085454036,38742.26857112165,True,2,1
856,overnight0856 25-11-06 06-30-47.fits,2025-11-06 06:30:47,1377.1388319619302,1278.245883437365,5.709713837021183,4.558684388197655,13.445348594808056,10.734881376297487,1058.9070466420658,1318.3188565619005,29055.316712703847,38740.46961787105,True,2,1
857,overnight0857 25-11-06 06-31-48.fits,2025-11-06 06:31:48,1377.0584749042325,1276.4751200153473,5.636446139381942,5.0238062254690545,13.272816351753905,11.830159602085802,1064.135733781889,1198.534371041698,29058.68765023788,38744.88649931154,True,2,1
858,overnight0858 25-11-06 06-32-48.fits,2025-11-06 06:32:48,1377.3052160228137,1277.823618089063,6.771715527924174,4.66673466470745,15.946171464403182,10.98932033329389,927.415184268802,1245.435012318043,29053.237458408577,38738.261035808595,True,2,1
859,overnight0859 25-11-06 06-33-48.fits,2025-11-06 06:33:48,1378.1860105779253,1277.929242789132,6.251187757498259,4.52802844621995,14.720422236608968,10.662692149629082,985.2290137214196,1309.9898027269503,29059.968378311194,38746.92109661455,True,2,1
860,overnight0860 25-11-06 06-34-48.fits,2025-11-06 06:34:48,1376.9159929275356,1278.0941287775279,5.532833390041113,4.566740626506257,13.028826972685355,10.75385236775413,1038.7303976353178,1231.8921447418286,29055.137539418767,38740.34186526996,True,2,1
861,overnight0861 25-11-06 06-35-48.fits,2025-11-06 06:35:48,1377.5817301784682,1277.7683112249217,5.204122538178111,4.067380025078577,12.254772069699158,9.57794801381352,1113.3350451346087,1375.7035269548553,29059.50264303792,38746.26257223873,True,2,1
862,overnight0862 25-11-06 06-36-48.fits,2025-11-06 06:36:48,1378.5878313360747,1278.3908504193548,5.377002702792556,4.534042748501764,12.661873746721502,10.676854749199173,1073.4724458473165,1309.2731942573084,29058.26038302767,38744.13276092163,True,2,1
863,overnight0863 25-11-06 06-37-47.fits,2025-11-06 06:37:47,1377.424726252586,1278.7617824124961,6.290482660916614,4.215972014779397,14.812954662846066,9.927855409692041,957.6681134242108,1412.7136288646855,29059.55452468438,38746.16178093423,True,2,1
864,overnight0864 25-11-06 06-38-47.fits,2025-11-06 06:38:47,1377.7470825640492,1277.2374262228957,5.575253398004469,4.666781079883339,13.128718457747837,10.989429632680467,1058.1720008129544,1261.3113778684142,29060.625372406186,38747.51787707789,True,2,1
865,overnight0865 25-11-06 06-39-48.fits,2025-11-06 06:39:48,1379.243799804601,1278.0987889608582,5.6425640226419995,4.577711477606732,13.287222865887848,10.779686747836578,1040.658163535707,1287.8486378349824,29054.364503166078,38739.12209630298,True,2,1
866,overnight0866 25-11-06 06-40-48.fits,2025-11-06 06:40:48,1379.3439079850732,1279.383689308298,5.889953115499415,5.148877897576113,13.869779660670511,12.124680882629042,1009.3407213048697,1241.0014395081514,29061.50670753482,38748.09491388589,True,2,1
867,overnight0867 25-11-06 06-41-48.fits,2025-11-06 06:41:48,1378.262315205893,1279.5188135756512,5.309018958937252,4.958580740796087,12.501784263954784,11.67656532333104,1085.7791966421996,1265.430110837638,29054.67645932593,38738.90237803923,True,2,1
868,overnight0868 25-11-06 06-42-48.fits,2025-11-06 06:42:48,1378.2637929869773,1280.0603273531372,6.129727788474954,4.637743111784816,14.434405866884052,10.921050443335094,972.3398253928522,1331.8258701513898,29057.459784434544,38742.99708005478,True,2,1
869,overnight0869 25-11-06 06-43-47.fits,2025-11-06 06:43:47,1378.7942132453159,1280.2579664818018,5.735751379313408,4.28204683483755,13.506662321321128,10.083449720436795,1035.6849027118449,1318.4096922585418,29056.67677632027,38742.6207551774,True,2,1
870,overnight0870 25-11-06 06-44-47.fits,2025-11-06 06:44:47,1379.264129717643,1280.708133000072,5.785809054314517,4.3846542173961005,13.624539137821385,10.325071641653826,1029.3859124483615,1297.6641225590552,29054.94216687467,38740.270190200485,True,1,1
871,overnight0871 25-11-06 06-45-48.fits,2025-11-06 06:45:48,1380.3079001515575,1280.8505113236154,6.039800221073906,4.588168266000696,14.222642628567193,10.80431060275333,1014.9519349751972,1301.9083368865215,29057.113711190836,38743.02290131364,True,2,1
872,overnight0872 25-11-06 06-46-48.fits,2025-11-06 06:46:48,1380.9155770806174,1280.5870750949955,5.467297336407802,3.9633596694504045,12.87450135991741,9.33299879528905,1099.9932861416326,1387.0721001144266,29054.04537564799,38739.401508928575,True,1,1
873,overnight0873 25-11-06 06-47-48.fits,2025-11-06 06:47:48,1380.559040331376,1281.5685141406536,5.417338472762588,4.804586029044752,12.756857226378692,11.313935489270232,1103.7055583211238,1171.880083044807,29061.218946131932,38748.74723090692,True,2,1
874,overnight0874 25-11-06 06-48-48.fits,2025-11-06 06:48:48,1379.5063016374374,1281.7179285124266,4.870174478448034,4.764068983206637,11.46838448464758,11.218525137565202,1192.8254191965348,1311.8838802080645,29053.068876865687,38736.849901340946,True,1,1
875,overnight0875 25-11-06 06-49-48.fits,2025-11-06 06:49:48,1380.4449420314493,1280.7121837961338,6.3902313727719084,4.068259696502863,15.04784492898893,9.580019481716468,963.5191293009896,1394.2945536686093,29053.637270916126,38738.81589646605,True,1,1
876,overnight0876 25-11-06 06-50-47.fits,2025-11-06 06:50:47,1379.7585099744824,1281.3789539596883,5.143878036581741,4.501404801134066,12.112907109737128,10.599998256509052,1107.6251589559215,1225.10174477827,29058.72832560661,38745.209765605614,True,2,1
877,overnight0877 25-11-06 06-51-47.fits,2025-11-06 06:51:47,1380.3082654436464,1282.240518887628,5.059409782001018,4.260562260180549,11.913999570681662,10.032857413375524,1146.6995143711918,1323.9044090545292,29057.510347006726,38743.55738005076,True,2,1
878,overnight0878 25-11-06 06-52-47.fits,2025-11-06 06:52:47,1380.3780750015524,1283.1521128965933,5.767525164131791,5.241414445219059,13.581483866717956,12.342587799916613,1013.5163058786785,1214.6768673394768,29052.126387707627,38735.48814476441,True,2,1
879,overnight0879 25-11-06 06-53-48.fits,2025-11-06 06:53:48,1380.9135188721543,1284.0669711058467,6.550743192510565,4.741194141718173,15.425821379573913,11.164659002301262,938.9556895083501,1281.0589834285722,29060.712533738613,38747.71737917257,True,2,1
880,overnight0880 25-11-06 06-54-48.fits,2025-11-06 06:54:48,1381.2866638000419,1284.0157617851546,5.167058564809717,5.043472441040719,12.167493082262771,11.876470000723858,1114.8048290887775,1212.743348505888,29063.06100183585,38750.28300230747,True,2,1
881,overnight0881 25-11-06 06-55-48.fits,2025-11-06 06:55:48,1380.7604650145897,1283.779747429578,5.432169208298333,4.5126192888470245,12.791780939700818,10.62640635697028,1052.1481125283221,1269.0074910734695,29056.63339843279,38742.16337169523,True,2,1
882,overnight0882 25-11-06 06-56-48.fits,2025-11-06 06:56:48,1380.6403920728699,1283.5210410554555,5.028899401973642,4.404845537984496,11.842153116211685,10.372618568111028,1133.9599229653302,1270.9133118544219,29056.86241239856,38742.619506063966,True,1,1
883,overnight0883 25-11-06 06-57-48.fits,2025-11-06 06:57:48,1380.8921368078393,1283.997719283641,6.02278784581948,4.962057950501141,14.182581546304483,11.684753526445276,986.9091323808076,1226.1063690451601,29052.663180072956,38736.701378300524,True,2,1
884,overnight0884 25-11-06 06-58-47.fits,2025-11-06 06:58:47,1381.8449493653156,1284.142318341002,6.390403804761087,4.929018848068865,15.048250975293453,11.606952385767922,954.4256506529548,1274.9949496298761,29058.314710847706,38744.177687172225,True,2,1
885,overnight0885 25-11-06 06-59-47.fits,2025-11-06 06:59:47,1382.5314125466518,1285.2130124871933,6.261723397820328,5.288882109620223,14.745231773626614,12.454365607539277,974.8788193128086,1134.0826084598784,29056.03573610571,38741.51988037314,True,2,1
886,overnight0886 25-11-06 07-00-47.fits,2025-11-06 07:00:47,1382.934466059698,1285.0439941946734,6.31344174961454,4.206245958527833,14.867019185127587,9.90495229747176,965.1573132264377,1386.2890808445002,29058.569902207546,38745.102431183055,True,2,1
887,overnight0887 25-11-06 07-01-48.fits,2025-11-06 07:01:48,1381.7990291082706,1285.9966333054238,4.981225951151239,4.748738688103889,11.729890718599293,11.182425051361012,1115.5484270615173,1340.1183191582859,29058.37897306432,38743.45163500996,True,2,1
888,overnight0888 25-11-06 07-02-48.fits,2025-11-06 07:02:48,1382.1578867784287,1285.6326214237915,6.0331327237480545,4.861900484550926,14.206941872214088,11.448900717966206,975.9978407712051,1197.4593047973754,29058.064905971958,38744.173224291226,True,2,1
889,overnight0889 25-11-06 07-03-47.fits,2025-11-06 07:03:47,1382.7007957650317,1286.223312344289,5.889149809556456,4.878634789173452,13.86788801973374,11.488306993930983,1046.4583224688547,1171.7943715467782,29054.665342540233,38740.1360498439,True,1,1
890,overnight0890 25-11-06 07-04-47.fits,2025-11-06 07:04:47,1383.5813627559282,1285.543304659184,6.159176517765449,4.072628370792564,14.503752324918,9.590306923504066,963.7927292315555,1395.4330392161264,29062.26649592643,38750.019078368125,True,2,1
891,overnight0891 25-11-06 07-05-47.fits,2025-11-06 07:05:47,1382.8115628891112,1286.2025537281443,4.886042219841446,4.614509415424421,11.505750160150154,10.866339269425476,1164.2202259434848,1232.2231349721847,29060.642665062613,38747.52658729797,True,1,1
892,overnight0892 25-11-06 07-06-48.fits,2025-11-06 07:06:48,1383.3603598333393,1287.2285985199705,5.728681859662475,4.411029498607212,13.490014874738373,10.38718068254308,1055.4231815714313,1265.6139050698864,29058.813072310604,38745.68924263239,True,2,1
893,overnight0893 25-11-06 07-07-48.fits,2025-11-06 07:07:48,1382.5645427681386,1288.0611401417723,4.922509935309335,4.374016853455576,11.591625067530423,10.30002256382039,1169.4348401940556,1334.2989738385927,29059.777131801016,38746.26546888056,True,2,1
894,overnight0894 25-11-06 07-08-48.fits,2025-11-06 07:08:48,1384.0742384408816,1286.7703159652226,5.928839616989701,4.8426733487526334,13.961350373860965,11.403624273179854,1040.8697248027884,1270.6302164028555,29060.47039912809,38747.317237949166,True,2,1
895,overnight0895 25-11-06 07-09-48.fits,2025-11-06 07:09:48,1384.5246583127753,1286.2103685179106,6.6424876761295275,4.596558986470758,15.64186312862086,10.824069239508486,940.4579714207317,1326.733807492999,29060.312164871564,38747.27685026026,True,2,1
896,overnight0896 25-11-06 07-10-48.fits,2025-11-06 07:10:48,1384.4581548630645,1286.51102713057,5.9464439853591,3.7227257517434116,14.002805493377332,8.766349222358295,994.0622997362698,1437.471272645427,29057.659367147673,38744.27669359018,True,2,1
897,overnight0897 25-11-06 07-11-47.fits,2025-11-06 07:11:47,1384.7188569465359,1286.9738271774063,5.63733308612931,4.364837844040224,13.274904951733483,10.278407648455593,1058.7348381825693,1301.7094439730802,29058.19935043047,38744.640084957115,True,1,1
898,overnight0898 25-11-06 07-12-47.fits,2025-11-06 07:12:47,1385.026425173991,1286.8684553172907,5.497430084076232,4.3956768431317474,12.945458558138888,10.351027941685002,1083.5173904316716,1439.8933853670862,29059.215670105757,38745.13426175396,True,2,1
899,overnight0899 25-11-06 07-13-48.fits,2025-11-06 07:13:48,1386.6282555311805,1287.6549539542618,5.853249146313455,4.676724716236241,13.783348418299214,11.012845106884779,1038.8264894120139,1297.237084523416,29061.73024259847,38748.99152892541,True,2,1
900,overnight0900 25-11-06 07-14-48.fits,2025-11-06 07:14:48,1385.5945202425223,1286.3334316787682,6.035656044443263,4.846410470841645,14.212883838367205,11.412424523185788,1009.7985876074265,1174.6916397852083,29062.185785011585,38750.1055574417,True,2,1
901,overnight0901 25-11-06 07-15-48.fits,2025-11-06 07:15:48,1386.5297808203634,1285.89416633993,6.481521288585069,4.7297672566925835,15.262816252654948,11.13775074439074,956.0603535808951,1254.567197805385,29056.046137720095,38741.73809474946,True,2,1
902,overnight0902 25-11-06 07-16-48.fits,2025-11-06 07:16:48,1385.291446853114,1286.4282784010136,5.875097918059038,4.382142308095818,13.834798343965021,10.319156547282223,1002.4794678909255,1309.241218070578,29052.750312140957,38737.199358507256,True,1,1
903,overnight0903 25-11-06 07-17-47.fits,2025-11-06 07:17:47,1386.0906334526917,1287.3181839191072,6.142135094060653,4.771694245345379,14.463622838782081,11.236481257698127,991.2897215382549,1298.198660011432,29059.304318091206,38745.60074094743,True,2,1
904,overnight0904 25-11-06 07-18-47.fits,2025-11-06 07:18:47,1386.1336495994979,1285.1835883355382,5.29183631758619,4.232571148121186,12.461322235674725,9.966943381615428,1059.3525132402494,1367.8912738901636,29055.79767269423,38740.82363616119,True,2,1
905,overnight0905 25-11-06 07-19-48.fits,2025-11-06 07:19:48,1386.5415542055216,1286.099449925581,5.935706858931581,5.090697176957928,13.977521492839779,11.987675755482995,1004.3607015496036,1300.8582486366802,29057.479885968703,38742.4439672875,True,2,1
906,overnight0906 25-11-06 07-20-48.fits,2025-11-06 07:20:48,1386.3008015775654,1286.1027941113875,5.734739712643129,4.4345186463581125,13.504280028367067,10.442493398507596,1034.5218410202615,1355.558737944482,29060.88941114965,38747.750015348814,True,2,1
907,overnight0907 25-11-06 07-21-48.fits,2025-11-06 07:21:48,1386.9623255240917,1285.8076721186067,5.72486276439864,4.386692852736356,13.48102159265721,10.32987226101757,1050.188540050809,1291.7150838411014,29056.832299300277,38742.89455649578,True,2,1
908,overnight0908 25-11-06 07-22-48.fits,2025-11-06 07:22:48,1386.1828527832881,1286.9365008391471,5.647500829040369,3.7939658243842884,13.298848156553165,8.934106773422492,1015.4714675820167,1486.079861433878,29061.41281162725,38748.6767126803,True,2,1
909,overnight0909 25-11-06 07-23-47.fits,2025-11-06 07:23:47,1386.689368648862,1286.1647295296336,5.733931645177047,4.568592390354971,13.502377174900198,10.758212938383746,1021.4638890961432,1314.6127504718997,29052.7666671349,38736.82779501015,True,2,1
910,overnight0910 25-11-06 07-24-47.fits,2025-11-06 07:24:47,1386.705058076066,1286.821245822958,5.580287364404123,4.110324911032401,13.140572542731755,9.67907549208915,1115.7493211068343,1498.8783306789283,29057.22001031874,38743.04529773125,True,1,1
911,overnight0911 25-11-06 07-25-47.fits,2025-11-06 07:25:47,1387.4774657346202,1286.9755521167642,5.9915199529615615,3.900716537982114,14.108951285436776,9.185485493624011,1009.4808249463805,1394.4735524897737,29058.245741706167,38745.1225680408,True,2,1
912,overnight0912 25-11-06 07-26-47.fits,2025-11-06 07:26:47,1387.2261590488474,1285.851731063002,5.9359368336730896,4.9826940869274035,13.978063041970936,11.733347914153834,1034.2315796943785,1164.7636157146187,29054.847060423268,38740.23405192836,True,2,1
913,overnight0913 25-11-06 07-27-47.fits,2025-11-06 07:27:47,1386.7623289230032,1286.2019210804433,5.467244918583125,4.78909674474674,12.874377925373144,11.27746101212209,1043.4435891545963,1306.566696021272,29052.263391804623,38735.629864200666,True,1,1
914,overnight0914 25-11-06 07-28-48.fits,2025-11-06 07:28:48,1387.761485589273,1287.0321489015455,5.98339130076781,3.959181608936532,14.089809772311845,9.32316021464163,1003.3911105557451,1471.3036329492436,29059.122656964406,38745.72994452354,True,2,1
915,overnight0915 25-11-06 07-29-48.fits,2025-11-06 07:29:48,1387.0180788557282,1287.0669243268499,5.354014337539888,4.08621894107761,12.607740283422027,9.622310270834696,1067.5066719716197,1348.6216171617555,29057.34941459625,38743.39977350545,True,2,1
916,overnight0916 25-11-06 07-30-48.fits,2025-11-06 07:30:48,1387.2084513224647,1286.8633106276193,5.460441693997305,5.015868602425095,12.858357555747608,11.811467928231988,1049.5966197681062,1147.079604482057,29055.780022950377,38741.01086566285,True,2,1
917,overnight0917 25-11-06 07-31-47.fits,2025-11-06 07:31:47,1388.2095950004523,1287.4113794676523,5.996946081929048,4.9282130928634675,14.121728842696335,11.605054977258865,971.5453909436504,1171.6555098415533,29057.92836650445,38743.972555751476,True,2,1
918,overnight0918 25-11-06 07-32-47.fits,2025-11-06 07:32:47,1387.2281701677769,1288.1503591344715,5.506745642464029,4.27469776249655,12.96739502176113,10.066143977575825,1070.7907761618276,1320.5619265112343,29053.617376845792,38738.4849351609,True,1,1
919,overnight0919 25-11-06 07-33-47.fits,2025-11-06 07:33:47,1387.7062623190177,1289.2947141694017,6.038025749217488,4.712519005953038,14.218464066670357,11.097134217807538,1011.4234494559215,1280.8586886315375,29056.198444919526,38741.69052810498,True,2,1
920,overnight0920 25-11-06 07-34-48.fits,2025-11-06 07:34:48,1387.2372526267516,1289.0179726260271,6.189075241122245,4.258291410433784,14.574158437999419,10.027509970872588,1020.1216212281962,1405.1549428973353,29055.503174949386,38741.10179231563,True,2,1
921,overnight0921 25-11-06 07-35-48.fits,2025-11-06 07:35:48,1387.8204230354145,1289.7078498397468,6.163716960696762,5.136976646889489,14.514444250945976,12.096655578951243,958.0877689519701,1175.60467213507,29057.070079258403,38742.5855922179,True,2,1
922,overnight0922 25-11-06 07-36-48.fits,2025-11-06 07:36:48,1387.5545278155657,1290.384191532732,5.730248670483051,4.365194019947102,13.493704432265435,10.279246378620666,991.7966538051484,1277.5342875091828,29061.805166489565,38749.212668441556,True,2,1
923,overnight0923 25-11-06 07-37-47.fits,2025-11-06 07:37:47,1387.738645010202,1289.9651450638166,5.548162882827614,4.6257834377253895,13.064925169579164,10.892887563127921,1032.7299368377421,1216.1509252169974,29059.40649876943,38746.01124196916,True,1,1
924,overnight0924 25-11-06 07-38-47.fits,2025-11-06 07:38:47,1387.8941453299085,1290.1282813248895,5.882423622906609,4.365529143870635,13.852049060584061,10.28003553515337,1033.5895445429296,1365.1089658813414,29057.801824657778,38743.893198862505,True,2,1
925,overnight0925 25-11-06 07-39-47.fits,2025-11-06 07:39:47,1388.8314619277282,1290.515646065836,6.125120109908749,4.978722974133547,14.423555613035292,11.72399665814578,985.1556684386815,1227.8936525529405,29051.6029342427,38735.36725163213,True,2,1
926,overnight0926 25-11-06 07-40-48.fits,2025-11-06 07:40:48,1388.7743929663757,1289.5957093200832,5.865335140182409,4.628447561110565,13.811808758925949,10.899161094277767,1010.8706229019506,1210.516723450785,29055.31014173783,38740.839494809334,True,2,1
927,overnight0927 25-11-06 07-41-48.fits,2025-11-06 07:41:48,1388.5568495289892,1290.4476267695693,5.046947615240157,4.549931025081097,11.884653410588669,10.714268781369183,1173.084276564627,1302.5893498408493,29056.914265652216,38742.54426404306,True,1,1
928,overnight0928 25-11-06 07-42-48.fits,2025-11-06 07:42:48,1389.9308088599512,1290.6384498088876,5.559283480136183,4.274960518785818,13.0911121750341,10.06676272135275,1084.531105598439,1346.8610051832145,29057.80859259444,38744.099162359904,True,2,1
929,overnight0929 25-11-06 07-43-47.fits,2025-11-06 07:43:47,1389.9347063980078,1289.2801417292915,6.224815981519729,4.852659382086545,14.65832144991166,11.427139584644896,974.3327617282048,1313.1744756242074,29061.48445070806,38748.244682766104,True,2,1
930,overnight0930 25-11-06 07-44-47.fits,2025-11-06 07:44:47,1389.874720984166,1290.2936240301651,6.138107992403186,4.151334217077935,14.4541397390757,9.775645027997983,1003.059793204128,1343.8460079802412,29058.02459652467,38744.78757158191,True,2,1
931,overnight0931 25-11-06 07-45-47.fits,2025-11-06 07:45:47,1388.8186712158383,1290.3165681155838,5.580269097726253,4.483056513410167,13.14052952799255,10.556791340784821,1080.7059530400422,1303.7005276182824,29060.749786017324,38747.909298283186,True,2,1
932,overnight0932 25-11-06 07-46-48.fits,2025-11-06 07:46:48,1388.2657483515268,1292.124114500305,5.736790626931894,4.222784578653741,13.509109562444891,9.9438977716614,1069.9419833484947,1366.9800994850555,29046.449309597403,38729.07634495253,True,2,1
933,overnight0933 25-11-06 07-47-48.fits,2025-11-06 07:47:48,1391.4120124218084,1291.6294768410294,6.062682543217368,4.465448501021953,14.276526379427471,10.515327640259901,983.5706300096197,1316.6044222788153,29089.351087446837,38785.91091543615,True,2,1
934,overnight0934 25-11-06 07-48-48.fits,2025-11-06 07:48:48,1365.6686591548955,1284.783062375529,5.742194100635586,4.351468663177663,13.52183377063514,10.246925633374788,1064.9393590634459,1492.8457044536442,29094.671775867784,38792.398314560516,True,1,1
935,overnight0935 25-11-06 07-49-48.fits,2025-11-06 07:49:48,1407.652984185697,1289.8252473192676,4.599993940500266,3.843118687972055,10.83215793811093,9.049852921869638,1249.9456528109529,1549.3635974545045,29093.04786446726,38790.4633135258,True,1,1
936,overnight0936 25-11-06 07-50-47.fits,2025-11-06 07:50:47,1404.5882689530092,1286.6981997225366,4.4742958429252075,5.55060619127075,10.536161538318927,13.070678721277252,1239.0811345809552,1083.0436191422948,29091.65359912299,38788.26108448537,True,1,1
937,overnight0937 25-11-06 07-51-47.fits,2025-11-06 07:51:47,1401.919842653346,1287.845610831363,4.486549114516057,4.980030227392557,10.565015787878268,11.72707500432403,1142.2527876904583,1150.3527385268267,29092.5152727917,38789.23179656731,True,2,1
938,overnight0938 25-11-06 07-52-48.fits,2025-11-06 07:52:48,1407.8015531390843,1289.7321967541188,5.695072199393988,4.804940993900574,13.410870173031459,11.314771367628003,1029.9834664965142,1205.606506154717,29094.214275051447,38792.380954663575,True,1,1
939,overnight0939 25-11-06 07-53-48.fits,2025-11-06 07:53:48,1409.482969234366,1287.5564127101904,5.272336684517911,4.661853884176333,12.415404108854792,10.977826973463818,1117.1769127630585,1440.7157209959096,29089.23383848542,38784.56638867211,True,2,1
940,overnight0940 25-11-06 07-54-48.fits,2025-11-06 07:54:48,1408.7281708334588,1287.0703642174726,6.015491218086997,4.367467925539373,14.165399301058903,10.284601017089852,996.5066290282543,1430.0482957458632,29090.978154206336,38787.64290445475,True,2,1
941,overnight0941 25-11-06 07-55-48.fits,2025-11-06 07:55:48,1409.4685785103807,1287.205488700211,5.373947514957961,4.201402709009097,12.654679329167264,9.893547316421953,1107.063110620174,1347.0793251222449,29093.675905770957,38791.94605710843,True,1,1
942,overnight0942 25-11-06 07-56-47.fits,2025-11-06 07:56:47,1409.596992291472,1288.0285865624242,5.461347388005427,5.224982406579979,12.860490302152597,12.303893305948584,1043.7060105711032,1199.8854198353245,29092.172701490475,38788.820309532544,True,2,1
943,overnight0943 25-11-06 07-57-47.fits,2025-11-06 07:57:47,1411.8824596689296,1288.717798865293,5.624531935829935,4.176207450019989,13.24476054640906,9.834217015514657,1074.2207819746193,1505.095649441829,29093.9320231559,38791.59133240025,True,2,1
944,overnight0944 25-11-06 07-58-48.fits,2025-11-06 07:58:48,1413.8163667784693,1286.515339926497,4.9170943658633455,5.011815897811526,11.57887237604375,11.801924538171365,1197.886816028621,1269.0485445001514,29094.846348555868,38792.51471262604,True,2,1
945,overnight0945 25-11-06 07-59-48.fits,2025-11-06 07:59:48,1414.7208957002103,1285.6834226194903,5.535178706466809,3.977744592893576,13.034349770816522,9.366872701359267,1038.193359758989,1520.481560250841,29095.90056461232,38794.14046526309,True,2,1
946,overnight0946 25-11-06 08-00-47.fits,2025-11-06 08:00:47,1417.4035585586403,1284.9063628138636,6.252048524080204,5.179997519953228,14.722449187010227,12.197961993196467,961.1816980322335,1183.046129984278,29091.215930364688,38788.132781587316,True,2,1
947,overnight0947 25-11-06 08-01-47.fits,2025-11-06 08:01:47,1417.1090641048202,1283.1756276870917,4.87375212309304,4.213467649951115,11.476809193971638,9.921958081194333,1179.304382853492,1193.7068405028572,29094.060472619796,38793.01799435973,True,1,1
948,overnight0948 25-11-06 08-02-48.fits,2025-11-06 08:02:48,1418.4786033944065,1288.186328585375,6.341342896462059,4.926605218466733,14.932721365003477,11.601268722399542,975.461905100836,1276.7308250783092,29090.3615832588,38787.01272727569,True,1,1
949,overnight0949 25-11-06 08-03-48.fits,2025-11-06 08:03:48,1418.466569722673,1285.1262045157248,7.449437274995784,5.6123523874536705,17.542084219360806,13.216079901753208,822.4004206473371,1030.8906167049756,29091.291930232783,38788.834034845924,True,2,1
950,overnight0950 25-11-06 08-04-48.fits,2025-11-06 08:04:48,1418.0768387410276,1287.8828079650339,6.246013143593448,6.610331909283461,14.708236952060624,15.566142084288401,959.0032392514552,906.4940930793848,29089.057589780827,38785.407143037664,True,2,1
951,overnight0951 25-11-06 08-05-47.fits,2025-11-06 08:05:47,1417.772831701953,1286.949201502216,6.49381259250195,6.830165849788629,15.291760061497987,16.08381145396811,929.5684003627875,927.1066189348012,29086.82260986745,38782.04390514259,True,2,1
952,overnight0952 25-11-06 08-06-47.fits,2025-11-06 08:06:47,1417.4326668939636,1286.6645966806957,7.560353851032617,8.062941009703533,17.80327279593854,18.98677511155196,733.5193771139957,820.4408916985475,29094.505498679424,38791.27772738213,True,2,7
953,overnight0953 25-11-06 08-07-47.fits,2025-11-06 08:07:47,1420.0181915805206,1284.3085332366472,6.774601713250265,6.061701554506088,15.952967911462736,14.274216327546203,871.1381852336268,909.558758156365,29090.088221365786,38787.291026318315,True,2,1
954,overnight0954 25-11-06 08-08-48.fits,2025-11-06 08:08:48,1418.224579492485,1284.5060014596884,6.634571336259924,6.584612614693409,15.623221572812641,15.50557777384369,856.7298943678611,994.8068452932596,29090.67470136274,38786.435175919774,True,2,1
955,overnight0955 25-11-06 08-09-48.fits,2025-11-06 08:09:48,1418.4358849391572,1286.5181275448856,7.011333817712509,6.466755835262576,16.51042941635279,15.228046267197172,849.2618628125505,1009.2699135601921,29093.044291409427,38789.97863743596,True,2,1
956,overnight0956 25-11-06 08-10-48.fits,2025-11-06 08:10:48,1417.9996136338814,1286.3738724403345,7.763809835105259,7.4200860263269774,18.282375025514295,17.472967310648812,815.2714951491151,874.4220354412149,29089.903520826876,38786.330873456645,True,2,2
957,overnight0957 25-11-06 08-11-48.fits,2025-11-06 08:11:48,1421.320752625542,1286.5381092504733,7.247195811606272,6.798528491099634,17.06584196743479,16.00931116755543,856.2783309070273,867.2807942579601,29087.318681819015,38783.495487061096,True,2,1
958,overnight0958 25-11-06 08-12-48.fits,2025-11-06 08:12:48,1417.917716668758,1288.0845316205596,5.574323038265449,8.50131791039783,13.126527627985304,20.019073824585433,922.5045597658655,714.4558644796207,29088.184401937444,38783.029791555986,True,2,9
959,overnight0959 25-11-06 08-13-47.fits,2025-11-06 08:13:47,1420.2974673083438,1285.2288859137893,6.8587822311712605,6.843784576161195,16.15119788246418,16.115881103818023,821.9400894743521,830.9101966288093,29090.489399511473,38787.255146725314,True,2,6
960,overnight0960 25-11-06 08-14-48.fits,2025-11-06 08:14:48,1421.5647950276173,1287.1226862681706,9.241759622892317,8.301699047635372,21.762680811344495,19.549007325186118,652.0189194989289,740.7688170534595,29095.078341411143,38793.27611402493,True,2,9
961,overnight0961 25-11-06 08-15-48.fits,2025-11-06 08:15:48,1422.2562066958417,1288.1974049924713,7.400497685519703,6.981788714680823,17.42684029306694,16.440856015501268,790.4192833057012,857.2210923914581,29090.989643615845,38787.80936914068,True,2,10
962,overnight0962 25-11-06 08-16-48.fits,2025-11-06 08:16:48,1428.5749133098902,1292.693288665883,6.419642561103351,8.18055205299869,15.117102984819992,19.2637279538204,884.2381972084343,790.7614898790317,29090.365289682435,38786.11924934585,True,2,12
963,overnight0963 25-11-06 08-17-48.fits,2025-11-06 08:17:48,1429.831697306541,1294.0616837433795,6.628518590493923,6.627480588956589,15.608968445755384,15.606524138928497,905.7107576673361,898.1138556922157,29090.936486422088,38787.982274238995,True,2,3
964,overnight0964 25-11-06 08-18-47.fits,2025-11-06 08:18:47,1423.7047937916034,1294.7832267787605,6.082430819111869,8.306429029286372,14.323030015358645,19.56014558079052,871.7006353174842,777.1501739891052,29090.59246459452,38785.950966257624,True,1,5
965,overnight0965 25-11-06 08-19-47.fits,2025-11-06 08:19:47,1425.5316369182174,1295.1355171190125,7.923764055301268,5.383963388531358,18.65903842951915,12.678264909026394,783.308726613892,1001.1635578240731,29091.913271816942,38790.28369899568,True,2,1
966,overnight0966 25-11-06 08-20-48.fits,2025-11-06 08:20:48,1427.3800618303142,1292.3016950536037,11.293803301060015,9.741096097980213,26.594874397972827,22.93852835209657,547.6429130121243,670.5221860557076,29096.78577179376,38795.26179893154,True,3,7
967,overnight0967 25-11-06 08-21-48.fits,2025-11-06 08:21:48,1431.6723768702695,1293.6092367502604,5.703028266850049,6.924075841312562,13.42960528015661,16.304952584437356,1076.9061472323892,910.2914114794955,29094.85555705154,38792.93015910972,True,2,6
968,overnight0968 25-11-06 08-22-48.fits,2025-11-06 08:22:48,1415.6528374050456,1370.2746598879496,3.8905469160272834,5.882459421944282,9.161537863994388,13.852133360875566,1231.5237452928636,1046.7183146430818,29091.16718344987,38786.4395795791,True,1,1
969,overnight0969 25-11-06 08-23-48.fits,2025-11-06 08:23:48,1417.8362917944803,1394.3820956239251,4.750828912770236,6.98264128834801,11.187347154303943,16.442863673062625,1125.3226061745147,865.8110383382405,29089.319931960476,38784.846774991114,True,1,7
970,overnight0970 25-11-06 08-24-47.fits,2025-11-06 08:24:47,1420.196025325182,1392.590813228204,7.315645537215102,5.466058475072685,17.22702875337533,12.871584064412462,779.2733232002549,1063.6453111221715,29091.716013413345,38788.80708065175,True,2,1
971,overnight0971 25-11-06 08-25-47.fits,2025-11-06 08:25:47,1420.9517609013699,1394.8986420908666,6.864820919852107,5.888850014118665,16.16541790761554,13.86718205542742,928.2277261551262,915.9463116727882,29090.265418348743,38788.29769357193,True,2,3
972,overnight0972 25-11-06 08-26-47.fits,2025-11-06 08:26:47,1421.698256233243,1398.2845362445937,7.124178999831353,7.504003712471283,16.776159513191413,17.67057836011404,848.6149117602529,939.9708069796724,29093.097154715284,38789.48040940833,True,2,1
973,overnight0973 25-11-06 08-27-48.fits,2025-11-06 08:27:48,1422.9200315824296,1400.1143157491954,7.558204806478145,7.11062202979235,17.798212182744003,16.744235288393682,825.1443384437935,919.9972140019586,29094.501225487464,38792.26992620967,True,2,4
974,overnight0974 25-11-06 08-28-48.fits,2025-11-06 08:28:48,1424.9833749965335,1400.0210575251378,8.393428637394546,6.618961307461693,19.765014001873485,15.586462764095055,771.8943669973474,965.068734366333,29092.167560825706,38789.67566597551,True,2,1
975,overnight0975 25-11-06 08-29-48.fits,2025-11-06 08:29:48,1424.4040199689398,1396.8532451579472,9.287250027133725,6.249628016445791,21.869802527108725,14.71674932711356,675.9959856031325,988.9102248829544,29090.38555757287,38787.308454421975,True,2,1
976,overnight0976 25-11-06 08-30-48.fits,2025-11-06 08:30:48,1425.780656595485,1397.7226116586169,7.685160487600871,7.3000723391316775,18.097169965482355,17.190356674363244,779.472177117454,903.1682004438699,29094.65170789374,38792.08193513115,True,2,2
977,overnight0977 25-11-06 08-31-48.fits,2025-11-06 08:31:48,1427.438129912855,1395.6865221617882,5.906764459130327,5.010063049835452,13.909367349636488,11.797796896621414,999.1188663650416,1087.2652378245866,29090.06366532951,38787.344648603685,True,2,1
978,overnight0978 25-11-06 08-32-48.fits,2025-11-06 08:32:48,1426.0068828785716,1394.8055871235856,10.40279143496546,3.9440680637672143,24.49670179533294,9.287570535525441,576.3806740957514,1147.871549827652,29091.738803502165,38790.90249109183,True,2,1
979,overnight0979 25-11-06 08-33-47.fits,2025-11-06 08:33:47,1427.7823806404535,1394.455082158123,5.862948598993162,6.8948704923546,13.806188883895219,16.236179243289023,983.8074025252719,893.1085049805525,29092.316303623404,38789.246101657525,True,2,1
980,overnight0980 25-11-06 08-34-47.fits,2025-11-06 08:34:47,1427.0183126765558,1392.9852334985508,7.217430413469212,6.503000229652621,16.99574981125331,15.313395293626858,855.5269802399248,858.6015400005408,29090.198166460494,38787.70274787182,True,2,3
981,overnight0981 25-11-06 08-35-47.fits,2025-11-06 08:35:47,1429.653689295236,1396.3981079469256,6.400073422810105,6.16811649530023,15.071021185703074,14.524804363219028,975.7813138254521,1017.4816752979166,29089.617158519133,38786.11590492912,True,2,2
982,overnight0982 25-11-06 08-36-48.fits,2025-11-06 08:36:48,1430.6446561774492,1392.6267201527312,7.189929587262547,5.203017047371395,16.930990314446948,12.252168837787904,882.8556277919477,1203.667407480932,29092.09677784338,38789.57329885456,True,2,1
983,overnight0983 25-11-06 08-37-48.fits,2025-11-06 08:37:48,1429.7304467072995,1390.2172189406608,3.4858224358385983,6.733477441106778,8.208484545331341,15.856127651081945,1414.155606704384,886.0761447363647,29096.879135754643,38794.48516604184,True,1,1
984,overnight0984 25-11-06 08-38-48.fits,2025-11-06 08:38:48,1429.6867927036249,1387.6653108579978,6.1567009118951255,6.152828964912067,14.497922718590965,14.488804980221964,916.5735433533522,949.8188432710955,29091.9390324854,38788.989625766575,True,2,1
985,overnight0985 25-11-06 08-39-48.fits,2025-11-06 08:39:48,1432.1141139469075,1392.4336110654851,3.8156922332558425,5.748411918550167,8.985268556539767,13.536475612896751,1444.2953118874477,1113.916822449025,29089.120705328856,38784.32938835133,True,1,5
986,overnight0986 25-11-06 08-40-47.fits,2025-11-06 08:40:47,1433.5243083199555,1385.8435550877323,5.94488498270492,3.8046112434302337,13.999134322677014,8.959174819579639,1108.666167342575,1511.4006204895763,29094.867219317908,38794.25372707444,True,2,1
987,overnight0987 25-11-06 08-41-47.fits,2025-11-06 08:41:47,1434.354727262496,1387.2608523698282,5.167787474711513,4.375824500728195,12.169209533910541,10.304279247852298,1164.6932736809433,1239.946272845668,29091.669877661665,38789.66748338856,True,1,2
988,overnight0988 25-11-06 08-42-47.fits,2025-11-06 08:42:47,1435.0636134070555,1381.9220737016383,5.194026815447539,4.2756489586531465,12.230998459444132,10.068383873352134,1142.41496303728,1329.8380317284305,29091.330599467874,38788.76432839793,True,1,1
989,overnight0989 25-11-06 08-43-48.fits,2025-11-06 08:43:48,1433.646769858372,1389.104241500561,5.418765394236161,5.155380198209451,12.760217369667346,12.139992630499243,1088.313242413989,1246.350318385445,29084.70844749488,38778.92181573932,True,1,1
990,overnight0990 25-11-06 08-44-48.fits,2025-11-06 08:44:48,1429.402638453502,1394.2849930667867,6.8594515719226585,7.171897467734814,16.15277405948253,16.888527917928645,936.6341947524542,887.4380579195317,29092.77477437163,38790.444935765954,True,2,2
991,overnight0991 25-11-06 08-45-48.fits,2025-11-06 08:45:48,1429.293754254852,1396.0715291207025,7.168116980376454,3.8023479168705925,16.879625550517193,8.953845092828544,916.5620327831837,1396.805184720833,29092.577106391484,38791.74632709274,True,2,1
992,overnight0992 25-11-06 08-46-47.fits,2025-11-06 08:46:47,1429.7766214855085,1393.106194269594,6.706404885382208,5.448926830469484,15.792376654191509,12.831242124296498,943.7496359798226,1185.2805465744011,29089.832863522068,38786.27496027913,True,2,1
993,overnight0993 25-11-06 08-47-47.fits,2025-11-06 08:47:47,1430.5700338864635,1392.7323467640736,5.517380750963439,5.146849028372178,12.992438788436619,12.11990326075887,1083.2516954040852,1130.6450410192383,29094.53148613921,38792.91420834567,True,1,2
994,overnight0994 25-11-06 08-48-47.fits,2025-11-06 08:48:47,1432.6153352052324,1391.9639456241716,6.312857696935332,4.0099940923637964,14.865643846171233,9.442814469153955,1022.2680773457128,1317.9789277578143,29089.652594773706,38787.728775810705,True,2,1
995,overnight0995 25-11-06 08-49-48.fits,2025-11-06 08:49:48,1428.5647296929815,1385.9508892837362,6.228680688332487,5.382327497899466,14.667422138982511,12.674412680974937,1013.4090475186192,1265.3355061542923,29088.25064747124,38783.68371517212,True,1,1
996,overnight0996 25-11-06 08-50-48.fits,2025-11-06 08:50:48,1428.9136161411877,1385.673205542604,6.166468527075553,4.9588283026062525,14.520923694609985,11.677148286844002,1020.7805411684988,1245.5564857124748,29092.281152242318,38789.862400261816,True,2,1
997,overnight0997 25-11-06 08-51-48.fits,2025-11-06 08:51:48,1427.3540248645147,1384.0922694632131,5.79550415571283,5.8182464831490845,13.64736935693274,13.70092344545029,1099.2804421368344,1122.1851862640547,29086.777172279755,38782.16294160562,True,2,1
998,overnight0998 25-11-06 08-52-47.fits,2025-11-06 08:52:47,1426.476517366355,1382.971272402031,6.702784325916831,5.175419409868389,15.783850888188212,12.187181367800328,995.0535923921204,1231.8387066945547,29084.7741085082,38780.0830926913,True,1,1
999,overnight0999 25-11-06 08-53-47.fits,2025-11-06 08:53:47,1425.8811714393926,1380.3041196906959,7.0628940313010835,4.1990375377627505,16.63184444083724,9.887977763761127,896.7301561617364,1264.5303491182126,29091.000876781916,38789.337645342224,True,2,1
1000,overnight1000 25-11-06 08-54-48.fits,2025-11-06 08:54:48,1425.6876838247474,1380.6351744706717,6.196642054906514,5.20101178243916,14.59197692277563,12.24744679972988,967.7338994286715,1229.5851335240186,29087.487695574062,38782.79682014177,True,2,1
1001,overnight1001 25-11-06 08-55-48.fits,2025-11-06 08:55:48,1427.0567436870006,1381.1526039349533,5.980556111929618,4.4572325338072005,14.083133412804221,10.495980515973285,1073.2135282728793,1335.3687710850572,29089.53688385603,38786.658034032946,True,2,1
1002,overnight1002 25-11-06 08-56-48.fits,2025-11-06 08:56:48,1425.0520573365136,1378.3090556787017,5.852547913595337,5.345311633617583,13.781697141438359,12.587246981779813,1064.483209750653,1189.3381767340695,29095.109319815365,38793.312710081445,True,2,1
1003,overnight1003 25-11-06 08-57-47.fits,2025-11-06 08:57:47,1424.985196415973,1375.8953100876224,5.435529917498029,3.634355162055086,12.799694805089782,8.558252386369022,1085.5639170803622,1513.7035315098578,29091.955215293066,38789.79489320948,True,1,1
1004,overnight1004 25-11-06 08-58-47.fits,2025-11-06 08:58:47,1423.6346941191064,1376.0977382774322,5.810414716540556,3.9213571027425185,13.682481044452524,9.23409030926257,1054.821080281294,1386.7830960416316,29089.539455376354,38786.954570588874,True,1,1
1005,overnight1005 25-11-06 08-59-48.fits,2025-11-06 08:59:48,1424.2589221823362,1376.5678643470899,5.451489034236302,4.516263788607385,12.837275653086056,10.634988498060089,1131.8101254000019,1438.8713313371977,29091.045303458217,38787.631833860316,True,1,1
1006,overnight1006 25-11-06 09-00-48.fits,2025-11-06 09:00:48,1424.0605426812322,1377.1587117332524,4.945568717846587,4.674209108142575,11.645924350863154,11.006921302520372,1167.0139481527185,1271.3592868712894,29091.962451314346,38789.05995452436,True,2,1
1007,overnight1007 25-11-06 09-01-48.fits,2025-11-06 09:01:48,1425.217688166194,1376.2788837889948,5.556432830362969,4.201207407348543,13.084399407806771,9.893087416156852,1137.3652844583048,1384.2984994433539,29089.096436234755,38786.11986406182,True,1,1
1008,overnight1008 25-11-06 09-02-47.fits,2025-11-06 09:02:47,1421.404557503504,1376.256580429024,5.260911163722977,5.299019054551608,12.388499063461964,12.478236288659076,1140.870269513215,1091.236359294119,29091.02194300298,38788.315867919286,True,1,1
1009,overnight1009 25-11-06 09-03-47.fits,2025-11-06 09:03:47,1422.807940896547,1376.3260383217669,5.533908539926174,5.296786570463115,13.031358757186108,12.47297919037728,1097.6442465669156,1104.7754476390187,29085.26643785477,38780.64573618206,True,1,3
1010,overnight1010 25-11-06 09-04-48.fits,2025-11-06 09:04:48,1422.4013524885754,1375.4040017023724,5.948553345766799,4.978513450578175,14.007772657547577,11.723503267877685,1006.7109468883125,1235.7725539070614,29092.077391504226,38789.22262762324,True,2,1
1011,overnight1011 25-11-06 09-05-48.fits,2025-11-06 09:05:48,1421.6274715948746,1377.6334189048564,6.486776766186423,5.5465995513834585,15.275191956656828,13.061243805357439,1001.2911742650883,1118.4930626261078,29089.015260745677,38785.73400858035,True,2,2
1012,overnight1012 25-11-06 09-06-48.fits,2025-11-06 09:06:48,1421.5214416647248,1374.3587386854579,5.725472601409197,3.640087849502342,13.482457649073872,8.571751833681716,1065.594180173034,1340.6352930501357,29094.03515036203,38793.64092612698,True,2,1
1013,overnight1013 25-11-06 09-07-47.fits,2025-11-06 09:07:47,1420.839189651037,1376.544735101767,5.421698966940828,4.196325103986865,12.767125405475852,9.881590470334853,1118.5516559398773,1449.8012095290676,29091.823702006946,38789.07295915041,True,1,1
1014,overnight1014 25-11-06 09-08-47.fits,2025-11-06 09:08:47,1421.0229611988782,1376.5713533535893,5.408316335887857,4.622191885508853,12.735611717617063,10.884430103975646,1116.759511768224,1284.9441068018189,29094.476755777414,38792.76692048092,True,2,1
1015,overnight1015 25-11-06 09-09-47.fits,2025-11-06 09:09:47,1419.640733682636,1376.18815258097,5.300779852194539,3.6420978253045337,12.482382650243894,8.576484964990744,1164.026672101401,1444.2767358308463,29088.087687117673,38785.305021370514,True,1,1
1016,overnight1016 25-11-06 09-10-47.fits,2025-11-06 09:10:47,1418.955915734291,1375.105362408961,5.28798802860459,3.511653333130497,12.452260207641782,8.26931166005544,1145.847808022249,1668.8125783897212,29092.019439019008,38789.618973007025,True,2,1
1017,overnight1017 25-11-06 09-11-48.fits,2025-11-06 09:11:48,1416.7482267995163,1374.295418795215,4.633391105754034,3.5707122668576,10.910802252297714,8.408384821034177,1229.9060723470639,1606.662210401101,29088.676421114717,38784.85190251016,True,2,1
1018,overnight1018 25-11-06 09-12-48.fits,2025-11-06 09:12:48,1418.810667257302,1373.2094870982573,5.273703622302266,4.40448840566736,12.418623001349703,10.371777585771907,1147.6074437637703,1460.535639459944,29091.091613600125,38787.62504172386,True,2,1
1019,overnight1019 25-11-06 09-13-48.fits,2025-11-06 09:13:48,1418.3587575562235,1372.7939714685251,5.098121252716791,3.8056825881789407,12.005158117895794,8.961697643669034,1168.989252743231,1360.5890065288022,29087.856005994738,38784.82851778227,True,1,1
1020,overnight1020 25-11-06 09-14-48.fits,2025-11-06 09:14:48,1418.682621573716,1370.593214401632,5.049774578332531,5.128145751345028,11.891310399945155,12.07586040910757,1177.933912926213,1204.0691354246578,29091.137430150444,38787.8877435863,True,1,1
1021,overnight1021 25-11-06 09-15-47.fits,2025-11-06 09:15:47,1419.0391623372345,1372.507915853644,4.821414839050695,4.502068414129121,11.353564308406243,10.60156094569195,1181.8066956268804,1250.019082730009,29082.443469273207,38776.68308315127,True,1,2
1022,overnight1022 25-11-06 09-16-47.fits,2025-11-06 09:16:47,1418.4131094867676,1372.195798487502,5.6160108143189005,3.487838405483051,13.224694838668732,8.213231791060274,1095.18621509569,1555.075010444578,29089.881167258252,38787.45699133646,True,2,1
1023,overnight1023 25-11-06 09-17-47.fits,2025-11-06 09:17:47,1419.3044226143127,1371.648168889197,5.50986956167062,3.85682558474301,12.974751289327868,9.082130197141053,1121.4616824468023,1529.2889153206436,29090.380185208218,38787.54031432954,True,1,1
1024,overnight1024 25-11-06 09-18-48.fits,2025-11-06 09:18:48,1419.8094402944905,1372.2858097099029,4.49079056912465,3.7480245806332873,10.575003650210672,8.825923411743982,1278.1541953956337,1525.6823385404878,29091.463338717615,38788.64602098909,True,1,1
1025,overnight1025 25-11-06 09-19-48.fits,2025-11-06 09:19:48,1422.0123246082517,1372.2457989200468,5.018976958852034,3.9580224908382307,11.818787548253242,9.320430700109192,1231.6656432734403,1580.104859364051,29090.831161022652,38787.680374846284,True,1,1
1026,overnight1026 25-11-06 09-20-48.fits,2025-11-06 09:20:48,1420.0857459240804,1372.409275989472,5.609614704162342,3.592229419375194,13.209633150261842,8.459053843094594,1122.0849988427335,1591.0888829375012,29096.544967682177,38796.1490755128,True,2,1
1027,overnight1027 25-11-06 09-21-48.fits,2025-11-06 09:21:48,1420.1854356936606,1373.0350210304318,5.125893034517973,3.328597069971497,12.070555666367442,7.8382471022001665,1194.171291632331,1728.0150596985798,29064.906422367894,38753.690734564465,True,1,1
1028,overnight1028 25-11-06 09-22-47.fits,2025-11-06 09:22:47,1419.7636185050267,1374.270213404946,5.3110486207498075,3.529452262983259,12.506563752275623,8.311224936852824,1150.9914086109288,1731.7602653242484,29059.959395767502,38746.613580144665,True,1,1
1029,overnight1029 25-11-06 09-23-47.fits,2025-11-06 09:23:47,1419.4673244546414,1375.4031963145435,4.9066034804955105,4.234223646555507,11.55416822888945,9.970834718052949,1189.3298487076745,1462.9759358216384,29061.169295004325,38747.757042881625,True,2,1
1030,overnight1030 25-11-06 09-24-47.fits,2025-11-06 09:24:47,1418.9917600871054,1376.2230508741889,4.958112858938576,3.3893969669084316,11.675463545754267,7.981419918243076,1251.2101904057483,1663.7551357289822,29059.888975464826,38747.2556279866,True,1,1
1031,overnight1031 25-11-06 09-25-47.fits,2025-11-06 09:25:47,1418.5923502957341,1377.016732431824,4.857183531064382,3.7537426818980353,11.437793141344613,8.839388511221728,1210.7629814776712,1608.5485221807116,29095.289365122266,38793.51395043535,True,2,1
1032,overnight1032 25-11-06 09-26-48.fits,2025-11-06 09:26:48,1419.2314054285462,1374.8724055935581,5.123803551436765,3.926145916515771,12.065635309724062,9.245367103927745,1201.0889969817138,1429.979901264118,29094.285878286693,38793.08594397769,True,1,1
1033,overnight1033 25-11-06 09-27-48.fits,2025-11-06 09:27:48,1418.7551810285383,1374.2942956000572,5.86243795573708,3.545544512947509,13.804986410919936,8.349119289638288,1105.4856613816282,1630.039284006224,29090.3597423405,38788.06210963887,True,2,1
1034,overnight1034 25-11-06 09-28-47.fits,2025-11-06 09:28:47,1419.0692008154401,1373.9901996478775,5.0773450240388405,4.244028762353822,11.95623383814481,9.993924001278671,1166.0051569639318,1367.1594412696456,29095.616887882185,38794.30983383181,True,2,1
1035,overnight1035 25-11-06 09-29-48.fits,2025-11-06 09:29:48,1420.6900558417583,1374.5401194319572,5.302570220235338,3.702195000675329,12.486598644794348,8.718002998203634,1196.6575109167873,1589.3298589092815,29093.927945312964,38792.50623774761,True,1,1
1036,overnight1036 25-11-06 09-30-48.fits,2025-11-06 09:30:48,1420.9231486093838,1373.8798523791347,4.255091053718541,4.177670235118244,10.019973706728283,9.8376616111856,1409.8177753181837,1446.1590775637296,29086.899601599926,38782.47709136594,True,1,1
1037,overnight1037 25-11-06 09-31-48.fits,2025-11-06 09:31:48,1420.5283895897119,1373.3376832668123,5.130254329841633,3.793760605084606,12.080825732017898,8.933623518901975,1221.935416542966,1752.568393567097,29098.495058417768,38797.4973267463,True,2,1
1038,overnight1038 25-11-06 09-32-48.fits,2025-11-06 09:32:48,1419.5256661563599,1374.229762069985,5.019167918892882,3.53844308099175,11.819237224785233,8.332396695320444,1251.1112575174363,1605.1744943239194,29090.781849129075,38788.492086516606,True,1,1
1039,overnight1039 25-11-06 09-33-48.fits,2025-11-06 09:33:48,1416.9655439614114,1374.9077062893905,4.942366520081569,3.7240308546724417,11.638383751377935,8.769422504896404,1219.5833326429088,1563.9750995785168,29093.908975603877,38792.14409693713,True,2,1
1040,overnight1040 25-11-06 09-34-47.fits,2025-11-06 09:34:47,1419.6823600870312,1374.2065201175703,5.431433982565675,3.7491039910713866,12.790049615407932,8.828465229080434,1146.842911890793,1559.4689152426724,29090.34851892241,38787.63058290724,True,1,1
1041,overnight1041 25-11-06 09-35-47.fits,2025-11-06 09:35:47,1419.0397920070432,1374.0199373209855,4.825311667076839,3.7381607158464756,11.362740637154248,8.802695785222523,1227.5789527362087,1509.7647670946014,29085.91176170843,38781.58085070965,True,2,1
1042,overnight1042 25-11-06 09-36-47.fits,2025-11-06 09:36:47,1419.696543616995,1372.6664182529853,4.634139543481025,3.2940619894675573,10.91256468845969,7.756923202372732,1308.959297234099,1632.3903926062337,29087.164470076525,38783.785088854944,True,1,1
1043,overnight1043 25-11-06 09-37-48.fits,2025-11-06 09:37:48,1418.8325790558035,1373.988832012936,4.637311787457578,3.839817672228849,10.920034752163405,9.042079623828574,1289.1005650570626,1465.0510795515643,29090.980262972535,38788.433796811,True,1,1
1044,overnight1044 25-11-06 09-38-48.fits,2025-11-06 09:38:48,1419.0190522737958,1376.0893477470233,5.59716195099472,3.905857376348943,13.180309157486903,9.197591242858483,1123.454329241365,1576.171821285066,29090.50192609859,38787.50804087529,True,2,1
1045,overnight1045 25-11-06 09-39-48.fits,2025-11-06 09:39:48,1419.3284326741814,1375.5892413964962,4.4360571653740495,3.9093057205875796,10.446116333925985,9.205711472993793,1423.8767660209564,1549.4843199434695,29090.707865742406,38787.94860933357,True,1,1
1046,overnight1046 25-11-06 09-40-48.fits,2025-11-06 09:40:48,1419.715257384608,1374.6205005710704,4.8285611864474545,3.5798977241249417,11.37039267050489,8.430014919930088,1309.017214781824,1596.0548495595856,29093.48454310323,38792.1051276684,True,1,1
1047,overnight1047 25-11-06 09-41-48.fits,2025-11-06 09:41:48,1420.5216747918037,1375.6896621312155,5.000037174724844,3.2511126000442,11.774187764941978,7.65578511923677,1239.7819367481086,1736.2226143980574,29095.20450084893,38794.329660158386,True,1,1
1048,overnight1048 25-11-06 09-42-47.fits,2025-11-06 09:42:47,1420.1274702052335,1375.4832557140032,4.3246571562061265,3.5016158415562444,10.183789359320729,8.245675173694561,1384.5227403652927,1596.2389069748133,29093.932557473137,38792.42990271353,True,1,1
1049,overnight1049 25-11-06 09-43-47.fits,2025-11-06 09:43:47,1419.532284893947,1375.990122532493,4.142817863088715,3.714245712858487,9.75559054691359,8.746380256809433,1425.8899694387349,1634.7497542041406,29094.57728091313,38792.554738722225,True,1,1
1050,overnight1050 25-11-06 09-44-47.fits,2025-11-06 09:44:47,1418.583373250438,1374.0671746608302,4.781735383948263,3.790330679300447,11.260126332155131,8.925546660912467,1263.1998872373867,1462.9006768621691,29078.90556414961,38772.52086131561,True,1,1
1051,overnight1051 25-11-06 09-45-47.fits,2025-11-06 09:45:47,1419.5188306474531,1375.0807678142758,4.528355156402706,4.092377035525434,10.663461493316353,9.636811475079625,1359.206704929521,1578.159230226514,29092.028428293423,38788.97507046854,True,1,1
1052,overnight1052 25-11-06 09-46-48.fits,2025-11-06 09:46:48,1419.1750613119427,1374.1071808996405,4.5587855572591005,3.574091852329092,10.735119611231317,8.416343136646342,1330.2608585226023,1571.050914237169,29092.644870574197,38790.7797296852,True,1,1
1053,overnight1053 25-11-06 09-47-48.fits,2025-11-06 09:47:48,1420.4217917368976,1374.6615007034434,5.059002798216013,3.677103012822923,11.91304119710673,8.658915882239114,1230.947353301273,1635.9250007684805,29091.224729700803,38788.57628435546,True,2,1
1054,overnight1054 25-11-06 09-48-48.fits,2025-11-06 09:48:48,1419.885852773668,1376.1599389016526,4.406476594225454,4.572541543839484,10.37645941204181,10.76751248416998,1422.527800148538,1334.6485636629002,29092.58539569415,38790.33005684655,True,1,1
1055,overnight1055 25-11-06 09-49-48.fits,2025-11-06 09:49:48,1419.8934153185521,1376.1097866964274,5.018633536751759,3.245025211968782,11.81797885100761,7.6414504157748935,1266.5385202584544,1723.382783391854,29093.2863816151,38792.0457710613,True,1,1
1056,overnight1056 25-11-06 09-50-47.fits,2025-11-06 09:50:47,1420.3849373568387,1375.4024733111237,4.280894844428022,4.139805493277284,10.080736990328752,9.748496958098585,1388.6034599547972,1561.3753955380819,29082.345091782645,38775.782125033984,True,1,1
1057,overnight1057 25-11-06 09-51-47.fits,2025-11-06 09:51:47,1419.6978365051648,1375.381205338341,4.052322604226088,3.4743415501270056,9.54249049736361,8.181449125522974,1472.0239286929075,1699.5900335807805,29096.129168738917,38794.917432103044,True,1,1
1058,overnight1058 25-11-06 09-52-47.fits,2025-11-06 09:52:47,1420.054105753711,1375.8687408049252,4.112382908749961,4.197466121237755,9.683921706367089,9.884277360628975,1455.8412448933113,1380.0292930047428,29091.718310552675,38789.211478823665,True,1,1
1059,overnight1059 25-11-06 09-53-48.fits,2025-11-06 09:53:48,1420.5745526986268,1376.058163459193,4.822479931287971,3.962836613971758,11.356072408956388,9.33176709376327,1285.2565256444138,1532.64190148619,29091.897112348433,38789.35870771603,True,1,1
1060,overnight1060 25-11-06 09-54-48.fits,2025-11-06 09:54:48,1420.3229303046312,1378.246919431547,4.361350845816571,3.792100883148206,10.270196395141546,8.929715172416962,1399.4847538899553,1551.0891937634601,29089.534934893523,38786.33609189124,True,1,1
1061,overnight1061 25-11-06 09-55-48.fits,2025-11-06 09:55:48,1418.3007954238276,1376.8694759682614,4.440160879655865,3.7260129105856366,10.455779842575884,8.774089889891167,1336.8491407645922,1482.9962401036023,29084.362926726473,38779.68605020471,True,1,1
1062,overnight1062 25-11-06 09-56-48.fits,2025-11-06 09:56:48,1418.6860687949584,1379.442177328042,4.009731803313025,4.374756491486141,9.442196825639607,10.301764278280833,1496.3491824139141,1441.5249108194232,29092.114973966425,38789.08666603986,True,1,1
1063,overnight1063 25-11-06 09-57-47.fits,2025-11-06 09:57:47,1419.9763600619435,1378.8840862618895,4.50356162233876,3.7510615490937504,10.605077182315412,8.833074925950807,1312.4793711833693,1609.1906891864987,29088.95380543642,38785.108102723374,True,1,1
1064,overnight1064 25-11-06 09-58-47.fits,2025-11-06 09:58:47,1419.9748765612035,1379.8030517883187,4.812890578482293,4.642298152569182,11.333491208750704,10.931776744680056,1285.7365015549112,1394.0492484268602,29058.757699510803,38744.640168684244,True,1,1
1065,overnight1065 25-11-06 09-59-48.fits,2025-11-06 09:59:48,1419.8146133958937,1391.6764409778473,5.13178379480436,4.34784855540073,12.084427346770298,10.238400931016495,1228.1382722931,1333.0029493862849,29090.14487295727,38787.521534980944,True,1,1
1066,overnight1066 25-11-06 10-00-48.fits,2025-11-06 10:00:48,1418.6426417220518,1400.3699591249829,4.407234597855601,3.6274006655567876,10.378244374184286,8.54187579861173,1375.4036948299909,1584.1475647460022,29092.15449387005,38789.95107645037,True,1,1
1067,overnight1067 25-11-06 10-01-48.fits,2025-11-06 10:01:48,1419.0344444070988,1402.343903015155,4.358945836458223,4.071650332164088,10.264533030896022,9.588003818536919,1406.2363421409868,1585.980100670264,29088.549648577362,38784.304847152824,True,1,1
1068,overnight1068 25-11-06 10-02-48.fits,2025-11-06 10:02:48,1387.5794729393494,1432.2076297302776,4.589342669537535,4.0838141689812275,10.807076111742836,9.616647465298403,1156.2788993075794,1202.296349456392,29118.502510324226,38825.18779598089,True,2,1
1069,overnight1069 25-11-06 10-03-47.fits,2025-11-06 10:03:47,1427.8873760091897,1425.279290683803,3.8862536771838365,3.9006190202818702,9.151428059107735,9.18525585698873,1301.9914596965714,1192.2109176777733,29122.024526934096,38829.90066389142,True,1,2
1070,overnight1070 25-11-06 10-04-48.fits,2025-11-06 10:04:48,1408.7441437559844,1398.478383122701,3.9721855279801996,3.80689462228743,9.35378210386962,8.964551765882964,1370.2375013231137,1441.7918361590484,29089.850324002287,38786.40715887064,True,1,1
1071,overnight1071 25-11-06 10-05-48.fits,2025-11-06 10:05:48,1411.885285698073,1399.8873960880605,4.089742234508948,4.035453300465759,9.630606992831336,9.502766322723073,1346.452664509873,1357.8978074599586,29094.065581877487,38792.12257594321,True,1,1
1072,overnight1072 25-11-06 10-06-48.fits,2025-11-06 10:06:48,1413.4026581606154,1400.33085619432,3.8138030297416967,4.077838790120243,8.980819822235514,9.602576523379902,1421.9354983668218,1329.0078920952824,29097.24906257991,38796.33665532967,True,2,1
1073,overnight1073 25-11-06 10-07-47.fits,2025-11-06 10:07:47,1414.85408716066,1400.5686532648951,4.167729482407349,4.424165977769607,9.81425292743929,10.41811472699582,1316.7951464231392,1358.740939305304,29091.963089372493,38788.60099837538,True,1,1
1074,overnight1074 25-11-06 10-08-47.fits,2025-11-06 10:08:47,1416.8273865194046,1401.0772485700893,3.711106162702971,3.8403294841801765,8.738987181170843,9.043284848870845,1395.2768577385123,1398.6232695996057,29088.615088736933,38784.56794943597,True,1,1
1075,overnight1075 25-11-06 10-09-47.fits,2025-11-06 10:09:47,1416.0476870925522,1407.3515611940286,3.919616241164107,3.477002442491985,9.229990893522103,8.187715048201698,1377.159508602747,1508.9017632978498,29086.91499181401,38782.751087112214,True,1,1
1076,overnight1076 25-11-06 10-10-48.fits,2025-11-06 10:10:48,1414.9741763136292,1404.4720327354307,3.856716925240018,3.0492681382521076,9.081874323565323,7.1804777346302675,1261.4727120120826,1438.1820855866574,29116.69839631484,38822.89084641756,True,1,2
1077,overnight1077 25-11-06 10-11-48.fits,2025-11-06 10:11:48,1413.1274054076523,1394.9948487589354,4.649584033533931,3.5152436537189797,10.948933683221554,8.277766218945287,1244.9821679836616,1475.7332766534237,29099.412893823468,38800.00193244489,True,1,1
1078,overnight1078 25-11-06 10-12-48.fits,2025-11-06 10:12:48,1415.7432916159012,1396.2464738840295,3.7424030978067475,3.3742892974578784,8.81268583130125,7.945844075387211,1463.0667788128405,1528.3674951598418,29095.239938863837,38794.06871445554,True,1,1
1079,overnight1079 25-11-06 10-13-47.fits,2025-11-06 10:13:47,1416.563794292404,1397.1699876350385,4.344606243830233,3.7465578663736854,10.230765870738052,8.82246956360514,1304.5206016864126,1502.1773366314867,29093.93373534884,38791.963390756275,True,1,1
1080,overnight1080 25-11-06 10-14-47.fits,2025-11-06 10:14:47,1417.014616205057,1395.7514823553056,3.9349479609993696,3.8758527668380123,9.266094334714978,9.126935786938818,1407.1203136466588,1416.088960557015,29090.747631475864,38787.726687174814,True,1,1
1081,overnight1081 25-11-06 10-15-48.fits,2025-11-06 10:15:48,1418.9732616573108,1396.6323384794148,4.332312221484776,4.398042846714534,10.201815660484913,10.356599454348364,1330.5458964279514,1371.5396488536583,29094.232789740367,38791.9608292138,True,1,1
1082,overnight1082 25-11-06 10-16-48.fits,2025-11-06 10:16:48,1420.3523526834501,1398.303452291041,4.302470519161515,3.953640824409756,10.131543821676251,9.310112664172781,1321.8747466736727,1464.2379502301426,29092.58163475465,38789.97601608802,True,1,1
1083,overnight1083 25-11-06 10-17-48.fits,2025-11-06 10:17:48,1420.4655168733455,1399.092643433235,3.7456544689198035,4.160802082765816,8.820342225172109,9.797940147903466,1546.5616743426967,1387.713702057612,29095.661089450532,38794.23943912752,True,1,1
1084,overnight1084 25-11-06 10-18-48.fits,2025-11-06 10:18:48,1421.3562724339808,1399.5350446027608,4.086475104049886,5.223710847758501,9.622913488536605,12.300899013747332,1365.8288523423485,1180.6051740341966,29095.50798466005,38793.24597516977,True,1,1
1085,overnight1085 25-11-06 10-19-47.fits,2025-11-06 10:19:47,1419.7964764176565,1399.393368074508,3.8666676420160746,4.092685367817508,9.105306470892007,9.637537542141532,1460.9044741239834,1341.6311232260218,29094.99081164305,38793.52730191887,True,1,1
1086,overnight1086 25-11-06 10-20-47.fits,2025-11-06 10:20:47,1420.238265258645,1399.8750131100132,3.773791988380302,3.7262124656134574,8.886601020015139,8.774559806070766,1471.418913356619,1444.072090853744,29094.905516424158,38793.43178917586,True,1,1
1087,overnight1087 25-11-06 10-21-47.fits,2025-11-06 10:21:47,1421.3995131703707,1400.0377492702626,4.067848439690758,3.643846742839936,9.579051045931669,8.580603351060217,1438.6086585852618,1540.617566526849,29090.76840074351,38788.00226792192,True,1,1
1088,overnight1088 25-11-06 10-22-48.fits,2025-11-06 10:22:48,1423.0579185868498,1398.6734968665012,4.046117602057019,4.236586966556268,9.527878833876427,9.976399911363563,1435.8740275558446,1342.6392301871565,29092.946173279997,38790.753529814894,True,1,1
1089,overnight1089 25-11-06 10-23-48.fits,2025-11-06 10:23:48,1423.4448976647275,1389.8032036194338,4.570543343688624,4.048173269628503,10.762807082400752,9.532719561079677,1283.0992153030452,1624.7177055617053,29095.366397365466,38792.89143641355,True,1,1
1090,overnight1090 25-11-06 10-24-48.fits,2025-11-06 10:24:48,1422.3598024760145,1390.2351305072968,4.176585465896944,4.300386725284376,9.83510717487905,10.126636862084652,1369.135131229931,1344.9289581849077,29093.72434477168,38791.547071537316,True,1,1
